# GF5 hand-only SMPL-X avatar mesh subset
v -0.887430 0.016859 -0.147490 0.65490196 0.50196078 0.48627451
v 0.881013 0.013200 -0.147490 0.64313725 0.44705882 0.40784314
v 0.877333 0.012652 -0.147490 0.63921569 0.45098039 0.40392157
v -0.888083 0.019117 -0.147490 0.78431373 0.56078431 0.52156863
v 0.884475 0.015768 -0.147490 0.73725490 0.50980392 0.47450980
v -0.885592 0.022580 -0.147490 0.75686275 0.53725490 0.50196078
v -0.881478 0.022627 -0.147490 0.83137255 0.58039216 0.53725490
v 0.885097 0.020421 -0.147490 0.83529412 0.62352941 0.58431373
v -0.884186 0.014078 -0.147490 0.61568627 0.49019608 0.47843137
v 0.874855 0.013313 -0.147490 0.66274510 0.45882353 0.40392157
v -0.882215 0.013260 -0.147490 0.62352941 0.48627451 0.47843137
v 0.873028 0.014329 -0.147490 0.70196078 0.48235294 0.42352941
v -0.879341 0.012851 -0.147490 0.63529412 0.49019608 0.47843137
v 0.871878 0.016247 -0.147490 0.78431373 0.56078431 0.50980392
v -0.876427 0.013218 -0.147490 0.68235294 0.50980392 0.48627451
v -0.877780 0.020086 -0.147490 0.81176471 0.54901961 0.51764706
v 0.874817 0.019368 -0.147490 0.85490196 0.61960784 0.60000000
v 0.878573 0.021669 -0.147490 0.87058824 0.64313725 0.61960784
v -0.877742 0.020079 -0.147490 0.81176471 0.54901961 0.51764706
v 0.880765 0.022118 -0.147490 0.85490196 0.63921569 0.61176471
v -0.873958 0.017837 -0.147490 0.74117647 0.48627451 0.45490196
v -0.873403 0.015769 -0.147490 0.70588235 0.47058824 0.43921569
v -0.886627 0.017659 -0.148730 0.70588235 0.52549020 0.49803922
v -0.883649 0.020558 -0.149249 0.81568627 0.55686275 0.52549020
v -0.883617 0.014631 -0.148518 0.57647059 0.48235294 0.47843137
v -0.880664 0.017448 -0.149625 0.72549020 0.51372549 0.49803922
v -0.877663 0.014386 -0.148651 0.60000000 0.49411765 0.46274510
v -0.874752 0.017070 -0.148013 0.71372549 0.47843137 0.44705882
v 0.879445 0.014769 -0.149094 0.70588235 0.49019608 0.44313725
v 0.882459 0.017783 -0.149358 0.79607843 0.56470588 0.52156863
v 0.873427 0.014731 -0.147806 0.73333333 0.51372549 0.46666667
v 0.876437 0.017762 -0.148790 0.81960784 0.58039216 0.54509804
v 0.879445 0.020798 -0.148404 0.85490196 0.63137255 0.60000000
v -0.887953 0.016341 -0.143227 0.62352941 0.48235294 0.47058824
v -0.888607 0.019654 -0.143227 0.65490196 0.49019608 0.47058824
v -0.886001 0.023050 -0.143227 0.68235294 0.49019608 0.46274510
v -0.881071 0.023787 -0.143227 0.70980392 0.50196078 0.47058824
v -0.880348 0.023719 -0.143227 0.73333333 0.52156863 0.48627451
v -0.884725 0.013540 -0.143227 0.61568627 0.48235294 0.47450980
v -0.880690 0.011736 -0.143227 0.59607843 0.47058824 0.46274510
v -0.880535 0.011701 -0.143227 0.59215686 0.46666667 0.46666667
v -0.874892 0.011255 -0.143227 0.53333333 0.43529412 0.45098039
v -0.874337 0.011312 -0.143227 0.60392157 0.45882353 0.45098039
v -0.874929 0.022864 -0.143227 0.84313725 0.59607843 0.56078431
v -0.874595 0.022763 -0.143227 0.84313725 0.59607843 0.56078431
v -0.869625 0.012290 -0.143227 0.66666667 0.47450980 0.46666667
v -0.866018 0.013878 -0.143227 0.62745098 0.40000000 0.35686275
v -0.869606 0.022116 -0.143227 0.81960784 0.59215686 0.54901961
v -0.865823 0.019904 -0.143227 0.77254902 0.53333333 0.49019608
v -0.863714 0.016102 -0.143227 0.69411765 0.43921569 0.37647059
v -0.865576 0.014158 -0.143227 0.63529412 0.40000000 0.34901961
v 0.877181 0.011004 -0.143227 0.60000000 0.42352941 0.37254902
v 0.875429 0.010746 -0.143227 0.54117647 0.38039216 0.32941176
v 0.881831 0.012383 -0.143227 0.63137255 0.44313725 0.40000000
v 0.885093 0.015150 -0.143227 0.69803922 0.49019608 0.44705882
v 0.885509 0.020762 -0.143227 0.75294118 0.54509804 0.50588235
v 0.885486 0.020810 -0.143227 0.78039216 0.58039216 0.54509804
v 0.871186 0.010946 -0.143227 0.59215686 0.41568627 0.36470588
v 0.869898 0.011193 -0.143227 0.58431373 0.40392157 0.35294118
v 0.865598 0.012821 -0.143227 0.68627451 0.46274510 0.40784314
v 0.877142 0.023094 -0.143227 0.87058824 0.64705882 0.61960784
v 0.875362 0.022703 -0.143227 0.87450980 0.65098039 0.62745098
v 0.862629 0.015860 -0.143227 0.78823529 0.56078431 0.52156863
v 0.863510 0.018526 -0.143227 0.83921569 0.62352941 0.58431373
v 0.867182 0.020894 -0.143227 0.84705882 0.64705882 0.60784314
v 0.871986 0.022164 -0.143227 0.88235294 0.67058824 0.64313725
v 0.867847 0.021059 -0.143227 0.85098039 0.64705882 0.60392157
v 0.883329 0.022942 -0.143227 0.80392157 0.59607843 0.56078431
v 0.881774 0.023127 -0.143227 0.85490196 0.63921569 0.60784314
v -0.880706 0.023352 -0.145488 0.76470588 0.54117647 0.50588235
v -0.874602 0.011522 -0.144159 0.59215686 0.47058824 0.47843137
v -0.877765 0.020100 -0.147468 0.81176471 0.54901961 0.51764706
v -0.871811 0.019859 -0.145548 0.79215686 0.54509804 0.50588235
v -0.871689 0.014204 -0.146197 0.70588235 0.48235294 0.45882353
v -0.868729 0.017047 -0.145599 0.72156863 0.46666667 0.42745098
v -0.865652 0.014229 -0.143315 0.63921569 0.40000000 0.34901961
v 0.876432 0.011748 -0.146121 0.59607843 0.41568627 0.35294118
v 0.885474 0.020798 -0.146631 0.78039216 0.56862745 0.53333333
v 0.870413 0.011714 -0.144330 0.63137255 0.45098039 0.40784314
v 0.867425 0.014641 -0.145201 0.75686275 0.51764706 0.46274510
v 0.870434 0.017677 -0.146545 0.82745098 0.60392157 0.55294118
v 0.873440 0.020721 -0.145676 0.87843137 0.65098039 0.63137255
v 0.864423 0.017618 -0.143976 0.81960784 0.60000000 0.55686275
v 0.867435 0.020643 -0.143510 0.84705882 0.64313725 0.60392157
v -0.885829 0.018465 -0.138964 0.55294118 0.45490196 0.46274510
v -0.884315 0.021390 -0.138964 0.57254902 0.41176471 0.39607843
v -0.881324 0.022937 -0.138964 0.57647059 0.39215686 0.34901961
v -0.883421 0.014843 -0.138964 0.56862745 0.45882353 0.44705882
v -0.879453 0.012782 -0.138964 0.56470588 0.45098039 0.44313725
v -0.874739 0.011803 -0.138964 0.55294118 0.44313725 0.42745098
v -0.880201 0.023132 -0.138964 0.60392157 0.44705882 0.40784314
v -0.875540 0.024123 -0.138964 0.66274510 0.47843137 0.43529412
v -0.874440 0.011760 -0.138964 0.54509804 0.44705882 0.43137255
v -0.868563 0.011558 -0.138964 0.54509804 0.41176471 0.38823529
v -0.873480 0.024450 -0.138964 0.73725490 0.53333333 0.49019608
v -0.870186 0.024683 -0.138964 0.76862745 0.55686275 0.51764706
v -0.867101 0.024805 -0.138964 0.79607843 0.57254902 0.53725490
v -0.863783 0.024270 -0.138964 0.83921569 0.59607843 0.56470588
v -0.862038 0.023793 -0.138964 0.83921569 0.59215686 0.56470588
v -0.858172 0.021641 -0.138964 0.80784314 0.58431373 0.54901961
v -0.868559 0.011558 -0.138964 0.56078431 0.40392157 0.38039216
v -0.863376 0.012298 -0.138964 0.62745098 0.41960784 0.38431373
v -0.860793 0.013195 -0.138964 0.69803922 0.44313725 0.40000000
v 0.880473 0.013741 -0.138964 0.60000000 0.42745098 0.38431373
v -0.859180 0.013973 -0.138964 0.70196078 0.47843137 0.42745098
v -0.856610 0.017308 -0.138964 0.69411765 0.47450980 0.41960784
v -0.856629 0.017383 -0.138964 0.70196078 0.49411765 0.44313725
v 0.876437 0.011761 -0.138964 0.58431373 0.41960784 0.38039216
v 0.883283 0.016960 -0.138964 0.61960784 0.43529412 0.38823529
v 0.883297 0.018620 -0.138964 0.71372549 0.47058824 0.42352941
v 0.871318 0.010828 -0.138964 0.58823529 0.41176471 0.36078431
v 0.869431 0.010760 -0.138964 0.62352941 0.42745098 0.37254902
v 0.876426 0.011758 -0.138964 0.57647059 0.41176471 0.36470588
v 0.865146 0.010945 -0.138964 0.64313725 0.43529412 0.37647059
v 0.877605 0.022636 -0.138964 0.87450980 0.64705882 0.61960784
v 0.875648 0.023018 -0.138964 0.87843137 0.65490196 0.62745098
v 0.870437 0.023742 -0.138964 0.87450980 0.65490196 0.61960784
v 0.870413 0.023745 -0.138964 0.86666667 0.65490196 0.61960784
v 0.864419 0.023730 -0.138964 0.86666667 0.65490196 0.61960784
v 0.880338 0.021691 -0.138964 0.86274510 0.65490196 0.62352941
v 0.863820 0.011132 -0.138964 0.64705882 0.43137255 0.37254902
v 0.855649 0.015043 -0.138964 0.76470588 0.54901961 0.50196078
v 0.856204 0.019867 -0.138964 0.86274510 0.65490196 0.62352941
v 0.858959 0.012312 -0.138964 0.66274510 0.43921569 0.38431373
v 0.859619 0.022468 -0.138964 0.88627451 0.66666667 0.64313725
v 0.864388 0.023728 -0.138964 0.86666667 0.65098039 0.61176471
v -0.886624 0.017670 -0.139729 0.60392157 0.47450980 0.46666667
v -0.880641 0.023554 -0.140401 0.64705882 0.46274510 0.43137255
v -0.883609 0.014656 -0.139276 0.58823529 0.46666667 0.46274510
v -0.874569 0.011631 -0.139236 0.52156863 0.42745098 0.41176471
v -0.874785 0.023012 -0.142925 0.76470588 0.54509804 0.50588235
v -0.868560 0.011561 -0.139139 0.52549020 0.38431373 0.36470588
v -0.868767 0.022975 -0.142024 0.82745098 0.59607843 0.55686275
v -0.865743 0.019981 -0.143138 0.77647059 0.53333333 0.49411765
v -0.862686 0.017093 -0.142726 0.71372549 0.47058824 0.41960784
v -0.862705 0.023079 -0.139845 0.83137255 0.58431373 0.55294118
v -0.859673 0.020109 -0.140357 0.77647059 0.54901961 0.51372549
v -0.859593 0.014327 -0.139604 0.67058824 0.43529412 0.37254902
v 0.876430 0.011754 -0.138971 0.58039216 0.41176471 0.36470588
v 0.885474 0.020798 -0.143182 0.78823529 0.61176471 0.58431373
v 0.864398 0.011666 -0.141004 0.63921569 0.41568627 0.36078431
v 0.861400 0.014627 -0.142360 0.74509804 0.50980392 0.45490196
v 0.858370 0.017696 -0.140917 0.82352941 0.60392157 0.57254902
v 0.861403 0.020652 -0.141120 0.87058824 0.65098039 0.62745098
v 0.864403 0.023713 -0.138990 0.86666667 0.65098039 0.61176471
v 0.870427 0.023731 -0.139008 0.87058824 0.65490196 0.61960784
v -0.877664 0.020572 -0.134700 0.56862745 0.41960784 0.36862745
v -0.877614 0.020663 -0.134700 0.59607843 0.43529412 0.38823529
v -0.876220 0.016015 -0.134700 0.56862745 0.44705882 0.41176471
v -0.874866 0.023264 -0.134700 0.57647059 0.40784314 0.35686275
v -0.874504 0.023373 -0.134700 0.61176471 0.44705882 0.40392157
v -0.872529 0.013678 -0.134700 0.56470588 0.44705882 0.42352941
v -0.869875 0.012976 -0.134700 0.60000000 0.47450980 0.45098039
v -0.867661 0.012514 -0.134700 0.78431373 0.60000000 0.57254902
v -0.870402 0.025333 -0.134700 0.66666667 0.48627451 0.44705882
v -0.865804 0.026231 -0.134700 0.75686275 0.54901961 0.51372549
v -0.865459 0.026250 -0.134700 0.81176471 0.58431373 0.54901961
v -0.859839 0.026486 -0.134700 0.81960784 0.59215686 0.56078431
v -0.859420 0.026489 -0.134700 0.86274510 0.61568627 0.58431373
v -0.854489 0.025458 -0.134700 0.84313725 0.61176471 0.58431373
v -0.862995 0.012065 -0.134700 0.75294118 0.54901961 0.50980392
v -0.862021 0.012093 -0.134700 0.75294118 0.53725490 0.49803922
v -0.857694 0.012726 -0.134700 0.70196078 0.49019608 0.43921569
v -0.853949 0.014099 -0.134700 0.65490196 0.43921569 0.37254902
v -0.853345 0.014470 -0.134700 0.67450980 0.45882353 0.40000000
v -0.853257 0.014827 -0.134700 0.66666667 0.44705882 0.38823529
v -0.850523 0.017599 -0.134700 0.71764706 0.49803922 0.44705882
v -0.850930 0.023046 -0.134700 0.82352941 0.58823529 0.55686275
v 0.873715 0.014469 -0.134700 0.53725490 0.37254902 0.32156863
v 0.872196 0.013549 -0.134700 0.57254902 0.40784314 0.35294118
v 0.864687 0.011439 -0.134700 0.67843137 0.46666667 0.40392157
v 0.869675 0.012480 -0.134700 0.66666667 0.46666667 0.40000000
v 0.876016 0.017368 -0.134700 0.58431373 0.38039216 0.32549020
v 0.876114 0.018100 -0.134700 0.81568627 0.54901961 0.51764706
v 0.874096 0.021478 -0.134700 0.90196078 0.65490196 0.62352941
v 0.870494 0.023707 -0.134700 0.82745098 0.65098039 0.60784314
v 0.870373 0.023758 -0.134700 0.82352941 0.65098039 0.60392157
v 0.865674 0.025069 -0.134700 0.86274510 0.66274510 0.62352941
v 0.864028 0.011388 -0.134700 0.66666667 0.45098039 0.39215686
v 0.858693 0.011398 -0.134700 0.65882353 0.45098039 0.38823529
v 0.853312 0.012728 -0.134700 0.61960784 0.40000000 0.31764706
v 0.858068 0.011461 -0.134700 0.52941176 0.34117647 0.26666667
v 0.849582 0.015051 -0.134700 0.76078431 0.54509804 0.48235294
v 0.848548 0.020046 -0.134700 0.84705882 0.64313725 0.59607843
v 0.848995 0.021096 -0.134700 0.87058824 0.66274510 0.61960784
v 0.852278 0.023835 -0.134700 0.87058824 0.65882353 0.61568627
v 0.862843 0.025303 -0.134700 0.87843137 0.66666667 0.63137255
v 0.859767 0.025147 -0.134700 0.88627451 0.67058824 0.63529412
v 0.856945 0.025181 -0.134700 0.89019608 0.67058824 0.63529412
v 0.852450 0.023922 -0.134700 0.87058824 0.65882353 0.61960784
v -0.883609 0.020685 -0.137940 0.56862745 0.42745098 0.41568627
v -0.880595 0.017670 -0.135884 0.56470588 0.49019608 0.47058824
v -0.877580 0.014656 -0.136155 0.56470588 0.45098039 0.42745098
v -0.874632 0.023491 -0.134955 0.65098039 0.47058824 0.42745098
v -0.868561 0.011560 -0.138766 0.54509804 0.40392157 0.38039216
v -0.859634 0.026276 -0.135075 0.85882353 0.61176471 0.58431373
v -0.856607 0.023294 -0.137395 0.82745098 0.60392157 0.56862745
v -0.856581 0.017339 -0.138926 0.70196078 0.49411765 0.43921569
v -0.853493 0.014560 -0.134986 0.66274510 0.44705882 0.38431373
v -0.853544 0.020428 -0.137060 0.77254902 0.55686275 0.51372549
v 0.879445 0.014769 -0.137272 0.58823529 0.43529412 0.40000000
v 0.882459 0.017783 -0.138084 0.63921569 0.42745098 0.38039216
v 0.870401 0.011754 -0.136198 0.62745098 0.43529412 0.37647059
v 0.876430 0.017783 -0.134838 0.61568627 0.39607843 0.34509804
v 0.879445 0.020798 -0.137322 0.89019608 0.63921569 0.60392157
v 0.870409 0.023789 -0.135132 0.85882353 0.65490196 0.61568627
v 0.855339 0.014733 -0.138617 0.68235294 0.46274510 0.38823529
v 0.852319 0.017768 -0.137288 0.80392157 0.59607843 0.54509804
v 0.855352 0.020722 -0.138100 0.86666667 0.65882353 0.62352941
v 0.849302 0.020788 -0.134977 0.86274510 0.65490196 0.60784314
v 0.852320 0.023793 -0.134755 0.87058824 0.65882353 0.61568627
v 0.858366 0.023740 -0.136925 0.89411765 0.67450980 0.64313725
v 0.858363 0.011715 -0.136837 0.59215686 0.38431373 0.31372549
v -0.869201 0.017006 -0.130437 0.53333333 0.45882353 0.44705882
v -0.870517 0.019641 -0.130437 0.55686275 0.43529412 0.40392157
v -0.865791 0.014386 -0.130437 0.63921569 0.51764706 0.49411765
v -0.870031 0.022190 -0.130437 0.56078431 0.41176471 0.38039216
v -0.868827 0.023883 -0.130437 0.67450980 0.49411765 0.45882353
v -0.866157 0.026008 -0.130437 0.72549020 0.53725490 0.50196078
v -0.865314 0.026386 -0.130437 0.77647059 0.56862745 0.53333333
v -0.860872 0.027780 -0.130437 0.79215686 0.58039216 0.54509804
v -0.857620 0.028276 -0.130437 0.82745098 0.60000000 0.56862745
v -0.855916 0.028312 -0.130437 0.83137255 0.60784314 0.57647059
v -0.864870 0.014004 -0.130437 0.70588235 0.54509804 0.51764706
v -0.861062 0.013087 -0.130437 0.76078431 0.56470588 0.52941176
v -0.857754 0.012886 -0.130437 0.70980392 0.51372549 0.46666667
v -0.855096 0.013020 -0.130437 0.69019608 0.48627451 0.43137255
v -0.852329 0.013461 -0.130437 0.69803922 0.48235294 0.42745098
v -0.848106 0.015040 -0.130437 0.67843137 0.45490196 0.39215686
v -0.844744 0.017659 -0.130437 0.74509804 0.49019608 0.44313725
v -0.851466 0.028499 -0.130437 0.86274510 0.62745098 0.60000000
v -0.848377 0.027098 -0.130437 0.85098039 0.62352941 0.58431373
v -0.847357 0.026462 -0.130437 0.84705882 0.62352941 0.58039216
v -0.843792 0.024125 -0.130437 0.83921569 0.61568627 0.57254902
v -0.842921 0.021802 -0.130437 0.80784314 0.56862745 0.53333333
v 0.862992 0.013134 -0.130437 0.74509804 0.53725490 0.48235294
v 0.851920 0.012148 -0.130437 0.55294118 0.33333333 0.25490196
v 0.858749 0.012055 -0.130437 0.71372549 0.52549020 0.47843137
v 0.858091 0.012006 -0.130437 0.67450980 0.50588235 0.45882353
v 0.847847 0.013316 -0.130437 0.61568627 0.38823529 0.31764706
v 0.852647 0.012070 -0.130437 0.65098039 0.44705882 0.38039216
v 0.844035 0.015534 -0.130437 0.74117647 0.52549020 0.46666667
v 0.866882 0.015274 -0.130437 0.77254902 0.52156863 0.45882353
v 0.868955 0.019230 -0.130437 0.71764706 0.46666667 0.40784314
v 0.868162 0.021573 -0.130437 0.89411765 0.63529412 0.57647059
v 0.841580 0.019108 -0.130437 0.85098039 0.63529412 0.59215686
v 0.864858 0.024284 -0.130437 0.86666667 0.68235294 0.64705882
v 0.841914 0.022155 -0.130437 0.90196078 0.69019608 0.65882353
v 0.845099 0.024998 -0.130437 0.89803922 0.68235294 0.64705882
v 0.849070 0.027056 -0.130437 0.87843137 0.65490196 0.61568627
v 0.863011 0.025168 -0.130437 0.87843137 0.67843137 0.63529412
v 0.860524 0.025969 -0.130437 0.88235294 0.66666667 0.62745098
v 0.855428 0.026917 -0.130437 0.87843137 0.66274510 0.62352941
v 0.855210 0.026941 -0.130437 0.87450980 0.65882353 0.61960784
v 0.849614 0.027142 -0.130437 0.87058824 0.65098039 0.61176471
v -0.877593 0.020642 -0.134681 0.56862745 0.41960784 0.36862745
v -0.874565 0.017670 -0.133190 0.58431373 0.47843137 0.43921569
v -0.871554 0.020676 -0.131094 0.55686275 0.42352941 0.38823529
v -0.871551 0.014656 -0.133406 0.56862745 0.45882353 0.43529412
v -0.853583 0.026343 -0.133556 0.85098039 0.61568627 0.58823529
v -0.850484 0.017558 -0.134657 0.71764706 0.49803922 0.44705882
v -0.850539 0.023416 -0.134328 0.82745098 0.59215686 0.56470588
v -0.847493 0.020499 -0.133306 0.79215686 0.53725490 0.50588235
v -0.847611 0.026165 -0.130764 0.84705882 0.61960784 0.58039216
v -0.844521 0.023381 -0.131132 0.83137255 0.60000000 0.56078431
v 0.864380 0.011746 -0.133761 0.75686275 0.52941176 0.47450980
v 0.858388 0.011709 -0.131418 0.65490196 0.45882353 0.39607843
v 0.873416 0.014769 -0.134351 0.58039216 0.39215686 0.34117647
v 0.867387 0.014769 -0.131096 0.74117647 0.50588235 0.43529412
v 0.870401 0.017783 -0.131500 0.65882353 0.41568627 0.34509804
v 0.873416 0.020798 -0.133845 0.68235294 0.45490196 0.39215686
v 0.849300 0.014769 -0.134305 0.70196078 0.47843137 0.41176471
v 0.846285 0.017783 -0.133337 0.82745098 0.61960784 0.57254902
v 0.843271 0.020798 -0.131502 0.87843137 0.65882353 0.62745098
v 0.846285 0.023812 -0.131824 0.89411765 0.67843137 0.64313725
v 0.849299 0.026827 -0.130806 0.87843137 0.65490196 0.61568627
v 0.855331 0.026819 -0.130831 0.87450980 0.65490196 0.62352941
v -0.862783 0.017395 -0.126174 0.59215686 0.43529412 0.38039216
v -0.864143 0.019306 -0.126174 0.53333333 0.38431373 0.36078431
v -0.864514 0.021686 -0.126174 0.74509804 0.57254902 0.53333333
v -0.863377 0.024514 -0.126174 0.75686275 0.56078431 0.52156863
v -0.860287 0.027397 -0.126174 0.76470588 0.56862745 0.52941176
v -0.856988 0.029124 -0.126174 0.79607843 0.58823529 0.54901961
v -0.856319 0.029375 -0.126174 0.81176471 0.60000000 0.56078431
v -0.860638 0.015801 -0.126174 0.65490196 0.47843137 0.40392157
v -0.859079 0.015070 -0.126174 0.69019608 0.50196078 0.42745098
v -0.854284 0.013813 -0.126174 0.69803922 0.51372549 0.47058824
v -0.852553 0.013691 -0.126174 0.70980392 0.50588235 0.45490196
v -0.848390 0.013646 -0.126174 0.72549020 0.51764706 0.46274510
v -0.846676 0.013787 -0.126174 0.72941176 0.51372549 0.45882353
v -0.842089 0.015108 -0.126174 0.70196078 0.48627451 0.42352941
v -0.851079 0.030138 -0.126174 0.81176471 0.60392157 0.56470588
v -0.849925 0.030134 -0.126174 0.83137255 0.61568627 0.57647059
v -0.844865 0.029178 -0.126174 0.84705882 0.62352941 0.58431373
v -0.843661 0.028762 -0.126174 0.85882353 0.63921569 0.59607843
v -0.838691 0.017681 -0.126174 0.77647059 0.55686275 0.50196078
v -0.836657 0.021675 -0.126174 0.82352941 0.61568627 0.56862745
v -0.840525 0.027463 -0.126174 0.87843137 0.65098039 0.61176471
v -0.837329 0.024565 -0.126174 0.84705882 0.63921569 0.59215686
v 0.851301 0.012767 -0.126174 0.64705882 0.43529412 0.36862745
v 0.847283 0.012752 -0.126174 0.54901961 0.33725490 0.27058824
v 0.845072 0.012967 -0.126174 0.57254902 0.35294118 0.28627451
v 0.856341 0.013757 -0.126174 0.72156863 0.51764706 0.45490196
v 0.842024 0.013523 -0.126174 0.62352941 0.40392157 0.33333333
v 0.853707 0.013135 -0.126174 0.68627451 0.48235294 0.42352941
v 0.860245 0.015882 -0.126174 0.80784314 0.61568627 0.56862745
v 0.838064 0.015591 -0.126174 0.75294118 0.52941176 0.45882353
v 0.862133 0.020022 -0.126174 0.83529412 0.63137255 0.58823529
v 0.861941 0.021381 -0.126174 0.86274510 0.63137255 0.56862745
v 0.835558 0.019114 -0.126174 0.84313725 0.64313725 0.58823529
v 0.847181 0.028945 -0.126174 0.88235294 0.67058824 0.62745098
v 0.845121 0.028677 -0.126174 0.89019608 0.67843137 0.63529412
v 0.835502 0.022537 -0.126174 0.89411765 0.70980392 0.65882353
v 0.838364 0.025704 -0.126174 0.89803922 0.70588235 0.66274510
v 0.842148 0.027949 -0.126174 0.89019608 0.67843137 0.63529412
v 0.859539 0.025000 -0.126174 0.89411765 0.69019608 0.62745098
v 0.855833 0.027331 -0.126174 0.87843137 0.66274510 0.61960784
v 0.854131 0.028025 -0.126174 0.87450980 0.66274510 0.62352941
v 0.851227 0.028754 -0.126174 0.87843137 0.66274510 0.61960784
v -0.868536 0.017670 -0.129633 0.57647059 0.47058824 0.45098039
v -0.865522 0.014656 -0.129985 0.52941176 0.46666667 0.43529412
v -0.868553 0.023646 -0.129992 0.65490196 0.48627451 0.45490196
v -0.865525 0.020676 -0.126842 0.56862745 0.41960784 0.39607843
v -0.859493 0.014656 -0.126995 0.65098039 0.48235294 0.41960784
v -0.847474 0.014525 -0.128905 0.72156863 0.49411765 0.43921569
v -0.844500 0.017411 -0.130137 0.74509804 0.51372549 0.45882353
v -0.850496 0.029584 -0.128150 0.83529412 0.61568627 0.57647059
v -0.841446 0.026589 -0.127443 0.86666667 0.64705882 0.60392157
v -0.841531 0.020283 -0.129358 0.78431373 0.54117647 0.49803922
v -0.838475 0.023434 -0.127180 0.83921569 0.61960784 0.57647059
v 0.843270 0.014769 -0.129025 0.69411765 0.47450980 0.41568627
v 0.840256 0.017783 -0.129159 0.81176471 0.59607843 0.53725490
v 0.837241 0.020798 -0.127515 0.86274510 0.67058824 0.61568627
v 0.840256 0.023812 -0.128578 0.90980392 0.71372549 0.67450980
v 0.843270 0.026827 -0.128133 0.89803922 0.68627451 0.64313725
v 0.864375 0.023802 -0.129400 0.89411765 0.69411765 0.65098039
v 0.861374 0.014752 -0.127675 0.76862745 0.56862745 0.51764706
v 0.864378 0.017778 -0.127779 0.80392157 0.59607843 0.55294118
v 0.867387 0.020798 -0.129600 0.85882353 0.59607843 0.53725490
v -0.858804 0.021374 -0.121911 0.78431373 0.56862745 0.51372549
v -0.858261 0.025482 -0.121911 0.72549020 0.56470588 0.52549020
v -0.855345 0.028595 -0.121911 0.78039216 0.58823529 0.54509804
v -0.856438 0.017710 -0.121911 0.82745098 0.60000000 0.54117647
v -0.852624 0.015492 -0.121911 0.77254902 0.57254902 0.52156863
v -0.848003 0.014059 -0.121911 0.74901961 0.54509804 0.49411765
v -0.846719 0.013876 -0.121911 0.74509804 0.53725490 0.48627451
v -0.841930 0.014052 -0.121911 0.75686275 0.55294118 0.49803922
v -0.841072 0.014160 -0.121911 0.74901961 0.53725490 0.48235294
v -0.851062 0.030248 -0.121911 0.79607843 0.60000000 0.55686275
v -0.849718 0.030412 -0.121911 0.81568627 0.61176471 0.56862745
v -0.844761 0.029983 -0.121911 0.83921569 0.62745098 0.58823529
v -0.838054 0.029988 -0.121911 0.84313725 0.62745098 0.58823529
v -0.833772 0.028209 -0.121911 0.85490196 0.64313725 0.59607843
v -0.830250 0.025599 -0.121911 0.85490196 0.64705882 0.59607843
v -0.836233 0.015318 -0.121911 0.72549020 0.50588235 0.45098039
v -0.833822 0.016070 -0.121911 0.75686275 0.53725490 0.48235294
v -0.832041 0.017122 -0.121911 0.78823529 0.57254902 0.52156863
v -0.829538 0.020430 -0.121911 0.85098039 0.63137255 0.58823529
v -0.829528 0.020740 -0.121911 0.85490196 0.63529412 0.59215686
v 0.838812 0.013198 -0.121911 0.75686275 0.54117647 0.48235294
v 0.836287 0.013814 -0.121911 0.82745098 0.61568627 0.56470588
v 0.831819 0.015330 -0.121911 0.87058824 0.67058824 0.62352941
v 0.849767 0.014302 -0.121911 0.70588235 0.48627451 0.41960784
v 0.848297 0.013767 -0.121911 0.67450980 0.45882353 0.39607843
v 0.845174 0.012865 -0.121911 0.65882353 0.43921569 0.37647059
v 0.841215 0.012713 -0.121911 0.69019608 0.47450980 0.41176471
v 0.853848 0.016250 -0.121911 0.77254902 0.56470588 0.50588235
v 0.856517 0.019609 -0.121911 0.83921569 0.63921569 0.58431373
v 0.846621 0.029505 -0.121911 0.88235294 0.67843137 0.62745098
v 0.845973 0.029529 -0.121911 0.88627451 0.67843137 0.63137255
v 0.828787 0.018336 -0.121911 0.88235294 0.66666667 0.62352941
v 0.828651 0.023331 -0.121911 0.90588235 0.69803922 0.65882353
v 0.831411 0.026600 -0.121911 0.91372549 0.70196078 0.66666667
v 0.835787 0.028282 -0.121911 0.89803922 0.69019608 0.64705882
v 0.840688 0.029409 -0.121911 0.89019608 0.68235294 0.63529412
v 0.839681 0.029267 -0.121911 0.89411765 0.68627451 0.64313725
v 0.856800 0.022269 -0.121911 0.82352941 0.55294118 0.51764706
v 0.854584 0.026082 -0.121911 0.89803922 0.67058824 0.63921569
v 0.850964 0.028491 -0.121911 0.87843137 0.66666667 0.62352941
v -0.862507 0.017670 -0.125820 0.60784314 0.43921569 0.38431373
v -0.862510 0.023691 -0.124950 0.72941176 0.54117647 0.49803922
v -0.859493 0.020685 -0.122586 0.75686275 0.54117647 0.47450980
v -0.859520 0.026628 -0.124110 0.76078431 0.56862745 0.52941176
v -0.856478 0.017670 -0.121968 0.80392157 0.57647059 0.51764706
v -0.853467 0.014648 -0.123987 0.72941176 0.52941176 0.47843137
v -0.841458 0.014487 -0.123874 0.74509804 0.53333333 0.47843137
v -0.844450 0.029636 -0.123865 0.85098039 0.63137255 0.59215686
v -0.838457 0.017456 -0.125802 0.76470588 0.54901961 0.49019608
v -0.835441 0.020476 -0.125226 0.81568627 0.60000000 0.54901961
v -0.838429 0.029613 -0.122733 0.87843137 0.65098039 0.61960784
v -0.835438 0.026522 -0.124290 0.85098039 0.63921569 0.59607843
v -0.832425 0.023500 -0.123602 0.84313725 0.63921569 0.58823529
v -0.832409 0.017516 -0.122387 0.79215686 0.57647059 0.52549020
v 0.855329 0.014769 -0.124394 0.76078431 0.54901961 0.48235294
v 0.858343 0.017783 -0.123932 0.83921569 0.64705882 0.60000000
v 0.861358 0.020798 -0.125601 0.80392157 0.58039216 0.51764706
v 0.837241 0.014769 -0.124358 0.84705882 0.63137255 0.58039216
v 0.834227 0.017783 -0.124730 0.82745098 0.61568627 0.55686275
v 0.831226 0.020754 -0.123735 0.88627451 0.68235294 0.63921569
v 0.834227 0.023812 -0.124994 0.91372549 0.71764706 0.67450980
v 0.837242 0.026827 -0.124632 0.89803922 0.69803922 0.65490196
v 0.858343 0.023812 -0.123835 0.88235294 0.62745098 0.57254902
v 0.855329 0.026827 -0.123809 0.87058824 0.66666667 0.63921569
v -0.852974 0.021175 -0.117648 0.78039216 0.58039216 0.52549020
v -0.852760 0.026010 -0.117648 0.78039216 0.58431373 0.52156863
v -0.850410 0.017710 -0.117648 0.77647059 0.57254902 0.51372549
v -0.926111 0.026416 -0.117648 0.83921569 0.58039216 0.56470588
v -0.846483 0.015607 -0.117648 0.77254902 0.57254902 0.52156863
v -0.926679 0.027581 -0.117648 0.81568627 0.54901961 0.53333333
v -0.841656 0.014367 -0.117648 0.76470588 0.55686275 0.50196078
v -0.923315 0.024216 -0.117648 0.87843137 0.61960784 0.60784314
v -0.841108 0.014283 -0.117648 0.76078431 0.54901961 0.49411765
v -0.849745 0.029024 -0.117648 0.72549020 0.57254902 0.51764706
v -0.845363 0.030671 -0.117648 0.80392157 0.60784314 0.56470588
v -0.923714 0.030644 -0.117648 0.80392157 0.52156863 0.50196078
v -0.922041 0.030485 -0.117648 0.81568627 0.52549020 0.51372549
v -0.836368 0.031718 -0.117648 0.82745098 0.61960784 0.57647059
v -0.922451 0.024046 -0.117648 0.87450980 0.61960784 0.60000000
v -0.834274 0.031585 -0.117648 0.85882353 0.64313725 0.60000000
v -0.917069 0.024000 -0.117648 0.86666667 0.60000000 0.59607843
v -0.836227 0.013780 -0.117648 0.75686275 0.54509804 0.49019608
v -0.917349 0.029149 -0.117648 0.85098039 0.56862745 0.56862745
v -0.834588 0.013825 -0.117648 0.75686275 0.54117647 0.48627451
v -0.829591 0.014829 -0.117648 0.74901961 0.53725490 0.48235294
v -0.828845 0.015125 -0.117648 0.76862745 0.55294118 0.50196078
v -0.825405 0.016720 -0.117648 0.80784314 0.58823529 0.54117647
v -0.821702 0.019068 -0.117648 0.83137255 0.62745098 0.58039216
v -0.820663 0.023319 -0.117648 0.87843137 0.67058824 0.63137255
v -0.821027 0.024383 -0.117648 0.88627451 0.67450980 0.63921569
v -0.826204 0.029809 -0.117648 0.88627451 0.67058824 0.63137255
v -0.822889 0.027111 -0.117648 0.89803922 0.68627451 0.65098039
v 0.919401 0.030570 -0.117648 0.82745098 0.58823529 0.55294118
v 0.918208 0.030242 -0.117648 0.81960784 0.58431373 0.54509804
v 0.838992 0.013018 -0.117648 0.75686275 0.53725490 0.48235294
v 0.835069 0.012597 -0.117648 0.79607843 0.58039216 0.52549020
v 0.833450 0.012531 -0.117648 0.82352941 0.61568627 0.56470588
v 0.829471 0.012980 -0.117648 0.83137255 0.62352941 0.57254902
v 0.843950 0.014089 -0.117648 0.72941176 0.50980392 0.45098039
v 0.842018 0.013517 -0.117648 0.74901961 0.52941176 0.47058824
v 0.847935 0.016134 -0.117648 0.72549020 0.50980392 0.45098039
v 0.913238 0.023087 -0.117648 0.52549020 0.25882353 0.23921569
v 0.912432 0.023390 -0.117648 0.53333333 0.26666667 0.25098039
v 0.850668 0.019429 -0.117648 0.78823529 0.57254902 0.51372549
v 0.919455 0.022991 -0.117648 0.58823529 0.35686275 0.32549020
v 0.851351 0.022850 -0.117648 0.84313725 0.62745098 0.56862745
v 0.917287 0.022442 -0.117648 0.56470588 0.32156863 0.29411765
v 0.849168 0.026695 -0.117648 0.89019608 0.69411765 0.61960784
v 0.845301 0.028857 -0.117648 0.86666667 0.68627451 0.62745098
v 0.923376 0.025099 -0.117648 0.66274510 0.42352941 0.40784314
v 0.924623 0.029802 -0.117648 0.81176471 0.56862745 0.54117647
v 0.909908 0.026282 -0.117648 0.64705882 0.38823529 0.36470588
v 0.913614 0.028698 -0.117648 0.71372549 0.45882353 0.42745098
v 0.825689 0.014222 -0.117648 0.87058824 0.65882353 0.61568627
v 0.825004 0.014511 -0.117648 0.87843137 0.66274510 0.62352941
v 0.821252 0.016738 -0.117648 0.89803922 0.69019608 0.65098039
v 0.819091 0.020644 -0.117648 0.91372549 0.72156863 0.67058824
v 0.819065 0.020841 -0.117648 0.91372549 0.72156863 0.67058824
v 0.820800 0.025141 -0.117648 0.92156863 0.72941176 0.67843137
v 0.824057 0.027916 -0.117648 0.92941176 0.72549020 0.67843137
v 0.840334 0.029764 -0.117648 0.88627451 0.67843137 0.62745098
v 0.840193 0.029778 -0.117648 0.89411765 0.68235294 0.63921569
v 0.834702 0.030317 -0.117648 0.89803922 0.68235294 0.64313725
v 0.828596 0.029417 -0.117648 0.89411765 0.68235294 0.63921569
v 0.827603 0.029192 -0.117648 0.90196078 0.68627451 0.64705882
v 0.833755 0.030313 -0.117648 0.89803922 0.68627451 0.64705882
v -0.856478 0.023699 -0.119884 0.77647059 0.57254902 0.52549020
v -0.853464 0.026714 -0.118495 0.76470588 0.58823529 0.54509804
v -0.853464 0.020685 -0.118120 0.79607843 0.60000000 0.54509804
v -0.850451 0.017669 -0.117707 0.80784314 0.64313725 0.59607843
v -0.847447 0.014633 -0.119900 0.76862745 0.57254902 0.51764706
v -0.850449 0.029728 -0.119341 0.78039216 0.59215686 0.54509804
v -0.832398 0.029618 -0.119930 0.86274510 0.65098039 0.59607843
v -0.925812 0.026714 -0.117907 0.83921569 0.57647059 0.56470588
v -0.922798 0.029728 -0.118045 0.81960784 0.53725490 0.52156863
v -0.919783 0.026714 -0.118580 0.87058824 0.60784314 0.59607843
v -0.829420 0.026488 -0.121175 0.85882353 0.65098039 0.60000000
v -0.835403 0.014567 -0.120143 0.74901961 0.53333333 0.47843137
v -0.829377 0.020590 -0.121798 0.85490196 0.63529412 0.59215686
v -0.826341 0.017643 -0.118727 0.82352941 0.60392157 0.55686275
v -0.826365 0.023599 -0.120441 0.88627451 0.67058824 0.63529412
v -0.823336 0.020627 -0.118699 0.85882353 0.65098039 0.60784314
v -0.826357 0.029654 -0.117855 0.88627451 0.66666667 0.62745098
v -0.823334 0.026665 -0.118093 0.89411765 0.68235294 0.64705882
v 0.918641 0.029818 -0.118002 0.80392157 0.56470588 0.52549020
v 0.831221 0.014740 -0.121095 0.85882353 0.65490196 0.60784314
v 0.849300 0.014769 -0.120703 0.73725490 0.52549020 0.46274510
v 0.852314 0.017783 -0.119657 0.79215686 0.59607843 0.53725490
v 0.855329 0.020798 -0.120691 0.82352941 0.60000000 0.54901961
v 0.852314 0.023812 -0.118494 0.84313725 0.61568627 0.58431373
v 0.849299 0.026827 -0.117855 0.89411765 0.69803922 0.62352941
v 0.825202 0.014704 -0.117921 0.88235294 0.66666667 0.62745098
v 0.822219 0.017614 -0.118343 0.90588235 0.69411765 0.65882353
v 0.828211 0.017740 -0.121386 0.90588235 0.69411765 0.65490196
v 0.825214 0.020697 -0.120556 0.91764706 0.70196078 0.67058824
v 0.828208 0.023779 -0.121543 0.90980392 0.70196078 0.66274510
v 0.819175 0.020729 -0.117674 0.91372549 0.72156863 0.67058824
v 0.912663 0.023630 -0.117803 0.52156863 0.25098039 0.23921569
v 0.918634 0.023812 -0.118372 0.56470588 0.33333333 0.30196078
v 0.822192 0.023736 -0.118819 0.92549020 0.72549020 0.68627451
v 0.921648 0.026827 -0.118830 0.72156863 0.48235294 0.44705882
v 0.825200 0.026772 -0.118999 0.92156863 0.71764706 0.67450980
v 0.915655 0.026717 -0.118887 0.60000000 0.35686275 0.32156863
v 0.831225 0.026786 -0.121673 0.91372549 0.69803922 0.66274510
v 0.834227 0.029841 -0.118751 0.89411765 0.67843137 0.63921569
v -0.927913 0.024613 -0.113384 0.79215686 0.54117647 0.51764706
v -0.847066 0.021053 -0.113384 0.78039216 0.55294118 0.50196078
v -0.924521 0.021976 -0.113384 0.80000000 0.54901961 0.52941176
v -0.920113 0.020355 -0.113384 0.76470588 0.51764706 0.49803922
v -0.847039 0.026318 -0.113384 0.81176471 0.56470588 0.51764706
v -0.844327 0.029635 -0.113384 0.80784314 0.60000000 0.56078431
v -0.844304 0.017786 -0.113384 0.77647059 0.55686275 0.50196078
v -0.919309 0.020210 -0.113384 0.74901961 0.50588235 0.48235294
v -0.840626 0.015435 -0.113384 0.76862745 0.55294118 0.50196078
v -0.836304 0.013709 -0.113384 0.76078431 0.54901961 0.49411765
v -0.930078 0.030980 -0.113384 0.76862745 0.50588235 0.47843137
v -0.834017 0.013252 -0.113384 0.75686275 0.54117647 0.49019608
v -0.927227 0.034158 -0.113384 0.78039216 0.50588235 0.47843137
v -0.923794 0.034762 -0.113384 0.78039216 0.51372549 0.47843137
v -0.830825 0.013156 -0.113384 0.75686275 0.54117647 0.49019608
v -0.921188 0.034148 -0.113384 0.79607843 0.51372549 0.48627451
v -0.827968 0.013276 -0.113384 0.76078431 0.54509804 0.49411765
v -0.930202 0.028353 -0.113384 0.78431373 0.51764706 0.49803922
v -0.824585 0.013388 -0.113384 0.74509804 0.52941176 0.47843137
v -0.918817 0.033692 -0.113384 0.80784314 0.50588235 0.49019608
v -0.822326 0.013662 -0.113384 0.74901961 0.53333333 0.48627451
v -0.817532 0.014414 -0.113384 0.77647059 0.56862745 0.51372549
v -0.823422 0.032615 -0.113384 0.90196078 0.68627451 0.65098039
v -0.823152 0.032528 -0.113384 0.90196078 0.68627451 0.65490196
v -0.914164 0.020275 -0.113384 0.76470588 0.51372549 0.49411765
v -0.913374 0.020304 -0.113384 0.74901961 0.50588235 0.48627451
v -0.907936 0.020896 -0.113384 0.85490196 0.58039216 0.56078431
v -0.914023 0.032894 -0.113384 0.78823529 0.51764706 0.49411765
v -0.913555 0.032876 -0.113384 0.79215686 0.50980392 0.49803922
v -0.908084 0.032791 -0.113384 0.77254902 0.51764706 0.47843137
v -0.907399 0.021011 -0.113384 0.85490196 0.58431373 0.56470588
v -0.903304 0.022293 -0.113384 0.86274510 0.59607843 0.56078431
v -0.898741 0.023759 -0.113384 0.84705882 0.58823529 0.55686275
v -0.907521 0.032809 -0.113384 0.78431373 0.52941176 0.49019608
v -0.902247 0.032162 -0.113384 0.83137255 0.55294118 0.53725490
v -0.900898 0.031887 -0.113384 0.83137255 0.55294118 0.54117647
v -0.897603 0.030807 -0.113384 0.85490196 0.59607843 0.57254902
v -0.895725 0.026771 -0.113384 0.85882353 0.61176471 0.58039216
v 0.924937 0.023538 -0.113384 0.66274510 0.43529412 0.41960784
v 0.922710 0.021860 -0.113384 0.64705882 0.41960784 0.40000000
v 0.916818 0.019597 -0.113384 0.64313725 0.41176471 0.38431373
v 0.914166 0.019307 -0.113384 0.69411765 0.45490196 0.42745098
v 0.910910 0.019416 -0.113384 0.72941176 0.49411765 0.46666667
v 0.908540 0.019492 -0.113384 0.77647059 0.50588235 0.48627451
v 0.904094 0.020109 -0.113384 0.85490196 0.60392157 0.56862745
v 0.903319 0.020245 -0.113384 0.83921569 0.60392157 0.56862745
v 0.921367 0.021079 -0.113384 0.63921569 0.41568627 0.38823529
v 0.926836 0.025986 -0.113384 0.70196078 0.47450980 0.45490196
v 0.927456 0.027048 -0.113384 0.76078431 0.53725490 0.51372549
v 0.898356 0.021428 -0.113384 0.85490196 0.62352941 0.58823529
v 0.896220 0.021980 -0.113384 0.83529412 0.59215686 0.56078431
v 0.893969 0.022934 -0.113384 0.83921569 0.59607843 0.56862745
v 0.926928 0.032106 -0.113384 0.78039216 0.56470588 0.54117647
v 0.891631 0.026460 -0.113384 0.79607843 0.54117647 0.50588235
v 0.922731 0.033939 -0.113384 0.77254902 0.57254902 0.54901961
v 0.894680 0.029406 -0.113384 0.71372549 0.45490196 0.41176471
v 0.910065 0.032158 -0.113384 0.84705882 0.59215686 0.57254902
v 0.909302 0.032072 -0.113384 0.84705882 0.59215686 0.57254902
v 0.843196 0.026752 -0.113384 0.88627451 0.64705882 0.57647059
v 0.915345 0.033049 -0.113384 0.75294118 0.54901961 0.52156863
v 0.904251 0.031865 -0.113384 0.84313725 0.60000000 0.57254902
v 0.902873 0.031579 -0.113384 0.83529412 0.59215686 0.56078431
v 0.899184 0.030897 -0.113384 0.79215686 0.54509804 0.50196078
v 0.839451 0.029036 -0.113384 0.89803922 0.68235294 0.65098039
v 0.920460 0.034036 -0.113384 0.79215686 0.58431373 0.56078431
v 0.916106 0.033197 -0.113384 0.76078431 0.56470588 0.53725490
v 0.834787 0.030402 -0.113384 0.89803922 0.68235294 0.64313725
v 0.828241 0.011711 -0.113384 0.82745098 0.61568627 0.56470588
v 0.828156 0.011713 -0.113384 0.83137255 0.61960784 0.57254902
v 0.833463 0.030605 -0.113384 0.89803922 0.68235294 0.64313725
v 0.829613 0.031257 -0.113384 0.90196078 0.69019608 0.64705882
v 0.838180 0.013830 -0.113384 0.79215686 0.57254902 0.51764706
v 0.835089 0.012616 -0.113384 0.81176471 0.60000000 0.54509804
v 0.833762 0.012219 -0.113384 0.82352941 0.61176471 0.56078431
v 0.841970 0.016070 -0.113384 0.80000000 0.58039216 0.52156863
v 0.826719 0.031293 -0.113384 0.90980392 0.69803922 0.65490196
v 0.844772 0.019296 -0.113384 0.81176471 0.58823529 0.52941176
v 0.845548 0.023075 -0.113384 0.85490196 0.61960784 0.55686275
v 0.823564 0.031187 -0.113384 0.91764706 0.70588235 0.66666667
v 0.822409 0.011947 -0.113384 0.84705882 0.62745098 0.58039216
v 0.821923 0.011973 -0.113384 0.85490196 0.63137255 0.58823529
v 0.816860 0.012431 -0.113384 0.85882353 0.64313725 0.60000000
v 0.814965 0.012929 -0.113384 0.86274510 0.65490196 0.61176471
v -0.922798 0.023699 -0.117384 0.87450980 0.61568627 0.60392157
v -0.919783 0.020685 -0.114421 0.83529412 0.56078431 0.54117647
v -0.928827 0.029728 -0.116225 0.77647059 0.48627451 0.47843137
v -0.925812 0.032743 -0.116453 0.81176471 0.51764706 0.49019608
v -0.919783 0.032743 -0.115309 0.80784314 0.50588235 0.49019608
v -0.916769 0.023699 -0.117466 0.86274510 0.59215686 0.58823529
v -0.916769 0.029728 -0.117132 0.83921569 0.55294118 0.55686275
v -0.913754 0.026714 -0.117529 0.83529412 0.59215686 0.60392157
v -0.913754 0.020685 -0.114072 0.82352941 0.54117647 0.52549020
v -0.910740 0.023699 -0.116297 0.84705882 0.58431373 0.57254902
v -0.841417 0.014622 -0.116536 0.76470588 0.55686275 0.50196078
v -0.913793 0.032630 -0.113732 0.79607843 0.50980392 0.49803922
v -0.910770 0.029637 -0.116357 0.81176471 0.56862745 0.55294118
v -0.907799 0.032523 -0.113687 0.78431373 0.52941176 0.49019608
v -0.907739 0.026673 -0.116269 0.85490196 0.61568627 0.60000000
v -0.904711 0.023699 -0.114724 0.87450980 0.61568627 0.58431373
v -0.904729 0.029673 -0.115067 0.86666667 0.61176471 0.58431373
v -0.850449 0.023699 -0.115424 0.74901961 0.51764706 0.45098039
v -0.901696 0.026714 -0.114737 0.87450980 0.61568627 0.59215686
v -0.847435 0.026714 -0.113924 0.81176471 0.57647059 0.52549020
v -0.847436 0.020683 -0.113782 0.76862745 0.55294118 0.49411765
v -0.844420 0.029728 -0.113600 0.80000000 0.60000000 0.56078431
v -0.844422 0.017669 -0.113621 0.77254902 0.56078431 0.50588235
v -0.829362 0.014608 -0.117061 0.75686275 0.54509804 0.49019608
v -0.898682 0.029728 -0.113959 0.87058824 0.61568627 0.58823529
v -0.823319 0.014655 -0.114965 0.76862745 0.55686275 0.50588235
v -0.820304 0.017670 -0.116586 0.81568627 0.60784314 0.55686275
v -0.817289 0.014656 -0.113556 0.78431373 0.57647059 0.51764706
v -0.820314 0.023667 -0.117466 0.88235294 0.67058824 0.63529412
v -0.820317 0.029687 -0.114911 0.90588235 0.69019608 0.66274510
v -0.817290 0.026714 -0.115999 0.89803922 0.68627451 0.64705882
v -0.817289 0.020685 -0.116750 0.86666667 0.65490196 0.61176471
v -0.814275 0.017670 -0.114357 0.83137255 0.62352941 0.56470588
v -0.814275 0.023699 -0.115517 0.89803922 0.68235294 0.63921569
v -0.811260 0.020685 -0.115090 0.87450980 0.65490196 0.61176471
v 0.924663 0.023812 -0.114840 0.61960784 0.38431373 0.37647059
v 0.915628 0.020769 -0.116203 0.65098039 0.38823529 0.36078431
v 0.909654 0.020596 -0.115153 0.72941176 0.45882353 0.44313725
v 0.924663 0.029841 -0.117623 0.81568627 0.57254902 0.54117647
v 0.903638 0.020552 -0.113790 0.85882353 0.61568627 0.58039216
v 0.900590 0.023676 -0.114806 0.84313725 0.62352941 0.58039216
v 0.894600 0.023553 -0.113773 0.82352941 0.57254902 0.54901961
v 0.921648 0.032856 -0.116164 0.84313725 0.62352941 0.61568627
v 0.843270 0.026827 -0.113515 0.89411765 0.65490196 0.58431373
v 0.897650 0.026461 -0.114835 0.72549020 0.46666667 0.42745098
v 0.828210 0.029804 -0.116891 0.90196078 0.68627451 0.64705882
v 0.822185 0.029791 -0.114962 0.92549020 0.72156863 0.67450980
v 0.906690 0.023454 -0.116362 0.79607843 0.55294118 0.52941176
v 0.909702 0.026482 -0.117568 0.65490196 0.39607843 0.37254902
v 0.903706 0.026380 -0.116079 0.72941176 0.49019608 0.45882353
v 0.906740 0.029343 -0.115807 0.78039216 0.52549020 0.50196078
v 0.912702 0.029547 -0.116659 0.76078431 0.50196078 0.47450980
v 0.915660 0.032734 -0.114131 0.83529412 0.61960784 0.58823529
v 0.900702 0.029369 -0.114430 0.74509804 0.49411765 0.45490196
v 0.828198 0.011754 -0.113555 0.80784314 0.60000000 0.54901961
v 0.843271 0.014769 -0.116033 0.77647059 0.55686275 0.49803922
v 0.846285 0.017783 -0.115149 0.77647059 0.55686275 0.49803922
v 0.849300 0.020798 -0.116249 0.82352941 0.59607843 0.53725490
v 0.846285 0.023812 -0.114034 0.85490196 0.61568627 0.55294118
v 0.819168 0.014722 -0.115985 0.87843137 0.66666667 0.62745098
v 0.813135 0.014736 -0.114400 0.89019608 0.68627451 0.63921569
v 0.816154 0.017734 -0.116686 0.90588235 0.70980392 0.65882353
v 0.810111 0.017783 -0.114963 0.91764706 0.70980392 0.66274510
v 0.813138 0.020756 -0.115813 0.91372549 0.72549020 0.66666667
v 0.816155 0.023764 -0.116737 0.90980392 0.72941176 0.66274510
v 0.819173 0.026768 -0.116033 0.91764706 0.72941176 0.66666667
v -0.927470 0.025056 -0.109121 0.72549020 0.49411765 0.45882353
v -0.924080 0.022417 -0.109121 0.72549020 0.49411765 0.46666667
v -0.919965 0.020503 -0.109121 0.72941176 0.49803922 0.47058824
v -0.844071 0.024049 -0.109121 0.80392157 0.56470588 0.51764706
v -0.919471 0.020372 -0.109121 0.70980392 0.48235294 0.45882353
v -0.929536 0.030437 -0.109121 0.75686275 0.50588235 0.47058824
v -0.926688 0.033619 -0.109121 0.76078431 0.50588235 0.47058824
v -0.842999 0.028307 -0.109121 0.80000000 0.54901961 0.49803922
v -0.842222 0.019869 -0.109121 0.78039216 0.56078431 0.50588235
v -0.924319 0.034236 -0.109121 0.76470588 0.51372549 0.47058824
v -0.843697 0.022976 -0.109121 0.79215686 0.56470588 0.51372549
v -0.929599 0.028956 -0.109121 0.76078431 0.50980392 0.48235294
v -0.839681 0.016380 -0.109121 0.77254902 0.55686275 0.50196078
v -0.921336 0.034265 -0.109121 0.77647059 0.52156863 0.47450980
v -0.835974 0.014057 -0.109121 0.76470588 0.54901961 0.49803922
v -0.834144 0.013420 -0.109121 0.76078431 0.54509804 0.49411765
v -0.831349 0.012651 -0.109121 0.75294118 0.53725490 0.48627451
v -0.826412 0.011561 -0.109121 0.74509804 0.52941176 0.47843137
v -0.826243 0.011550 -0.109121 0.73725490 0.52549020 0.47450980
v -0.820521 0.011424 -0.109121 0.72941176 0.51764706 0.46666667
v -0.918121 0.034379 -0.109121 0.78431373 0.52156863 0.48627451
v -0.914702 0.019737 -0.109121 0.66666667 0.45098039 0.42745098
v -0.912666 0.019596 -0.109121 0.62745098 0.42352941 0.39607843
v -0.908807 0.019604 -0.109121 0.64313725 0.43529412 0.40784314
v -0.915509 0.034305 -0.109121 0.78039216 0.52941176 0.49019608
v -0.911717 0.034605 -0.109121 0.77647059 0.53333333 0.49411765
v -0.910187 0.034769 -0.109121 0.77647059 0.53333333 0.49019608
v -0.906807 0.019767 -0.109121 0.74117647 0.50196078 0.47450980
v -0.902167 0.020215 -0.109121 0.72941176 0.49411765 0.46666667
v -0.901272 0.020261 -0.109121 0.73333333 0.49803922 0.46274510
v -0.895751 0.020601 -0.109121 0.74509804 0.50588235 0.47058824
v -0.895593 0.020611 -0.109121 0.76470588 0.52549020 0.49019608
v -0.904802 0.035597 -0.109121 0.79607843 0.52941176 0.50196078
v -0.904694 0.035603 -0.109121 0.79607843 0.52941176 0.50196078
v -0.898698 0.035774 -0.109121 0.79607843 0.53725490 0.50588235
v -0.898665 0.035774 -0.109121 0.78823529 0.52549020 0.49411765
v -0.892865 0.035545 -0.109121 0.76470588 0.47843137 0.46274510
v -0.890488 0.021535 -0.109121 0.78431373 0.54901961 0.50980392
v -0.888455 0.021868 -0.109121 0.85490196 0.60392157 0.55686275
v -0.885375 0.022450 -0.109121 0.85098039 0.59607843 0.54901961
v -0.892449 0.035554 -0.109121 0.76470588 0.47843137 0.45882353
v -0.887520 0.034862 -0.109121 0.78823529 0.51372549 0.49803922
v -0.885159 0.034293 -0.109121 0.80392157 0.53333333 0.51764706
v -0.881040 0.024145 -0.109121 0.84705882 0.60000000 0.56470588
v -0.878255 0.026039 -0.109121 0.86666667 0.62352941 0.58431373
v -0.877566 0.026700 -0.109121 0.86274510 0.61960784 0.58039216
v -0.882524 0.033828 -0.109121 0.82352941 0.54901961 0.53333333
v -0.878121 0.032202 -0.109121 0.85882353 0.60392157 0.56470588
v -0.877315 0.026979 -0.109121 0.87058824 0.63137255 0.58823529
v 0.664576 0.006563 -0.109121 0.76862745 0.74901961 0.77254902
v 0.667482 0.009686 -0.109121 0.80000000 0.78039216 0.79607843
v 0.670323 0.012873 -0.109121 0.81176471 0.80000000 0.80392157
v 0.673373 0.015852 -0.109121 0.80784314 0.79215686 0.81568627
v 0.675206 0.020049 -0.109121 0.87843137 0.86666667 0.88627451
v 0.675002 0.021343 -0.109121 0.89411765 0.89019608 0.90196078
v 0.671472 0.023842 -0.109121 0.92156863 0.91372549 0.93333333
v 0.671385 0.023870 -0.109121 0.91764706 0.90980392 0.93333333
v 0.666587 0.024985 -0.109121 0.90588235 0.89803922 0.92156863
v 0.916673 0.019744 -0.109121 0.69411765 0.48235294 0.45098039
v 0.914054 0.019230 -0.109121 0.71372549 0.50196078 0.47058824
v 0.911396 0.018973 -0.109121 0.71764706 0.51764706 0.48235294
v 0.907744 0.018841 -0.109121 0.74901961 0.53333333 0.49803922
v 0.920866 0.021580 -0.109121 0.68235294 0.46666667 0.43921569
v 0.905475 0.018829 -0.109121 0.77647059 0.56078431 0.52156863
v 0.924403 0.024072 -0.109121 0.70196078 0.49411765 0.46666667
v 0.926748 0.027755 -0.109121 0.71764706 0.50980392 0.48627451
v 0.901649 0.018826 -0.109121 0.78823529 0.57254902 0.53333333
v 0.840813 0.024333 -0.109121 0.84313725 0.58823529 0.55686275
v 0.838489 0.028038 -0.109121 0.89411765 0.65098039 0.61568627
v 0.899448 0.018860 -0.109121 0.80000000 0.58431373 0.54117647
v 0.834910 0.030500 -0.109121 0.89411765 0.67450980 0.63529412
v 0.895662 0.018878 -0.109121 0.78431373 0.57254902 0.52941176
v 0.832930 0.031123 -0.109121 0.89803922 0.67843137 0.63921569
v 0.926070 0.031248 -0.109121 0.74117647 0.54117647 0.51372549
v 0.922010 0.033217 -0.109121 0.73333333 0.54509804 0.51764706
v 0.830247 0.031843 -0.109121 0.90196078 0.69019608 0.64705882
v 0.825515 0.033154 -0.109121 0.90588235 0.69803922 0.65098039
v 0.893198 0.019069 -0.109121 0.80392157 0.58039216 0.54901961
v 0.890275 0.019383 -0.109121 0.83921569 0.59607843 0.57254902
v 0.885786 0.020303 -0.109121 0.83921569 0.62352941 0.58431373
v 0.885393 0.020409 -0.109121 0.82352941 0.61568627 0.57647059
v 0.877133 0.022946 -0.109121 0.89019608 0.65882353 0.64705882
v 0.876357 0.023431 -0.109121 0.89803922 0.66666667 0.65490196
v 0.876358 0.023686 -0.109121 0.89803922 0.66666667 0.65490196
v 0.880580 0.021527 -0.109121 0.85490196 0.63921569 0.60784314
v 0.890089 0.033984 -0.109121 0.85882353 0.62352941 0.60000000
v 0.887115 0.033936 -0.109121 0.84705882 0.61568627 0.58823529
v 0.873893 0.026701 -0.109121 0.87450980 0.63529412 0.60392157
v 0.875194 0.030717 -0.109121 0.79607843 0.54901961 0.51372549
v 0.879404 0.032560 -0.109121 0.80000000 0.56470588 0.52156863
v 0.914887 0.033541 -0.109121 0.67843137 0.51372549 0.49019608
v 0.910643 0.033644 -0.109121 0.66666667 0.50588235 0.48235294
v 0.901818 0.034353 -0.109121 0.73725490 0.51764706 0.49019608
v 0.899530 0.034391 -0.109121 0.76470588 0.54117647 0.50588235
v 0.908418 0.033829 -0.109121 0.72156863 0.52941176 0.50588235
v 0.905257 0.034138 -0.109121 0.74117647 0.53333333 0.50980392
v 0.921116 0.033388 -0.109121 0.71764706 0.54117647 0.51372549
v 0.916401 0.033563 -0.109121 0.70196078 0.52941176 0.50196078
v 0.895822 0.034320 -0.109121 0.77254902 0.54901961 0.51372549
v 0.893246 0.034039 -0.109121 0.80392157 0.57254902 0.54117647
v 0.828687 0.011265 -0.109121 0.83529412 0.61960784 0.57254902
v 0.827411 0.010967 -0.109121 0.83529412 0.62352941 0.57254902
v 0.833605 0.012376 -0.109121 0.82745098 0.61176471 0.56078431
v 0.837161 0.014850 -0.109121 0.83529412 0.61568627 0.56470588
v 0.839791 0.018248 -0.109121 0.84313725 0.61960784 0.56862745
v 0.841136 0.022932 -0.109121 0.85490196 0.61960784 0.56862745
v 0.823829 0.010094 -0.109121 0.84313725 0.62745098 0.58039216
v 0.820274 0.009859 -0.109121 0.85098039 0.63529412 0.58823529
v 0.818153 0.009741 -0.109121 0.85490196 0.63921569 0.59215686
v 0.884578 0.033417 -0.109121 0.83137255 0.60000000 0.56470588
v 0.879881 0.032618 -0.109121 0.79607843 0.56078431 0.51764706
v -0.907725 0.020685 -0.113042 0.76862745 0.52156863 0.49803922
v -0.901696 0.020685 -0.110640 0.81568627 0.55294118 0.52156863
v -0.898682 0.023699 -0.113344 0.84705882 0.58823529 0.55686275
v -0.895667 0.020685 -0.109296 0.80784314 0.53725490 0.50196078
v -0.901711 0.032701 -0.112959 0.81960784 0.53725490 0.52156863
v -0.898682 0.035757 -0.109152 0.79215686 0.51764706 0.50588235
v -0.844420 0.023699 -0.110016 0.79607843 0.56078431 0.50980392
v -0.895667 0.032743 -0.111925 0.80000000 0.52549020 0.51372549
v -0.826333 0.011640 -0.109392 0.73725490 0.52549020 0.47450980
v -0.895667 0.026714 -0.113358 0.85882353 0.61176471 0.58039216
v -0.892653 0.023699 -0.111882 0.87058824 0.61176471 0.57254902
v -0.820304 0.011641 -0.109671 0.70196078 0.49411765 0.44705882
v -0.892653 0.029728 -0.112774 0.86274510 0.61176471 0.56470588
v -0.823330 0.032708 -0.113246 0.90196078 0.68627451 0.65490196
v -0.889638 0.026714 -0.112299 0.88235294 0.63921569 0.60392157
v -0.886623 0.023699 -0.110418 0.86666667 0.61568627 0.57254902
v -0.889638 0.032743 -0.111262 0.82352941 0.54117647 0.52549020
v -0.886624 0.029728 -0.111598 0.89019608 0.62745098 0.60000000
v -0.883609 0.032743 -0.109886 0.85098039 0.57647059 0.55686275
v -0.883609 0.026714 -0.110648 0.87450980 0.62745098 0.59607843
v -0.880595 0.029728 -0.110318 0.87843137 0.63137255 0.58823529
v -0.877580 0.026714 -0.109129 0.87058824 0.62745098 0.58823529
v 0.662399 0.008740 -0.110821 0.83529412 0.81960784 0.83529412
v 0.665413 0.011754 -0.110731 0.86274510 0.85098039 0.86274510
v 0.668428 0.014769 -0.110482 0.87843137 0.86666667 0.87450980
v 0.665413 0.017783 -0.111436 0.89803922 0.89019608 0.90196078
v 0.671443 0.017783 -0.110033 0.87843137 0.86666667 0.89019608
v 0.674457 0.020798 -0.109297 0.89411765 0.88627451 0.90196078
v 0.668428 0.020798 -0.110175 0.89803922 0.89019608 0.91372549
v 0.671443 0.023812 -0.109134 0.92156863 0.91372549 0.93333333
v 0.665413 0.023812 -0.109692 0.89803922 0.89411765 0.91372549
v 0.897577 0.020654 -0.112693 0.85098039 0.61568627 0.57647059
v 0.924663 0.023812 -0.109954 0.68627451 0.46666667 0.44313725
v 0.891548 0.020654 -0.111310 0.85098039 0.61176471 0.59607843
v 0.825191 0.032833 -0.110118 0.90588235 0.69803922 0.65490196
v 0.885559 0.020525 -0.109356 0.83921569 0.62745098 0.58823529
v 0.888592 0.023486 -0.112477 0.86666667 0.65882353 0.62745098
v 0.891617 0.026473 -0.113375 0.79607843 0.53725490 0.50588235
v 0.894650 0.029437 -0.113363 0.71764706 0.45490196 0.41176471
v 0.876507 0.023570 -0.109250 0.88627451 0.65098039 0.63529412
v 0.882583 0.023423 -0.110909 0.85098039 0.63921569 0.60392157
v 0.885612 0.026398 -0.112335 0.83137255 0.61176471 0.56862745
v 0.879588 0.026382 -0.110739 0.85490196 0.61568627 0.57647059
v 0.882639 0.029290 -0.111733 0.77254902 0.53725490 0.49019608
v 0.888628 0.029416 -0.112617 0.75294118 0.50196078 0.47450980
v 0.891661 0.032380 -0.111056 0.82745098 0.58039216 0.55294118
v 0.885644 0.032344 -0.110421 0.81960784 0.58431373 0.55294118
v 0.876586 0.029363 -0.109989 0.80000000 0.55294118 0.51764706
v 0.879611 0.032352 -0.109325 0.79215686 0.55686275 0.51372549
v 0.909702 0.032521 -0.112745 0.76470588 0.55294118 0.53333333
v 0.903709 0.032411 -0.112716 0.84705882 0.61176471 0.58431373
v 0.897670 0.032443 -0.112071 0.83921569 0.61176471 0.56470588
v 0.837243 0.014767 -0.109567 0.81960784 0.60000000 0.54509804
v 0.840258 0.017781 -0.110301 0.81960784 0.60000000 0.54509804
v 0.843272 0.020796 -0.111451 0.84705882 0.61568627 0.55686275
v 0.822179 0.011718 -0.112992 0.84705882 0.62745098 0.58431373
v 0.816140 0.011754 -0.112470 0.85098039 0.63529412 0.58823529
v -0.793438 0.014921 -0.109121 0.80000000 0.58431373 0.53725490
v -0.792424 0.015405 -0.109121 0.81176471 0.59607843 0.54901961
v -0.835539 0.032580 -0.109121 0.83137255 0.61176471 0.56862745
v -0.835279 0.032645 -0.109121 0.85098039 0.63137255 0.59215686
v -0.798877 0.033068 -0.109121 0.90196078 0.69803922 0.66274510
v -0.789519 0.030368 -0.109121 0.92549020 0.72549020 0.69019608
v -0.782956 0.024873 -0.109121 0.90980392 0.69803922 0.65882353
v -0.825621 0.035046 -0.109121 0.87058824 0.65490196 0.61960784
v -0.785762 0.019303 -0.109121 0.85490196 0.65098039 0.59607843
v -0.820759 0.035302 -0.109121 0.88627451 0.68235294 0.64705882
v -0.813399 0.034881 -0.109121 0.86274510 0.65882353 0.60784314
v -0.814070 0.011436 -0.109121 0.72941176 0.52156863 0.46666667
v -0.807612 0.012276 -0.109121 0.74509804 0.54901961 0.48627451
v -0.803378 0.012802 -0.109121 0.76078431 0.54509804 0.50196078
v -0.809393 0.034610 -0.109121 0.89019608 0.68627451 0.63529412
v -0.799620 0.033161 -0.109121 0.89803922 0.69019608 0.65490196
v 0.814374 0.009988 -0.109121 0.85882353 0.65098039 0.60392157
v 0.804878 0.010958 -0.109121 0.85882353 0.65098039 0.60392157
v 0.803434 0.011106 -0.109121 0.85490196 0.64313725 0.59215686
v 0.789501 0.014276 -0.109121 0.86274510 0.65490196 0.60392157
v 0.784786 0.016574 -0.109121 0.87450980 0.67450980 0.64705882
v 0.793198 0.012928 -0.109121 0.84313725 0.64705882 0.58823529
v 0.780344 0.023433 -0.109121 0.92156863 0.74509804 0.71372549
v 0.786977 0.028858 -0.109121 0.91372549 0.75294118 0.70588235
v 0.796374 0.031511 -0.109121 0.90588235 0.71372549 0.66274510
v 0.818253 0.033721 -0.109121 0.90196078 0.69803922 0.65490196
v 0.813904 0.033543 -0.109121 0.90588235 0.70196078 0.65882353
v 0.806808 0.033108 -0.109121 0.92156863 0.71372549 0.67450980
v 0.800254 0.031994 -0.109121 0.89411765 0.72156863 0.65882353
v -0.805231 0.026714 -0.113160 0.90196078 0.70196078 0.66666667
v -0.799202 0.020685 -0.112561 0.87843137 0.67058824 0.63137255
v -0.811261 0.032743 -0.111060 0.89411765 0.69411765 0.64313725
v -0.799202 0.032743 -0.109361 0.90980392 0.70196078 0.67450980
v -0.793173 0.026714 -0.111002 0.90980392 0.71372549 0.67058824
v -0.805231 0.014656 -0.111150 0.78823529 0.58039216 0.52941176
v -0.787144 0.020685 -0.109870 0.86274510 0.66274510 0.61568627
v 0.804082 0.011754 -0.109967 0.87450980 0.66274510 0.61568627
v 0.785994 0.017783 -0.109874 0.89019608 0.69019608 0.65490196
v 0.798053 0.017783 -0.112402 0.88627451 0.69411765 0.64313725
v 0.804084 0.023804 -0.113840 0.91764706 0.72941176 0.69411765
v 0.792024 0.023812 -0.111560 0.94117647 0.72941176 0.71372549
v 0.798058 0.029824 -0.110267 0.90588235 0.72156863 0.67058824
v 0.810119 0.029816 -0.112417 0.92941176 0.71764706 0.69411765
v -0.907258 0.021152 -0.104858 0.50980392 0.33725490 0.31372549
v -0.901846 0.020835 -0.104858 0.51764706 0.34901961 0.32156863
v -0.901565 0.020816 -0.104858 0.56078431 0.38431373 0.35294118
v -0.896072 0.020280 -0.104858 0.67450980 0.46274510 0.42745098
v -0.895219 0.020236 -0.104858 0.69803922 0.48627451 0.45098039
v -0.909786 0.034656 -0.104858 0.75686275 0.54117647 0.48627451
v -0.687017 0.030377 -0.104858 0.72941176 0.71372549 0.74117647
v -0.687322 0.035415 -0.104858 0.85882353 0.83921569 0.87450980
v -0.904885 0.035872 -0.104858 0.76470588 0.56078431 0.50196078
v -0.684487 0.026877 -0.104858 0.73725490 0.72549020 0.74509804
v -0.904498 0.035943 -0.104858 0.76862745 0.56078431 0.50588235
v -0.683392 0.037514 -0.104858 0.90196078 0.88235294 0.91764706
v -0.899483 0.036559 -0.104858 0.78823529 0.55686275 0.50196078
v -0.678940 0.039091 -0.104858 0.89803922 0.88235294 0.91372549
v -0.897654 0.036785 -0.104858 0.80000000 0.55294118 0.50980392
v -0.678101 0.039292 -0.104858 0.89803922 0.88235294 0.91372549
v -0.923833 0.028693 -0.104858 0.70980392 0.48627451 0.43529412
v -0.893995 0.037100 -0.104858 0.78823529 0.53333333 0.49411765
v -0.673738 0.039917 -0.104858 0.89803922 0.88235294 0.91372549
v -0.923138 0.030068 -0.104858 0.74117647 0.51372549 0.45882353
v -0.681352 0.023983 -0.104858 0.75294118 0.74117647 0.75686275
v -0.891025 0.037385 -0.104858 0.79215686 0.54509804 0.50588235
v -0.677904 0.021402 -0.104858 0.76078431 0.74901961 0.76470588
v -0.920688 0.031838 -0.104858 0.75686275 0.52549020 0.45882353
v -0.674022 0.019255 -0.104858 0.76470588 0.74901961 0.77254902
v -0.921566 0.024931 -0.104858 0.60392157 0.40784314 0.36078431
v -0.669962 0.018054 -0.104858 0.76470588 0.75294118 0.77254902
v -0.669355 0.017893 -0.104858 0.76470588 0.75294118 0.77254902
v -0.890028 0.020295 -0.104858 0.64705882 0.45490196 0.41960784
v -0.889238 0.020285 -0.104858 0.65490196 0.46274510 0.42745098
v -0.917474 0.022994 -0.104858 0.50980392 0.35686275 0.31764706
v -0.919288 0.032247 -0.104858 0.77647059 0.54509804 0.47058824
v -0.884100 0.020194 -0.104858 0.65882353 0.46666667 0.43529412
v -0.915340 0.022270 -0.104858 0.51372549 0.35294118 0.31764706
v -0.664836 0.016383 -0.104858 0.76862745 0.75686275 0.77647059
v -0.888465 0.037599 -0.104858 0.79215686 0.54901961 0.51372549
v -0.912782 0.021658 -0.104858 0.50196078 0.33725490 0.30588235
v -0.908354 0.021314 -0.104858 0.50980392 0.33725490 0.30980392
v -0.883179 0.020255 -0.104858 0.70588235 0.50196078 0.46666667
v -0.914520 0.033423 -0.104858 0.77254902 0.54117647 0.48627451
v -0.877789 0.020894 -0.104858 0.75686275 0.53725490 0.49803922
v -0.912435 0.034010 -0.104858 0.76078431 0.57647059 0.51372549
v -0.877292 0.020973 -0.104858 0.78039216 0.55294118 0.51372549
v -0.872867 0.022000 -0.104858 0.74509804 0.53333333 0.49803922
v -0.884515 0.037866 -0.104858 0.81568627 0.56470588 0.52549020
v -0.882774 0.037937 -0.104858 0.81960784 0.55686275 0.52941176
v -0.878774 0.037578 -0.104858 0.78823529 0.52156863 0.51764706
v -0.875520 0.036712 -0.104858 0.80000000 0.52941176 0.50588235
v -0.868810 0.023973 -0.104858 0.78431373 0.56470588 0.52941176
v -0.868082 0.024153 -0.104858 0.83137255 0.60000000 0.56078431
v -0.670860 0.040504 -0.104858 0.89803922 0.88235294 0.91372549
v -0.844649 0.023470 -0.104858 0.80392157 0.57647059 0.53333333
v -0.668788 0.040997 -0.104858 0.89411765 0.87450980 0.91372549
v -0.844960 0.024239 -0.104858 0.81568627 0.58431373 0.54117647
v -0.845363 0.028786 -0.104858 0.85490196 0.63529412 0.58823529
v -0.844535 0.029843 -0.104858 0.85882353 0.63529412 0.59215686
v -0.842337 0.019753 -0.104858 0.79215686 0.56470588 0.51764706
v -0.839460 0.016601 -0.104858 0.77647059 0.55686275 0.50588235
v -0.664544 0.042651 -0.104858 0.89019608 0.87450980 0.90980392
v -0.835524 0.014508 -0.104858 0.76470588 0.54901961 0.49803922
v -0.834719 0.013997 -0.104858 0.75686275 0.54509804 0.49019608
v -0.831795 0.012207 -0.104858 0.74901961 0.53725490 0.48627451
v -0.826929 0.011045 -0.104858 0.74509804 0.53333333 0.48235294
v -0.825639 0.010947 -0.104858 0.73725490 0.52941176 0.47843137
v -0.821107 0.010838 -0.104858 0.73333333 0.52549020 0.47058824
v 0.676033 0.007164 -0.104858 0.75294118 0.73333333 0.75294118
v 0.679464 0.009762 -0.104858 0.80784314 0.79215686 0.81568627
v 0.682826 0.012429 -0.104858 0.83529412 0.82352941 0.85098039
v 0.663428 -0.004347 -0.104858 0.70980392 0.69019608 0.71372549
v 0.685466 0.015818 -0.104858 0.85098039 0.83921569 0.86274510
v 0.688477 0.018836 -0.104858 0.84705882 0.83921569 0.85098039
v 0.690280 0.023062 -0.104858 0.83137255 0.82352941 0.84705882
v 0.690617 0.024899 -0.104858 0.83529412 0.82352941 0.85098039
v 0.690816 0.028555 -0.104858 0.86666667 0.85490196 0.88235294
v 0.667604 -0.002494 -0.104858 0.69411765 0.67450980 0.69019608
v 0.670184 0.000955 -0.104858 0.73725490 0.71764706 0.72941176
v 0.664541 0.041027 -0.104858 0.86274510 0.85098039 0.87450980
v 0.672992 0.004176 -0.104858 0.75294118 0.73725490 0.75294118
v 0.690131 0.030442 -0.104858 0.89019608 0.87843137 0.90196078
v 0.664040 0.043272 -0.104858 0.87058824 0.86274510 0.88235294
v 0.685713 0.033658 -0.104858 0.89803922 0.88235294 0.91372549
v 0.681301 0.033670 -0.104858 0.90588235 0.89411765 0.91764706
v 0.686838 0.033179 -0.104858 0.90196078 0.88627451 0.91764706
v 0.672646 0.034666 -0.104858 0.90588235 0.89803922 0.91764706
v 0.670699 0.035127 -0.104858 0.90588235 0.90196078 0.91372549
v 0.666565 0.037022 -0.104858 0.89803922 0.88627451 0.90588235
v 0.679831 0.033511 -0.104858 0.90980392 0.90196078 0.92156863
v 0.675605 0.034004 -0.104858 0.90980392 0.90196078 0.92156863
v 0.914200 0.022217 -0.104858 0.71764706 0.53725490 0.49803922
v 0.909783 0.020986 -0.104858 0.69019608 0.51764706 0.47843137
v 0.918281 0.024165 -0.104858 0.76078431 0.59215686 0.55294118
v 0.909107 0.033264 -0.104858 0.58823529 0.45882353 0.43921569
v 0.920142 0.028333 -0.104858 0.72941176 0.57254902 0.53725490
v 0.905043 0.034072 -0.104858 0.60784314 0.41568627 0.40000000
v 0.918802 0.030010 -0.104858 0.63137255 0.49019608 0.46666667
v 0.909921 0.033065 -0.104858 0.60000000 0.46666667 0.44705882
v 0.901611 0.034659 -0.104858 0.63529412 0.43137255 0.41176471
v 0.904171 0.020169 -0.104858 0.72156863 0.52941176 0.49019608
v 0.917936 0.030539 -0.104858 0.58823529 0.45490196 0.42745098
v 0.902771 0.019972 -0.104858 0.72549020 0.53725490 0.49019608
v 0.898866 0.019462 -0.104858 0.72156863 0.53725490 0.49019608
v 0.895829 0.019092 -0.104858 0.72549020 0.53725490 0.49019608
v 0.894904 0.035330 -0.104858 0.73333333 0.52549020 0.49019608
v 0.893316 0.018976 -0.104858 0.74901961 0.54901961 0.50588235
v 0.894327 0.035391 -0.104858 0.75294118 0.53333333 0.49411765
v 0.899806 0.034828 -0.104858 0.68235294 0.48235294 0.45490196
v 0.888851 0.035856 -0.104858 0.76862745 0.53333333 0.49803922
v 0.889630 0.018798 -0.104858 0.76862745 0.56470588 0.52156863
v 0.888250 0.035918 -0.104858 0.79215686 0.56078431 0.52156863
v 0.887365 0.018827 -0.104858 0.77254902 0.57254902 0.52941176
v 0.883658 0.018826 -0.104858 0.76470588 0.56862745 0.52549020
v 0.881279 0.018852 -0.104858 0.76862745 0.57254902 0.53333333
v 0.878114 0.019255 -0.104858 0.79607843 0.59215686 0.55686275
v 0.829255 0.010697 -0.104858 0.83921569 0.62352941 0.57647059
v 0.874153 0.020008 -0.104858 0.78431373 0.58431373 0.54901961
v 0.826426 0.009982 -0.104858 0.84313725 0.62745098 0.58039216
v 0.872945 0.020251 -0.104858 0.80000000 0.60000000 0.56078431
v 0.833081 0.012900 -0.104858 0.83921569 0.62352941 0.57254902
v 0.836887 0.015123 -0.104858 0.84313725 0.62352941 0.57647059
v 0.839581 0.018458 -0.104858 0.84705882 0.62745098 0.57647059
v 0.868213 0.021496 -0.104858 0.85098039 0.65098039 0.60784314
v 0.865874 0.022263 -0.104858 0.80392157 0.60784314 0.55686275
v 0.841561 0.022474 -0.104858 0.85882353 0.63529412 0.59215686
v 0.841440 0.024843 -0.104858 0.87450980 0.64313725 0.60784314
v 0.883329 0.036196 -0.104858 0.81176471 0.58823529 0.54901961
v 0.824286 0.009637 -0.104858 0.84313725 0.63137255 0.58431373
v 0.819458 0.009043 -0.104858 0.84705882 0.63529412 0.58823529
v 0.881797 0.036262 -0.104858 0.81568627 0.59215686 0.54901961
v 0.877534 0.036347 -0.104858 0.82745098 0.60392157 0.55686275
v 0.818886 0.009008 -0.104858 0.85098039 0.63921569 0.59215686
v 0.909447 0.020938 -0.104858 0.70196078 0.51764706 0.47843137
v 0.838785 0.028186 -0.104858 0.87843137 0.64313725 0.60784314
v 0.835990 0.031421 -0.104858 0.89411765 0.66666667 0.63137255
v 0.914523 0.031739 -0.104858 0.62745098 0.50196078 0.47843137
v -0.907725 0.020685 -0.105660 0.60784314 0.40784314 0.38039216
v -0.901696 0.020685 -0.105122 0.63529412 0.42745098 0.40000000
v -0.904746 0.035656 -0.109004 0.78039216 0.54509804 0.49803922
v -0.892653 0.035757 -0.108854 0.77647059 0.50980392 0.48235294
v -0.889638 0.020685 -0.107014 0.74117647 0.52156863 0.48235294
v -0.883609 0.020685 -0.106281 0.77647059 0.54509804 0.50980392
v -0.886624 0.035757 -0.108045 0.77254902 0.51372549 0.49411765
v -0.880594 0.023699 -0.108786 0.84313725 0.59215686 0.55294118
v -0.874566 0.023699 -0.107058 0.84313725 0.60000000 0.56078431
v -0.880594 0.035757 -0.107575 0.78823529 0.51372549 0.50980392
v -0.877580 0.032743 -0.108753 0.84705882 0.58823529 0.55294118
v -0.874565 0.029728 -0.108725 0.87058824 0.62745098 0.58431373
v -0.928827 0.029728 -0.108040 0.73333333 0.49803922 0.45882353
v -0.874565 0.035757 -0.105561 0.81568627 0.54117647 0.51372549
v -0.925813 0.026714 -0.106056 0.67843137 0.47450980 0.42352941
v -0.684650 0.032743 -0.105556 0.80000000 0.78431373 0.81176471
v -0.922798 0.023699 -0.106242 0.65490196 0.45098039 0.41176471
v -0.919783 0.020685 -0.108483 0.64313725 0.44313725 0.40784314
v -0.871551 0.032743 -0.107334 0.88235294 0.61568627 0.59215686
v -0.681636 0.029728 -0.106366 0.75686275 0.74117647 0.76078431
v -0.871551 0.026714 -0.107602 0.86666667 0.62745098 0.59607843
v -0.925813 0.032743 -0.107571 0.74509804 0.50980392 0.45882353
v -0.868536 0.029728 -0.106534 0.87843137 0.63137255 0.61176471
v -0.919784 0.032743 -0.105502 0.77254902 0.52941176 0.47450980
v -0.865522 0.026714 -0.105826 0.85882353 0.61960784 0.58823529
v -0.681636 0.035757 -0.105672 0.88627451 0.87058824 0.89803922
v -0.913754 0.020685 -0.106180 0.57647059 0.39215686 0.36078431
v -0.844420 0.023699 -0.104974 0.80000000 0.57254902 0.52549020
v -0.844420 0.029728 -0.105015 0.84313725 0.61568627 0.57254902
v -0.678621 0.032743 -0.107077 0.84705882 0.83529412 0.85490196
v -0.678621 0.038772 -0.105037 0.89803922 0.88235294 0.91372549
v -0.675607 0.035757 -0.106427 0.89411765 0.88235294 0.90588235
v -0.672592 0.038772 -0.105417 0.89803922 0.88627451 0.91372549
v -0.678621 0.026714 -0.106362 0.74901961 0.73725490 0.75294118
v -0.675607 0.023699 -0.106230 0.75294118 0.73725490 0.75686275
v -0.675607 0.029728 -0.107462 0.80392157 0.78823529 0.81176471
v -0.672592 0.026714 -0.107931 0.75686275 0.74117647 0.76470588
v -0.672592 0.020685 -0.105846 0.76078431 0.74509804 0.76862745
v -0.669578 0.023699 -0.107602 0.73725490 0.72156863 0.74509804
v -0.666563 0.020685 -0.107077 0.75294118 0.73725490 0.76078431
v -0.672592 0.032743 -0.107587 0.88627451 0.87058824 0.89411765
v -0.669578 0.029728 -0.108679 0.85098039 0.83529412 0.85882353
v -0.669578 0.035758 -0.106746 0.89803922 0.88627451 0.91372549
v -0.666563 0.032743 -0.108191 0.88235294 0.87058824 0.89411765
v -0.666563 0.026714 -0.108954 0.79607843 0.78039216 0.80392157
v -0.663549 0.017670 -0.106001 0.76078431 0.74509804 0.76470588
v -0.666563 0.038772 -0.106004 0.89411765 0.87843137 0.91372549
v -0.663549 0.035757 -0.107534 0.89019608 0.87843137 0.90588235
v 0.662399 -0.003319 -0.105523 0.69803922 0.68235294 0.70588235
v 0.665413 -0.000304 -0.106040 0.70588235 0.68235294 0.70588235
v 0.668428 0.002711 -0.106152 0.74117647 0.71764706 0.74117647
v 0.662399 0.002710 -0.108530 0.74117647 0.71764706 0.74117647
v 0.665414 0.005725 -0.108456 0.75294118 0.72941176 0.75686275
v 0.671443 0.005725 -0.106027 0.73333333 0.70980392 0.72941176
v 0.674457 0.008740 -0.106117 0.73333333 0.71372549 0.72549020
v 0.668428 0.008740 -0.108325 0.76470588 0.74509804 0.76078431
v 0.671443 0.011754 -0.108217 0.76862745 0.75294118 0.76078431
v 0.677472 0.011754 -0.106295 0.75294118 0.73725490 0.75686275
v 0.680486 0.014769 -0.106381 0.78431373 0.77254902 0.80000000
v 0.674457 0.014769 -0.108383 0.76862745 0.75294118 0.77254902
v 0.677472 0.017783 -0.108159 0.78431373 0.77254902 0.80392157
v 0.683501 0.017783 -0.106165 0.83529412 0.81960784 0.85098039
v 0.686515 0.020798 -0.106054 0.86666667 0.85882353 0.88235294
v 0.680486 0.020798 -0.107641 0.84705882 0.83921569 0.85882353
v 0.683501 0.023812 -0.106847 0.89019608 0.88235294 0.90196078
v 0.677472 0.023812 -0.108171 0.90588235 0.90196078 0.91372549
v 0.680486 0.026827 -0.106954 0.91372549 0.90588235 0.91764706
v 0.674457 0.026827 -0.107762 0.91764706 0.91372549 0.92941176
v 0.677472 0.029841 -0.106375 0.91372549 0.90588235 0.92156863
v 0.689530 0.023812 -0.105207 0.84705882 0.83529412 0.86274510
v 0.686515 0.026827 -0.105858 0.89019608 0.88235294 0.90196078
v 0.689530 0.029841 -0.105125 0.89019608 0.87843137 0.90196078
v 0.683501 0.029841 -0.105871 0.90980392 0.89803922 0.91764706
v 0.686515 0.032856 -0.104997 0.90196078 0.89019608 0.91764706
v 0.680486 0.032856 -0.105089 0.90980392 0.90196078 0.92156863
v 0.668428 0.026827 -0.108239 0.92156863 0.91764706 0.93725490
v 0.665413 0.029841 -0.107258 0.91372549 0.90588235 0.92156863
v 0.671443 0.029841 -0.106913 0.90980392 0.90588235 0.92549020
v 0.674457 0.032856 -0.105411 0.90588235 0.89803922 0.91764706
v 0.668428 0.032856 -0.105768 0.91372549 0.90588235 0.92156863
v 0.662399 0.032856 -0.106397 0.91764706 0.90980392 0.92156863
v 0.665413 0.035870 -0.105194 0.90588235 0.89411765 0.91372549
v 0.915619 0.020798 -0.106627 0.72156863 0.52549020 0.49019608
v 0.909592 0.020793 -0.105030 0.71764706 0.52156863 0.48235294
v 0.918634 0.023812 -0.105131 0.71372549 0.51764706 0.48627451
v 0.921648 0.026827 -0.105493 0.71764706 0.52941176 0.49411765
v 0.924663 0.029841 -0.107192 0.71764706 0.53725490 0.50588235
v 0.921648 0.032856 -0.108394 0.67450980 0.51764706 0.49019608
v 0.879519 0.020561 -0.107860 0.82745098 0.61568627 0.58431373
v 0.915632 0.032818 -0.106897 0.59607843 0.47450980 0.44705882
v 0.873444 0.020708 -0.105716 0.87843137 0.65098039 0.63137255
v 0.888617 0.035490 -0.106190 0.80784314 0.58039216 0.54509804
v 0.870470 0.023594 -0.107450 0.87058824 0.66274510 0.62745098
v 0.873553 0.026400 -0.108961 0.87843137 0.64705882 0.61568627
v 0.864439 0.023600 -0.105428 0.86666667 0.65098039 0.61176471
v 0.867521 0.026409 -0.107115 0.85490196 0.63921569 0.58823529
v 0.870549 0.029386 -0.108666 0.82352941 0.58431373 0.54509804
v 0.873604 0.032285 -0.107623 0.82745098 0.58039216 0.54509804
v 0.876612 0.035329 -0.106129 0.85098039 0.62352941 0.56862745
v 0.882618 0.035397 -0.106316 0.83529412 0.61960784 0.58039216
v -0.903597 0.024814 -0.100595 0.58039216 0.39215686 0.35294118
v -0.899347 0.023034 -0.100595 0.48627451 0.33725490 0.30588235
v -0.897419 0.022437 -0.100595 0.46274510 0.32549020 0.29803922
v -0.726693 0.032913 -0.100595 0.89411765 0.87843137 0.90588235
v -0.724463 0.036105 -0.100595 0.92156863 0.90980392 0.93333333
v -0.906222 0.031240 -0.100595 0.70196078 0.47843137 0.41568627
v -0.686177 0.016183 -0.100595 0.75294118 0.73725490 0.76470588
v -0.664911 0.054682 -0.100595 0.86666667 0.84705882 0.88627451
v -0.902598 0.033645 -0.100595 0.78431373 0.53725490 0.47450980
v -0.907027 0.027413 -0.100595 0.63137255 0.43137255 0.39215686
v -0.899755 0.034684 -0.100595 0.80784314 0.55294118 0.49019608
v -0.898092 0.035168 -0.100595 0.82352941 0.56862745 0.50588235
v -0.683882 0.015424 -0.100595 0.75294118 0.73725490 0.76470588
v -0.893435 0.036540 -0.100595 0.81176471 0.58823529 0.52156863
v -0.891276 0.037134 -0.100595 0.81176471 0.60392157 0.54509804
v -0.894543 0.021809 -0.100595 0.44705882 0.31764706 0.29019608
v -0.723044 0.036562 -0.100595 0.91764706 0.90196078 0.92941176
v -0.679058 0.014220 -0.100595 0.75294118 0.73725490 0.76470588
v -0.889990 0.021037 -0.100595 0.44705882 0.31372549 0.28235294
v -0.677944 0.013979 -0.100595 0.75686275 0.74509804 0.76862745
v -0.673962 0.013286 -0.100595 0.77647059 0.76470588 0.78431373
v -0.722793 0.030783 -0.100595 0.81568627 0.80000000 0.82745098
v -0.889381 0.020942 -0.100595 0.50980392 0.37647059 0.34901961
v -0.719084 0.028459 -0.100595 0.80784314 0.78823529 0.81176471
v -0.883953 0.020341 -0.100595 0.57254902 0.41176471 0.38431373
v -0.690938 0.044543 -0.100595 0.88627451 0.87058824 0.89803922
v -0.888731 0.037864 -0.100595 0.78823529 0.58823529 0.52941176
v -0.690388 0.044509 -0.100595 0.88627451 0.86666667 0.89411765
v -0.883201 0.020277 -0.100595 0.61176471 0.43529412 0.40784314
v -0.719453 0.037180 -0.100595 0.90588235 0.89019608 0.91372549
v -0.878295 0.019970 -0.100595 0.60000000 0.42745098 0.39607843
v -0.684939 0.044957 -0.100595 0.87450980 0.85490196 0.89411765
v -0.876750 0.019855 -0.100595 0.64313725 0.45490196 0.42352941
v -0.715939 0.025572 -0.100595 0.80000000 0.78431373 0.80784314
v -0.872663 0.019573 -0.100595 0.61960784 0.43921569 0.40392157
v -0.712602 0.022878 -0.100595 0.78823529 0.77254902 0.80392157
v -0.883719 0.038881 -0.100595 0.79607843 0.57254902 0.52156863
v -0.883459 0.038922 -0.100595 0.79607843 0.56470588 0.52156863
v -0.877961 0.039153 -0.100595 0.80000000 0.56470588 0.52156863
v -0.858569 0.021609 -0.100595 0.79215686 0.57647059 0.54117647
v -0.684364 0.045094 -0.100595 0.87450980 0.85490196 0.89019608
v -0.680323 0.046350 -0.100595 0.86666667 0.84313725 0.87843137
v -0.709396 0.021262 -0.100595 0.76078431 0.74509804 0.77254902
v -0.670426 0.012490 -0.100595 0.79215686 0.78039216 0.80392157
v -0.708375 0.021074 -0.100595 0.76470588 0.74509804 0.77254902
v -0.703480 0.019940 -0.100595 0.81960784 0.80392157 0.82745098
v -0.701490 0.019434 -0.100595 0.82745098 0.81176471 0.83529412
v -0.854084 0.021305 -0.100595 0.81176471 0.59215686 0.55686275
v -0.852887 0.021261 -0.100595 0.80392157 0.58431373 0.54509804
v -0.715097 0.038478 -0.100595 0.87058824 0.85098039 0.88627451
v -0.847571 0.020548 -0.100595 0.80000000 0.58039216 0.53725490
v -0.714865 0.038667 -0.100595 0.85490196 0.83529412 0.86666667
v -0.847156 0.020406 -0.100595 0.79215686 0.57254902 0.52941176
v -0.714668 0.038906 -0.100595 0.86666667 0.85098039 0.88235294
v -0.712298 0.042184 -0.100595 0.86274510 0.85098039 0.87450980
v -0.709682 0.043888 -0.100595 0.89803922 0.88627451 0.90196078
v -0.847526 0.032652 -0.100595 0.85882353 0.63921569 0.60392157
v -0.708355 0.044342 -0.100595 0.90196078 0.89019608 0.90588235
v -0.676086 0.048128 -0.100595 0.85490196 0.83529412 0.87058824
v -0.847310 0.032618 -0.100595 0.85882353 0.63921569 0.60392157
v -0.674588 0.048844 -0.100595 0.84705882 0.82745098 0.86274510
v -0.703490 0.044049 -0.100595 0.89411765 0.89019608 0.90588235
v -0.843418 0.018672 -0.100595 0.78039216 0.56078431 0.51372549
v -0.839707 0.016355 -0.100595 0.77254902 0.55294118 0.50588235
v -0.701959 0.044022 -0.100595 0.89411765 0.89019608 0.90588235
v -0.672213 0.050275 -0.100595 0.83529412 0.81960784 0.85490196
v -0.696769 0.044741 -0.100595 0.89411765 0.88235294 0.89803922
v -0.836020 0.014012 -0.100595 0.76078431 0.54901961 0.49803922
v -0.669357 0.053276 -0.100595 0.85098039 0.83137255 0.87058824
v -0.833470 0.012748 -0.100595 0.75294118 0.54117647 0.49019608
v -0.696656 0.044748 -0.100595 0.89411765 0.88235294 0.89803922
v -0.831908 0.012095 -0.100595 0.74901961 0.53725490 0.48627451
v -0.826981 0.010993 -0.100595 0.74117647 0.53333333 0.47843137
v -0.825602 0.010909 -0.100595 0.73725490 0.52941176 0.47843137
v -0.698647 0.018745 -0.100595 0.83137255 0.81960784 0.83921569
v -0.821628 0.010317 -0.100595 0.73725490 0.52941176 0.47450980
v -0.693764 0.017599 -0.100595 0.79607843 0.78431373 0.81176471
v -0.693612 0.017585 -0.100595 0.79607843 0.78431373 0.80784314
v -0.688444 0.016892 -0.100595 0.76078431 0.74509804 0.77254902
v 0.675910 -0.004771 -0.100595 0.73725490 0.72549020 0.73725490
v 0.671754 -0.006021 -0.100595 0.74117647 0.72941176 0.74509804
v 0.671337 -0.006227 -0.100595 0.72549020 0.70980392 0.72549020
v 0.665792 -0.005955 -0.100595 0.72156863 0.70588235 0.72156863
v 0.678675 -0.001507 -0.100595 0.70588235 0.69019608 0.70588235
v 0.682082 0.001114 -0.100595 0.79607843 0.78039216 0.80392157
v 0.689566 0.005689 -0.100595 0.81960784 0.80784314 0.80784314
v 0.692867 0.008417 -0.100595 0.76078431 0.74509804 0.74901961
v 0.694512 0.010708 -0.100595 0.72941176 0.70980392 0.72549020
v 0.686001 0.003225 -0.100595 0.85098039 0.83921569 0.85098039
v 0.686584 0.044845 -0.100595 0.88235294 0.87450980 0.89803922
v 0.686489 0.044888 -0.100595 0.88235294 0.87450980 0.89411765
v 0.689297 0.005493 -0.100595 0.82352941 0.81176471 0.81176471
v 0.682375 0.046803 -0.100595 0.87843137 0.86666667 0.88627451
v 0.695215 0.012098 -0.100595 0.71764706 0.69803922 0.71764706
v 0.677818 0.048274 -0.100595 0.90196078 0.89019608 0.91372549
v 0.721602 0.021886 -0.100595 0.87450980 0.86274510 0.88627451
v 0.676709 0.048691 -0.100595 0.90588235 0.89411765 0.92156863
v 0.673395 0.049881 -0.100595 0.92941176 0.91372549 0.94117647
v 0.711986 0.019443 -0.100595 0.80392157 0.79215686 0.80784314
v 0.716927 0.021026 -0.100595 0.80000000 0.79215686 0.80784314
v 0.727957 0.021561 -0.100595 0.88627451 0.87450980 0.89411765
v 0.724016 0.022027 -0.100595 0.89019608 0.88235294 0.90196078
v 0.666697 0.052673 -0.100595 0.93333333 0.92549020 0.94117647
v 0.664563 0.053107 -0.100595 0.92156863 0.91372549 0.92941176
v 0.669319 0.051834 -0.100595 0.93333333 0.92156863 0.94117647
v 0.709433 0.019599 -0.100595 0.83921569 0.82352941 0.84705882
v 0.731124 0.024423 -0.100595 0.87843137 0.87058824 0.89411765
v 0.704837 0.021033 -0.100595 0.84705882 0.82745098 0.85490196
v 0.731113 0.029163 -0.100595 0.89803922 0.89019608 0.91764706
v 0.697169 0.016173 -0.100595 0.70980392 0.69803922 0.70980392
v 0.690732 0.043102 -0.100595 0.89411765 0.88627451 0.90980392
v 0.731047 0.030529 -0.100595 0.90588235 0.89803922 0.92156863
v 0.730103 0.034199 -0.100595 0.91372549 0.90588235 0.92941176
v 0.699569 0.019802 -0.100595 0.72549020 0.71372549 0.71764706
v 0.704220 0.021181 -0.100595 0.83921569 0.81960784 0.84313725
v 0.716533 0.020926 -0.100595 0.79607843 0.78823529 0.80392157
v 0.719067 0.036479 -0.100595 0.89411765 0.88627451 0.91372549
v 0.714577 0.036801 -0.100595 0.83529412 0.82352941 0.85490196
v 0.712132 0.037384 -0.100595 0.87058824 0.86274510 0.89019608
v 0.709748 0.038001 -0.100595 0.90980392 0.90196078 0.92941176
v 0.726074 0.036206 -0.100595 0.91372549 0.90980392 0.93333333
v 0.725242 0.036333 -0.100595 0.91372549 0.90980392 0.93333333
v 0.720305 0.036500 -0.100595 0.90588235 0.90196078 0.92941176
v 0.703966 0.039521 -0.100595 0.92941176 0.92549020 0.94117647
v 0.700005 0.040316 -0.100595 0.92549020 0.92156863 0.94509804
v 0.705090 0.039372 -0.100595 0.92549020 0.92156863 0.93725490
v 0.696085 0.041373 -0.100595 0.92156863 0.91372549 0.93333333
v 0.695254 0.041595 -0.100595 0.91764706 0.90980392 0.92941176
v 0.896764 0.033574 -0.100595 0.72156863 0.54117647 0.49411765
v 0.893337 0.034492 -0.100595 0.69019608 0.48627451 0.43529412
v 0.897937 0.033150 -0.100595 0.74117647 0.55686275 0.51372549
v 0.888624 0.035739 -0.100595 0.72941176 0.47058824 0.43529412
v 0.900654 0.023705 -0.100595 0.65490196 0.48627451 0.43921569
v 0.888439 0.035786 -0.100595 0.76470588 0.52549020 0.48627451
v 0.900109 0.023375 -0.100595 0.59607843 0.46666667 0.40784314
v 0.829093 0.010859 -0.100595 0.84313725 0.62745098 0.58039216
v 0.826728 0.010285 -0.100595 0.83921569 0.62745098 0.58039216
v 0.891812 0.020488 -0.100595 0.70980392 0.52549020 0.47450980
v 0.891016 0.020311 -0.100595 0.71764706 0.52941176 0.47843137
v 0.833431 0.012550 -0.100595 0.84313725 0.62745098 0.58039216
v 0.886684 0.019570 -0.100595 0.72156863 0.53333333 0.48235294
v 0.883976 0.019241 -0.100595 0.67450980 0.50196078 0.44705882
v 0.836954 0.015056 -0.100595 0.84313725 0.62745098 0.58039216
v 0.896577 0.021752 -0.100595 0.69411765 0.51764706 0.46666667
v 0.855397 0.020607 -0.100595 0.82352941 0.61960784 0.58039216
v 0.855370 0.020607 -0.100595 0.83921569 0.63137255 0.59607843
v 0.881227 0.018977 -0.100595 0.66274510 0.49411765 0.43921569
v 0.849888 0.021141 -0.100595 0.84705882 0.63921569 0.59607843
v 0.840298 0.017719 -0.100595 0.84705882 0.63137255 0.58823529
v 0.877660 0.018987 -0.100595 0.70588235 0.52156863 0.47450980
v 0.875214 0.018988 -0.100595 0.71372549 0.52941176 0.47843137
v 0.871616 0.018998 -0.100595 0.71372549 0.53333333 0.48235294
v 0.868904 0.019254 -0.100595 0.71372549 0.53725490 0.47843137
v 0.840025 0.017503 -0.100595 0.84705882 0.62745098 0.58039216
v 0.843916 0.020119 -0.100595 0.85098039 0.63529412 0.59215686
v 0.883879 0.036900 -0.100595 0.80784314 0.58039216 0.53725490
v 0.848365 0.021613 -0.100595 0.85882353 0.64705882 0.60392157
v 0.880468 0.037658 -0.100595 0.80392157 0.58823529 0.54509804
v 0.878880 0.037913 -0.100595 0.80784314 0.58039216 0.53333333
v 0.903906 0.026472 -0.100595 0.65490196 0.48235294 0.42352941
v 0.904440 0.027680 -0.100595 0.74117647 0.53725490 0.49019608
v 0.824019 0.009904 -0.100595 0.84313725 0.63137255 0.58431373
v 0.902178 0.031374 -0.100595 0.79607843 0.57647059 0.55686275
v 0.819221 0.008807 -0.100595 0.84705882 0.63529412 0.58823529
v 0.819116 0.008777 -0.100595 0.84705882 0.63529412 0.58823529
v 0.844962 0.030849 -0.100595 0.86274510 0.63921569 0.59607843
v 0.841630 0.030797 -0.100595 0.89019608 0.66274510 0.62745098
v 0.837502 0.032431 -0.100595 0.89411765 0.67450980 0.63921569
v 0.837250 0.032544 -0.100595 0.89411765 0.67450980 0.63921569
v -0.877173 0.039179 -0.100595 0.80000000 0.55686275 0.51764706
v -0.871949 0.039170 -0.100595 0.80000000 0.54509804 0.50980392
v -0.871232 0.039090 -0.100595 0.81960784 0.55686275 0.52549020
v -0.865947 0.038347 -0.100595 0.82352941 0.56470588 0.53333333
v -0.864802 0.038052 -0.100595 0.81568627 0.56078431 0.52549020
v 0.866249 0.019617 -0.100595 0.72549020 0.54509804 0.48627451
v 0.861820 0.020227 -0.100595 0.76470588 0.57647059 0.52549020
v 0.861108 0.020330 -0.100595 0.87058824 0.64705882 0.62745098
v 0.873979 0.038098 -0.100595 0.81960784 0.58039216 0.53725490
v 0.873093 0.038092 -0.100595 0.82745098 0.59215686 0.55294118
v 0.868165 0.037819 -0.100595 0.86274510 0.64313725 0.60784314
v 0.866929 0.037771 -0.100595 0.84313725 0.62352941 0.58039216
v -0.904711 0.023699 -0.101639 0.49411765 0.32549020 0.29803922
v -0.723979 0.035627 -0.100688 0.91764706 0.90196078 0.92941176
v -0.720958 0.032618 -0.100902 0.83921569 0.82352941 0.84705882
v -0.717926 0.029617 -0.100964 0.80392157 0.78431373 0.81176471
v -0.895667 0.020685 -0.103039 0.58039216 0.40392157 0.37254902
v -0.690679 0.020685 -0.101930 0.77254902 0.75686275 0.78823529
v -0.687665 0.017670 -0.101123 0.75686275 0.74117647 0.76862745
v -0.687665 0.023699 -0.103310 0.75686275 0.74509804 0.76862745
v -0.717916 0.035659 -0.100956 0.87843137 0.85882353 0.88627451
v -0.684650 0.020685 -0.102959 0.75686275 0.74117647 0.76470588
v -0.907738 0.032706 -0.101622 0.75686275 0.51764706 0.43921569
v -0.904725 0.035716 -0.104217 0.74509804 0.58823529 0.51372549
v -0.681636 0.017670 -0.102365 0.75686275 0.74509804 0.76470588
v -0.898682 0.035757 -0.101719 0.82352941 0.58431373 0.52549020
v -0.714889 0.032654 -0.101526 0.79607843 0.78039216 0.80392157
v -0.684650 0.026714 -0.104757 0.74117647 0.72549020 0.74509804
v -0.681636 0.023699 -0.104685 0.75294118 0.74117647 0.75686275
v -0.889638 0.020685 -0.101437 0.56470588 0.40000000 0.36862745
v -0.714877 0.026634 -0.101075 0.79607843 0.77647059 0.80000000
v -0.678621 0.020685 -0.104425 0.76078431 0.74901961 0.76470588
v -0.711843 0.023638 -0.100934 0.78039216 0.76078431 0.79215686
v -0.877580 0.020685 -0.104361 0.70588235 0.50196078 0.46666667
v -0.678621 0.014656 -0.101012 0.75686275 0.74509804 0.76862745
v -0.871551 0.020685 -0.103007 0.71764706 0.51372549 0.47843137
v -0.711843 0.029668 -0.101892 0.76862745 0.75294118 0.77647059
v -0.883609 0.038772 -0.102506 0.80000000 0.55686275 0.52156863
v -0.708823 0.026658 -0.101438 0.78431373 0.76470588 0.79215686
v -0.705753 0.023696 -0.101233 0.80784314 0.79215686 0.81960784
v -0.675607 0.017670 -0.103697 0.76862745 0.75294118 0.77647059
v -0.672592 0.014656 -0.101941 0.78039216 0.76862745 0.78823529
v -0.696709 0.038772 -0.103371 0.86274510 0.85098039 0.87450980
v -0.693694 0.035757 -0.103815 0.82352941 0.80392157 0.83529412
v -0.877580 0.038772 -0.102052 0.80000000 0.54509804 0.51372549
v -0.702738 0.020682 -0.100899 0.82352941 0.81176471 0.83529412
v -0.693694 0.041787 -0.102432 0.89411765 0.87843137 0.90196078
v -0.922798 0.029728 -0.104579 0.70196078 0.48235294 0.42745098
v -0.868536 0.023699 -0.104579 0.75686275 0.54901961 0.50980392
v -0.711865 0.035679 -0.101681 0.80000000 0.78431373 0.81176471
v -0.690679 0.038772 -0.103443 0.89019608 0.87058824 0.90196078
v -0.711843 0.041730 -0.100896 0.85882353 0.84313725 0.87058824
v -0.919783 0.026714 -0.103508 0.63529412 0.42352941 0.37647059
v -0.856478 0.023699 -0.102335 0.82745098 0.60392157 0.57254902
v -0.853464 0.026714 -0.102867 0.85098039 0.61568627 0.58823529
v -0.916769 0.023699 -0.104153 0.54509804 0.37254902 0.33333333
v -0.850449 0.023699 -0.102001 0.83137255 0.60392157 0.56862745
v -0.847435 0.020685 -0.100784 0.81176471 0.58823529 0.54509804
v -0.850449 0.029728 -0.102446 0.86274510 0.63137255 0.60392157
v -0.847435 0.026714 -0.102044 0.83529412 0.60784314 0.56862745
v -0.690679 0.032743 -0.104149 0.76862745 0.75294118 0.78039216
v -0.916769 0.029728 -0.102692 0.70196078 0.47450980 0.42745098
v -0.687665 0.035757 -0.104755 0.86274510 0.84313725 0.87843137
v -0.913754 0.026713 -0.102061 0.60784314 0.41960784 0.38431373
v -0.708825 0.038718 -0.102444 0.83529412 0.81960784 0.84313725
v -0.910740 0.023699 -0.102954 0.52156863 0.34117647 0.31372549
v -0.913774 0.032685 -0.103586 0.76470588 0.54901961 0.48627451
v -0.708801 0.032709 -0.102024 0.76862745 0.75686275 0.78039216
v -0.687665 0.041786 -0.102378 0.90196078 0.88235294 0.91764706
v -0.705783 0.029697 -0.102198 0.80392157 0.78823529 0.81568627
v -0.684650 0.038772 -0.104233 0.90196078 0.88627451 0.92156863
v -0.705752 0.035757 -0.102923 0.77647059 0.76078431 0.78431373
v -0.910740 0.029728 -0.101419 0.70588235 0.47843137 0.43529412
v -0.907725 0.026714 -0.100891 0.60000000 0.40784314 0.37647059
v -0.687665 0.029728 -0.104601 0.73333333 0.71372549 0.74117647
v -0.702738 0.032741 -0.102893 0.74509804 0.72941176 0.75294118
v -0.684720 0.044738 -0.100782 0.87843137 0.85882353 0.89411765
v -0.681636 0.041787 -0.103179 0.89411765 0.87450980 0.91372549
v -0.705775 0.041765 -0.102017 0.89019608 0.87843137 0.89019608
v -0.702737 0.038772 -0.103034 0.85098039 0.83921569 0.85490196
v -0.699723 0.035758 -0.103463 0.78039216 0.76078431 0.78431373
v -0.699723 0.041786 -0.102153 0.89019608 0.88235294 0.90196078
v -0.678698 0.044732 -0.101919 0.87450980 0.85490196 0.89019608
v -0.675675 0.041725 -0.103888 0.89019608 0.87450980 0.90980392
v -0.669578 0.017670 -0.104671 0.76862745 0.75686275 0.77647059
v -0.666563 0.014656 -0.103260 0.77647059 0.76470588 0.78431373
v -0.702738 0.026711 -0.102096 0.80392157 0.78823529 0.81568627
v -0.699724 0.023697 -0.102134 0.80784314 0.79607843 0.82352941
v -0.699724 0.029726 -0.102917 0.77254902 0.75686275 0.78039216
v -0.696709 0.026712 -0.102926 0.78823529 0.77254902 0.80000000
v -0.696709 0.020682 -0.101540 0.80784314 0.79607843 0.81960784
v -0.693695 0.017668 -0.100635 0.79607843 0.78431373 0.80784314
v -0.693694 0.023699 -0.102656 0.78039216 0.76470588 0.79607843
v -0.696708 0.032743 -0.103565 0.76078431 0.74509804 0.77254902
v -0.693694 0.029728 -0.103670 0.75686275 0.74117647 0.76470588
v -0.675693 0.047738 -0.100881 0.85490196 0.83529412 0.87450980
v -0.672665 0.044735 -0.102714 0.87450980 0.85882353 0.89411765
v -0.690679 0.026714 -0.103505 0.75686275 0.74117647 0.76862745
v -0.669578 0.041786 -0.104451 0.89411765 0.87450980 0.90980392
v -0.669661 0.047741 -0.102007 0.86274510 0.84313725 0.88235294
v -0.666636 0.044735 -0.103577 0.88235294 0.86666667 0.90196078
v -0.666741 0.050673 -0.101535 0.85098039 0.83137255 0.86666667
v 0.689530 0.005725 -0.100621 0.81960784 0.80784314 0.80784314
v 0.692544 0.008740 -0.100806 0.76862745 0.75294118 0.76078431
v 0.680486 0.002711 -0.101611 0.81568627 0.80392157 0.82352941
v 0.683501 0.005725 -0.102240 0.87450980 0.86274510 0.87450980
v 0.674457 -0.003318 -0.101158 0.71372549 0.70588235 0.71372549
v 0.686515 0.008740 -0.102723 0.85490196 0.84705882 0.85490196
v 0.677472 0.005725 -0.103742 0.79215686 0.78039216 0.79607843
v 0.668428 -0.003319 -0.104315 0.70196078 0.68627451 0.69803922
v 0.680486 0.008740 -0.104165 0.83529412 0.81960784 0.84313725
v 0.683501 0.011754 -0.104444 0.84313725 0.83137255 0.85882353
v 0.671443 -0.000304 -0.103951 0.72156863 0.70980392 0.71372549
v 0.689530 0.011754 -0.102584 0.83529412 0.82352941 0.83529412
v 0.692544 0.014769 -0.102226 0.77254902 0.76862745 0.77647059
v 0.686515 0.014769 -0.104224 0.85490196 0.84313725 0.86274510
v 0.677472 -0.000304 -0.101140 0.72549020 0.71372549 0.72549020
v 0.674457 0.002711 -0.103716 0.78039216 0.76862745 0.78039216
v 0.689530 0.017783 -0.104116 0.83529412 0.82745098 0.83921569
v 0.719696 0.023792 -0.100972 0.85882353 0.84705882 0.87058824
v 0.710631 0.020798 -0.100973 0.82745098 0.81176471 0.83137255
v 0.725754 0.023764 -0.100960 0.89411765 0.88627451 0.90588235
v 0.707617 0.023812 -0.101578 0.86274510 0.84705882 0.87450980
v 0.695559 0.017783 -0.101502 0.71764706 0.70980392 0.71372549
v 0.698573 0.020798 -0.101219 0.70588235 0.70196078 0.70196078
v 0.728750 0.026797 -0.101381 0.89019608 0.87843137 0.90196078
v 0.692544 0.020798 -0.103565 0.77647059 0.76470588 0.76862745
v 0.722712 0.026806 -0.101398 0.89019608 0.88235294 0.91372549
v 0.725727 0.029820 -0.101824 0.89019608 0.88235294 0.90980392
v 0.671443 0.035870 -0.104602 0.90196078 0.89411765 0.90980392
v 0.674457 0.038885 -0.103427 0.88235294 0.86666667 0.89411765
v 0.668428 0.038885 -0.104389 0.88235294 0.87058824 0.89019608
v 0.728740 0.032835 -0.101260 0.90588235 0.89803922 0.92549020
v 0.671443 0.041899 -0.103372 0.87450980 0.86274510 0.88627451
v 0.677472 0.041899 -0.102764 0.87058824 0.85882353 0.88627451
v 0.674457 0.044914 -0.102515 0.87058824 0.85490196 0.88627451
v 0.695559 0.023812 -0.102794 0.71372549 0.70196078 0.70980392
v 0.701588 0.023812 -0.101426 0.76862745 0.75686275 0.76862745
v 0.665413 0.041899 -0.104662 0.86666667 0.85490196 0.87450980
v 0.668428 0.044914 -0.103649 0.88235294 0.86666667 0.89411765
v 0.677472 0.035870 -0.104130 0.90196078 0.89019608 0.91372549
v 0.671442 0.047928 -0.101817 0.90980392 0.89411765 0.92156863
v 0.683500 0.035870 -0.104333 0.87450980 0.86274510 0.89019608
v 0.704602 0.026827 -0.102149 0.84313725 0.82745098 0.85490196
v 0.680486 0.038885 -0.103385 0.85882353 0.84705882 0.87450980
v 0.698573 0.026827 -0.102490 0.72941176 0.71764706 0.72941176
v 0.680486 0.044914 -0.101770 0.87450980 0.86666667 0.88627451
v 0.701588 0.029841 -0.102685 0.81568627 0.80392157 0.82745098
v 0.686515 0.038885 -0.103262 0.87450980 0.86274510 0.89019608
v 0.683501 0.041899 -0.102493 0.88235294 0.87058824 0.89411765
v 0.677472 0.047928 -0.100830 0.89411765 0.88235294 0.90980392
v 0.692544 0.026827 -0.104220 0.80392157 0.79215686 0.81960784
v 0.695559 0.029841 -0.103319 0.80784314 0.79215686 0.81960784
v 0.698573 0.032856 -0.102901 0.88235294 0.87450980 0.90588235
v 0.689530 0.041899 -0.101448 0.88627451 0.87843137 0.90196078
v 0.692544 0.032856 -0.103732 0.91764706 0.90980392 0.93333333
v 0.695559 0.035870 -0.102721 0.93333333 0.92941176 0.95294118
v 0.689530 0.035870 -0.103650 0.88627451 0.87450980 0.90196078
v 0.692544 0.038885 -0.102223 0.89411765 0.88627451 0.91372549
v 0.713646 0.023812 -0.101215 0.78039216 0.76862745 0.78823529
v 0.716660 0.026827 -0.101334 0.80784314 0.79607843 0.82352941
v 0.710631 0.026827 -0.101801 0.82352941 0.81176471 0.83529412
v 0.713646 0.029841 -0.101685 0.78823529 0.77254902 0.80392157
v 0.665413 0.047928 -0.103453 0.92156863 0.90980392 0.93333333
v 0.668428 0.050943 -0.101333 0.93725490 0.92549020 0.94509804
v 0.662399 0.050943 -0.102442 0.92941176 0.92156863 0.94117647
v 0.719694 0.029823 -0.101491 0.88235294 0.87058824 0.90588235
v 0.722690 0.032856 -0.101556 0.89803922 0.89019608 0.92549020
v 0.716660 0.032856 -0.101586 0.83137255 0.81960784 0.85490196
v 0.719675 0.035870 -0.100871 0.89803922 0.89019608 0.92156863
v 0.707617 0.029841 -0.102430 0.87450980 0.86274510 0.89411765
v 0.710631 0.032856 -0.101929 0.85490196 0.84705882 0.87058824
v 0.704602 0.032856 -0.102673 0.89803922 0.88627451 0.92156863
v 0.707617 0.035870 -0.101751 0.91372549 0.90196078 0.93333333
v 0.713646 0.035870 -0.101091 0.83137255 0.81960784 0.85098039
v 0.725722 0.035853 -0.100791 0.91372549 0.90980392 0.93333333
v 0.701588 0.035870 -0.102327 0.91764706 0.90980392 0.94117647
v 0.704602 0.038885 -0.100886 0.92941176 0.92156863 0.94117647
v 0.698573 0.038885 -0.101531 0.92941176 0.92156863 0.94509804
v 0.912605 0.023812 -0.103315 0.66666667 0.52549020 0.48235294
v 0.906600 0.029766 -0.101319 0.79607843 0.58039216 0.53725490
v 0.909613 0.032786 -0.104244 0.61960784 0.48235294 0.45882353
v 0.915619 0.026827 -0.103324 0.74117647 0.58039216 0.52941176
v 0.903617 0.032689 -0.101941 0.70196078 0.49803922 0.47843137
v 0.918634 0.029841 -0.104710 0.63137255 0.49019608 0.45490196
v 0.855383 0.020620 -0.100612 0.87058824 0.65882353 0.62745098
v 0.852408 0.023513 -0.102790 0.87058824 0.65882353 0.61568627
v 0.840270 0.017747 -0.100692 0.85098039 0.63137255 0.58823529
v 0.843294 0.020725 -0.101489 0.85490196 0.63529412 0.59215686
v 0.903568 0.020775 -0.103864 0.67058824 0.50588235 0.45490196
v 0.897532 0.020798 -0.101892 0.68235294 0.51372549 0.46274510
v 0.867412 0.020717 -0.103536 0.76862745 0.58039216 0.52941176
v 0.846363 0.023564 -0.101506 0.86666667 0.64705882 0.60392157
v 0.849415 0.026464 -0.102350 0.87843137 0.65490196 0.61568627
v 0.843346 0.026589 -0.102830 0.89803922 0.68627451 0.64313725
v 0.906576 0.023810 -0.102160 0.63137255 0.49019608 0.44313725
v 0.846411 0.029449 -0.101799 0.86666667 0.64705882 0.60392157
v 0.909590 0.026827 -0.101825 0.72549020 0.54117647 0.48235294
v 0.840323 0.029633 -0.102024 0.89019608 0.67058824 0.63137255
v 0.912605 0.029841 -0.102790 0.76078431 0.59607843 0.54901961
v -0.796226 0.041824 -0.100595 0.88235294 0.67843137 0.63529412
v -0.870651 0.019785 -0.100595 0.67843137 0.49411765 0.45490196
v -0.789885 0.042060 -0.100595 0.89019608 0.68627451 0.63921569
v -0.787813 0.009295 -0.100595 0.74901961 0.52549020 0.47843137
v -0.860188 0.021381 -0.100595 0.77647059 0.56470588 0.52549020
v -0.786165 0.009606 -0.100595 0.75294118 0.52549020 0.48235294
v -0.777768 0.011308 -0.100595 0.75686275 0.55294118 0.49803922
v -0.769150 0.014749 -0.100595 0.76078431 0.53725490 0.49411765
v -0.856300 0.035936 -0.100595 0.84705882 0.60392157 0.56470588
v -0.784341 0.041992 -0.100595 0.87843137 0.69019608 0.64705882
v -0.778501 0.041386 -0.100595 0.90980392 0.72156863 0.68627451
v -0.770196 0.039867 -0.100595 0.90980392 0.86274510 0.89411765
v -0.837100 0.034467 -0.100595 0.85098039 0.63921569 0.60000000
v -0.768663 0.015050 -0.100595 0.75686275 0.53725490 0.49411765
v -0.759154 0.024558 -0.100595 0.92156863 0.90980392 0.93333333
v -0.831672 0.036448 -0.100595 0.85882353 0.63921569 0.60784314
v -0.758209 0.027924 -0.100595 0.94901961 0.93725490 0.94901961
v -0.828271 0.037695 -0.100595 0.85098039 0.64313725 0.61568627
v -0.768500 0.039331 -0.100595 0.93725490 0.90980392 0.94117647
v 0.760785 0.016677 -0.100595 0.90980392 0.91372549 0.94117647
v -0.818882 0.040365 -0.100595 0.87058824 0.66666667 0.62745098
v -0.760789 0.034983 -0.100595 0.94901961 0.93725490 0.94117647
v 0.755464 0.023408 -0.100595 0.92156863 0.91764706 0.92941176
v 0.766827 0.012835 -0.100595 0.88627451 0.83921569 0.87450980
v 0.754989 0.024673 -0.100595 0.91764706 0.91764706 0.92941176
v -0.811944 0.009311 -0.100595 0.73725490 0.52941176 0.47450980
v -0.762383 0.020040 -0.100595 0.67450980 0.60784314 0.58431373
v -0.810674 0.009213 -0.100595 0.74117647 0.53725490 0.48627451
v 0.812729 0.008343 -0.100595 0.84705882 0.63921569 0.59215686
v -0.799264 0.008688 -0.100595 0.75294118 0.54117647 0.49411765
v 0.807910 0.007926 -0.100595 0.84705882 0.63921569 0.59215686
v -0.799138 0.008691 -0.100595 0.75686275 0.54509804 0.49803922
v 0.757793 0.033927 -0.100595 0.93725490 0.93725490 0.95294118
v 0.799794 0.007466 -0.100595 0.83921569 0.63921569 0.59215686
v -0.815323 0.040739 -0.100595 0.87843137 0.66666667 0.63529412
v -0.807842 0.041382 -0.100595 0.86274510 0.67843137 0.61960784
v 0.828893 0.035080 -0.100595 0.89803922 0.68627451 0.63921569
v -0.802271 0.041732 -0.100595 0.87450980 0.68235294 0.61960784
v 0.765811 0.037967 -0.100595 0.93725490 0.93725490 0.94509804
v 0.827910 0.035429 -0.100595 0.90196078 0.69803922 0.64313725
v 0.775904 0.039932 -0.100595 0.92941176 0.89803922 0.89411765
v 0.796354 0.007424 -0.100595 0.83137255 0.63529412 0.58431373
v 0.771389 0.039352 -0.100595 0.94901961 0.95686275 0.96078431
v 0.787804 0.007534 -0.100595 0.82745098 0.63137255 0.58039216
v 0.783586 0.008134 -0.100595 0.80392157 0.61568627 0.57647059
v 0.784774 0.040679 -0.100595 0.85882353 0.66666667 0.62745098
v 0.777380 0.009169 -0.100595 0.75294118 0.55294118 0.51372549
v 0.768293 0.012136 -0.100595 0.76078431 0.65882353 0.66666667
v 0.787264 0.040625 -0.100595 0.87450980 0.67058824 0.63137255
v 0.812687 0.039244 -0.100595 0.91764706 0.71764706 0.65490196
v 0.807998 0.039643 -0.100595 0.91372549 0.72156863 0.66274510
v 0.818853 0.038405 -0.100595 0.91764706 0.70980392 0.65098039
v 0.799608 0.040308 -0.100595 0.94117647 0.74509804 0.69019608
v 0.796571 0.040382 -0.100595 0.93725490 0.73725490 0.67450980
v 0.853239 0.034585 -0.100595 0.85882353 0.63137255 0.58823529
v 0.849737 0.032601 -0.100595 0.83529412 0.61568627 0.56862745
v 0.862613 0.037307 -0.100595 0.84705882 0.61960784 0.57254902
v -0.793173 0.038772 -0.104017 0.89803922 0.70980392 0.65882353
v -0.859493 0.032743 -0.103844 0.85882353 0.61568627 0.58039216
v -0.793173 0.014656 -0.108881 0.79607843 0.58039216 0.53333333
v -0.787144 0.032743 -0.107702 0.92156863 0.72549020 0.68627451
v -0.835377 0.032743 -0.107989 0.84313725 0.61960784 0.58039216
v -0.781115 0.026714 -0.108441 0.92156863 0.70588235 0.67843137
v -0.781115 0.014656 -0.105309 0.80000000 0.58039216 0.52549020
v -0.817289 0.038772 -0.103397 0.87843137 0.66666667 0.63921569
v -0.775086 0.020685 -0.106230 0.85882353 0.65098039 0.61176471
v -0.781120 0.038768 -0.103142 0.89411765 0.71764706 0.69019608
v -0.775090 0.032739 -0.105424 0.91372549 0.72156863 0.66274510
v -0.805231 0.038772 -0.104237 0.87450980 0.68235294 0.63529412
v -0.769067 0.038763 -0.101099 0.95294118 0.90980392 0.94117647
v 0.761881 0.017780 -0.101684 0.92549020 0.92156863 0.95686275
v -0.769060 0.026711 -0.104802 0.77254902 0.60392157 0.54901961
v 0.755858 0.023803 -0.100857 0.92549020 0.92156863 0.92941176
v -0.763028 0.020685 -0.101194 0.65882353 0.58431373 0.56078431
v -0.763032 0.032739 -0.101887 0.94117647 0.92941176 0.92941176
v 0.767909 0.023810 -0.105534 0.94117647 0.93725490 0.95294118
v 0.761880 0.029840 -0.102917 0.94117647 0.93333333 0.94117647
v 0.792023 0.011754 -0.107940 0.81960784 0.61960784 0.55686275
v 0.773936 0.029841 -0.106336 0.87058824 0.78039216 0.77647059
v 0.767907 0.035870 -0.102392 0.94901961 0.94509804 0.96078431
v 0.779965 0.011754 -0.104629 0.78823529 0.58039216 0.55686275
v 0.779966 0.035870 -0.104486 0.87843137 0.71764706 0.68627451
v 0.773936 0.017783 -0.106382 0.82745098 0.64313725 0.59607843
v 0.779965 0.023812 -0.108966 0.92941176 0.74509804 0.71764706
v 0.785995 0.029841 -0.108520 0.90980392 0.75686275 0.70980392
v 0.792027 0.035860 -0.105503 0.90980392 0.70980392 0.64705882
v 0.816164 0.035795 -0.105650 0.90588235 0.70196078 0.65490196
v 0.804104 0.035803 -0.105959 0.91764706 0.72941176 0.67450980
v 0.858494 0.029374 -0.104853 0.87058824 0.62745098 0.58823529
v 0.864568 0.035283 -0.103951 0.86274510 0.63529412 0.58039216
v -0.893447 0.028934 -0.096332 0.69019608 0.49803922 0.43921569
v -0.893366 0.030442 -0.096332 0.66274510 0.46666667 0.41176471
v -0.890583 0.025769 -0.096332 0.68235294 0.50196078 0.45490196
v -0.886702 0.023777 -0.096332 0.49019608 0.36862745 0.33725490
v -0.890611 0.033716 -0.096332 0.67450980 0.46274510 0.40000000
v -0.721978 0.015620 -0.096332 0.82352941 0.81568627 0.83529412
v -0.720213 0.015266 -0.096332 0.81960784 0.81176471 0.83529412
v -0.696445 0.050567 -0.096332 0.84313725 0.81960784 0.84705882
v -0.715452 0.013996 -0.096332 0.79215686 0.77647059 0.80392157
v -0.713518 0.013288 -0.096332 0.77647059 0.76078431 0.78823529
v -0.691407 0.050103 -0.096332 0.82352941 0.80784314 0.83529412
v -0.710947 0.012472 -0.096332 0.76078431 0.74509804 0.76862745
v -0.690059 0.050093 -0.096332 0.82745098 0.81176471 0.83921569
v -0.887058 0.036192 -0.096332 0.74117647 0.52156863 0.44705882
v -0.705970 0.011420 -0.096332 0.71372549 0.70980392 0.72549020
v -0.886597 0.023726 -0.096332 0.57647059 0.41960784 0.38431373
v -0.882078 0.022215 -0.096332 0.52549020 0.36862745 0.33725490
v -0.878019 0.021124 -0.096332 0.55294118 0.39215686 0.35686275
v -0.685355 0.051373 -0.096332 0.81960784 0.80000000 0.83137255
v -0.705520 0.011404 -0.096332 0.71372549 0.70588235 0.72156863
v -0.877319 0.020945 -0.096332 0.44705882 0.30196078 0.27058824
v -0.693095 0.011039 -0.096332 0.79607843 0.78823529 0.80784314
v -0.699792 0.011706 -0.096332 0.74509804 0.73333333 0.75686275
v -0.699665 0.011697 -0.096332 0.74509804 0.73333333 0.75686275
v -0.689014 0.010291 -0.096332 0.80392157 0.79607843 0.81568627
v -0.694137 0.011196 -0.096332 0.79607843 0.78823529 0.80784314
v -0.871596 0.020730 -0.096332 0.41568627 0.28627451 0.25098039
v -0.685820 0.009796 -0.096332 0.80784314 0.79607843 0.81960784
v -0.885398 0.036983 -0.096332 0.77254902 0.54901961 0.48235294
v -0.727577 0.045152 -0.096332 0.92941176 0.92156863 0.94117647
v -0.681976 0.053851 -0.096332 0.85882353 0.84313725 0.87058824
v -0.725918 0.045753 -0.096332 0.92941176 0.91764706 0.94117647
v -0.679212 0.057042 -0.096332 0.90196078 0.89803922 0.91764706
v -0.676880 0.058643 -0.096332 0.90980392 0.90588235 0.92941176
v -0.683680 0.009597 -0.096332 0.81176471 0.80000000 0.82745098
v -0.722778 0.046439 -0.096332 0.92549020 0.90980392 0.93725490
v -0.679090 0.009095 -0.096332 0.78039216 0.76470588 0.79215686
v -0.718073 0.047563 -0.096332 0.91764706 0.90588235 0.92156863
v -0.675613 0.059260 -0.096332 0.90980392 0.90588235 0.93333333
v -0.678267 0.008981 -0.096332 0.76078431 0.74509804 0.77254902
v -0.717825 0.047639 -0.096332 0.91372549 0.90196078 0.91764706
v -0.670630 0.060244 -0.096332 0.91372549 0.90588235 0.93333333
v -0.882772 0.037934 -0.096332 0.81176471 0.58431373 0.53333333
v -0.877815 0.039007 -0.096332 0.80392157 0.56862745 0.52156863
v -0.673060 0.008159 -0.096332 0.74117647 0.72549020 0.75294118
v -0.877262 0.039090 -0.096332 0.80000000 0.55686275 0.51372549
v -0.713843 0.049724 -0.096332 0.87450980 0.86666667 0.88235294
v -0.669087 0.060426 -0.096332 0.91372549 0.90196078 0.93333333
v -0.671913 0.007948 -0.096332 0.74509804 0.73333333 0.75686275
v -0.872171 0.039392 -0.096332 0.77254902 0.53725490 0.49019608
v -0.709325 0.051344 -0.096332 0.89019608 0.87450980 0.89803922
v -0.870994 0.039329 -0.096332 0.78823529 0.54509804 0.50588235
v -0.667978 0.007212 -0.096332 0.78431373 0.76862745 0.79215686
v -0.865720 0.038574 -0.096332 0.78431373 0.54117647 0.49803922
v -0.664357 0.006421 -0.096332 0.79215686 0.77647059 0.79607843
v -0.708256 0.051344 -0.096332 0.89019608 0.86274510 0.89411765
v -0.871487 0.020749 -0.096332 0.60784314 0.44705882 0.40784314
v -0.865217 0.038467 -0.096332 0.78431373 0.54509804 0.49803922
v -0.703033 0.050535 -0.096332 0.87058824 0.84705882 0.88235294
v -0.858599 0.019791 -0.096332 0.75686275 0.55294118 0.50980392
v -0.702356 0.050449 -0.096332 0.87058824 0.85098039 0.88235294
v -0.854839 0.019310 -0.096332 0.78039216 0.56862745 0.52941176
v -0.696976 0.050563 -0.096332 0.84705882 0.82745098 0.85490196
v -0.851753 0.018974 -0.096332 0.78431373 0.56862745 0.52941176
v -0.849411 0.018708 -0.096332 0.78431373 0.56862745 0.52549020
v -0.844601 0.017489 -0.096332 0.77254902 0.56078431 0.51764706
v -0.844044 0.017294 -0.096332 0.76470588 0.55294118 0.50588235
v -0.840245 0.015816 -0.096332 0.76470588 0.55294118 0.50588235
v -0.836009 0.014024 -0.096332 0.75294118 0.54117647 0.49411765
v -0.834014 0.013293 -0.096332 0.74901961 0.54117647 0.49019608
v -0.831528 0.012475 -0.096332 0.74117647 0.53333333 0.48235294
v -0.736133 0.023467 -0.096332 0.79215686 0.77647059 0.81176471
v -0.733698 0.019872 -0.096332 0.80392157 0.79215686 0.81960784
v -0.731066 0.016474 -0.096332 0.81568627 0.80392157 0.83137255
v -0.727199 0.014802 -0.096332 0.80784314 0.80392157 0.82745098
v -0.726676 0.014832 -0.096332 0.80784314 0.80392157 0.82745098
v -0.741128 0.042591 -0.096332 0.92156863 0.91764706 0.93333333
v -0.737351 0.042983 -0.096332 0.92549020 0.91764706 0.93333333
v -0.734535 0.043165 -0.096332 0.92549020 0.92156863 0.93725490
v -0.732191 0.043697 -0.096332 0.92941176 0.92156863 0.94117647
v 0.708321 -0.001008 -0.096332 0.75686275 0.74117647 0.72941176
v 0.705751 -0.002170 -0.096332 0.76470588 0.74901961 0.73333333
v 0.693833 -0.004607 -0.096332 0.76470588 0.74509804 0.76862745
v 0.690294 -0.005569 -0.096332 0.78039216 0.75686275 0.77647059
v 0.697453 -0.002198 -0.096332 0.76862745 0.75686275 0.77647059
v 0.703383 -0.002099 -0.096332 0.77254902 0.76470588 0.75686275
v 0.737339 0.041476 -0.096332 0.91372549 0.91372549 0.93333333
v 0.700267 -0.001625 -0.096332 0.79215686 0.78431373 0.79215686
v 0.732036 0.042202 -0.096332 0.92549020 0.92156863 0.94509804
v 0.731442 0.042191 -0.096332 0.92549020 0.92549020 0.94509804
v 0.711475 0.001867 -0.096332 0.77647059 0.75294118 0.76078431
v 0.726410 0.042605 -0.096332 0.92549020 0.92549020 0.94509804
v 0.714262 0.005108 -0.096332 0.78431373 0.76470588 0.78039216
v 0.717443 0.007957 -0.096332 0.78431373 0.76470588 0.78823529
v 0.720900 0.010529 -0.096332 0.82352941 0.80784314 0.83137255
v 0.724526 0.043077 -0.096332 0.92549020 0.92549020 0.94509804
v 0.730252 0.013236 -0.096332 0.81960784 0.80392157 0.82745098
v 0.726177 0.012108 -0.096332 0.82352941 0.80392157 0.82745098
v 0.725430 0.012029 -0.096332 0.82745098 0.80784314 0.83137255
v 0.721288 0.043512 -0.096332 0.92549020 0.92156863 0.94509804
v 0.733105 0.016413 -0.096332 0.84313725 0.83137255 0.85882353
v 0.735770 0.019777 -0.096332 0.86274510 0.85098039 0.87450980
v 0.717666 0.043908 -0.096332 0.89803922 0.89019608 0.92156863
v 0.739602 0.021975 -0.096332 0.87843137 0.86666667 0.90196078
v 0.715773 0.044026 -0.096332 0.89803922 0.89019608 0.92156863
v 0.676024 0.055405 -0.096332 0.92156863 0.91372549 0.92941176
v 0.742082 0.021964 -0.096332 0.89803922 0.88627451 0.92156863
v 0.673427 0.055942 -0.096332 0.91764706 0.90588235 0.92549020
v 0.668546 0.056854 -0.096332 0.91764706 0.90980392 0.92941176
v 0.668338 0.056882 -0.096332 0.92156863 0.90980392 0.92941176
v 0.710885 0.044660 -0.096332 0.91764706 0.90980392 0.93725490
v 0.662541 0.056830 -0.096332 0.91764706 0.90980392 0.92549020
v 0.710478 0.044761 -0.096332 0.92156863 0.91372549 0.93725490
v 0.738454 0.041207 -0.096332 0.90588235 0.90980392 0.92941176
v 0.705056 0.045368 -0.096332 0.91764706 0.90980392 0.92941176
v 0.703908 0.045608 -0.096332 0.91764706 0.90980392 0.92941176
v 0.700375 0.046715 -0.096332 0.91764706 0.90980392 0.92941176
v 0.688984 -0.005787 -0.096332 0.77647059 0.75294118 0.76862745
v 0.694911 0.048576 -0.096332 0.90196078 0.89411765 0.91764706
v 0.695811 0.048180 -0.096332 0.90588235 0.89803922 0.92156863
v 0.691637 0.050035 -0.096332 0.90588235 0.89803922 0.92156863
v 0.687353 0.051781 -0.096332 0.92156863 0.91372549 0.93333333
v 0.685008 -0.004826 -0.096332 0.76470588 0.74509804 0.76470588
v 0.684597 0.052862 -0.096332 0.92941176 0.91764706 0.93725490
v 0.682985 0.053442 -0.096332 0.92549020 0.91372549 0.93333333
v 0.682033 -0.004866 -0.096332 0.74901961 0.73333333 0.75294118
v 0.678777 -0.005028 -0.096332 0.73725490 0.72549020 0.74117647
v 0.678398 0.054884 -0.096332 0.91764706 0.90588235 0.92549020
v 0.676452 -0.005314 -0.096332 0.74117647 0.72941176 0.74509804
v 0.672209 -0.005567 -0.096332 0.74117647 0.72549020 0.74117647
v 0.670717 -0.005608 -0.096332 0.73333333 0.71764706 0.73725490
v 0.665812 -0.005935 -0.096332 0.72941176 0.71372549 0.73333333
v 0.874182 0.020032 -0.096332 0.64313725 0.47450980 0.41568627
v 0.872334 0.019716 -0.096332 0.65098039 0.48627451 0.42352941
v 0.879249 0.020994 -0.096332 0.60000000 0.43921569 0.37647059
v 0.868730 0.019454 -0.096332 0.64313725 0.48235294 0.41176471
v 0.837334 0.014676 -0.096332 0.83921569 0.62352941 0.58039216
v 0.866108 0.019519 -0.096332 0.65490196 0.49803922 0.42745098
v 0.836969 0.014493 -0.096332 0.83921569 0.62745098 0.58039216
v 0.862557 0.019576 -0.096332 0.67843137 0.51372549 0.44705882
v 0.828772 0.011180 -0.096332 0.83921569 0.62745098 0.58039216
v 0.833314 0.012667 -0.096332 0.83921569 0.62745098 0.58039216
v 0.856902 0.019157 -0.096332 0.78431373 0.58823529 0.54509804
v 0.860115 0.019504 -0.096332 0.75294118 0.56470588 0.51764706
v 0.853369 0.018751 -0.096332 0.81960784 0.61568627 0.57254902
v 0.851505 0.018535 -0.096332 0.82352941 0.61568627 0.57254902
v 0.846483 0.017908 -0.096332 0.83921569 0.62745098 0.58431373
v 0.884022 0.022240 -0.096332 0.55686275 0.43137255 0.35294118
v 0.841622 0.016398 -0.096332 0.83529412 0.62352941 0.58039216
v 0.879719 0.021071 -0.096332 0.59607843 0.44313725 0.37647059
v 0.888131 0.024167 -0.096332 0.65882353 0.47450980 0.41568627
v 0.846186 0.017846 -0.096332 0.83921569 0.62745098 0.58431373
v 0.891037 0.027274 -0.096332 0.75686275 0.53725490 0.49411765
v 0.889871 0.031123 -0.096332 0.81960784 0.59607843 0.55294118
v 0.874082 0.038066 -0.096332 0.79215686 0.52549020 0.49803922
v 0.872977 0.038099 -0.096332 0.80784314 0.58039216 0.54509804
v 0.886497 0.033720 -0.096332 0.85882353 0.64705882 0.60392157
v 0.868262 0.037781 -0.096332 0.82745098 0.60784314 0.56862745
v 0.866624 0.037656 -0.096332 0.82352941 0.60784314 0.56470588
v 0.882635 0.035839 -0.096332 0.78823529 0.60784314 0.56078431
v 0.882190 0.036037 -0.096332 0.78431373 0.60000000 0.55294118
v 0.878205 0.037436 -0.096332 0.76078431 0.52941176 0.47450980
v -0.726965 0.020575 -0.097982 0.82352941 0.81960784 0.83921569
v -0.723940 0.017569 -0.097096 0.82745098 0.82352941 0.83921569
v -0.723950 0.023591 -0.098855 0.81960784 0.81568627 0.83529412
v -0.901696 0.026714 -0.099098 0.65098039 0.45098039 0.40000000
v -0.693694 0.047816 -0.098250 0.87058824 0.85490196 0.87450980
v -0.690680 0.044801 -0.100396 0.88627451 0.86666667 0.89411765
v -0.687731 0.047756 -0.098301 0.85490196 0.83529412 0.86666667
v -0.684736 0.050754 -0.096845 0.83137255 0.80784314 0.83921569
v -0.898682 0.023699 -0.099815 0.56078431 0.38823529 0.34901961
v -0.699724 0.017667 -0.100002 0.82352941 0.81176471 0.83137255
v -0.898682 0.029728 -0.097972 0.65098039 0.45098039 0.38823529
v -0.696709 0.014653 -0.098648 0.81176471 0.80392157 0.82352941
v -0.895667 0.026714 -0.097345 0.65882353 0.47843137 0.42352941
v -0.693695 0.011639 -0.096729 0.80000000 0.79215686 0.81176471
v -0.690679 0.014656 -0.099085 0.79607843 0.78823529 0.81176471
v -0.720922 0.020588 -0.098226 0.83529412 0.83137255 0.85490196
v -0.717897 0.017583 -0.097840 0.82745098 0.81960784 0.84705882
v -0.687665 0.011641 -0.097566 0.80392157 0.79215686 0.81568627
v -0.892653 0.023699 -0.097996 0.48235294 0.35686275 0.32156863
v -0.720928 0.026613 -0.099893 0.81568627 0.80000000 0.82352941
v -0.895667 0.032743 -0.097728 0.66274510 0.45882353 0.39215686
v -0.684650 0.014656 -0.099951 0.75294118 0.74117647 0.76470588
v -0.904711 0.029728 -0.099804 0.66666667 0.46274510 0.41176471
v -0.886623 0.023699 -0.096362 0.52156863 0.38431373 0.35294118
v -0.717900 0.023611 -0.099607 0.81176471 0.80784314 0.82352941
v -0.883609 0.020685 -0.099379 0.51372549 0.37647059 0.35294118
v -0.714876 0.020604 -0.099359 0.81960784 0.81176471 0.83529412
v -0.681636 0.011641 -0.098151 0.76862745 0.75294118 0.78039216
v -0.892653 0.035758 -0.098932 0.78823529 0.55686275 0.49019608
v -0.901696 0.032743 -0.099762 0.73333333 0.49803922 0.43529412
v -0.675607 0.011641 -0.099010 0.76862745 0.75686275 0.78039216
v -0.877580 0.020685 -0.096939 0.54509804 0.38431373 0.34901961
v -0.681719 0.047741 -0.099504 0.85490196 0.83529412 0.87058824
v -0.727004 0.032602 -0.100434 0.89019608 0.87058824 0.90196078
v -0.723985 0.029590 -0.100278 0.80784314 0.79215686 0.81960784
v -0.871551 0.020685 -0.096372 0.58039216 0.41568627 0.38039216
v -0.720948 0.038658 -0.100136 0.91764706 0.90588235 0.92941176
v -0.883609 0.038772 -0.099353 0.79607843 0.56862745 0.51764706
v -0.672592 0.008627 -0.096833 0.75294118 0.74117647 0.76470588
v -0.714841 0.014607 -0.096774 0.79607843 0.78039216 0.80784314
v -0.711823 0.017627 -0.098842 0.79607843 0.78431373 0.81176471
v -0.669578 0.011641 -0.100106 0.79607843 0.78431373 0.80784314
v -0.666563 0.008627 -0.098132 0.80784314 0.79215686 0.81568627
v -0.859493 0.020685 -0.098841 0.75686275 0.55294118 0.51372549
v -0.681812 0.053689 -0.096451 0.85490196 0.83921569 0.86666667
v -0.678835 0.056672 -0.096630 0.90196078 0.89411765 0.91372549
v -0.678721 0.050741 -0.098617 0.83137255 0.80784314 0.84705882
v -0.675785 0.053688 -0.098671 0.85882353 0.84313725 0.87450980
v -0.708791 0.014629 -0.097808 0.75686275 0.74901961 0.76470588
v -0.672688 0.050746 -0.100323 0.83529412 0.81568627 0.85098039
v -0.705753 0.011637 -0.096483 0.71372549 0.70980392 0.72549020
v -0.853464 0.020685 -0.099800 0.79607843 0.58039216 0.54117647
v -0.708791 0.020658 -0.100469 0.76078431 0.74117647 0.77254902
v -0.844420 0.017670 -0.096981 0.77647059 0.56078431 0.51764706
v -0.705774 0.017646 -0.099588 0.78431373 0.76862745 0.78823529
v -0.702739 0.014652 -0.098228 0.77254902 0.76470588 0.78039216
v -0.672874 0.056614 -0.098473 0.89803922 0.89019608 0.91764706
v -0.727038 0.044634 -0.096851 0.92941176 0.92156863 0.94117647
v -0.669764 0.053681 -0.100420 0.85882353 0.83921569 0.87843137
v -0.724014 0.041626 -0.098902 0.92549020 0.91372549 0.93333333
v -0.720974 0.044665 -0.097604 0.92941176 0.91372549 0.94117647
v -0.669926 0.059573 -0.097084 0.91372549 0.90196078 0.93333333
v -0.717938 0.041669 -0.099130 0.91372549 0.90196078 0.92941176
v -0.666861 0.056600 -0.099620 0.89411765 0.87450980 0.90980392
v -0.847435 0.032743 -0.100506 0.85882353 0.63921569 0.60392157
v -0.714883 0.044722 -0.098613 0.88627451 0.87058824 0.89803922
v -0.711860 0.047744 -0.098056 0.89803922 0.88627451 0.90196078
v -0.735988 0.023612 -0.096428 0.79215686 0.78039216 0.81176471
v -0.708790 0.050809 -0.096742 0.89019608 0.87058824 0.89803922
v -0.714886 0.038688 -0.100585 0.87450980 0.85882353 0.89019608
v -0.732984 0.020586 -0.096960 0.80392157 0.79215686 0.81960784
v -0.708792 0.044778 -0.100310 0.90588235 0.89411765 0.90980392
v -0.705775 0.047795 -0.098563 0.90196078 0.88627451 0.90980392
v -0.729971 0.017569 -0.097302 0.81568627 0.80784314 0.83137255
v -0.732997 0.026605 -0.098651 0.80784314 0.80000000 0.82352941
v -0.702738 0.044801 -0.100055 0.89803922 0.89019608 0.90980392
v -0.729984 0.023587 -0.098981 0.81176471 0.80392157 0.82745098
v -0.699723 0.047816 -0.098187 0.89019608 0.87450980 0.90196078
v -0.744969 0.038746 -0.097338 0.92156863 0.92156863 0.93333333
v -0.696709 0.044801 -0.100556 0.89411765 0.88235294 0.90196078
v -0.741958 0.035728 -0.097713 0.91764706 0.91372549 0.93333333
v -0.742011 0.041709 -0.096619 0.92156863 0.91764706 0.93333333
v -0.739004 0.038686 -0.097552 0.92156863 0.91764706 0.93333333
v -0.738973 0.032685 -0.097830 0.91764706 0.90980392 0.93333333
v -0.736014 0.035648 -0.098189 0.92549020 0.91764706 0.93725490
v -0.736040 0.041655 -0.096991 0.92941176 0.92156863 0.93725490
v -0.733031 0.038635 -0.098629 0.92941176 0.92156863 0.94117647
v -0.735997 0.029634 -0.097901 0.87058824 0.86274510 0.89019608
v -0.733036 0.032599 -0.098873 0.91372549 0.90196078 0.92941176
v -0.730025 0.029580 -0.099859 0.84313725 0.82745098 0.85490196
v -0.730030 0.035607 -0.099700 0.92549020 0.91372549 0.93725490
v -0.730063 0.041608 -0.097960 0.93333333 0.92549020 0.94509804
v -0.727012 0.038626 -0.099695 0.92549020 0.91764706 0.93725490
v -0.727001 0.026573 -0.099438 0.80784314 0.80000000 0.82352941
v 0.707617 -0.000304 -0.096544 0.78039216 0.76470588 0.75686275
v 0.692544 -0.003319 -0.097129 0.75686275 0.73725490 0.75686275
v 0.686515 -0.003319 -0.099774 0.75686275 0.74117647 0.75294118
v 0.695559 -0.000304 -0.097066 0.76862745 0.74509804 0.78039216
v 0.701588 -0.000304 -0.096663 0.81568627 0.80784314 0.81176471
v 0.680486 -0.003318 -0.099808 0.71372549 0.69803922 0.71764706
v 0.704602 0.002711 -0.097263 0.85490196 0.83529412 0.85098039
v 0.698573 0.002711 -0.097377 0.78823529 0.76470588 0.80392157
v 0.701588 0.005725 -0.097903 0.81176471 0.78823529 0.83137255
v 0.683501 -0.000304 -0.100054 0.77647059 0.76078431 0.78039216
v 0.710631 0.002711 -0.096644 0.79215686 0.77254902 0.78431373
v 0.713646 0.005725 -0.096726 0.78039216 0.76078431 0.78039216
v 0.716686 0.008714 -0.096913 0.78431373 0.76862745 0.78823529
v 0.719723 0.011706 -0.097117 0.81960784 0.81176471 0.83137255
v 0.707617 0.005725 -0.097680 0.83137255 0.81176471 0.83921569
v 0.713664 0.017766 -0.100066 0.78823529 0.77647059 0.78823529
v 0.710631 0.008739 -0.098186 0.80392157 0.78823529 0.80784314
v 0.704602 0.008740 -0.098304 0.84313725 0.82745098 0.86666667
v 0.707617 0.011754 -0.098797 0.83529412 0.82745098 0.84705882
v 0.713646 0.011754 -0.098666 0.78431373 0.77254902 0.79607843
v 0.716703 0.014726 -0.098918 0.80000000 0.79215686 0.81176471
v 0.716680 0.020779 -0.100557 0.79607843 0.79215686 0.80784314
v 0.710631 0.014769 -0.099552 0.81960784 0.80392157 0.81568627
v 0.728786 0.014702 -0.097802 0.83921569 0.82352941 0.84705882
v 0.716660 0.038885 -0.099351 0.86666667 0.85882353 0.89019608
v 0.722741 0.014718 -0.098162 0.85490196 0.84705882 0.87058824
v 0.725763 0.017725 -0.099119 0.87058824 0.85882353 0.88235294
v 0.731805 0.017712 -0.097742 0.85490196 0.83921569 0.86666667
v 0.734827 0.020720 -0.097285 0.86274510 0.85490196 0.87843137
v 0.710631 0.038885 -0.100016 0.90588235 0.89803922 0.92156863
v 0.728781 0.020737 -0.100330 0.87843137 0.86666667 0.89019608
v 0.713646 0.041899 -0.097759 0.88235294 0.87843137 0.90588235
v 0.731796 0.023752 -0.100141 0.87450980 0.86666667 0.88627451
v 0.731753 0.035852 -0.099573 0.90980392 0.90588235 0.92941176
v 0.686515 0.044914 -0.100575 0.88627451 0.87450980 0.89803922
v 0.728718 0.038885 -0.098751 0.91764706 0.91372549 0.93333333
v 0.719720 0.017739 -0.099607 0.83921569 0.83529412 0.85882353
v 0.722690 0.038885 -0.099317 0.92156863 0.91372549 0.94117647
v 0.683501 0.047928 -0.099742 0.88627451 0.87843137 0.89803922
v 0.725704 0.041899 -0.097024 0.92156863 0.92156863 0.93725490
v 0.734764 0.038870 -0.097900 0.90980392 0.90980392 0.92941176
v 0.731733 0.041899 -0.096569 0.92549020 0.92156863 0.94509804
v 0.680486 0.050943 -0.098612 0.92941176 0.92156863 0.94117647
v 0.722714 0.020774 -0.100270 0.87450980 0.86666667 0.88627451
v 0.674457 0.050943 -0.099870 0.93333333 0.92156863 0.94117647
v 0.719675 0.041899 -0.097491 0.91764706 0.90980392 0.93725490
v 0.677472 0.053957 -0.097382 0.93333333 0.92549020 0.94117647
v 0.737839 0.023739 -0.097529 0.87450980 0.86274510 0.89411765
v 0.701588 0.041899 -0.099383 0.92549020 0.92156863 0.93725490
v 0.743851 0.023754 -0.097144 0.91764706 0.90588235 0.93725490
v 0.740837 0.026769 -0.097642 0.89019608 0.88627451 0.91372549
v 0.734808 0.026769 -0.098791 0.88235294 0.87450980 0.90196078
v 0.737789 0.029815 -0.097208 0.88627451 0.87843137 0.90980392
v 0.665413 0.053957 -0.099764 0.91372549 0.90980392 0.92549020
v 0.707617 0.041899 -0.098895 0.92549020 0.91764706 0.93725490
v 0.671443 0.053957 -0.098608 0.92156863 0.91372549 0.93333333
v 0.704602 0.044914 -0.096769 0.91764706 0.90980392 0.92941176
v 0.695559 0.041899 -0.100380 0.91372549 0.90588235 0.92941176
v 0.698573 0.044914 -0.098010 0.92549020 0.91764706 0.93725490
v 0.731763 0.029813 -0.100124 0.90196078 0.89411765 0.92156863
v 0.734770 0.032835 -0.098726 0.89803922 0.89411765 0.92156863
v 0.692544 0.044914 -0.099224 0.90588235 0.89803922 0.92156863
v 0.740800 0.032834 -0.097855 0.89803922 0.89411765 0.92549020
v 0.695559 0.047928 -0.096580 0.90588235 0.89803922 0.92549020
v 0.689530 0.047928 -0.098245 0.89019608 0.88235294 0.90196078
v 0.737783 0.035850 -0.098023 0.90196078 0.89803922 0.92549020
v 0.743810 0.035852 -0.097881 0.90980392 0.90588235 0.93333333
v 0.740777 0.038885 -0.097002 0.90980392 0.90980392 0.92941176
v 0.689530 -0.000304 -0.099131 0.76470588 0.74901961 0.76470588
v 0.692544 0.002710 -0.098681 0.76078431 0.74901961 0.76078431
v 0.686515 0.002711 -0.100298 0.83921569 0.82745098 0.83921569
v 0.695559 0.005725 -0.099005 0.74509804 0.72941176 0.74509804
v 0.686515 0.050943 -0.097126 0.92156863 0.91372549 0.93333333
v 0.698573 0.008740 -0.098916 0.75294118 0.72941176 0.76078431
v 0.695559 0.011754 -0.100398 0.71372549 0.69803922 0.71764706
v 0.701588 0.011754 -0.098839 0.79215686 0.77254902 0.81176471
v 0.704602 0.014769 -0.099100 0.84705882 0.82352941 0.86274510
v 0.698573 0.014769 -0.099972 0.72549020 0.70588235 0.72941176
v 0.701588 0.017783 -0.099603 0.78431373 0.76078431 0.78823529
v 0.707617 0.017783 -0.099909 0.85098039 0.83137255 0.86666667
v 0.704602 0.020798 -0.100491 0.84313725 0.82352941 0.85098039
v 0.900546 0.023812 -0.100493 0.66274510 0.49411765 0.44313725
v 0.891503 0.020798 -0.100066 0.69411765 0.50980392 0.45490196
v 0.903566 0.026811 -0.100418 0.72156863 0.52156863 0.47450980
v 0.885480 0.020780 -0.098346 0.66274510 0.49019608 0.43137255
v 0.897537 0.026811 -0.098560 0.74117647 0.54117647 0.49803922
v 0.888490 0.023808 -0.096586 0.69411765 0.50588235 0.45490196
v 0.894517 0.023812 -0.098515 0.64705882 0.48627451 0.41960784
v 0.891511 0.026800 -0.096539 0.69803922 0.50588235 0.45490196
v 0.900564 0.029790 -0.099548 0.81568627 0.59607843 0.57254902
v 0.894526 0.029814 -0.097607 0.82745098 0.61176471 0.56078431
v 0.879445 0.020798 -0.096624 0.58039216 0.41568627 0.35294118
v 0.897558 0.032779 -0.100130 0.76862745 0.58039216 0.53333333
v 0.891536 0.032756 -0.097835 0.81568627 0.59215686 0.54509804
v 0.888555 0.035672 -0.100373 0.73333333 0.47450980 0.43921569
v 0.837243 0.014767 -0.097117 0.84313725 0.62745098 0.58039216
v 0.849352 0.020629 -0.100021 0.84313725 0.63137255 0.59215686
v -0.881373 0.028950 -0.092068 0.71764706 0.51372549 0.46666667
v -0.881944 0.031078 -0.092068 0.71764706 0.50980392 0.46274510
v -0.878538 0.025756 -0.092068 0.67450980 0.48627451 0.44313725
v -0.874691 0.023574 -0.092068 0.58823529 0.42352941 0.38431373
v -0.731014 0.004463 -0.092068 0.76470588 0.74509804 0.78039216
v -0.874289 0.023423 -0.092068 0.60000000 0.45882353 0.41176471
v -0.701348 0.055470 -0.092068 0.84313725 0.81960784 0.85098039
v -0.696768 0.056919 -0.092068 0.89411765 0.86666667 0.89803922
v -0.696546 0.057022 -0.092068 0.89411765 0.86666667 0.89803922
v -0.728639 0.004277 -0.092068 0.75294118 0.73725490 0.77254902
v -0.724884 0.006549 -0.092068 0.73725490 0.72941176 0.75686275
v -0.879762 0.034925 -0.092068 0.67450980 0.45882353 0.41176471
v -0.692467 0.058528 -0.092068 0.91764706 0.90980392 0.92941176
v -0.875766 0.036958 -0.092068 0.68627451 0.47843137 0.42352941
v -0.872368 0.037954 -0.092068 0.71764706 0.51372549 0.45098039
v -0.721658 0.007790 -0.092068 0.72549020 0.72156863 0.73725490
v -0.687345 0.005292 -0.092068 0.73333333 0.72549020 0.74509804
v -0.720406 0.008104 -0.092068 0.72549020 0.71764706 0.73725490
v -0.682059 0.005189 -0.092068 0.75686275 0.74901961 0.76862745
v -0.870957 0.038179 -0.092068 0.72549020 0.50980392 0.44705882
v -0.715863 0.007555 -0.092068 0.73333333 0.72156863 0.74509804
v -0.681069 0.005045 -0.092068 0.75686275 0.74509804 0.76470588
v -0.865675 0.038619 -0.092068 0.74117647 0.51372549 0.45098039
v -0.713540 0.007281 -0.092068 0.73725490 0.72156863 0.75294118
v -0.869828 0.022408 -0.092068 0.63137255 0.47843137 0.43137255
v -0.676602 0.004617 -0.092068 0.72549020 0.70980392 0.73725490
v -0.865398 0.038648 -0.092068 0.74117647 0.51372549 0.45490196
v -0.674437 0.004443 -0.092068 0.70196078 0.68235294 0.71372549
v -0.670956 0.004234 -0.092068 0.70980392 0.69411765 0.72156863
v -0.666937 0.002224 -0.092068 0.71372549 0.70196078 0.72549020
v -0.858454 0.019646 -0.092068 0.74117647 0.54117647 0.50196078
v -0.710716 0.006674 -0.092068 0.74509804 0.73333333 0.75686275
v -0.855355 0.018794 -0.092068 0.76078431 0.55294118 0.51372549
v -0.706081 0.005280 -0.092068 0.74509804 0.73725490 0.75294118
v -0.850457 0.017663 -0.092068 0.76078431 0.55294118 0.50980392
v -0.705463 0.005291 -0.092068 0.74509804 0.73725490 0.74901961
v -0.687905 0.059801 -0.092068 0.90588235 0.90588235 0.91764706
v -0.700215 0.006100 -0.092068 0.71372549 0.70196078 0.72156863
v -0.850431 0.017652 -0.092068 0.76078431 0.55294118 0.50980392
v -0.687629 0.059932 -0.092068 0.90588235 0.90196078 0.91372549
v -0.699175 0.006157 -0.092068 0.70588235 0.69411765 0.71372549
v -0.845727 0.016363 -0.092068 0.76078431 0.55294118 0.50980392
v -0.694082 0.005997 -0.092068 0.72941176 0.72156863 0.73725490
v -0.842731 0.015981 -0.092068 0.75294118 0.54509804 0.50196078
v -0.683998 0.061813 -0.092068 0.91372549 0.90980392 0.92549020
v -0.840540 0.015521 -0.092068 0.74901961 0.54117647 0.49411765
v -0.835867 0.014165 -0.092068 0.74117647 0.53725490 0.48627451
v -0.834485 0.013764 -0.092068 0.74117647 0.53333333 0.48235294
v -0.679393 0.063096 -0.092068 0.91372549 0.90196078 0.92156863
v -0.678362 0.063193 -0.092068 0.90980392 0.90196078 0.92156863
v -0.693401 0.005903 -0.092068 0.73333333 0.72549020 0.74117647
v -0.674123 0.063419 -0.092068 0.91372549 0.90588235 0.92941176
v -0.831063 0.012941 -0.092068 0.73725490 0.52941176 0.47843137
v -0.687983 0.005294 -0.092068 0.73725490 0.72941176 0.74901961
v -0.671946 0.063617 -0.092068 0.91372549 0.90588235 0.92941176
v -0.732044 0.049596 -0.092068 0.92549020 0.92156863 0.93725490
v -0.744711 0.050309 -0.092068 0.92156863 0.91372549 0.92941176
v -0.739875 0.049883 -0.092068 0.91764706 0.91372549 0.93333333
v -0.737953 0.049507 -0.092068 0.92156863 0.91372549 0.93725490
v -0.727478 0.051073 -0.092068 0.92156863 0.91764706 0.93725490
v -0.734616 0.049116 -0.092068 0.92549020 0.91764706 0.93725490
v -0.726311 0.051394 -0.092068 0.92156863 0.91372549 0.93725490
v -0.733358 0.008152 -0.092068 0.75294118 0.73725490 0.76470588
v -0.722846 0.052543 -0.092068 0.92549020 0.91764706 0.94117647
v -0.733905 0.009548 -0.092068 0.75294118 0.74117647 0.76470588
v -0.718773 0.054624 -0.092068 0.92156863 0.91372549 0.92549020
v -0.715946 0.055713 -0.092068 0.90196078 0.88627451 0.89803922
v -0.735188 0.012351 -0.092068 0.77254902 0.76470588 0.78039216
v -0.714045 0.056076 -0.092068 0.89019608 0.87058824 0.88235294
v -0.709825 0.055804 -0.092068 0.84705882 0.82352941 0.84705882
v -0.707466 0.055508 -0.092068 0.81568627 0.79215686 0.82352941
v -0.704424 0.055172 -0.092068 0.82745098 0.80392157 0.83529412
v 0.711632 -0.004319 -0.092068 0.73725490 0.71372549 0.70980392
v 0.710060 -0.003890 -0.092068 0.74509804 0.72549020 0.72549020
v 0.705573 -0.004290 -0.092068 0.75686275 0.74117647 0.73725490
v 0.733385 0.046276 -0.092068 0.94117647 0.94117647 0.95686275
v 0.703587 -0.004333 -0.092068 0.76470588 0.75294118 0.75294118
v 0.730215 0.046410 -0.092068 0.93725490 0.94117647 0.95686275
v 0.720191 0.047412 -0.092068 0.93333333 0.92549020 0.95294118
v 0.699973 -0.004719 -0.092068 0.77254902 0.75686275 0.76470588
v 0.719251 0.047504 -0.092068 0.92941176 0.92549020 0.95294118
v 0.696951 -0.004941 -0.092068 0.76862745 0.75294118 0.76862745
v 0.672533 0.058896 -0.092068 0.90980392 0.89803922 0.91372549
v 0.670637 0.059181 -0.092068 0.91764706 0.90588235 0.92549020
v 0.694504 -0.005279 -0.092068 0.76470588 0.74901961 0.76470588
v 0.727273 0.046360 -0.092068 0.93725490 0.93725490 0.95686275
v 0.665562 0.059838 -0.092068 0.92549020 0.91764706 0.93725490
v 0.724446 0.046670 -0.092068 0.93333333 0.92941176 0.95294118
v 0.705812 0.049733 -0.092068 0.89803922 0.89019608 0.90980392
v 0.690561 -0.005302 -0.092068 0.76862745 0.74901961 0.76862745
v 0.703901 0.050241 -0.092068 0.89411765 0.88627451 0.90588235
v 0.699394 0.051764 -0.092068 0.89411765 0.89019608 0.90588235
v 0.714639 -0.005394 -0.092068 0.75294118 0.72941176 0.72941176
v 0.713795 0.048077 -0.092068 0.92156863 0.91764706 0.94509804
v 0.719520 -0.000517 -0.092068 0.75686275 0.72941176 0.73725490
v 0.696722 0.052794 -0.092068 0.90588235 0.89411765 0.91372549
v 0.719462 -0.000092 -0.092068 0.75686275 0.72941176 0.73725490
v 0.713409 0.048165 -0.092068 0.92156863 0.91764706 0.94509804
v 0.722641 0.002758 -0.092068 0.74901961 0.72549020 0.73333333
v 0.708841 0.049152 -0.092068 0.90588235 0.89803922 0.91764706
v 0.695075 0.053474 -0.092068 0.90588235 0.89803922 0.91764706
v 0.723251 0.003164 -0.092068 0.74117647 0.71764706 0.72549020
v 0.688482 -0.005286 -0.092068 0.76862745 0.74901961 0.76470588
v 0.726435 0.004994 -0.092068 0.72156863 0.69803922 0.70196078
v 0.684395 -0.005439 -0.092068 0.76078431 0.74117647 0.76078431
v 0.682584 -0.005417 -0.092068 0.75686275 0.73725490 0.75686275
v 0.729969 0.007489 -0.092068 0.73725490 0.71764706 0.71372549
v 0.678522 -0.005282 -0.092068 0.74901961 0.73333333 0.74901961
v 0.690759 0.055187 -0.092068 0.90588235 0.89803922 0.91764706
v 0.732801 0.010686 -0.092068 0.77647059 0.76078431 0.77254902
v 0.687433 0.056055 -0.092068 0.90196078 0.89019608 0.90980392
v 0.685954 0.056411 -0.092068 0.90196078 0.89019608 0.90980392
v 0.676483 -0.005345 -0.092068 0.74901961 0.73333333 0.74901961
v 0.735954 0.013563 -0.092068 0.81568627 0.80000000 0.82745098
v 0.671978 -0.005798 -0.092068 0.74117647 0.72549020 0.74509804
v 0.680817 0.057303 -0.092068 0.90196078 0.89019608 0.90980392
v 0.670942 -0.005833 -0.092068 0.73725490 0.72549020 0.74117647
v 0.665901 -0.005845 -0.092068 0.73725490 0.72156863 0.73725490
v 0.680064 0.057395 -0.092068 0.90588235 0.89019608 0.91372549
v 0.739993 0.015553 -0.092068 0.85490196 0.83921569 0.87450980
v 0.675738 0.058252 -0.092068 0.90196078 0.89019608 0.90980392
v 0.717888 -0.004548 -0.092068 0.76470588 0.74117647 0.74509804
v 0.837655 0.014355 -0.092068 0.83137255 0.61960784 0.57647059
v 0.836211 0.013736 -0.092068 0.83529412 0.62352941 0.57647059
v 0.833183 0.012798 -0.092068 0.82745098 0.61960784 0.57254902
v 0.828557 0.012113 -0.092068 0.82745098 0.61960784 0.57254902
v 0.847271 0.016779 -0.092068 0.81176471 0.60784314 0.56470588
v 0.844782 0.016274 -0.092068 0.81568627 0.61176471 0.56862745
v 0.856834 0.019268 -0.092068 0.74509804 0.55686275 0.50588235
v 0.852641 0.018065 -0.092068 0.78823529 0.58823529 0.54509804
v 0.852150 0.017923 -0.092068 0.80392157 0.60392157 0.55686275
v 0.861606 0.020549 -0.092068 0.65490196 0.49411765 0.43137255
v 0.842201 0.015834 -0.092068 0.82352941 0.61568627 0.56862745
v 0.860978 0.020383 -0.092068 0.70980392 0.52941176 0.47843137
v 0.827940 0.012012 -0.092068 0.83137255 0.62352941 0.57647059
v 0.866653 0.021532 -0.092068 0.56078431 0.43137255 0.33725490
v 0.871529 0.022685 -0.092068 0.58039216 0.42352941 0.33725490
v 0.875733 0.035072 -0.092068 0.80392157 0.58823529 0.53333333
v 0.868371 0.021782 -0.092068 0.58431373 0.43921569 0.36078431
v 0.871358 0.036733 -0.092068 0.79215686 0.58039216 0.54901961
v 0.875748 0.024491 -0.092068 0.57254902 0.41960784 0.35294118
v 0.878861 0.027405 -0.092068 0.74117647 0.52549020 0.46666667
v 0.879076 0.032411 -0.092068 0.81176471 0.60000000 0.52549020
v 0.868940 0.037257 -0.092068 0.79607843 0.59215686 0.55686275
v 0.866324 0.037558 -0.092068 0.80392157 0.60784314 0.56078431
v 0.738239 0.047451 -0.092068 0.93333333 0.93725490 0.95686275
v 0.736952 0.047118 -0.092068 0.93333333 0.93333333 0.95294118
v 0.743665 0.048054 -0.092068 0.93333333 0.93333333 0.95294118
v -0.860049 0.020129 -0.092068 0.73725490 0.54117647 0.49803922
v -0.866688 0.021851 -0.092068 0.65490196 0.49411765 0.44313725
v -0.859812 0.039092 -0.092068 0.78431373 0.54509804 0.49411765
v -0.864751 0.021455 -0.092068 0.70196078 0.51764706 0.47450980
v -0.859058 0.039206 -0.092068 0.80000000 0.55686275 0.50980392
v -0.854477 0.039785 -0.092068 0.78431373 0.54117647 0.49019608
v 0.862269 0.037791 -0.092068 0.82745098 0.60000000 0.54901961
v 0.860685 0.037782 -0.092068 0.83921569 0.60000000 0.55686275
v 0.855591 0.038586 -0.092068 0.84705882 0.61568627 0.57254902
v -0.892653 0.029728 -0.096067 0.68235294 0.49019608 0.43529412
v -0.889638 0.026714 -0.095733 0.72156863 0.52156863 0.47450980
v -0.889638 0.032743 -0.095558 0.66274510 0.46274510 0.40392157
v -0.886624 0.029728 -0.093908 0.70980392 0.50980392 0.45490196
v -0.886624 0.035757 -0.095729 0.70980392 0.49803922 0.42745098
v -0.720880 0.014598 -0.095886 0.81176471 0.80392157 0.82745098
v -0.883609 0.032743 -0.092911 0.67450980 0.47843137 0.41960784
v -0.883609 0.026714 -0.093597 0.73333333 0.53725490 0.49019608
v -0.699723 0.053845 -0.093732 0.82745098 0.80000000 0.83137255
v -0.880594 0.023699 -0.094376 0.60784314 0.43921569 0.40000000
v -0.696709 0.056859 -0.092122 0.89019608 0.86274510 0.89411765
v -0.696709 0.050830 -0.096153 0.83921569 0.81960784 0.84705882
v -0.693694 0.053845 -0.094219 0.81960784 0.79607843 0.82352941
v -0.880594 0.035757 -0.092906 0.68627451 0.46666667 0.41176471
v -0.877580 0.038772 -0.095526 0.81568627 0.58039216 0.52941176
v -0.690742 0.056804 -0.093096 0.90196078 0.89411765 0.90980392
v -0.729920 0.005557 -0.093359 0.75686275 0.73725490 0.77647059
v -0.871551 0.038772 -0.093399 0.74509804 0.52156863 0.46666667
v -0.690739 0.050777 -0.095857 0.81176471 0.79607843 0.81960784
v -0.726909 0.008569 -0.093658 0.75294118 0.74117647 0.77254902
v -0.687743 0.053776 -0.094688 0.83921569 0.82745098 0.84705882
v -0.723896 0.011582 -0.094493 0.76862745 0.76470588 0.78823529
v -0.850449 0.017670 -0.092146 0.76862745 0.56078431 0.51764706
v -0.690680 0.008624 -0.094785 0.78431373 0.77647059 0.79215686
v -0.687665 0.005612 -0.092359 0.74117647 0.72941176 0.75294118
v -0.684650 0.008627 -0.095444 0.80392157 0.79215686 0.81960784
v -0.681636 0.005612 -0.092554 0.76862745 0.76078431 0.78039216
v -0.720876 0.008572 -0.092485 0.72941176 0.72156863 0.74117647
v -0.742044 0.047709 -0.093796 0.91764706 0.91372549 0.92941176
v -0.717860 0.011588 -0.094627 0.76078431 0.74901961 0.77647059
v -0.739019 0.044703 -0.095422 0.91764706 0.91372549 0.92941176
v -0.714840 0.008578 -0.093072 0.73725490 0.72156863 0.74901961
v -0.678621 0.008627 -0.095963 0.77254902 0.75686275 0.78431373
v -0.687833 0.059728 -0.092128 0.90980392 0.90980392 0.91764706
v -0.711823 0.011596 -0.095707 0.75686275 0.74117647 0.76470588
v -0.684829 0.056703 -0.094339 0.89411765 0.89019608 0.90196078
v -0.708782 0.008608 -0.094325 0.73333333 0.72549020 0.74117647
v -0.736087 0.047644 -0.093312 0.92549020 0.91764706 0.93333333
v -0.705766 0.005595 -0.092340 0.74117647 0.73333333 0.74901961
v -0.675607 0.005612 -0.093224 0.71372549 0.69411765 0.72549020
v -0.681866 0.059674 -0.094202 0.90980392 0.90980392 0.92156863
v -0.669578 0.005612 -0.093941 0.73333333 0.72156863 0.74509804
v -0.666563 0.002598 -0.092551 0.71764706 0.70588235 0.72941176
v -0.678924 0.062629 -0.092695 0.91372549 0.90588235 0.92549020
v -0.702738 0.008623 -0.094324 0.69411765 0.68627451 0.70196078
v -0.732934 0.008576 -0.092510 0.75294118 0.73333333 0.76470588
v -0.699724 0.011638 -0.096289 0.74509804 0.73333333 0.75686275
v -0.696709 0.008624 -0.094120 0.72549020 0.71372549 0.73333333
v -0.675945 0.059581 -0.096040 0.90980392 0.90196078 0.92941176
v -0.730098 0.047608 -0.093962 0.92549020 0.92156863 0.93725490
v -0.727053 0.050652 -0.092448 0.92156863 0.91764706 0.93725490
v -0.673105 0.062449 -0.093454 0.91372549 0.90588235 0.92941176
v -0.724018 0.047654 -0.095386 0.92549020 0.91372549 0.93725490
v -0.732941 0.014599 -0.094401 0.80392157 0.79607843 0.81568627
v -0.729927 0.011581 -0.094526 0.76470588 0.75294118 0.78039216
v -0.738954 0.020644 -0.093856 0.79215686 0.77254902 0.80392157
v -0.720952 0.050717 -0.093857 0.92549020 0.91372549 0.93333333
v -0.735951 0.017618 -0.094031 0.79607843 0.78823529 0.80784314
v -0.726952 0.014556 -0.096234 0.80784314 0.80392157 0.82352941
v -0.717912 0.047724 -0.096269 0.91372549 0.90196078 0.92156863
v -0.733094 0.044608 -0.095649 0.92549020 0.92156863 0.93725490
v -0.717903 0.053762 -0.092914 0.90980392 0.90196078 0.91372549
v -0.714880 0.050755 -0.095420 0.87843137 0.86666667 0.88235294
v -0.711830 0.053801 -0.094022 0.87450980 0.86274510 0.87450980
v -0.705773 0.053826 -0.093619 0.81960784 0.79607843 0.83137255
v -0.702738 0.050830 -0.096078 0.86666667 0.84313725 0.87843137
v 0.710631 -0.003319 -0.094129 0.73333333 0.70980392 0.70196078
v 0.704602 -0.003318 -0.095699 0.76470588 0.75294118 0.74509804
v 0.698573 -0.003319 -0.095697 0.77254902 0.76078431 0.77254902
v 0.716688 -0.003347 -0.093358 0.74117647 0.71372549 0.71764706
v 0.713646 -0.000304 -0.095522 0.72941176 0.70588235 0.71372549
v 0.725761 0.005667 -0.092624 0.73725490 0.71372549 0.72156863
v 0.674457 0.056972 -0.094613 0.90980392 0.89803922 0.91764706
v 0.716708 0.002662 -0.094751 0.76078431 0.74117647 0.75294118
v 0.737762 0.041899 -0.096055 0.91372549 0.91372549 0.93333333
v 0.668428 0.056972 -0.096183 0.91764706 0.90588235 0.92941176
v 0.734748 0.044914 -0.093578 0.93333333 0.93333333 0.95294118
v 0.719724 0.005675 -0.094488 0.77254902 0.74901961 0.76470588
v 0.728718 0.044914 -0.093640 0.93725490 0.93725490 0.95294118
v 0.722689 0.044914 -0.094824 0.92941176 0.92549020 0.94901961
v 0.716660 0.044914 -0.095533 0.90588235 0.89803922 0.92941176
v 0.722743 0.008686 -0.095001 0.80784314 0.79215686 0.80784314
v 0.710631 0.044914 -0.096178 0.92156863 0.91372549 0.93333333
v 0.707617 0.047928 -0.093683 0.91372549 0.90588235 0.92549020
v 0.701588 0.047928 -0.095038 0.91372549 0.90196078 0.92156863
v 0.728785 0.008673 -0.093317 0.77254902 0.75294118 0.75294118
v 0.698573 0.050943 -0.093169 0.89803922 0.89411765 0.91372549
v 0.692544 0.050943 -0.095385 0.90980392 0.90196078 0.92156863
v 0.713646 0.047928 -0.092312 0.92156863 0.91764706 0.94509804
v 0.731807 0.011681 -0.093451 0.79607843 0.78431373 0.80000000
v 0.734832 0.014686 -0.093508 0.83137255 0.81960784 0.84313725
v 0.689530 0.053957 -0.093885 0.91764706 0.91372549 0.92941176
v 0.737851 0.017696 -0.094612 0.86666667 0.85098039 0.88235294
v 0.683501 0.053958 -0.095759 0.91764706 0.90588235 0.92156863
v 0.680486 0.056972 -0.092692 0.90588235 0.89411765 0.91372549
v 0.725763 0.011696 -0.096015 0.82352941 0.80000000 0.82745098
v 0.740856 0.020720 -0.095659 0.88627451 0.87450980 0.90980392
v 0.873416 0.020798 -0.094790 0.61176471 0.45098039 0.38431373
v 0.828198 0.011754 -0.093173 0.83529412 0.62745098 0.57647059
v 0.876432 0.023808 -0.092529 0.56862745 0.42352941 0.35686275
v 0.867387 0.020798 -0.093229 0.55294118 0.43921569 0.34117647
v 0.882462 0.023804 -0.094601 0.61568627 0.45490196 0.39215686
v 0.846301 0.017730 -0.096020 0.82745098 0.61960784 0.57647059
v 0.885480 0.026809 -0.094672 0.69411765 0.49019608 0.45098039
v 0.879447 0.026819 -0.092563 0.66274510 0.47843137 0.41960784
v 0.882475 0.029794 -0.092857 0.77647059 0.55686275 0.50588235
v 0.888501 0.029804 -0.095511 0.80784314 0.57647059 0.54117647
v 0.876460 0.035781 -0.092749 0.81176471 0.58431373 0.53333333
v 0.885504 0.032766 -0.095205 0.87058824 0.66274510 0.61960784
v 0.879464 0.032797 -0.092450 0.85098039 0.63529412 0.56078431
v 0.740777 0.044914 -0.094232 0.92941176 0.93333333 0.94509804
v 0.743791 0.047928 -0.092196 0.93333333 0.93333333 0.95294118
v 0.882510 0.035719 -0.096098 0.79215686 0.61176471 0.56470588
v -0.827243 0.012551 -0.092068 0.73725490 0.52941176 0.47843137
v -0.852497 0.039739 -0.092068 0.80392157 0.55686275 0.50980392
v -0.820359 0.011586 -0.092068 0.73333333 0.52941176 0.47450980
v -0.775678 0.008035 -0.092068 0.74901961 0.57254902 0.53333333
v -0.842689 0.040055 -0.092068 0.83921569 0.58823529 0.54901961
v -0.774570 0.008110 -0.092068 0.74509804 0.58039216 0.54509804
v -0.839682 0.040495 -0.092068 0.86666667 0.61568627 0.57647059
v -0.764527 0.010126 -0.092068 0.70196078 0.55294118 0.50588235
v -0.832364 0.041788 -0.092068 0.87843137 0.65098039 0.60784314
v -0.759934 0.011721 -0.092068 0.78039216 0.72156863 0.74117647
v -0.824312 0.043808 -0.092068 0.88235294 0.67450980 0.62352941
v -0.755737 0.013393 -0.092068 0.78431373 0.76862745 0.79607843
v -0.822717 0.044200 -0.092068 0.88235294 0.68235294 0.62352941
v -0.747546 0.017261 -0.092068 0.78431373 0.76862745 0.80000000
v -0.813451 0.010817 -0.092068 0.73725490 0.52941176 0.47843137
v -0.809635 0.010252 -0.092068 0.73725490 0.53725490 0.48627451
v 0.754811 0.010708 -0.092068 0.78823529 0.78431373 0.78823529
v 0.773172 0.006489 -0.092068 0.78039216 0.67450980 0.66666667
v -0.799422 0.008846 -0.092068 0.74509804 0.54117647 0.49411765
v 0.746488 0.014343 -0.092068 0.85490196 0.84705882 0.86274510
v -0.799031 0.008798 -0.092068 0.74901961 0.54901961 0.50196078
v 0.764004 0.007847 -0.092068 0.78431373 0.76862745 0.77647059
v -0.788022 0.007749 -0.092068 0.74901961 0.55686275 0.50980392
v 0.757979 0.009625 -0.092068 0.78039216 0.76078431 0.77647059
v -0.786173 0.007656 -0.092068 0.75294118 0.56078431 0.51764706
v -0.740899 0.018698 -0.092068 0.79607843 0.77254902 0.79607843
v 0.817459 0.010435 -0.092068 0.83921569 0.63137255 0.58039216
v -0.812356 0.045896 -0.092068 0.87058824 0.66666667 0.61176471
v 0.814510 0.010125 -0.092068 0.83921569 0.63137255 0.58431373
v 0.781102 0.046792 -0.092068 0.84313725 0.75686275 0.75686275
v -0.809815 0.046247 -0.092068 0.87058824 0.67058824 0.61960784
v 0.806848 0.008987 -0.092068 0.83529412 0.63529412 0.58431373
v 0.778993 0.046956 -0.092068 0.90980392 0.87058824 0.88627451
v 0.800465 0.008137 -0.092068 0.82745098 0.63137255 0.58431373
v -0.801372 0.046970 -0.092068 0.87450980 0.67450980 0.62352941
v 0.768498 0.047338 -0.092068 0.94117647 0.93333333 0.95294118
v -0.796470 0.047534 -0.092068 0.88235294 0.68235294 0.62745098
v 0.767334 0.047355 -0.092068 0.94117647 0.93725490 0.95686275
v 0.836684 0.039177 -0.092068 0.89411765 0.68627451 0.63921569
v -0.790560 0.048217 -0.092068 0.87843137 0.67843137 0.63529412
v 0.832563 0.039767 -0.092068 0.89803922 0.69019608 0.64313725
v -0.783442 0.048503 -0.092068 0.85490196 0.65882353 0.61176471
v 0.756132 0.047646 -0.092068 0.93725490 0.94117647 0.95294118
v 0.796269 0.007509 -0.092068 0.82745098 0.63529412 0.58823529
v 0.755577 0.047656 -0.092068 0.94117647 0.94117647 0.95686275
v 0.786710 0.006441 -0.092068 0.81568627 0.63137255 0.59215686
v -0.779195 0.048876 -0.092068 0.83137255 0.67450980 0.65490196
v 0.785334 0.006386 -0.092068 0.80392157 0.63137255 0.59607843
v -0.770791 0.049099 -0.092068 0.94509804 0.92941176 0.94509804
v 0.774552 0.006341 -0.092068 0.78823529 0.63137255 0.60392157
v -0.767496 0.049161 -0.092068 0.93725490 0.93333333 0.94901961
v -0.758288 0.049548 -0.092068 0.92549020 0.92156863 0.93725490
v -0.755991 0.049617 -0.092068 0.92156863 0.91764706 0.93725490
v 0.822653 0.042061 -0.092068 0.90588235 0.72156863 0.67450980
v 0.821632 0.042274 -0.092068 0.89803922 0.70588235 0.65490196
v -0.745507 0.050280 -0.092068 0.92549020 0.91372549 0.93333333
v 0.812394 0.043950 -0.092068 0.90588235 0.70980392 0.65882353
v 0.807125 0.044799 -0.092068 0.90588235 0.71764706 0.66274510
v 0.801630 0.045353 -0.092068 0.91372549 0.72549020 0.67450980
v 0.743913 0.048050 -0.092068 0.93333333 0.93333333 0.95294118
v 0.793871 0.046062 -0.092068 0.91372549 0.74509804 0.70980392
v 0.790605 0.046490 -0.092068 0.91372549 0.73725490 0.70196078
v 0.849142 0.038658 -0.092068 0.85490196 0.63137255 0.58431373
v 0.843578 0.038515 -0.092068 0.87450980 0.65490196 0.60784314
v -0.841406 0.038772 -0.094262 0.85882353 0.60784314 0.58039216
v -0.775086 0.008627 -0.094041 0.75294118 0.55686275 0.51372549
v -0.829348 0.038772 -0.098043 0.84705882 0.63529412 0.61568627
v -0.769057 0.014656 -0.100470 0.75686275 0.54117647 0.50196078
v -0.853464 0.038772 -0.095196 0.84705882 0.59607843 0.55294118
v -0.756999 0.014656 -0.094174 0.76078431 0.73725490 0.75686275
v -0.787144 0.008627 -0.098520 0.75294118 0.54509804 0.49803922
v -0.811260 0.044801 -0.094262 0.87450980 0.67843137 0.62352941
v -0.756999 0.026714 -0.100090 0.93725490 0.92549020 0.94509804
v -0.750970 0.020685 -0.095741 0.78431373 0.75686275 0.78823529
v -0.799202 0.044801 -0.095934 0.88627451 0.67058824 0.61176471
v 0.755855 0.011749 -0.093963 0.81568627 0.82352941 0.82745098
v -0.787148 0.044798 -0.097283 0.89411765 0.68627451 0.63529412
v 0.767909 0.011752 -0.100031 0.78039216 0.69019608 0.70588235
v 0.749850 0.017753 -0.096126 0.89019608 0.88235294 0.89411765
v 0.749826 0.029836 -0.099222 0.92549020 0.92156863 0.94509804
v -0.775110 0.044780 -0.097149 0.84705882 0.74117647 0.72156863
v -0.750970 0.032743 -0.098597 0.93725490 0.93725490 0.94901961
v -0.763072 0.044760 -0.096183 0.94117647 0.92941176 0.93725490
v -0.744941 0.026714 -0.096478 0.85882353 0.85882353 0.87450980
v -0.757014 0.038758 -0.098667 0.94117647 0.92941176 0.94117647
v -0.751017 0.044759 -0.095496 0.92941176 0.92156863 0.94117647
v 0.755851 0.035869 -0.099564 0.92941176 0.92941176 0.94509804
v 0.761878 0.041899 -0.097299 0.93725490 0.93725490 0.95294118
v 0.773936 0.041899 -0.098593 0.94509804 0.94509804 0.95294118
v 0.840403 0.035425 -0.096625 0.89411765 0.67058824 0.62745098
v 0.785995 0.041899 -0.099146 0.84313725 0.65490196 0.61176471
v 0.828247 0.035721 -0.099837 0.88235294 0.68235294 0.61568627
v 0.749820 0.041899 -0.096256 0.92549020 0.92549020 0.94117647
v 0.810157 0.041762 -0.096541 0.91372549 0.72941176 0.66666667
v 0.822249 0.041663 -0.092973 0.90588235 0.71764706 0.66666667
v 0.798066 0.041859 -0.098295 0.94509804 0.74509804 0.68627451
v 0.852494 0.035327 -0.099618 0.85098039 0.62352941 0.57647059
v -0.944636 0.033479 -0.087805 0.81960784 0.55686275 0.50196078
v -0.942447 0.034196 -0.087805 0.83529412 0.57254902 0.51764706
v -0.945481 0.031161 -0.087805 0.76078431 0.47843137 0.44705882
v -0.943312 0.027302 -0.087805 0.74117647 0.46666667 0.46274510
v -0.939151 0.025433 -0.087805 0.83921569 0.57647059 0.56078431
v -0.936160 0.025003 -0.087805 0.85098039 0.60392157 0.56862745
v -0.937871 0.032742 -0.087805 0.81568627 0.54509804 0.52156863
v -0.858987 0.021190 -0.087805 0.71372549 0.52156863 0.47843137
v -0.937868 0.032741 -0.087805 0.81568627 0.54509804 0.52156863
v -0.707930 0.001727 -0.087805 0.76078431 0.74901961 0.76470588
v -0.704213 0.001119 -0.087805 0.76470588 0.75294118 0.76862745
v -0.854966 0.019182 -0.087805 0.73333333 0.53333333 0.49019608
v -0.700544 0.000399 -0.087805 0.77254902 0.75686275 0.77647059
v -0.933736 0.030849 -0.087805 0.80392157 0.51372549 0.49411765
v -0.698947 0.000357 -0.087805 0.76078431 0.74901961 0.76470588
v -0.694890 0.000776 -0.087805 0.76078431 0.74901961 0.76470588
v -0.932553 0.026003 -0.087805 0.83529412 0.58431373 0.56078431
v -0.850490 0.017629 -0.087805 0.74901961 0.54509804 0.50196078
v -0.692358 0.000917 -0.087805 0.75686275 0.74901961 0.76470588
v -0.931644 0.026516 -0.087805 0.82352941 0.56078431 0.54509804
v -0.930440 0.028115 -0.087805 0.79215686 0.51764706 0.50196078
v -0.863310 0.036560 -0.087805 0.71764706 0.49019608 0.43137255
v -0.688291 0.000207 -0.087805 0.77254902 0.76470588 0.78039216
v -0.687137 0.000111 -0.087805 0.74901961 0.73725490 0.75294118
v -0.870607 0.027658 -0.087805 0.70588235 0.52156863 0.47058824
v -0.726604 0.057128 -0.087805 0.92941176 0.92549020 0.94509804
v -0.722293 0.058112 -0.087805 0.92549020 0.91764706 0.94117647
v -0.860687 0.037578 -0.087805 0.70588235 0.47450980 0.41568627
v -0.871445 0.032637 -0.087805 0.78431373 0.56862745 0.51764706
v -0.717894 0.059839 -0.087805 0.90980392 0.89803922 0.91764706
v -0.865794 0.026442 -0.087805 0.66666667 0.50196078 0.43137255
v -0.717842 0.059849 -0.087805 0.90980392 0.89803922 0.91372549
v -0.858767 0.038046 -0.087805 0.69803922 0.47058824 0.41176471
v -0.862819 0.024011 -0.087805 0.69019608 0.50980392 0.46274510
v -0.711998 0.060035 -0.087805 0.90980392 0.89019608 0.90980392
v -0.866892 0.034113 -0.087805 0.77647059 0.56470588 0.49803922
v -0.711622 0.060036 -0.087805 0.90980392 0.89019608 0.90980392
v -0.705986 0.060108 -0.087805 0.91372549 0.89019608 0.91372549
v -0.862494 0.023713 -0.087805 0.70196078 0.51372549 0.46666667
v -0.705395 0.060231 -0.087805 0.91764706 0.89411765 0.91372549
v -0.701353 0.061503 -0.087805 0.91372549 0.89411765 0.91764706
v -0.697119 0.063197 -0.087805 0.90588235 0.88627451 0.91372549
v -0.854103 0.039411 -0.087805 0.73333333 0.49411765 0.43921569
v -0.682184 0.000131 -0.087805 0.73725490 0.72941176 0.74509804
v -0.748765 0.054418 -0.087805 0.91764706 0.90980392 0.93333333
v -0.747151 0.054666 -0.087805 0.91372549 0.90980392 0.92941176
v -0.743611 0.055202 -0.087805 0.91764706 0.91372549 0.92549020
v -0.740763 0.055030 -0.087805 0.92156863 0.91372549 0.92941176
v -0.736827 0.054435 -0.087805 0.92941176 0.91764706 0.93725490
v -0.681087 0.000132 -0.087805 0.73333333 0.72549020 0.74117647
v -0.734316 0.055448 -0.087805 0.92941176 0.92156863 0.93725490
v -0.732710 0.056344 -0.087805 0.92549020 0.92156863 0.93725490
v -0.676485 0.000461 -0.087805 0.72549020 0.71372549 0.73333333
v -0.727337 0.057027 -0.087805 0.92941176 0.92156863 0.94117647
v -0.674904 0.000286 -0.087805 0.72156863 0.70980392 0.72941176
v -0.696130 0.063474 -0.087805 0.90196078 0.88235294 0.90980392
v -0.670152 0.000157 -0.087805 0.72156863 0.70980392 0.72941176
v -0.737811 0.009727 -0.087805 0.75686275 0.74117647 0.76470588
v -0.668990 0.000171 -0.087805 0.72156863 0.70588235 0.72941176
v -0.735353 0.006156 -0.087805 0.76862745 0.74901961 0.76862745
v -0.692158 0.064121 -0.087805 0.90196078 0.89019608 0.91764706
v -0.689220 0.064373 -0.087805 0.90588235 0.89411765 0.91764706
v -0.732006 0.003474 -0.087805 0.75686275 0.73725490 0.76470588
v -0.686927 0.064687 -0.087805 0.90588235 0.89803922 0.91764706
v -0.727387 0.003030 -0.087805 0.74901961 0.73333333 0.75686275
v -0.682524 0.065064 -0.087805 0.90588235 0.89411765 0.91372549
v -0.726251 0.003197 -0.087805 0.74117647 0.72941176 0.75686275
v -0.722242 0.003915 -0.087805 0.74117647 0.72941176 0.74901961
v -0.681583 0.065197 -0.087805 0.90588235 0.89411765 0.91372549
v -0.719350 0.004069 -0.087805 0.74117647 0.72941176 0.74901961
v -0.676509 0.065839 -0.087805 0.90588235 0.89411765 0.91764706
v -0.715749 0.003461 -0.087805 0.74901961 0.73725490 0.75686275
v -0.714227 0.003163 -0.087805 0.75294118 0.74509804 0.76470588
v -0.675434 0.066158 -0.087805 0.90588235 0.89411765 0.91764706
v -0.709346 0.002014 -0.087805 0.75686275 0.74509804 0.76078431
v -0.672169 0.067321 -0.087805 0.89803922 0.88235294 0.90980392
v 0.729849 0.049812 -0.087805 0.94117647 0.93725490 0.95686275
v 0.727644 0.049868 -0.087805 0.94117647 0.93725490 0.95294118
v 0.723686 0.049947 -0.087805 0.93725490 0.93333333 0.95294118
v 0.721796 0.050050 -0.087805 0.93725490 0.93333333 0.95294118
v 0.717175 0.050428 -0.087805 0.91764706 0.91372549 0.93333333
v 0.716275 0.050557 -0.087805 0.91372549 0.90588235 0.92941176
v 0.665854 -0.005893 -0.087805 0.74117647 0.72549020 0.74117647
v 0.711156 0.051467 -0.087805 0.88627451 0.87843137 0.90196078
v 0.709736 0.051839 -0.087805 0.87450980 0.86274510 0.88235294
v 0.706566 0.052906 -0.087805 0.87450980 0.86666667 0.88235294
v 0.702013 0.054382 -0.087805 0.89411765 0.89019608 0.90588235
v 0.719753 -0.006413 -0.087805 0.77254902 0.74901961 0.75294118
v 0.719638 -0.006428 -0.087805 0.76862745 0.74509804 0.75294118
v 0.723525 -0.004156 -0.087805 0.76862745 0.74509804 0.74901961
v 0.714682 -0.005297 -0.087805 0.76078431 0.74117647 0.74509804
v 0.692096 0.057420 -0.087805 0.90980392 0.90196078 0.91764706
v 0.687935 0.058392 -0.087805 0.90980392 0.89803922 0.91764706
v 0.726704 -0.001305 -0.087805 0.75294118 0.73333333 0.71764706
v 0.692806 0.057233 -0.087805 0.90980392 0.90196078 0.92156863
v 0.730076 0.001352 -0.087805 0.73333333 0.72156863 0.70196078
v 0.684235 0.059252 -0.087805 0.91372549 0.90196078 0.92156863
v 0.712352 -0.005039 -0.087805 0.75686275 0.73333333 0.73725490
v 0.709061 -0.004889 -0.087805 0.75686275 0.73725490 0.74117647
v 0.706131 -0.004847 -0.087805 0.76078431 0.74509804 0.74901961
v 0.700820 0.054726 -0.087805 0.89803922 0.89019608 0.90588235
v 0.683051 0.059537 -0.087805 0.91372549 0.90588235 0.92156863
v 0.677841 0.060355 -0.087805 0.89411765 0.88627451 0.90196078
v 0.703144 -0.004777 -0.087805 0.76470588 0.74901961 0.75294118
v 0.700067 -0.004812 -0.087805 0.76470588 0.74901961 0.76078431
v 0.688514 -0.005317 -0.087805 0.76470588 0.74901961 0.76470588
v 0.696923 -0.004969 -0.087805 0.76862745 0.75294118 0.76470588
v 0.694326 -0.005101 -0.087805 0.76470588 0.74901961 0.76470588
v 0.690636 -0.005227 -0.087805 0.76470588 0.74901961 0.76470588
v 0.684236 -0.005598 -0.087805 0.76078431 0.74509804 0.76078431
v 0.682801 -0.005633 -0.087805 0.75686275 0.74117647 0.76078431
v 0.676884 0.060574 -0.087805 0.89411765 0.88235294 0.90196078
v 0.678241 -0.005564 -0.087805 0.75294118 0.73725490 0.75294118
v 0.673071 0.061615 -0.087805 0.90196078 0.89411765 0.91372549
v 0.732442 0.005016 -0.087805 0.69411765 0.66666667 0.66274510
v 0.676686 -0.005547 -0.087805 0.75294118 0.73725490 0.75294118
v 0.672075 -0.005701 -0.087805 0.74509804 0.73333333 0.74901961
v 0.668887 0.062542 -0.087805 0.92156863 0.90980392 0.92941176
v 0.670882 -0.005773 -0.087805 0.74509804 0.72941176 0.74509804
v 0.733263 0.007125 -0.087805 0.71372549 0.69019608 0.68627451
v 0.734563 0.008924 -0.087805 0.73333333 0.71372549 0.72156863
v 0.697385 0.055784 -0.087805 0.90588235 0.89803922 0.91372549
v 0.939768 0.026778 -0.087805 0.82352941 0.60784314 0.55294118
v 0.735251 0.050440 -0.087805 0.93725490 0.93725490 0.95294118
v 0.734064 0.050259 -0.087805 0.94117647 0.94117647 0.95294118
v 0.740555 0.051164 -0.087805 0.94509804 0.94117647 0.96078431
v 0.938936 0.025997 -0.087805 0.81568627 0.58823529 0.53725490
v 0.940108 0.027146 -0.087805 0.85490196 0.64313725 0.58039216
v 0.935975 0.024521 -0.087805 0.74901961 0.49803922 0.47450980
v 0.931793 0.024576 -0.087805 0.73333333 0.45882353 0.43529412
v 0.931504 0.028736 -0.087805 0.84313725 0.59607843 0.56470588
v 0.937872 0.030775 -0.087805 0.72941176 0.56862745 0.52941176
v 0.935852 0.030508 -0.087805 0.78431373 0.60000000 0.57647059
v 0.855948 0.020132 -0.087805 0.76078431 0.56470588 0.51764706
v 0.853300 0.018676 -0.087805 0.77647059 0.58039216 0.53333333
v 0.847451 0.016601 -0.087805 0.80000000 0.60000000 0.55294118
v 0.851974 0.018094 -0.087805 0.79607843 0.59607843 0.54901961
v 0.859494 0.022632 -0.087805 0.72941176 0.54117647 0.49019608
v 0.862865 0.025287 -0.087805 0.70588235 0.51764706 0.46274510
v 0.867250 0.026964 -0.087805 0.73725490 0.53333333 0.47843137
v 0.868035 0.032190 -0.087805 0.79607843 0.57254902 0.52156863
v 0.866657 0.033556 -0.087805 0.84313725 0.61176471 0.54901961
v 0.863372 0.034716 -0.087805 0.83921569 0.60784314 0.54117647
v 0.859109 0.036294 -0.087805 0.82745098 0.57647059 0.52941176
v 0.856615 0.037365 -0.087805 0.83137255 0.58431373 0.54509804
v 0.854865 0.037922 -0.087805 0.85490196 0.62352941 0.57647059
v 0.867425 0.032854 -0.087805 0.84313725 0.61176471 0.55294118
v -0.943900 0.032743 -0.088234 0.80784314 0.53333333 0.48235294
v -0.940885 0.029728 -0.088963 0.76470588 0.50196078 0.47843137
v -0.859493 0.020685 -0.089621 0.72156863 0.52941176 0.48627451
v -0.937871 0.026714 -0.088571 0.81960784 0.56862745 0.53725490
v -0.934856 0.029728 -0.088465 0.78823529 0.52156863 0.49019608
v -0.859493 0.038772 -0.089880 0.74117647 0.49803922 0.44705882
v -0.711798 0.005591 -0.090862 0.74901961 0.73333333 0.76078431
v -0.931842 0.026714 -0.087885 0.81960784 0.56078431 0.54117647
v -0.708782 0.002579 -0.089105 0.76862745 0.75686275 0.77647059
v -0.702738 0.002594 -0.090056 0.76470588 0.75686275 0.77254902
v -0.748084 0.053730 -0.088690 0.91372549 0.90980392 0.92941176
v -0.745098 0.050689 -0.091771 0.92156863 0.91372549 0.92941176
v -0.880595 0.029728 -0.091467 0.73725490 0.52156863 0.47843137
v -0.742146 0.053649 -0.089782 0.91764706 0.91372549 0.92941176
v -0.877580 0.026714 -0.091164 0.69411765 0.50196078 0.45490196
v -0.699724 0.005609 -0.091685 0.71764706 0.70980392 0.72549020
v -0.739081 0.050679 -0.091414 0.92156863 0.91372549 0.93333333
v -0.874566 0.023699 -0.091904 0.64313725 0.47450980 0.42745098
v -0.696763 0.062841 -0.088180 0.90980392 0.89019608 0.91372549
v -0.736080 0.053682 -0.088458 0.92941176 0.91764706 0.93725490
v -0.696709 0.002595 -0.089979 0.75686275 0.75294118 0.76470588
v -0.733088 0.050646 -0.091158 0.92549020 0.92156863 0.94117647
v -0.877580 0.032743 -0.090209 0.69803922 0.49019608 0.44313725
v -0.693757 0.059819 -0.091101 0.91764706 0.90196078 0.92941176
v -0.874565 0.029728 -0.088964 0.75294118 0.53333333 0.49019608
v -0.730062 0.053673 -0.090197 0.92156863 0.92156863 0.94117647
v -0.693695 0.005609 -0.091798 0.73333333 0.72549020 0.74117647
v -0.874566 0.035757 -0.090599 0.66666667 0.46666667 0.41176471
v -0.727022 0.056711 -0.088163 0.92549020 0.92156863 0.94117647
v -0.871551 0.032743 -0.087884 0.76862745 0.55686275 0.50588235
v -0.690680 0.002595 -0.089887 0.74509804 0.73725490 0.75294118
v -0.690827 0.062762 -0.089291 0.90588235 0.89411765 0.91764706
v -0.684650 0.002598 -0.090122 0.72941176 0.72156863 0.73725490
v -0.868536 0.035757 -0.088706 0.72549020 0.52156863 0.45490196
v -0.684875 0.062696 -0.090892 0.91372549 0.90588235 0.92156863
v -0.724011 0.053692 -0.090953 0.92549020 0.91764706 0.94117647
v -0.735945 0.011594 -0.091020 0.76862745 0.75686275 0.77254902
v -0.676135 0.065454 -0.088422 0.90980392 0.89803922 0.91764706
v -0.871551 0.026714 -0.088689 0.66666667 0.49803922 0.44705882
v -0.720933 0.056764 -0.089583 0.92941176 0.92156863 0.94117647
v -0.868536 0.023699 -0.090064 0.63529412 0.50588235 0.45098039
v -0.723890 0.005558 -0.090679 0.73333333 0.72941176 0.74901961
v -0.717873 0.059818 -0.087831 0.90980392 0.89803922 0.91764706
v -0.717856 0.005562 -0.089944 0.72941176 0.72156863 0.74117647
v -0.714818 0.056840 -0.091319 0.89803922 0.88235294 0.89411765
v -0.711811 0.059848 -0.087993 0.90588235 0.89019608 0.90980392
v -0.708794 0.056835 -0.090970 0.85490196 0.83529412 0.86274510
v -0.705752 0.059874 -0.088000 0.91372549 0.89019608 0.91372549
v -0.862507 0.023699 -0.087828 0.70588235 0.51764706 0.47450980
v -0.702738 0.056859 -0.090587 0.86666667 0.84313725 0.87058824
v -0.699723 0.059874 -0.089225 0.91372549 0.89019608 0.91372549
v -0.678621 0.002598 -0.090357 0.73725490 0.72941176 0.74901961
v -0.672592 0.002598 -0.090800 0.70980392 0.69411765 0.71764706
v 0.719675 0.047928 -0.091377 0.93333333 0.92549020 0.95686275
v 0.719704 -0.006363 -0.088440 0.77254902 0.74901961 0.74901961
v 0.725704 0.047928 -0.090300 0.93333333 0.93333333 0.95294118
v 0.731733 0.047928 -0.090411 0.94117647 0.94117647 0.96078431
v 0.722720 -0.003350 -0.088641 0.78431373 0.76078431 0.75294118
v 0.704602 0.050943 -0.091064 0.89019608 0.88235294 0.89803922
v 0.719704 -0.000334 -0.091798 0.75686275 0.73333333 0.73725490
v 0.725736 -0.000337 -0.088855 0.76078431 0.74117647 0.72941176
v 0.701588 0.053958 -0.088579 0.89019608 0.88235294 0.89803922
v 0.728777 0.002651 -0.089495 0.71764706 0.70196078 0.69019608
v 0.722742 0.002657 -0.091978 0.74901961 0.72549020 0.72941176
v 0.710631 0.050943 -0.088843 0.89019608 0.88235294 0.90196078
v 0.731799 0.005658 -0.088990 0.70196078 0.67058824 0.67058824
v 0.692544 0.056972 -0.088374 0.90588235 0.89803922 0.91764706
v 0.686515 0.056972 -0.090858 0.90196078 0.89019608 0.90588235
v 0.671443 0.059986 -0.090715 0.91372549 0.90196078 0.92156863
v 0.695559 0.053957 -0.091267 0.90588235 0.89411765 0.91372549
v 0.677472 0.059987 -0.088528 0.89411765 0.88627451 0.90588235
v 0.939743 0.026802 -0.087826 0.84313725 0.62352941 0.56862745
v 0.933792 0.026566 -0.088521 0.80784314 0.55294118 0.52941176
v 0.737762 0.047928 -0.091542 0.93333333 0.93725490 0.95686275
v 0.936776 0.029676 -0.088198 0.78823529 0.59607843 0.56078431
v 0.740777 0.050943 -0.088183 0.94509804 0.94117647 0.96078431
v 0.861358 0.020798 -0.091513 0.68235294 0.50588235 0.45490196
v 0.864372 0.023812 -0.088922 0.54901961 0.40784314 0.35686275
v 0.870401 0.023812 -0.090684 0.61176471 0.45098039 0.38039216
v 0.873417 0.026824 -0.090475 0.67450980 0.49019608 0.42352941
v 0.867387 0.026827 -0.087909 0.67058824 0.49019608 0.43137255
v 0.870403 0.029836 -0.088155 0.74901961 0.54509804 0.48627451
v 0.876438 0.029818 -0.090127 0.78431373 0.56470588 0.50588235
v 0.873427 0.032822 -0.090288 0.82745098 0.61176471 0.55686275
v 0.864414 0.035746 -0.088184 0.82352941 0.59215686 0.52549020
v 0.855459 0.038500 -0.089441 0.84705882 0.61176471 0.56862745
v 0.870430 0.035783 -0.090676 0.81960784 0.61960784 0.57254902
v -0.947658 0.036501 -0.083542 0.75294118 0.53725490 0.49803922
v -0.944620 0.038052 -0.083542 0.75686275 0.54117647 0.50196078
v -0.942927 0.037800 -0.083542 0.77254902 0.55294118 0.51372549
v -0.939265 0.037377 -0.083542 0.78039216 0.54509804 0.50980392
v -0.947446 0.029196 -0.083542 0.71372549 0.47843137 0.45882353
v -0.944917 0.025696 -0.083542 0.73725490 0.51372549 0.49411765
v -0.941376 0.023209 -0.083542 0.76078431 0.53725490 0.52156863
v -0.858023 0.022155 -0.083542 0.70196078 0.51372549 0.46666667
v -0.939665 0.022479 -0.083542 0.78039216 0.54901961 0.53333333
v -0.854091 0.020057 -0.083542 0.71372549 0.52156863 0.47450980
v -0.850523 0.017597 -0.083542 0.72156863 0.52549020 0.48235294
v -0.936791 0.021764 -0.083542 0.78431373 0.55294118 0.53333333
v -0.948120 0.030935 -0.083542 0.69019608 0.46666667 0.44705882
v -0.860380 0.033630 -0.083542 0.77254902 0.54117647 0.49411765
v -0.857736 0.037015 -0.083542 0.76862745 0.52156863 0.47843137
v -0.932555 0.021399 -0.083542 0.75294118 0.52156863 0.50196078
v -0.853737 0.039045 -0.083542 0.79607843 0.54117647 0.49803922
v -0.934910 0.035704 -0.083542 0.84705882 0.57647059 0.56862745
v -0.948829 0.033843 -0.083542 0.72549020 0.50196078 0.47058824
v -0.750729 0.057114 -0.083542 0.91372549 0.90588235 0.92941176
v -0.934773 0.035675 -0.083542 0.84705882 0.57254902 0.56862745
v -0.707741 0.001567 -0.083542 0.75686275 0.74509804 0.76078431
v -0.745919 0.057565 -0.083542 0.90588235 0.90196078 0.92549020
v -0.931043 0.021484 -0.083542 0.76862745 0.52156863 0.51372549
v -0.703910 0.001422 -0.083542 0.76078431 0.74509804 0.76078431
v -0.701501 0.001357 -0.083542 0.76470588 0.74901961 0.76470588
v -0.698207 0.001097 -0.083542 0.76078431 0.74509804 0.76078431
v -0.695041 0.000927 -0.083542 0.76078431 0.74509804 0.76078431
v -0.692476 0.000799 -0.083542 0.75686275 0.74509804 0.76078431
v -0.688620 0.000535 -0.083542 0.75686275 0.74509804 0.76078431
v -0.686782 0.000466 -0.083542 0.74901961 0.73333333 0.75294118
v -0.744097 0.057719 -0.083542 0.90980392 0.89803922 0.92156863
v -0.927038 0.021910 -0.083542 0.82352941 0.54117647 0.54509804
v -0.740465 0.058101 -0.083542 0.91372549 0.90588235 0.92549020
v -0.924110 0.022388 -0.083542 0.86666667 0.59607843 0.60000000
v -0.921962 0.022864 -0.083542 0.74117647 0.50980392 0.49019608
v -0.736118 0.059749 -0.083542 0.91764706 0.91372549 0.92941176
v -0.720430 0.063294 -0.083542 0.91372549 0.90980392 0.93333333
v -0.735999 0.059795 -0.083542 0.92156863 0.91764706 0.93333333
v -0.730161 0.059599 -0.083542 0.92549020 0.91764706 0.93333333
v -0.929173 0.035412 -0.083542 0.84313725 0.55686275 0.53725490
v -0.729903 0.059642 -0.083542 0.92549020 0.92156863 0.93333333
v -0.716203 0.064264 -0.083542 0.89411765 0.89019608 0.91372549
v -0.726395 0.062228 -0.083542 0.92549020 0.91764706 0.93333333
v -0.721152 0.063055 -0.083542 0.91764706 0.91372549 0.93333333
v -0.713493 0.064194 -0.083542 0.88627451 0.87843137 0.90196078
v -0.709845 0.063967 -0.083542 0.89019608 0.87058824 0.89803922
v -0.707302 0.064352 -0.083542 0.88627451 0.86666667 0.89411765
v -0.739303 0.008236 -0.083542 0.76078431 0.73725490 0.75686275
v -0.705016 0.065167 -0.083542 0.87843137 0.85882353 0.88235294
v -0.700469 0.066649 -0.083542 0.87058824 0.85490196 0.87843137
v -0.698547 0.067088 -0.083542 0.87843137 0.86666667 0.89019608
v -0.736132 0.005378 -0.083542 0.75686275 0.73333333 0.75294118
v -0.695577 0.067663 -0.083542 0.87843137 0.87058824 0.89411765
v -0.928407 0.035338 -0.083542 0.83921569 0.55294118 0.52941176
v -0.923284 0.035272 -0.083542 0.81960784 0.54901961 0.50588235
v -0.692113 0.067515 -0.083542 0.89019608 0.87450980 0.90588235
v -0.734552 0.004229 -0.083542 0.75294118 0.73333333 0.75294118
v -0.689653 0.067448 -0.083542 0.90196078 0.89019608 0.91764706
v -0.921960 0.034920 -0.083542 0.81568627 0.53725490 0.50196078
v -0.682424 0.000371 -0.083542 0.74117647 0.72941176 0.74509804
v -0.685846 0.067768 -0.083542 0.90980392 0.89411765 0.91372549
v -0.732516 0.002964 -0.083542 0.74901961 0.72941176 0.75294118
v -0.684200 0.067856 -0.083542 0.90980392 0.89411765 0.91372549
v -0.680826 0.000393 -0.083542 0.73725490 0.72549020 0.74117647
v -0.676377 0.000353 -0.083542 0.73333333 0.71764706 0.73725490
v -0.679201 0.068718 -0.083542 0.89019608 0.87450980 0.90196078
v -0.726951 0.002599 -0.083542 0.74509804 0.72941176 0.75294118
v -0.678876 0.068742 -0.083542 0.89019608 0.87450980 0.90196078
v -0.918323 0.034203 -0.083542 0.81176471 0.51372549 0.49411765
v -0.675171 0.070494 -0.083542 0.86274510 0.84705882 0.87450980
v -0.726852 0.002596 -0.083542 0.74509804 0.72941176 0.75294118
v -0.720954 0.002684 -0.083542 0.74117647 0.72941176 0.74901961
v -0.674926 0.000264 -0.083542 0.72941176 0.71372549 0.73333333
v -0.671897 0.072956 -0.083542 0.85882353 0.84705882 0.86666667
v -0.670083 0.000089 -0.083542 0.72941176 0.71372549 0.73333333
v -0.720717 0.002702 -0.083542 0.74117647 0.72941176 0.74901961
v -0.917074 0.024004 -0.083542 0.73725490 0.50196078 0.47843137
v -0.714831 0.002594 -0.083542 0.74509804 0.73333333 0.74901961
v -0.916308 0.024160 -0.083542 0.72941176 0.49019608 0.46666667
v -0.912075 0.025034 -0.083542 0.70980392 0.47843137 0.45098039
v -0.714800 0.002590 -0.083542 0.74901961 0.73725490 0.75294118
v -0.709629 0.001732 -0.083542 0.75294118 0.74117647 0.75686275
v -0.915213 0.034201 -0.083542 0.80392157 0.51372549 0.49803922
v -0.912591 0.033906 -0.083542 0.78039216 0.51372549 0.48627451
v -0.909249 0.034267 -0.083542 0.77647059 0.51764706 0.48235294
v -0.908024 0.026415 -0.083542 0.72156863 0.48627451 0.45490196
v -0.907602 0.026591 -0.083542 0.72941176 0.49019608 0.45882353
v -0.904110 0.029128 -0.083542 0.74509804 0.49803922 0.47058824
v -0.863277 0.028959 -0.083542 0.72156863 0.52156863 0.47843137
v -0.863790 0.031011 -0.083542 0.76470588 0.54509804 0.49803922
v -0.859793 0.027014 -0.083542 0.70196078 0.51372549 0.46666667
v -0.859440 0.026661 -0.083542 0.69803922 0.50980392 0.46274510
v -0.859443 0.026763 -0.083542 0.69803922 0.50980392 0.46274510
v 0.727988 0.051674 -0.083542 0.94509804 0.94117647 0.95686275
v 0.724111 0.052364 -0.083542 0.93725490 0.93725490 0.95294118
v 0.714105 0.053498 -0.083542 0.88235294 0.87843137 0.89803922
v 0.665757 -0.005989 -0.083542 0.74509804 0.72941176 0.74901961
v 0.713342 0.053654 -0.083542 0.87450980 0.86666667 0.88627451
v 0.694628 0.059055 -0.083542 0.90980392 0.90196078 0.92156863
v 0.729036 -0.003637 -0.083542 0.74509804 0.72549020 0.72549020
v 0.720873 0.052760 -0.083542 0.92941176 0.92549020 0.94509804
v 0.689948 0.060405 -0.083542 0.90588235 0.89803922 0.91372549
v 0.718693 0.052975 -0.083542 0.91764706 0.90980392 0.92941176
v 0.728100 -0.004001 -0.083542 0.75294118 0.72941176 0.73333333
v 0.708561 0.054902 -0.083542 0.87058824 0.86274510 0.87843137
v 0.732123 -0.000695 -0.083542 0.74117647 0.72156863 0.72156863
v 0.688882 0.060634 -0.083542 0.90588235 0.89411765 0.91372549
v 0.724432 -0.005062 -0.083542 0.75686275 0.73725490 0.73725490
v 0.705932 0.055642 -0.083542 0.88235294 0.87843137 0.89019608
v 0.720375 -0.005690 -0.083542 0.77254902 0.75294118 0.76470588
v 0.718933 -0.005592 -0.083542 0.78039216 0.75686275 0.77254902
v 0.714939 -0.005040 -0.083542 0.77647059 0.75686275 0.77254902
v 0.703906 0.056275 -0.083542 0.89411765 0.89019608 0.90196078
v 0.684899 0.061385 -0.083542 0.90588235 0.89411765 0.91372549
v 0.712196 -0.004883 -0.083542 0.76470588 0.74509804 0.75686275
v 0.709222 -0.004728 -0.083542 0.76862745 0.74901961 0.76078431
v 0.699201 0.057600 -0.083542 0.90588235 0.89803922 0.91372549
v 0.706073 -0.004789 -0.083542 0.76470588 0.74901961 0.76078431
v 0.702930 -0.004991 -0.083542 0.76470588 0.74509804 0.76078431
v 0.700323 -0.005069 -0.083542 0.76470588 0.74509804 0.76078431
v 0.697362 0.058183 -0.083542 0.90588235 0.90196078 0.91764706
v 0.696830 -0.005062 -0.083542 0.76470588 0.74901961 0.76470588
v 0.681582 0.061906 -0.083542 0.89803922 0.88627451 0.90196078
v 0.694284 -0.005058 -0.083542 0.76470588 0.74509804 0.76470588
v 0.679769 0.062284 -0.083542 0.89411765 0.88235294 0.89803922
v 0.675040 0.063584 -0.083542 0.89411765 0.88235294 0.90196078
v 0.673456 0.064002 -0.083542 0.89803922 0.89019608 0.90980392
v 0.670254 0.064827 -0.083542 0.91764706 0.90588235 0.92156863
v 0.690821 -0.005042 -0.083542 0.76470588 0.74509804 0.76470588
v 0.665600 0.065829 -0.083542 0.91764706 0.90588235 0.92549020
v 0.688276 -0.005079 -0.083542 0.76470588 0.74509804 0.76470588
v 0.684396 -0.005437 -0.083542 0.76470588 0.74509804 0.76470588
v 0.682727 -0.005559 -0.083542 0.76078431 0.74509804 0.76078431
v 0.678119 -0.005686 -0.083542 0.75686275 0.74117647 0.76078431
v 0.676835 -0.005697 -0.083542 0.75294118 0.73725490 0.75686275
v 0.733452 0.001304 -0.083542 0.72941176 0.70980392 0.70980392
v 0.672024 -0.005751 -0.083542 0.75294118 0.73725490 0.75294118
v 0.734287 0.003170 -0.083542 0.71764706 0.69019608 0.69803922
v 0.736457 0.007030 -0.083542 0.73725490 0.71372549 0.72156863
v 0.670916 -0.005807 -0.083542 0.74901961 0.73333333 0.75294118
v 0.938641 0.021892 -0.083542 0.75686275 0.52549020 0.49019608
v 0.942265 0.024297 -0.083542 0.79215686 0.57647059 0.53333333
v 0.944896 0.027695 -0.083542 0.74509804 0.55686275 0.52156863
v 0.927995 0.020321 -0.083542 0.65882353 0.40784314 0.37647059
v 0.927540 0.020335 -0.083542 0.63529412 0.39607843 0.36470588
v 0.922381 0.021089 -0.083542 0.62352941 0.38823529 0.37254902
v 0.913701 0.022604 -0.083542 0.67843137 0.44705882 0.41176471
v 0.911879 0.022786 -0.083542 0.70196078 0.48235294 0.43921569
v 0.920931 0.021261 -0.083542 0.64313725 0.40392157 0.38039216
v 0.917104 0.022004 -0.083542 0.57647059 0.32941176 0.29803922
v 0.933446 0.020492 -0.083542 0.66666667 0.41960784 0.38823529
v 0.945762 0.032854 -0.083542 0.71764706 0.53725490 0.50588235
v 0.936944 0.035501 -0.083542 0.71372549 0.54509804 0.51764706
v 0.945761 0.032859 -0.083542 0.72156863 0.50588235 0.46666667
v 0.943087 0.036162 -0.083542 0.71764706 0.52549020 0.48627451
v 0.936481 0.035318 -0.083542 0.71372549 0.55294118 0.52941176
v 0.942173 0.036421 -0.083542 0.71372549 0.53333333 0.49803922
v 0.738435 0.053284 -0.083542 0.93333333 0.93725490 0.94901961
v 0.926508 0.033810 -0.083542 0.77254902 0.58039216 0.57254902
v 0.922941 0.033647 -0.083542 0.82745098 0.63529412 0.63529412
v 0.736365 0.052560 -0.083542 0.93725490 0.94117647 0.95294118
v 0.734116 0.051575 -0.083542 0.94117647 0.94117647 0.95294118
v 0.932331 0.033931 -0.083542 0.69019608 0.52549020 0.50196078
v 0.729227 0.051451 -0.083542 0.94509804 0.94117647 0.95686275
v 0.929113 0.033734 -0.083542 0.72941176 0.55294118 0.53725490
v 0.897810 0.025964 -0.083542 0.79215686 0.58039216 0.53333333
v 0.892898 0.027377 -0.083542 0.79607843 0.58431373 0.53725490
v 0.892091 0.031731 -0.083542 0.81568627 0.59215686 0.54901961
v 0.907026 0.023747 -0.083542 0.73333333 0.51372549 0.47450980
v 0.906173 0.023940 -0.083542 0.75294118 0.54117647 0.49803922
v 0.902286 0.024754 -0.083542 0.76470588 0.55686275 0.50980392
v 0.914951 0.033111 -0.083542 0.84705882 0.63921569 0.61176471
v 0.933912 0.020571 -0.083542 0.70588235 0.45882353 0.42745098
v 0.910770 0.033013 -0.083542 0.86274510 0.62352941 0.60392157
v 0.897812 0.025964 -0.083542 0.79215686 0.58039216 0.53725490
v 0.902363 0.033376 -0.083542 0.85490196 0.63529412 0.61568627
v 0.898065 0.031872 -0.083542 0.84313725 0.61960784 0.57254902
v 0.909077 0.032766 -0.083542 0.83921569 0.61568627 0.59607843
v 0.905207 0.033155 -0.083542 0.83921569 0.62352941 0.60000000
v 0.920409 0.033802 -0.083542 0.82745098 0.63529412 0.62745098
v 0.916648 0.033191 -0.083542 0.83921569 0.63921569 0.61568627
v 0.847364 0.016662 -0.083542 0.79215686 0.59215686 0.54509804
v 0.851161 0.018880 -0.083542 0.78039216 0.58431373 0.53725490
v 0.855183 0.020871 -0.083542 0.76470588 0.57254902 0.52156863
v 0.857275 0.024790 -0.083542 0.76470588 0.56862745 0.51764706
v 0.860323 0.027768 -0.083542 0.77647059 0.57254902 0.52156863
v 0.860512 0.031787 -0.083542 0.82745098 0.60392157 0.54901961
v 0.856796 0.033990 -0.083542 0.85882353 0.63137255 0.57647059
v 0.854010 0.037160 -0.083542 0.87058824 0.64313725 0.59215686
v -0.906195 0.034273 -0.083542 0.78823529 0.52549020 0.49019608
v -0.946914 0.035757 -0.085854 0.78823529 0.58431373 0.55294118
v -0.940885 0.035757 -0.086250 0.82745098 0.58823529 0.54901961
v -0.862507 0.035757 -0.086704 0.73725490 0.50588235 0.45098039
v -0.946914 0.029728 -0.085703 0.70588235 0.43137255 0.42352941
v -0.751089 0.056754 -0.084083 0.92156863 0.91372549 0.93333333
v -0.943900 0.026714 -0.087049 0.75294118 0.49411765 0.48627451
v -0.940885 0.023699 -0.085396 0.86274510 0.58823529 0.59215686
v -0.934856 0.023699 -0.086883 0.85098039 0.59607843 0.56862745
v -0.937871 0.032743 -0.087805 0.81568627 0.54509804 0.52156863
v -0.745070 0.056745 -0.085197 0.90980392 0.90588235 0.92549020
v -0.931841 0.032743 -0.086379 0.82745098 0.51372549 0.50980392
v -0.739075 0.056715 -0.085671 0.92156863 0.91372549 0.92941176
v -0.736082 0.059712 -0.083608 0.92549020 0.91764706 0.93333333
v -0.928827 0.023699 -0.086024 0.81960784 0.54509804 0.54117647
v -0.928827 0.029728 -0.087311 0.77647059 0.48627451 0.47843137
v -0.733057 0.056705 -0.087356 0.92941176 0.92156863 0.93725490
v -0.925813 0.026714 -0.086620 0.83921569 0.57647059 0.56470588
v -0.723953 0.059774 -0.085512 0.92156863 0.91372549 0.93725490
v -0.720910 0.062814 -0.083898 0.91764706 0.91372549 0.93333333
v -0.922798 0.023699 -0.084605 0.80392157 0.54509804 0.53333333
v -0.925812 0.032743 -0.085620 0.81176471 0.51764706 0.49019608
v -0.922798 0.029728 -0.086111 0.80784314 0.53725490 0.51372549
v -0.738929 0.008610 -0.084842 0.75686275 0.74509804 0.76470588
v -0.714820 0.062867 -0.085209 0.89411765 0.88627451 0.90588235
v -0.919783 0.032743 -0.084503 0.79607843 0.52156863 0.49803922
v -0.735916 0.005593 -0.084923 0.75686275 0.73725490 0.76078431
v -0.699723 0.065903 -0.084687 0.87058824 0.85882353 0.88235294
v -0.919783 0.026714 -0.085410 0.77254902 0.51764706 0.49411765
v -0.708794 0.062864 -0.084938 0.90980392 0.89019608 0.91372549
v -0.916769 0.029728 -0.085166 0.77647059 0.50980392 0.48627451
v -0.702738 0.062888 -0.086669 0.90196078 0.88235294 0.90196078
v -0.693820 0.065796 -0.085813 0.89411765 0.87843137 0.90196078
v -0.913754 0.026714 -0.084571 0.74901961 0.49803922 0.47450980
v -0.913754 0.032743 -0.084196 0.77254902 0.50588235 0.48235294
v -0.910740 0.029728 -0.084513 0.74901961 0.50196078 0.47058824
v -0.687915 0.065689 -0.086119 0.90588235 0.89411765 0.91372549
v -0.907725 0.032743 -0.084411 0.75686275 0.50588235 0.47450980
v -0.681987 0.065604 -0.086915 0.90588235 0.89803922 0.91764706
v -0.907725 0.026714 -0.083614 0.74117647 0.49411765 0.46666667
v -0.679116 0.068500 -0.083707 0.89411765 0.88235294 0.90588235
v -0.904711 0.029728 -0.083724 0.74509804 0.49803922 0.46666667
v -0.673221 0.068388 -0.086410 0.88627451 0.87058824 0.89803922
v -0.868536 0.029728 -0.086721 0.74509804 0.54117647 0.49019608
v -0.865522 0.026714 -0.087605 0.70588235 0.51764706 0.46666667
v -0.865522 0.032743 -0.087047 0.78823529 0.56862745 0.50588235
v -0.859493 0.026714 -0.083651 0.69803922 0.51372549 0.46274510
v -0.670287 0.071341 -0.084887 0.86666667 0.85098039 0.87450980
v 0.728751 -0.003352 -0.084560 0.74509804 0.71764706 0.71764706
v 0.728718 0.050943 -0.085174 0.94117647 0.94117647 0.95686275
v 0.722690 0.050943 -0.086351 0.93725490 0.93333333 0.95294118
v 0.716660 0.050943 -0.087130 0.91372549 0.90588235 0.92941176
v 0.731788 -0.000361 -0.084601 0.73725490 0.72156863 0.70980392
v 0.689530 0.059986 -0.084530 0.90980392 0.90196078 0.91764706
v 0.719703 -0.006363 -0.085806 0.77254902 0.74901961 0.75686275
v 0.707617 0.053957 -0.085590 0.87450980 0.86274510 0.88235294
v 0.683501 0.059987 -0.086786 0.91372549 0.90196078 0.92156863
v 0.698573 0.056972 -0.085098 0.90980392 0.90196078 0.91764706
v 0.734816 0.008671 -0.087099 0.72941176 0.70588235 0.71764706
v 0.674457 0.063001 -0.084806 0.90196078 0.89019608 0.90980392
v 0.668428 0.063001 -0.087255 0.92156863 0.90980392 0.92941176
v 0.936734 0.023770 -0.087270 0.72941176 0.47058824 0.45490196
v 0.942758 0.029818 -0.087173 0.79215686 0.65098039 0.62352941
v 0.927758 0.020544 -0.083916 0.57647059 0.34117647 0.31372549
v 0.924799 0.023388 -0.086178 0.61960784 0.38431373 0.37647059
v 0.912681 0.023575 -0.084235 0.72156863 0.49411765 0.45882353
v 0.918731 0.023511 -0.085098 0.67058824 0.42745098 0.40392157
v 0.921827 0.026279 -0.086421 0.72941176 0.49019608 0.46666667
v 0.939770 0.032754 -0.087056 0.73333333 0.57254902 0.54117647
v 0.915664 0.026688 -0.085574 0.72549020 0.49411765 0.46274510
v 0.942762 0.035835 -0.084523 0.73333333 0.55294118 0.52156863
v 0.918755 0.029475 -0.085872 0.80392157 0.56470588 0.52549020
v 0.734748 0.050943 -0.086283 0.93725490 0.93725490 0.94901961
v 0.933717 0.020764 -0.084082 0.62352941 0.35686275 0.33333333
v 0.930768 0.023577 -0.087160 0.67450980 0.40784314 0.38431373
v 0.927825 0.026376 -0.087543 0.75686275 0.49803922 0.47450980
v 0.930854 0.029352 -0.087319 0.83921569 0.60000000 0.56862745
v 0.933854 0.032418 -0.086042 0.72941176 0.59215686 0.58431373
v 0.924770 0.029518 -0.086333 0.81568627 0.57254902 0.54117647
v 0.927807 0.032469 -0.085142 0.80392157 0.59215686 0.56862745
v 0.921775 0.032478 -0.084647 0.80000000 0.58039216 0.55686275
v 0.894768 0.029077 -0.084662 0.81176471 0.59215686 0.54901961
v 0.909775 0.026258 -0.084957 0.76470588 0.54117647 0.50980392
v 0.903787 0.026129 -0.084328 0.78823529 0.57254902 0.53333333
v 0.906833 0.029060 -0.084873 0.80392157 0.58823529 0.55686275
v 0.912787 0.029287 -0.085412 0.80392157 0.57647059 0.54901961
v 0.915806 0.032297 -0.084044 0.80392157 0.58431373 0.55294118
v 0.909850 0.032077 -0.083970 0.81568627 0.58823529 0.56078431
v 0.900854 0.028903 -0.084558 0.81960784 0.60000000 0.56470588
v 0.903873 0.031919 -0.084154 0.83137255 0.61176471 0.58431373
v 0.897904 0.031737 -0.083583 0.81176471 0.59607843 0.55294118
v 0.855357 0.020707 -0.085139 0.76862745 0.57254902 0.52549020
v 0.858371 0.023725 -0.085066 0.75294118 0.55686275 0.50588235
v 0.861371 0.026785 -0.086521 0.74901961 0.54901961 0.49411765
v 0.864384 0.029805 -0.086416 0.76470588 0.54509804 0.49411765
v 0.867397 0.032826 -0.087792 0.81176471 0.58431373 0.52941176
v 0.861395 0.032742 -0.086794 0.85490196 0.61960784 0.56862745
v 0.858430 0.035611 -0.086720 0.85098039 0.60784314 0.56078431
v -0.842984 0.016234 -0.083542 0.73725490 0.53333333 0.48627451
v -0.775947 0.007766 -0.083542 0.74901961 0.58431373 0.54901961
v -0.840226 0.015836 -0.083542 0.72941176 0.52549020 0.47843137
v -0.774108 0.007648 -0.083542 0.74901961 0.61568627 0.58823529
v -0.829410 0.014718 -0.083542 0.72549020 0.52156863 0.47058824
v -0.763694 0.007960 -0.083542 0.75686275 0.64313725 0.62745098
v -0.852855 0.039380 -0.083542 0.81176471 0.56078431 0.51764706
v -0.829293 0.014710 -0.083542 0.72156863 0.52156863 0.47058824
v -0.762452 0.008051 -0.083542 0.76078431 0.66274510 0.65882353
v -0.818036 0.013909 -0.083542 0.72941176 0.52549020 0.47450980
v -0.845382 0.042748 -0.083542 0.84313725 0.60000000 0.55686275
v -0.752296 0.009953 -0.083542 0.76862745 0.70196078 0.70980392
v -0.835947 0.045371 -0.083542 0.85098039 0.61568627 0.57254902
v -0.748753 0.010844 -0.083542 0.77254902 0.74117647 0.76078431
v -0.834436 0.045741 -0.083542 0.85882353 0.62745098 0.58039216
v -0.826088 0.047570 -0.083542 0.86666667 0.64313725 0.59607843
v -0.816442 0.013809 -0.083542 0.73333333 0.52941176 0.47843137
v 0.746862 0.008683 -0.083542 0.78039216 0.75686275 0.77254902
v -0.807162 0.012726 -0.083542 0.72941176 0.53333333 0.48235294
v 0.773355 0.006306 -0.083542 0.78823529 0.69411765 0.68627451
v 0.740763 0.008602 -0.083542 0.76078431 0.73725490 0.75294118
v 0.762351 0.006198 -0.083542 0.78823529 0.72941176 0.72941176
v -0.802563 0.011988 -0.083542 0.74117647 0.54509804 0.49411765
v 0.761298 0.006305 -0.083542 0.78431373 0.74901961 0.76078431
v -0.796896 0.010933 -0.083542 0.74509804 0.55686275 0.51372549
v 0.751758 0.007618 -0.083542 0.78431373 0.76078431 0.77647059
v -0.787702 0.009184 -0.083542 0.74509804 0.56470588 0.52549020
v 0.836049 0.043263 -0.083542 0.88235294 0.66666667 0.61568627
v -0.819353 0.048767 -0.083542 0.86666667 0.65490196 0.60000000
v -0.815888 0.049428 -0.083542 0.86274510 0.65098039 0.60000000
v -0.805675 0.050386 -0.083542 0.86666667 0.66274510 0.60784314
v 0.831569 0.044367 -0.083542 0.88627451 0.67450980 0.62745098
v 0.804233 0.011603 -0.083542 0.82352941 0.62745098 0.58039216
v -0.804882 0.050481 -0.083542 0.85882353 0.66274510 0.60784314
v 0.803885 0.011557 -0.083542 0.81960784 0.62745098 0.58431373
v -0.794327 0.051984 -0.083542 0.85098039 0.65490196 0.59607843
v -0.791801 0.052202 -0.083542 0.85490196 0.63921569 0.58823529
v 0.775820 0.052074 -0.083542 0.91372549 0.91764706 0.93725490
v -0.783643 0.053358 -0.083542 0.72549020 0.55294118 0.53725490
v 0.815196 0.012697 -0.083542 0.81568627 0.61960784 0.56862745
v 0.772420 0.052440 -0.083542 0.90588235 0.90588235 0.93333333
v -0.786749 0.009022 -0.083542 0.74509804 0.57647059 0.53725490
v 0.762368 0.053468 -0.083542 0.88235294 0.86666667 0.88235294
v -0.778094 0.053852 -0.083542 0.85490196 0.80000000 0.81568627
v 0.761482 0.053561 -0.083542 0.87843137 0.86666667 0.87843137
v 0.837258 0.014743 -0.083542 0.81960784 0.61176471 0.56470588
v 0.750302 0.054439 -0.083542 0.91764706 0.91372549 0.92156863
v 0.830347 0.013897 -0.083542 0.81568627 0.61176471 0.56078431
v -0.772727 0.054462 -0.083542 0.90980392 0.90588235 0.93333333
v 0.789354 0.050582 -0.083542 0.89803922 0.70588235 0.66666667
v 0.783346 0.051297 -0.083542 0.75294118 0.63137255 0.60000000
v -0.764484 0.055408 -0.083542 0.92549020 0.91372549 0.93333333
v 0.794390 0.050217 -0.083542 0.89803922 0.70980392 0.66274510
v -0.761990 0.055719 -0.083542 0.92156863 0.91764706 0.92941176
v 0.749276 0.054502 -0.083542 0.91372549 0.90980392 0.92156863
v -0.751347 0.057022 -0.083542 0.91764706 0.90980392 0.93333333
v 0.844570 0.016015 -0.083542 0.80000000 0.60000000 0.55294118
v 0.826399 0.013553 -0.083542 0.82352941 0.61960784 0.56862745
v 0.817266 0.012880 -0.083542 0.81176471 0.61176471 0.56470588
v 0.794040 0.009737 -0.083542 0.81568627 0.63137255 0.58823529
v 0.788908 0.008638 -0.083542 0.80784314 0.63921569 0.60392157
v 0.784085 0.007635 -0.083542 0.80000000 0.64313725 0.61176471
v 0.774612 0.006401 -0.083542 0.79215686 0.67058824 0.65098039
v 0.826198 0.045554 -0.083542 0.89019608 0.69019608 0.64313725
v 0.816786 0.047129 -0.083542 0.89411765 0.69411765 0.64705882
v 0.815828 0.047302 -0.083542 0.89411765 0.69803922 0.65098039
v 0.803024 0.048905 -0.083542 0.87843137 0.67843137 0.63529412
v 0.805038 0.048709 -0.083542 0.88627451 0.68627451 0.63921569
v 0.848419 0.039519 -0.083542 0.87058824 0.64705882 0.59607843
v 0.845335 0.040435 -0.083542 0.87450980 0.65490196 0.60392157
v -0.829348 0.014656 -0.083823 0.72941176 0.52549020 0.47450980
v -0.763028 0.008627 -0.086789 0.75294118 0.63921569 0.62352941
v -0.835377 0.044801 -0.084954 0.86274510 0.62352941 0.58039216
v -0.823318 0.044801 -0.090576 0.87450980 0.66274510 0.61176471
v -0.744941 0.014656 -0.088649 0.80392157 0.78431373 0.81960784
v -0.787144 0.008627 -0.085083 0.74901961 0.56862745 0.52549020
v -0.793173 0.050830 -0.086505 0.84705882 0.66274510 0.61176471
v -0.781131 0.050816 -0.088795 0.76862745 0.61568627 0.60000000
v 0.743847 0.011699 -0.087966 0.78823529 0.76470588 0.78823529
v -0.769106 0.050786 -0.089965 0.94117647 0.93333333 0.94901961
v -0.757113 0.050728 -0.090931 0.92549020 0.91764706 0.93725490
v 0.834342 0.041562 -0.087948 0.88627451 0.67450980 0.62745098
v 0.816140 0.011754 -0.087170 0.82745098 0.62352941 0.57647059
v 0.779965 0.047928 -0.090403 0.88235294 0.83921569 0.85490196
v 0.767907 0.047928 -0.091314 0.93725490 0.92941176 0.94901961
v 0.755849 0.047928 -0.091786 0.94117647 0.94117647 0.95686275
v 0.749820 0.053957 -0.084381 0.90588235 0.90196078 0.91764706
v 0.792035 0.047895 -0.089149 0.91372549 0.71764706 0.68627451
v 0.804127 0.047799 -0.086041 0.89803922 0.70196078 0.65490196
v -0.924555 0.037514 -0.079279 0.78823529 0.54117647 0.49411765
v -0.920715 0.037841 -0.079279 0.80000000 0.54117647 0.50196078
v -0.740242 0.007296 -0.079279 0.76078431 0.72941176 0.74901961
v -0.918914 0.037903 -0.079279 0.80000000 0.55294118 0.51372549
v -0.736706 0.004804 -0.079279 0.75294118 0.72549020 0.74509804
v -0.914190 0.038336 -0.079279 0.81176471 0.59215686 0.56470588
v -0.733504 0.003184 -0.079279 0.74901961 0.72549020 0.74509804
v -0.946952 0.029691 -0.079279 0.68235294 0.47450980 0.45098039
v -0.920416 0.021318 -0.079279 0.68235294 0.47450980 0.45098039
v -0.732681 0.002799 -0.079279 0.74509804 0.72549020 0.74509804
v -0.919027 0.021441 -0.079279 0.66666667 0.46666667 0.43921569
v -0.946990 0.029805 -0.079279 0.63137255 0.45098039 0.41960784
v -0.727046 0.002403 -0.079279 0.74117647 0.72156863 0.73725490
v -0.946582 0.035425 -0.079279 0.75294118 0.54117647 0.49411765
v -0.914731 0.021662 -0.079279 0.66274510 0.45490196 0.42745098
v -0.942513 0.037385 -0.079279 0.72156863 0.50980392 0.46274510
v -0.726713 0.002415 -0.079279 0.74117647 0.72156863 0.73725490
v -0.720977 0.002442 -0.079279 0.74117647 0.72156863 0.73725490
v -0.912578 0.021861 -0.079279 0.66666667 0.45490196 0.42352941
v -0.909184 0.022143 -0.079279 0.65490196 0.44705882 0.41568627
v -0.939160 0.037483 -0.079279 0.72941176 0.50588235 0.45882353
v -0.913396 0.038414 -0.079279 0.80784314 0.59215686 0.56470588
v -0.905728 0.022682 -0.079279 0.66274510 0.45098039 0.41960784
v -0.903929 0.022917 -0.079279 0.66666667 0.45490196 0.42352941
v -0.944522 0.026092 -0.079279 0.68627451 0.49411765 0.46666667
v -0.720711 0.002444 -0.079279 0.74117647 0.72549020 0.73725490
v -0.941137 0.023447 -0.079279 0.70980392 0.51372549 0.49019608
v -0.714877 0.002643 -0.079279 0.74509804 0.72941176 0.74509804
v -0.940034 0.022848 -0.079279 0.71372549 0.51764706 0.49411765
v -0.898790 0.023591 -0.079279 0.68235294 0.46274510 0.43529412
v -0.714754 0.002636 -0.079279 0.74901961 0.73333333 0.74901961
v -0.898598 0.023615 -0.079279 0.67843137 0.46274510 0.43137255
v -0.907859 0.038906 -0.079279 0.81568627 0.60784314 0.58431373
v -0.936910 0.021645 -0.079279 0.67843137 0.48627451 0.45882353
v -0.709164 0.002197 -0.079279 0.74901961 0.73333333 0.74509804
v -0.907570 0.038927 -0.079279 0.81568627 0.61568627 0.59215686
v -0.932088 0.020931 -0.079279 0.67843137 0.47450980 0.45490196
v -0.708306 0.002132 -0.079279 0.75294118 0.74117647 0.75294118
v -0.902277 0.039352 -0.079279 0.83529412 0.62745098 0.60784314
v -0.936353 0.037255 -0.079279 0.75294118 0.52941176 0.49019608
v -0.931613 0.020913 -0.079279 0.68627451 0.47450980 0.45882353
v -0.703425 0.001908 -0.079279 0.75686275 0.74117647 0.75294118
v -0.926020 0.020892 -0.079279 0.69803922 0.47843137 0.46666667
v -0.925599 0.020898 -0.079279 0.70196078 0.48627451 0.47058824
v -0.893321 0.024368 -0.079279 0.67058824 0.46274510 0.42745098
v -0.702015 0.001871 -0.079279 0.76078431 0.74509804 0.76078431
v -0.891744 0.024608 -0.079279 0.68235294 0.47058824 0.43529412
v -0.697692 0.001612 -0.079279 0.75686275 0.74117647 0.75686275
v -0.695646 0.001531 -0.079279 0.75686275 0.74509804 0.75686275
v -0.887985 0.025061 -0.079279 0.68627451 0.47450980 0.44313725
v -0.703391 0.069571 -0.079279 0.89411765 0.87843137 0.89803922
v -0.691828 0.001449 -0.079279 0.75294118 0.74117647 0.75294118
v -0.884769 0.025554 -0.079279 0.69411765 0.47843137 0.44705882
v -0.701906 0.069749 -0.079279 0.90588235 0.89019608 0.90980392
v -0.689402 0.001320 -0.079279 0.75294118 0.73725490 0.75294118
v -0.882879 0.025984 -0.079279 0.71372549 0.49019608 0.46274510
v -0.686119 0.001129 -0.079279 0.74509804 0.73333333 0.74901961
v -0.933542 0.037072 -0.079279 0.78823529 0.54117647 0.50980392
v -0.878186 0.027320 -0.079279 0.71764706 0.49411765 0.46666667
v -0.930141 0.037072 -0.079279 0.79607843 0.53725490 0.50588235
v -0.716947 0.066774 -0.079279 0.90196078 0.89019608 0.92156863
v -0.876674 0.027620 -0.079279 0.72549020 0.50196078 0.47450980
v -0.712379 0.066452 -0.079279 0.89019608 0.87843137 0.90980392
v -0.698023 0.070110 -0.079279 0.90588235 0.89411765 0.90588235
v -0.872459 0.027622 -0.079279 0.73725490 0.50980392 0.48235294
v -0.710799 0.066885 -0.079279 0.88235294 0.86666667 0.89803922
v -0.870886 0.027379 -0.079279 0.73725490 0.51764706 0.48235294
v -0.694025 0.072003 -0.079279 0.91372549 0.90196078 0.91764706
v -0.927199 0.037386 -0.079279 0.79215686 0.53725490 0.49803922
v -0.866229 0.026006 -0.079279 0.71764706 0.50588235 0.47058824
v -0.708060 0.068211 -0.079279 0.87843137 0.86274510 0.89019608
v -0.693577 0.072085 -0.079279 0.91372549 0.90196078 0.91764706
v -0.683027 0.000974 -0.079279 0.74117647 0.72941176 0.74509804
v -0.863709 0.024901 -0.079279 0.70196078 0.50196078 0.45882353
v -0.688237 0.071406 -0.079279 0.89803922 0.88235294 0.90588235
v -0.869017 0.035276 -0.079279 0.84313725 0.59215686 0.57647059
v -0.687728 0.071458 -0.079279 0.89803922 0.88235294 0.90588235
v -0.868139 0.035361 -0.079279 0.81176471 0.56862745 0.54117647
v -0.683675 0.073317 -0.079279 0.87058824 0.86274510 0.87843137
v -0.863517 0.036766 -0.079279 0.81568627 0.56470588 0.53333333
v -0.680457 0.000762 -0.079279 0.73725490 0.72156863 0.74117647
v -0.861863 0.024344 -0.079279 0.69411765 0.50196078 0.45490196
v -0.858550 0.021627 -0.079279 0.69803922 0.50588235 0.45882353
v -0.680195 0.073442 -0.079279 0.86274510 0.85098039 0.87058824
v -0.678574 0.074111 -0.079279 0.87843137 0.86666667 0.88627451
v -0.854702 0.019446 -0.079279 0.70196078 0.50980392 0.46274510
v -0.676448 0.000425 -0.079279 0.73333333 0.72156863 0.73725490
v -0.673611 0.074819 -0.079279 0.89803922 0.88627451 0.90588235
v -0.674905 0.000285 -0.079279 0.73333333 0.71764706 0.73725490
v -0.850526 0.017594 -0.079279 0.70980392 0.51372549 0.46666667
v -0.669946 -0.000049 -0.079279 0.73333333 0.71764706 0.73725490
v -0.860715 0.037550 -0.079279 0.83921569 0.56862745 0.54117647
v -0.858817 0.038096 -0.079279 0.83137255 0.56078431 0.52549020
v -0.855337 0.040645 -0.079279 0.83529412 0.57254902 0.52549020
v -0.748395 0.059443 -0.079279 0.90588235 0.89803922 0.92941176
v -0.747731 0.059506 -0.079279 0.90980392 0.89803922 0.92549020
v -0.742076 0.059739 -0.079279 0.90980392 0.90196078 0.92156863
v -0.742022 0.059740 -0.079279 0.90980392 0.89803922 0.91764706
v -0.736426 0.060123 -0.079279 0.90588235 0.89803922 0.91764706
v -0.733260 0.063097 -0.079279 0.90588235 0.89803922 0.92156863
v -0.732300 0.063481 -0.079279 0.90980392 0.90196078 0.92549020
v -0.727858 0.063717 -0.079279 0.90588235 0.89803922 0.92156863
v -0.725510 0.064243 -0.079279 0.90196078 0.89019608 0.92156863
v -0.723132 0.065063 -0.079279 0.90196078 0.89019608 0.92156863
v -0.718225 0.066215 -0.079279 0.90196078 0.89019608 0.92156863
v 0.702642 -0.005279 -0.079279 0.76470588 0.74509804 0.76470588
v 0.700508 -0.005254 -0.079279 0.76078431 0.74509804 0.76078431
v 0.715348 -0.004631 -0.079279 0.78823529 0.76470588 0.78823529
v 0.712084 -0.004771 -0.079279 0.77647059 0.75686275 0.77647059
v 0.732537 -0.001109 -0.079279 0.74509804 0.72549020 0.73725490
v 0.695080 0.060465 -0.079279 0.89803922 0.88627451 0.90196078
v 0.735155 0.002303 -0.079279 0.74509804 0.72549020 0.73725490
v 0.735212 0.003111 -0.079279 0.74509804 0.72549020 0.73725490
v 0.691336 0.061793 -0.079279 0.88627451 0.87843137 0.89411765
v 0.737346 0.006141 -0.079279 0.74509804 0.72156863 0.73333333
v 0.691151 -0.004712 -0.079279 0.76470588 0.74509804 0.76470588
v 0.688057 -0.004860 -0.079279 0.76470588 0.74509804 0.76470588
v 0.686555 0.062961 -0.079279 0.87843137 0.86666667 0.89019608
v 0.725867 0.053794 -0.079279 0.94117647 0.93725490 0.95686275
v 0.725602 0.053856 -0.079279 0.94509804 0.93725490 0.96078431
v 0.720413 0.054696 -0.079279 0.93725490 0.93333333 0.95294118
v 0.686491 0.062977 -0.079279 0.88235294 0.87058824 0.89019608
v 0.718619 0.055014 -0.079279 0.93333333 0.92941176 0.94901961
v 0.715294 0.055605 -0.079279 0.90980392 0.90196078 0.92156863
v 0.703139 0.058435 -0.079279 0.89019608 0.88235294 0.89803922
v 0.711139 0.056464 -0.079279 0.87058824 0.86274510 0.88235294
v 0.710313 0.056653 -0.079279 0.87058824 0.86274510 0.87843137
v 0.705469 0.057839 -0.079279 0.88235294 0.87450980 0.89019608
v 0.700759 0.059157 -0.079279 0.89411765 0.88627451 0.90196078
v 0.684820 -0.005014 -0.079279 0.76470588 0.74901961 0.76862745
v 0.695810 0.060237 -0.079279 0.89411765 0.88627451 0.90196078
v 0.682299 -0.005131 -0.079279 0.76078431 0.74509804 0.76470588
v 0.678347 -0.005458 -0.079279 0.76078431 0.74509804 0.76470588
v 0.676717 -0.005579 -0.079279 0.75686275 0.74117647 0.76078431
v 0.671992 -0.005783 -0.079279 0.75686275 0.74117647 0.76078431
v 0.678693 0.064794 -0.079279 0.87843137 0.86666667 0.88627451
v 0.670937 -0.005827 -0.079279 0.75294118 0.73725490 0.75686275
v 0.665756 -0.005990 -0.079279 0.75294118 0.73725490 0.75686275
v 0.676764 0.065308 -0.079279 0.88235294 0.87058824 0.89019608
v 0.681536 0.064051 -0.079279 0.87843137 0.86666667 0.88627451
v 0.671940 0.066513 -0.079279 0.90196078 0.89411765 0.90980392
v 0.670633 0.066825 -0.079279 0.90980392 0.90196078 0.91764706
v 0.729091 -0.003692 -0.079279 0.74509804 0.72549020 0.73333333
v 0.728095 -0.004003 -0.079279 0.75294118 0.72941176 0.74117647
v 0.666938 0.067540 -0.079279 0.90588235 0.89803922 0.91372549
v 0.723759 -0.004389 -0.079279 0.76078431 0.74117647 0.75294118
v 0.721653 -0.004410 -0.079279 0.77254902 0.75686275 0.78039216
v 0.717955 -0.004614 -0.079279 0.79215686 0.77647059 0.80392157
v 0.709176 -0.004774 -0.079279 0.77647059 0.75686275 0.77647059
v 0.706234 -0.004950 -0.079279 0.76862745 0.74901961 0.76862745
v 0.696956 -0.004936 -0.079279 0.76078431 0.74509804 0.76078431
v 0.693945 -0.004720 -0.079279 0.76078431 0.74509804 0.76470588
v 0.855598 0.020434 -0.079279 0.76078431 0.57254902 0.52549020
v 0.854394 0.019684 -0.079279 0.76862745 0.57647059 0.52941176
v 0.934166 0.020338 -0.079279 0.71764706 0.47843137 0.43921569
v 0.933000 0.020060 -0.079279 0.69019608 0.44705882 0.40784314
v 0.847331 0.016660 -0.079279 0.78039216 0.58823529 0.54117647
v 0.938558 0.021975 -0.079279 0.74509804 0.51372549 0.47843137
v 0.942104 0.024458 -0.079279 0.75686275 0.54509804 0.51372549
v 0.851703 0.018296 -0.079279 0.76862745 0.58039216 0.53333333
v 0.944646 0.027946 -0.079279 0.71372549 0.53333333 0.51372549
v 0.928782 0.019665 -0.079279 0.70196078 0.46274510 0.41960784
v 0.926561 0.019540 -0.079279 0.68235294 0.43529412 0.39607843
v 0.858668 0.023397 -0.079279 0.76470588 0.57647059 0.52941176
v 0.922545 0.019809 -0.079279 0.68235294 0.43137255 0.39215686
v 0.863053 0.025097 -0.079279 0.77254902 0.58039216 0.53333333
v 0.920997 0.019953 -0.079279 0.67058824 0.42745098 0.38431373
v 0.867207 0.026607 -0.079279 0.78039216 0.58431373 0.53725490
v 0.863700 0.036327 -0.079279 0.86666667 0.64313725 0.58431373
v 0.915840 0.020485 -0.079279 0.69019608 0.45882353 0.40784314
v 0.859137 0.036147 -0.079279 0.86666667 0.64705882 0.56862745
v 0.915497 0.020497 -0.079279 0.69019608 0.47058824 0.41960784
v 0.909760 0.020748 -0.079279 0.69019608 0.47450980 0.42745098
v 0.930898 0.035441 -0.079279 0.65098039 0.47843137 0.45490196
v 0.930722 0.035443 -0.079279 0.64705882 0.47843137 0.45098039
v 0.936499 0.035991 -0.079279 0.67843137 0.49803922 0.47450980
v 0.925256 0.036002 -0.079279 0.65490196 0.47843137 0.44705882
v 0.855598 0.038602 -0.079279 0.87843137 0.66666667 0.60000000
v 0.902974 0.021180 -0.079279 0.73725490 0.53725490 0.48235294
v 0.898725 0.021704 -0.079279 0.72549020 0.53725490 0.47843137
v 0.888649 0.023570 -0.079279 0.76078431 0.57254902 0.50980392
v 0.945309 0.032401 -0.079279 0.59607843 0.41960784 0.39215686
v 0.942621 0.035722 -0.079279 0.69019608 0.49411765 0.45098039
v 0.937077 0.036081 -0.079279 0.68235294 0.49411765 0.46666667
v 0.888441 0.023596 -0.079279 0.75686275 0.57647059 0.51764706
v 0.896177 0.021967 -0.079279 0.74509804 0.55294118 0.49019608
v 0.893478 0.022387 -0.079279 0.76078431 0.56862745 0.50588235
v 0.732697 0.052994 -0.079279 0.93725490 0.94117647 0.95294118
v 0.730669 0.052893 -0.079279 0.94117647 0.93725490 0.95294118
v 0.867523 0.026670 -0.079279 0.78823529 0.58823529 0.54117647
v 0.873417 0.026777 -0.079279 0.79215686 0.59607843 0.54509804
v 0.882990 0.024110 -0.079279 0.75686275 0.58039216 0.52156863
v 0.881796 0.024366 -0.079279 0.76470588 0.58039216 0.52941176
v 0.736861 0.054858 -0.079279 0.93725490 0.94117647 0.95294118
v 0.878154 0.025396 -0.079279 0.76078431 0.58039216 0.53333333
v 0.909492 0.020781 -0.079279 0.70588235 0.49411765 0.44705882
v 0.904171 0.021031 -0.079279 0.71764706 0.51372549 0.46274510
v 0.910870 0.037158 -0.079279 0.81568627 0.62352941 0.60392157
v 0.908963 0.037171 -0.079279 0.81176471 0.62352941 0.60784314
v 0.904550 0.037292 -0.079279 0.79215686 0.64313725 0.64705882
v 0.903361 0.037446 -0.079279 0.76470588 0.62745098 0.63529412
v 0.924133 0.036130 -0.079279 0.65490196 0.47450980 0.43921569
v 0.919760 0.036397 -0.079279 0.70980392 0.53333333 0.50588235
v 0.917603 0.036581 -0.079279 0.72941176 0.54901961 0.52156863
v 0.914396 0.036804 -0.079279 0.79215686 0.61176471 0.59215686
v -0.922798 0.035758 -0.082962 0.82352941 0.56078431 0.51372549
v -0.916769 0.035757 -0.082414 0.82352941 0.54117647 0.51372549
v -0.916769 0.023699 -0.083213 0.70980392 0.48627451 0.46274510
v -0.726899 0.002549 -0.082989 0.74509804 0.72549020 0.74509804
v -0.910740 0.023699 -0.082162 0.69019608 0.46666667 0.43921569
v -0.720844 0.002575 -0.081873 0.74117647 0.72549020 0.74509804
v -0.910740 0.035757 -0.082281 0.80000000 0.53725490 0.49803922
v -0.946914 0.035757 -0.079723 0.74509804 0.51372549 0.47058824
v -0.702737 0.068917 -0.080460 0.88235294 0.86666667 0.88627451
v -0.904711 0.023699 -0.080593 0.69803922 0.47058824 0.44313725
v -0.717861 0.065859 -0.080579 0.90588235 0.89803922 0.92549020
v -0.901696 0.026714 -0.082707 0.70588235 0.47843137 0.44705882
v -0.696776 0.068860 -0.081926 0.89019608 0.88235294 0.89803922
v -0.934856 0.035757 -0.083440 0.80392157 0.55294118 0.52941176
v -0.693913 0.071749 -0.080203 0.90588235 0.89411765 0.90980392
v -0.690910 0.068722 -0.082321 0.89803922 0.88235294 0.91372549
v -0.898682 0.023699 -0.079413 0.70588235 0.47843137 0.45098039
v -0.928827 0.035757 -0.083006 0.81960784 0.54509804 0.51764706
v -0.684972 0.068646 -0.082720 0.90196078 0.88627451 0.90980392
v -0.907725 0.038772 -0.079492 0.81568627 0.61176471 0.58431373
v -0.711807 0.065880 -0.079869 0.88627451 0.87058824 0.90196078
v -0.904711 0.035757 -0.082362 0.79607843 0.52941176 0.50196078
v -0.682018 0.071612 -0.080711 0.87450980 0.86274510 0.87843137
v -0.901696 0.038772 -0.079917 0.82745098 0.59607843 0.57647059
v -0.898682 0.029728 -0.083327 0.74509804 0.49803922 0.47450980
v -0.676145 0.071483 -0.082600 0.85490196 0.83921569 0.86666667
v -0.705752 0.065903 -0.081976 0.87450980 0.85490196 0.88235294
v -0.895667 0.026714 -0.081753 0.71764706 0.48627451 0.45882353
v -0.895667 0.032743 -0.083056 0.80000000 0.52549020 0.51372549
v -0.673217 0.074429 -0.081228 0.87843137 0.86666667 0.88627451
v -0.892653 0.029728 -0.082560 0.74901961 0.49411765 0.47450980
v -0.889638 0.026714 -0.080820 0.71764706 0.48627451 0.45882353
v -0.892653 0.035757 -0.082016 0.76862745 0.48235294 0.46274510
v -0.889638 0.032743 -0.082448 0.74901961 0.49803922 0.47450980
v -0.886624 0.029728 -0.081782 0.72156863 0.49019608 0.46274510
v -0.889638 0.038772 -0.080175 0.80000000 0.56470588 0.52156863
v -0.886624 0.035757 -0.081015 0.77647059 0.51372549 0.49411765
v -0.883609 0.032743 -0.081793 0.75294118 0.50980392 0.48627451
v -0.883609 0.026714 -0.079978 0.72549020 0.49803922 0.47058824
v -0.880595 0.029728 -0.080692 0.74509804 0.50980392 0.48627451
v -0.874565 0.029728 -0.079999 0.76078431 0.52549020 0.49803922
v -0.871551 0.032743 -0.079944 0.77647059 0.54117647 0.51372549
v -0.868536 0.029728 -0.080243 0.77254902 0.54509804 0.50980392
v -0.865522 0.026714 -0.079817 0.72941176 0.51764706 0.47843137
v -0.865522 0.032743 -0.080797 0.78823529 0.55294118 0.51372549
v -0.862507 0.035757 -0.080144 0.79607843 0.54901961 0.51372549
v -0.859493 0.026714 -0.080620 0.70196078 0.50980392 0.46274510
v -0.732950 0.062830 -0.080932 0.91764706 0.90980392 0.92549020
v -0.730009 0.059751 -0.083421 0.92549020 0.92156863 0.93333333
v -0.726957 0.062799 -0.082775 0.90980392 0.89803922 0.92549020
v 0.734781 0.002676 -0.081617 0.73725490 0.71372549 0.72549020
v 0.713646 0.053957 -0.082899 0.88235294 0.87450980 0.89411765
v 0.719675 0.053957 -0.081386 0.92941176 0.92156863 0.94509804
v 0.704602 0.056972 -0.081659 0.88627451 0.88235294 0.89411765
v 0.695559 0.059987 -0.080151 0.89019608 0.87843137 0.89803922
v 0.680486 0.063001 -0.081848 0.88235294 0.87058824 0.89019608
v 0.671443 0.066016 -0.080664 0.90588235 0.89803922 0.91372549
v 0.665413 0.066016 -0.083234 0.91764706 0.90588235 0.92549020
v 0.921733 0.020532 -0.082306 0.64313725 0.40000000 0.36862745
v 0.915661 0.020665 -0.080058 0.67058824 0.44313725 0.40000000
v 0.936791 0.035664 -0.083009 0.69803922 0.52549020 0.49803922
v 0.924790 0.035497 -0.080732 0.73725490 0.55686275 0.53725490
v 0.855367 0.020675 -0.080239 0.76470588 0.57254902 0.52549020
v 0.900702 0.023324 -0.082197 0.75294118 0.55294118 0.49803922
v 0.858388 0.023671 -0.079796 0.76862745 0.57254902 0.52549020
v 0.888531 0.023679 -0.079404 0.76862745 0.57647059 0.52156863
v 0.861399 0.026698 -0.080780 0.77647059 0.58039216 0.52941176
v 0.894649 0.023401 -0.081082 0.77254902 0.56862745 0.51764706
v 0.867396 0.026797 -0.079347 0.79607843 0.59215686 0.54117647
v 0.864405 0.029741 -0.080683 0.80392157 0.59607843 0.54509804
v 0.897811 0.025963 -0.083542 0.77647059 0.56862745 0.51764706
v 0.870423 0.029776 -0.080763 0.80784314 0.59607843 0.54509804
v 0.891668 0.026315 -0.082673 0.77647059 0.57647059 0.52549020
v 0.867427 0.032734 -0.080088 0.81176471 0.58039216 0.52941176
v 0.861408 0.032703 -0.081108 0.84705882 0.62745098 0.56862745
v 0.885586 0.026480 -0.081578 0.78039216 0.58431373 0.53333333
v 0.864466 0.035589 -0.079620 0.86274510 0.63529412 0.58039216
v 0.858472 0.035485 -0.079821 0.85490196 0.63529412 0.57254902
v 0.879485 0.026701 -0.080339 0.78823529 0.59215686 0.54117647
v 0.855467 0.038476 -0.079539 0.88627451 0.67058824 0.60000000
v 0.882571 0.029501 -0.082349 0.80784314 0.59215686 0.54901961
v 0.942755 0.035856 -0.079501 0.70980392 0.50980392 0.46274510
v 0.888688 0.029230 -0.083096 0.80392157 0.58431373 0.54117647
v 0.737762 0.053958 -0.081882 0.93725490 0.94117647 0.95294118
v 0.891769 0.032053 -0.083336 0.82745098 0.58039216 0.55294118
v 0.885643 0.032345 -0.082304 0.81960784 0.58431373 0.55294118
v 0.888739 0.035125 -0.082207 0.86274510 0.64705882 0.61960784
v 0.906693 0.023447 -0.083279 0.72156863 0.50980392 0.46274510
v 0.912851 0.035142 -0.082075 0.85490196 0.67058824 0.66274510
v 0.900889 0.034853 -0.082531 0.85490196 0.66274510 0.64705882
v 0.906900 0.034911 -0.082249 0.86666667 0.66274510 0.65490196
v 0.918794 0.035399 -0.081569 0.79215686 0.64705882 0.62745098
v -0.941857 0.028757 -0.075016 0.63137255 0.47058824 0.43921569
v -0.942529 0.031373 -0.075016 0.63137255 0.44705882 0.41568627
v -0.924751 0.037711 -0.075016 0.74901961 0.52941176 0.47450980
v -0.920158 0.038397 -0.075016 0.77254902 0.54117647 0.49411765
v -0.938885 0.025700 -0.075016 0.63137255 0.48627451 0.45098039
v -0.919504 0.038493 -0.075016 0.78431373 0.55294118 0.50588235
v -0.914533 0.039551 -0.075016 0.78823529 0.56078431 0.50980392
v -0.920590 0.021491 -0.075016 0.61568627 0.43921569 0.40784314
v -0.919067 0.021401 -0.075016 0.59607843 0.42745098 0.39215686
v -0.935064 0.023492 -0.075016 0.59607843 0.42352941 0.39607843
v -0.934441 0.023284 -0.075016 0.59215686 0.41960784 0.39215686
v -0.914305 0.021236 -0.075016 0.60000000 0.42352941 0.38823529
v -0.939645 0.034518 -0.075016 0.70588235 0.51372549 0.47450980
v -0.913178 0.021261 -0.075016 0.61176471 0.42745098 0.39215686
v -0.934980 0.035633 -0.075016 0.72941176 0.52941176 0.48627451
v -0.934765 0.035666 -0.075016 0.73333333 0.52941176 0.48235294
v -0.908431 0.021390 -0.075016 0.62352941 0.42745098 0.39607843
v -0.930329 0.022197 -0.075016 0.60392157 0.42745098 0.40000000
v -0.740778 0.006761 -0.075016 0.75686275 0.72549020 0.73725490
v -0.906908 0.021502 -0.075016 0.63529412 0.43529412 0.40392157
v -0.926988 0.021860 -0.075016 0.58039216 0.41568627 0.39215686
v -0.924747 0.021750 -0.075016 0.59607843 0.43137255 0.40000000
v -0.902877 0.021865 -0.075016 0.64313725 0.43921569 0.40784314
v -0.929769 0.036700 -0.075016 0.74117647 0.51372549 0.46274510
v -0.927339 0.037245 -0.075016 0.74901961 0.52549020 0.47058824
v -0.737122 0.004387 -0.075016 0.74901961 0.72156863 0.73725490
v -0.900295 0.022086 -0.075016 0.64313725 0.44313725 0.41176471
v -0.897091 0.022109 -0.075016 0.64705882 0.45098039 0.41176471
v -0.703034 0.069214 -0.075016 0.90588235 0.89019608 0.91372549
v -0.702260 0.069394 -0.075016 0.90196078 0.89019608 0.90980392
v -0.698675 0.070770 -0.075016 0.90588235 0.89411765 0.91372549
v -0.912692 0.039834 -0.075016 0.79607843 0.56470588 0.51372549
v -0.694389 0.071258 -0.075016 0.90980392 0.89803922 0.91372549
v -0.693452 0.071434 -0.075016 0.90588235 0.89411765 0.91372549
v -0.909227 0.040274 -0.075016 0.80392157 0.58039216 0.53725490
v -0.905122 0.041375 -0.075016 0.81176471 0.59215686 0.55294118
v -0.904502 0.041578 -0.075016 0.81568627 0.59215686 0.55294118
v -0.688601 0.072356 -0.075016 0.87843137 0.86666667 0.88235294
v -0.733013 0.002467 -0.075016 0.74509804 0.71764706 0.73333333
v -0.894138 0.022214 -0.075016 0.63137255 0.44313725 0.40392157
v -0.732772 0.002454 -0.075016 0.74117647 0.71372549 0.72941176
v -0.891364 0.022410 -0.075016 0.64705882 0.45098039 0.41568627
v -0.887717 0.022606 -0.075016 0.63921569 0.45098039 0.41176471
v -0.885671 0.022747 -0.075016 0.64705882 0.45490196 0.41960784
v -0.687215 0.072431 -0.075016 0.86666667 0.85882353 0.87450980
v -0.880904 0.023390 -0.075016 0.66274510 0.46274510 0.42745098
v -0.874259 0.023393 -0.075016 0.64313725 0.44705882 0.41568627
v -0.726886 0.002562 -0.075016 0.73725490 0.71764706 0.73333333
v -0.683280 0.072915 -0.075016 0.87450980 0.86274510 0.88235294
v -0.726856 0.002562 -0.075016 0.73725490 0.71372549 0.72941176
v -0.869230 0.023005 -0.075016 0.67843137 0.47450980 0.43921569
v -0.680210 0.073438 -0.075016 0.89019608 0.88235294 0.90196078
v -0.678462 0.073870 -0.075016 0.89803922 0.88627451 0.90588235
v -0.673619 0.074843 -0.075016 0.91764706 0.90588235 0.92549020
v -0.721404 0.002015 -0.075016 0.73725490 0.71764706 0.72941176
v -0.867281 0.022443 -0.075016 0.68627451 0.48235294 0.44313725
v -0.720131 0.001867 -0.075016 0.73725490 0.72156863 0.73333333
v -0.864523 0.021683 -0.075016 0.68235294 0.48627451 0.44313725
v -0.715157 0.002233 -0.075016 0.74117647 0.72156863 0.73333333
v -0.859888 0.020289 -0.075016 0.68235294 0.48627451 0.44313725
v -0.714543 0.002311 -0.075016 0.74509804 0.72549020 0.73725490
v -0.858876 0.020068 -0.075016 0.68235294 0.49019608 0.44313725
v -0.708824 0.002538 -0.075016 0.74509804 0.72941176 0.74117647
v -0.855014 0.019134 -0.075016 0.69019608 0.49803922 0.45098039
v -0.708708 0.002535 -0.075016 0.75294118 0.73333333 0.74901961
v -0.850529 0.017591 -0.075016 0.69411765 0.50196078 0.45490196
v -0.863370 0.040924 -0.075016 0.81960784 0.55686275 0.52941176
v -0.703152 0.002181 -0.075016 0.75294118 0.73725490 0.74901961
v -0.861664 0.040943 -0.075016 0.83137255 0.56078431 0.54509804
v -0.702275 0.002132 -0.075016 0.75686275 0.74117647 0.75686275
v -0.856763 0.042071 -0.075016 0.82745098 0.56862745 0.53333333
v -0.697334 0.001970 -0.075016 0.75686275 0.74117647 0.75294118
v -0.747528 0.060315 -0.075016 0.90196078 0.89411765 0.92549020
v -0.742264 0.059983 -0.075016 0.90588235 0.89803922 0.92156863
v -0.741846 0.059969 -0.075016 0.90588235 0.89803922 0.92156863
v -0.736574 0.060271 -0.075016 0.90588235 0.89803922 0.92156863
v -0.735057 0.060733 -0.075016 0.90980392 0.89803922 0.92156863
v -0.696046 0.001936 -0.075016 0.75686275 0.74117647 0.75294118
v -0.732384 0.062121 -0.075016 0.90980392 0.89803922 0.92549020
v -0.691539 0.001738 -0.075016 0.75294118 0.73725490 0.74901961
v -0.689732 0.001651 -0.075016 0.74901961 0.73333333 0.74901961
v -0.727630 0.063458 -0.075016 0.90588235 0.89803922 0.92549020
v -0.685785 0.001463 -0.075016 0.74509804 0.72941176 0.74509804
v -0.725762 0.063992 -0.075016 0.90588235 0.89411765 0.92156863
v -0.717026 0.066694 -0.075016 0.90980392 0.89803922 0.92156863
v -0.723121 0.065052 -0.075016 0.90588235 0.89411765 0.92156863
v -0.713700 0.067777 -0.075016 0.90588235 0.89411765 0.91764706
v -0.718293 0.066292 -0.075016 0.90980392 0.89803922 0.92156863
v -0.708838 0.068989 -0.075016 0.88627451 0.87450980 0.89803922
v -0.708661 0.069022 -0.075016 0.89019608 0.87450980 0.89803922
v -0.683360 0.001307 -0.075016 0.74117647 0.72549020 0.74117647
v -0.680219 0.000999 -0.075016 0.74117647 0.72156863 0.73725490
v -0.676758 0.000734 -0.075016 0.73725490 0.72156863 0.73725490
v -0.674644 0.000546 -0.075016 0.73725490 0.72156863 0.73725490
v -0.670549 0.000555 -0.075016 0.73333333 0.71764706 0.73725490
v 0.702847 -0.005074 -0.075016 0.76470588 0.74509804 0.76862745
v 0.692581 0.062964 -0.075016 0.91764706 0.90588235 0.92156863
v 0.692522 0.062979 -0.075016 0.91764706 0.90588235 0.92156863
v 0.687741 0.064227 -0.075016 0.90980392 0.89411765 0.91764706
v 0.706716 0.059086 -0.075016 0.90588235 0.89803922 0.91372549
v 0.700054 -0.004799 -0.075016 0.76078431 0.74117647 0.76078431
v 0.702110 0.060509 -0.075016 0.91764706 0.90980392 0.92549020
v 0.716235 -0.003744 -0.075016 0.79215686 0.77254902 0.80000000
v 0.711486 -0.004173 -0.075016 0.78823529 0.76862745 0.79607843
v 0.700713 0.060862 -0.075016 0.91764706 0.90980392 0.92549020
v 0.697294 0.061722 -0.075016 0.92156863 0.91372549 0.92941176
v 0.684368 0.065148 -0.075016 0.90196078 0.89019608 0.90980392
v 0.682983 0.065498 -0.075016 0.89803922 0.88627451 0.90588235
v 0.732308 -0.000880 -0.075016 0.75294118 0.73333333 0.75294118
v 0.677992 0.066535 -0.075016 0.88235294 0.87058824 0.89019608
v 0.735243 0.002215 -0.075016 0.75294118 0.73333333 0.74901961
v 0.738201 0.005285 -0.075016 0.76078431 0.74117647 0.76078431
v 0.676647 0.066840 -0.075016 0.88627451 0.87450980 0.89019608
v 0.690901 -0.004962 -0.075016 0.76470588 0.74509804 0.76470588
v 0.688137 -0.004940 -0.075016 0.76470588 0.74901961 0.76862745
v 0.673148 0.067721 -0.075016 0.89803922 0.89019608 0.90588235
v 0.668541 0.068918 -0.075016 0.90980392 0.90196078 0.92156863
v 0.724717 0.054945 -0.075016 0.94509804 0.93725490 0.95686275
v 0.721350 0.055632 -0.075016 0.94509804 0.93725490 0.95686275
v 0.717201 0.056431 -0.075016 0.93725490 0.92941176 0.94901961
v 0.716320 0.056631 -0.075016 0.93333333 0.92549020 0.94509804
v 0.709172 0.058431 -0.075016 0.89019608 0.88235294 0.89803922
v 0.684934 -0.004900 -0.075016 0.76862745 0.74901961 0.76862745
v 0.711515 0.057855 -0.075016 0.88235294 0.87450980 0.89019608
v 0.681980 -0.004812 -0.075016 0.76470588 0.74901961 0.76862745
v 0.678791 -0.005014 -0.075016 0.76470588 0.74901961 0.76862745
v 0.676432 -0.005293 -0.075016 0.76078431 0.74509804 0.76470588
v 0.672016 -0.005760 -0.075016 0.76078431 0.74509804 0.76470588
v 0.670942 -0.005833 -0.075016 0.75686275 0.74117647 0.76078431
v 0.665742 -0.006005 -0.075016 0.75686275 0.74117647 0.76078431
v 0.729450 -0.002643 -0.075016 0.75294118 0.72941176 0.75294118
v 0.722863 -0.003492 -0.075016 0.76470588 0.74509804 0.76470588
v 0.722500 -0.003508 -0.075016 0.77647059 0.75686275 0.78039216
v 0.717053 -0.003711 -0.075016 0.78823529 0.76862745 0.79215686
v 0.728454 -0.003055 -0.075016 0.74117647 0.72156863 0.75294118
v 0.709485 -0.004465 -0.075016 0.78431373 0.76470588 0.78823529
v 0.706199 -0.004915 -0.075016 0.77254902 0.75294118 0.77647059
v 0.696846 -0.005045 -0.075016 0.75686275 0.73725490 0.76078431
v 0.694560 -0.005335 -0.075016 0.76078431 0.74117647 0.76470588
v 0.856573 0.019471 -0.075016 0.75686275 0.57254902 0.52549020
v 0.852675 0.017970 -0.075016 0.76078431 0.57647059 0.52941176
v 0.847480 0.016500 -0.075016 0.76862745 0.58039216 0.53333333
v 0.852176 0.017828 -0.075016 0.76078431 0.57647059 0.52941176
v 0.861017 0.021083 -0.075016 0.75294118 0.57254902 0.52549020
v 0.861846 0.021194 -0.075016 0.75686275 0.57647059 0.52941176
v 0.860391 0.039521 -0.075016 0.87058824 0.68627451 0.61960784
v 0.857181 0.040043 -0.075016 0.88235294 0.68627451 0.62352941
v 0.736196 0.055524 -0.075016 0.93725490 0.93725490 0.94901961
v 0.731799 0.054023 -0.075016 0.94117647 0.93725490 0.95294118
v 0.731683 0.054008 -0.075016 0.93725490 0.93725490 0.95294118
v 0.726604 0.054857 -0.075016 0.94117647 0.93333333 0.95686275
v 0.927620 0.020844 -0.075016 0.76078431 0.52156863 0.47843137
v 0.921672 0.020752 -0.075016 0.78431373 0.49411765 0.43529412
v 0.915856 0.020517 -0.075016 0.72156863 0.47450980 0.41568627
v 0.915411 0.020502 -0.075016 0.70196078 0.49019608 0.42745098
v 0.909882 0.020446 -0.075016 0.68627451 0.49803922 0.43921569
v 0.909358 0.020447 -0.075016 0.67058824 0.50196078 0.43921569
v 0.921659 0.020751 -0.075016 0.78431373 0.49019608 0.43529412
v 0.932577 0.021927 -0.075016 0.70980392 0.48235294 0.42745098
v 0.927775 0.020875 -0.075016 0.76078431 0.52549020 0.47843137
v 0.936687 0.023846 -0.075016 0.75294118 0.50980392 0.47058824
v 0.939705 0.026858 -0.075016 0.78823529 0.57254902 0.54509804
v 0.939380 0.032500 -0.075016 0.63921569 0.48627451 0.46666667
v 0.935033 0.034108 -0.075016 0.60392157 0.44313725 0.41568627
v 0.931831 0.034632 -0.075016 0.57254902 0.41960784 0.39215686
v 0.930082 0.035043 -0.075016 0.55686275 0.40000000 0.37647059
v 0.925317 0.036096 -0.075016 0.58431373 0.40392157 0.35294118
v 0.903737 0.020543 -0.075016 0.65882353 0.49803922 0.43529412
v 0.903465 0.020549 -0.075016 0.66666667 0.50588235 0.43921569
v 0.898052 0.021013 -0.075016 0.70588235 0.52941176 0.45882353
v 0.890805 0.021413 -0.075016 0.75294118 0.57254902 0.50588235
v 0.886504 0.021734 -0.075016 0.74509804 0.57647059 0.51372549
v 0.897120 0.021035 -0.075016 0.74117647 0.55294118 0.48235294
v 0.892139 0.021261 -0.075016 0.75294118 0.56470588 0.49411765
v 0.866211 0.021949 -0.075016 0.74509804 0.57254902 0.52941176
v 0.871267 0.022946 -0.075016 0.72941176 0.56862745 0.52941176
v 0.869415 0.022818 -0.075016 0.73725490 0.57254902 0.52941176
v 0.875165 0.022547 -0.075016 0.73333333 0.57254902 0.52549020
v 0.884388 0.021841 -0.075016 0.73725490 0.57647059 0.51764706
v 0.880716 0.022055 -0.075016 0.74117647 0.57647059 0.52549020
v 0.877947 0.022290 -0.075016 0.74117647 0.57647059 0.52549020
v 0.909648 0.038448 -0.075016 0.78823529 0.58039216 0.55686275
v 0.904829 0.039256 -0.075016 0.78823529 0.58823529 0.56470588
v 0.923925 0.036386 -0.075016 0.61568627 0.43529412 0.39215686
v 0.920093 0.036936 -0.075016 0.63137255 0.44313725 0.40392157
v 0.916953 0.037380 -0.075016 0.68235294 0.48627451 0.45490196
v 0.914859 0.037682 -0.075016 0.76862745 0.56862745 0.54117647
v 0.909895 0.038426 -0.075016 0.78431373 0.57647059 0.54901961
v 0.740896 0.056853 -0.075016 0.90588235 0.90980392 0.92156863
v 0.740551 0.056746 -0.075016 0.92156863 0.92549020 0.93333333
v 0.745767 0.058011 -0.075016 0.91764706 0.92941176 0.92941176
v -0.913754 0.038772 -0.078591 0.80392157 0.57647059 0.54117647
v -0.892653 0.023699 -0.078264 0.65882353 0.45490196 0.41960784
v -0.886624 0.023699 -0.077354 0.66274510 0.46274510 0.42745098
v -0.732899 0.002581 -0.076234 0.74509804 0.72156863 0.73725490
v -0.714812 0.002578 -0.079084 0.74509804 0.72549020 0.74117647
v -0.880595 0.023699 -0.075761 0.69019608 0.47843137 0.45098039
v -0.877580 0.026714 -0.078890 0.70980392 0.49019608 0.46274510
v -0.693835 0.071813 -0.078779 0.90980392 0.89803922 0.91372549
v -0.874565 0.023699 -0.075658 0.69803922 0.48627451 0.45490196
v -0.687954 0.071689 -0.078631 0.90196078 0.89019608 0.90980392
v -0.871551 0.026714 -0.078822 0.71764706 0.50196078 0.47058824
v -0.946914 0.029728 -0.079182 0.64705882 0.44705882 0.41176471
v -0.868536 0.023699 -0.076653 0.70588235 0.49411765 0.45882353
v -0.943900 0.032743 -0.075848 0.66666667 0.46274510 0.42352941
v -0.708766 0.068917 -0.077009 0.87843137 0.86274510 0.89019608
v -0.940885 0.035757 -0.076401 0.74117647 0.54901961 0.50980392
v -0.862507 0.023699 -0.078759 0.69019608 0.49411765 0.45098039
v -0.859493 0.020685 -0.076205 0.69019608 0.49411765 0.45098039
v -0.943900 0.026714 -0.077654 0.67450980 0.50980392 0.47843137
v -0.940885 0.023699 -0.078459 0.65098039 0.50980392 0.47058824
v -0.868536 0.035757 -0.079095 0.83529412 0.58431373 0.56862745
v -0.934856 0.035757 -0.075149 0.73333333 0.51372549 0.47058824
v -0.865522 0.038772 -0.077426 0.82352941 0.56470588 0.52941176
v -0.859493 0.038772 -0.078505 0.84313725 0.56470588 0.53725490
v -0.856478 0.041786 -0.076069 0.83529412 0.57254902 0.53333333
v -0.748033 0.059805 -0.078076 0.90196078 0.89019608 0.92549020
v -0.742048 0.059767 -0.079008 0.90196078 0.89411765 0.92156863
v -0.733023 0.062767 -0.075612 0.91372549 0.90196078 0.92941176
v 0.737792 0.005695 -0.077439 0.75294118 0.72941176 0.74509804
v 0.728747 -0.003348 -0.076261 0.75294118 0.72941176 0.74901961
v 0.686515 0.063001 -0.079209 0.87843137 0.86666667 0.89019608
v 0.701588 0.059987 -0.076738 0.90980392 0.90196078 0.91764706
v 0.725704 0.053957 -0.078788 0.94509804 0.93725490 0.95686275
v 0.677472 0.066015 -0.077006 0.87843137 0.87058824 0.89019608
v 0.710631 0.056972 -0.078287 0.87843137 0.87058824 0.89019608
v 0.933706 0.020798 -0.077108 0.69411765 0.45882353 0.40784314
v 0.936721 0.023812 -0.075058 0.75294118 0.50980392 0.46666667
v 0.939735 0.026827 -0.075045 0.78431373 0.56862745 0.53725490
v 0.942750 0.029841 -0.076066 0.69803922 0.53725490 0.51764706
v 0.927682 0.020782 -0.075131 0.73725490 0.48235294 0.43529412
v 0.921665 0.020745 -0.075031 0.72156863 0.46274510 0.41176471
v 0.909648 0.020616 -0.078943 0.69411765 0.49411765 0.43921569
v 0.864386 0.023770 -0.078085 0.76078431 0.58039216 0.53333333
v 0.861518 0.038412 -0.076902 0.87058824 0.67450980 0.60000000
v 0.939735 0.032856 -0.075324 0.61176471 0.44313725 0.42745098
v 0.936756 0.035767 -0.078142 0.66666667 0.46274510 0.44705882
v 0.903651 0.020513 -0.077423 0.69803922 0.51372549 0.45490196
v 0.731733 0.053958 -0.075167 0.93725490 0.93333333 0.94901961
v 0.870401 0.023812 -0.076557 0.75686275 0.58039216 0.53333333
v 0.876448 0.023757 -0.077517 0.75294118 0.58039216 0.52941176
v 0.873439 0.026755 -0.079262 0.77254902 0.58431373 0.53725490
v 0.882493 0.023707 -0.078688 0.74901961 0.57647059 0.52549020
v 0.909806 0.038256 -0.076558 0.79215686 0.59215686 0.57254902
v 0.903845 0.038055 -0.078585 0.78823529 0.61568627 0.60784314
v -0.893591 0.042725 -0.075016 0.78431373 0.54509804 0.50196078
v -0.791539 0.013022 -0.075016 0.74117647 0.56862745 0.52549020
v -0.885581 0.042829 -0.075016 0.78039216 0.54117647 0.49803922
v -0.784552 0.011219 -0.075016 0.74509804 0.58823529 0.55686275
v -0.898302 0.042166 -0.075016 0.80392157 0.57254902 0.53333333
v -0.775936 0.009476 -0.075016 0.74901961 0.61568627 0.58823529
v -0.880612 0.041804 -0.075016 0.79215686 0.54509804 0.50588235
v -0.774509 0.009204 -0.075016 0.75294118 0.63529412 0.61568627
v -0.875332 0.041020 -0.075016 0.81176471 0.56470588 0.53725490
v -0.867479 0.040729 -0.075016 0.81176471 0.56078431 0.52549020
v -0.786487 0.056202 -0.075016 0.70196078 0.49019608 0.44705882
v -0.775687 0.057460 -0.075016 0.90588235 0.89019608 0.91764706
v -0.843510 0.016760 -0.075016 0.70980392 0.51372549 0.46666667
v -0.774337 0.057609 -0.075016 0.90980392 0.89411765 0.92156863
v -0.765115 0.058923 -0.075016 0.90980392 0.89803922 0.92156863
v -0.847541 0.044907 -0.075016 0.82745098 0.58039216 0.53725490
v -0.760425 0.059469 -0.075016 0.90196078 0.89803922 0.91764706
v -0.847213 0.045022 -0.075016 0.83529412 0.58823529 0.54509804
v -0.838563 0.047987 -0.075016 0.84313725 0.60392157 0.56078431
v -0.754268 0.060040 -0.075016 0.90588235 0.89411765 0.92549020
v -0.830405 0.049773 -0.075016 0.85490196 0.62352941 0.57647059
v -0.839585 0.016476 -0.075016 0.70588235 0.51372549 0.46274510
v -0.830904 0.016212 -0.075016 0.71372549 0.51764706 0.46666667
v -0.763520 0.008135 -0.075016 0.75686275 0.64705882 0.63529412
v -0.762523 0.008121 -0.075016 0.76078431 0.67058824 0.66274510
v -0.751615 0.009271 -0.075016 0.76470588 0.69019608 0.69019608
v -0.750043 0.009553 -0.075016 0.76470588 0.71764706 0.72549020
v 0.771962 0.007699 -0.075016 0.79215686 0.70196078 0.69411765
v 0.762727 0.006574 -0.075016 0.79607843 0.72941176 0.72941176
v 0.827605 0.048353 -0.075016 0.88627451 0.67450980 0.62745098
v 0.895136 0.040833 -0.075016 0.80784314 0.60000000 0.57647059
v 0.761024 0.006580 -0.075016 0.79215686 0.74117647 0.74901961
v 0.818566 0.050020 -0.075016 0.88627451 0.68235294 0.63529412
v 0.751239 0.007143 -0.075016 0.78431373 0.75686275 0.76862745
v -0.827780 0.016223 -0.075016 0.71372549 0.51764706 0.46274510
v 0.799406 0.052529 -0.075016 0.86274510 0.66274510 0.61568627
v 0.747878 0.007667 -0.075016 0.76862745 0.74901961 0.76470588
v -0.818776 0.016142 -0.075016 0.71764706 0.52156863 0.46666667
v 0.797116 0.052890 -0.075016 0.85490196 0.65098039 0.60392157
v -0.828597 0.050079 -0.075016 0.85882353 0.63529412 0.58431373
v 0.813136 0.050788 -0.075016 0.87843137 0.67843137 0.63137255
v -0.815864 0.016081 -0.075016 0.72156863 0.52941176 0.47450980
v 0.807780 0.051364 -0.075016 0.87058824 0.67058824 0.62352941
v -0.805916 0.015340 -0.075016 0.72549020 0.53725490 0.48627451
v -0.804700 0.015187 -0.075016 0.72941176 0.54509804 0.49803922
v 0.871819 0.040160 -0.075016 0.83921569 0.62352941 0.57647059
v -0.794280 0.013549 -0.075016 0.73725490 0.55294118 0.50588235
v 0.869043 0.039774 -0.075016 0.85490196 0.63921569 0.58431373
v -0.818574 0.052114 -0.075016 0.85490196 0.63529412 0.58039216
v 0.882265 0.041745 -0.075016 0.82352941 0.60784314 0.56078431
v -0.815656 0.052464 -0.075016 0.85490196 0.63529412 0.58431373
v -0.807723 0.053322 -0.075016 0.85098039 0.63921569 0.58039216
v 0.847664 0.042763 -0.075016 0.87843137 0.66666667 0.60784314
v -0.802031 0.054031 -0.075016 0.84313725 0.63137255 0.57647059
v 0.843989 0.043946 -0.075016 0.88235294 0.66274510 0.61176471
v -0.797025 0.054682 -0.075016 0.81176471 0.59607843 0.54117647
v 0.838432 0.045673 -0.075016 0.88235294 0.67058824 0.61960784
v -0.788092 0.055912 -0.075016 0.78823529 0.56470588 0.51372549
v 0.883051 0.041777 -0.075016 0.81176471 0.60000000 0.56078431
v 0.828773 0.048153 -0.075016 0.88627451 0.67450980 0.62352941
v 0.772119 0.055768 -0.075016 0.94117647 0.94509804 0.95686275
v 0.764736 0.056815 -0.075016 0.94117647 0.93725490 0.95294118
v 0.758348 0.057488 -0.075016 0.94117647 0.93333333 0.94901961
v 0.753784 0.057921 -0.075016 0.93725490 0.93725490 0.94509804
v 0.786122 0.054032 -0.075016 0.81960784 0.60392157 0.55294118
v 0.785864 0.054063 -0.075016 0.79215686 0.57647059 0.52156863
v 0.775395 0.055401 -0.075016 0.94901961 0.95294118 0.97254902
v 0.894476 0.040950 -0.075016 0.81960784 0.60392157 0.57254902
v 0.813006 0.014884 -0.075016 0.80392157 0.60784314 0.56078431
v 0.806820 0.014493 -0.075016 0.80392157 0.61568627 0.56862745
v 0.836574 0.015399 -0.075016 0.80000000 0.60000000 0.54901961
v 0.831640 0.015161 -0.075016 0.79607843 0.59607843 0.54509804
v 0.844955 0.016335 -0.075016 0.78039216 0.58431373 0.53725490
v 0.824851 0.015084 -0.075016 0.80392157 0.60392157 0.55294118
v 0.819378 0.014984 -0.075016 0.80000000 0.60000000 0.54901961
v 0.781881 0.009839 -0.075016 0.80000000 0.65098039 0.62352941
v 0.777018 0.008806 -0.075016 0.79607843 0.68235294 0.66274510
v 0.791479 0.012299 -0.075016 0.80000000 0.63921569 0.60392157
v 0.801928 0.013908 -0.075016 0.80392157 0.62352941 0.58039216
v 0.792851 0.012582 -0.075016 0.80000000 0.63137255 0.59215686
v -0.775086 0.008627 -0.078225 0.75294118 0.61960784 0.59607843
v -0.877580 0.038772 -0.078298 0.81176471 0.55294118 0.53725490
v -0.775097 0.056849 -0.076921 0.88627451 0.87450980 0.90196078
v -0.763065 0.056827 -0.081027 0.90980392 0.90196078 0.91764706
v -0.847435 0.044801 -0.075390 0.83137255 0.58039216 0.53725490
v -0.817289 0.014656 -0.080932 0.72156863 0.52549020 0.47450980
v -0.805231 0.014656 -0.077077 0.72941176 0.53725490 0.49019608
v -0.817289 0.050830 -0.079362 0.85882353 0.64313725 0.58823529
v -0.805231 0.050830 -0.082519 0.85490196 0.65098039 0.59607843
v 0.828300 0.047637 -0.076754 0.88627451 0.67843137 0.62745098
v 0.876564 0.035471 -0.081059 0.85098039 0.62352941 0.56862745
v 0.816221 0.047695 -0.082401 0.89019608 0.69019608 0.63921569
v 0.882650 0.041347 -0.076027 0.83137255 0.61176471 0.57254902
v 0.804082 0.011754 -0.083063 0.81176471 0.62352941 0.57647059
v 0.846416 0.041516 -0.079053 0.87843137 0.66274510 0.60392157
v 0.792024 0.011754 -0.077087 0.80392157 0.63529412 0.60000000
v 0.773936 0.053957 -0.079433 0.94509804 0.94117647 0.96470588
v 0.761878 0.053958 -0.082677 0.92156863 0.90980392 0.92549020
v 0.786008 0.053919 -0.075398 0.81960784 0.59607843 0.53333333
v -0.929851 0.028704 -0.070753 0.63137255 0.47450980 0.43137255
v -0.733412 0.002069 -0.070753 0.74117647 0.71764706 0.72941176
v -0.930317 0.031218 -0.070753 0.65882353 0.47450980 0.43137255
v -0.732171 0.001886 -0.070753 0.73333333 0.70980392 0.72549020
v -0.926475 0.026051 -0.070753 0.59607843 0.43921569 0.39607843
v -0.727289 0.002162 -0.070753 0.73333333 0.70980392 0.72549020
v -0.726500 0.002213 -0.070753 0.72941176 0.70588235 0.71764706
v -0.924287 0.025188 -0.070753 0.56470588 0.42352941 0.38039216
v -0.720953 0.002467 -0.070753 0.72941176 0.70980392 0.71764706
v -0.720718 0.002487 -0.070753 0.73333333 0.71372549 0.72156863
v -0.926986 0.033916 -0.070753 0.70588235 0.49411765 0.45098039
v -0.922925 0.035885 -0.070753 0.72941176 0.52156863 0.46666667
v -0.715034 0.002832 -0.070753 0.72941176 0.70588235 0.70980392
v -0.922494 0.036062 -0.070753 0.75686275 0.54117647 0.49019608
v -0.714550 0.002841 -0.070753 0.72941176 0.70588235 0.70588235
v -0.918449 0.037437 -0.070753 0.77647059 0.56078431 0.50196078
v -0.913935 0.038592 -0.070753 0.77647059 0.56078431 0.50588235
v -0.922066 0.024431 -0.070753 0.53333333 0.40000000 0.35686275
v -0.917009 0.023459 -0.070753 0.55294118 0.40392157 0.36470588
v -0.916413 0.023343 -0.070753 0.53333333 0.38823529 0.34901961
v -0.709203 0.003030 -0.070753 0.73333333 0.71372549 0.72549020
v -0.911552 0.022887 -0.070753 0.57647059 0.40000000 0.36470588
v -0.708330 0.003032 -0.070753 0.75294118 0.73333333 0.74509804
v -0.909793 0.022752 -0.070753 0.58823529 0.40392157 0.36862745
v -0.703467 0.069647 -0.070753 0.89803922 0.88627451 0.90980392
v -0.701642 0.070013 -0.070753 0.89803922 0.88235294 0.90980392
v -0.703059 0.002916 -0.070753 0.77254902 0.74901961 0.76862745
v -0.698543 0.070664 -0.070753 0.89019608 0.87450980 0.89803922
v -0.693968 0.071680 -0.070753 0.87058824 0.86274510 0.88235294
v -0.913647 0.038665 -0.070753 0.77647059 0.56470588 0.50980392
v -0.693753 0.071734 -0.070753 0.87058824 0.86274510 0.87843137
v -0.702444 0.002889 -0.070753 0.76470588 0.74509804 0.76078431
v -0.688807 0.072583 -0.070753 0.87843137 0.87058824 0.89019608
v -0.905734 0.022676 -0.070753 0.60784314 0.41960784 0.38823529
v -0.696777 0.002527 -0.070753 0.76078431 0.74117647 0.75294118
v -0.686748 0.072898 -0.070753 0.89411765 0.88235294 0.90196078
v -0.903688 0.022677 -0.070753 0.61960784 0.42745098 0.39607843
v -0.683967 0.073644 -0.070753 0.90196078 0.89019608 0.90980392
v -0.679240 0.074705 -0.070753 0.90980392 0.89803922 0.91764706
v -0.899763 0.022618 -0.070753 0.60784314 0.42352941 0.38823529
v -0.678884 0.074766 -0.070753 0.90588235 0.89411765 0.91372549
v -0.696630 0.002520 -0.070753 0.75686275 0.73725490 0.75294118
v -0.674251 0.075428 -0.070753 0.91372549 0.90196078 0.92156863
v -0.897529 0.022547 -0.070753 0.61568627 0.43137255 0.39215686
v -0.691204 0.002073 -0.070753 0.75294118 0.73333333 0.74509804
v -0.908805 0.039851 -0.070753 0.78823529 0.55294118 0.50196078
v -0.690096 0.002014 -0.070753 0.74901961 0.72941176 0.74509804
v -0.906289 0.040208 -0.070753 0.80000000 0.57254902 0.52549020
v -0.685489 0.001759 -0.070753 0.74509804 0.72549020 0.74117647
v -0.903542 0.040618 -0.070753 0.81176471 0.58039216 0.52156863
v -0.893888 0.022464 -0.070753 0.58431373 0.42352941 0.37254902
v -0.717306 0.066408 -0.070753 0.90980392 0.89803922 0.92549020
v -0.713428 0.067506 -0.070753 0.90196078 0.89019608 0.91372549
v -0.891442 0.022488 -0.070753 0.59215686 0.42745098 0.38039216
v -0.709435 0.068252 -0.070753 0.89411765 0.88235294 0.90588235
v -0.887792 0.022531 -0.070753 0.60784314 0.43529412 0.39215686
v -0.708287 0.068438 -0.070753 0.89411765 0.88235294 0.90588235
v -0.885706 0.022782 -0.070753 0.60392157 0.43137255 0.39607843
v -0.683730 0.001678 -0.070753 0.74117647 0.72549020 0.74117647
v -0.679812 0.001407 -0.070753 0.74117647 0.72156863 0.73725490
v -0.880678 0.023783 -0.070753 0.60000000 0.42352941 0.39215686
v -0.677280 0.001257 -0.070753 0.73725490 0.72156863 0.73725490
v -0.674138 0.001052 -0.070753 0.73725490 0.72156863 0.73725490
v -0.880485 0.023809 -0.070753 0.60000000 0.41960784 0.38823529
v -0.671044 0.001050 -0.070753 0.73725490 0.72156863 0.73725490
v -0.747121 0.060724 -0.070753 0.90588235 0.90588235 0.92549020
v -0.742342 0.060077 -0.070753 0.90196078 0.90196078 0.92156863
v -0.741828 0.059986 -0.070753 0.90196078 0.90196078 0.92156863
v -0.736641 0.060394 -0.070753 0.90588235 0.90196078 0.92549020
v -0.734514 0.061276 -0.070753 0.90588235 0.90196078 0.93333333
v -0.732490 0.062243 -0.070753 0.90980392 0.90196078 0.93333333
v -0.727498 0.063353 -0.070753 0.90588235 0.89803922 0.92941176
v -0.726077 0.063676 -0.070753 0.90588235 0.89803922 0.92549020
v -0.722875 0.064810 -0.070753 0.90980392 0.89803922 0.92156863
v -0.718132 0.066200 -0.070753 0.90980392 0.89803922 0.92549020
v -0.741057 0.006482 -0.070753 0.75686275 0.72156863 0.73333333
v -0.737300 0.004210 -0.070753 0.74901961 0.72156863 0.73333333
v 0.735026 0.002433 -0.070753 0.76078431 0.74117647 0.76470588
v 0.732235 0.000147 -0.070753 0.76078431 0.74117647 0.76470588
v 0.738154 0.005333 -0.070753 0.76862745 0.74901961 0.77254902
v 0.731660 -0.000231 -0.070753 0.76078431 0.74117647 0.76862745
v 0.691694 -0.004169 -0.070753 0.76470588 0.74509804 0.76862745
v 0.691159 0.064386 -0.070753 0.91372549 0.90196078 0.92549020
v 0.687793 -0.004596 -0.070753 0.76470588 0.74901961 0.76862745
v 0.688494 0.064980 -0.070753 0.91372549 0.89803922 0.92549020
v 0.723577 0.056085 -0.070753 0.94901961 0.93725490 0.95686275
v 0.722068 0.056350 -0.070753 0.94901961 0.93725490 0.96078431
v 0.716911 0.057223 -0.070753 0.94509804 0.93725490 0.95294118
v 0.707327 0.059697 -0.070753 0.91764706 0.90980392 0.92549020
v 0.703033 0.061432 -0.070753 0.92941176 0.91764706 0.93333333
v 0.708159 0.059444 -0.070753 0.91372549 0.90196078 0.92156863
v 0.716214 0.057419 -0.070753 0.94509804 0.93333333 0.95294118
v 0.699386 0.062188 -0.070753 0.92941176 0.91764706 0.93725490
v 0.712202 0.058543 -0.070753 0.89803922 0.89019608 0.90588235
v 0.685240 -0.004594 -0.070753 0.76862745 0.75294118 0.77254902
v 0.681823 -0.004655 -0.070753 0.76862745 0.75294118 0.77254902
v 0.698064 0.062491 -0.070753 0.92941176 0.92156863 0.93725490
v 0.678933 -0.004872 -0.070753 0.76862745 0.75294118 0.77254902
v 0.693421 0.063878 -0.070753 0.92156863 0.90980392 0.92941176
v 0.676238 -0.005100 -0.070753 0.76470588 0.74901961 0.76862745
v 0.683588 0.066103 -0.070753 0.91764706 0.90196078 0.92549020
v 0.672376 -0.005399 -0.070753 0.76078431 0.74509804 0.76470588
v 0.683361 0.066156 -0.070753 0.91764706 0.90196078 0.92549020
v 0.670640 -0.005531 -0.070753 0.75686275 0.74117647 0.76078431
v 0.666128 -0.005618 -0.070753 0.75686275 0.74117647 0.76078431
v 0.678738 0.067281 -0.070753 0.91372549 0.90588235 0.91764706
v 0.675252 0.068235 -0.070753 0.91372549 0.90588235 0.91764706
v 0.674004 0.068577 -0.070753 0.91372549 0.90588235 0.91764706
v 0.669049 0.069651 -0.070753 0.92156863 0.91372549 0.92549020
v 0.721644 -0.002273 -0.070753 0.79215686 0.77254902 0.80000000
v 0.717436 -0.002543 -0.070753 0.80784314 0.79215686 0.82352941
v 0.727350 -0.001950 -0.070753 0.75686275 0.73725490 0.76470588
v 0.723896 -0.002112 -0.070753 0.78039216 0.76078431 0.78823529
v 0.710740 -0.003427 -0.070753 0.79215686 0.77254902 0.80000000
v 0.710494 -0.003456 -0.070753 0.78823529 0.76862745 0.79607843
v 0.705154 -0.003870 -0.070753 0.78431373 0.76078431 0.79215686
v 0.704000 -0.003921 -0.070753 0.76470588 0.74509804 0.77254902
v 0.699285 -0.004030 -0.070753 0.74117647 0.72549020 0.74901961
v 0.697850 -0.004042 -0.070753 0.75294118 0.73725490 0.75686275
v 0.693283 -0.004057 -0.070753 0.76078431 0.74117647 0.76470588
v 0.716005 -0.002663 -0.070753 0.80000000 0.78039216 0.80784314
v 0.908128 0.022216 -0.070753 0.69803922 0.52549020 0.45098039
v 0.904843 0.021953 -0.070753 0.67843137 0.51764706 0.43921569
v 0.913676 0.022713 -0.070753 0.73333333 0.55294118 0.47843137
v 0.911228 0.022373 -0.070753 0.72941176 0.54117647 0.46666667
v 0.902368 0.021915 -0.070753 0.68627451 0.52549020 0.44313725
v 0.918896 0.023535 -0.070753 0.74509804 0.56078431 0.49411765
v 0.911112 0.037126 -0.070753 0.76470588 0.56078431 0.52549020
v 0.918293 0.023455 -0.070753 0.74117647 0.55686275 0.48627451
v 0.908794 0.037641 -0.070753 0.77647059 0.56078431 0.52549020
v 0.903944 0.038178 -0.070753 0.76470588 0.54901961 0.51764706
v 0.903585 0.038248 -0.070753 0.76470588 0.54901961 0.51764706
v 0.923846 0.024628 -0.070753 0.72549020 0.56078431 0.52941176
v 0.919184 0.035206 -0.070753 0.71764706 0.52941176 0.49411765
v 0.918369 0.035394 -0.070753 0.73333333 0.54509804 0.50980392
v 0.928222 0.026276 -0.070753 0.70588235 0.54901961 0.52156863
v 0.922971 0.033980 -0.070753 0.69019608 0.49019608 0.44313725
v 0.925923 0.025062 -0.070753 0.71372549 0.55294118 0.52549020
v 0.913710 0.036570 -0.070753 0.75686275 0.56470588 0.52549020
v 0.745164 0.058613 -0.070753 0.94117647 0.93333333 0.95294118
v 0.741509 0.057705 -0.070753 0.94509804 0.93725490 0.95686275
v 0.735999 0.055721 -0.070753 0.94509804 0.93725490 0.96078431
v 0.929725 0.028846 -0.070753 0.72549020 0.54901961 0.53333333
v 0.733006 0.055230 -0.070753 0.94509804 0.93725490 0.96078431
v 0.730492 0.055198 -0.070753 0.94509804 0.93333333 0.96078431
v 0.727407 0.055661 -0.070753 0.94509804 0.93333333 0.95686275
v 0.927062 0.032070 -0.070753 0.69019608 0.48627451 0.45098039
v 0.740432 0.057316 -0.070753 0.94117647 0.93333333 0.95294118
v 0.898819 0.021908 -0.070753 0.71764706 0.54117647 0.45098039
v 0.890301 0.021947 -0.070753 0.74509804 0.57254902 0.50196078
v 0.886706 0.021993 -0.070753 0.73725490 0.57647059 0.50588235
v 0.896378 0.021861 -0.070753 0.76078431 0.56470588 0.48235294
v 0.892697 0.021872 -0.070753 0.75686275 0.55294118 0.46666667
v 0.884379 0.021879 -0.070753 0.72156863 0.57647059 0.51372549
v 0.880502 0.021843 -0.070753 0.70980392 0.57254902 0.51764706
v 0.877753 0.022484 -0.070753 0.71372549 0.56470588 0.52156863
v -0.937871 0.026714 -0.073842 0.62745098 0.46666667 0.43529412
v -0.934856 0.023699 -0.074743 0.59215686 0.41568627 0.38823529
v -0.940885 0.029728 -0.074175 0.62352941 0.45882353 0.42745098
v -0.937871 0.032743 -0.073324 0.65882353 0.46666667 0.43137255
v -0.934856 0.029728 -0.071985 0.64313725 0.46274510 0.42352941
v -0.714796 0.002594 -0.071934 0.73725490 0.71764706 0.72941176
v -0.931842 0.032743 -0.071393 0.67058824 0.46274510 0.41960784
v -0.708767 0.002594 -0.074382 0.74901961 0.72941176 0.74117647
v -0.679097 0.074552 -0.071582 0.90588235 0.89411765 0.91372549
v -0.702738 0.002595 -0.072258 0.76078431 0.74117647 0.75294118
v -0.931842 0.026714 -0.071883 0.60392157 0.43529412 0.40392157
v -0.928827 0.023699 -0.072711 0.55686275 0.39215686 0.36470588
v -0.922798 0.023699 -0.071585 0.52941176 0.39215686 0.34901961
v -0.708767 0.068917 -0.073972 0.89411765 0.87843137 0.90196078
v -0.928827 0.035757 -0.072754 0.74509804 0.53333333 0.49411765
v -0.913754 0.038772 -0.070988 0.79215686 0.54509804 0.48235294
v -0.880594 0.023699 -0.073922 0.62745098 0.43921569 0.40784314
v 0.731733 -0.000304 -0.071167 0.75686275 0.73725490 0.76078431
v 0.722689 -0.003319 -0.074351 0.78039216 0.76078431 0.78823529
v 0.716660 -0.003319 -0.073416 0.80784314 0.78823529 0.81960784
v 0.716660 0.056972 -0.072643 0.94117647 0.93333333 0.95294118
v 0.692544 0.063001 -0.074929 0.91764706 0.90588235 0.92156863
v 0.683501 0.066015 -0.071580 0.91372549 0.90196078 0.92549020
v 0.668428 0.069030 -0.074654 0.90980392 0.90196078 0.92156863
v 0.909613 0.020726 -0.073832 0.67843137 0.51764706 0.45098039
v 0.924663 0.023811 -0.071377 0.73725490 0.55686275 0.52156863
v 0.903597 0.020684 -0.073923 0.60392157 0.47843137 0.41176471
v 0.915636 0.020744 -0.074346 0.76078431 0.50980392 0.42745098
v 0.909778 0.038338 -0.073561 0.78823529 0.56862745 0.53333333
v 0.930692 0.023812 -0.072867 0.78039216 0.56470588 0.50980392
v 0.903732 0.038385 -0.070954 0.76862745 0.54509804 0.50980392
v 0.918694 0.035692 -0.071201 0.70196078 0.50588235 0.47450980
v 0.924749 0.035616 -0.073279 0.59215686 0.41960784 0.37647059
v 0.933706 0.026827 -0.072127 0.77254902 0.56862745 0.52941176
v 0.740776 0.056972 -0.074215 0.93333333 0.93333333 0.94509804
v 0.930699 0.029820 -0.071093 0.74117647 0.55686275 0.53725490
v 0.936721 0.029841 -0.072879 0.78431373 0.59607843 0.55294118
v 0.933717 0.032825 -0.073275 0.68235294 0.52941176 0.49019608
v 0.927721 0.032726 -0.071134 0.69411765 0.50980392 0.47450980
v -0.911761 0.028707 -0.066489 0.62352941 0.47450980 0.43529412
v -0.913396 0.032384 -0.066489 0.61176471 0.45490196 0.40784314
v -0.910327 0.035345 -0.066489 0.63529412 0.46274510 0.40000000
v -0.909006 0.027994 -0.066489 0.60392157 0.46666667 0.43137255
v -0.906978 0.027461 -0.066489 0.60784314 0.45882353 0.42352941
v -0.733446 0.003161 -0.066489 0.74509804 0.71764706 0.72941176
v -0.902416 0.025994 -0.066489 0.57647059 0.43529412 0.39607843
v -0.732502 0.002978 -0.066489 0.74117647 0.71372549 0.72549020
v -0.727346 0.003090 -0.066489 0.72941176 0.70196078 0.71764706
v -0.726297 0.003154 -0.066489 0.72549020 0.69803922 0.71372549
v -0.722156 0.003929 -0.066489 0.72549020 0.70588235 0.72156863
v -0.718995 0.004425 -0.066489 0.72156863 0.70588235 0.71372549
v -0.716639 0.004438 -0.066489 0.72549020 0.70588235 0.70980392
v -0.713085 0.004306 -0.066489 0.72941176 0.70980392 0.71372549
v -0.900778 0.025795 -0.066489 0.57647059 0.42352941 0.38039216
v -0.710386 0.004214 -0.066489 0.73333333 0.70980392 0.71764706
v -0.707277 0.004086 -0.066489 0.75294118 0.72941176 0.73725490
v -0.906188 0.037234 -0.066489 0.79607843 0.57647059 0.51372549
v -0.902138 0.039214 -0.066489 0.80000000 0.57254902 0.50196078
v -0.704144 0.004001 -0.066489 0.77254902 0.74901961 0.76078431
v -0.701523 0.003811 -0.066489 0.77254902 0.75686275 0.76470588
v -0.897265 0.025116 -0.066489 0.56862745 0.42352941 0.36470588
v -0.702934 0.069083 -0.066489 0.90196078 0.89019608 0.90980392
v -0.702443 0.069214 -0.066489 0.90196078 0.89019608 0.91372549
v -0.697338 0.003228 -0.066489 0.76078431 0.74117647 0.75294118
v -0.893679 0.024726 -0.066489 0.55686275 0.41960784 0.35686275
v -0.698375 0.070494 -0.066489 0.86666667 0.85490196 0.87450980
v -0.694143 0.071504 -0.066489 0.87450980 0.86274510 0.88235294
v -0.696254 0.003052 -0.066489 0.74901961 0.72941176 0.74117647
v -0.891785 0.024567 -0.066489 0.54509804 0.41568627 0.34901961
v -0.693641 0.071628 -0.066489 0.87450980 0.86666667 0.88235294
v -0.690852 0.002425 -0.066489 0.74901961 0.72549020 0.73725490
v -0.688642 0.072438 -0.066489 0.90588235 0.89411765 0.91372549
v -0.886991 0.024067 -0.066489 0.54901961 0.41568627 0.36078431
v -0.690484 0.002402 -0.066489 0.74509804 0.72549020 0.73725490
v -0.687024 0.072618 -0.066489 0.90196078 0.89019608 0.90980392
v -0.886295 0.024028 -0.066489 0.54117647 0.41176471 0.36078431
v -0.684868 0.002380 -0.066489 0.74117647 0.72156863 0.73333333
v -0.718215 0.065505 -0.066489 0.91372549 0.90196078 0.92941176
v -0.881116 0.024220 -0.066489 0.57254902 0.40784314 0.38039216
v -0.717626 0.065633 -0.066489 0.91372549 0.90196078 0.92941176
v -0.880114 0.024179 -0.066489 0.57254902 0.40000000 0.37647059
v -0.712746 0.066784 -0.066489 0.89411765 0.88235294 0.90980392
v -0.683645 0.073344 -0.066489 0.89411765 0.88627451 0.90588235
v -0.710246 0.067444 -0.066489 0.89019608 0.87843137 0.90588235
v -0.679395 0.074238 -0.066489 0.90196078 0.89019608 0.91372549
v -0.707865 0.067979 -0.066489 0.89411765 0.88235294 0.90588235
v -0.678802 0.074282 -0.066489 0.90588235 0.89019608 0.91372549
v -0.684424 0.002371 -0.066489 0.74117647 0.72156863 0.73725490
v -0.747186 0.060662 -0.066489 0.90588235 0.90980392 0.92549020
v -0.679336 0.001883 -0.066489 0.74117647 0.72156863 0.73333333
v -0.673612 0.074965 -0.066489 0.90196078 0.89019608 0.91372549
v -0.677721 0.001697 -0.066489 0.74117647 0.72156863 0.73725490
v -0.742407 0.060130 -0.066489 0.90980392 0.90588235 0.92549020
v -0.741783 0.060032 -0.066489 0.90980392 0.90196078 0.92549020
v -0.736593 0.060346 -0.066489 0.90980392 0.90588235 0.93333333
v -0.734948 0.060839 -0.066489 0.91372549 0.90588235 0.93725490
v -0.673748 0.001442 -0.066489 0.74117647 0.72156863 0.73725490
v -0.732079 0.061848 -0.066489 0.91372549 0.90196078 0.93333333
v -0.727050 0.062911 -0.066489 0.90980392 0.90196078 0.93333333
v -0.726800 0.062957 -0.066489 0.90980392 0.90196078 0.93333333
v -0.722542 0.064449 -0.066489 0.91372549 0.90588235 0.93333333
v -0.741000 0.006539 -0.066489 0.75686275 0.72549020 0.73725490
v -0.737131 0.004379 -0.066489 0.74901961 0.72156863 0.73333333
v 0.690406 0.065139 -0.066489 0.91764706 0.90588235 0.92941176
v 0.689029 0.065514 -0.066489 0.91372549 0.90196078 0.92156863
v 0.738135 0.005352 -0.066489 0.77647059 0.75686275 0.78039216
v 0.707140 0.060466 -0.066489 0.91372549 0.90196078 0.92156863
v 0.703418 0.061774 -0.066489 0.92941176 0.91372549 0.93333333
v 0.735962 0.003925 -0.066489 0.77254902 0.75294118 0.77647059
v 0.698675 0.063103 -0.066489 0.92941176 0.92156863 0.94117647
v 0.731001 0.000428 -0.066489 0.76470588 0.74509804 0.77254902
v 0.734592 0.002866 -0.066489 0.76862745 0.74901961 0.77647059
v 0.707920 0.060242 -0.066489 0.90588235 0.89411765 0.91372549
v 0.692232 -0.003630 -0.066489 0.76470588 0.74509804 0.76862745
v 0.698417 0.063157 -0.066489 0.92941176 0.92156863 0.94117647
v 0.687032 -0.003835 -0.066489 0.76862745 0.74901961 0.77254902
v 0.693832 0.064288 -0.066489 0.92549020 0.91764706 0.93725490
v 0.684022 0.066537 -0.066489 0.89803922 0.88627451 0.90196078
v 0.722888 0.056776 -0.066489 0.94509804 0.93333333 0.95294118
v 0.722592 0.056825 -0.066489 0.94509804 0.93333333 0.95294118
v 0.682767 0.066749 -0.066489 0.89803922 0.88627451 0.90196078
v 0.717559 0.057821 -0.066489 0.94117647 0.92941176 0.94509804
v 0.679064 0.067608 -0.066489 0.90196078 0.89411765 0.90588235
v 0.715318 0.058317 -0.066489 0.92549020 0.91372549 0.93333333
v 0.712580 0.058872 -0.066489 0.90196078 0.89019608 0.91372549
v 0.675018 0.068469 -0.066489 0.90588235 0.89411765 0.90980392
v 0.674124 0.068697 -0.066489 0.90980392 0.89411765 0.90980392
v 0.669488 0.070091 -0.066489 0.91372549 0.90588235 0.92156863
v 0.685960 -0.003873 -0.066489 0.77254902 0.75686275 0.77647059
v 0.681374 -0.004206 -0.066489 0.77647059 0.76078431 0.78039216
v 0.679398 -0.004406 -0.066489 0.77647059 0.76078431 0.78039216
v 0.675834 -0.004696 -0.066489 0.76862745 0.75294118 0.77254902
v 0.672903 -0.004872 -0.066489 0.76078431 0.74509804 0.76470588
v 0.670100 -0.004990 -0.066489 0.75686275 0.74117647 0.76078431
v 0.720340 -0.000969 -0.066489 0.80392157 0.78431373 0.81568627
v 0.718861 -0.001118 -0.066489 0.80784314 0.78823529 0.81960784
v 0.726141 -0.000741 -0.066489 0.76862745 0.74901961 0.78039216
v 0.725242 -0.000766 -0.066489 0.78039216 0.76078431 0.79215686
v 0.709693 -0.002380 -0.066489 0.79215686 0.77254902 0.80000000
v 0.705326 -0.002594 -0.066489 0.77254902 0.75294118 0.78039216
v 0.692833 -0.003607 -0.066489 0.76078431 0.74117647 0.76470588
v 0.698317 -0.003062 -0.066489 0.75686275 0.73725490 0.76078431
v 0.703995 -0.002711 -0.066489 0.76078431 0.73725490 0.76862745
v 0.698884 -0.003008 -0.066489 0.75294118 0.73333333 0.75686275
v 0.714938 -0.001596 -0.066489 0.80000000 0.78431373 0.81568627
v 0.711843 -0.002107 -0.066489 0.79607843 0.77647059 0.80784314
v 0.888933 0.024210 -0.066489 0.77254902 0.58823529 0.52941176
v 0.888150 0.024126 -0.066489 0.73333333 0.58431373 0.50196078
v 0.907316 0.029076 -0.066489 0.82745098 0.61176471 0.56470588
v 0.904114 0.027299 -0.066489 0.77647059 0.58431373 0.52941176
v 0.907965 0.031093 -0.066489 0.85098039 0.61176471 0.55294118
v 0.898810 0.025515 -0.066489 0.72156863 0.57647059 0.54509804
v 0.903058 0.027288 -0.066489 0.77254902 0.60784314 0.55686275
v 0.905179 0.034188 -0.066489 0.81176471 0.55686275 0.51764706
v 0.901449 0.036483 -0.066489 0.76862745 0.52941176 0.49019608
v 0.744549 0.059228 -0.066489 0.94509804 0.92941176 0.95294118
v 0.742095 0.058290 -0.066489 0.94117647 0.93333333 0.95294118
v 0.895796 0.025005 -0.066489 0.74117647 0.56862745 0.50588235
v 0.893450 0.024835 -0.066489 0.71764706 0.57254902 0.51764706
v 0.882722 0.024057 -0.066489 0.69803922 0.58039216 0.52156863
v 0.876674 0.023559 -0.066489 0.66666667 0.54509804 0.50196078
v 0.736155 0.055565 -0.066489 0.94117647 0.93333333 0.95686275
v 0.733055 0.055279 -0.066489 0.94117647 0.93333333 0.95686275
v 0.730140 0.055550 -0.066489 0.94117647 0.93333333 0.95294118
v 0.727917 0.056171 -0.066489 0.94117647 0.92941176 0.95294118
v 0.882237 0.024026 -0.066489 0.69803922 0.58039216 0.52549020
v 0.740366 0.057382 -0.066489 0.94117647 0.93333333 0.95294118
v 0.861193 0.020542 -0.066489 0.74117647 0.57254902 0.52549020
v 0.856980 0.019070 -0.066489 0.75294118 0.57254902 0.52549020
v -0.928827 0.029728 -0.070325 0.62745098 0.47450980 0.43137255
v -0.925812 0.026714 -0.070302 0.60000000 0.44705882 0.40392157
v -0.925812 0.032743 -0.069856 0.58039216 0.42745098 0.37647059
v -0.922798 0.029728 -0.068669 0.59607843 0.45098039 0.40392157
v -0.732883 0.002598 -0.067631 0.73725490 0.71372549 0.72549020
v -0.922798 0.035758 -0.070586 0.64313725 0.45490196 0.38823529
v -0.919783 0.032743 -0.068108 0.72156863 0.51372549 0.46274510
v -0.916769 0.035757 -0.068529 0.74901961 0.53725490 0.47450980
v -0.679083 0.074564 -0.067665 0.90588235 0.89411765 0.91372549
v -0.919783 0.026714 -0.068825 0.57647059 0.43137255 0.38823529
v -0.726854 0.002598 -0.068337 0.71764706 0.69019608 0.70588235
v -0.720825 0.002595 -0.070457 0.72549020 0.70196078 0.70588235
v -0.916769 0.023699 -0.070411 0.54509804 0.40000000 0.35686275
v -0.696708 0.002598 -0.070154 0.76078431 0.74117647 0.75294118
v -0.916769 0.029728 -0.067174 0.60784314 0.46274510 0.41960784
v -0.717836 0.065881 -0.067912 0.90980392 0.90196078 0.92549020
v -0.913754 0.026714 -0.067374 0.59215686 0.45882353 0.42352941
v -0.910740 0.023699 -0.069630 0.58431373 0.41568627 0.38039216
v -0.913754 0.032743 -0.066621 0.63137255 0.46666667 0.40784314
v -0.910740 0.035757 -0.066931 0.74117647 0.52941176 0.45882353
v -0.907725 0.026714 -0.067003 0.60392157 0.45882353 0.43137255
v -0.904711 0.023699 -0.068935 0.58431373 0.40784314 0.38039216
v -0.898682 0.023699 -0.068424 0.57647059 0.41176471 0.36470588
v -0.907725 0.038772 -0.068533 0.79607843 0.57647059 0.52549020
v -0.892653 0.023699 -0.067803 0.54509804 0.40392157 0.34117647
v -0.886624 0.023699 -0.067079 0.56862745 0.41960784 0.37254902
v 0.734748 0.002711 -0.067804 0.76470588 0.74509804 0.77254902
v 0.707617 0.059986 -0.068538 0.91372549 0.90588235 0.92549020
v 0.698573 0.063001 -0.067145 0.93333333 0.92156863 0.94117647
v 0.710631 -0.003319 -0.070198 0.80000000 0.77647059 0.80784314
v 0.704602 -0.003318 -0.068785 0.77254902 0.75294118 0.78039216
v 0.698573 -0.003319 -0.067684 0.75686275 0.73725490 0.76078431
v 0.888500 0.023776 -0.066894 0.73725490 0.58039216 0.49411765
v 0.906592 0.023761 -0.068778 0.67843137 0.51764706 0.45882353
v 0.912614 0.023784 -0.069514 0.72156863 0.55686275 0.50980392
v 0.909601 0.026794 -0.067408 0.76470588 0.57254902 0.51372549
v 0.900575 0.023724 -0.068219 0.67450980 0.53333333 0.47843137
v 0.903588 0.026743 -0.066680 0.72549020 0.56078431 0.50588235
v 0.915620 0.026823 -0.068385 0.76862745 0.57254902 0.51764706
v 0.912618 0.029800 -0.067316 0.83921569 0.62352941 0.57647059
v 0.918638 0.023800 -0.070505 0.77254902 0.57647059 0.52549020
v 0.918637 0.029831 -0.068399 0.80784314 0.57647059 0.54117647
v 0.921651 0.026817 -0.069381 0.74117647 0.57254902 0.53725490
v 0.915632 0.032817 -0.068303 0.78823529 0.56862745 0.52941176
v 0.909636 0.032718 -0.067108 0.80392157 0.55686275 0.50980392
v 0.927680 0.026817 -0.070419 0.70980392 0.54901961 0.52549020
v 0.924669 0.029823 -0.069754 0.74509804 0.54117647 0.50196078
v 0.912656 0.035718 -0.069392 0.76862745 0.56862745 0.53333333
v 0.906663 0.035612 -0.067786 0.78039216 0.55686275 0.50980392
v 0.921675 0.032776 -0.069578 0.72156863 0.48235294 0.43921569
v 0.894544 0.023728 -0.067718 0.74117647 0.56862745 0.50196078
v 0.882463 0.023799 -0.066827 0.69411765 0.57647059 0.51764706
v -0.901047 0.039421 -0.066489 0.82352941 0.60000000 0.54117647
v -0.793700 0.015182 -0.066489 0.73333333 0.56078431 0.51372549
v -0.892298 0.041432 -0.066489 0.77254902 0.55686275 0.49803922
v -0.792820 0.015009 -0.066489 0.73333333 0.56470588 0.52156863
v -0.886353 0.042057 -0.066489 0.75686275 0.52549020 0.47843137
v -0.783496 0.012275 -0.066489 0.73725490 0.58039216 0.54117647
v -0.777217 0.010758 -0.066489 0.74901961 0.61568627 0.58431373
v -0.874464 0.023598 -0.066489 0.58431373 0.39215686 0.36470588
v -0.773880 0.009833 -0.066489 0.75686275 0.65098039 0.63529412
v -0.880342 0.041534 -0.066489 0.77647059 0.54901961 0.47843137
v -0.788116 0.057831 -0.066489 0.81176471 0.57647059 0.51764706
v -0.874856 0.041496 -0.066489 0.78823529 0.54901961 0.49803922
v -0.785919 0.058084 -0.066489 0.70196078 0.48627451 0.43921569
v -0.868767 0.042017 -0.066489 0.78431373 0.54509804 0.50980392
v -0.777495 0.059268 -0.066489 0.93725490 0.92941176 0.94901961
v -0.869746 0.022490 -0.066489 0.66274510 0.46274510 0.41960784
v -0.772109 0.059839 -0.066489 0.92156863 0.91764706 0.94117647
v -0.860341 0.019836 -0.066489 0.67450980 0.48235294 0.43529412
v -0.766713 0.060506 -0.066489 0.91764706 0.90980392 0.93333333
v -0.758576 0.061317 -0.066489 0.91764706 0.91372549 0.93725490
v 0.771388 0.008273 -0.066489 0.79607843 0.70980392 0.70196078
v -0.858153 0.019345 -0.066489 0.67843137 0.48627451 0.43921569
v -0.755608 0.061389 -0.066489 0.91764706 0.91372549 0.93725490
v 0.763447 0.007294 -0.066489 0.80000000 0.73333333 0.73333333
v -0.850318 0.017802 -0.066489 0.68235294 0.49019608 0.44313725
v 0.760317 0.007286 -0.066489 0.80000000 0.74901961 0.75686275
v 0.751667 0.007572 -0.066489 0.79607843 0.76470588 0.78431373
v -0.843913 0.017163 -0.066489 0.69019608 0.50196078 0.45098039
v -0.763279 0.008878 -0.066489 0.76078431 0.67058824 0.65882353
v 0.747373 0.008172 -0.066489 0.78431373 0.76078431 0.78431373
v -0.762747 0.008908 -0.066489 0.76470588 0.67843137 0.67058824
v -0.751869 0.009526 -0.066489 0.76470588 0.69411765 0.69411765
v -0.861011 0.043283 -0.066489 0.80392157 0.55294118 0.51764706
v -0.749739 0.009858 -0.066489 0.76470588 0.72156863 0.72941176
v 0.876191 0.023553 -0.066489 0.70196078 0.56078431 0.52156863
v -0.858576 0.043885 -0.066489 0.81568627 0.56470588 0.52941176
v 0.865907 0.022241 -0.066489 0.71372549 0.56470588 0.52549020
v -0.849374 0.046740 -0.066489 0.82352941 0.57647059 0.53725490
v 0.883417 0.040806 -0.066489 0.80000000 0.58823529 0.54509804
v -0.843759 0.048476 -0.066489 0.83529412 0.59215686 0.54901961
v 0.881523 0.040713 -0.066489 0.80000000 0.59215686 0.54509804
v -0.840089 0.049513 -0.066489 0.84313725 0.60784314 0.56078431
v 0.899074 0.037240 -0.066489 0.80392157 0.58039216 0.54901961
v 0.825211 0.050754 -0.066489 0.88627451 0.67450980 0.62745098
v 0.892328 0.039439 -0.066489 0.79607843 0.58431373 0.54901961
v -0.830282 0.051765 -0.066489 0.84705882 0.61960784 0.56862745
v 0.820267 0.051739 -0.066489 0.88235294 0.67843137 0.63137255
v 0.811997 0.015889 -0.066489 0.79215686 0.60000000 0.54901961
v 0.808143 0.015807 -0.066489 0.79607843 0.60784314 0.56078431
v 0.811180 0.052754 -0.066489 0.87843137 0.67450980 0.62745098
v -0.827965 0.052213 -0.066489 0.85098039 0.62352941 0.57254902
v 0.809435 0.053000 -0.066489 0.87058824 0.66666667 0.62352941
v 0.836179 0.015769 -0.066489 0.77647059 0.58431373 0.52941176
v 0.832170 0.015630 -0.066489 0.78431373 0.58823529 0.53333333
v -0.839135 0.016927 -0.066489 0.69803922 0.50588235 0.45490196
v 0.798688 0.054373 -0.066489 0.85882353 0.65882353 0.61960784
v 0.847189 0.016785 -0.066489 0.76078431 0.57254902 0.52549020
v 0.845203 0.016552 -0.066489 0.76862745 0.58039216 0.52941176
v -0.831532 0.016840 -0.066489 0.70196078 0.50980392 0.45490196
v -0.826993 0.017010 -0.066489 0.70588235 0.51372549 0.45882353
v 0.824114 0.015801 -0.066489 0.78823529 0.59215686 0.53725490
v -0.819822 0.017189 -0.066489 0.70980392 0.51764706 0.46274510
v -0.814781 0.017165 -0.066489 0.71372549 0.52549020 0.47058824
v 0.820293 0.015854 -0.066489 0.79215686 0.59607843 0.54117647
v -0.807463 0.016887 -0.066489 0.72156863 0.53333333 0.48235294
v 0.780906 0.010813 -0.066489 0.79607843 0.66666667 0.63921569
v -0.803433 0.016455 -0.066489 0.72941176 0.54901961 0.50196078
v 0.778435 0.010224 -0.066489 0.79607843 0.68627451 0.67058824
v 0.790366 0.013411 -0.066489 0.79607843 0.63921569 0.60784314
v 0.871727 0.040353 -0.066489 0.83921569 0.60784314 0.55294118
v 0.800664 0.015171 -0.066489 0.79607843 0.61960784 0.57254902
v 0.794599 0.014329 -0.066489 0.79607843 0.62745098 0.58823529
v 0.869420 0.040520 -0.066489 0.84705882 0.62745098 0.57647059
v -0.820176 0.053716 -0.066489 0.85490196 0.63137255 0.57647059
v -0.813697 0.054423 -0.066489 0.85490196 0.63529412 0.58039216
v -0.809492 0.055090 -0.066489 0.85098039 0.63137255 0.57254902
v 0.858785 0.041759 -0.066489 0.88235294 0.63921569 0.60000000
v -0.800027 0.056035 -0.066489 0.83921569 0.61960784 0.56078431
v -0.798557 0.056214 -0.066489 0.81960784 0.59607843 0.53725490
v 0.858039 0.041917 -0.066489 0.88235294 0.64705882 0.60392157
v 0.849517 0.044557 -0.066489 0.87843137 0.65490196 0.60392157
v 0.840956 0.047022 -0.066489 0.88235294 0.66274510 0.61176471
v 0.840006 0.047252 -0.066489 0.88235294 0.66666667 0.61568627
v 0.830425 0.049822 -0.066489 0.88627451 0.67058824 0.61960784
v 0.769882 0.058008 -0.066489 0.93725490 0.92549020 0.95686275
v 0.766423 0.058423 -0.066489 0.94117647 0.92941176 0.95686275
v 0.756437 0.059402 -0.066489 0.94509804 0.93333333 0.94901961
v 0.755365 0.059470 -0.066489 0.94509804 0.93725490 0.95294118
v 0.797431 0.054482 -0.066489 0.83921569 0.64313725 0.60784314
v 0.787944 0.055776 -0.066489 0.80784314 0.59215686 0.55686275
v 0.783667 0.056239 -0.066489 0.79607843 0.65098039 0.65882353
v 0.777244 0.057119 -0.066489 0.96078431 0.93725490 0.96078431
v -0.793173 0.014656 -0.070641 0.73725490 0.56470588 0.52156863
v -0.787144 0.056859 -0.072156 0.73333333 0.50588235 0.45490196
v -0.829347 0.050830 -0.071604 0.85098039 0.62352941 0.57254902
v -0.763028 0.008627 -0.072303 0.76078431 0.66666667 0.65882353
v 0.798099 0.053827 -0.070170 0.85098039 0.64705882 0.60784314
v 0.882561 0.041605 -0.067685 0.80784314 0.59607843 0.55294118
v 0.858515 0.041399 -0.071091 0.87058824 0.65490196 0.60392157
v -0.890131 0.032250 -0.062226 0.58431373 0.41176471 0.36862745
v -0.890472 0.033577 -0.062226 0.60392157 0.42352941 0.38039216
v -0.887130 0.030235 -0.062226 0.58431373 0.40784314 0.36862745
v -0.887553 0.036687 -0.062226 0.67450980 0.46274510 0.42352941
v -0.731850 0.003631 -0.062226 0.74117647 0.71764706 0.72156863
v -0.728238 0.003982 -0.062226 0.74901961 0.72156863 0.73725490
v -0.725365 0.004087 -0.062226 0.75294118 0.72549020 0.74509804
v -0.722653 0.004426 -0.062226 0.74901961 0.72549020 0.74509804
v -0.886463 0.029889 -0.062226 0.55686275 0.40000000 0.35686275
v -0.881656 0.028667 -0.062226 0.56470588 0.40392157 0.36862745
v -0.878826 0.027960 -0.062226 0.55686275 0.39607843 0.37254902
v -0.718188 0.005232 -0.062226 0.73333333 0.71372549 0.72549020
v -0.702146 0.068295 -0.062226 0.87058824 0.85882353 0.88235294
v -0.717541 0.005343 -0.062226 0.73333333 0.70980392 0.72156863
v -0.747508 0.060335 -0.062226 0.91764706 0.91764706 0.93725490
v -0.742753 0.059061 -0.062226 0.92549020 0.92156863 0.94117647
v -0.697779 0.069920 -0.062226 0.88235294 0.87058824 0.89411765
v -0.741213 0.058945 -0.062226 0.92156863 0.91764706 0.93725490
v -0.712173 0.006004 -0.062226 0.72941176 0.71372549 0.72156863
v -0.736470 0.059313 -0.062226 0.92156863 0.91372549 0.93725490
v -0.735751 0.059546 -0.062226 0.91764706 0.90980392 0.93725490
v -0.694640 0.070994 -0.062226 0.90196078 0.89411765 0.91372549
v -0.731318 0.061148 -0.062226 0.91764706 0.90980392 0.93725490
v -0.693351 0.071358 -0.062226 0.90588235 0.89411765 0.91372549
v -0.711402 0.005992 -0.062226 0.73333333 0.71764706 0.72549020
v -0.727711 0.062045 -0.062226 0.91372549 0.90588235 0.92941176
v -0.726532 0.062377 -0.062226 0.91764706 0.90980392 0.93333333
v -0.721845 0.063796 -0.062226 0.92156863 0.91372549 0.93725490
v -0.688325 0.072263 -0.062226 0.90196078 0.89019608 0.91372549
v -0.705893 0.005469 -0.062226 0.76862745 0.74509804 0.75686275
v -0.719580 0.064140 -0.062226 0.91764706 0.91372549 0.93333333
v -0.740525 0.007013 -0.062226 0.76470588 0.73725490 0.74901961
v -0.736661 0.004849 -0.062226 0.75686275 0.73333333 0.74117647
v -0.687249 0.072379 -0.062226 0.90196078 0.89019608 0.90980392
v -0.705601 0.005458 -0.062226 0.77254902 0.74901961 0.75686275
v -0.700298 0.005037 -0.062226 0.76862745 0.75294118 0.75686275
v -0.734272 0.003987 -0.062226 0.74509804 0.72549020 0.73333333
v -0.698874 0.004763 -0.062226 0.75686275 0.74117647 0.74509804
v -0.683039 0.072896 -0.062226 0.90588235 0.89019608 0.91372549
v -0.695340 0.003966 -0.062226 0.73725490 0.70980392 0.72549020
v -0.680324 0.073299 -0.062226 0.90196078 0.89019608 0.91372549
v -0.677951 0.073616 -0.062226 0.90588235 0.89019608 0.91372549
v -0.673335 0.074283 -0.062226 0.90588235 0.89411765 0.91764706
v -0.691526 0.003445 -0.062226 0.72941176 0.70196078 0.71764706
v -0.689985 0.003292 -0.062226 0.72941176 0.70196078 0.71372549
v -0.685084 0.003032 -0.062226 0.73725490 0.70980392 0.72549020
v -0.716548 0.064548 -0.062226 0.91764706 0.90588235 0.92941176
v -0.712080 0.065611 -0.062226 0.90588235 0.89411765 0.91764706
v -0.711688 0.065719 -0.062226 0.90196078 0.89019608 0.91372549
v -0.706672 0.066782 -0.062226 0.87843137 0.87058824 0.89019608
v -0.704166 0.067492 -0.062226 0.87450980 0.86274510 0.88627451
v -0.684256 0.002992 -0.062226 0.74117647 0.71764706 0.73333333
v -0.678649 0.002570 -0.062226 0.74117647 0.71764706 0.73333333
v -0.678587 0.002563 -0.062226 0.74117647 0.72156863 0.73725490
v -0.673127 0.002062 -0.062226 0.74509804 0.72156863 0.73725490
v 0.686209 -0.003013 -0.062226 0.79215686 0.77254902 0.79607843
v 0.680525 -0.003280 -0.062226 0.80000000 0.78039216 0.80784314
v 0.674718 -0.003579 -0.062226 0.77254902 0.76078431 0.77647059
v 0.722484 0.057181 -0.062226 0.94117647 0.93333333 0.94901961
v 0.718157 0.058406 -0.062226 0.94117647 0.92941176 0.94509804
v 0.714368 0.059268 -0.062226 0.91372549 0.90588235 0.92549020
v 0.713214 0.059494 -0.062226 0.90196078 0.89019608 0.91372549
v 0.708298 0.060609 -0.062226 0.88627451 0.87450980 0.89411765
v 0.706403 0.061205 -0.062226 0.90196078 0.89019608 0.90980392
v 0.697430 0.064144 -0.062226 0.90196078 0.89019608 0.90980392
v 0.694293 0.064750 -0.062226 0.88235294 0.87450980 0.89019608
v 0.680449 -0.003281 -0.062226 0.79607843 0.78039216 0.80392157
v 0.699319 0.063709 -0.062226 0.90980392 0.89803922 0.92156863
v 0.689532 0.066014 -0.062226 0.86274510 0.85098039 0.87058824
v 0.689529 0.066015 -0.062226 0.86274510 0.85490196 0.87058824
v 0.684865 0.067380 -0.062226 0.85882353 0.84705882 0.86274510
v 0.681699 0.067817 -0.062226 0.86274510 0.85098039 0.86274510
v 0.679592 0.068136 -0.062226 0.86666667 0.85490196 0.86274510
v 0.674339 0.069148 -0.062226 0.87450980 0.86274510 0.87450980
v 0.669503 0.070105 -0.062226 0.88235294 0.87058824 0.88627451
v 0.674537 0.069110 -0.062226 0.87450980 0.86274510 0.87450980
v 0.703830 0.062177 -0.062226 0.90980392 0.89803922 0.91764706
v 0.730031 0.001398 -0.062226 0.76470588 0.74509804 0.77647059
v 0.727062 0.001054 -0.062226 0.76862745 0.74901961 0.77647059
v 0.724415 0.000985 -0.062226 0.78431373 0.76470588 0.79215686
v 0.720671 0.000692 -0.062226 0.80392157 0.78039216 0.81568627
v 0.708336 -0.001023 -0.062226 0.78823529 0.76862745 0.79607843
v 0.706671 -0.001249 -0.062226 0.77647059 0.75686275 0.78431373
v 0.697508 -0.002253 -0.062226 0.74509804 0.72549020 0.74509804
v 0.693368 -0.002495 -0.062226 0.76078431 0.73725490 0.76470588
v 0.702933 -0.001649 -0.062226 0.75686275 0.73725490 0.76078431
v 0.699946 -0.001946 -0.062226 0.74901961 0.72941176 0.75294118
v 0.718815 0.000556 -0.062226 0.80392157 0.78431373 0.81568627
v 0.713926 -0.000024 -0.062226 0.79607843 0.77647059 0.80784314
v 0.713446 -0.000104 -0.062226 0.79607843 0.77647059 0.80392157
v 0.733906 0.003553 -0.062226 0.76862745 0.74901961 0.78039216
v 0.737387 0.006100 -0.062226 0.77254902 0.75294118 0.78431373
v 0.691845 -0.002619 -0.062226 0.76470588 0.74509804 0.77254902
v 0.686859 -0.002974 -0.062226 0.78823529 0.76862745 0.79607843
v 0.856521 0.019486 -0.062226 0.74509804 0.56862745 0.51764706
v 0.860363 0.021688 -0.062226 0.74509804 0.56862745 0.52156863
v 0.863922 0.024177 -0.062226 0.74509804 0.57254902 0.52549020
v 0.867215 0.026444 -0.062226 0.71372549 0.56470588 0.52549020
v 0.860859 0.039180 -0.062226 0.86666667 0.62352941 0.56862745
v 0.857610 0.040737 -0.062226 0.87450980 0.63137255 0.58039216
v 0.744905 0.058873 -0.062226 0.94117647 0.92941176 0.95294118
v 0.741558 0.057753 -0.062226 0.94117647 0.92941176 0.95294118
v 0.736533 0.055186 -0.062226 0.94509804 0.92941176 0.95294118
v 0.733043 0.055267 -0.062226 0.94117647 0.92941176 0.95294118
v 0.730207 0.055483 -0.062226 0.94117647 0.92941176 0.95294118
v 0.727737 0.055936 -0.062226 0.94117647 0.92941176 0.95294118
v 0.740521 0.057227 -0.062226 0.94117647 0.92941176 0.95294118
v 0.722882 0.057103 -0.062226 0.94117647 0.93333333 0.94901961
v -0.711782 0.005610 -0.063267 0.72941176 0.70980392 0.71764706
v -0.702754 0.068903 -0.065427 0.89411765 0.88235294 0.90588235
v -0.910740 0.029728 -0.066011 0.63921569 0.47843137 0.43137255
v -0.690680 0.002598 -0.065459 0.74117647 0.71764706 0.72941176
v -0.907725 0.032743 -0.064381 0.58823529 0.44705882 0.39607843
v -0.684650 0.002598 -0.064923 0.74117647 0.71764706 0.72941176
v -0.711830 0.065861 -0.062714 0.89803922 0.89019608 0.91372549
v -0.901696 0.026714 -0.065977 0.59607843 0.43529412 0.39215686
v -0.673062 0.074558 -0.063322 0.90588235 0.89411765 0.91372549
v -0.898682 0.029728 -0.063849 0.59607843 0.44705882 0.39215686
v -0.895667 0.026714 -0.064990 0.57647059 0.43529412 0.37254902
v -0.895667 0.032743 -0.062909 0.60392157 0.44313725 0.38431373
v -0.892653 0.029728 -0.063189 0.56862745 0.42352941 0.36862745
v -0.889638 0.026714 -0.064288 0.56470588 0.42745098 0.37254902
v -0.892653 0.035758 -0.062913 0.67450980 0.47843137 0.42745098
v -0.886624 0.029728 -0.062361 0.54117647 0.39215686 0.35294118
v -0.889638 0.038772 -0.063061 0.70196078 0.49019608 0.44705882
v -0.883609 0.026714 -0.063797 0.54509804 0.40392157 0.36470588
v -0.877580 0.026714 -0.062789 0.54117647 0.38823529 0.37254902
v -0.742039 0.059775 -0.064980 0.91764706 0.91372549 0.93333333
v -0.736002 0.059782 -0.063600 0.92156863 0.91372549 0.93725490
v -0.726964 0.062793 -0.065713 0.91372549 0.90588235 0.93333333
v 0.686515 -0.003319 -0.063846 0.77647059 0.75686275 0.78431373
v 0.680486 -0.003318 -0.062370 0.79607843 0.78039216 0.80392157
v 0.719675 -0.000304 -0.064484 0.80392157 0.78431373 0.81568627
v 0.725704 -0.000304 -0.065296 0.77254902 0.75294118 0.78039216
v 0.722717 0.056948 -0.065195 0.94117647 0.93333333 0.94901961
v 0.692544 -0.003319 -0.065156 0.76078431 0.74117647 0.76470588
v 0.674457 0.069030 -0.063321 0.88235294 0.87058824 0.88627451
v 0.713646 -0.000304 -0.062768 0.79607843 0.77647059 0.80784314
v 0.737762 0.005725 -0.064205 0.77647059 0.75686275 0.78823529
v 0.906590 0.029797 -0.066250 0.83137255 0.61568627 0.56470588
v 0.903606 0.032721 -0.065688 0.83137255 0.59215686 0.55294118
v 0.900590 0.035740 -0.065597 0.78823529 0.54901961 0.50588235
v 0.861380 0.020727 -0.066012 0.74117647 0.56862745 0.52549020
v 0.864409 0.023697 -0.063076 0.72941176 0.56862745 0.52549020
v 0.858485 0.041487 -0.064709 0.87843137 0.63529412 0.59607843
v -0.729991 0.005490 -0.057963 0.76078431 0.74509804 0.74901961
v -0.729769 0.005513 -0.057963 0.75686275 0.74117647 0.74901961
v -0.724199 0.005972 -0.057963 0.76470588 0.74901961 0.76078431
v -0.723414 0.006037 -0.057963 0.76470588 0.74509804 0.75686275
v -0.748042 0.059797 -0.057963 0.92549020 0.91764706 0.94117647
v -0.718796 0.006598 -0.057963 0.74901961 0.72941176 0.74117647
v -0.716487 0.006935 -0.057963 0.74117647 0.72549020 0.73333333
v -0.748036 0.059796 -0.057963 0.92549020 0.92156863 0.94509804
v -0.713489 0.007321 -0.057963 0.74117647 0.72549020 0.73725490
v -0.743423 0.058388 -0.057963 0.92549020 0.91764706 0.94509804
v -0.740257 0.058028 -0.057963 0.92156863 0.91764706 0.93725490
v -0.709941 0.007452 -0.057963 0.76078431 0.73725490 0.75294118
v -0.737309 0.058473 -0.057963 0.91764706 0.91372549 0.93725490
v -0.735405 0.059202 -0.057963 0.92156863 0.91372549 0.93725490
v -0.730618 0.060442 -0.057963 0.92156863 0.91372549 0.93725490
v -0.700844 0.066991 -0.057963 0.88627451 0.87450980 0.89411765
v -0.707418 0.007278 -0.057963 0.77254902 0.74901961 0.76470588
v -0.728756 0.060998 -0.057963 0.91764706 0.91372549 0.93333333
v -0.697326 0.068306 -0.057963 0.90196078 0.89019608 0.90980392
v -0.725846 0.061704 -0.057963 0.91764706 0.91372549 0.93333333
v -0.704343 0.007021 -0.057963 0.78039216 0.75686275 0.77254902
v -0.721126 0.062595 -0.057963 0.92156863 0.90980392 0.93333333
v -0.700895 0.006784 -0.057963 0.76078431 0.74117647 0.75294118
v -0.696516 0.068647 -0.057963 0.90588235 0.89411765 0.91372549
v -0.692113 0.070120 -0.057963 0.90980392 0.89803922 0.92156863
v -0.698896 0.006439 -0.057963 0.74509804 0.72156863 0.73333333
v -0.739502 0.008029 -0.057963 0.76470588 0.74901961 0.76078431
v -0.736998 0.006700 -0.057963 0.76470588 0.74509804 0.75686275
v -0.688831 0.070790 -0.057963 0.90196078 0.89411765 0.91372549
v -0.735499 0.006003 -0.057963 0.75686275 0.74117647 0.74901961
v -0.694221 0.005085 -0.057963 0.72549020 0.69803922 0.70980392
v -0.692919 0.004838 -0.057963 0.72156863 0.69411765 0.70980392
v -0.688907 0.004370 -0.057963 0.72941176 0.70196078 0.71372549
v -0.687083 0.071040 -0.057963 0.90196078 0.89019608 0.91372549
v -0.686206 0.004154 -0.057963 0.74117647 0.71372549 0.72549020
v -0.720700 0.062654 -0.057963 0.92156863 0.90980392 0.93333333
v -0.715562 0.063554 -0.057963 0.92549020 0.91764706 0.94117647
v -0.713908 0.063783 -0.057963 0.92549020 0.91764706 0.94117647
v -0.710456 0.064520 -0.057963 0.91372549 0.90196078 0.92549020
v -0.681906 0.071820 -0.057963 0.90196078 0.89019608 0.90980392
v -0.681767 0.071835 -0.057963 0.90196078 0.89019608 0.90980392
v -0.676538 0.072320 -0.057963 0.90196078 0.89019608 0.91372549
v -0.675153 0.072448 -0.057963 0.90196078 0.89019608 0.91372549
v -0.706336 0.065322 -0.057963 0.87843137 0.86666667 0.89019608
v -0.705433 0.065538 -0.057963 0.87450980 0.86274510 0.88627451
v -0.683297 0.003951 -0.057963 0.74117647 0.71372549 0.73333333
v -0.679640 0.003616 -0.057963 0.74901961 0.72156863 0.74117647
v -0.677799 0.003420 -0.057963 0.74901961 0.72549020 0.74117647
v -0.672938 0.002943 -0.057963 0.74509804 0.72549020 0.73725490
v 0.685102 -0.001906 -0.057963 0.81568627 0.79607843 0.82745098
v 0.722874 0.056792 -0.057963 0.94117647 0.93333333 0.94901961
v 0.722673 0.056878 -0.057963 0.94509804 0.93725490 0.95294118
v 0.717624 0.057853 -0.057963 0.93725490 0.92941176 0.94901961
v 0.681727 -0.002078 -0.057963 0.80000000 0.78431373 0.81176471
v 0.715267 0.058371 -0.057963 0.92941176 0.91764706 0.94117647
v 0.712797 0.059058 -0.057963 0.90196078 0.89019608 0.91372549
v 0.708492 0.060789 -0.057963 0.87450980 0.85882353 0.88627451
v 0.673430 -0.002291 -0.057963 0.75686275 0.74509804 0.76078431
v 0.679421 -0.002254 -0.057963 0.78823529 0.77254902 0.79607843
v 0.706179 0.061429 -0.057963 0.89411765 0.87843137 0.90196078
v 0.675290 -0.002485 -0.057963 0.76862745 0.75686275 0.77647059
v 0.697855 0.063722 -0.057963 0.92156863 0.90980392 0.93725490
v 0.694156 0.064613 -0.057963 0.92156863 0.90588235 0.92941176
v 0.699065 0.063449 -0.057963 0.91764706 0.90588235 0.93333333
v 0.690294 0.065252 -0.057963 0.90980392 0.89411765 0.92156863
v 0.689006 0.065492 -0.057963 0.90588235 0.89411765 0.91764706
v 0.684759 0.067274 -0.057963 0.87843137 0.86274510 0.88235294
v 0.681697 0.067819 -0.057963 0.85490196 0.84313725 0.85490196
v 0.679494 0.068038 -0.057963 0.85882353 0.84705882 0.86274510
v 0.674643 0.068844 -0.057963 0.85882353 0.84705882 0.86274510
v 0.674335 0.068908 -0.057963 0.85490196 0.84313725 0.85882353
v 0.669195 0.069797 -0.057963 0.85098039 0.83921569 0.85490196
v 0.728293 0.003136 -0.057963 0.76470588 0.74509804 0.78039216
v 0.723048 0.003069 -0.057963 0.79607843 0.77647059 0.80784314
v 0.695964 -0.000709 -0.057963 0.78823529 0.76862745 0.79215686
v 0.695104 -0.000758 -0.057963 0.79607843 0.77647059 0.80000000
v 0.703737 0.062076 -0.057963 0.90588235 0.89411765 0.91764706
v 0.706681 0.000632 -0.057963 0.79215686 0.77254902 0.80000000
v 0.702570 0.000678 -0.057963 0.78431373 0.76470588 0.78823529
v 0.700773 0.000510 -0.057963 0.78431373 0.76862745 0.78431373
v 0.717126 0.002245 -0.057963 0.80000000 0.78431373 0.81176471
v 0.716037 0.002087 -0.057963 0.80000000 0.78039216 0.81176471
v 0.711870 0.001472 -0.057963 0.80000000 0.78039216 0.80784314
v 0.708721 0.000800 -0.057963 0.80000000 0.78039216 0.80784314
v 0.722346 0.003054 -0.057963 0.80000000 0.78039216 0.81176471
v 0.732823 0.004635 -0.057963 0.76470588 0.74117647 0.78039216
v 0.729396 0.003388 -0.057963 0.76078431 0.74117647 0.77647059
v 0.736873 0.006614 -0.057963 0.78039216 0.76078431 0.79215686
v 0.690239 -0.001014 -0.057963 0.81960784 0.80000000 0.82352941
v 0.688524 -0.001310 -0.057963 0.81960784 0.80000000 0.82745098
v 0.856318 0.019653 -0.057963 0.74117647 0.56470588 0.51372549
v 0.859115 0.022849 -0.057963 0.73725490 0.56078431 0.51372549
v 0.861863 0.026139 -0.057963 0.74509804 0.56470588 0.51764706
v 0.863229 0.028315 -0.057963 0.76078431 0.57647059 0.52549020
v 0.863962 0.030062 -0.057963 0.78431373 0.58823529 0.53333333
v 0.863117 0.034260 -0.057963 0.81568627 0.60000000 0.54509804
v 0.860063 0.037186 -0.057963 0.85882353 0.61568627 0.56470588
v 0.856635 0.039781 -0.057963 0.87058824 0.61960784 0.57254902
v 0.741086 0.056663 -0.057963 0.93725490 0.92941176 0.94509804
v 0.739848 0.056043 -0.057963 0.94117647 0.93333333 0.94901961
v 0.745254 0.058523 -0.057963 0.93333333 0.92156863 0.94117647
v 0.736848 0.054871 -0.057963 0.94509804 0.93333333 0.95294118
v 0.732393 0.054563 -0.057963 0.94117647 0.93333333 0.95294118
v 0.731035 0.054660 -0.057963 0.94117647 0.93333333 0.94901961
v 0.727177 0.055364 -0.057963 0.94117647 0.93333333 0.94901961
v 0.739600 0.007563 -0.057963 0.79215686 0.77254902 0.80392157
v -0.723839 0.005612 -0.058710 0.76470588 0.74509804 0.75686275
v -0.717810 0.005612 -0.061060 0.73725490 0.71764706 0.72941176
v -0.889638 0.032743 -0.062103 0.58431373 0.41176471 0.37254902
v -0.705753 0.005610 -0.061806 0.76862745 0.74901961 0.75686275
v -0.696747 0.068885 -0.058652 0.90196078 0.89411765 0.91372549
v -0.687839 0.071786 -0.060049 0.90588235 0.89803922 0.91764706
v -0.886624 0.035757 -0.062005 0.63137255 0.43529412 0.39607843
v -0.883609 0.032743 -0.061163 0.58039216 0.40000000 0.35686275
v -0.699723 0.005612 -0.060493 0.75686275 0.74117647 0.74509804
v -0.880595 0.029728 -0.061815 0.62745098 0.42745098 0.39215686
v -0.748040 0.059799 -0.057976 0.92549020 0.91764706 0.94117647
v -0.720882 0.062838 -0.058694 0.92156863 0.91372549 0.93333333
v -0.705776 0.065882 -0.059299 0.87450980 0.86274510 0.88627451
v -0.735900 0.005603 -0.058978 0.75294118 0.73725490 0.74117647
v -0.678621 0.002598 -0.062064 0.74509804 0.72156863 0.73725490
v -0.672592 0.002598 -0.059330 0.74509804 0.72549020 0.73725490
v 0.674457 -0.003318 -0.061060 0.77254902 0.75686275 0.77647059
v 0.722729 0.056937 -0.058568 0.94117647 0.92941176 0.94901961
v 0.674457 0.069030 -0.059172 0.85098039 0.83529412 0.85098039
v 0.728719 0.002711 -0.058810 0.76470588 0.74117647 0.77647059
v 0.722690 0.002711 -0.058593 0.80000000 0.78039216 0.81176471
v 0.707617 -0.000304 -0.060240 0.78823529 0.76862745 0.79215686
v 0.701588 -0.000304 -0.059620 0.77254902 0.75294118 0.77647059
v 0.867440 0.026661 -0.062173 0.60392157 0.52941176 0.51372549
v 0.864439 0.029637 -0.059290 0.78431373 0.59607843 0.54117647
v 0.870449 0.029694 -0.061458 0.73725490 0.57254902 0.54117647
v 0.867430 0.032725 -0.061038 0.84705882 0.61960784 0.55686275
v 0.864442 0.035662 -0.060467 0.84313725 0.61176471 0.54117647
v 0.861457 0.038591 -0.061888 0.86274510 0.62352941 0.56078431
v 0.740776 0.056972 -0.059993 0.94117647 0.92941176 0.94901961
v -0.771861 0.060086 -0.057963 0.92941176 0.92549020 0.94117647
v -0.766877 0.060626 -0.057963 0.92156863 0.91372549 0.93333333
v -0.758820 0.061080 -0.057963 0.92941176 0.92549020 0.94509804
v -0.755256 0.060992 -0.057963 0.92941176 0.92549020 0.94509804
v -0.865303 0.026932 -0.057963 0.68627451 0.48235294 0.43529412
v 0.772941 0.006721 -0.057963 0.80392157 0.71764706 0.70980392
v -0.775484 0.008229 -0.057963 0.74509804 0.61176471 0.58039216
v -0.863978 0.037228 -0.057963 0.74117647 0.51372549 0.46666667
v 0.746931 0.008615 -0.057963 0.80392157 0.78431373 0.81176471
v -0.774545 0.008086 -0.057963 0.74901961 0.62745098 0.60000000
v 0.762468 0.006315 -0.057963 0.80392157 0.73725490 0.73725490
v -0.859139 0.021039 -0.057963 0.67450980 0.47843137 0.43137255
v -0.763808 0.007847 -0.057963 0.76078431 0.65882353 0.64313725
v 0.761188 0.006415 -0.057963 0.80784314 0.75294118 0.76078431
v 0.751714 0.007618 -0.057963 0.81176471 0.77647059 0.79215686
v -0.762322 0.007921 -0.057963 0.77254902 0.69411765 0.69019608
v -0.850380 0.017739 -0.057963 0.67450980 0.49019608 0.43921569
v 0.847292 0.016658 -0.057963 0.74509804 0.56470588 0.51372549
v 0.812396 0.015476 -0.057963 0.78431373 0.59215686 0.53725490
v 0.845045 0.016331 -0.057963 0.76078431 0.57254902 0.52156863
v 0.807482 0.015137 -0.057963 0.78823529 0.60392157 0.55294118
v -0.843671 0.016921 -0.057963 0.67843137 0.49411765 0.44313725
v 0.836467 0.015459 -0.057963 0.76078431 0.56862745 0.51764706
v 0.799325 0.054963 -0.057963 0.86666667 0.67058824 0.63137255
v -0.751968 0.009625 -0.057963 0.77254902 0.71372549 0.71372549
v 0.824654 0.015244 -0.057963 0.77647059 0.58039216 0.52156863
v -0.857382 0.042690 -0.057963 0.80000000 0.55294118 0.50980392
v 0.796674 0.055230 -0.057963 0.83921569 0.65490196 0.62352941
v 0.831716 0.015127 -0.057963 0.77647059 0.58039216 0.52549020
v -0.749647 0.009949 -0.057963 0.77647059 0.74117647 0.75294118
v 0.777671 0.057436 -0.057963 0.94117647 0.91764706 0.94117647
v -0.849364 0.046731 -0.057963 0.81960784 0.57647059 0.53333333
v 0.819903 0.015457 -0.057963 0.78431373 0.58823529 0.53333333
v 0.769723 0.058174 -0.057963 0.93725490 0.92549020 0.95294118
v -0.842506 0.049730 -0.057963 0.83529412 0.59607843 0.55294118
v -0.840935 0.050360 -0.057963 0.83921569 0.60784314 0.56078431
v 0.755259 0.059341 -0.057963 0.93725490 0.92549020 0.94901961
v 0.782474 0.009245 -0.057963 0.79607843 0.66274510 0.63137255
v 0.775611 0.007399 -0.057963 0.79607843 0.69019608 0.67450980
v 0.791484 0.012294 -0.057963 0.79215686 0.64313725 0.61176471
v -0.831018 0.052500 -0.057963 0.84313725 0.61568627 0.56470588
v 0.801518 0.014313 -0.057963 0.78823529 0.61176471 0.56470588
v 0.792959 0.012685 -0.057963 0.79215686 0.62745098 0.58823529
v -0.826902 0.053276 -0.057963 0.85098039 0.62352941 0.57254902
v -0.839364 0.016697 -0.057963 0.69019608 0.50196078 0.44705882
v 0.824063 0.051913 -0.057963 0.89019608 0.67843137 0.62745098
v -0.831067 0.016376 -0.057963 0.69411765 0.50196078 0.44705882
v -0.827477 0.016526 -0.057963 0.70196078 0.50980392 0.45490196
v 0.821042 0.052507 -0.057963 0.88627451 0.67843137 0.63137255
v -0.819603 0.016970 -0.057963 0.70196078 0.50980392 0.45490196
v 0.810327 0.053838 -0.057963 0.88235294 0.67843137 0.63137255
v -0.815035 0.016910 -0.057963 0.70980392 0.52156863 0.46666667
v 0.810053 0.053875 -0.057963 0.87843137 0.67843137 0.63137255
v -0.806793 0.016217 -0.057963 0.71372549 0.52941176 0.47843137
v -0.804082 0.015805 -0.057963 0.72156863 0.54117647 0.49019608
v 0.849127 0.044245 -0.057963 0.87450980 0.64705882 0.59607843
v -0.794127 0.013702 -0.057963 0.71764706 0.54509804 0.49411765
v 0.840787 0.048059 -0.057963 0.88235294 0.65882353 0.61176471
v -0.791423 0.012905 -0.057963 0.72549020 0.55686275 0.51372549
v -0.820743 0.054283 -0.057963 0.85490196 0.63137255 0.57647059
v 0.839491 0.048506 -0.057963 0.88627451 0.66666667 0.61568627
v -0.812712 0.055407 -0.057963 0.85490196 0.63529412 0.57647059
v 0.831036 0.050484 -0.057963 0.88627451 0.67058824 0.62352941
v -0.810185 0.055783 -0.057963 0.85490196 0.63529412 0.57647059
v -0.799300 0.056761 -0.057963 0.85098039 0.63137255 0.56862745
v -0.799128 0.056784 -0.057963 0.85490196 0.62745098 0.55686275
v 0.766731 0.058507 -0.057963 0.93725490 0.92549020 0.94901961
v -0.788426 0.058141 -0.057963 0.84705882 0.63137255 0.55294118
v 0.756547 0.059293 -0.057963 0.93725490 0.92941176 0.94901961
v -0.785076 0.010695 -0.057963 0.73725490 0.58823529 0.55294118
v 0.788520 0.056236 -0.057963 0.80000000 0.63137255 0.61568627
v 0.783182 0.056698 -0.057963 0.94117647 0.86666667 0.87058824
v -0.785537 0.058467 -0.057963 0.76470588 0.56470588 0.51764706
v -0.777794 0.059533 -0.057963 0.96470588 0.94117647 0.95686275
v -0.877580 0.038772 -0.063767 0.69411765 0.48627451 0.43137255
v -0.871551 0.032743 -0.060992 0.66274510 0.45490196 0.39607843
v -0.775086 0.008627 -0.059135 0.75294118 0.63137255 0.60784314
v -0.865522 0.038772 -0.060741 0.75686275 0.50588235 0.45490196
v -0.901696 0.038772 -0.066090 0.72156863 0.52549020 0.45882353
v -0.865522 0.026714 -0.058629 0.67058824 0.47058824 0.42352941
v -0.763028 0.008627 -0.062089 0.76470588 0.67450980 0.66666667
v -0.859493 0.020685 -0.063929 0.67450980 0.47843137 0.43529412
v -0.793173 0.014656 -0.061255 0.72941176 0.56078431 0.51764706
v 0.894530 0.029804 -0.064289 0.84705882 0.61176471 0.57647059
v 0.810191 0.053736 -0.060135 0.87450980 0.67450980 0.62745098
v 0.876435 0.023797 -0.066300 0.72156863 0.57254902 0.52549020
v 0.882467 0.029819 -0.063071 0.78431373 0.60000000 0.56078431
v 0.876449 0.035813 -0.062914 0.78431373 0.58039216 0.54117647
v 0.888516 0.035788 -0.063720 0.81960784 0.59215686 0.54509804
v 0.840365 0.047619 -0.063628 0.88235294 0.66274510 0.61176471
v -0.748731 0.059104 -0.053700 0.92549020 0.92156863 0.94117647
v -0.746717 0.058537 -0.053700 0.92549020 0.92156863 0.94509804
v -0.743991 0.057818 -0.053700 0.92156863 0.91764706 0.94117647
v -0.727595 0.007879 -0.053700 0.77647059 0.76470588 0.77647059
v -0.739164 0.056963 -0.053700 0.92156863 0.91764706 0.93725490
v -0.726483 0.008244 -0.053700 0.77647059 0.76470588 0.77647059
v -0.721363 0.009165 -0.053700 0.76470588 0.74901961 0.76470588
v -0.738794 0.056987 -0.053700 0.91764706 0.91372549 0.93725490
v -0.720083 0.009368 -0.053700 0.76470588 0.74509804 0.76078431
v -0.734772 0.058589 -0.053700 0.92549020 0.91764706 0.93725490
v -0.715734 0.009565 -0.053700 0.76078431 0.73725490 0.75294118
v -0.729944 0.059806 -0.053700 0.92941176 0.92156863 0.94509804
v -0.713640 0.009782 -0.053700 0.76470588 0.74901961 0.76470588
v -0.729930 0.059809 -0.053700 0.92941176 0.92549020 0.94509804
v -0.710099 0.009959 -0.053700 0.77254902 0.75294118 0.77254902
v -0.707711 0.009683 -0.053700 0.77647059 0.75294118 0.77647059
v -0.703202 0.009091 -0.053700 0.77647059 0.75294118 0.77647059
v -0.702420 0.008945 -0.053700 0.76862745 0.74509804 0.76470588
v -0.725054 0.060948 -0.053700 0.92549020 0.91764706 0.94117647
v -0.681665 0.005583 -0.053700 0.74509804 0.71764706 0.73725490
v -0.681599 0.005575 -0.053700 0.74509804 0.71764706 0.73725490
v -0.676334 0.004885 -0.053700 0.76078431 0.73725490 0.75294118
v -0.674711 0.004717 -0.053700 0.76078431 0.74117647 0.75686275
v -0.697586 0.007749 -0.053700 0.73333333 0.70588235 0.72156863
v -0.721844 0.061880 -0.053700 0.92156863 0.91764706 0.93725490
v -0.695043 0.006962 -0.053700 0.72549020 0.69803922 0.70980392
v -0.692860 0.006446 -0.053700 0.72156863 0.69019608 0.70588235
v -0.687848 0.005795 -0.053700 0.72549020 0.69803922 0.71372549
v -0.720277 0.062198 -0.053700 0.92156863 0.91764706 0.93725490
v -0.740350 0.010050 -0.053700 0.77647059 0.75686275 0.78039216
v -0.715161 0.063165 -0.053700 0.93333333 0.92549020 0.94117647
v -0.714462 0.063228 -0.053700 0.93725490 0.92549020 0.94509804
v -0.709266 0.063320 -0.053700 0.90980392 0.90196078 0.91764706
v -0.708238 0.063422 -0.053700 0.90196078 0.89019608 0.90980392
v -0.704202 0.064305 -0.053700 0.87843137 0.86666667 0.89019608
v -0.738092 0.009438 -0.053700 0.78039216 0.76470588 0.78431373
v -0.700249 0.065380 -0.053700 0.88627451 0.87450980 0.89803922
v -0.699439 0.065585 -0.053700 0.89411765 0.88235294 0.90196078
v -0.687500 0.005777 -0.053700 0.72941176 0.69803922 0.71372549
v -0.733355 0.008146 -0.053700 0.77647059 0.76078431 0.77254902
v -0.732044 0.007774 -0.053700 0.77647059 0.76078431 0.76862745
v -0.694689 0.066809 -0.053700 0.90196078 0.89019608 0.91372549
v -0.691881 0.067724 -0.053700 0.90588235 0.89803922 0.91764706
v -0.690096 0.068212 -0.053700 0.90196078 0.89019608 0.91372549
v -0.684845 0.068834 -0.053700 0.89411765 0.88235294 0.90196078
v -0.684746 0.068846 -0.053700 0.89411765 0.88235294 0.90588235
v -0.679560 0.069582 -0.053700 0.88627451 0.87843137 0.89803922
v -0.677828 0.069739 -0.053700 0.88627451 0.87843137 0.89803922
v -0.674255 0.070244 -0.053700 0.89019608 0.87843137 0.90196078
v 0.704929 0.002384 -0.053700 0.80784314 0.79607843 0.81960784
v 0.704095 0.002203 -0.053700 0.80784314 0.79215686 0.81568627
v 0.698758 0.002526 -0.053700 0.82352941 0.80784314 0.82352941
v 0.671783 -0.000645 -0.053700 0.75294118 0.73725490 0.75686275
v 0.698399 0.002536 -0.053700 0.81568627 0.80392157 0.81568627
v 0.714009 0.005362 -0.053700 0.80392157 0.78039216 0.81568627
v 0.713191 0.005270 -0.053700 0.80784314 0.78823529 0.82352941
v 0.682933 0.000263 -0.053700 0.80392157 0.78431373 0.81176471
v 0.725364 0.006065 -0.053700 0.79607843 0.77647059 0.80784314
v 0.678235 0.000460 -0.053700 0.76862745 0.75686275 0.77647059
v 0.719951 0.006001 -0.053700 0.81176471 0.79215686 0.82352941
v 0.676798 0.000370 -0.053700 0.75686275 0.74509804 0.76470588
v 0.719422 0.005978 -0.053700 0.80784314 0.78823529 0.82352941
v 0.708856 0.004486 -0.053700 0.83137255 0.81176471 0.84313725
v 0.724993 0.054674 -0.053700 0.94117647 0.92941176 0.94901961
v 0.721250 0.055430 -0.053700 0.94117647 0.93333333 0.94901961
v 0.692401 0.063145 -0.053700 0.92549020 0.90980392 0.94117647
v 0.735626 0.007861 -0.053700 0.79215686 0.77647059 0.81176471
v 0.733169 0.007161 -0.053700 0.78039216 0.76078431 0.79607843
v 0.730903 0.006556 -0.053700 0.77647059 0.75686275 0.79215686
v 0.668796 0.069398 -0.053700 0.89803922 0.88627451 0.90588235
v 0.717786 0.055853 -0.053700 0.94117647 0.93725490 0.94901961
v 0.726050 0.006071 -0.053700 0.78823529 0.77254902 0.80000000
v 0.688040 0.064526 -0.053700 0.93333333 0.91764706 0.94901961
v 0.716030 0.056228 -0.053700 0.93725490 0.92941176 0.94901961
v 0.740498 0.009018 -0.053700 0.81176471 0.79607843 0.83137255
v 0.741114 0.009077 -0.053700 0.80784314 0.79607843 0.83137255
v 0.694215 0.001040 -0.053700 0.82352941 0.80784314 0.82745098
v 0.689927 0.000093 -0.053700 0.81568627 0.80000000 0.82352941
v 0.706851 0.059137 -0.053700 0.86274510 0.85098039 0.88235294
v 0.689206 0.000020 -0.053700 0.82352941 0.80392157 0.83137255
v 0.709379 0.058230 -0.053700 0.87450980 0.85882353 0.89019608
v 0.702498 0.060833 -0.053700 0.89411765 0.88235294 0.91372549
v 0.711302 0.057539 -0.053700 0.89803922 0.88627451 0.91372549
v 0.699827 0.061751 -0.053700 0.90980392 0.90196078 0.92941176
v 0.697869 0.062253 -0.053700 0.91372549 0.90196078 0.93333333
v 0.692638 0.063095 -0.053700 0.92156863 0.90980392 0.94117647
v 0.683807 0.066322 -0.053700 0.93333333 0.91764706 0.94509804
v 0.683994 0.000189 -0.053700 0.80392157 0.78431373 0.81176471
v 0.683069 0.066447 -0.053700 0.93333333 0.91764706 0.94509804
v 0.678342 0.066886 -0.053700 0.92156863 0.90980392 0.93725490
v 0.676121 0.067366 -0.053700 0.91764706 0.90588235 0.93333333
v 0.673401 0.067974 -0.053700 0.91372549 0.90588235 0.92549020
v 0.856592 0.019324 -0.053700 0.73333333 0.55686275 0.50980392
v 0.860156 0.021767 -0.053700 0.72941176 0.55294118 0.50196078
v 0.863480 0.024429 -0.053700 0.74509804 0.55686275 0.50588235
v 0.866523 0.027409 -0.053700 0.74509804 0.55294118 0.50196078
v 0.868396 0.027316 -0.053700 0.73725490 0.54117647 0.48627451
v 0.862664 0.037300 -0.053700 0.83921569 0.61568627 0.56078431
v 0.860674 0.037666 -0.053700 0.85882353 0.62352941 0.57254902
v 0.857235 0.040257 -0.053700 0.86666667 0.63529412 0.58431373
v 0.738225 0.053494 -0.053700 0.94509804 0.93725490 0.94901961
v 0.736597 0.052792 -0.053700 0.94509804 0.93725490 0.94901961
v 0.741788 0.055961 -0.053700 0.94117647 0.93333333 0.94509804
v 0.746156 0.057621 -0.053700 0.92549020 0.91764706 0.93333333
v 0.732828 0.052866 -0.053700 0.94509804 0.93725490 0.94901961
v 0.731228 0.053389 -0.053700 0.94509804 0.93725490 0.94901961
v 0.726195 0.054366 -0.053700 0.94117647 0.93333333 0.94901961
v -0.729868 0.005612 -0.057604 0.76078431 0.74509804 0.75294118
v -0.729936 0.059815 -0.053725 0.92549020 0.91764706 0.93725490
v -0.720825 0.008627 -0.054583 0.76078431 0.74509804 0.75686275
v -0.738915 0.008616 -0.056037 0.77647059 0.75686275 0.77254902
v -0.714796 0.008627 -0.055160 0.74901961 0.72941176 0.74901961
v -0.708767 0.008627 -0.055610 0.77254902 0.74901961 0.76862745
v -0.702737 0.008627 -0.054413 0.76862745 0.74509804 0.76470588
v -0.693694 0.005612 -0.056163 0.72549020 0.69411765 0.70980392
v -0.699741 0.065887 -0.054558 0.89019608 0.87843137 0.90196078
v -0.687665 0.005612 -0.054143 0.72941176 0.69803922 0.71372549
v -0.690805 0.068811 -0.054905 0.89803922 0.88627451 0.90980392
v -0.681843 0.071759 -0.057817 0.89803922 0.89019608 0.90980392
v -0.675873 0.071710 -0.056620 0.89411765 0.88627451 0.90980392
v 0.725704 0.005725 -0.054128 0.79215686 0.77254902 0.80392157
v 0.695559 -0.000304 -0.056989 0.80000000 0.78039216 0.80000000
v 0.716660 0.002710 -0.057078 0.80000000 0.78039216 0.81176471
v 0.710631 0.002711 -0.055712 0.81176471 0.79607843 0.81960784
v 0.683501 -0.000304 -0.054705 0.80392157 0.78823529 0.81176471
v 0.677472 -0.000304 -0.054719 0.76078431 0.74901961 0.76862745
v 0.719675 0.005725 -0.054025 0.80784314 0.79215686 0.82352941
v 0.731733 0.005725 -0.055331 0.76862745 0.74901961 0.78431373
v 0.716715 0.056924 -0.055276 0.93333333 0.92549020 0.94509804
v 0.707661 0.059948 -0.055209 0.86666667 0.85490196 0.88235294
v 0.740777 0.008740 -0.054581 0.80784314 0.79215686 0.82745098
v 0.689530 -0.000304 -0.054947 0.83137255 0.81568627 0.83921569
v 0.698598 0.062980 -0.055783 0.92156863 0.90980392 0.93725490
v 0.864495 0.029464 -0.055560 0.77254902 0.57647059 0.52156863
v 0.870533 0.029436 -0.054231 0.74901961 0.54509804 0.49411765
v 0.867539 0.032393 -0.054269 0.78431373 0.57647059 0.52549020
v 0.864515 0.035444 -0.054296 0.81960784 0.60392157 0.54901961
v 0.737762 0.053958 -0.055147 0.94901961 0.94117647 0.95686275
v 0.731764 0.053930 -0.055621 0.94117647 0.93333333 0.94901961
v -0.901432 0.026978 -0.049437 0.73725490 0.51372549 0.48235294
v -0.901643 0.032621 -0.049437 0.75686275 0.52549020 0.49019608
v -0.896791 0.033807 -0.049437 0.76470588 0.53333333 0.49411765
v -0.728770 0.010529 -0.049437 0.79215686 0.77254902 0.79607843
v -0.723994 0.011480 -0.049437 0.78431373 0.76862745 0.79215686
v -0.723750 0.011540 -0.049437 0.78431373 0.76862745 0.79215686
v -0.896486 0.027533 -0.049437 0.73725490 0.51372549 0.47843137
v -0.718871 0.012702 -0.049437 0.78039216 0.76078431 0.78039216
v -0.895030 0.027351 -0.049437 0.73333333 0.51372549 0.47843137
v -0.890227 0.027303 -0.049437 0.72941176 0.51372549 0.47450980
v -0.715458 0.013993 -0.049437 0.80392157 0.78039216 0.80392157
v -0.679647 0.007601 -0.049437 0.74509804 0.71764706 0.74117647
v -0.889107 0.027245 -0.049437 0.72549020 0.50980392 0.47058824
v -0.714338 0.014198 -0.049437 0.81176471 0.78823529 0.80784314
v -0.709880 0.013543 -0.049437 0.78823529 0.76862745 0.78823529
v -0.892466 0.035911 -0.049437 0.77647059 0.54117647 0.49803922
v -0.707169 0.013059 -0.049437 0.77647059 0.75686275 0.77647059
v -0.887942 0.037022 -0.049437 0.78039216 0.54509804 0.49803922
v -0.704963 0.012430 -0.049437 0.78039216 0.75294118 0.77647059
v -0.700307 0.011058 -0.049437 0.74901961 0.72549020 0.74117647
v -0.884107 0.026216 -0.049437 0.71764706 0.50588235 0.46666667
v -0.698583 0.010501 -0.049437 0.74117647 0.71764706 0.72941176
v -0.883052 0.026157 -0.049437 0.70588235 0.49803922 0.45882353
v -0.695747 0.009588 -0.049437 0.73333333 0.70588235 0.71372549
v -0.691067 0.008239 -0.049437 0.72941176 0.70196078 0.70980392
v -0.879213 0.025080 -0.049437 0.69019608 0.49019608 0.45098039
v -0.690085 0.008032 -0.049437 0.73333333 0.70588235 0.71372549
v -0.724671 0.059052 -0.049437 0.93725490 0.93333333 0.95294118
v -0.723505 0.059374 -0.049437 0.93725490 0.92941176 0.94901961
v -0.718791 0.060700 -0.049437 0.93725490 0.92941176 0.94901961
v -0.749859 0.057975 -0.049437 0.92941176 0.92156863 0.94509804
v -0.716674 0.061020 -0.049437 0.93725490 0.93333333 0.94901961
v -0.712795 0.060783 -0.049437 0.93725490 0.92941176 0.94901961
v -0.711015 0.060646 -0.049437 0.93725490 0.92941176 0.94509804
v -0.697306 0.063462 -0.049437 0.91372549 0.90196078 0.92549020
v -0.745202 0.056600 -0.049437 0.93333333 0.92941176 0.94901961
v -0.695864 0.063735 -0.049437 0.91764706 0.90588235 0.93333333
v -0.706775 0.060832 -0.049437 0.91372549 0.90588235 0.92941176
v -0.692147 0.064266 -0.049437 0.92549020 0.91764706 0.93725490
v -0.688434 0.065143 -0.049437 0.92549020 0.91764706 0.94117647
v -0.744395 0.056277 -0.049437 0.92941176 0.92549020 0.94509804
v -0.687299 0.065421 -0.049437 0.92549020 0.91372549 0.93725490
v -0.704253 0.061377 -0.049437 0.89803922 0.89019608 0.90980392
v -0.739845 0.055929 -0.049437 0.92549020 0.92156863 0.94117647
v -0.682069 0.066209 -0.049437 0.92156863 0.90980392 0.92941176
v -0.738505 0.056367 -0.049437 0.92549020 0.92156863 0.94117647
v -0.701976 0.062085 -0.049437 0.89411765 0.88235294 0.90588235
v -0.685763 0.007514 -0.049437 0.73725490 0.70980392 0.72941176
v -0.681263 0.066286 -0.049437 0.92156863 0.90980392 0.92941176
v -0.683550 0.007526 -0.049437 0.73725490 0.70980392 0.73333333
v -0.676767 0.066887 -0.049437 0.91372549 0.90588235 0.92549020
v -0.733311 0.057232 -0.049437 0.93333333 0.92549020 0.94509804
v -0.674228 0.067297 -0.049437 0.90980392 0.90196078 0.92156863
v -0.732342 0.057404 -0.049437 0.93333333 0.92549020 0.94509804
v -0.728299 0.058174 -0.049437 0.93725490 0.93333333 0.95294118
v -0.742050 0.011744 -0.049437 0.79215686 0.77647059 0.80000000
v -0.741813 0.011743 -0.049437 0.79607843 0.78039216 0.80000000
v -0.736370 0.011158 -0.049437 0.79215686 0.76862745 0.79607843
v -0.735269 0.010995 -0.049437 0.79215686 0.76862745 0.79607843
v -0.731164 0.010336 -0.049437 0.79215686 0.77254902 0.79607843
v 0.728970 0.050695 -0.049437 0.93725490 0.92941176 0.94509804
v 0.674163 0.002416 -0.049437 0.78431373 0.76862745 0.78823529
v 0.728651 0.050802 -0.049437 0.93725490 0.92941176 0.94509804
v 0.723853 0.052013 -0.049437 0.94117647 0.93725490 0.94901961
v 0.714272 0.053338 -0.049437 0.94117647 0.93333333 0.95686275
v 0.713423 0.053618 -0.049437 0.93725490 0.92941176 0.95686275
v 0.721501 0.052137 -0.049437 0.94117647 0.93725490 0.95294118
v 0.718233 0.052403 -0.049437 0.94509804 0.93725490 0.96078431
v 0.708618 0.054861 -0.049437 0.90980392 0.89803922 0.92941176
v 0.706104 0.055476 -0.049437 0.89019608 0.88235294 0.91372549
v 0.703882 0.056178 -0.049437 0.88627451 0.87843137 0.90980392
v 0.696524 0.059025 -0.049437 0.89803922 0.88235294 0.92156863
v 0.695117 0.059506 -0.049437 0.89019608 0.87450980 0.91764706
v 0.690369 0.060826 -0.049437 0.89411765 0.87843137 0.91764706
v 0.681149 0.002048 -0.049437 0.78039216 0.76862745 0.78823529
v 0.721780 0.009649 -0.049437 0.82745098 0.80784314 0.84313725
v 0.688146 0.061370 -0.049437 0.89803922 0.88627451 0.92156863
v 0.679960 0.002185 -0.049437 0.78039216 0.76862745 0.78823529
v 0.685335 0.061821 -0.049437 0.90980392 0.89803922 0.92156863
v 0.717308 0.009387 -0.049437 0.80784314 0.78823529 0.82352941
v 0.699517 0.057861 -0.049437 0.90196078 0.89019608 0.92156863
v 0.674802 0.002366 -0.049437 0.78039216 0.76078431 0.78431373
v 0.680039 0.063448 -0.049437 0.92549020 0.91764706 0.94117647
v 0.675554 0.064098 -0.049437 0.92941176 0.91764706 0.94509804
v 0.711321 0.008050 -0.049437 0.84705882 0.82745098 0.86274510
v 0.680868 0.063383 -0.049437 0.92156863 0.91764706 0.94117647
v 0.672077 0.065381 -0.049437 0.93333333 0.92156863 0.94509804
v 0.709798 0.007907 -0.049437 0.85490196 0.83529412 0.86666667
v 0.705653 0.007689 -0.049437 0.84705882 0.83529412 0.85098039
v 0.703086 0.007223 -0.049437 0.83137255 0.82352941 0.83921569
v 0.716161 0.009239 -0.049437 0.80784314 0.78823529 0.82352941
v 0.733768 0.009719 -0.049437 0.81176471 0.79215686 0.82745098
v 0.729904 0.009925 -0.049437 0.80784314 0.79215686 0.82745098
v 0.738799 0.010717 -0.049437 0.83137255 0.81568627 0.85098039
v 0.736262 0.010254 -0.049437 0.81960784 0.80392157 0.83921569
v 0.742564 0.010527 -0.049437 0.83529412 0.82745098 0.85882353
v 0.727421 0.010037 -0.049437 0.81176471 0.79607843 0.83137255
v 0.723761 0.009811 -0.049437 0.82745098 0.80784314 0.84313725
v 0.690458 0.004797 -0.049437 0.83137255 0.81568627 0.83921569
v 0.688421 0.004616 -0.049437 0.82352941 0.80392157 0.83529412
v 0.700604 0.006709 -0.049437 0.83921569 0.82745098 0.84313725
v 0.695587 0.005753 -0.049437 0.84705882 0.83529412 0.84705882
v 0.695540 0.005744 -0.049437 0.84705882 0.83137255 0.84705882
v 0.684750 0.004475 -0.049437 0.80784314 0.78823529 0.81568627
v 0.860895 0.019833 -0.049437 0.70980392 0.53333333 0.48235294
v 0.857515 0.018445 -0.049437 0.71764706 0.54901961 0.50196078
v 0.860241 0.039624 -0.049437 0.85882353 0.63529412 0.58823529
v 0.857847 0.040726 -0.049437 0.86666667 0.64313725 0.59607843
v 0.898384 0.025732 -0.049437 0.70196078 0.47843137 0.43529412
v 0.897016 0.025674 -0.049437 0.69803922 0.47843137 0.43529412
v 0.734891 0.050802 -0.049437 0.93725490 0.92941176 0.94509804
v 0.892669 0.025430 -0.049437 0.70196078 0.48627451 0.44313725
v 0.734575 0.050717 -0.049437 0.93725490 0.92941176 0.94509804
v 0.890420 0.025274 -0.049437 0.70196078 0.49019608 0.44313725
v 0.738727 0.052993 -0.049437 0.94117647 0.93333333 0.94901961
v 0.747068 0.056709 -0.049437 0.90980392 0.90588235 0.91372549
v 0.746281 0.056447 -0.049437 0.90196078 0.89803922 0.90196078
v 0.886830 0.025406 -0.049437 0.70588235 0.49803922 0.44705882
v 0.883462 0.024550 -0.049437 0.69019608 0.48627451 0.43529412
v 0.742783 0.054965 -0.049437 0.94117647 0.93725490 0.94509804
v 0.876952 0.023222 -0.049437 0.70588235 0.50588235 0.45490196
v 0.882083 0.024163 -0.049437 0.69411765 0.49411765 0.44313725
v 0.890068 0.033997 -0.049437 0.75686275 0.53725490 0.49019608
v 0.887609 0.034411 -0.049437 0.76470588 0.54901961 0.49803922
v 0.901167 0.028933 -0.049437 0.71764706 0.49411765 0.45098039
v 0.900835 0.029404 -0.049437 0.72941176 0.50196078 0.45882353
v 0.899824 0.030255 -0.049437 0.73333333 0.50980392 0.46666667
v 0.896400 0.030974 -0.049437 0.74117647 0.51764706 0.47058824
v -0.892762 0.035796 -0.049437 0.77254902 0.53725490 0.49803922
v -0.875505 0.024639 -0.049437 0.69803922 0.49411765 0.45490196
v 0.875913 0.023083 -0.049437 0.70196078 0.50980392 0.45490196
v 0.892425 0.033134 -0.049437 0.74509804 0.52156863 0.47843137
v -0.726856 0.008617 -0.052956 0.78039216 0.76470588 0.78039216
v -0.717810 0.011641 -0.050958 0.77647059 0.75294118 0.77254902
v -0.711781 0.011641 -0.051738 0.78823529 0.76862745 0.78823529
v -0.705752 0.011641 -0.050742 0.77647059 0.75294118 0.77254902
v -0.898682 0.029728 -0.049889 0.74901961 0.52156863 0.48627451
v -0.681636 0.005612 -0.053630 0.74509804 0.71372549 0.73725490
v -0.696709 0.008627 -0.051469 0.73333333 0.70588235 0.71764706
v -0.895683 0.032695 -0.049964 0.75686275 0.52549020 0.48627451
v -0.723924 0.059799 -0.050366 0.93333333 0.92549020 0.94509804
v -0.714848 0.062843 -0.052685 0.92941176 0.92156863 0.93725490
v -0.892653 0.029728 -0.050372 0.74509804 0.52156863 0.48235294
v -0.708803 0.062856 -0.052791 0.90980392 0.90196078 0.92156863
v -0.892670 0.035706 -0.049488 0.76862745 0.53333333 0.49411765
v -0.889638 0.032743 -0.050687 0.75686275 0.52941176 0.48627451
v -0.886624 0.029728 -0.051032 0.73725490 0.51764706 0.47843137
v -0.702761 0.062868 -0.050762 0.89411765 0.88235294 0.90588235
v -0.886624 0.035757 -0.050749 0.77254902 0.53725490 0.49411765
v -0.883609 0.032743 -0.053696 0.75686275 0.52941176 0.48627451
v -0.693741 0.065863 -0.051943 0.91372549 0.90196078 0.92549020
v -0.687728 0.065849 -0.050071 0.92156863 0.90980392 0.93333333
v -0.883609 0.026714 -0.049743 0.72941176 0.51372549 0.47450980
v -0.684801 0.068790 -0.053627 0.89411765 0.88627451 0.90588235
v -0.678744 0.068814 -0.052467 0.89019608 0.88235294 0.90196078
v -0.880595 0.029728 -0.052789 0.72941176 0.51372549 0.47450980
v -0.877580 0.026714 -0.051837 0.71764706 0.50588235 0.46274510
v -0.744961 0.056841 -0.050187 0.92941176 0.92549020 0.94509804
v -0.738991 0.056789 -0.052785 0.91764706 0.91372549 0.93725490
v -0.741931 0.011626 -0.049801 0.79215686 0.77647059 0.80000000
v -0.732886 0.008615 -0.052732 0.78039216 0.76078431 0.77647059
v 0.671443 -0.000304 -0.053165 0.75686275 0.73725490 0.75686275
v 0.728757 0.050909 -0.049621 0.93725490 0.93333333 0.94901961
v 0.725750 0.053917 -0.052623 0.94117647 0.93725490 0.95294118
v 0.713709 0.053902 -0.049851 0.93725490 0.92549020 0.95294118
v 0.719735 0.053904 -0.051439 0.94117647 0.93725490 0.95294118
v 0.710688 0.056922 -0.052522 0.89803922 0.88627451 0.91764706
v 0.704602 0.002711 -0.053405 0.80784314 0.79607843 0.81568627
v 0.704644 0.056936 -0.050422 0.87450980 0.86666667 0.89803922
v 0.698573 0.002711 -0.053556 0.81568627 0.80392157 0.81960784
v 0.695580 0.059969 -0.050050 0.89019608 0.87843137 0.91372549
v 0.692544 0.063001 -0.053489 0.92156863 0.90588235 0.94117647
v 0.686515 0.063001 -0.050633 0.92156863 0.90588235 0.93725490
v 0.701621 0.059958 -0.052203 0.89411765 0.88627451 0.91372549
v 0.701588 0.005725 -0.050579 0.82745098 0.81568627 0.83137255
v 0.677472 0.066016 -0.052059 0.92941176 0.92156863 0.94509804
v 0.683501 0.066015 -0.052934 0.93333333 0.92549020 0.94509804
v 0.713646 0.005725 -0.053184 0.80784314 0.78823529 0.81960784
v 0.722690 0.008740 -0.050468 0.82352941 0.80392157 0.83921569
v 0.716660 0.008740 -0.050098 0.80392157 0.78431373 0.81960784
v 0.707617 0.005725 -0.052141 0.83921569 0.82352941 0.85098039
v 0.734748 0.008740 -0.051294 0.80392157 0.78823529 0.81960784
v 0.728719 0.008740 -0.050735 0.79607843 0.78039216 0.81176471
v 0.692544 0.002710 -0.051573 0.83137255 0.81568627 0.83137255
v 0.686515 0.002711 -0.050788 0.81176471 0.79215686 0.81960784
v 0.695559 0.005725 -0.049458 0.84705882 0.83529412 0.84705882
v 0.861498 0.020439 -0.050151 0.72549020 0.54509804 0.49411765
v 0.897730 0.026367 -0.049599 0.72156863 0.49803922 0.45490196
v 0.864505 0.023391 -0.052690 0.72156863 0.53725490 0.48627451
v 0.891698 0.026405 -0.049823 0.72156863 0.50588235 0.45882353
v 0.867522 0.026404 -0.053064 0.71764706 0.52941176 0.47450980
v 0.894716 0.029318 -0.050220 0.72549020 0.50196078 0.45882353
v 0.861525 0.038390 -0.051902 0.85098039 0.62352941 0.57647059
v 0.885599 0.026643 -0.050063 0.72941176 0.51764706 0.46666667
v 0.734776 0.050918 -0.049890 0.93725490 0.92941176 0.94901961
v 0.746806 0.056972 -0.050544 0.91764706 0.90980392 0.92156863
v 0.876493 0.023674 -0.050083 0.72549020 0.52549020 0.47058824
v 0.879500 0.026710 -0.051704 0.72549020 0.52156863 0.47058824
v 0.882513 0.029741 -0.053015 0.75294118 0.54117647 0.49019608
v 0.888650 0.029480 -0.050658 0.73333333 0.52156863 0.47058824
v 0.891687 0.032375 -0.050054 0.73725490 0.51764706 0.47058824
v 0.885590 0.032542 -0.051031 0.75294118 0.54117647 0.49019608
v 0.900757 0.029327 -0.049467 0.72549020 0.50196078 0.45882353
v -0.877623 0.038815 -0.049437 0.78823529 0.54901961 0.50196078
v -0.773692 0.058256 -0.049437 0.92941176 0.92549020 0.94901961
v -0.877529 0.038823 -0.049437 0.78823529 0.54901961 0.50980392
v -0.765040 0.058789 -0.049437 0.91372549 0.90588235 0.92549020
v -0.866632 0.039882 -0.049437 0.83529412 0.57254902 0.54117647
v -0.761018 0.058875 -0.049437 0.91372549 0.90588235 0.92549020
v -0.869021 0.023214 -0.049437 0.67058824 0.47843137 0.43529412
v -0.752627 0.058457 -0.049437 0.92549020 0.92156863 0.94117647
v -0.860426 0.019751 -0.049437 0.65098039 0.47058824 0.42745098
v -0.857750 0.018942 -0.049437 0.64313725 0.47450980 0.42745098
v -0.850996 0.017123 -0.049437 0.66274510 0.49019608 0.43921569
v -0.842846 0.016096 -0.049437 0.67450980 0.49803922 0.44313725
v -0.778279 0.005434 -0.049437 0.73725490 0.59215686 0.55294118
v -0.771632 0.005172 -0.049437 0.74509804 0.61176471 0.57647059
v -0.863145 0.041149 -0.049437 0.79215686 0.54901961 0.50588235
v -0.765947 0.005708 -0.049437 0.76470588 0.65882353 0.63921569
v -0.858135 0.043443 -0.049437 0.80784314 0.56078431 0.51764706
v 0.745748 0.009797 -0.049437 0.83529412 0.82352941 0.85882353
v 0.763316 0.004286 -0.049437 0.81960784 0.74901961 0.74509804
v -0.849649 0.047016 -0.049437 0.82352941 0.58039216 0.53725490
v 0.751670 0.007521 -0.049437 0.83137255 0.79607843 0.81568627
v 0.760916 0.004688 -0.049437 0.82745098 0.77647059 0.78039216
v -0.842832 0.049403 -0.049437 0.86274510 0.61568627 0.58431373
v -0.840635 0.050059 -0.049437 0.83921569 0.60784314 0.56078431
v 0.771955 0.003702 -0.049437 0.80784314 0.71764706 0.70588235
v 0.775694 0.003967 -0.049437 0.79607843 0.67450980 0.65098039
v -0.830572 0.052055 -0.049437 0.84313725 0.61568627 0.56470588
v -0.827589 0.052589 -0.049437 0.85098039 0.62745098 0.56862745
v 0.866629 0.021284 -0.049437 0.68627451 0.50196078 0.44705882
v -0.761007 0.006606 -0.049437 0.78823529 0.71764706 0.71764706
v -0.840014 0.016047 -0.049437 0.68235294 0.49803922 0.44313725
v 0.799434 0.054994 -0.049437 0.89019608 0.69411765 0.64705882
v 0.877980 0.037034 -0.049437 0.78039216 0.56470588 0.51764706
v -0.830293 0.015601 -0.049437 0.69019608 0.49803922 0.44313725
v 0.847951 0.015941 -0.049437 0.73333333 0.55686275 0.50980392
v -0.751964 0.009607 -0.049437 0.78823529 0.74117647 0.74901961
v -0.828412 0.015591 -0.049437 0.69411765 0.50196078 0.44705882
v -0.818051 0.015418 -0.049437 0.69803922 0.50588235 0.45098039
v -0.816652 0.015294 -0.049437 0.70196078 0.50980392 0.45882353
v -0.806396 0.013491 -0.049437 0.70196078 0.50980392 0.45882353
v 0.844137 0.015342 -0.049437 0.74509804 0.56078431 0.50980392
v -0.803248 0.012672 -0.049437 0.70196078 0.51764706 0.46666667
v -0.797081 0.010748 -0.049437 0.71372549 0.53725490 0.48627451
v 0.837018 0.014866 -0.049437 0.75686275 0.56470588 0.50588235
v -0.788032 0.007739 -0.049437 0.71372549 0.54509804 0.49803922
v 0.814048 0.013813 -0.049437 0.77647059 0.58431373 0.52941176
v 0.825506 0.014382 -0.049437 0.76862745 0.57254902 0.51372549
v -0.785590 0.007073 -0.049437 0.72156863 0.56078431 0.51764706
v 0.818695 0.014219 -0.049437 0.77647059 0.58039216 0.52549020
v 0.804633 0.012264 -0.049437 0.78431373 0.59607843 0.54509804
v -0.820193 0.053733 -0.049437 0.85490196 0.63529412 0.57647059
v 0.831097 0.014496 -0.049437 0.76470588 0.56470588 0.50980392
v -0.748815 0.010772 -0.049437 0.80392157 0.77647059 0.79607843
v -0.813495 0.054624 -0.049437 0.86274510 0.64313725 0.58823529
v 0.794419 0.009355 -0.049437 0.78431373 0.60784314 0.56078431
v -0.809563 0.055162 -0.049437 0.86274510 0.64313725 0.58039216
v 0.796790 0.055123 -0.049437 0.85490196 0.67450980 0.64313725
v 0.787275 0.006955 -0.049437 0.78823529 0.63137255 0.59215686
v -0.800081 0.055980 -0.049437 0.86666667 0.64705882 0.58039216
v -0.798493 0.056149 -0.049437 0.87058824 0.63921569 0.57254902
v 0.776496 0.056195 -0.049437 0.92941176 0.91372549 0.92941176
v 0.785393 0.006327 -0.049437 0.79215686 0.64705882 0.61176471
v 0.771441 0.056444 -0.049437 0.92549020 0.90980392 0.92941176
v -0.787320 0.057035 -0.049437 0.88235294 0.63529412 0.56470588
v 0.803749 0.012071 -0.049437 0.78431373 0.60000000 0.55294118
v 0.753140 0.057180 -0.049437 0.91372549 0.90980392 0.91764706
v -0.786930 0.057073 -0.049437 0.87450980 0.62745098 0.56078431
v -0.776412 0.058145 -0.049437 0.95294118 0.93725490 0.95686275
v 0.824728 0.051229 -0.049437 0.89411765 0.67843137 0.62745098
v 0.820482 0.051924 -0.049437 0.90196078 0.69411765 0.64313725
v 0.810827 0.053106 -0.049437 0.90588235 0.69803922 0.64705882
v 0.809772 0.053278 -0.049437 0.90980392 0.69803922 0.64313725
v 0.874677 0.037367 -0.049437 0.81176471 0.59607843 0.54509804
v 0.867048 0.037698 -0.049437 0.83921569 0.61568627 0.56470588
v 0.849510 0.044536 -0.049437 0.87450980 0.65098039 0.60392157
v 0.840528 0.047729 -0.049437 0.88627451 0.66666667 0.61568627
v 0.840118 0.047841 -0.049437 0.89019608 0.67058824 0.61960784
v 0.830689 0.050077 -0.049437 0.89019608 0.67450980 0.62352941
v 0.765063 0.056905 -0.049437 0.92156863 0.91372549 0.92549020
v 0.758698 0.057146 -0.049437 0.92156863 0.91372549 0.92549020
v 0.787740 0.055343 -0.049437 0.81568627 0.69019608 0.68627451
v 0.784439 0.055434 -0.049437 0.93333333 0.86274510 0.87450980
v -0.877580 0.038772 -0.049473 0.76078431 0.53333333 0.49019608
v -0.871551 0.032743 -0.052376 0.74117647 0.51764706 0.47843137
v -0.865522 0.038772 -0.050933 0.77647059 0.53725490 0.49803922
v -0.865522 0.026714 -0.055045 0.70196078 0.49411765 0.45098039
v -0.859493 0.020685 -0.053495 0.67058824 0.48235294 0.43529412
v 0.761878 0.005725 -0.054814 0.81176471 0.74901961 0.74901961
v 0.773952 0.005709 -0.054530 0.80392157 0.70196078 0.68627451
v -0.805231 0.014656 -0.053012 0.70980392 0.52549020 0.47450980
v 0.792030 0.011748 -0.055919 0.78823529 0.63137255 0.59215686
v 0.876536 0.035554 -0.050478 0.76862745 0.55686275 0.50588235
v -0.787144 0.008627 -0.051652 0.72549020 0.56470588 0.52156863
v 0.810209 0.053727 -0.052788 0.89019608 0.68627451 0.63921569
v -0.907252 0.021159 -0.045173 0.68627451 0.48627451 0.45882353
v -0.902263 0.021251 -0.045173 0.68235294 0.48627451 0.45490196
v -0.901031 0.021350 -0.045173 0.68627451 0.48627451 0.45490196
v -0.896685 0.021702 -0.045173 0.67450980 0.47843137 0.44705882
v -0.911049 0.036066 -0.045173 0.79215686 0.54117647 0.49803922
v -0.910272 0.036225 -0.045173 0.79215686 0.54117647 0.50196078
v -0.905960 0.036968 -0.045173 0.79215686 0.54117647 0.50196078
v -0.700797 0.058803 -0.045173 0.88627451 0.87058824 0.89803922
v -0.721941 0.015761 -0.045173 0.80784314 0.78823529 0.81176471
v -0.699197 0.059312 -0.045173 0.89019608 0.87450980 0.90196078
v -0.718008 0.017473 -0.045173 0.81176471 0.79215686 0.81960784
v -0.694275 0.060455 -0.045173 0.92156863 0.90588235 0.93333333
v -0.685513 0.062033 -0.045173 0.93333333 0.92156863 0.94901961
v -0.684135 0.062274 -0.045173 0.93333333 0.92156863 0.94901961
v -0.693474 0.011421 -0.045173 0.74509804 0.72156863 0.72941176
v -0.689091 0.010215 -0.045173 0.74901961 0.72941176 0.73725490
v -0.902595 0.037817 -0.045173 0.79215686 0.54509804 0.50196078
v -0.686165 0.010141 -0.045173 0.76078431 0.73333333 0.75294118
v -0.678912 0.062605 -0.045173 0.93333333 0.92156863 0.94509804
v -0.901218 0.038136 -0.045173 0.79215686 0.54509804 0.50196078
v -0.683115 0.010162 -0.045173 0.76470588 0.73725490 0.76470588
v -0.717726 0.017587 -0.045173 0.81176471 0.79215686 0.81960784
v -0.896333 0.039133 -0.045173 0.79607843 0.54901961 0.50196078
v -0.678461 0.062636 -0.045173 0.93333333 0.92156863 0.94117647
v -0.712634 0.018524 -0.045173 0.81568627 0.80000000 0.82352941
v -0.937281 0.027303 -0.045173 0.76078431 0.53725490 0.49411765
v -0.894646 0.039711 -0.045173 0.79607843 0.54901961 0.50196078
v -0.936685 0.031557 -0.045173 0.77647059 0.54901961 0.49803922
v -0.673317 0.063426 -0.045173 0.92549020 0.91372549 0.93333333
v -0.891391 0.040470 -0.045173 0.80000000 0.55294118 0.50588235
v -0.680166 0.010171 -0.045173 0.76470588 0.73725490 0.76470588
v -0.711071 0.018381 -0.045173 0.80392157 0.78823529 0.80784314
v -0.932509 0.033411 -0.045173 0.79607843 0.55294118 0.50588235
v -0.671889 0.063607 -0.045173 0.92156863 0.91372549 0.93333333
v -0.934599 0.023956 -0.045173 0.75294118 0.52941176 0.49019608
v -0.706400 0.017023 -0.045173 0.78039216 0.75686275 0.78431373
v -0.930717 0.021809 -0.045173 0.72941176 0.50980392 0.47843137
v -0.887647 0.040737 -0.045173 0.79607843 0.55294118 0.50588235
v -0.925947 0.020550 -0.045173 0.73725490 0.51764706 0.48627451
v -0.894466 0.021886 -0.045173 0.67843137 0.48235294 0.45098039
v -0.925638 0.020510 -0.045173 0.75686275 0.52549020 0.50588235
v -0.920003 0.020465 -0.045173 0.83529412 0.56078431 0.54509804
v -0.704048 0.015966 -0.045173 0.78823529 0.76862745 0.79215686
v -0.919573 0.020474 -0.045173 0.74117647 0.51764706 0.49803922
v -0.891075 0.022122 -0.045173 0.66666667 0.47450980 0.43921569
v -0.702322 0.015072 -0.045173 0.78823529 0.76470588 0.78431373
v -0.887868 0.022455 -0.045173 0.65882353 0.46666667 0.43529412
v -0.698238 0.013126 -0.045173 0.75686275 0.73333333 0.74901961
v -0.885216 0.022292 -0.045173 0.64705882 0.46274510 0.42745098
v -0.693789 0.011546 -0.045173 0.74509804 0.72156863 0.72941176
v -0.931047 0.033537 -0.045173 0.80000000 0.55686275 0.50980392
v -0.729493 0.054224 -0.045173 0.94509804 0.94117647 0.95294118
v -0.725537 0.055457 -0.045173 0.94509804 0.94117647 0.95686275
v -0.926646 0.033576 -0.045173 0.80784314 0.55686275 0.51372549
v -0.882263 0.022031 -0.045173 0.63137255 0.45490196 0.41960784
v -0.721209 0.056482 -0.045173 0.93725490 0.93333333 0.94901961
v -0.878850 0.021955 -0.045173 0.63529412 0.45490196 0.41960784
v -0.876368 0.021896 -0.045173 0.64705882 0.46274510 0.42745098
v -0.872779 0.021913 -0.045173 0.65098039 0.46666667 0.42745098
v -0.924736 0.033820 -0.045173 0.80784314 0.55686275 0.51372549
v -0.921375 0.034335 -0.045173 0.80392157 0.54901961 0.50588235
v -0.917572 0.034954 -0.045173 0.79607843 0.54117647 0.50196078
v -0.751484 0.056347 -0.045173 0.92941176 0.92156863 0.94509804
v -0.720663 0.056584 -0.045173 0.93333333 0.92941176 0.94901961
v -0.750224 0.056082 -0.045173 0.93333333 0.92549020 0.94901961
v -0.746561 0.055241 -0.045173 0.93725490 0.92941176 0.94901961
v -0.741955 0.053816 -0.045173 0.93333333 0.93333333 0.94509804
v -0.913966 0.020897 -0.045173 0.69411765 0.49411765 0.47450980
v -0.741891 0.053809 -0.045173 0.93333333 0.92941176 0.94509804
v -0.736072 0.053976 -0.045173 0.93333333 0.92941176 0.94509804
v -0.913530 0.020909 -0.045173 0.69019608 0.49019608 0.46666667
v -0.908156 0.021116 -0.045173 0.69019608 0.49019608 0.46274510
v -0.735795 0.053950 -0.045173 0.93725490 0.93333333 0.94901961
v -0.714876 0.056837 -0.045173 0.93725490 0.92941176 0.94901961
v -0.916177 0.035165 -0.045173 0.79607843 0.54117647 0.49803922
v -0.730126 0.054040 -0.045173 0.94117647 0.93725490 0.95294118
v -0.714828 0.056833 -0.045173 0.93333333 0.92941176 0.94509804
v -0.708847 0.056870 -0.045173 0.93333333 0.92156863 0.94117647
v -0.743487 0.013174 -0.045173 0.81176471 0.79607843 0.81960784
v -0.739940 0.013611 -0.045173 0.81176471 0.79215686 0.82352941
v -0.692932 0.060635 -0.045173 0.92549020 0.91372549 0.94117647
v -0.737910 0.013627 -0.045173 0.81176471 0.79215686 0.81960784
v -0.689146 0.061266 -0.045173 0.92941176 0.91764706 0.94509804
v -0.734165 0.013362 -0.045173 0.80784314 0.78431373 0.81176471
v -0.708752 0.056878 -0.045173 0.93333333 0.92156863 0.94509804
v -0.731503 0.013258 -0.045173 0.80784314 0.78431373 0.81568627
v -0.703765 0.057837 -0.045173 0.89803922 0.88627451 0.91372549
v -0.728109 0.013391 -0.045173 0.81176471 0.78823529 0.81568627
v -0.726240 0.014028 -0.045173 0.80784314 0.78823529 0.81568627
v 0.674805 0.008392 -0.045173 0.86666667 0.85098039 0.87843137
v 0.674033 0.008316 -0.045173 0.87058824 0.85490196 0.87843137
v 0.717437 0.013992 -0.045173 0.82745098 0.80784314 0.84313725
v 0.715766 0.013821 -0.045173 0.83921569 0.81960784 0.85882353
v 0.712217 0.013183 -0.045173 0.87058824 0.85098039 0.88627451
v 0.708387 0.012524 -0.045173 0.87450980 0.85882353 0.89019608
v 0.731060 0.048604 -0.045173 0.93725490 0.92549020 0.94117647
v 0.672076 0.059353 -0.045173 0.92156863 0.91372549 0.93333333
v 0.743227 0.012318 -0.045173 0.86666667 0.85882353 0.88627451
v 0.726172 0.048327 -0.045173 0.93725490 0.93333333 0.94509804
v 0.725412 0.048224 -0.045173 0.94117647 0.93725490 0.95294118
v 0.720353 0.048526 -0.045173 0.94509804 0.93333333 0.95294118
v 0.705096 0.050453 -0.045173 0.93725490 0.92549020 0.94901961
v 0.739325 0.013220 -0.045173 0.86274510 0.85098039 0.87843137
v 0.704296 0.050572 -0.045173 0.93333333 0.92549020 0.94509804
v 0.735934 0.013583 -0.045173 0.86274510 0.85098039 0.87843137
v 0.733802 0.013716 -0.045173 0.86274510 0.85098039 0.88235294
v 0.696997 0.052522 -0.045173 0.92549020 0.91764706 0.93725490
v 0.699349 0.051668 -0.045173 0.93333333 0.92549020 0.93725490
v 0.729328 0.014160 -0.045173 0.85882353 0.84313725 0.87450980
v 0.694963 0.053320 -0.045173 0.91764706 0.90980392 0.93333333
v 0.719020 0.048588 -0.045173 0.94901961 0.93725490 0.95686275
v 0.714642 0.048840 -0.045173 0.94509804 0.94117647 0.95686275
v 0.728319 0.014307 -0.045173 0.85882353 0.84313725 0.87450980
v 0.690326 0.054754 -0.045173 0.87450980 0.85882353 0.89411765
v 0.723129 0.014330 -0.045173 0.85490196 0.83921569 0.87450980
v 0.688564 0.054923 -0.045173 0.86666667 0.85098039 0.88627451
v 0.712118 0.049461 -0.045173 0.94117647 0.93333333 0.95294118
v 0.684870 0.055327 -0.045173 0.87058824 0.85882353 0.88627451
v 0.709809 0.050040 -0.045173 0.93725490 0.92549020 0.94901961
v 0.722278 0.014296 -0.045173 0.84705882 0.83137255 0.86666667
v 0.681707 0.055751 -0.045173 0.89411765 0.87843137 0.90588235
v 0.696427 0.010886 -0.045173 0.84705882 0.83921569 0.85490196
v 0.679834 0.056320 -0.045173 0.90588235 0.89411765 0.91764706
v 0.694368 0.010563 -0.045173 0.85098039 0.83921569 0.85882353
v 0.675851 0.058366 -0.045173 0.91764706 0.91372549 0.93333333
v 0.680790 0.008436 -0.045173 0.83529412 0.81568627 0.84705882
v 0.680149 0.008403 -0.045173 0.83921569 0.81960784 0.84705882
v 0.686088 0.009167 -0.045173 0.83137255 0.81568627 0.84705882
v 0.691040 0.010244 -0.045173 0.84705882 0.83137255 0.85882353
v 0.687302 0.009526 -0.045173 0.83137255 0.81960784 0.85098039
v 0.701777 0.011565 -0.045173 0.84313725 0.83137255 0.85098039
v 0.701328 0.011494 -0.045173 0.84313725 0.83529412 0.85098039
v 0.706997 0.012374 -0.045173 0.86666667 0.85098039 0.87843137
v 0.919788 0.018938 -0.045173 0.64705882 0.42352941 0.39607843
v 0.917421 0.018996 -0.045173 0.64313725 0.41960784 0.39215686
v 0.928008 0.020467 -0.045173 0.63529412 0.43137255 0.39607843
v 0.931784 0.022720 -0.045173 0.66666667 0.47058824 0.43529412
v 0.934434 0.026099 -0.045173 0.68235294 0.49019608 0.45098039
v 0.934853 0.027974 -0.045173 0.69019608 0.51372549 0.47450980
v 0.932243 0.031393 -0.045173 0.67843137 0.50588235 0.46666667
v 0.928365 0.032168 -0.045173 0.67450980 0.49019608 0.45490196
v 0.927071 0.032250 -0.045173 0.67843137 0.49411765 0.45882353
v 0.921785 0.032844 -0.045173 0.68627451 0.49411765 0.46274510
v 0.904469 0.019816 -0.045173 0.64705882 0.42352941 0.38823529
v 0.902879 0.019827 -0.045173 0.64313725 0.42745098 0.38823529
v 0.898392 0.019854 -0.045173 0.63137255 0.41960784 0.38039216
v 0.897032 0.019884 -0.045173 0.63921569 0.42745098 0.38823529
v 0.891886 0.020389 -0.045173 0.63137255 0.42745098 0.38431373
v 0.891536 0.020399 -0.045173 0.63529412 0.43529412 0.38823529
v 0.885760 0.020882 -0.045173 0.65490196 0.45490196 0.40392157
v 0.926882 0.020003 -0.045173 0.58823529 0.36078431 0.32549020
v 0.879885 0.020359 -0.045173 0.64313725 0.45098039 0.39607843
v 0.879059 0.020348 -0.045173 0.64705882 0.45882353 0.40392157
v 0.873778 0.020376 -0.045173 0.63529412 0.45098039 0.39215686
v 0.873231 0.020404 -0.045173 0.65098039 0.46666667 0.40784314
v 0.923210 0.019236 -0.045173 0.67450980 0.43921569 0.41568627
v 0.885402 0.020872 -0.045173 0.65882353 0.46274510 0.40784314
v 0.908625 0.019569 -0.045173 0.67843137 0.43921569 0.40392157
v 0.914561 0.033812 -0.045173 0.71372549 0.50588235 0.47058824
v 0.911486 0.034053 -0.045173 0.72941176 0.50980392 0.47058824
v 0.914102 0.019172 -0.045173 0.66666667 0.43137255 0.40392157
v 0.910879 0.019438 -0.045173 0.72549020 0.45490196 0.42352941
v 0.907809 0.034502 -0.045173 0.73725490 0.51372549 0.47058824
v 0.906082 0.034679 -0.045173 0.74509804 0.51764706 0.47450980
v 0.900957 0.035570 -0.045173 0.75686275 0.52549020 0.48627451
v 0.921600 0.032877 -0.045173 0.69411765 0.49803922 0.46274510
v 0.916770 0.033568 -0.045173 0.70196078 0.49803922 0.46274510
v 0.900575 0.035655 -0.045173 0.76470588 0.53725490 0.49019608
v 0.895991 0.036514 -0.045173 0.77254902 0.54901961 0.50196078
v 0.892487 0.037601 -0.045173 0.77254902 0.55294118 0.50588235
v 0.891266 0.038041 -0.045173 0.78431373 0.56470588 0.51372549
v 0.886107 0.039004 -0.045173 0.79215686 0.57647059 0.52549020
v 0.885096 0.039032 -0.045173 0.80000000 0.58039216 0.52941176
v 0.735293 0.050397 -0.045173 0.93725490 0.92941176 0.94117647
v 0.733039 0.049182 -0.045173 0.93725490 0.92941176 0.94509804
v 0.739723 0.051996 -0.045173 0.94117647 0.93333333 0.94509804
v -0.904711 0.023699 -0.047841 0.70980392 0.50196078 0.47058824
v -0.901696 0.026714 -0.049375 0.72549020 0.50980392 0.47843137
v -0.720827 0.014647 -0.046725 0.80000000 0.77647059 0.80392157
v -0.898682 0.023699 -0.047668 0.70980392 0.49803922 0.46666667
v -0.699743 0.059856 -0.045905 0.89411765 0.87843137 0.90588235
v -0.723842 0.011632 -0.049300 0.78431373 0.76862745 0.79215686
v -0.696723 0.062876 -0.048472 0.91372549 0.90196078 0.92941176
v -0.910740 0.035757 -0.045691 0.78823529 0.53725490 0.50196078
v -0.907725 0.032743 -0.048362 0.77647059 0.53333333 0.49803922
v -0.690679 0.008627 -0.048497 0.72941176 0.70588235 0.71372549
v -0.714796 0.014656 -0.048984 0.80784314 0.78823529 0.81176471
v -0.904727 0.035710 -0.047030 0.78431373 0.54117647 0.50196078
v -0.684650 0.008627 -0.047509 0.74509804 0.71764706 0.73725490
v -0.711781 0.017670 -0.045916 0.80784314 0.79215686 0.81176471
v -0.904711 0.029728 -0.049375 0.74509804 0.52156863 0.48627451
v -0.678621 0.008627 -0.047622 0.75294118 0.72549020 0.75294118
v -0.708767 0.014656 -0.048127 0.78431373 0.76470588 0.78431373
v -0.684705 0.062841 -0.045892 0.93333333 0.92156863 0.94509804
v -0.901714 0.032692 -0.049412 0.76862745 0.53333333 0.49411765
v -0.681703 0.065846 -0.048943 0.92156863 0.91372549 0.93333333
v -0.934856 0.029728 -0.047080 0.78039216 0.54509804 0.50196078
v -0.678672 0.062844 -0.045413 0.93333333 0.92156863 0.94117647
v -0.931841 0.032743 -0.046049 0.79215686 0.55294118 0.50980392
v -0.931842 0.026714 -0.048188 0.77647059 0.54509804 0.50588235
v -0.702738 0.014656 -0.045825 0.78039216 0.75294118 0.77647059
v -0.928827 0.023699 -0.047734 0.77254902 0.54117647 0.50588235
v -0.675711 0.065814 -0.048034 0.91764706 0.90980392 0.92941176
v -0.928827 0.029728 -0.048423 0.79607843 0.55294118 0.51372549
v -0.898709 0.035679 -0.048099 0.78431373 0.54117647 0.50196078
v -0.669709 0.065792 -0.047052 0.91764706 0.90588235 0.92549020
v -0.925812 0.026714 -0.048690 0.80784314 0.56470588 0.53333333
v -0.895722 0.038613 -0.046354 0.78823529 0.54509804 0.50196078
v -0.699723 0.011641 -0.048208 0.75294118 0.72549020 0.74509804
v -0.889654 0.038725 -0.047867 0.79215686 0.54901961 0.50196078
v -0.925812 0.020685 -0.045409 0.78039216 0.54509804 0.51764706
v -0.922798 0.023699 -0.048186 0.87450980 0.61568627 0.60392157
v -0.919783 0.020685 -0.045498 0.80000000 0.55686275 0.53725490
v -0.726900 0.056818 -0.047107 0.94509804 0.94117647 0.96078431
v -0.895667 0.026714 -0.049138 0.72156863 0.50588235 0.47058824
v -0.925812 0.032743 -0.046363 0.80392157 0.55686275 0.51764706
v -0.892653 0.023699 -0.047376 0.70588235 0.49803922 0.46274510
v -0.922798 0.029728 -0.048623 0.80784314 0.56078431 0.52941176
v -0.889638 0.026714 -0.049109 0.71372549 0.50196078 0.46666667
v -0.720887 0.056805 -0.045416 0.93725490 0.93333333 0.94901961
v -0.919783 0.032743 -0.047072 0.79607843 0.54509804 0.50980392
v -0.886624 0.023699 -0.047109 0.69019608 0.48627451 0.45098039
v -0.717893 0.059801 -0.047914 0.93725490 0.93333333 0.94901961
v -0.919783 0.026714 -0.048819 0.80392157 0.55686275 0.53725490
v -0.690728 0.062846 -0.047407 0.92941176 0.91764706 0.94509804
v -0.916769 0.023699 -0.047937 0.74901961 0.52549020 0.49803922
v -0.880594 0.023699 -0.047539 0.66274510 0.47450980 0.43529412
v -0.711833 0.059829 -0.048340 0.93725490 0.92941176 0.94901961
v -0.874566 0.023699 -0.048065 0.67058824 0.47843137 0.43921569
v -0.705784 0.059846 -0.047946 0.91764706 0.90588235 0.92941176
v -0.750990 0.056841 -0.046290 0.92941176 0.92156863 0.94117647
v -0.916769 0.029728 -0.048589 0.78039216 0.54117647 0.50980392
v -0.741926 0.053845 -0.045266 0.92941176 0.92549020 0.94117647
v -0.913754 0.026714 -0.048891 0.75294118 0.52549020 0.49411765
v -0.910740 0.023699 -0.047879 0.72156863 0.50588235 0.47843137
v -0.732913 0.056833 -0.048700 0.93725490 0.93333333 0.94901961
v -0.913754 0.032743 -0.047619 0.78431373 0.53725490 0.50196078
v -0.910740 0.029728 -0.048974 0.75686275 0.52549020 0.49411765
v -0.907725 0.026714 -0.049010 0.73333333 0.51372549 0.48235294
v -0.735901 0.011626 -0.048465 0.79607843 0.77254902 0.80000000
v -0.729872 0.011629 -0.047382 0.80000000 0.78039216 0.80392157
v 0.680486 0.002711 -0.049014 0.78039216 0.76862745 0.78823529
v 0.674457 0.002711 -0.049062 0.78823529 0.77254902 0.79215686
v 0.677472 0.005725 -0.047058 0.82352941 0.80784314 0.83137255
v 0.722738 0.050900 -0.047930 0.94509804 0.93725490 0.95294118
v 0.704638 0.050911 -0.045468 0.93333333 0.92549020 0.94901961
v 0.701620 0.053929 -0.046947 0.92156863 0.91372549 0.93333333
v 0.716715 0.050894 -0.047423 0.94901961 0.94117647 0.96078431
v 0.710678 0.050901 -0.045973 0.93725490 0.92941176 0.95294118
v 0.707665 0.053915 -0.048333 0.91764706 0.90588235 0.93725490
v 0.671443 0.005725 -0.046866 0.85490196 0.83921569 0.86666667
v 0.719675 0.011754 -0.047342 0.81960784 0.80000000 0.83921569
v 0.710631 0.008739 -0.048666 0.85490196 0.83529412 0.86666667
v 0.704602 0.008740 -0.048204 0.84313725 0.83137255 0.84705882
v 0.671443 0.059986 -0.045448 0.92156863 0.91372549 0.93333333
v 0.707617 0.011754 -0.045769 0.87058824 0.85490196 0.88235294
v 0.713646 0.011754 -0.046700 0.84705882 0.82745098 0.86274510
v 0.668428 0.063001 -0.046870 0.92156863 0.91764706 0.93333333
v 0.731733 0.011754 -0.047261 0.83137255 0.81568627 0.84705882
v 0.737785 0.011731 -0.047647 0.84313725 0.82745098 0.85882353
v 0.743836 0.011709 -0.045967 0.85882353 0.85098039 0.87843137
v 0.725704 0.011754 -0.047742 0.83921569 0.81960784 0.85882353
v 0.689530 0.005725 -0.048395 0.83529412 0.81568627 0.84313725
v 0.695582 0.053937 -0.045583 0.91372549 0.90196078 0.92941176
v 0.698573 0.008740 -0.047146 0.85098039 0.84313725 0.85882353
v 0.692544 0.008740 -0.046283 0.85490196 0.83921569 0.86274510
v 0.698601 0.056948 -0.048333 0.90980392 0.89411765 0.92549020
v 0.683501 0.005725 -0.048096 0.81176471 0.79215686 0.81960784
v 0.692544 0.056972 -0.046639 0.88235294 0.86666667 0.90588235
v 0.686515 0.008740 -0.045606 0.83137255 0.81568627 0.84705882
v 0.686515 0.056972 -0.046186 0.87450980 0.86274510 0.89019608
v 0.680486 0.056972 -0.045650 0.90588235 0.89411765 0.91764706
v 0.683501 0.059987 -0.047894 0.90588235 0.89019608 0.91764706
v 0.689530 0.059986 -0.048462 0.88627451 0.87058824 0.90980392
v 0.677472 0.059987 -0.046436 0.91764706 0.91372549 0.93725490
v 0.680486 0.063001 -0.049106 0.92156863 0.91764706 0.93725490
v 0.674457 0.063001 -0.048130 0.92549020 0.91764706 0.94509804
v 0.921648 0.020798 -0.047150 0.65490196 0.41176471 0.39607843
v 0.915643 0.020723 -0.047135 0.67843137 0.43921569 0.41176471
v 0.918660 0.023731 -0.048850 0.67843137 0.45098039 0.42352941
v 0.924663 0.023812 -0.048562 0.65490196 0.43921569 0.40784314
v 0.921662 0.026785 -0.048837 0.67450980 0.46666667 0.43529412
v 0.927677 0.020798 -0.045832 0.63529412 0.42352941 0.38823529
v 0.912670 0.023608 -0.048675 0.69411765 0.45882353 0.42745098
v 0.915660 0.026701 -0.049037 0.69411765 0.47450980 0.43921569
v 0.918721 0.029631 -0.048332 0.69019608 0.47843137 0.44705882
v 0.909665 0.020597 -0.046492 0.69411765 0.45098039 0.41568627
v 0.930692 0.023812 -0.046924 0.66274510 0.46274510 0.42745098
v 0.933706 0.026827 -0.046064 0.67843137 0.49019608 0.45490196
v 0.927677 0.026827 -0.048520 0.66666667 0.46274510 0.43137255
v 0.930692 0.029841 -0.046663 0.67058824 0.48235294 0.44705882
v 0.924663 0.029841 -0.047728 0.67058824 0.47450980 0.43921569
v 0.921711 0.032766 -0.045316 0.68235294 0.48627451 0.45098039
v 0.903687 0.020577 -0.046168 0.65882353 0.43921569 0.40000000
v 0.897704 0.020533 -0.046094 0.65098039 0.43921569 0.39607843
v 0.900727 0.023469 -0.048553 0.67058824 0.45098039 0.41176471
v 0.891720 0.020556 -0.045407 0.65490196 0.44705882 0.40000000
v 0.888628 0.023596 -0.048552 0.67843137 0.47058824 0.42352941
v 0.894722 0.023445 -0.048439 0.67058824 0.45882353 0.41176471
v 0.879481 0.020763 -0.045877 0.67450980 0.48235294 0.42745098
v 0.873470 0.020679 -0.045722 0.66666667 0.47843137 0.42352941
v 0.882541 0.023705 -0.049087 0.67058824 0.47450980 0.42352941
v 0.888638 0.035451 -0.048780 0.77254902 0.55686275 0.50588235
v 0.906704 0.023470 -0.048487 0.68235294 0.45098039 0.41568627
v 0.909723 0.026419 -0.048905 0.70588235 0.47843137 0.43921569
v 0.903727 0.026369 -0.048900 0.69803922 0.47450980 0.43529412
v 0.906784 0.029384 -0.048845 0.71764706 0.49019608 0.45098039
v 0.912763 0.029477 -0.048452 0.70980392 0.48627451 0.45098039
v 0.915802 0.032547 -0.046480 0.70196078 0.49019608 0.45490196
v 0.909823 0.032411 -0.046995 0.72549020 0.50196078 0.46274510
v 0.903793 0.032331 -0.047606 0.73333333 0.50588235 0.46666667
v 0.897756 0.032303 -0.048782 0.75294118 0.52549020 0.48235294
v 0.900810 0.035421 -0.045436 0.74901961 0.52156863 0.47843137
v 0.894727 0.035309 -0.047257 0.75686275 0.53333333 0.49019608
v 0.885600 0.038514 -0.046119 0.78431373 0.56470588 0.51764706
v -0.733759 0.049956 -0.040910 0.94509804 0.93725490 0.94901961
v -0.731712 0.049615 -0.040910 0.94117647 0.93333333 0.94901961
v -0.908667 0.019743 -0.040910 0.62352941 0.44705882 0.42352941
v -0.725159 0.018978 -0.040910 0.83529412 0.81960784 0.84313725
v -0.906835 0.019795 -0.040910 0.63137255 0.45490196 0.42745098
v -0.902401 0.019980 -0.040910 0.61568627 0.44705882 0.41960784
v -0.901029 0.020017 -0.040910 0.61960784 0.44705882 0.41960784
v -0.896136 0.020216 -0.040910 0.61568627 0.44313725 0.41568627
v -0.721373 0.021223 -0.040910 0.84313725 0.82745098 0.85098039
v -0.718423 0.023087 -0.040910 0.85490196 0.84313725 0.87058824
v -0.717620 0.023509 -0.040910 0.86274510 0.84705882 0.87450980
v -0.895269 0.020287 -0.040910 0.60784314 0.43921569 0.40784314
v -0.712511 0.024429 -0.040910 0.84313725 0.82745098 0.85882353
v -0.912334 0.037352 -0.040910 0.79607843 0.53725490 0.49019608
v -0.711288 0.024193 -0.040910 0.83137255 0.81568627 0.84705882
v -0.908337 0.038160 -0.040910 0.79607843 0.54117647 0.50196078
v -0.907311 0.038309 -0.040910 0.80000000 0.54117647 0.50588235
v -0.707023 0.022428 -0.040910 0.81568627 0.79607843 0.82352941
v -0.902366 0.039346 -0.040910 0.80000000 0.54509804 0.50588235
v -0.702852 0.020570 -0.040910 0.82352941 0.80392157 0.82745098
v -0.900744 0.039667 -0.040910 0.80000000 0.54901961 0.50588235
v -0.938069 0.026515 -0.040910 0.69803922 0.49803922 0.46274510
v -0.897375 0.040363 -0.040910 0.80000000 0.54901961 0.50196078
v -0.702315 0.020262 -0.040910 0.82352941 0.80392157 0.83137255
v -0.893013 0.041387 -0.040910 0.80000000 0.55294118 0.50588235
v -0.728322 0.049364 -0.040910 0.93725490 0.93333333 0.94901961
v -0.725537 0.049461 -0.040910 0.94509804 0.93725490 0.95686275
v -0.892451 0.041511 -0.040910 0.80392157 0.55294118 0.50588235
v -0.938356 0.027200 -0.040910 0.70980392 0.51372549 0.47450980
v -0.886936 0.042052 -0.040910 0.80392157 0.55294118 0.50588235
v -0.886328 0.042061 -0.040910 0.80784314 0.55686275 0.50980392
v -0.935317 0.023239 -0.040910 0.69411765 0.49019608 0.45490196
v -0.699965 0.054055 -0.040910 0.86274510 0.84705882 0.87843137
v -0.721690 0.049967 -0.040910 0.92941176 0.92549020 0.94509804
v -0.699052 0.054517 -0.040910 0.85882353 0.84313725 0.87450980
v -0.695863 0.056014 -0.040910 0.87843137 0.86666667 0.89411765
v -0.889767 0.020556 -0.040910 0.60000000 0.43137255 0.40000000
v -0.720082 0.050031 -0.040910 0.91764706 0.90980392 0.93333333
v -0.932767 0.021610 -0.040910 0.69019608 0.48235294 0.44705882
v -0.889518 0.020565 -0.040910 0.59215686 0.42745098 0.39607843
v -0.690887 0.057066 -0.040910 0.91764706 0.90196078 0.93333333
v -0.690388 0.057151 -0.040910 0.92156863 0.90588235 0.93725490
v -0.715207 0.050422 -0.040910 0.89019608 0.88235294 0.90196078
v -0.699182 0.018211 -0.040910 0.81176471 0.79215686 0.81176471
v -0.685747 0.057956 -0.040910 0.93333333 0.91764706 0.94901961
v -0.714567 0.050544 -0.040910 0.89411765 0.88627451 0.90588235
v -0.695732 0.015632 -0.040910 0.78431373 0.76470588 0.77647059
v -0.883641 0.020653 -0.040910 0.58823529 0.42352941 0.39215686
v -0.709416 0.051427 -0.040910 0.89803922 0.89019608 0.91372549
v -0.938647 0.031966 -0.040910 0.74117647 0.53333333 0.48627451
v -0.683304 0.058205 -0.040910 0.93725490 0.92156863 0.94901961
v -0.691725 0.013610 -0.040910 0.77647059 0.75294118 0.76470588
v -0.883574 0.020650 -0.040910 0.58431373 0.42352941 0.38823529
v -0.937994 0.032866 -0.040910 0.77647059 0.55294118 0.49411765
v -0.680299 0.058537 -0.040910 0.93725490 0.92156863 0.94901961
v -0.877734 0.020531 -0.040910 0.56470588 0.41176471 0.38039216
v -0.707937 0.051662 -0.040910 0.89803922 0.88627451 0.91372549
v -0.936646 0.033968 -0.040910 0.81960784 0.58431373 0.50980392
v -0.676608 0.058873 -0.040910 0.93725490 0.92549020 0.94901961
v -0.877410 0.020514 -0.040910 0.56078431 0.41176471 0.37647059
v -0.674840 0.059107 -0.040910 0.93725490 0.92549020 0.94509804
v -0.704224 0.052275 -0.040910 0.88627451 0.87450980 0.90196078
v -0.669801 0.060003 -0.040910 0.92941176 0.92156863 0.93725490
v -0.872022 0.020214 -0.040910 0.56862745 0.41568627 0.38431373
v -0.689243 0.013219 -0.040910 0.78431373 0.76078431 0.77254902
v -0.753866 0.053964 -0.040910 0.93725490 0.92941176 0.94901961
v -0.685528 0.013778 -0.040910 0.80784314 0.78431373 0.80392157
v -0.933795 0.034697 -0.040910 0.80000000 0.56078431 0.50196078
v -0.683940 0.013945 -0.040910 0.81176471 0.78431373 0.80784314
v -0.748765 0.053035 -0.040910 0.94117647 0.93333333 0.95294118
v -0.931533 0.020994 -0.040910 0.69019608 0.47843137 0.44313725
v -0.746659 0.052548 -0.040910 0.94509804 0.94117647 0.95686275
v -0.679424 0.013806 -0.040910 0.80392157 0.77647059 0.80392157
v -0.926821 0.019676 -0.040910 0.68627451 0.48235294 0.44705882
v -0.924491 0.019363 -0.040910 0.67450980 0.47450980 0.45490196
v -0.921180 0.019288 -0.040910 0.69803922 0.49411765 0.47450980
v -0.743979 0.051792 -0.040910 0.94117647 0.93725490 0.94901961
v -0.918361 0.019263 -0.040910 0.67843137 0.48627451 0.46666667
v -0.739355 0.050387 -0.040910 0.93333333 0.93333333 0.94509804
v -0.929510 0.035074 -0.040910 0.81176471 0.56078431 0.50588235
v -0.738365 0.050284 -0.040910 0.93725490 0.93333333 0.94509804
v -0.928144 0.035075 -0.040910 0.81568627 0.56078431 0.50980392
v -0.923126 0.035430 -0.040910 0.81176471 0.55686275 0.50980392
v -0.922549 0.035509 -0.040910 0.80784314 0.54509804 0.49411765
v -0.744424 0.015155 -0.040910 0.83137255 0.81960784 0.84313725
v -0.740502 0.016211 -0.040910 0.83137255 0.81568627 0.84313725
v -0.917517 0.036505 -0.040910 0.80392157 0.54117647 0.49019608
v -0.736806 0.016746 -0.040910 0.83137255 0.80784314 0.83921569
v -0.915745 0.036781 -0.040910 0.80000000 0.53333333 0.48235294
v -0.914985 0.019454 -0.040910 0.64705882 0.46666667 0.44705882
v -0.912592 0.019523 -0.040910 0.65098039 0.46666667 0.44313725
v -0.734765 0.016515 -0.040910 0.82745098 0.80392157 0.83529412
v -0.730860 0.016669 -0.040910 0.82745098 0.80784314 0.83529412
v -0.729473 0.017258 -0.040910 0.83137255 0.81176471 0.83529412
v 0.739253 0.016294 -0.040910 0.89803922 0.89411765 0.91764706
v 0.737292 0.017140 -0.040910 0.90588235 0.89411765 0.92549020
v 0.686074 0.015210 -0.040910 0.84705882 0.83137255 0.85882353
v 0.680629 0.014911 -0.040910 0.88627451 0.87058824 0.89803922
v 0.686993 0.015247 -0.040910 0.84313725 0.82745098 0.85490196
v 0.680329 0.014926 -0.040910 0.88627451 0.87450980 0.90196078
v 0.675116 0.015428 -0.040910 0.89803922 0.87843137 0.91372549
v 0.732400 0.018305 -0.040910 0.90196078 0.89019608 0.92156863
v 0.730797 0.018721 -0.040910 0.89803922 0.88627451 0.91764706
v 0.716245 0.020321 -0.040910 0.88235294 0.86666667 0.89803922
v 0.727896 0.019839 -0.040910 0.90588235 0.89411765 0.92549020
v 0.722874 0.020615 -0.040910 0.86666667 0.85098039 0.88627451
v 0.722636 0.020617 -0.040910 0.86666667 0.85098039 0.88627451
v 0.717044 0.020415 -0.040910 0.87450980 0.85882353 0.89019608
v 0.711773 0.019656 -0.040910 0.90196078 0.88235294 0.91764706
v 0.691597 0.015715 -0.040910 0.83529412 0.81960784 0.84705882
v 0.709150 0.019316 -0.040910 0.88627451 0.87058824 0.90196078
v 0.706441 0.018959 -0.040910 0.86274510 0.84313725 0.87843137
v 0.732578 0.047084 -0.040910 0.94117647 0.93725490 0.95294118
v 0.728993 0.045121 -0.040910 0.94117647 0.93333333 0.95294118
v 0.702263 0.018458 -0.040910 0.85098039 0.83137255 0.86666667
v 0.724291 0.043318 -0.040910 0.94509804 0.93725490 0.95686275
v 0.720855 0.042968 -0.040910 0.94117647 0.93725490 0.95294118
v 0.718750 0.042830 -0.040910 0.94117647 0.93333333 0.94901961
v 0.696791 0.016551 -0.040910 0.83921569 0.82352941 0.85098039
v 0.714471 0.042675 -0.040910 0.93725490 0.92941176 0.94901961
v 0.693758 0.015982 -0.040910 0.83137255 0.81568627 0.84313725
v 0.701203 0.018168 -0.040910 0.85098039 0.83529412 0.87058824
v 0.728685 0.044950 -0.040910 0.94509804 0.93725490 0.95686275
v 0.684938 0.046491 -0.040910 0.86274510 0.85490196 0.88235294
v 0.712618 0.042930 -0.040910 0.93333333 0.92549020 0.94509804
v 0.682709 0.047136 -0.040910 0.86666667 0.85882353 0.88235294
v 0.709494 0.043726 -0.040910 0.91372549 0.90196078 0.92941176
v 0.704630 0.044893 -0.040910 0.90588235 0.89019608 0.92156863
v 0.698573 0.044915 -0.040910 0.90588235 0.89803922 0.91764706
v 0.692957 0.045327 -0.040910 0.92941176 0.91764706 0.93725490
v 0.704625 0.044894 -0.040910 0.90588235 0.89019608 0.92156863
v 0.678178 0.048635 -0.040910 0.90196078 0.89411765 0.91764706
v 0.698574 0.044914 -0.040910 0.90588235 0.89803922 0.91764706
v 0.676146 0.049254 -0.040910 0.91372549 0.90588235 0.92941176
v 0.673605 0.050091 -0.040910 0.91764706 0.90588235 0.93333333
v 0.669058 0.051573 -0.040910 0.90980392 0.90196078 0.92941176
v 0.692059 0.045400 -0.040910 0.92941176 0.91372549 0.94117647
v 0.687447 0.045845 -0.040910 0.89019608 0.87450980 0.90588235
v 0.918682 0.017832 -0.040910 0.61176471 0.41568627 0.38431373
v 0.918581 0.017836 -0.040910 0.61568627 0.41176471 0.38039216
v 0.928765 0.019710 -0.040910 0.64313725 0.44705882 0.41176471
v 0.932556 0.021948 -0.040910 0.68235294 0.48627451 0.44705882
v 0.935440 0.025093 -0.040910 0.70980392 0.51764706 0.47450980
v 0.936654 0.029775 -0.040910 0.72156863 0.54117647 0.49411765
v 0.936634 0.029928 -0.040910 0.69803922 0.53725490 0.49411765
v 0.933978 0.033127 -0.040910 0.67058824 0.52941176 0.49019608
v 0.926633 0.033900 -0.040910 0.67843137 0.51372549 0.47843137
v 0.922966 0.034069 -0.040910 0.68235294 0.50980392 0.47058824
v 0.933084 0.033478 -0.040910 0.66274510 0.52549020 0.48627451
v 0.928634 0.033813 -0.040910 0.67450980 0.52549020 0.49019608
v 0.905977 0.018358 -0.040910 0.62352941 0.40784314 0.36862745
v 0.901486 0.018484 -0.040910 0.61176471 0.40000000 0.36078431
v 0.899770 0.018556 -0.040910 0.60784314 0.40000000 0.36078431
v 0.895504 0.018527 -0.040910 0.60784314 0.40392157 0.36470588
v 0.893697 0.018606 -0.040910 0.61176471 0.41176471 0.36470588
v 0.889677 0.018841 -0.040910 0.61176471 0.41568627 0.36862745
v 0.887339 0.018934 -0.040910 0.62745098 0.43137255 0.38039216
v 0.883823 0.019076 -0.040910 0.61960784 0.42745098 0.37647059
v 0.881172 0.019071 -0.040910 0.62352941 0.43137255 0.37647059
v 0.877687 0.018963 -0.040910 0.61960784 0.43137255 0.37647059
v 0.875354 0.018861 -0.040910 0.61568627 0.43529412 0.37647059
v 0.871712 0.018851 -0.040910 0.61568627 0.43921569 0.38039216
v 0.907207 0.018292 -0.040910 0.63921569 0.41568627 0.38039216
v 0.912825 0.035631 -0.040910 0.72156863 0.51764706 0.48235294
v 0.912824 0.035631 -0.040910 0.72941176 0.52156863 0.48235294
v 0.907500 0.036199 -0.040910 0.74117647 0.52549020 0.47843137
v 0.905968 0.036429 -0.040910 0.74901961 0.52549020 0.48235294
v 0.902201 0.036936 -0.040910 0.76078431 0.52941176 0.48627451
v 0.919980 0.034528 -0.040910 0.69803922 0.50980392 0.47450980
v 0.917995 0.034898 -0.040910 0.70980392 0.51372549 0.48235294
v 0.925426 0.018547 -0.040910 0.61960784 0.41960784 0.38431373
v 0.898615 0.037641 -0.040910 0.77254902 0.54117647 0.49803922
v 0.924145 0.018301 -0.040910 0.61568627 0.41960784 0.39215686
v 0.897153 0.038001 -0.040910 0.78039216 0.55294118 0.50588235
v 0.892097 0.038995 -0.040910 0.78823529 0.56862745 0.52156863
v 0.890931 0.039207 -0.040910 0.79607843 0.58039216 0.52941176
v 0.912882 0.018008 -0.040910 0.62745098 0.41568627 0.38039216
v 0.887008 0.039950 -0.040910 0.80784314 0.58823529 0.53725490
v 0.912340 0.018021 -0.040910 0.64705882 0.41960784 0.38431373
v 0.883874 0.040271 -0.040910 0.81176471 0.59215686 0.54117647
v 0.741082 0.050638 -0.040910 0.94509804 0.93725490 0.95294118
v 0.740098 0.050264 -0.040910 0.94509804 0.93725490 0.95294118
v 0.736793 0.048897 -0.040910 0.94117647 0.93333333 0.95294118
v -0.881027 0.042219 -0.040910 0.80784314 0.56078431 0.50980392
v 0.881406 0.040455 -0.040910 0.81176471 0.59215686 0.54117647
v -0.907725 0.020685 -0.044355 0.65882353 0.47058824 0.44705882
v -0.901696 0.020685 -0.043914 0.65490196 0.46666667 0.43921569
v -0.895667 0.020685 -0.042906 0.64313725 0.45882353 0.42745098
v -0.901732 0.038668 -0.044051 0.79607843 0.54901961 0.50588235
v -0.732907 0.050809 -0.041925 0.94117647 0.93725490 0.94901961
v -0.702761 0.056839 -0.043990 0.88627451 0.87058824 0.89803922
v -0.886624 0.041786 -0.043029 0.80392157 0.55686275 0.50588235
v -0.696723 0.056847 -0.041951 0.88235294 0.87058824 0.89803922
v -0.723842 0.017661 -0.042517 0.82352941 0.80392157 0.83137255
v -0.693694 0.059874 -0.044423 0.92156863 0.90588235 0.93333333
v -0.699723 0.017670 -0.041591 0.80784314 0.78823529 0.80784314
v -0.889638 0.020685 -0.041618 0.62745098 0.45098039 0.41568627
v -0.696709 0.014656 -0.042429 0.76862745 0.74901961 0.76078431
v -0.937871 0.026714 -0.043220 0.73725490 0.52549020 0.48235294
v -0.693694 0.011641 -0.044957 0.74509804 0.72156863 0.72941176
v -0.883609 0.020685 -0.041232 0.60784314 0.43921569 0.40392157
v -0.720827 0.020677 -0.041542 0.83921569 0.82352941 0.84705882
v -0.687665 0.011641 -0.043033 0.77254902 0.75294118 0.76862745
v -0.934856 0.023699 -0.044405 0.71764706 0.50588235 0.47058824
v -0.681652 0.011581 -0.043321 0.78431373 0.75686275 0.78431373
v -0.717810 0.017670 -0.045075 0.81176471 0.79215686 0.81960784
v -0.937870 0.032743 -0.042465 0.78039216 0.55686275 0.49803922
v -0.877580 0.020685 -0.042058 0.60000000 0.43529412 0.40000000
v -0.714796 0.020685 -0.043317 0.83921569 0.82352941 0.85490196
v -0.711781 0.023699 -0.041283 0.83529412 0.81568627 0.84705882
v -0.871551 0.020685 -0.043373 0.61960784 0.44705882 0.41176471
v -0.708767 0.020685 -0.042792 0.80000000 0.78039216 0.80784314
v -0.747970 0.053832 -0.042280 0.94117647 0.93333333 0.95294118
v -0.705752 0.017670 -0.044379 0.79215686 0.76862745 0.79607843
v -0.916769 0.035757 -0.044080 0.80000000 0.54117647 0.49411765
v -0.738912 0.050830 -0.041529 0.93725490 0.93333333 0.94509804
v -0.729901 0.053815 -0.044872 0.94509804 0.94117647 0.95686275
v -0.726883 0.050803 -0.041755 0.94117647 0.93725490 0.95294118
v -0.735920 0.053824 -0.045025 0.93725490 0.93333333 0.94901961
v -0.913754 0.020685 -0.044837 0.67058824 0.47843137 0.45882353
v -0.687665 0.059874 -0.043246 0.92941176 0.92156863 0.94901961
v -0.723880 0.053808 -0.043354 0.94117647 0.93333333 0.95294118
v -0.681680 0.059835 -0.042403 0.93725490 0.92156863 0.94509804
v -0.744947 0.014633 -0.041463 0.83137255 0.81568627 0.83921569
v -0.720856 0.050802 -0.041296 0.92156863 0.91764706 0.93725490
v -0.675607 0.059874 -0.041881 0.93333333 0.92549020 0.94509804
v -0.738919 0.014632 -0.043453 0.81960784 0.80000000 0.82745098
v -0.717853 0.053807 -0.042983 0.90980392 0.90196078 0.92549020
v -0.672690 0.062805 -0.044420 0.92549020 0.91764706 0.93725490
v -0.732887 0.014640 -0.042786 0.81568627 0.79215686 0.82352941
v -0.714850 0.056811 -0.045155 0.93333333 0.92549020 0.94509804
v -0.726857 0.014644 -0.044117 0.81568627 0.79607843 0.81960784
v -0.714827 0.050802 -0.041095 0.89019608 0.88235294 0.90196078
v -0.711818 0.053812 -0.043066 0.92156863 0.90980392 0.92941176
v -0.708804 0.056827 -0.045133 0.93333333 0.92156863 0.94117647
v -0.705778 0.053821 -0.042485 0.90196078 0.89019608 0.91764706
v 0.674457 0.008740 -0.044922 0.87058824 0.85490196 0.88235294
v 0.683501 0.011754 -0.043006 0.84313725 0.82745098 0.85490196
v 0.686515 0.014769 -0.041177 0.84313725 0.82745098 0.85490196
v 0.680486 0.014769 -0.040983 0.88627451 0.87058824 0.89803922
v 0.674457 0.014769 -0.041255 0.89803922 0.87843137 0.91372549
v 0.713673 0.017756 -0.042150 0.88627451 0.87058824 0.90588235
v 0.716688 0.014741 -0.044546 0.83529412 0.81568627 0.85490196
v 0.683501 0.047928 -0.041399 0.86274510 0.85882353 0.87843137
v 0.710631 0.014769 -0.043703 0.88627451 0.87058824 0.90196078
v 0.680486 0.050943 -0.042300 0.88235294 0.87450980 0.89411765
v 0.674457 0.050943 -0.041469 0.91764706 0.90588235 0.93333333
v 0.731760 0.047904 -0.043276 0.94117647 0.93333333 0.94509804
v 0.740826 0.014720 -0.042281 0.89019608 0.88235294 0.90588235
v 0.677472 0.053957 -0.043441 0.90588235 0.90196078 0.92156863
v 0.734804 0.014713 -0.044068 0.87450980 0.86274510 0.89411765
v 0.722751 0.044858 -0.041862 0.94509804 0.93725490 0.95686275
v 0.716691 0.044886 -0.042055 0.94509804 0.93725490 0.95294118
v 0.728773 0.014714 -0.044762 0.86666667 0.84705882 0.88235294
v 0.719715 0.047892 -0.044505 0.94901961 0.93725490 0.95686275
v 0.725740 0.047896 -0.044729 0.94509804 0.93725490 0.95294118
v 0.722721 0.014738 -0.044819 0.85098039 0.83529412 0.87058824
v 0.671443 0.053957 -0.042564 0.91764706 0.90980392 0.93333333
v 0.725741 0.017747 -0.042562 0.89019608 0.87450980 0.90588235
v 0.710661 0.044887 -0.041707 0.92549020 0.91372549 0.93725490
v 0.731802 0.017715 -0.041411 0.89411765 0.88627451 0.91372549
v 0.719709 0.017750 -0.042557 0.83921569 0.82352941 0.85882353
v 0.707651 0.047898 -0.043366 0.92156863 0.90980392 0.93725490
v 0.695559 0.047928 -0.042632 0.92941176 0.92156863 0.93333333
v 0.674457 0.056972 -0.044303 0.92156863 0.91372549 0.93333333
v 0.701614 0.047905 -0.042861 0.92156863 0.90980392 0.92941176
v 0.698598 0.050921 -0.044597 0.93333333 0.92549020 0.93725490
v 0.695559 0.011754 -0.044384 0.84705882 0.83529412 0.85490196
v 0.680486 0.008740 -0.044912 0.83921569 0.81960784 0.85098039
v 0.713686 0.047892 -0.044264 0.94509804 0.94117647 0.95686275
v 0.689530 0.011754 -0.043832 0.83529412 0.81960784 0.84705882
v 0.692544 0.014769 -0.041598 0.83529412 0.81960784 0.84705882
v 0.689530 0.047928 -0.042122 0.90196078 0.88627451 0.91372549
v 0.701588 0.011754 -0.045006 0.84313725 0.83529412 0.85098039
v 0.704602 0.014769 -0.043249 0.85098039 0.83529412 0.86274510
v 0.692544 0.050943 -0.043766 0.91372549 0.89803922 0.92549020
v 0.686515 0.050943 -0.043221 0.86666667 0.85490196 0.88235294
v 0.689530 0.053957 -0.044747 0.87058824 0.85490196 0.89019608
v 0.683501 0.053958 -0.044333 0.87450980 0.85882353 0.89019608
v 0.698573 0.014769 -0.042403 0.84705882 0.83529412 0.85882353
v 0.701588 0.017783 -0.041213 0.85098039 0.83137255 0.86666667
v 0.707617 0.017783 -0.041615 0.87450980 0.85490196 0.89019608
v 0.677472 0.011754 -0.042759 0.88235294 0.86274510 0.89411765
v 0.933706 0.032856 -0.042864 0.67843137 0.52156863 0.48235294
v 0.927677 0.032856 -0.044137 0.67843137 0.50588235 0.47058824
v 0.885572 0.020702 -0.044907 0.63921569 0.44313725 0.39215686
v 0.906863 0.035470 -0.043758 0.74509804 0.52156863 0.47843137
v 0.891652 0.038449 -0.044016 0.78823529 0.56862745 0.52156863
v 0.740777 0.050943 -0.041660 0.93725490 0.92941176 0.94117647
v -0.815499 0.012866 -0.040910 0.69019608 0.49019608 0.43921569
v -0.808941 0.010946 -0.040910 0.69411765 0.50588235 0.45098039
v -0.871101 0.020235 -0.040910 0.58039216 0.42745098 0.39215686
v -0.799993 0.007836 -0.040910 0.69803922 0.51372549 0.45882353
v -0.745146 0.014832 -0.040910 0.83137255 0.81960784 0.83921569
v -0.797478 0.006903 -0.040910 0.70196078 0.52549020 0.47450980
v -0.791017 0.004754 -0.040910 0.71372549 0.54117647 0.49411765
v -0.873977 0.042375 -0.040910 0.81960784 0.58039216 0.52549020
v -0.781285 0.002768 -0.040910 0.72156863 0.55686275 0.50980392
v -0.869266 0.042515 -0.040910 0.81568627 0.57647059 0.52549020
v -0.861237 0.018940 -0.040910 0.61568627 0.44705882 0.40392157
v -0.828777 0.050260 -0.040910 0.85098039 0.63137255 0.56470588
v -0.818088 0.051629 -0.040910 0.86274510 0.64705882 0.59215686
v -0.857280 0.018471 -0.040910 0.63529412 0.47058824 0.42352941
v -0.816174 0.051946 -0.040910 0.87450980 0.65490196 0.60000000
v -0.850561 0.017558 -0.040910 0.63137255 0.49411765 0.44313725
v -0.807283 0.052881 -0.040910 0.87450980 0.65490196 0.59215686
v -0.843413 0.016663 -0.040910 0.67058824 0.50196078 0.44705882
v -0.802706 0.053356 -0.040910 0.87058824 0.65882353 0.58431373
v -0.796641 0.054298 -0.040910 0.86666667 0.65882353 0.57254902
v -0.860787 0.043503 -0.040910 0.80000000 0.55686275 0.50980392
v 0.778361 0.001289 -0.040910 0.79215686 0.65882353 0.62352941
v -0.789415 0.054589 -0.040910 0.87843137 0.63529412 0.59607843
v 0.752460 0.008145 -0.040910 0.86666667 0.85882353 0.89019608
v 0.769897 0.001496 -0.040910 0.80784314 0.70588235 0.68627451
v -0.858570 0.043879 -0.040910 0.80784314 0.56470588 0.51764706
v -0.784949 0.054664 -0.040910 0.85882353 0.59607843 0.53725490
v 0.745299 0.013095 -0.040910 0.89019608 0.88235294 0.90588235
v 0.765150 0.002435 -0.040910 0.82352941 0.74901961 0.74117647
v -0.780977 0.002736 -0.040910 0.72941176 0.57647059 0.53333333
v 0.869342 0.018772 -0.040910 0.64313725 0.46666667 0.40392157
v 0.760354 0.003990 -0.040910 0.84313725 0.80392157 0.81176471
v -0.848658 0.046025 -0.040910 0.81568627 0.56862745 0.51764706
v 0.858884 0.017935 -0.040910 0.68627451 0.50588235 0.45098039
v -0.777315 0.054630 -0.040910 0.74901961 0.66666667 0.66666667
v -0.845361 0.046875 -0.040910 0.82745098 0.59607843 0.54901961
v 0.858187 0.017825 -0.040910 0.69411765 0.56862745 0.54509804
v -0.838877 0.048301 -0.040910 0.81568627 0.60000000 0.54509804
v -0.772684 0.054431 -0.040910 0.92156863 0.91764706 0.93725490
v 0.871374 0.040634 -0.040910 0.82352941 0.60392157 0.55294118
v -0.830140 0.050038 -0.040910 0.83921569 0.62745098 0.56470588
v -0.765593 0.054297 -0.040910 0.92549020 0.92156863 0.94509804
v 0.806347 0.009468 -0.040910 0.77647059 0.58431373 0.52941176
v 0.869720 0.040576 -0.040910 0.86666667 0.64313725 0.59215686
v -0.839644 0.016417 -0.040910 0.69019608 0.50196078 0.44705882
v -0.760573 0.054382 -0.040910 0.92941176 0.92156863 0.94117647
v 0.799535 0.007160 -0.040910 0.78039216 0.59215686 0.54117647
v -0.830259 0.015567 -0.040910 0.69019608 0.49803922 0.43921569
v 0.858793 0.041575 -0.040910 0.86666667 0.64705882 0.59607843
v -0.828644 0.015359 -0.040910 0.69019608 0.49411765 0.43921569
v 0.815675 0.012178 -0.040910 0.77647059 0.57647059 0.52156863
v 0.858214 0.041627 -0.040910 0.87058824 0.65098039 0.60392157
v -0.818380 0.013565 -0.040910 0.69019608 0.49019608 0.43921569
v -0.769905 0.003445 -0.040910 0.73333333 0.57254902 0.52549020
v 0.836588 0.015298 -0.040910 0.75294118 0.55686275 0.49411765
v -0.767743 0.003911 -0.040910 0.76078431 0.63921569 0.61176471
v 0.848678 0.043623 -0.040910 0.85882353 0.64313725 0.60000000
v 0.842753 0.045133 -0.040910 0.85490196 0.63921569 0.59215686
v 0.838890 0.046006 -0.040910 0.85098039 0.65098039 0.60000000
v -0.760643 0.006242 -0.040910 0.82352941 0.77647059 0.78039216
v -0.752950 0.010594 -0.040910 0.81960784 0.80000000 0.82352941
v 0.828869 0.048140 -0.040910 0.90980392 0.68235294 0.62745098
v 0.831428 0.014811 -0.040910 0.75686275 0.55294118 0.49411765
v 0.827577 0.048331 -0.040910 0.90588235 0.67843137 0.62352941
v 0.847356 0.016548 -0.040910 0.72549020 0.55686275 0.50588235
v 0.845008 0.016177 -0.040910 0.73725490 0.55686275 0.49803922
v 0.774913 0.052975 -0.040910 0.90980392 0.88627451 0.88627451
v 0.825796 0.014100 -0.040910 0.76470588 0.56470588 0.50588235
v 0.773319 0.052958 -0.040910 0.89019608 0.87058824 0.87450980
v 0.816927 0.012467 -0.040910 0.77254902 0.57254902 0.51764706
v 0.751017 0.052764 -0.040910 0.94509804 0.93725490 0.94509804
v 0.748243 0.052379 -0.040910 0.94901961 0.94509804 0.94901961
v 0.763203 0.052647 -0.040910 0.89411765 0.88235294 0.89019608
v 0.788319 0.003400 -0.040910 0.78431373 0.61176471 0.56470588
v 0.760869 0.052767 -0.040910 0.89411765 0.88627451 0.89019608
v 0.782315 0.001927 -0.040910 0.78823529 0.63921569 0.60000000
v 0.797381 0.006393 -0.040910 0.78039216 0.60000000 0.54901961
v 0.786938 0.052970 -0.040910 0.77647059 0.65882353 0.64313725
v 0.785400 0.052946 -0.040910 0.81960784 0.72941176 0.71764706
v 0.796808 0.052343 -0.040910 0.89019608 0.69803922 0.64313725
v 0.818012 0.049369 -0.040910 0.91372549 0.70980392 0.66666667
v 0.799972 0.051974 -0.040910 0.90588235 0.70588235 0.65098039
v 0.813430 0.050482 -0.040910 0.91764706 0.71764706 0.66666667
v 0.807977 0.051438 -0.040910 0.92156863 0.71764706 0.65882353
v -0.817289 0.014656 -0.046560 0.69411765 0.50196078 0.44705882
v -0.799202 0.008627 -0.043226 0.70196078 0.51764706 0.46666667
v -0.829348 0.050830 -0.042941 0.85098039 0.62745098 0.56470588
v -0.787144 0.056859 -0.048541 0.88627451 0.63529412 0.56078431
v -0.775107 0.056841 -0.045678 0.93725490 0.92549020 0.94509804
v -0.763054 0.056837 -0.044930 0.90588235 0.90196078 0.92156863
v 0.858541 0.041323 -0.041018 0.86666667 0.64313725 0.59607843
v 0.840384 0.047564 -0.048243 0.90196078 0.68235294 0.63137255
v 0.804095 0.011724 -0.048276 0.78039216 0.59215686 0.54117647
v 0.774126 0.053761 -0.042509 0.91764706 0.89411765 0.90196078
v 0.786025 0.005695 -0.047599 0.78823529 0.63137255 0.59215686
v 0.749821 0.053957 -0.042846 0.93725490 0.92941176 0.93333333
v 0.761986 0.053862 -0.042783 0.89411765 0.88235294 0.89019608
v 0.786168 0.053737 -0.043165 0.80392157 0.69803922 0.69019608
v 0.798186 0.053738 -0.044892 0.90588235 0.71372549 0.66274510
v -0.936882 0.027703 -0.036647 0.62352941 0.45490196 0.42352941
v -0.936420 0.031292 -0.036647 0.72156863 0.49411765 0.45490196
v -0.932794 0.033695 -0.036647 0.80392157 0.55294118 0.49411765
v -0.723348 0.041295 -0.036647 0.94901961 0.93725490 0.95686275
v -0.901622 0.038814 -0.036647 0.80392157 0.55294118 0.50980392
v -0.934261 0.024294 -0.036647 0.60000000 0.41568627 0.38431373
v -0.896671 0.039718 -0.036647 0.79607843 0.54901961 0.49019608
v -0.718099 0.042075 -0.036647 0.90980392 0.89803922 0.92549020
v -0.930141 0.022386 -0.036647 0.65098039 0.44313725 0.40000000
v -0.926092 0.020964 -0.036647 0.63921569 0.45490196 0.41568627
v -0.894106 0.040305 -0.036647 0.80784314 0.56470588 0.50980392
v -0.677083 0.019060 -0.036647 0.82352941 0.80000000 0.82745098
v -0.925632 0.020865 -0.036647 0.63921569 0.45882353 0.41568627
v -0.717389 0.042208 -0.036647 0.89803922 0.88627451 0.91372549
v -0.891698 0.040781 -0.036647 0.81176471 0.56470588 0.50980392
v -0.920093 0.020375 -0.036647 0.60000000 0.44313725 0.42745098
v -0.716057 0.034005 -0.036647 0.90196078 0.89019608 0.92156863
v -0.713698 0.033840 -0.036647 0.86666667 0.85490196 0.88627451
v -0.887169 0.041241 -0.036647 0.82352941 0.58431373 0.53333333
v -0.713067 0.043039 -0.036647 0.86666667 0.85098039 0.87843137
v -0.709148 0.032361 -0.036647 0.85098039 0.83529412 0.87058824
v -0.919408 0.020310 -0.036647 0.60392157 0.44705882 0.43529412
v -0.708229 0.032205 -0.036647 0.85882353 0.83921569 0.87450980
v -0.930357 0.034227 -0.036647 0.82352941 0.56078431 0.50588235
v -0.704859 0.030622 -0.036647 0.86274510 0.84705882 0.87450980
v -0.895722 0.020740 -0.036647 0.58039216 0.42745098 0.40000000
v -0.927577 0.034508 -0.036647 0.83137255 0.56862745 0.51372549
v -0.895607 0.020745 -0.036647 0.58039216 0.42745098 0.40000000
v -0.709004 0.045039 -0.036647 0.88627451 0.87450980 0.89803922
v -0.923657 0.034899 -0.036647 0.81176471 0.55686275 0.50980392
v -0.922084 0.035043 -0.036647 0.81176471 0.55294118 0.50196078
v -0.916916 0.035904 -0.036647 0.80392157 0.52549020 0.45882353
v -0.889949 0.020996 -0.036647 0.55686275 0.40392157 0.37647059
v -0.889292 0.021031 -0.036647 0.55686275 0.40000000 0.37254902
v -0.708030 0.045537 -0.036647 0.88235294 0.87058824 0.89411765
v -0.704829 0.046892 -0.036647 0.86666667 0.85098039 0.88235294
v -0.884100 0.021175 -0.036647 0.54901961 0.39607843 0.35686275
v -0.700053 0.048145 -0.036647 0.86274510 0.84705882 0.87450980
v -0.883134 0.021160 -0.036647 0.54509804 0.39215686 0.35294118
v -0.698853 0.048685 -0.036647 0.85098039 0.83921569 0.86666667
v -0.695847 0.049969 -0.036647 0.85490196 0.83921569 0.86666667
v -0.878002 0.021106 -0.036647 0.53725490 0.39215686 0.35294118
v -0.691582 0.051733 -0.036647 0.87450980 0.85490196 0.88235294
v -0.916557 0.035970 -0.036647 0.80000000 0.53725490 0.47843137
v -0.688931 0.052578 -0.036647 0.88627451 0.87058824 0.89803922
v -0.686955 0.053134 -0.036647 0.89411765 0.87843137 0.90588235
v -0.681916 0.054124 -0.036647 0.90980392 0.89803922 0.92549020
v -0.681289 0.054192 -0.036647 0.90980392 0.89411765 0.92156863
v -0.913914 0.020525 -0.036647 0.61176471 0.45098039 0.43137255
v -0.877016 0.021249 -0.036647 0.53725490 0.39607843 0.35686275
v -0.676340 0.054577 -0.036647 0.90980392 0.89411765 0.92156863
v -0.913603 0.020534 -0.036647 0.61176471 0.44705882 0.42745098
v -0.907817 0.020593 -0.036647 0.58039216 0.41176471 0.38431373
v -0.872712 0.021846 -0.036647 0.54117647 0.39607843 0.36862745
v -0.674476 0.054975 -0.036647 0.91764706 0.90588235 0.93333333
v -0.702035 0.027416 -0.036647 0.85098039 0.83137255 0.86666667
v -0.671426 0.055693 -0.036647 0.92941176 0.91764706 0.93725490
v -0.698609 0.024813 -0.036647 0.85098039 0.83137255 0.85882353
v -0.911735 0.036753 -0.036647 0.79607843 0.53333333 0.48235294
v -0.907636 0.020596 -0.036647 0.60392157 0.43921569 0.41176471
v -0.694922 0.022471 -0.036647 0.83921569 0.82352941 0.84705882
v -0.886101 0.041264 -0.036647 0.83137255 0.58823529 0.53725490
v -0.691470 0.019894 -0.036647 0.83921569 0.81960784 0.83137255
v -0.901858 0.020523 -0.036647 0.60000000 0.43921569 0.41176471
v -0.901537 0.020526 -0.036647 0.59607843 0.43529412 0.40784314
v -0.909217 0.037280 -0.036647 0.80000000 0.54509804 0.50588235
v -0.881554 0.040827 -0.036647 0.83921569 0.60000000 0.53333333
v -0.906662 0.037708 -0.036647 0.80392157 0.54117647 0.51372549
v -0.901773 0.038783 -0.036647 0.80392157 0.55294118 0.51372549
v -0.689279 0.019285 -0.036647 0.83529412 0.81960784 0.83137255
v -0.879489 0.040681 -0.036647 0.84313725 0.60784314 0.54117647
v -0.686356 0.018979 -0.036647 0.83529412 0.81568627 0.83137255
v -0.683230 0.019264 -0.036647 0.83921569 0.81960784 0.84313725
v -0.756858 0.050689 -0.036647 0.93333333 0.92156863 0.94117647
v -0.751660 0.050140 -0.036647 0.94117647 0.93333333 0.94901961
v -0.679643 0.019618 -0.036647 0.83921569 0.81568627 0.84313725
v -0.750192 0.050052 -0.036647 0.94117647 0.93333333 0.94901961
v -0.746966 0.048805 -0.036647 0.93725490 0.93333333 0.94901961
v -0.744067 0.045675 -0.036647 0.94901961 0.94509804 0.95686275
v -0.739833 0.043880 -0.036647 0.94901961 0.94901961 0.95686275
v -0.739126 0.020875 -0.036647 0.85490196 0.84313725 0.86666667
v -0.738643 0.020941 -0.036647 0.85490196 0.84313725 0.86666667
v -0.734116 0.021900 -0.036647 0.85882353 0.84705882 0.87058824
v -0.729892 0.023709 -0.036647 0.86666667 0.85882353 0.88627451
v -0.736802 0.042691 -0.036647 0.94901961 0.94901961 0.95686275
v -0.735454 0.042229 -0.036647 0.94901961 0.94901961 0.95686275
v -0.730413 0.041242 -0.036647 0.94901961 0.94509804 0.96078431
v -0.729255 0.041174 -0.036647 0.94901961 0.94509804 0.96078431
v -0.724460 0.041165 -0.036647 0.94901961 0.94117647 0.96078431
v -0.729828 0.023733 -0.036647 0.87058824 0.85882353 0.88627451
v -0.726132 0.025980 -0.036647 0.88627451 0.87450980 0.90196078
v -0.723357 0.029246 -0.036647 0.90980392 0.89803922 0.92549020
v -0.720524 0.032442 -0.036647 0.92549020 0.91372549 0.94117647
v 0.740193 0.019935 -0.036647 0.93333333 0.92549020 0.94509804
v 0.736762 0.022534 -0.036647 0.93725490 0.92549020 0.95294118
v 0.703265 0.028164 -0.036647 0.86274510 0.84313725 0.87450980
v 0.699061 0.027314 -0.036647 0.85098039 0.83137255 0.85882353
v 0.680929 0.026384 -0.036647 0.89019608 0.87843137 0.90196078
v 0.733262 0.025057 -0.036647 0.92941176 0.92156863 0.94901961
v 0.729719 0.027479 -0.036647 0.93333333 0.92156863 0.95294118
v 0.727603 0.031503 -0.036647 0.92156863 0.90980392 0.94117647
v 0.680108 0.026448 -0.036647 0.88627451 0.87058824 0.89411765
v 0.675239 0.026044 -0.036647 0.85490196 0.84313725 0.86666667
v 0.693332 0.026039 -0.036647 0.85490196 0.83529412 0.86666667
v 0.691232 0.025515 -0.036647 0.86666667 0.85490196 0.87843137
v 0.688236 0.025106 -0.036647 0.89411765 0.87450980 0.90196078
v 0.685469 0.025781 -0.036647 0.90980392 0.89803922 0.92156863
v 0.698185 0.027215 -0.036647 0.84313725 0.82352941 0.85490196
v 0.684595 0.034776 -0.036647 0.89803922 0.88235294 0.90980392
v 0.682499 0.034869 -0.036647 0.87058824 0.85490196 0.88235294
v 0.690283 0.035117 -0.036647 0.92156863 0.90196078 0.93333333
v 0.688218 0.034559 -0.036647 0.91764706 0.90196078 0.92941176
v 0.695405 0.036024 -0.036647 0.88235294 0.86666667 0.89411765
v 0.678499 0.036898 -0.036647 0.86666667 0.85490196 0.87843137
v 0.706677 0.030781 -0.036647 0.87058824 0.85882353 0.88627451
v 0.674661 0.039089 -0.036647 0.90980392 0.89803922 0.92156863
v 0.673962 0.039380 -0.036647 0.91372549 0.90196078 0.92549020
v 0.669974 0.040429 -0.036647 0.90980392 0.90588235 0.92549020
v 0.705417 0.033671 -0.036647 0.87058824 0.86274510 0.88235294
v 0.728098 0.033483 -0.036647 0.92156863 0.90980392 0.94117647
v 0.730220 0.037387 -0.036647 0.93725490 0.92941176 0.95686275
v 0.732799 0.040836 -0.036647 0.94117647 0.93333333 0.96078431
v 0.735687 0.043977 -0.036647 0.93333333 0.92941176 0.94901961
v 0.702145 0.035313 -0.036647 0.87450980 0.86274510 0.88627451
v 0.701049 0.035332 -0.036647 0.86666667 0.85490196 0.87843137
v 0.695719 0.036031 -0.036647 0.87843137 0.86274510 0.89019608
v 0.922930 0.019516 -0.036647 0.56470588 0.40784314 0.37254902
v 0.920084 0.019234 -0.036647 0.54509804 0.39607843 0.36470588
v 0.927537 0.020938 -0.036647 0.60392157 0.41960784 0.38431373
v 0.917310 0.019103 -0.036647 0.58039216 0.40000000 0.36470588
v 0.913884 0.019046 -0.036647 0.54117647 0.38431373 0.34117647
v 0.911171 0.019196 -0.036647 0.59607843 0.39607843 0.36078431
v 0.908052 0.019162 -0.036647 0.60000000 0.39607843 0.35686275
v 0.931529 0.022975 -0.036647 0.67450980 0.47843137 0.43921569
v 0.927977 0.021098 -0.036647 0.60392157 0.42352941 0.38823529
v 0.934494 0.026039 -0.036647 0.72156863 0.51764706 0.47843137
v 0.935003 0.028124 -0.036647 0.79215686 0.59215686 0.53725490
v 0.932720 0.031869 -0.036647 0.71372549 0.59215686 0.54509804
v 0.927382 0.033151 -0.036647 0.67843137 0.52156863 0.48627451
v 0.922582 0.033712 -0.036647 0.67058824 0.50980392 0.47058824
v 0.927919 0.033092 -0.036647 0.66274510 0.52156863 0.49411765
v 0.905318 0.019038 -0.036647 0.59607843 0.39215686 0.35294118
v 0.901914 0.018977 -0.036647 0.55294118 0.35686275 0.31764706
v 0.899315 0.019016 -0.036647 0.58431373 0.37647059 0.34509804
v 0.895980 0.019011 -0.036647 0.58039216 0.38039216 0.34509804
v 0.893183 0.019119 -0.036647 0.59607843 0.40000000 0.35294118
v 0.890110 0.019257 -0.036647 0.59607843 0.40784314 0.35294118
v 0.886870 0.019403 -0.036647 0.60392157 0.41176471 0.36078431
v 0.884321 0.019565 -0.036647 0.60392157 0.41568627 0.36078431
v 0.880589 0.019655 -0.036647 0.60784314 0.41960784 0.36470588
v 0.878409 0.019633 -0.036647 0.58431373 0.39215686 0.33725490
v 0.873966 0.020249 -0.036647 0.59607843 0.41568627 0.35686275
v 0.873200 0.020426 -0.036647 0.56470588 0.40392157 0.34117647
v 0.885028 0.039124 -0.036647 0.82352941 0.60392157 0.55686275
v 0.879722 0.038837 -0.036647 0.82745098 0.60784314 0.55686275
v 0.913559 0.034923 -0.036647 0.72941176 0.52941176 0.50196078
v 0.912118 0.035083 -0.036647 0.72941176 0.53725490 0.50588235
v 0.906825 0.035725 -0.036647 0.73333333 0.52941176 0.47058824
v 0.906715 0.035742 -0.036647 0.75294118 0.53333333 0.48627451
v 0.901499 0.036477 -0.036647 0.77647059 0.53333333 0.49411765
v 0.920558 0.033947 -0.036647 0.69803922 0.52156863 0.48235294
v 0.917314 0.034299 -0.036647 0.71764706 0.54117647 0.50588235
v 0.899549 0.036806 -0.036647 0.78431373 0.54117647 0.50196078
v 0.896467 0.037466 -0.036647 0.79215686 0.57254902 0.52549020
v 0.891973 0.038251 -0.036647 0.79215686 0.59607843 0.54117647
v 0.891366 0.038372 -0.036647 0.79607843 0.59607843 0.54509804
v 0.886157 0.039147 -0.036647 0.83529412 0.60392157 0.54901961
v -0.886624 0.041786 -0.038089 0.80392157 0.54509804 0.49803922
v -0.895667 0.020685 -0.036809 0.59215686 0.43137255 0.40000000
v -0.708767 0.026714 -0.038948 0.83529412 0.82352941 0.85490196
v -0.889638 0.020685 -0.037714 0.57647059 0.41568627 0.38431373
v -0.705752 0.023699 -0.039565 0.83137255 0.81568627 0.84313725
v -0.937871 0.026714 -0.039204 0.65882353 0.49019608 0.46274510
v -0.702738 0.020685 -0.040776 0.82352941 0.80392157 0.83137255
v -0.883609 0.020685 -0.038809 0.56470588 0.41176471 0.37647059
v -0.934856 0.023699 -0.038146 0.66274510 0.47058824 0.43529412
v -0.937871 0.032743 -0.039632 0.76470588 0.54117647 0.48627451
v -0.925812 0.020685 -0.036931 0.62745098 0.43921569 0.40784314
v -0.729891 0.047795 -0.039816 0.93725490 0.93333333 0.94901961
v -0.877580 0.020685 -0.038129 0.50980392 0.38431373 0.35294118
v -0.871551 0.020685 -0.038473 0.52941176 0.39215686 0.36470588
v -0.726874 0.044783 -0.038711 0.94509804 0.94117647 0.95686275
v -0.880595 0.041787 -0.038639 0.81960784 0.57254902 0.51764706
v -0.690679 0.056859 -0.040668 0.91764706 0.90196078 0.93333333
v -0.687665 0.053845 -0.037356 0.90196078 0.88627451 0.91372549
v -0.756999 0.050830 -0.036774 0.93333333 0.92156863 0.94117647
v -0.684650 0.056859 -0.039670 0.92941176 0.91372549 0.94509804
v -0.723864 0.047793 -0.039936 0.94509804 0.93725490 0.96078431
v -0.754001 0.053830 -0.040716 0.93725490 0.93333333 0.94901961
v -0.678621 0.056859 -0.038989 0.93725490 0.92156863 0.94509804
v -0.750970 0.050830 -0.037446 0.94117647 0.93333333 0.94901961
v -0.723839 0.041786 -0.036994 0.94901961 0.94117647 0.96078431
v -0.672592 0.056859 -0.037991 0.93333333 0.92156863 0.94117647
v -0.720844 0.044784 -0.038453 0.93725490 0.92549020 0.95294118
v -0.669629 0.059830 -0.040688 0.92941176 0.92156863 0.94117647
v -0.744941 0.050830 -0.039509 0.94117647 0.93725490 0.94901961
v -0.717835 0.047793 -0.039708 0.89803922 0.89019608 0.91372549
v -0.741926 0.047816 -0.038225 0.94117647 0.94117647 0.95294118
v -0.714814 0.044784 -0.037710 0.86666667 0.85882353 0.88235294
v -0.711804 0.047795 -0.038983 0.88235294 0.87058824 0.89803922
v -0.738912 0.044801 -0.037153 0.94901961 0.94509804 0.95686275
v -0.708793 0.050807 -0.040361 0.89411765 0.88235294 0.90980392
v -0.735897 0.047816 -0.038975 0.94509804 0.94117647 0.95294118
v -0.714796 0.032743 -0.037095 0.88627451 0.87058824 0.90196078
v -0.738917 0.020666 -0.036856 0.85490196 0.83921569 0.86666667
v -0.741934 0.017645 -0.038725 0.84313725 0.83137255 0.85882353
v -0.735903 0.017650 -0.040101 0.83529412 0.81568627 0.84313725
v -0.732887 0.020671 -0.037668 0.84705882 0.83529412 0.85882353
v -0.711781 0.029728 -0.038035 0.85098039 0.83921569 0.87058824
v -0.729872 0.017657 -0.040464 0.83137255 0.81176471 0.83921569
v -0.729871 0.023689 -0.036656 0.87058824 0.85882353 0.88627451
v -0.705752 0.029728 -0.037250 0.85882353 0.84313725 0.87450980
v -0.705752 0.047816 -0.037520 0.87450980 0.86274510 0.89019608
v -0.726857 0.020674 -0.039163 0.84313725 0.83137255 0.85882353
v -0.732883 0.044801 -0.037792 0.94509804 0.94509804 0.95686275
v -0.729868 0.041786 -0.036970 0.94901961 0.94509804 0.96078431
v -0.723842 0.023691 -0.038314 0.86274510 0.85098039 0.87450980
v -0.720825 0.026714 -0.038360 0.88627451 0.87450980 0.90196078
v -0.717810 0.023699 -0.040749 0.86274510 0.84705882 0.87450980
v -0.702756 0.050814 -0.039351 0.87058824 0.85490196 0.88627451
v -0.717810 0.029728 -0.038237 0.90980392 0.89411765 0.92156863
v -0.699740 0.053830 -0.040635 0.85882353 0.84705882 0.87450980
v -0.696709 0.050830 -0.037306 0.85882353 0.84313725 0.87058824
v -0.693694 0.053845 -0.038594 0.87450980 0.86274510 0.88627451
v -0.714796 0.026714 -0.039711 0.87843137 0.86274510 0.89019608
v -0.702737 0.026714 -0.037091 0.85098039 0.83137255 0.86274510
v -0.699723 0.023699 -0.037570 0.84705882 0.82745098 0.85490196
v -0.696709 0.020685 -0.038220 0.83137255 0.81568627 0.83921569
v -0.693694 0.017670 -0.038578 0.81568627 0.80000000 0.81176471
v -0.690679 0.014656 -0.039543 0.79215686 0.77254902 0.78431373
v -0.687665 0.017670 -0.037541 0.82745098 0.80784314 0.82352941
v -0.684650 0.014656 -0.040213 0.81176471 0.78823529 0.80784314
v -0.681636 0.017670 -0.037886 0.82745098 0.80392157 0.82745098
v -0.678639 0.014590 -0.040150 0.80784314 0.78431373 0.80784314
v 0.710657 0.020773 -0.040242 0.89803922 0.88235294 0.91372549
v 0.704602 0.020798 -0.039837 0.84705882 0.83137255 0.86666667
v 0.707617 0.023812 -0.038552 0.87058824 0.85490196 0.88627451
v 0.695559 0.017783 -0.040024 0.83137255 0.81568627 0.84313725
v 0.698573 0.020798 -0.039030 0.84313725 0.82745098 0.85882353
v 0.689530 0.017783 -0.039625 0.83921569 0.82352941 0.85098039
v 0.692544 0.020798 -0.038228 0.83529412 0.81568627 0.84705882
v 0.695559 0.023812 -0.037380 0.83137255 0.81176471 0.84705882
v 0.701588 0.023812 -0.038123 0.85490196 0.83529412 0.87058824
v 0.704602 0.026827 -0.037246 0.85882353 0.84313725 0.87450980
v 0.698573 0.026827 -0.036814 0.84705882 0.82745098 0.85882353
v 0.677472 0.017783 -0.039790 0.89803922 0.88235294 0.91372549
v 0.683501 0.017783 -0.039600 0.88627451 0.87058824 0.89803922
v 0.686515 0.020798 -0.038244 0.88235294 0.87058824 0.89411765
v 0.683501 0.035870 -0.036904 0.87843137 0.86274510 0.89019608
v 0.680486 0.020798 -0.038463 0.89803922 0.88235294 0.91372549
v 0.680486 0.038885 -0.037361 0.86666667 0.85490196 0.88235294
v 0.683501 0.023812 -0.037333 0.90588235 0.89411765 0.91764706
v 0.677472 0.041899 -0.037927 0.90588235 0.89411765 0.92156863
v 0.686515 0.038885 -0.038220 0.90196078 0.88627451 0.91764706
v 0.683501 0.041899 -0.038723 0.87058824 0.85882353 0.88627451
v 0.674457 0.020798 -0.038598 0.87450980 0.85882353 0.89411765
v 0.737858 0.017690 -0.040056 0.91372549 0.90196078 0.92941176
v 0.677472 0.023811 -0.037526 0.87843137 0.86666667 0.89019608
v 0.689530 0.041899 -0.039168 0.92549020 0.90588235 0.94117647
v 0.734845 0.020703 -0.038657 0.92549020 0.91764706 0.94509804
v 0.689530 0.023812 -0.036974 0.87450980 0.85882353 0.88627451
v 0.686515 0.044914 -0.040323 0.88235294 0.87058824 0.89803922
v 0.728797 0.020721 -0.040035 0.90980392 0.89803922 0.92941176
v 0.680486 0.044914 -0.039524 0.88235294 0.87450980 0.89803922
v 0.731856 0.023694 -0.037686 0.92549020 0.91764706 0.94117647
v 0.671443 0.041898 -0.037169 0.91372549 0.90980392 0.92941176
v 0.689530 0.035870 -0.037078 0.92156863 0.90588235 0.93725490
v 0.674457 0.044914 -0.038631 0.91764706 0.90980392 0.93333333
v 0.722754 0.020735 -0.040842 0.86666667 0.85098039 0.88627451
v 0.692544 0.038885 -0.037862 0.92156863 0.90588235 0.93333333
v 0.668428 0.044912 -0.037820 0.89803922 0.89019608 0.91372549
v 0.716693 0.020766 -0.040697 0.88235294 0.86666667 0.89803922
v 0.713675 0.023784 -0.038976 0.91372549 0.89803922 0.92941176
v 0.719717 0.023771 -0.039321 0.87843137 0.86274510 0.89803922
v 0.671442 0.047928 -0.039429 0.90980392 0.90196078 0.92549020
v 0.716695 0.026794 -0.038083 0.91764706 0.90588235 0.93333333
v 0.710658 0.026802 -0.037533 0.90588235 0.89411765 0.92156863
v 0.677472 0.047928 -0.040454 0.90588235 0.89803922 0.92156863
v 0.713669 0.029820 -0.037298 0.92156863 0.90588235 0.93725490
v 0.722749 0.026770 -0.038229 0.88235294 0.87058824 0.90588235
v 0.719718 0.029800 -0.037701 0.91764706 0.90588235 0.93725490
v 0.725813 0.029738 -0.037195 0.90588235 0.89803922 0.92941176
v 0.722745 0.032804 -0.037583 0.90588235 0.89411765 0.92549020
v 0.725791 0.023729 -0.039275 0.90980392 0.89803922 0.93333333
v 0.716684 0.032833 -0.037777 0.92549020 0.91764706 0.94509804
v 0.728864 0.026688 -0.037220 0.93333333 0.92156863 0.95294118
v 0.719712 0.035836 -0.038356 0.93333333 0.92156863 0.94901961
v 0.665414 0.047927 -0.038557 0.89803922 0.89019608 0.91372549
v 0.707617 0.029841 -0.036925 0.87843137 0.86274510 0.89019608
v 0.710654 0.032835 -0.037209 0.90588235 0.89411765 0.91764706
v 0.707617 0.035870 -0.037702 0.87843137 0.87058824 0.89411765
v 0.713670 0.035848 -0.038140 0.92156863 0.91372549 0.93333333
v 0.668428 0.050943 -0.040408 0.90980392 0.89803922 0.92549020
v 0.716690 0.038858 -0.039371 0.92941176 0.92156863 0.94117647
v 0.710631 0.038885 -0.038831 0.90980392 0.90196078 0.92156863
v 0.713670 0.041877 -0.040503 0.92941176 0.92549020 0.94117647
v 0.725763 0.035815 -0.037785 0.90588235 0.89803922 0.92549020
v 0.728770 0.038837 -0.037962 0.92941176 0.92156863 0.94901961
v 0.722731 0.038847 -0.039205 0.92549020 0.91764706 0.94509804
v 0.725744 0.041862 -0.040005 0.93333333 0.92549020 0.94901961
v 0.731773 0.041863 -0.037658 0.94117647 0.93725490 0.96078431
v 0.734778 0.044887 -0.037803 0.94117647 0.93333333 0.95686275
v 0.728754 0.044882 -0.040833 0.94509804 0.93725490 0.95686275
v 0.692544 0.044914 -0.040636 0.93333333 0.92156863 0.94509804
v 0.719731 0.041848 -0.040432 0.93725490 0.93333333 0.94901961
v 0.701588 0.035870 -0.036864 0.87058824 0.85882353 0.88235294
v 0.704602 0.038885 -0.038084 0.89019608 0.87843137 0.90588235
v 0.698573 0.038885 -0.037803 0.87450980 0.86274510 0.88627451
v 0.701588 0.041899 -0.039271 0.89019608 0.87450980 0.90196078
v 0.707617 0.041899 -0.039717 0.89803922 0.88627451 0.91764706
v 0.704628 0.044891 -0.040909 0.90588235 0.89019608 0.92156863
v 0.695559 0.041899 -0.039103 0.90980392 0.89803922 0.92549020
v 0.698573 0.044914 -0.040910 0.90588235 0.89803922 0.91764706
v 0.927677 0.020798 -0.036875 0.60784314 0.42352941 0.38823529
v 0.933706 0.032856 -0.038628 0.63529412 0.52549020 0.49019608
v 0.891609 0.038616 -0.037356 0.79607843 0.59607843 0.53725490
v -0.899208 0.036283 -0.032384 0.78431373 0.52941176 0.47843137
v -0.897970 0.036469 -0.032384 0.77647059 0.53333333 0.47450980
v -0.894073 0.037178 -0.032384 0.79607843 0.56470588 0.49411765
v -0.890724 0.037686 -0.032384 0.82352941 0.58823529 0.52156863
v -0.925731 0.026795 -0.032384 0.65490196 0.46666667 0.43137255
v -0.923821 0.030752 -0.032384 0.74901961 0.52156863 0.48235294
v -0.921001 0.031525 -0.032384 0.76862745 0.53333333 0.49019608
v -0.898553 0.023570 -0.032384 0.59607843 0.41568627 0.37647059
v -0.921149 0.025348 -0.032384 0.67058824 0.47450980 0.42352941
v -0.892745 0.023792 -0.032384 0.58431373 0.40392157 0.36862745
v -0.917788 0.024719 -0.032384 0.65490196 0.45490196 0.41176471
v -0.892560 0.023792 -0.032384 0.58823529 0.40784314 0.36862745
v -0.918679 0.031639 -0.032384 0.75686275 0.52549020 0.47450980
v -0.886937 0.024013 -0.032384 0.58823529 0.40392157 0.36862745
v -0.915837 0.024631 -0.032384 0.63921569 0.43921569 0.40000000
v -0.888608 0.037741 -0.032384 0.83529412 0.59607843 0.53725490
v -0.911632 0.024592 -0.032384 0.63921569 0.43529412 0.39215686
v -0.886300 0.024023 -0.032384 0.58823529 0.40392157 0.36862745
v -0.914000 0.032497 -0.032384 0.74901961 0.51764706 0.45490196
v -0.880777 0.023882 -0.032384 0.58431373 0.39215686 0.34509804
v -0.880435 0.023859 -0.032384 0.58431373 0.39215686 0.34509804
v -0.874890 0.024024 -0.032384 0.58431373 0.41176471 0.36470588
v -0.913546 0.032534 -0.032384 0.75294118 0.51764706 0.45882353
v -0.884369 0.038012 -0.032384 0.81960784 0.58823529 0.52156863
v -0.882782 0.037945 -0.032384 0.81568627 0.58823529 0.51764706
v -0.676707 0.034657 -0.032384 0.83921569 0.81960784 0.84313725
v -0.878420 0.037932 -0.032384 0.82745098 0.60784314 0.53333333
v -0.908822 0.033839 -0.032384 0.78039216 0.51764706 0.47058824
v -0.876623 0.037815 -0.032384 0.83921569 0.61176471 0.54509804
v -0.677186 0.037337 -0.032384 0.83921569 0.82352941 0.84313725
v -0.909841 0.024598 -0.032384 0.63921569 0.43529412 0.38823529
v -0.677490 0.039903 -0.032384 0.83137255 0.81568627 0.84313725
v -0.678248 0.044427 -0.032384 0.82745098 0.81176471 0.83921569
v -0.905117 0.024106 -0.032384 0.61568627 0.42352941 0.37647059
v -0.749707 0.043538 -0.032384 0.94509804 0.93725490 0.95294118
v -0.904315 0.024095 -0.032384 0.61176471 0.42352941 0.38431373
v -0.747737 0.042005 -0.032384 0.95294118 0.94901961 0.96078431
v -0.898799 0.023582 -0.032384 0.59607843 0.41568627 0.37647059
v -0.744978 0.038809 -0.032384 0.96078431 0.95294118 0.96470588
v -0.906131 0.034337 -0.032384 0.79215686 0.52549020 0.48235294
v -0.742173 0.029476 -0.032384 0.91372549 0.91372549 0.93725490
v -0.742040 0.029830 -0.032384 0.91764706 0.92156863 0.94117647
v -0.744957 0.038756 -0.032384 0.96078431 0.95294118 0.96470588
v -0.742341 0.035343 -0.032384 0.94901961 0.94509804 0.95686275
v -0.903669 0.034715 -0.032384 0.80392157 0.53725490 0.49411765
v -0.744015 0.025778 -0.032384 0.89411765 0.88627451 0.90588235
v -0.678372 0.045050 -0.032384 0.83137255 0.81568627 0.84313725
v -0.676467 0.048676 -0.032384 0.83137255 0.81568627 0.84313725
v -0.672920 0.050502 -0.032384 0.86274510 0.84705882 0.87450980
v -0.672431 0.050669 -0.032384 0.87843137 0.86274510 0.88627451
v 0.743321 0.022891 -0.032384 0.94509804 0.94117647 0.95686275
v 0.740867 0.026620 -0.032384 0.94509804 0.93725490 0.95686275
v 0.740634 0.026976 -0.032384 0.94117647 0.93333333 0.95294118
v 0.912798 0.023614 -0.032384 0.62745098 0.41568627 0.37647059
v 0.912436 0.023610 -0.032384 0.63137255 0.42352941 0.38431373
v 0.923127 0.025348 -0.032384 0.67450980 0.44313725 0.39607843
v 0.918874 0.024050 -0.032384 0.63529412 0.40000000 0.34901961
v 0.918410 0.024035 -0.032384 0.63137255 0.40000000 0.34901961
v 0.923716 0.028889 -0.032384 0.72549020 0.49803922 0.43921569
v 0.919070 0.030212 -0.032384 0.75294118 0.51764706 0.47058824
v 0.901891 0.022469 -0.032384 0.60000000 0.38431373 0.34901961
v 0.899114 0.022231 -0.032384 0.57254902 0.36078431 0.33333333
v 0.890175 0.022129 -0.032384 0.59215686 0.40392157 0.34509804
v 0.887112 0.022241 -0.032384 0.59607843 0.40784314 0.34901961
v 0.896356 0.021976 -0.032384 0.57647059 0.37254902 0.34117647
v 0.892808 0.021909 -0.032384 0.59215686 0.39607843 0.34117647
v 0.877423 0.022810 -0.032384 0.61568627 0.43529412 0.37254902
v 0.875740 0.022951 -0.032384 0.61176471 0.43921569 0.36862745
v 0.883849 0.022412 -0.032384 0.61568627 0.41960784 0.36078431
v 0.881354 0.022517 -0.032384 0.62745098 0.42745098 0.37254902
v 0.887901 0.036298 -0.032384 0.80000000 0.57254902 0.52156863
v 0.883140 0.036212 -0.032384 0.81960784 0.58431373 0.53333333
v 0.881995 0.036185 -0.032384 0.81960784 0.58431373 0.52941176
v 0.877311 0.036523 -0.032384 0.81176471 0.57647059 0.52941176
v 0.907215 0.023170 -0.032384 0.63921569 0.42352941 0.38823529
v 0.905912 0.022959 -0.032384 0.63529412 0.41960784 0.38431373
v 0.917913 0.030557 -0.032384 0.76862745 0.53333333 0.49411765
v 0.913940 0.031066 -0.032384 0.78039216 0.56470588 0.54901961
v 0.910985 0.031461 -0.032384 0.77647059 0.58039216 0.54901961
v 0.908636 0.031840 -0.032384 0.76470588 0.56862745 0.51764706
v 0.903604 0.032815 -0.032384 0.76470588 0.55294118 0.49411765
v 0.898753 0.033958 -0.032384 0.76470588 0.54509804 0.50980392
v 0.903637 0.032811 -0.032384 0.75686275 0.54901961 0.49411765
v 0.895725 0.034591 -0.032384 0.76470588 0.54509804 0.51372549
v 0.893777 0.034846 -0.032384 0.77647059 0.55686275 0.51372549
v 0.889151 0.036184 -0.032384 0.79607843 0.56470588 0.50980392
v -0.901713 0.038724 -0.036460 0.81568627 0.56862745 0.52941176
v -0.934856 0.029728 -0.034935 0.62745098 0.42352941 0.39607843
v -0.931842 0.032743 -0.035188 0.73725490 0.50196078 0.45098039
v -0.720825 0.038772 -0.035651 0.93333333 0.92549020 0.94901961
v -0.931842 0.026714 -0.033804 0.57647059 0.39215686 0.37647059
v -0.717810 0.041786 -0.036489 0.90196078 0.89411765 0.92156863
v -0.895679 0.038738 -0.034513 0.80784314 0.56862745 0.50588235
v -0.928827 0.023699 -0.034638 0.63529412 0.43921569 0.40000000
v -0.928827 0.029728 -0.032705 0.67058824 0.46274510 0.43137255
v -0.925812 0.026714 -0.032410 0.65882353 0.47058824 0.43137255
v -0.684650 0.038772 -0.033797 0.87450980 0.86274510 0.88235294
v -0.889638 0.038772 -0.033324 0.83137255 0.59215686 0.53333333
v -0.717810 0.035757 -0.036096 0.91764706 0.90588235 0.93725490
v -0.922798 0.023699 -0.033463 0.65098039 0.45882353 0.40392157
v -0.919783 0.020685 -0.036034 0.62745098 0.47058824 0.44313725
v -0.681636 0.035757 -0.033815 0.86666667 0.85490196 0.87450980
v -0.714796 0.038772 -0.035882 0.87450980 0.86274510 0.89019608
v -0.681636 0.041787 -0.033357 0.86274510 0.84705882 0.87058824
v -0.892653 0.023699 -0.032461 0.59215686 0.41176471 0.36862745
v -0.711781 0.035757 -0.035952 0.85490196 0.84313725 0.87450980
v -0.678621 0.038772 -0.032856 0.84705882 0.83137255 0.85490196
v -0.711781 0.041787 -0.036021 0.85882353 0.84705882 0.87450980
v -0.925812 0.032743 -0.033775 0.79215686 0.53725490 0.49019608
v -0.678621 0.032743 -0.033286 0.85882353 0.84313725 0.86274510
v -0.919783 0.032743 -0.033065 0.78823529 0.53725490 0.48627451
v -0.708767 0.038772 -0.035339 0.87058824 0.85882353 0.88235294
v -0.916769 0.035757 -0.036233 0.80000000 0.55294118 0.49019608
v -0.678621 0.044801 -0.032496 0.83137255 0.81568627 0.84313725
v -0.708767 0.032743 -0.036456 0.85490196 0.83921569 0.87450980
v -0.886624 0.023699 -0.032686 0.58431373 0.40000000 0.36078431
v -0.916769 0.023699 -0.032936 0.63921569 0.44705882 0.40392157
v -0.705752 0.035757 -0.035254 0.86666667 0.85490196 0.87843137
v -0.702738 0.032743 -0.035220 0.85882353 0.84313725 0.87058824
v -0.708766 0.044801 -0.036460 0.87843137 0.86666667 0.89019608
v -0.705752 0.041787 -0.035123 0.87058824 0.85490196 0.88235294
v -0.684650 0.026714 -0.034351 0.87450980 0.85882353 0.87450980
v -0.702738 0.044801 -0.035271 0.85098039 0.83529412 0.86274510
v -0.702737 0.038772 -0.034533 0.85882353 0.84313725 0.87058824
v -0.681636 0.023699 -0.034906 0.86274510 0.84313725 0.86666667
v -0.681636 0.029728 -0.034169 0.87058824 0.85882353 0.87450980
v -0.699723 0.035758 -0.034147 0.85098039 0.83529412 0.86274510
v -0.678621 0.026714 -0.034156 0.85490196 0.83921569 0.86274510
v -0.699723 0.041786 -0.034490 0.84705882 0.83137255 0.85882353
v -0.678639 0.020622 -0.036017 0.83921569 0.81960784 0.84705882
v -0.880595 0.023699 -0.032552 0.58039216 0.38823529 0.34117647
v -0.913754 0.020685 -0.036360 0.61960784 0.46274510 0.43137255
v -0.696709 0.038772 -0.033819 0.85098039 0.83529412 0.86274510
v -0.910740 0.023699 -0.032912 0.63921569 0.43529412 0.39215686
v -0.874566 0.023699 -0.032967 0.57647059 0.40784314 0.36470588
v -0.907725 0.020685 -0.036460 0.60000000 0.44705882 0.41176471
v -0.699723 0.047816 -0.036392 0.84313725 0.83137255 0.85882353
v -0.675626 0.023634 -0.034248 0.82745098 0.80784314 0.83529412
v -0.883609 0.038772 -0.033025 0.83137255 0.60000000 0.52941176
v -0.696708 0.044801 -0.035003 0.85098039 0.83137255 0.85882353
v -0.913754 0.032743 -0.032491 0.76470588 0.52156863 0.46274510
v -0.693694 0.041787 -0.033935 0.86274510 0.84313725 0.87058824
v -0.675607 0.029728 -0.032690 0.83137255 0.81176471 0.83921569
v -0.910740 0.035757 -0.034581 0.80000000 0.54901961 0.49411765
v -0.877580 0.038772 -0.033279 0.84313725 0.61568627 0.54117647
v -0.693694 0.047816 -0.035302 0.85490196 0.83921569 0.86274510
v -0.904711 0.023699 -0.032631 0.61176471 0.42352941 0.38039216
v -0.690680 0.044801 -0.034090 0.87058824 0.85882353 0.87843137
v -0.753984 0.047816 -0.034510 0.93725490 0.93333333 0.94901961
v -0.901696 0.020685 -0.036263 0.58039216 0.42745098 0.40392157
v -0.750970 0.044801 -0.032748 0.94117647 0.93333333 0.94901961
v -0.747955 0.047816 -0.035521 0.93725490 0.92941176 0.94509804
v -0.690679 0.050830 -0.035959 0.87058824 0.85490196 0.87843137
v -0.744941 0.044801 -0.035543 0.94901961 0.94901961 0.95686275
v -0.687665 0.047816 -0.034304 0.86666667 0.85098039 0.87450980
v -0.744941 0.038772 -0.032395 0.96078431 0.95294118 0.96470588
v -0.741926 0.041787 -0.034912 0.96078431 0.95294118 0.96078431
v -0.741929 0.029719 -0.032435 0.91764706 0.91764706 0.93725490
v -0.741926 0.035757 -0.032564 0.95294118 0.94901961 0.96078431
v -0.904711 0.035757 -0.033435 0.80784314 0.53725490 0.49803922
v -0.738914 0.032735 -0.033061 0.94901961 0.94509804 0.95686275
v -0.684650 0.050830 -0.034893 0.87450980 0.85882353 0.88627451
v -0.681636 0.053845 -0.036378 0.90196078 0.89019608 0.91764706
v -0.741930 0.023687 -0.034066 0.87450980 0.86274510 0.88627451
v -0.738915 0.026703 -0.034015 0.89411765 0.89019608 0.91372549
v -0.699723 0.029728 -0.035379 0.85098039 0.83529412 0.86274510
v -0.696708 0.026714 -0.035321 0.84313725 0.82745098 0.85490196
v -0.693694 0.023699 -0.035697 0.83921569 0.82352941 0.84705882
v -0.681636 0.047816 -0.033445 0.85882353 0.84313725 0.87058824
v -0.690679 0.020685 -0.036072 0.83921569 0.81960784 0.83529412
v -0.696708 0.032743 -0.034306 0.85098039 0.83921569 0.85882353
v -0.693694 0.029728 -0.034164 0.85098039 0.83921569 0.85882353
v -0.678621 0.050830 -0.033941 0.86274510 0.84705882 0.87450980
v -0.735901 0.023686 -0.035409 0.87450980 0.86274510 0.88627451
v -0.693694 0.035757 -0.033838 0.85882353 0.84705882 0.86666667
v -0.675607 0.053845 -0.035872 0.90196078 0.89019608 0.91764706
v -0.735899 0.029722 -0.034152 0.92156863 0.91764706 0.93333333
v -0.672592 0.050830 -0.032551 0.87843137 0.86666667 0.89019608
v -0.669578 0.053845 -0.034343 0.91764706 0.90980392 0.92941176
v -0.732885 0.026706 -0.035458 0.89803922 0.89019608 0.91372549
v -0.690679 0.032743 -0.033817 0.86666667 0.85490196 0.87058824
v -0.690679 0.026714 -0.034259 0.85490196 0.83921569 0.85490196
v -0.738912 0.038772 -0.034168 0.95686275 0.94901961 0.96078431
v -0.735897 0.035757 -0.033770 0.94509804 0.94117647 0.95294118
v -0.735897 0.041786 -0.036044 0.94901961 0.94901961 0.96078431
v -0.732883 0.038772 -0.035124 0.94509804 0.94117647 0.95686275
v -0.732885 0.032736 -0.034286 0.93333333 0.92549020 0.94117647
v -0.729871 0.029721 -0.035240 0.91764706 0.90980392 0.92941176
v -0.729868 0.035757 -0.034648 0.94117647 0.93333333 0.94901961
v -0.687665 0.023699 -0.034559 0.85490196 0.83921569 0.85098039
v -0.726854 0.032743 -0.035159 0.92941176 0.92156863 0.94117647
v -0.687665 0.029728 -0.034204 0.86666667 0.85490196 0.87058824
v -0.684650 0.020685 -0.035688 0.84705882 0.82745098 0.84705882
v -0.726854 0.038772 -0.035531 0.94901961 0.94117647 0.96078431
v -0.690679 0.038772 -0.033822 0.86666667 0.85098039 0.87450980
v -0.687665 0.035757 -0.033886 0.87058824 0.85882353 0.87843137
v -0.723839 0.035757 -0.035273 0.92941176 0.92549020 0.94509804
v -0.687665 0.041786 -0.033741 0.87843137 0.85882353 0.88627451
v -0.684650 0.032743 -0.034349 0.87450980 0.85882353 0.87450980
v -0.726856 0.026705 -0.036272 0.89411765 0.88235294 0.90980392
v -0.723839 0.029728 -0.036361 0.91372549 0.90588235 0.92549020
v -0.720825 0.032743 -0.036459 0.92549020 0.91372549 0.94117647
v -0.684650 0.044801 -0.033842 0.87450980 0.85490196 0.88235294
v 0.701588 0.029841 -0.036022 0.86274510 0.84313725 0.87450980
v 0.680486 0.026827 -0.036531 0.88627451 0.87058824 0.89411765
v 0.674457 0.026825 -0.036285 0.84313725 0.83137255 0.85490196
v 0.740937 0.020642 -0.035634 0.93725490 0.92549020 0.94901961
v 0.677472 0.029841 -0.035831 0.84705882 0.83529412 0.85490196
v 0.737914 0.023666 -0.035508 0.94117647 0.93333333 0.95294118
v 0.692544 0.026827 -0.036436 0.86666667 0.85098039 0.87843137
v 0.734917 0.026665 -0.035435 0.93333333 0.92941176 0.95294118
v 0.737899 0.029711 -0.032986 0.94117647 0.93725490 0.95686275
v 0.686515 0.026827 -0.036332 0.90980392 0.89411765 0.91764706
v 0.689530 0.029841 -0.035919 0.90196078 0.89019608 0.91764706
v 0.695559 0.029841 -0.035808 0.85490196 0.83529412 0.86666667
v 0.731951 0.029635 -0.035409 0.93333333 0.92549020 0.94901961
v 0.734861 0.032749 -0.034012 0.93725490 0.93333333 0.95294118
v 0.698573 0.032856 -0.035938 0.85098039 0.83529412 0.86666667
v 0.692544 0.032856 -0.035769 0.89411765 0.88235294 0.90980392
v 0.728839 0.032743 -0.036294 0.92941176 0.91764706 0.94901961
v 0.695559 0.035870 -0.036589 0.87843137 0.86274510 0.89019608
v 0.731822 0.035787 -0.035416 0.94117647 0.93333333 0.96078431
v 0.683501 0.029841 -0.036072 0.90196078 0.88627451 0.90980392
v 0.686515 0.032856 -0.036222 0.91372549 0.89803922 0.92549020
v 0.680486 0.032856 -0.036240 0.85490196 0.83921569 0.87058824
v 0.704602 0.032856 -0.036301 0.87058824 0.85882353 0.88235294
v 0.734805 0.038832 -0.034955 0.94117647 0.93725490 0.95686275
v 0.737794 0.041870 -0.034627 0.92549020 0.91764706 0.94117647
v 0.674458 0.032854 -0.035296 0.85490196 0.84313725 0.86274510
v 0.671443 0.035869 -0.035561 0.90196078 0.89411765 0.91372549
v 0.677472 0.035870 -0.036291 0.86666667 0.85098039 0.87843137
v 0.674457 0.038885 -0.036561 0.90980392 0.89803922 0.92156863
v 0.921648 0.020798 -0.034780 0.57647059 0.39607843 0.35686275
v 0.924663 0.023812 -0.033042 0.65098039 0.43137255 0.39607843
v 0.915622 0.020790 -0.034148 0.54901961 0.36862745 0.32941176
v 0.909612 0.020768 -0.034374 0.56862745 0.37647059 0.34117647
v 0.918634 0.023810 -0.032478 0.63137255 0.40392157 0.34901961
v 0.930692 0.023812 -0.035214 0.69411765 0.48627451 0.45098039
v 0.933706 0.026827 -0.035582 0.76470588 0.55686275 0.51372549
v 0.927677 0.026827 -0.032950 0.72941176 0.50980392 0.47843137
v 0.930692 0.029841 -0.034336 0.77647059 0.59607843 0.55294118
v 0.924666 0.029838 -0.032726 0.73725490 0.51764706 0.45490196
v 0.927680 0.032853 -0.036212 0.70196078 0.54117647 0.50588235
v 0.921685 0.032820 -0.034869 0.72549020 0.53725490 0.48627451
v 0.903612 0.020744 -0.033906 0.58039216 0.38039216 0.33725490
v 0.897639 0.020693 -0.033685 0.54509804 0.34509804 0.32156863
v 0.891574 0.020729 -0.033721 0.57647059 0.40000000 0.34901961
v 0.885535 0.020738 -0.034104 0.57647059 0.40000000 0.34509804
v 0.879508 0.020737 -0.034423 0.60000000 0.41176471 0.35686275
v 0.873496 0.020720 -0.035839 0.56862745 0.40000000 0.33333333
v 0.885584 0.038561 -0.035345 0.81568627 0.60392157 0.55294118
v 0.879521 0.038660 -0.036200 0.82745098 0.60784314 0.55686275
v 0.915685 0.032788 -0.033757 0.78431373 0.58039216 0.54509804
v 0.909633 0.032814 -0.033184 0.75294118 0.57254902 0.53333333
v 0.900668 0.035735 -0.034913 0.78823529 0.55294118 0.51764706
v 0.906776 0.035681 -0.036511 0.75686275 0.55294118 0.49803922
v 0.894600 0.035678 -0.033239 0.77254902 0.54901961 0.50980392
v -0.866087 0.038202 -0.032384 0.80784314 0.57647059 0.50980392
v -0.749028 0.018729 -0.032384 0.86666667 0.85882353 0.86666667
v -0.813173 0.010539 -0.032384 0.68235294 0.47843137 0.42745098
v -0.810527 0.009360 -0.032384 0.68627451 0.48627451 0.43529412
v -0.802201 0.005628 -0.032384 0.69019608 0.50196078 0.45098039
v -0.793323 0.002747 -0.032384 0.69803922 0.51764706 0.46274510
v -0.793081 0.002690 -0.032384 0.70196078 0.52549020 0.47058824
v -0.868126 0.024110 -0.032384 0.57647059 0.42352941 0.38039216
v -0.782482 0.001231 -0.032384 0.70196078 0.52941176 0.47450980
v -0.862675 0.023859 -0.032384 0.58039216 0.41960784 0.38039216
v -0.865047 0.038286 -0.032384 0.81568627 0.58039216 0.52156863
v -0.824987 0.046469 -0.032384 0.83529412 0.63137255 0.57647059
v -0.856877 0.023296 -0.032384 0.72941176 0.54117647 0.48235294
v 0.779952 -0.000306 -0.032384 0.78431373 0.63137255 0.58823529
v -0.848949 0.022199 -0.032384 0.78039216 0.60392157 0.54901961
v 0.769487 0.000969 -0.032384 0.80000000 0.67450980 0.64313725
v 0.754008 0.009574 -0.032384 0.90588235 0.89803922 0.91372549
v 0.765124 0.002423 -0.032384 0.85098039 0.81176471 0.81960784
v 0.760968 0.004487 -0.032384 0.87843137 0.87058824 0.89803922
v -0.854079 0.039368 -0.032384 0.81176471 0.56862745 0.50980392
v 0.748290 0.015937 -0.032384 0.92549020 0.92941176 0.94509804
v -0.852559 0.039669 -0.032384 0.81568627 0.57647059 0.51372549
v -0.844059 0.041416 -0.032384 0.83529412 0.61176471 0.52549020
v 0.864544 0.023760 -0.032384 0.67058824 0.45882353 0.39215686
v 0.738972 0.030810 -0.032384 0.94117647 0.93725490 0.95294118
v -0.836843 0.043334 -0.032384 0.84705882 0.62352941 0.56078431
v 0.741100 0.038566 -0.032384 0.93333333 0.92941176 0.94901961
v -0.820491 0.047628 -0.032384 0.80784314 0.61176471 0.55686275
v 0.852775 0.023190 -0.032384 0.72156863 0.50980392 0.45490196
v -0.846262 0.021858 -0.032384 0.77647059 0.61176471 0.54901961
v 0.799763 0.004010 -0.032384 0.78431373 0.58431373 0.52549020
v -0.836066 0.019996 -0.032384 0.70980392 0.52156863 0.46666667
v -0.815207 0.048747 -0.032384 0.81176471 0.61176471 0.55686275
v -0.805999 0.050062 -0.032384 0.81176471 0.61960784 0.56078431
v -0.804634 0.050233 -0.032384 0.82745098 0.62745098 0.56862745
v 0.864384 0.023771 -0.032384 0.67450980 0.45882353 0.39607843
v -0.793221 0.050877 -0.032384 0.85490196 0.66274510 0.60784314
v -0.793126 0.050878 -0.032384 0.84313725 0.63921569 0.59607843
v 0.864120 0.035937 -0.032384 0.81568627 0.58823529 0.52941176
v -0.781625 0.050320 -0.032384 0.85490196 0.63921569 0.60392157
v 0.794662 0.002300 -0.032384 0.78431373 0.59215686 0.53725490
v 0.853577 0.036524 -0.032384 0.89019608 0.65490196 0.60000000
v 0.875731 0.036470 -0.032384 0.80392157 0.56470588 0.51764706
v -0.780559 0.050274 -0.032384 0.80392157 0.60000000 0.56470588
v 0.816156 0.011704 -0.032384 0.78039216 0.57254902 0.51372549
v -0.834173 0.019482 -0.032384 0.69411765 0.49411765 0.43529412
v 0.864809 0.035934 -0.032384 0.81568627 0.58431373 0.52156863
v 0.816152 0.011703 -0.032384 0.78039216 0.57647059 0.51764706
v -0.770618 0.049269 -0.032384 0.92156863 0.89411765 0.91372549
v 0.808046 0.007774 -0.032384 0.78431373 0.58039216 0.52156863
v 0.850753 0.037127 -0.032384 0.89803922 0.66666667 0.62745098
v 0.843846 0.038858 -0.032384 0.90980392 0.70588235 0.65882353
v -0.766870 0.048644 -0.032384 0.94117647 0.93725490 0.96078431
v -0.827140 0.016863 -0.032384 0.68627451 0.48235294 0.42352941
v -0.760602 0.047227 -0.032384 0.93333333 0.92549020 0.94509804
v 0.834453 0.041422 -0.032384 0.91764706 0.71764706 0.67058824
v 0.851888 0.023037 -0.032384 0.73333333 0.52941176 0.46666667
v -0.751303 0.044468 -0.032384 0.93725490 0.93333333 0.94509804
v -0.818879 0.013066 -0.032384 0.69019608 0.48235294 0.43137255
v 0.842818 0.021071 -0.032384 0.77647059 0.56078431 0.49411765
v 0.836207 0.019492 -0.032384 0.79215686 0.56470588 0.50980392
v -0.834469 0.043894 -0.032384 0.84313725 0.62745098 0.56862745
v 0.768261 0.047592 -0.032384 0.76078431 0.74901961 0.77254902
v 0.824354 0.015526 -0.032384 0.76078431 0.55294118 0.49019608
v -0.779816 0.001299 -0.032384 0.71764706 0.54509804 0.49019608
v 0.767854 0.047527 -0.032384 0.82352941 0.81568627 0.83529412
v 0.833153 0.018722 -0.032384 0.62745098 0.43137255 0.36470588
v -0.769713 0.003254 -0.032384 0.72549020 0.55294118 0.49411765
v 0.779352 0.048533 -0.032384 0.73725490 0.70196078 0.70196078
v 0.834291 0.041455 -0.032384 0.92156863 0.71764706 0.67058824
v -0.767699 0.003956 -0.032384 0.72156863 0.54117647 0.47058824
v 0.758213 0.045571 -0.032384 0.82745098 0.82745098 0.84313725
v -0.761459 0.007058 -0.032384 0.75294118 0.60392157 0.56862745
v 0.790525 0.001193 -0.032384 0.78431373 0.59607843 0.54117647
v 0.752170 0.044196 -0.032384 0.86274510 0.85882353 0.87450980
v -0.754743 0.012389 -0.032384 0.85882353 0.85490196 0.88235294
v 0.780233 -0.000304 -0.032384 0.78431373 0.61568627 0.56862745
v 0.748659 0.043063 -0.032384 0.90980392 0.90196078 0.92549020
v 0.824874 0.044149 -0.032384 0.85882353 0.67450980 0.63529412
v 0.790648 0.049260 -0.032384 0.80392157 0.66274510 0.62352941
v 0.817885 0.046013 -0.032384 0.83137255 0.64705882 0.59215686
v 0.781144 0.048638 -0.032384 0.72549020 0.67843137 0.67843137
v 0.815275 0.046676 -0.032384 0.83137255 0.64313725 0.59215686
v 0.793626 0.049135 -0.032384 0.85098039 0.65882353 0.58823529
v 0.803391 0.048524 -0.032384 0.87058824 0.67058824 0.62745098
v 0.804888 0.048387 -0.032384 0.87450980 0.66666667 0.61960784
v -0.781115 0.002598 -0.040373 0.71764706 0.55294118 0.50588235
v -0.865524 0.038765 -0.032767 0.82745098 0.58823529 0.52941176
v -0.817289 0.050830 -0.038230 0.85882353 0.64705882 0.59215686
v -0.859493 0.020685 -0.035554 0.65490196 0.47058824 0.41176471
v -0.847435 0.020685 -0.033790 0.54509804 0.39215686 0.34117647
v -0.805231 0.050830 -0.034328 0.84313725 0.63529412 0.57254902
v -0.847437 0.044795 -0.037592 0.82352941 0.60392157 0.55294118
v -0.781115 0.050830 -0.033357 0.81176471 0.59607843 0.56470588
v 0.864470 0.023685 -0.032425 0.65490196 0.47058824 0.39215686
v -0.835377 0.044801 -0.033698 0.83921569 0.62352941 0.56862745
v -0.769057 0.050830 -0.035114 0.93333333 0.92941176 0.95294118
v 0.858538 0.041331 -0.039812 0.89803922 0.68235294 0.63921569
v 0.846456 0.041399 -0.035747 0.90588235 0.69803922 0.65490196
v 0.834356 0.041520 -0.032468 0.91764706 0.70980392 0.66274510
v 0.798070 0.005699 -0.038684 0.78039216 0.59215686 0.53725490
v 0.816160 0.011688 -0.035478 0.77254902 0.57254902 0.51372549
v 0.828318 0.047587 -0.039299 0.88627451 0.66274510 0.60392157
v 0.834279 0.017611 -0.034485 0.73725490 0.53333333 0.47058824
v 0.846362 0.017530 -0.037976 0.72941176 0.54901961 0.47843137
v 0.768090 0.047763 -0.032679 0.71372549 0.70196078 0.72549020
v 0.755909 0.047874 -0.035019 0.87450980 0.86274510 0.87843137
v 0.743792 0.047928 -0.037225 0.93725490 0.92941176 0.94509804
v 0.816254 0.047649 -0.034986 0.87843137 0.67843137 0.62745098
v -0.922798 0.029728 -0.031908 0.72941176 0.51764706 0.47843137
v -0.919783 0.026714 -0.031739 0.67450980 0.48235294 0.43921569
v -0.916769 0.029728 -0.031620 0.69803922 0.49019608 0.43921569
v -0.913754 0.026714 -0.031538 0.65490196 0.44705882 0.41176471
v -0.910740 0.029728 -0.031431 0.69411765 0.47450980 0.43921569
v -0.907725 0.032743 -0.031602 0.75294118 0.50588235 0.46274510
v -0.675607 0.035757 -0.031794 0.82352941 0.80784314 0.82745098
v -0.907725 0.026714 -0.031363 0.65490196 0.44313725 0.40392157
v -0.675607 0.041787 -0.031519 0.81568627 0.79607843 0.82745098
v -0.672592 0.038772 -0.030364 0.81568627 0.80000000 0.82745098
v -0.904711 0.029728 -0.030876 0.70196078 0.47450980 0.45098039
v -0.901696 0.026714 -0.030957 0.63921569 0.43137255 0.40392157
v -0.898682 0.023699 -0.032280 0.59215686 0.41568627 0.37647059
v -0.901696 0.032743 -0.030922 0.76078431 0.52156863 0.48235294
v -0.898682 0.029728 -0.030035 0.65490196 0.44313725 0.41960784
v -0.898682 0.035757 -0.031897 0.77254902 0.53725490 0.48235294
v -0.895667 0.032743 -0.030392 0.70196078 0.48235294 0.43529412
v -0.892653 0.035758 -0.031158 0.78039216 0.55294118 0.48627451
v -0.895667 0.026714 -0.030588 0.60784314 0.41176471 0.37647059
v -0.892653 0.029728 -0.029935 0.67450980 0.46666667 0.42352941
v -0.889638 0.026714 -0.030560 0.63137255 0.44313725 0.40000000
v -0.889638 0.032743 -0.030059 0.77254902 0.54117647 0.49019608
v -0.675607 0.047816 -0.031813 0.81568627 0.80000000 0.83137255
v -0.886623 0.029728 -0.029925 0.71372549 0.50588235 0.46666667
v -0.672592 0.044801 -0.030252 0.83921569 0.81960784 0.85098039
v -0.886624 0.035757 -0.031028 0.80392157 0.57254902 0.52156863
v -0.669578 0.047816 -0.029910 0.87058824 0.85490196 0.88627451
v -0.883609 0.032743 -0.029895 0.73333333 0.51764706 0.47058824
v -0.883609 0.026714 -0.030590 0.63529412 0.44313725 0.40392157
v -0.880595 0.029728 -0.030156 0.69019608 0.49803922 0.44705882
v -0.877580 0.026714 -0.030110 0.64705882 0.47058824 0.41960784
v -0.880594 0.035757 -0.031139 0.77254902 0.56470588 0.50196078
v -0.877580 0.032743 -0.030155 0.77254902 0.56078431 0.50980392
v -0.874565 0.029728 -0.029938 0.72549020 0.54117647 0.49019608
v -0.874565 0.035757 -0.031160 0.81568627 0.58823529 0.53725490
v -0.871551 0.032743 -0.029765 0.74901961 0.53725490 0.49411765
v -0.750970 0.032743 -0.028440 0.93333333 0.92941176 0.94117647
v -0.747958 0.029721 -0.029702 0.91764706 0.91764706 0.92941176
v -0.747955 0.035757 -0.030347 0.93725490 0.94117647 0.95294118
v -0.744943 0.032736 -0.031150 0.92941176 0.92941176 0.94901961
v -0.744943 0.026706 -0.031679 0.89803922 0.89411765 0.90980392
v 0.894584 0.029736 -0.030089 0.74509804 0.52941176 0.48627451
v 0.912620 0.023792 -0.032299 0.63137255 0.41568627 0.38039216
v 0.921651 0.026822 -0.031973 0.69411765 0.45490196 0.40000000
v 0.897605 0.032756 -0.031338 0.76078431 0.54509804 0.51372549
v 0.891596 0.032680 -0.030840 0.74509804 0.53333333 0.48235294
v 0.915623 0.026822 -0.031547 0.70980392 0.47843137 0.44705882
v 0.888607 0.035608 -0.031803 0.78823529 0.56078431 0.50980392
v 0.918644 0.029827 -0.032109 0.75294118 0.51372549 0.47058824
v 0.900601 0.023759 -0.031511 0.61568627 0.38823529 0.35686275
v 0.888624 0.023667 -0.031356 0.61960784 0.41176471 0.34901961
v 0.894609 0.023724 -0.031110 0.63137255 0.40784314 0.36470588
v 0.897595 0.026766 -0.030313 0.69411765 0.46274510 0.42745098
v 0.891652 0.026653 -0.030285 0.68627451 0.46666667 0.40392157
v 0.876514 0.023718 -0.031861 0.62745098 0.43529412 0.37254902
v 0.882581 0.023678 -0.031524 0.65098039 0.43529412 0.38039216
v 0.885627 0.026658 -0.030210 0.70588235 0.47450980 0.43137255
v 0.879561 0.026695 -0.030359 0.70196078 0.47450980 0.42352941
v 0.882584 0.029654 -0.029923 0.73725490 0.50196078 0.46666667
v 0.888606 0.029655 -0.029896 0.72549020 0.50980392 0.45098039
v 0.885580 0.032618 -0.030619 0.74901961 0.52941176 0.48627451
v 0.873491 0.026753 -0.030957 0.69803922 0.48627451 0.42352941
v 0.876507 0.029731 -0.030329 0.71372549 0.49411765 0.44313725
v 0.879518 0.032711 -0.030624 0.75294118 0.52156863 0.47843137
v 0.870468 0.029743 -0.030068 0.68627451 0.46274510 0.41960784
v 0.873484 0.032745 -0.030804 0.72549020 0.50196078 0.45490196
v 0.876508 0.035700 -0.031666 0.78823529 0.54901961 0.50980392
v 0.882547 0.035654 -0.031945 0.81176471 0.57254902 0.51764706
v 0.906632 0.023754 -0.032023 0.65098039 0.43137255 0.39215686
v 0.909610 0.026804 -0.031213 0.71764706 0.50196078 0.46666667
v 0.903586 0.026802 -0.030725 0.69411765 0.45490196 0.42352941
v 0.906591 0.029827 -0.031221 0.74901961 0.53333333 0.47058824
v 0.912648 0.029798 -0.031707 0.77254902 0.55686275 0.53725490
v 0.900563 0.029814 -0.030814 0.74117647 0.50588235 0.47450980
v 0.903623 0.032797 -0.032372 0.77254902 0.55686275 0.49411765
v -0.782266 0.001447 -0.023858 0.69803922 0.52156863 0.46666667
v -0.780286 0.001769 -0.023858 0.68627451 0.50980392 0.45490196
v -0.817916 0.014030 -0.023858 0.68235294 0.46666667 0.41960784
v -0.771320 0.004860 -0.023858 0.73725490 0.55294118 0.49019608
v -0.764093 0.009692 -0.023858 0.78431373 0.58039216 0.51764706
v -0.822835 0.020202 -0.023858 0.70588235 0.47450980 0.43529412
v -0.758936 0.016593 -0.023858 0.81176471 0.73725490 0.72156863
v -0.756774 0.026489 -0.023858 0.90588235 0.91372549 0.92549020
v -0.826632 0.029430 -0.023858 0.76862745 0.54117647 0.49019608
v -0.825216 0.034640 -0.023858 0.81960784 0.58823529 0.54117647
v -0.756820 0.026892 -0.023858 0.89411765 0.90196078 0.91764706
v -0.818767 0.040250 -0.023858 0.85882353 0.63921569 0.57254902
v -0.823180 0.020824 -0.023858 0.76470588 0.52941176 0.48235294
v -0.811724 0.009090 -0.023858 0.67843137 0.46666667 0.41960784
v -0.811165 0.008722 -0.023858 0.67843137 0.47450980 0.42352941
v 0.779842 -0.000216 -0.023858 0.76470588 0.58039216 0.52156863
v 0.757678 0.013184 -0.023858 0.94117647 0.92941176 0.93725490
v 0.801115 0.002662 -0.023858 0.78431373 0.57647059 0.51764706
v -0.803450 0.004379 -0.023858 0.67450980 0.47843137 0.42745098
v 0.770887 0.002221 -0.023858 0.77254902 0.59215686 0.52941176
v 0.792479 -0.000052 -0.023858 0.78039216 0.58039216 0.52156863
v -0.794246 0.001525 -0.023858 0.68627451 0.49803922 0.44313725
v 0.754549 0.025078 -0.023858 0.94901961 0.94901961 0.95686275
v -0.791720 0.001145 -0.023858 0.69803922 0.51764706 0.46274510
v 0.808805 0.007024 -0.023858 0.79607843 0.58039216 0.52549020
v 0.758619 0.033076 -0.023858 0.93725490 0.93333333 0.94509804
v 0.763294 0.006752 -0.023858 0.89803922 0.89019608 0.90980392
v 0.815389 0.012485 -0.023858 0.80784314 0.58823529 0.52941176
v -0.813277 0.042785 -0.023858 0.86666667 0.64705882 0.58039216
v 0.820613 0.019301 -0.023858 0.83529412 0.60392157 0.54117647
v 0.765312 0.038456 -0.023858 0.90980392 0.90196078 0.92156863
v 0.754482 0.022127 -0.023858 0.95294118 0.95294118 0.96470588
v -0.810236 0.043776 -0.023858 0.87058824 0.65490196 0.58431373
v 0.824055 0.027833 -0.023858 0.82745098 0.59607843 0.54117647
v 0.823729 0.031131 -0.023858 0.85098039 0.61960784 0.57254902
v 0.783758 0.044089 -0.023858 0.65490196 0.52156863 0.48235294
v -0.800012 0.045611 -0.023858 0.87843137 0.66274510 0.60000000
v 0.791858 -0.000141 -0.023858 0.78039216 0.58431373 0.52549020
v 0.774314 0.041788 -0.023858 0.72941176 0.70196078 0.70980392
v 0.780365 -0.000271 -0.023858 0.78823529 0.59607843 0.54117647
v 0.774100 0.041720 -0.023858 0.80784314 0.77647059 0.78039216
v 0.788960 0.044450 -0.023858 0.64313725 0.49019608 0.45882353
v -0.798231 0.045772 -0.023858 0.88235294 0.67843137 0.61176471
v -0.788495 0.046151 -0.023858 0.87058824 0.67058824 0.62352941
v -0.786077 0.045868 -0.023858 0.87058824 0.66666667 0.61176471
v 0.810860 0.041023 -0.023858 0.92941176 0.72549020 0.67450980
v 0.809864 0.041372 -0.023858 0.92941176 0.72156863 0.67450980
v -0.776365 0.043522 -0.023858 0.75294118 0.56470588 0.51372549
v 0.817966 0.037393 -0.023858 0.92156863 0.71764706 0.67058824
v -0.772744 0.042459 -0.023858 0.72549020 0.58039216 0.54117647
v 0.800161 0.043685 -0.023858 0.75686275 0.59607843 0.55686275
v 0.795691 0.044155 -0.023858 0.66666667 0.50588235 0.47058824
v -0.767684 0.040145 -0.023858 0.85098039 0.77647059 0.78039216
v -0.761117 0.034654 -0.023858 0.91764706 0.91372549 0.92549020
v -0.853466 0.026706 -0.030170 0.71764706 0.50588235 0.45490196
v -0.865523 0.026709 -0.030800 0.61568627 0.45490196 0.41568627
v -0.763028 0.008627 -0.026529 0.78039216 0.58431373 0.51372549
v -0.859500 0.032722 -0.029872 0.70980392 0.48235294 0.44705882
v -0.853469 0.038757 -0.031842 0.78823529 0.56470588 0.49803922
v -0.756999 0.014656 -0.027160 0.87843137 0.86666667 0.87450980
v -0.847436 0.032737 -0.028931 0.70196078 0.49803922 0.43921569
v -0.750972 0.020677 -0.029472 0.87058824 0.86666667 0.87843137
v -0.841408 0.038766 -0.029948 0.81568627 0.58823529 0.51372549
v -0.841406 0.026714 -0.028805 0.73725490 0.52549020 0.46274510
v -0.835377 0.020685 -0.031422 0.71764706 0.50588235 0.45098039
v -0.835377 0.032743 -0.026807 0.76470588 0.54901961 0.50196078
v -0.829348 0.026714 -0.025459 0.69411765 0.48627451 0.43137255
v -0.823319 0.020685 -0.024099 0.75294118 0.52156863 0.47450980
v 0.762007 0.005498 -0.027494 0.87843137 0.87058824 0.89803922
v -0.829348 0.038772 -0.027074 0.84313725 0.62745098 0.56470588
v 0.755993 0.011537 -0.027032 0.92156863 0.90980392 0.92549020
v -0.823318 0.044801 -0.029915 0.86274510 0.64313725 0.57647059
v 0.749995 0.017594 -0.029235 0.93725490 0.93725490 0.95294118
v 0.743982 0.023628 -0.031556 0.94509804 0.94117647 0.95686275
v -0.793173 0.002598 -0.031949 0.69803922 0.51372549 0.46274510
v 0.749910 0.029744 -0.027240 0.94901961 0.94901961 0.96470588
v 0.743811 0.035851 -0.030900 0.93333333 0.93333333 0.94901961
v -0.811260 0.044801 -0.025713 0.86274510 0.65490196 0.58431373
v 0.816155 0.011706 -0.032366 0.79215686 0.58039216 0.52156863
v 0.755932 0.035793 -0.026233 0.92941176 0.92941176 0.94117647
v -0.793173 0.050830 -0.032283 0.83921569 0.64313725 0.59607843
v 0.762072 0.041722 -0.027855 0.86274510 0.85490196 0.87843137
v 0.852407 0.023555 -0.032105 0.73725490 0.52156863 0.46274510
v 0.780193 0.047686 -0.030745 0.68627451 0.63529412 0.64313725
v 0.840341 0.023541 -0.030180 0.79607843 0.56862745 0.50980392
v -0.775086 0.044801 -0.025674 0.68627451 0.52549020 0.49019608
v 0.749848 0.041874 -0.031384 0.92941176 0.92549020 0.94509804
v 0.846396 0.029496 -0.029515 0.74901961 0.50588235 0.44705882
v -0.763028 0.044801 -0.029493 0.93333333 0.92941176 0.95294118
v 0.822196 0.017693 -0.027049 0.80000000 0.58431373 0.52549020
v -0.756999 0.038772 -0.027413 0.93333333 0.92941176 0.94509804
v 0.792181 0.047699 -0.029375 0.74509804 0.59607843 0.54901961
v 0.828251 0.023641 -0.026735 0.83137255 0.61568627 0.54901961
v 0.834325 0.029535 -0.027256 0.76470588 0.52549020 0.45490196
v 0.840386 0.035478 -0.029572 0.87843137 0.66274510 0.59607843
v 0.828291 0.035589 -0.026693 0.89411765 0.69019608 0.64313725
v 0.810189 0.041698 -0.024414 0.92941176 0.72156863 0.67058824
v 0.822271 0.041598 -0.029017 0.91372549 0.71764706 0.66666667
v 0.804206 0.047693 -0.030944 0.85882353 0.65882353 0.60784314
v 0.858437 0.029602 -0.030692 0.70588235 0.45882353 0.38823529
v 0.864461 0.035606 -0.032153 0.79607843 0.56862745 0.50980392
v 0.852458 0.035437 -0.031598 0.87450980 0.63921569 0.58431373
v -0.777241 0.006472 -0.015331 0.76470588 0.56470588 0.50980392
v -0.817501 0.014444 -0.015331 0.66666667 0.42745098 0.39607843
v -0.774724 0.008265 -0.015331 0.78431373 0.58431373 0.52549020
v -0.817788 0.015155 -0.015331 0.65098039 0.38823529 0.36862745
v -0.769955 0.013758 -0.015331 0.81176471 0.61960784 0.56078431
v -0.818082 0.025921 -0.015331 0.76862745 0.49803922 0.47450980
v -0.817742 0.027166 -0.015331 0.77647059 0.51372549 0.48235294
v -0.813081 0.034563 -0.015331 0.84705882 0.61568627 0.56470588
v -0.812038 0.007849 -0.015331 0.66274510 0.45098039 0.40392157
v 0.774949 0.004633 -0.015331 0.83529412 0.62745098 0.58039216
v -0.807907 0.005273 -0.015331 0.65098039 0.45490196 0.40000000
v 0.773969 0.005248 -0.015331 0.84313725 0.63529412 0.58039216
v -0.804155 0.003674 -0.015331 0.66274510 0.47450980 0.41568627
v 0.766072 0.021562 -0.015331 0.95294118 0.95294118 0.96862745
v 0.768047 0.011457 -0.015331 0.83529412 0.68627451 0.66666667
v 0.767020 0.024558 -0.015331 0.95294118 0.94117647 0.96078431
v 0.801934 0.001843 -0.015331 0.78431373 0.56862745 0.50980392
v -0.793991 0.001780 -0.015331 0.67843137 0.49019608 0.43529412
v 0.792605 -0.000016 -0.015331 0.78431373 0.57647059 0.50980392
v -0.792316 0.001740 -0.015331 0.69411765 0.50980392 0.45490196
v 0.772100 0.031545 -0.015331 0.91764706 0.87450980 0.88235294
v 0.809698 0.006131 -0.015331 0.80392157 0.58039216 0.52941176
v 0.779568 0.036154 -0.015331 0.88235294 0.72549020 0.68235294
v 0.815290 0.012589 -0.015331 0.82352941 0.59215686 0.54117647
v 0.781307 0.036769 -0.015331 0.76862745 0.62745098 0.59607843
v 0.816251 0.023664 -0.015331 0.87058824 0.61176471 0.56862745
v 0.816220 0.023820 -0.015331 0.87450980 0.62745098 0.58039216
v -0.782298 0.003780 -0.015331 0.72549020 0.54117647 0.48627451
v 0.791712 0.000004 -0.015331 0.76862745 0.56078431 0.49411765
v 0.782120 0.001349 -0.015331 0.80784314 0.60784314 0.54901961
v -0.805405 0.038946 -0.015331 0.86666667 0.64313725 0.58039216
v 0.768059 0.011473 -0.015331 0.81960784 0.70588235 0.69803922
v -0.804869 0.039134 -0.015331 0.86274510 0.65490196 0.58039216
v -0.795205 0.040804 -0.015331 0.83529412 0.63137255 0.60784314
v 0.789066 0.038670 -0.015331 0.72941176 0.59215686 0.55686275
v 0.811842 0.031387 -0.015331 0.88627451 0.67450980 0.62352941
v -0.791352 0.040593 -0.015331 0.79215686 0.60000000 0.56470588
v 0.804784 0.036220 -0.015331 0.67058824 0.50588235 0.49411765
v 0.802646 0.037122 -0.015331 0.61960784 0.47058824 0.45098039
v -0.769386 0.014985 -0.015331 0.81176471 0.61960784 0.56470588
v 0.795414 0.038861 -0.015331 0.63529412 0.51764706 0.48627451
v -0.781769 0.038118 -0.015331 0.74901961 0.57647059 0.50588235
v -0.779033 0.036689 -0.015331 0.82352941 0.63921569 0.57254902
v -0.774454 0.033375 -0.015331 0.83921569 0.67058824 0.60392157
v -0.769237 0.026534 -0.015331 0.86666667 0.67058824 0.60392157
v -0.769608 0.027265 -0.015331 0.85882353 0.66666667 0.60392157
v -0.823319 0.032743 -0.022354 0.81568627 0.58039216 0.52549020
v -0.781115 0.002598 -0.019706 0.70980392 0.52941176 0.47450980
v -0.817289 0.038772 -0.021996 0.86274510 0.64705882 0.58823529
v -0.769057 0.014656 -0.015738 0.81176471 0.61960784 0.56470588
v -0.811261 0.008627 -0.022457 0.67058824 0.45882353 0.41176471
v 0.768045 0.011459 -0.015352 0.82352941 0.70196078 0.69019608
v 0.761981 0.017548 -0.018220 0.96078431 0.95294118 0.95686275
v -0.763028 0.020685 -0.018997 0.80392157 0.61176471 0.55294118
v -0.799202 0.044801 -0.022434 0.88627451 0.67058824 0.61568627
v 0.755957 0.023640 -0.022678 0.95294118 0.94901961 0.95686275
v -0.756999 0.026714 -0.023707 0.89803922 0.90588235 0.91764706
v -0.787144 0.044801 -0.022052 0.86666667 0.65882353 0.60784314
v 0.761969 0.029702 -0.020449 0.93333333 0.92549020 0.92941176
v 0.768042 0.035693 -0.020332 0.93333333 0.93333333 0.94117647
v -0.781115 0.038772 -0.016398 0.74901961 0.57647059 0.50980392
v 0.774175 0.041646 -0.023747 0.84313725 0.80392157 0.80784314
v -0.769057 0.038772 -0.022066 0.78431373 0.63921569 0.62352941
v 0.786142 0.041632 -0.020001 0.73333333 0.58431373 0.53725490
v -0.769057 0.026714 -0.015508 0.86274510 0.67058824 0.60392157
v 0.822224 0.029668 -0.022868 0.84705882 0.61568627 0.56470588
v -0.763028 0.032743 -0.021892 0.89803922 0.85098039 0.84313725
v 0.816195 0.035701 -0.021827 0.90980392 0.70588235 0.65490196
v 0.798159 0.041648 -0.020321 0.63921569 0.49803922 0.46666667
v -0.797126 0.034819 -0.006805 0.70980392 0.52941176 0.48235294
v -0.787779 0.032108 -0.006805 0.84313725 0.64313725 0.58431373
v -0.821259 0.010686 -0.006805 0.67843137 0.47058824 0.42352941
v -0.781342 0.026487 -0.006805 0.86274510 0.67450980 0.60392157
v -0.822545 0.019903 -0.006805 0.61960784 0.29803922 0.32549020
v -0.785912 0.007394 -0.006805 0.77647059 0.58823529 0.52156863
v -0.780377 0.013917 -0.006805 0.83137255 0.63921569 0.56862745
v -0.818275 0.025726 -0.006805 0.70980392 0.41176471 0.43921569
v -0.779467 0.016304 -0.006805 0.84313725 0.65098039 0.58431373
v -0.817308 0.026728 -0.006805 0.72941176 0.44705882 0.46274510
v -0.816482 0.027519 -0.006805 0.74117647 0.47058824 0.47450980
v -0.810488 0.031971 -0.006805 0.83137255 0.62352941 0.58039216
v -0.814195 0.005692 -0.006805 0.63921569 0.43921569 0.38431373
v -0.806090 0.003456 -0.006805 0.63137255 0.43921569 0.37647059
v 0.802294 0.001481 -0.006805 0.77647059 0.56078431 0.49803922
v -0.804543 0.003287 -0.006805 0.61960784 0.43529412 0.37254902
v 0.794282 0.001513 -0.006805 0.78039216 0.56862745 0.49411765
v -0.794329 0.003753 -0.006805 0.70196078 0.50980392 0.45098039
v 0.819180 0.008708 -0.006805 0.80000000 0.57254902 0.52941176
v 0.811829 0.004002 -0.006805 0.74509804 0.52156863 0.47058824
v 0.821315 0.016913 -0.006805 0.83137255 0.59607843 0.56078431
v 0.806931 0.002387 -0.006805 0.76078431 0.54117647 0.48235294
v 0.818300 0.021614 -0.006805 0.86274510 0.61960784 0.58823529
v 0.816298 0.023862 -0.006805 0.85490196 0.63137255 0.60000000
v 0.788498 0.003197 -0.006805 0.81176471 0.60784314 0.52549020
v 0.785466 0.004545 -0.006805 0.83529412 0.63529412 0.56470588
v -0.790855 0.004916 -0.006805 0.72941176 0.53725490 0.47843137
v 0.779040 0.010251 -0.006805 0.87450980 0.67843137 0.63529412
v 0.777124 0.014443 -0.006805 0.89803922 0.70196078 0.64313725
v -0.801106 0.034647 -0.006805 0.69411765 0.52156863 0.47450980
v 0.777456 0.020825 -0.006805 0.89803922 0.72941176 0.67058824
v 0.779191 0.024381 -0.006805 0.89803922 0.74901961 0.69803922
v 0.794960 0.032695 -0.006805 0.72156863 0.57254902 0.52156863
v 0.787307 0.030765 -0.006805 0.80392157 0.64705882 0.59215686
v 0.785678 0.029967 -0.006805 0.90588235 0.72549020 0.67843137
v 0.813132 0.026690 -0.006805 0.72941176 0.56470588 0.54117647
v 0.809715 0.029123 -0.006805 0.54509804 0.40784314 0.39215686
v 0.800925 0.032308 -0.006805 0.57254902 0.44705882 0.42745098
v -0.793173 0.038772 -0.012652 0.78431373 0.58823529 0.55294118
v -0.811261 0.032743 -0.010079 0.81960784 0.60000000 0.55686275
v -0.787144 0.032743 -0.007749 0.83137255 0.62745098 0.57254902
v -0.793173 0.002598 -0.011324 0.67450980 0.48627451 0.43137255
v -0.781115 0.026714 -0.007078 0.85490196 0.66666667 0.60000000
v -0.775086 0.008627 -0.014662 0.79215686 0.58823529 0.52156863
v -0.805231 0.038772 -0.015018 0.86274510 0.65490196 0.57647059
v -0.775086 0.020685 -0.009900 0.85882353 0.65882353 0.59215686
v -0.775086 0.032743 -0.014519 0.84705882 0.67843137 0.61960784
v 0.774147 0.005430 -0.014971 0.83529412 0.62745098 0.57254902
v 0.816149 0.011725 -0.012396 0.83137255 0.59607843 0.56078431
v 0.810139 0.005690 -0.013215 0.78431373 0.56078431 0.50980392
v 0.774119 0.017423 -0.008990 0.89019608 0.70196078 0.64705882
v 0.768028 0.023528 -0.014306 0.95686275 0.92156863 0.94117647
v 0.774047 0.029569 -0.012903 0.83921569 0.72549020 0.71764706
v 0.792130 0.035597 -0.010884 0.71372549 0.57254902 0.52156863
v 0.780108 0.035608 -0.014562 0.90196078 0.73333333 0.68627451
v 0.810182 0.029619 -0.009526 0.70588235 0.54509804 0.51764706
v 0.804175 0.035585 -0.014148 0.57254902 0.42352941 0.41960784
v -0.833859 0.010143 0.001722 0.58039216 0.36470588 0.29803922
v -0.803342 0.028603 0.001722 0.76862745 0.57647059 0.52549020
v -0.833703 0.018889 0.001722 0.80392157 0.58823529 0.53333333
v -0.794847 0.025040 0.001722 0.85882353 0.66274510 0.59215686
v -0.827085 0.004860 0.001722 0.54509804 0.34117647 0.27450980
v -0.827006 0.024219 0.001722 0.68235294 0.47843137 0.45098039
v -0.790893 0.016936 0.001722 0.83921569 0.64705882 0.58823529
v -0.817744 0.027145 0.001722 0.73333333 0.58431373 0.59215686
v -0.791952 0.013434 0.001722 0.82352941 0.63137255 0.57254902
v -0.816576 0.027416 0.001722 0.69019608 0.54117647 0.54901961
v -0.807221 0.028696 0.001722 0.52156863 0.38039216 0.34509804
v -0.818033 0.003342 0.001722 0.60784314 0.41176471 0.34901961
v -0.816475 0.003412 0.001722 0.63137255 0.43529412 0.37254902
v -0.807123 0.004490 0.001722 0.60784314 0.42352941 0.35686275
v -0.801748 0.006081 0.001722 0.70980392 0.50588235 0.43921569
v -0.798141 0.007565 0.001722 0.77254902 0.56862745 0.50588235
v 0.824947 0.002947 0.001722 0.60000000 0.40784314 0.35686275
v 0.818206 0.001699 0.001722 0.67450980 0.46274510 0.41176471
v 0.799295 0.004479 0.001722 0.78039216 0.55686275 0.49803922
v 0.832171 0.007781 0.001722 0.71764706 0.50980392 0.45490196
v 0.797890 0.004977 0.001722 0.80000000 0.57647059 0.52156863
v 0.832991 0.016547 0.001722 0.88627451 0.68235294 0.63529412
v 0.814047 0.001787 0.001722 0.69019608 0.47058824 0.41176471
v 0.807156 0.002432 0.001722 0.69803922 0.47843137 0.41176471
v 0.826520 0.022109 0.001722 0.85882353 0.63529412 0.58039216
v 0.817543 0.025080 0.001722 0.25882353 0.18823529 0.18431373
v 0.791088 0.010066 0.001722 0.87450980 0.67843137 0.61176471
v 0.789143 0.014591 0.001722 0.90980392 0.72156863 0.66666667
v 0.792814 0.022983 0.001722 0.90196078 0.73725490 0.67843137
v 0.801286 0.026459 0.001722 0.81176471 0.63921569 0.59215686
v 0.814016 0.025841 0.001722 0.36470588 0.27450980 0.27450980
v 0.807154 0.026628 0.001722 0.56862745 0.45098039 0.42352941
v -0.799202 0.032743 -0.004035 0.73725490 0.54901961 0.49411765
v -0.793173 0.026714 -0.000171 0.84313725 0.65098039 0.58431373
v -0.787144 0.020685 -0.001103 0.85098039 0.65882353 0.59215686
v -0.829350 0.014649 -0.002240 0.74509804 0.52156863 0.47843137
v -0.787144 0.008627 -0.004719 0.78823529 0.60000000 0.53333333
v -0.823319 0.008627 -0.004013 0.61960784 0.42745098 0.35686275
v -0.781115 0.014656 -0.005992 0.83529412 0.63921569 0.56862745
v -0.823322 0.020674 -0.005686 0.63921569 0.32156863 0.34117647
v 0.822176 0.005718 -0.002672 0.72156863 0.49803922 0.45490196
v 0.828198 0.011754 -0.001961 0.81960784 0.60784314 0.56078431
v 0.822171 0.017777 -0.005805 0.85098039 0.59607843 0.56470588
v 0.786287 0.005402 -0.005256 0.83137255 0.62745098 0.55294118
v 0.780165 0.011422 -0.005428 0.88235294 0.68235294 0.64313725
v 0.786255 0.017412 -0.000232 0.91372549 0.73333333 0.69019608
v 0.792147 0.023602 0.000933 0.89411765 0.72941176 0.66666667
v 0.798170 0.029467 -0.002478 0.76862745 0.60392157 0.55686275
v 0.780101 0.023466 -0.005880 0.88627451 0.73725490 0.68235294
v 0.786126 0.029515 -0.006248 0.90980392 0.73333333 0.68235294
v -0.841635 0.014340 0.005985 0.67450980 0.46666667 0.40000000
v -0.841569 0.014654 0.005985 0.71764706 0.50196078 0.44313725
v -0.839057 0.018055 0.005985 0.73333333 0.51764706 0.46274510
v -0.836278 0.021234 0.005985 0.72941176 0.51372549 0.46274510
v 0.839458 0.012552 0.005985 0.78431373 0.57254902 0.52549020
v 0.838607 0.016135 0.005985 0.81568627 0.60392157 0.55294118
v 0.835970 0.019526 0.005985 0.83529412 0.61960784 0.56862745
v -0.841443 0.014531 0.005884 0.67843137 0.47058824 0.40784314
v -0.838442 0.017506 0.005450 0.77254902 0.55294118 0.49803922
v -0.835448 0.020456 0.004688 0.73725490 0.52156863 0.47450980
v 0.837241 0.014769 0.004621 0.85490196 0.63529412 0.58431373
v 0.834227 0.017783 0.003494 0.85098039 0.63921569 0.58431373
v -0.845657 0.010385 0.010248 0.60784314 0.38431373 0.31764706
v -0.846086 0.013266 0.010248 0.64313725 0.41960784 0.35294118
v -0.845590 0.016394 0.010248 0.70980392 0.48627451 0.42352941
v -0.844847 0.017836 0.010248 0.72156863 0.50196078 0.44313725
v -0.841829 0.020672 0.010248 0.72941176 0.51372549 0.45882353
v -0.840226 0.021624 0.010248 0.72941176 0.51372549 0.45882353
v -0.837809 0.022638 0.010248 0.72941176 0.50980392 0.45882353
v 0.843598 0.008412 0.010248 0.63529412 0.43137255 0.37647059
v 0.843977 0.009446 0.010248 0.66666667 0.45882353 0.41176471
v 0.844395 0.013644 0.010248 0.78823529 0.58823529 0.54117647
v 0.843943 0.015441 0.010248 0.79215686 0.58431373 0.53333333
v 0.841294 0.018821 0.010248 0.80392157 0.59215686 0.54117647
v 0.837525 0.021082 0.010248 0.81568627 0.60000000 0.54901961
v -0.831654 0.024180 0.010248 0.70588235 0.49411765 0.44705882
v -0.843545 0.006488 0.010248 0.57254902 0.43529412 0.37647059
v -0.827762 0.024709 0.010248 0.67843137 0.47450980 0.43137255
v -0.840208 0.003796 0.010248 0.56862745 0.40392157 0.34509804
v -0.836057 0.001917 0.010248 0.55686275 0.39215686 0.33725490
v -0.833977 0.001198 0.010248 0.55294118 0.39607843 0.35294118
v -0.831441 0.000505 0.010248 0.54509804 0.39607843 0.35294118
v -0.833007 0.023925 0.010248 0.72156863 0.50588235 0.45882353
v 0.837769 0.002183 0.010248 0.44313725 0.30588235 0.27450980
v 0.835600 0.001056 0.010248 0.44705882 0.31372549 0.28235294
v 0.828569 -0.000676 0.010248 0.50980392 0.32549020 0.28627451
v 0.833604 0.000319 0.010248 0.45882353 0.32156863 0.29019608
v 0.841211 0.004770 0.010248 0.49803922 0.33333333 0.27843137
v 0.836620 0.021411 0.010248 0.82745098 0.60784314 0.55686275
v 0.832944 0.022503 0.010248 0.83529412 0.62352941 0.56862745
v 0.828447 0.023525 0.010248 0.84313725 0.62745098 0.57254902
v -0.844438 0.011580 0.008726 0.62745098 0.40000000 0.33725490
v -0.844478 0.017482 0.009694 0.70980392 0.49411765 0.43137255
v -0.841494 0.020400 0.009490 0.72549020 0.50588235 0.45098039
v 0.843270 0.008740 0.009781 0.64313725 0.44313725 0.39215686
v 0.840256 0.011754 0.006601 0.75686275 0.54901961 0.50196078
v 0.843270 0.014769 0.009411 0.79215686 0.58431373 0.53333333
v 0.840256 0.017783 0.008353 0.80784314 0.59607843 0.54509804
v 0.837241 0.020798 0.009255 0.81960784 0.60784314 0.55294118
v -0.827620 0.000870 0.010248 0.54901961 0.40784314 0.36470588
v -0.819326 0.024593 0.010248 0.59215686 0.42352941 0.39215686
v -0.812506 0.021915 0.010248 0.73333333 0.53333333 0.48627451
v 0.828082 0.023621 0.010248 0.83137255 0.61568627 0.55294118
v -0.811030 0.020909 0.010248 0.84313725 0.61568627 0.55294118
v 0.827874 -0.000672 0.010248 0.54117647 0.34117647 0.29803922
v 0.816981 0.022902 0.010248 0.45490196 0.35294118 0.32549020
v 0.817756 0.001205 0.010248 0.61960784 0.40784314 0.35294118
v 0.814569 0.022058 0.010248 0.83137255 0.63529412 0.58823529
v -0.818223 0.003531 0.010248 0.60784314 0.41176471 0.34901961
v 0.810544 0.005824 0.010248 0.72156863 0.50588235 0.42745098
v 0.806165 0.013367 0.010248 0.88627451 0.69019608 0.62352941
v -0.811289 0.008655 0.010248 0.68627451 0.47843137 0.41960784
v 0.808987 0.018846 0.010248 0.89411765 0.70196078 0.65098039
v -0.808403 0.017818 0.010248 0.80000000 0.58431373 0.52156863
v -0.835377 0.008627 0.003310 0.56862745 0.36862745 0.29411765
v -0.829348 0.002598 0.005613 0.52549020 0.37254902 0.31372549
v -0.817297 0.026691 0.004213 0.58039216 0.42352941 0.40000000
v -0.805233 0.026708 0.003933 0.83137255 0.62352941 0.56470588
v 0.828214 -0.000320 0.009031 0.49803922 0.31372549 0.26666667
v -0.811260 0.008627 0.010205 0.69019608 0.48235294 0.42352941
v 0.816172 0.023707 0.008286 0.40000000 0.31372549 0.28627451
v 0.798350 0.005424 0.002422 0.79607843 0.58039216 0.52156863
v -0.805231 0.014656 0.008781 0.79215686 0.58039216 0.51372549
v 0.810274 0.005560 0.009754 0.71372549 0.49411765 0.41568627
v -0.799202 0.008627 0.003203 0.78039216 0.56470588 0.50588235
v 0.792413 0.011344 0.002968 0.87843137 0.68627451 0.62352941
v 0.804346 0.011468 0.009045 0.87843137 0.66666667 0.60784314
v 0.798324 0.017481 0.006040 0.86666667 0.70196078 0.65882353
v 0.804193 0.023578 0.005099 0.85882353 0.68627451 0.63529412
v 0.834227 0.005725 0.004172 0.62352941 0.41176471 0.36470588
v -0.799202 0.020685 0.005495 0.84705882 0.64313725 0.57647059
v -0.793173 0.014656 0.002795 0.83137255 0.63921569 0.57647059
v -0.832223 0.023556 0.014511 0.69803922 0.47450980 0.41960784
v -0.826978 0.022771 0.014511 0.71764706 0.49803922 0.44705882
v -0.825791 0.022729 0.014511 0.60784314 0.43529412 0.40000000
v -0.848026 0.008035 0.014511 0.58823529 0.39215686 0.33725490
v -0.848869 0.010061 0.014511 0.59607843 0.36470588 0.30980392
v -0.849559 0.012513 0.014511 0.63921569 0.40392157 0.34509804
v -0.849403 0.016501 0.014511 0.68627451 0.46274510 0.40392157
v -0.847156 0.020094 0.014511 0.71764706 0.49411765 0.43921569
v -0.845649 0.004384 0.014511 0.57647059 0.40784314 0.35294118
v -0.842056 0.001947 0.014511 0.57647059 0.41176471 0.36078431
v -0.839901 0.001093 0.014511 0.56862745 0.40392157 0.36078431
v -0.837491 0.000484 0.014511 0.55686275 0.40000000 0.35686275
v -0.833360 0.000581 0.014511 0.56078431 0.40784314 0.37254902
v -0.831169 0.000776 0.014511 0.56078431 0.40392157 0.37647059
v -0.843313 0.022143 0.014511 0.73725490 0.52156863 0.46666667
v -0.838640 0.023146 0.014511 0.73725490 0.52156863 0.46666667
v -0.838445 0.023168 0.014511 0.72941176 0.50980392 0.45490196
v -0.832799 0.023601 0.014511 0.71372549 0.49803922 0.44313725
v 0.834750 -0.000827 0.014511 0.52549020 0.34117647 0.30588235
v 0.833596 -0.000954 0.014511 0.52941176 0.34117647 0.30196078
v 0.839399 0.000553 0.014511 0.51372549 0.34117647 0.30588235
v 0.828242 -0.000325 0.014511 0.56078431 0.35686275 0.30980392
v 0.843118 0.002863 0.014511 0.55294118 0.36862745 0.32549020
v 0.845774 0.006237 0.014511 0.53725490 0.36078431 0.30980392
v 0.847671 0.010368 0.014511 0.69803922 0.47450980 0.42352941
v 0.848103 0.013572 0.014511 0.75294118 0.53725490 0.48627451
v 0.847586 0.016482 0.014511 0.78039216 0.56862745 0.51764706
v 0.846669 0.018167 0.014511 0.79215686 0.58039216 0.52941176
v 0.843510 0.020558 0.014511 0.80000000 0.58823529 0.53725490
v 0.843097 0.020624 0.014511 0.80784314 0.59607843 0.54509804
v 0.838470 0.022026 0.014511 0.81568627 0.60000000 0.54901961
v 0.835553 0.022476 0.014511 0.82745098 0.60784314 0.55686275
v 0.833135 0.022677 0.014511 0.83921569 0.61960784 0.56470588
v 0.829525 0.022444 0.014511 0.84313725 0.63529412 0.57647059
v -0.826450 0.023326 0.013599 0.71372549 0.49803922 0.44313725
v -0.847435 0.008627 0.013192 0.57254902 0.37254902 0.30980392
v -0.847459 0.014576 0.011677 0.66666667 0.44313725 0.38039216
v -0.844420 0.005612 0.011734 0.56078431 0.44705882 0.38823529
v -0.841406 0.002598 0.012779 0.56862745 0.41960784 0.36470588
v 0.834236 -0.000313 0.012277 0.50196078 0.32941176 0.29411765
v 0.828223 -0.000330 0.011393 0.53333333 0.32941176 0.28627451
v 0.846285 0.011754 0.012214 0.74117647 0.52549020 0.47450980
v 0.846285 0.017783 0.013731 0.79215686 0.58431373 0.53333333
v -0.833685 0.022097 0.018774 0.72549020 0.49803922 0.44705882
v -0.830401 0.021275 0.018774 0.72156863 0.49411765 0.44313725
v -0.829025 0.020791 0.018774 0.72941176 0.50588235 0.45490196
v -0.824945 0.018981 0.018774 0.75294118 0.53725490 0.48627451
v -0.851713 0.010377 0.018774 0.63921569 0.42745098 0.37254902
v -0.852328 0.013520 0.018774 0.65490196 0.43137255 0.36862745
v -0.849667 0.006395 0.018774 0.61176471 0.41176471 0.36078431
v -0.852270 0.015849 0.018774 0.69411765 0.47843137 0.42352941
v -0.851507 0.018625 0.018774 0.71764706 0.50980392 0.45490196
v -0.848591 0.021536 0.018774 0.73333333 0.52549020 0.47058824
v -0.846858 0.003174 0.018774 0.59215686 0.40784314 0.36078431
v -0.843188 0.000816 0.018774 0.58039216 0.41176471 0.36862745
v -0.838749 -0.000059 0.018774 0.56862745 0.40784314 0.36862745
v -0.838008 -0.000034 0.018774 0.56078431 0.40392157 0.37254902
v -0.833515 0.000736 0.018774 0.56862745 0.43137255 0.40784314
v -0.830792 0.001153 0.018774 0.56862745 0.40784314 0.39215686
v -0.845173 0.022718 0.018774 0.75294118 0.54117647 0.48627451
v -0.843986 0.022821 0.018774 0.75686275 0.54901961 0.49019608
v -0.839104 0.022710 0.018774 0.76078431 0.54901961 0.49019608
v -0.837820 0.022547 0.018774 0.75294118 0.53333333 0.48235294
v 0.840343 -0.000391 0.018774 0.60000000 0.40000000 0.36078431
v 0.840078 -0.000482 0.018774 0.58823529 0.38823529 0.34901961
v 0.844182 0.001799 0.018774 0.62352941 0.41960784 0.38039216
v 0.847292 0.004718 0.018774 0.64313725 0.43921569 0.40000000
v 0.849435 0.008604 0.018774 0.65098039 0.44705882 0.40392157
v 0.849625 0.009065 0.018774 0.68627451 0.47450980 0.43137255
v 0.835065 -0.001142 0.018774 0.55686275 0.36078431 0.32549020
v 0.833538 -0.001006 0.018774 0.53333333 0.34117647 0.30980392
v 0.828673 0.000150 0.018774 0.58431373 0.37647059 0.30980392
v 0.850838 0.013230 0.018774 0.72941176 0.52156863 0.47450980
v 0.850585 0.016054 0.018774 0.76470588 0.55686275 0.50588235
v 0.848308 0.019806 0.018774 0.78431373 0.57254902 0.52156863
v 0.842036 0.022032 0.018774 0.81176471 0.59607843 0.54509804
v 0.838271 0.021827 0.018774 0.81960784 0.60000000 0.54901961
v 0.844130 0.021657 0.018774 0.79607843 0.58431373 0.53333333
v 0.836340 0.021690 0.018774 0.82352941 0.60000000 0.54901961
v 0.831495 0.021032 0.018774 0.85098039 0.63137255 0.57647059
v 0.831053 0.020930 0.018774 0.85490196 0.63529412 0.58039216
v 0.827085 0.000808 0.018774 0.61176471 0.39215686 0.33333333
v 0.822746 0.017143 0.018774 0.85098039 0.64313725 0.58823529
v 0.826667 0.019275 0.018774 0.87058824 0.64705882 0.59215686
v -0.832490 0.023291 0.015575 0.70588235 0.48235294 0.42745098
v -0.823367 0.020528 0.016562 0.76862745 0.54509804 0.49411765
v -0.850449 0.011641 0.015947 0.63137255 0.39607843 0.33725490
v -0.850473 0.017592 0.016387 0.71764706 0.49803922 0.44705882
v -0.847507 0.020452 0.015307 0.72156863 0.50980392 0.45098039
v 0.840256 -0.000304 0.018098 0.56862745 0.37647059 0.33725490
v 0.843271 0.002711 0.015009 0.60000000 0.40392157 0.36078431
v 0.846285 0.005725 0.015781 0.60392157 0.40784314 0.36470588
v 0.849299 0.008740 0.018390 0.63529412 0.43137255 0.38431373
v 0.849300 0.014769 0.016260 0.79215686 0.58431373 0.52941176
v 0.843271 0.020798 0.014992 0.80392157 0.59215686 0.54117647
v -0.828683 0.001933 0.018774 0.57647059 0.38431373 0.37647059
v -0.821125 0.010821 0.018774 0.67450980 0.46274510 0.39607843
v -0.822443 0.007751 0.018774 0.64705882 0.43529412 0.38431373
v 0.819052 0.008831 0.018774 0.77254902 0.55686275 0.48627451
v 0.821286 0.004776 0.018774 0.70588235 0.47450980 0.41960784
v -0.817307 0.014598 0.016353 0.74509804 0.52941176 0.48235294
v -0.811263 0.020675 0.010495 0.83921569 0.61176471 0.54901961
v 0.816206 0.011659 0.017059 0.83137255 0.61176471 0.54901961
v 0.810236 0.017597 0.011537 0.89803922 0.70588235 0.65490196
v 0.822205 0.017686 0.018302 0.79607843 0.60392157 0.55294118
v -0.854322 0.013798 0.023037 0.68627451 0.49019608 0.44313725
v -0.854321 0.015513 0.023037 0.70196078 0.50588235 0.45490196
v -0.850600 0.005462 0.023037 0.62352941 0.43529412 0.39215686
v -0.851308 0.006471 0.023037 0.63921569 0.44313725 0.39607843
v -0.852952 0.009138 0.023037 0.66274510 0.46274510 0.41176471
v -0.852630 0.019817 0.023037 0.72549020 0.52941176 0.47843137
v -0.849046 0.022104 0.023037 0.74509804 0.54509804 0.49019608
v -0.847488 0.002544 0.023037 0.61568627 0.42745098 0.38823529
v -0.847199 0.002362 0.023037 0.61176471 0.42352941 0.38823529
v -0.843288 0.000715 0.023037 0.59607843 0.41568627 0.38431373
v -0.839270 0.000462 0.023037 0.56862745 0.40392157 0.37254902
v -0.836839 0.001135 0.023037 0.52549020 0.38431373 0.35686275
v -0.834859 0.002080 0.023037 0.55294118 0.40392157 0.37254902
v -0.831184 0.004434 0.023037 0.62352941 0.46274510 0.41568627
v -0.845490 0.022456 0.023037 0.77647059 0.57254902 0.51764706
v -0.843213 0.022135 0.023037 0.78431373 0.57647059 0.51764706
v -0.840425 0.021420 0.023037 0.79607843 0.58039216 0.52156863
v -0.835882 0.019982 0.023037 0.75686275 0.52549020 0.47450980
v -0.833936 0.018921 0.023037 0.76470588 0.53725490 0.48235294
v -0.828524 0.007769 0.023037 0.67058824 0.47450980 0.41960784
v -0.827534 0.010419 0.023037 0.70980392 0.49411765 0.42745098
v -0.827318 0.012583 0.023037 0.71764706 0.50588235 0.43921569
v -0.832022 0.017852 0.023037 0.76470588 0.54509804 0.48627451
v -0.828293 0.015594 0.023037 0.73725490 0.52549020 0.46666667
v 0.840277 -0.000325 0.023037 0.62745098 0.41568627 0.37647059
v 0.840228 -0.000332 0.023037 0.59607843 0.38431373 0.34509804
v 0.844784 0.001197 0.023037 0.65490196 0.44705882 0.40784314
v 0.848143 0.003867 0.023037 0.67843137 0.47058824 0.43137255
v 0.850705 0.007335 0.023037 0.68627451 0.47843137 0.43921569
v 0.852446 0.011623 0.023037 0.70588235 0.50196078 0.45882353
v 0.852505 0.011945 0.023037 0.71764706 0.51764706 0.47450980
v 0.834561 0.000030 0.023037 0.58039216 0.36862745 0.33333333
v 0.833560 0.000363 0.023037 0.58039216 0.37254902 0.32156863
v 0.830398 0.001884 0.023037 0.63921569 0.41176471 0.34509804
v 0.827255 0.004770 0.023037 0.65490196 0.43529412 0.38039216
v 0.825248 0.008666 0.023037 0.73725490 0.51372549 0.44705882
v 0.825232 0.008772 0.023037 0.73725490 0.51372549 0.44705882
v 0.852040 0.017509 0.023037 0.73725490 0.53333333 0.48627451
v 0.849124 0.020622 0.023037 0.76862745 0.56470588 0.51372549
v 0.837695 0.020344 0.023037 0.83137255 0.60784314 0.55686275
v 0.836112 0.019669 0.023037 0.83921569 0.61568627 0.56470588
v 0.842436 0.021632 0.023037 0.81960784 0.60000000 0.54901961
v 0.844106 0.021633 0.023037 0.80392157 0.58823529 0.53725490
v 0.826707 0.013223 0.023037 0.76862745 0.55686275 0.49411765
v 0.829730 0.016232 0.023037 0.78823529 0.56862745 0.50588235
v 0.833368 0.018636 0.023037 0.82352941 0.60000000 0.54117647
v -0.853464 0.014655 0.021037 0.68627451 0.47843137 0.42745098
v -0.850449 0.005612 0.022272 0.61960784 0.42745098 0.38039216
v -0.847435 0.002598 0.022479 0.60784314 0.41960784 0.37647059
v -0.829348 0.002598 0.020403 0.58039216 0.41176471 0.39607843
v -0.835486 0.020334 0.022249 0.74901961 0.51764706 0.46666667
v -0.826333 0.005612 0.020218 0.59215686 0.40784314 0.37254902
v -0.826357 0.011561 0.022311 0.70588235 0.49019608 0.41960784
v -0.823319 0.008627 0.020084 0.65098039 0.43529412 0.37647059
v -0.829442 0.020381 0.019529 0.73333333 0.50980392 0.45882353
v -0.826379 0.017520 0.021033 0.74117647 0.52549020 0.47450980
v 0.852314 0.011754 0.022612 0.70980392 0.50588235 0.45882353
v 0.834227 -0.000304 0.021997 0.57647059 0.36470588 0.32941176
v 0.825197 0.002697 0.020001 0.61176471 0.39607843 0.34117647
v 0.822198 0.005689 0.020331 0.69411765 0.46666667 0.40392157
v 0.825187 0.008727 0.023008 0.73725490 0.51372549 0.44705882
v 0.837241 0.020798 0.021388 0.83137255 0.60784314 0.55686275
v 0.825196 0.014725 0.021492 0.80000000 0.59215686 0.53333333
v 0.828210 0.017743 0.021374 0.82745098 0.60392157 0.54901961
v 0.831224 0.020760 0.019131 0.85098039 0.62745098 0.57254902
v -0.855266 0.012854 0.027301 0.69019608 0.50196078 0.45490196
v -0.855151 0.016341 0.027301 0.70588235 0.52549020 0.47450980
v -0.853632 0.008459 0.027301 0.66666667 0.47843137 0.43529412
v -0.853952 0.009115 0.027301 0.67450980 0.48627451 0.44313725
v -0.850911 0.005150 0.027301 0.64705882 0.45490196 0.41568627
v -0.852965 0.020167 0.027301 0.73725490 0.56078431 0.50980392
v -0.848825 0.021969 0.027301 0.77647059 0.58431373 0.52941176
v -0.847542 0.002704 0.027301 0.64313725 0.45098039 0.41960784
v -0.847403 0.002629 0.027301 0.63529412 0.44313725 0.41176471
v -0.842141 0.001862 0.027301 0.61176471 0.42745098 0.40000000
v -0.840853 0.002045 0.027301 0.57647059 0.40000000 0.38431373
v -0.836982 0.004203 0.027301 0.61960784 0.44705882 0.41176471
v -0.834864 0.008089 0.027301 0.70980392 0.49803922 0.44313725
v -0.846162 0.021851 0.027301 0.81960784 0.62352941 0.56078431
v -0.841983 0.019961 0.027301 0.83529412 0.64705882 0.58431373
v -0.838650 0.017316 0.027301 0.77647059 0.56470588 0.51372549
v -0.835833 0.014142 0.027301 0.78431373 0.55294118 0.50588235
v -0.834456 0.009530 0.027301 0.73725490 0.51764706 0.45490196
v 0.844540 0.001441 0.027301 0.69019608 0.47843137 0.44705882
v 0.841480 0.000920 0.027301 0.67058824 0.45490196 0.41960784
v 0.848342 0.003668 0.027301 0.69411765 0.49019608 0.45490196
v 0.851319 0.006720 0.027301 0.69411765 0.49019608 0.45098039
v 0.853177 0.010891 0.027301 0.71372549 0.50588235 0.46666667
v 0.853539 0.012979 0.027301 0.71372549 0.52549020 0.48235294
v 0.838807 0.001145 0.027301 0.65882353 0.43921569 0.40392157
v 0.836430 0.001900 0.027301 0.64313725 0.42745098 0.36862745
v 0.833117 0.004615 0.027301 0.68627451 0.44705882 0.36078431
v 0.832056 0.007896 0.027301 0.70196078 0.47450980 0.40392157
v 0.832254 0.009781 0.027301 0.70588235 0.49019608 0.42745098
v 0.833259 0.012722 0.027301 0.73333333 0.52156863 0.46274510
v 0.835975 0.016035 0.027301 0.80784314 0.59215686 0.53333333
v 0.852721 0.017377 0.027301 0.70980392 0.53333333 0.49019608
v 0.852410 0.017879 0.027301 0.71372549 0.54117647 0.49411765
v 0.849742 0.020355 0.027301 0.74509804 0.55686275 0.50980392
v 0.849114 0.020612 0.027301 0.79607843 0.58431373 0.53333333
v 0.839090 0.018949 0.027301 0.83529412 0.61568627 0.56078431
v 0.843257 0.020811 0.027301 0.81960784 0.60000000 0.54509804
v 0.843293 0.020820 0.027301 0.81176471 0.59215686 0.54117647
v -0.853464 0.008627 0.025784 0.66666667 0.47450980 0.42745098
v -0.847435 0.002598 0.026808 0.62352941 0.43529412 0.40000000
v -0.835377 0.002598 0.024304 0.56470588 0.41176471 0.37647059
v -0.832368 0.005592 0.024566 0.64705882 0.48235294 0.43137255
v -0.841478 0.020453 0.025754 0.81960784 0.61568627 0.55294118
v -0.838437 0.017520 0.026927 0.77647059 0.56078431 0.50980392
v -0.835420 0.014512 0.026637 0.78823529 0.55686275 0.50588235
v -0.832375 0.011599 0.026058 0.75686275 0.52941176 0.47058824
v -0.832430 0.017446 0.023490 0.76862745 0.54901961 0.49411765
v -0.829379 0.014552 0.023819 0.74509804 0.53333333 0.47058824
v -0.829356 0.008598 0.023898 0.69803922 0.49803922 0.43529412
v 0.840256 -0.000304 0.023175 0.64313725 0.40392157 0.36862745
v 0.831212 0.002711 0.024461 0.65882353 0.42352941 0.34901961
v 0.828198 0.005725 0.024113 0.67450980 0.45098039 0.39215686
v 0.831212 0.008740 0.026589 0.70980392 0.49019608 0.42352941
v 0.828201 0.011742 0.024483 0.74901961 0.53333333 0.46666667
v 0.831215 0.014761 0.024656 0.76078431 0.54509804 0.48235294
v 0.834227 0.017783 0.024395 0.83137255 0.60784314 0.54509804
v 0.852314 0.017783 0.025057 0.72941176 0.53725490 0.49411765
v -0.854872 0.013248 0.031564 0.72549020 0.53725490 0.49019608
v -0.854724 0.015914 0.031564 0.69019608 0.54509804 0.49803922
v -0.853210 0.008881 0.031564 0.67058824 0.49803922 0.45882353
v -0.850098 0.005964 0.031564 0.67450980 0.47843137 0.45098039
v -0.852356 0.019575 0.031564 0.79215686 0.62352941 0.57647059
v -0.847658 0.020449 0.031564 0.85490196 0.66274510 0.60392157
v -0.847020 0.020215 0.031564 0.88235294 0.70196078 0.64313725
v -0.845464 0.004568 0.031564 0.65490196 0.45882353 0.42745098
v -0.843739 0.004931 0.031564 0.66274510 0.47843137 0.44705882
v -0.840623 0.007843 0.031564 0.71764706 0.51372549 0.47058824
v -0.840133 0.009899 0.031564 0.75294118 0.53725490 0.49411765
v -0.840836 0.014040 0.031564 0.77254902 0.56078431 0.52156863
v -0.843635 0.018418 0.031564 0.85882353 0.68627451 0.62352941
v -0.841149 0.014887 0.031564 0.78431373 0.57647059 0.53725490
v 0.847358 0.004652 0.031564 0.69019608 0.49411765 0.45882353
v 0.844214 0.003654 0.031564 0.71372549 0.51372549 0.47843137
v 0.850765 0.007274 0.031564 0.69019608 0.49019608 0.44705882
v 0.852787 0.011281 0.031564 0.71764706 0.50588235 0.46274510
v 0.852971 0.012411 0.031564 0.74509804 0.52549020 0.48627451
v 0.842394 0.003588 0.031564 0.69803922 0.49411765 0.46274510
v 0.839429 0.004898 0.031564 0.66666667 0.45490196 0.41568627
v 0.837685 0.008296 0.031564 0.66274510 0.45098039 0.38823529
v 0.837624 0.009122 0.031564 0.66666667 0.45882353 0.39215686
v 0.838233 0.013777 0.031564 0.75294118 0.54509804 0.47843137
v 0.851952 0.017421 0.031564 0.76862745 0.57647059 0.52549020
v 0.848284 0.019782 0.031564 0.78823529 0.57647059 0.52156863
v 0.840818 0.017221 0.031564 0.83529412 0.62352941 0.56078431
v 0.844414 0.019655 0.031564 0.82745098 0.60392157 0.55294118
v -0.853464 0.008627 0.030350 0.68235294 0.49803922 0.45490196
v -0.850449 0.005612 0.030283 0.66274510 0.47450980 0.43529412
v -0.847447 0.020646 0.031041 0.83921569 0.63137255 0.57254902
v -0.841406 0.002598 0.028249 0.58823529 0.41176471 0.39215686
v -0.838391 0.005612 0.029104 0.65882353 0.47843137 0.44313725
v -0.838397 0.011620 0.030022 0.78431373 0.54901961 0.50588235
v -0.835383 0.008605 0.027767 0.72156863 0.50588235 0.45490196
v 0.843271 0.002711 0.030395 0.73333333 0.50588235 0.47843137
v 0.837241 0.002711 0.028562 0.64705882 0.43137255 0.38039216
v 0.834227 0.005725 0.028567 0.69019608 0.45490196 0.37254902
v 0.837241 0.008740 0.031164 0.66666667 0.45882353 0.39215686
v 0.834227 0.011754 0.028387 0.70980392 0.49803922 0.44313725
v 0.837241 0.014769 0.029455 0.78039216 0.57254902 0.51372549
v 0.852314 0.017783 0.029362 0.67450980 0.52941176 0.49019608
v 0.840256 0.017783 0.030171 0.83921569 0.62745098 0.56862745
v 0.843271 0.020798 0.027358 0.83137255 0.60000000 0.54901961
v -0.850733 0.011358 0.035827 0.78823529 0.56862745 0.52156863
v -0.851320 0.012512 0.035827 0.81960784 0.59215686 0.54117647
v -0.848643 0.009835 0.035827 0.77647059 0.56862745 0.52941176
v -0.848717 0.015936 0.035827 0.86666667 0.67843137 0.63921569
v -0.846342 0.013560 0.035827 0.81568627 0.61176471 0.56862745
v -0.847157 0.014933 0.035827 0.84313725 0.65098039 0.60392157
v 0.848112 0.009927 0.035827 0.67058824 0.44313725 0.39607843
v 0.844382 0.009851 0.035827 0.65490196 0.42352941 0.36078431
v 0.849206 0.014675 0.035827 0.78039216 0.55686275 0.50196078
v 0.844033 0.014006 0.035827 0.77647059 0.55686275 0.48235294
v -0.853464 0.014656 0.034135 0.81568627 0.60784314 0.55686275
v -0.847435 0.008627 0.035223 0.74117647 0.53725490 0.50588235
v -0.850450 0.017669 0.034852 0.87843137 0.69411765 0.65490196
v -0.844421 0.011639 0.034953 0.79215686 0.58039216 0.53333333
v -0.844433 0.017628 0.032828 0.87058824 0.69411765 0.63529412
v -0.841417 0.014620 0.031952 0.78039216 0.57647059 0.53725490
v -0.844420 0.005612 0.032309 0.67843137 0.49019608 0.45882353
v -0.841406 0.008625 0.032369 0.72941176 0.52549020 0.48627451
v 0.846285 0.005725 0.033396 0.65882353 0.49019608 0.45490196
v 0.849299 0.008740 0.034482 0.63529412 0.43921569 0.40000000
v 0.852314 0.011754 0.032905 0.74901961 0.51372549 0.46274510
v 0.840256 0.005725 0.032448 0.63921569 0.43921569 0.40000000
v 0.843270 0.008740 0.035089 0.61960784 0.40784314 0.35294118
v 0.840256 0.011754 0.033965 0.72549020 0.50588235 0.43137255
v 0.849300 0.014769 0.035759 0.78823529 0.57647059 0.52549020
v 0.843270 0.014769 0.035108 0.79215686 0.57647059 0.50588235
v 0.846285 0.017783 0.034367 0.83137255 0.62352941 0.56470588
v -0.850449 0.011641 0.036017 0.79607843 0.57647059 0.52941176
v -0.847435 0.014654 0.035983 0.83921569 0.64313725 0.60000000
v 0.846285 0.011754 0.036472 0.72549020 0.49019608 0.42352941
f 4 23 1
f 6800 6715 6731
f 6731 6797 6798
f 6800 6731 6798
f 6800 6798 6774
f 6781 6800 6774
f 6856 6781 6774
f 6734 6614 6604
f 6614 6734 6733
f 6733 6612 6614
f 6729 6730 6609
f 6609 6612 6733
f 6729 6609 6733
f 6730 6728 6600
f 6600 6609 6730
f 6604 6602 6734
f 6601 6718 6733
f 6602 6601 6733
f 6734 6602 6733
f 6601 6578 6667
f 6601 6667 6635
f 6718 6601 6635
f 6733 6718 6729
f 6729 6718 6679
f 6728 6691 6646
f 6646 6582 6600
f 6728 6646 6600
f 6539 6452 6447
f 6539 6450 6452
f 6447 6535 6539
f 6450 6539 6537
f 6537 6449 6450
f 6507 6509 6537
f 6537 6539 6535
f 6507 6537 6535
f 6535 6447 6445
f 6445 6534 6535
f 6444 6533 6445
f 6445 6533 6534
f 6535 6534 6507
f 6507 6534 6504
f 6502 6504 6534
f 6534 6533 6502
f 6411 6408 6482
f 6445 6482 6444
f 6417 6416 6484
f 6417 6484 6486
f 6490 6417 6486
f 6411 6482 6416
f 6416 6482 6484
f 6452 6450 6487
f 6379 6414 6489
f 6487 6379 6489
f 6452 6487 6489
f 6489 6486 6452
f 6452 6486 6447
f 6449 6402 6375
f 6450 6449 6375
f 6450 6375 6487
f 6445 6447 6486
f 6486 6484 6445
f 6484 6482 6445
f 6418 6417 6490
f 6420 6489 6419
f 6490 6486 6489
f 6487 6377 6379
f 6487 6375 6377
f 6490 6420 6418
f 6489 6414 6419
f 6420 6490 6489
f 6553 6554 6560
f 6560 6559 6553
f 6552 6553 6559
f 6559 6558 6552
f 6552 6558 6551
f 6557 6556 6561
f 6561 6562 6557
f 6555 6561 6556
f 6876 6877 6924
f 6874 6876 6922
f 6922 6876 6923
f 6875 6874 6922
f 6924 6923 6876
f 6924 6877 6878
f 6880 6879 6925
f 6926 6925 6922
f 6913 6930 6929
f 6913 6929 6927
f 6911 6913 6927
f 6911 6927 6926
f 6910 6923 6924
f 6912 6910 6924
f 6912 6924 6928
f 6911 6926 6922
f 6910 6911 6922
f 6910 6922 6923
f 6883 6882 6927
f 6927 6882 6881
f 6927 6881 6925
f 6927 6925 6926
f 6881 6880 6925
f 6925 6879 6875
f 6925 6875 6922
f 6913 6912 6930
f 6912 6928 6930
f 6924 6878 6928
f 6930 6885 6887
f 6930 6887 6886
f 6886 6929 6930
f 6883 6927 6886
f 6886 6927 6929
f 6885 6930 6928
f 6928 6884 6885
f 6928 6878 6884
f 6932 6908 6909
f 6909 6907 6932
f 6908 6932 6931
f 6931 6906 6908
f 6905 6931 6907
f 6907 6931 6932
f 6931 6904 6906
f 6905 6904 6931
f 5189 5184 5728
f 5735 5189 5728
f 5184 5176 5717
f 5551 5728 5550
f 5728 5717 5715
f 5550 5728 5715
f 5544 5550 5715
f 5184 5717 5728
f 5535 5544 5715
f 5538 5727 5540
f 5538 5536 5724
f 5538 5724 5685
f 5538 5685 5727
f 5536 5533 5719
f 5719 5724 5536
f 5535 5714 5529
f 5715 5714 5535
f 5735 5728 5551
f 5551 5553 5735
f 5189 5735 5737
f 5561 5700 5560
f 5560 5700 5699
f 5560 5699 5739
f 5558 5560 5739
f 5556 5558 5739
f 5739 5738 5556
f 5699 5168 5163
f 5163 5739 5699
f 5739 5163 5162
f 5162 5737 5738
f 5739 5162 5738
f 5162 5160 5737
f 5556 5738 5555
f 5738 5737 5735
f 5555 5738 5735
f 5553 5555 5735
f 5737 5160 5189
f 5532 5719 5533
f 5717 5176 5173
f 5173 5715 5717
f 5715 5173 5170
f 5687 5685 5142
f 5142 5145 5687
f 5145 5147 5689
f 5685 5687 5741
f 5689 5687 5145
f 5153 5129 5694
f 5715 5170 5712
f 5715 5712 5714
f 5170 5165 5712
f 5714 5712 5709
f 5529 5714 5709
f 5523 5529 5709
f 5161 5703 5709
f 5165 5161 5709
f 5712 5165 5709
f 5709 5707 5523
f 5523 5707 5519
f 5709 5703 5697
f 5697 5707 5709
f 5161 5154 5703
f 5153 5694 5697
f 5154 5153 5697
f 5703 5154 5697
f 5689 5147 5151
f 5741 5727 5685
f 5687 5689 5742
f 5742 5741 5687
f 5585 5745 5746
f 5745 5179 5192
f 5745 5744 5174
f 5174 5179 5745
f 5743 5744 5576
f 5576 5744 5578
f 5576 5573 5742
f 5742 5743 5576
f 5744 5743 5171
f 5171 5174 5744
f 5742 5689 5151
f 5743 5742 5151
f 5743 5151 5171
f 5573 5571 5741
f 5741 5742 5573
f 5571 5540 5727
f 5727 5741 5571
f 5585 5744 5745
f 5585 5578 5744
f 5746 5192 5194
f 5527 5591 5748
f 5527 5748 5749
f 5748 5747 5196
f 5748 5196 5200
f 5749 5748 5200
f 5588 5748 5591
f 5587 5746 5747
f 5587 5747 5748
f 5588 5587 5748
f 5585 5746 5587
f 5747 5194 5196
f 5746 5745 5192
f 5747 5746 5194
f 5190 5353 5188
f 5188 5353 5186
f 5356 4841 4836
f 4836 5353 5356
f 5353 4836 4831
f 5353 4831 5350
f 5186 5353 5350
f 5182 5186 5350
f 4831 4826 5350
f 5182 5350 5178
f 5350 4826 4825
f 5350 4825 5348
f 5178 5350 5348
f 5172 5178 5348
f 5172 5348 5169
f 5356 5353 5190
f 5304 5306 4974
f 4974 4973 5304
f 4970 4974 5290
f 5290 4974 5306
f 4973 4947 5304
f 5304 4947 5267
f 5298 5300 4968
f 4968 4963 5298
f 4946 4968 5266
f 5266 4968 5300
f 4963 4948 5298
f 5298 4948 5268
f 5967 5568 5575
f 5865 5978 5867
f 5862 5965 5967
f 5865 5862 5967
f 5865 5967 5978
f 5848 5965 5862
f 5854 5859 5975
f 5981 5575 5579
f 5975 5972 5854
f 5975 5574 5944
f 5975 5944 5972
f 5854 5972 5850
f 5850 5972 5944
f 5844 5850 5944
f 5844 5944 5942
f 5967 5965 5963
f 5574 5559 5944
f 5981 5967 5575
f 5981 5978 5967
f 5981 5579 5580
f 5520 5584 5918
f 5876 5832 5918
f 5918 5991 5876
f 5876 5991 5871
f 5918 5584 5583
f 5583 5991 5918
f 5871 5991 5583
f 5871 5583 5581
f 5871 5581 5975
f 5859 5871 5975
f 5581 5574 5975
f 5839 5869 5981
f 5981 5580 5541
f 5839 5981 5541
f 5869 5867 5978
f 5978 5981 5869
f 5963 5567 5568
f 5967 5963 5568
f 5846 5948 5963
f 5848 5846 5963
f 5836 5837 5926
f 5836 5926 5927
f 5940 5542 5539
f 5940 5539 5920
f 5940 5920 5926
f 5539 5518 5920
f 5932 5531 5537
f 5932 5931 5528
f 5528 5531 5932
f 5931 5927 5925
f 5931 5925 5525
f 5931 5525 5528
f 5925 5524 5525
f 5927 5926 5922
f 5922 5925 5927
f 5919 5922 5920
f 5920 5922 5926
f 5837 5940 5926
f 5545 5542 5940
f 5838 5545 5940
f 5848 5963 5965
f 5963 5564 5567
f 5948 5932 5537
f 5963 5948 5537
f 5963 5537 5564
f 5842 5948 5846
f 5844 5942 5838
f 5842 5840 5931
f 5842 5931 5932
f 5842 5932 5948
f 5840 5836 5927
f 5927 5931 5840
f 5559 5547 5944
f 5944 5547 5546
f 5546 5942 5944
f 5838 5942 5546
f 5838 5546 5545
f 5837 5838 5940
f 5925 5922 5521
f 6105 6109 5444
f 5444 5440 6105
f 6109 5609 5444
f 5609 5222 5444
f 6109 6038 5609
f 6115 6059 6058
f 6058 6053 6048
f 6115 6058 6048
f 6113 6115 6048
f 6113 6048 6043
f 6113 6043 5884
f 6109 5882 6038
f 5609 5772 5222
f 5521 5524 5925
f 5516 5521 5919
f 5919 5521 5922
f 5226 5237 5755
f 5616 5801 5615
f 5614 5615 5801
f 5801 5780 5614
f 5610 5614 5780
f 5780 5775 5610
f 5609 5610 5775
f 5775 5772 5609
f 5797 5801 5616
f 5797 5795 5799
f 5799 5801 5797
f 5795 5789 5784
f 5784 5799 5795
f 5801 5799 5778
f 5778 5780 5801
f 5799 5784 5233
f 5799 5233 5232
f 5799 5232 5778
f 5789 5787 5235
f 5789 5235 5234
f 5789 5234 5784
f 5231 5235 5787
f 5234 5233 5784
f 5780 5778 5230
f 5230 5229 5775
f 5780 5230 5775
f 5232 5230 5778
f 5223 5772 5229
f 5229 5772 5775
f 5223 5222 5772
f 5920 5518 5517
f 5517 5919 5920
f 5517 5516 5919
f 4722 4287 4720
f 4288 4287 4722
f 4311 4316 4754
f 4754 4316 4771
f 4754 4748 4302
f 4302 4311 4754
f 4299 4302 4734
f 4734 4302 4748
f 4734 4732 4296
f 4296 4299 4734
f 4293 4296 4731
f 4731 4296 4732
f 4726 4546 4377
f 4377 4155 4290
f 4726 4377 4290
f 4290 4289 4726
f 4726 4289 4724
f 4722 4724 4289
f 4289 4288 4722
f 4571 4771 4675
f 4771 4406 4675
f 4771 4316 4406
f 4316 4177 4406
f 4300 4297 4806
f 4301 4300 4806
f 4739 4301 4806
f 4740 4739 4806
f 4743 4737 4806
f 4806 4297 4292
f 4806 4292 4807
f 4743 4806 4807
f 4740 4806 4737
f 4177 4487 4406
f 4983 4982 5115
f 4980 5125 5124
f 4981 4980 5124
f 4981 5124 5126
f 5124 4643 5126
f 5126 4643 4647
f 4979 5121 4971
f 4982 4638 5115
f 4955 5105 4978
f 4979 4978 5098
f 4979 5098 5121
f 5123 5125 4976
f 4976 5125 4977
f 4972 5122 4975
f 4976 4975 5122
f 5122 5119 5123
f 4978 5105 5098
f 4982 5126 4638
f 5126 4647 4638
f 4981 5126 4982
f 4908 4987 4628
f 4628 4576 4908
f 4630 4626 4988
f 4988 4626 4986
f 4626 4628 4986
f 4986 4628 4987
f 4984 5127 4985
f 5115 5127 4983
f 4983 5127 4984
f 4977 5125 4980
f 4976 5122 5123
f 5124 5125 5123
f 5123 4641 4642
f 5124 5123 4642
f 4956 5106 5116
f 4970 4956 5116
f 4970 5116 5099
f 5115 4638 4639
f 4633 4629 5110
f 4637 4634 5114
f 4637 5114 5112
f 5112 4636 4637
f 4969 5114 4634
f 4962 4969 4634
f 4634 4633 5110
f 4962 4634 5110
f 5112 5114 4964
f 4964 5114 4969
f 4965 4966 5113
f 4646 4636 5112
f 5113 4646 5112
f 5096 5099 5116
f 5116 5117 5096
f 5108 5118 5116
f 5124 4642 4643
f 5119 5118 4640
f 5123 5119 4640
f 4641 5123 4640
f 5108 4624 5118
f 5118 4624 4640
f 4971 5121 5120
f 4972 4971 5120
f 4972 5120 5122
f 5120 5117 5122
f 5122 5117 5119
f 5098 5097 5121
f 5121 5097 5120
f 5097 5096 5120
f 5120 5096 5117
f 5118 5119 5117
f 5117 5116 5118
f 5116 5106 5108
f 4965 5113 5112
f 4967 5113 4966
f 4627 4625 5111
f 5059 5058 5062
f 5059 5062 4585
f 4586 5059 4585
f 4584 5062 5061
f 5061 4581 4584
f 4931 5061 5062
f 4914 4931 5062
f 4914 5062 5058
f 5060 4583 4580
f 5057 4579 4582
f 4923 4913 5057
f 4582 4583 5060
f 5057 4582 5060
f 4923 5057 5060
f 4929 4924 5060
f 4929 5060 4580
f 4580 4581 5061
f 5062 4584 4585
f 5105 5094 5098
f 5103 5102 5104
f 4953 5103 5104
f 4954 4953 5104
f 5102 5093 5104
f 5104 5093 5094
f 4952 4951 5101
f 5101 5103 4952
f 4950 5101 4951
f 5101 5100 5103
f 5103 5100 5102
f 5093 5102 5100
f 5100 5095 5093
f 4950 4949 5100
f 5100 5101 4950
f 5095 5100 4948
f 4948 5100 4949
f 5104 5094 5105
f 5094 5092 5098
f 4954 5105 4955
f 4952 5103 4953
f 4629 4627 5111
f 5110 4629 5111
f 5110 5111 5109
f 4625 4624 5108
f 5111 4625 5108
f 5111 5108 5107
f 4960 5109 5111
f 4959 4960 5111
f 4959 5111 5107
f 5110 5109 4962
f 4962 5109 4961
f 4961 5109 4960
f 4958 5107 5108
f 4957 4958 5108
f 4957 5108 5106
f 4959 5107 4958
f 4957 5106 4956
f 5104 5105 4954
f 4965 5112 4964
f 5098 5092 5097
f 5092 5091 5096
f 5096 5097 5092
f 5092 5094 5093
f 5093 5090 5092
f 5091 5092 5090
f 4947 5091 5090
f 4946 4947 5090
f 4929 4580 5061
f 4929 5061 4931
f 5058 5059 4916
f 4916 5059 4920
f 4914 5058 4916
f 4911 4578 4579
f 4911 4579 5057
f 4912 4911 5057
f 4912 5057 4913
f 4576 4578 4908
f 4908 4578 4911
f 4923 5060 4924
f 6428 6279 6280
f 6279 6428 6424
f 6424 6277 6279
f 6379 6377 6276
f 6379 6276 6277
f 6379 6277 6424
f 6422 6274 6276
f 6375 6422 6276
f 6377 6375 6276
f 6422 6273 6274
f 6280 6431 6428
f 6431 6280 6283
f 6261 6260 6255
f 6255 6256 6261
f 6260 6259 6252
f 6252 6255 6260
f 6257 6243 6258
f 6258 6243 6245
f 6254 6257 6256
f 6262 6260 6263
f 6256 6257 6258
f 6257 6239 6243
f 6257 6254 6248
f 6248 6251 6257
f 6256 6255 6253
f 6253 6254 6256
f 6255 6252 5898
f 6255 5898 5901
f 6251 6239 6257
f 6259 6260 6262
f 6263 6261 6264
f 6260 6261 6263
f 6266 6267 6269
f 6268 6247 5892
f 6268 5892 5907
f 6268 5907 6266
f 6267 6266 5906
f 6267 5906 5886
f 6267 5886 6240
f 5907 5906 6266
f 6265 5903 5904
f 5905 6264 6261
f 6261 6265 5904
f 5905 6261 5904
f 5903 6265 6258
f 6258 6245 5902
f 5903 6258 5902
f 6256 6258 6261
f 6261 6258 6265
f 6255 5901 6253
f 6254 6253 5900
f 6254 5900 5895
f 6254 5895 6248
f 5888 5887 6241
f 5886 5885 6240
f 5885 5889 6244
f 6269 6268 6266
f 6244 6240 5885
f 6246 5889 5888
f 5901 5900 6253
f 5899 5898 6252
f 6239 6251 6249
f 6249 6250 6239
f 6251 6248 5894
f 6251 5894 5897
f 6251 5897 6249
f 6250 6249 5896
f 6250 5896 5893
f 6250 5893 6247
f 5897 5896 6249
f 5895 5894 6248
f 5893 5892 6247
f 5891 6246 6241
f 6241 5890 5891
f 6241 5887 5890
f 6246 6244 5889
f 6246 5888 6241
f 6240 6244 6270
f 6270 6267 6240
f 5909 6244 5908
f 5914 6272 6269
f 6269 5911 5914
f 5913 6242 6271
f 6271 6272 5912
f 5913 6271 5912
f 6250 6271 6239
f 6239 6271 6242
f 6268 6269 6271
f 6271 6269 6272
f 6271 6250 6247
f 6247 6268 6271
f 6270 5909 5910
f 5911 6269 6267
f 6267 6270 5910
f 5911 6267 5910
f 5909 6270 6244
f 6244 6246 5908
f 6272 5914 5912
f 6246 5891 5908
f 5877 6238 6334
f 6334 6090 5877
f 6334 6238 6235
f 6280 6334 6235
f 6283 6280 6235
f 6090 6334 6332
f 6283 6235 6234
f 6332 6164 6090
f 6332 6334 6279
f 6279 6334 6280
f 6164 6332 6329
f 6329 6161 6164
f 6329 6332 6277
f 6277 6332 6279
f 6329 6159 6161
f 6276 6156 6159
f 6276 6159 6329
f 6277 6276 6329
f 6276 6274 6153
f 6153 6156 6276
f 6274 6273 6097
f 6097 6153 6274
f 947 1072 945
f 947 943 1070
f 1070 1072 947
f 945 1072 1071
f 946 945 1071
f 946 1071 1073
f 1071 1065 1073
f 1073 1065 1067
f 1070 1069 1072
f 902 677 999
f 898 1025 901
f 1025 675 676
f 898 895 1016
f 1016 658 675
f 898 1016 675
f 898 675 1025
f 896 1022 888
f 895 890 1015
f 1015 1016 895
f 1013 1015 881
f 881 1015 890
f 674 667 1022
f 888 1022 667
f 888 667 663
f 888 663 1020
f 884 888 1020
f 902 901 677
f 901 676 677
f 896 904 1022
f 902 999 865
f 680 679 870
f 870 679 906
f 904 906 679
f 679 678 904
f 904 678 674
f 904 674 1022
f 901 1025 676
f 663 660 1020
f 881 884 1020
f 881 1011 1013
f 659 1011 660
f 660 1011 1020
f 1016 656 658
f 1016 1015 655
f 655 656 1016
f 1015 1013 654
f 654 655 1015
f 665 654 1011
f 1011 654 1013
f 659 665 1011
f 881 1020 1011
f 1058 706 1059
f 1059 706 707
f 706 1058 1055
f 1055 705 706
f 1061 1060 1063
f 1063 1060 1062
f 1060 1057 1062
f 1062 1057 1059
f 935 934 1060
f 1060 1061 935
f 1057 1060 932
f 932 1060 934
f 1057 1056 1059
f 1059 1056 1058
f 1055 1058 1056
f 1056 1053 1055
f 1056 1057 931
f 708 1064 707
f 931 1057 932
f 1064 1062 707
f 1065 1062 1064
f 1072 1069 1071
f 1069 1063 1071
f 1071 1063 1065
f 938 1070 943
f 937 1068 1069
f 938 937 1069
f 938 1069 1070
f 1068 1061 1069
f 1069 1061 1063
f 936 1068 937
f 936 935 1061
f 1061 1068 936
f 1065 1064 1067
f 1067 1064 1066
f 1064 708 1066
f 1066 708 709
f 1063 1062 1065
f 1062 1059 707
f 1053 1056 930
f 930 1056 931
f 1484 1482 1542
f 1539 1535 1542
f 1542 1535 1537
f 1481 1475 1533
f 1481 1533 1539
f 1481 1539 1541
f 1535 1539 1533
f 1533 1530 1535
f 1479 1537 1535
f 1478 1479 1535
f 1478 1535 1534
f 1478 1534 1477
f 1530 1528 1535
f 1535 1528 1534
f 1534 1528 1525
f 1477 1534 1525
f 1470 1477 1525
f 1482 1539 1542
f 1531 1533 1474
f 1482 1541 1539
f 1489 1537 1486
f 1487 1538 1491
f 1494 1541 1482
f 1481 1541 1494
f 1484 1542 1489
f 1542 1537 1489
f 1486 1537 1479
f 1474 1533 1475
f 1533 830 828
f 1533 1531 830
f 1530 1533 828
f 1473 1531 1474
f 1471 1527 823
f 1473 1471 823
f 823 830 1531
f 1473 823 1531
f 828 827 1530
f 1530 827 1528
f 827 826 1528
f 1528 826 1525
f 1527 822 823
f 1470 1525 1468
f 1280 1341 1333
f 1280 1333 902
f 1280 902 865
f 1341 1340 1331
f 1331 1333 1341
f 906 1334 1340
f 870 906 1340
f 1108 1340 1341
f 1290 870 1340
f 1329 1331 1334
f 1334 1331 1340
f 1334 904 896
f 896 1329 1334
f 1333 901 902
f 1331 1323 898
f 1333 1331 898
f 906 904 1334
f 1108 1104 1340
f 1104 1290 1340
f 1341 1280 1099
f 1099 1108 1341
f 1333 898 901
f 1323 895 898
f 1331 1329 1320
f 1320 1323 1331
f 1329 896 888
f 888 1315 1320
f 1329 888 1320
f 1323 1320 890
f 890 895 1323
f 881 890 1315
f 1315 890 1320
f 888 884 1315
f 884 881 1315
f 462 504 465
f 832 853 617
f 831 832 617
f 831 617 528
f 831 528 778
f 831 778 829
f 829 778 527
f 829 527 430
f 829 430 419
f 825 829 419
f 824 825 419
f 419 417 824
f 417 414 609
f 417 609 510
f 824 417 510
f 661 824 510
f 700 783 696
f 853 618 617
f 853 621 618
f 851 622 621
f 826 854 837
f 837 854 851
f 836 837 851
f 836 851 853
f 836 853 832
f 856 852 835
f 835 852 822
f 851 852 856
f 856 622 851
f 834 856 835
f 833 615 620
f 834 833 620
f 620 622 856
f 834 620 856
f 833 673 776
f 833 776 526
f 833 526 615
f 853 851 621
f 699 786 702
f 701 702 786
f 786 785 701
f 785 783 701
f 701 783 700
f 698 786 699
f 698 697 784
f 698 784 785
f 698 785 786
f 783 785 784
f 784 782 783
f 655 654 505
f 777 774 542
f 777 542 541
f 772 777 541
f 774 775 768
f 768 767 774
f 542 774 767
f 767 537 542
f 772 770 690
f 690 770 689
f 689 770 688
f 772 541 540
f 770 772 540
f 770 540 769
f 770 769 688
f 688 769 687
f 540 539 769
f 687 769 539
f 775 774 777
f 686 687 539
f 777 779 775
f 768 775 685
f 780 784 693
f 693 784 697
f 782 784 780
f 780 779 782
f 696 783 782
f 695 696 782
f 695 782 781
f 695 781 694
f 781 782 779
f 779 777 781
f 690 694 781
f 781 777 772
f 690 781 772
f 692 780 693
f 692 691 775
f 692 775 779
f 692 779 780
f 685 775 691
f 505 507 655
f 686 539 538
f 686 534 680
f 677 530 765
f 529 530 675
f 675 530 676
f 675 658 512
f 512 529 675
f 524 520 674
f 674 520 667
f 520 518 667
f 667 518 663
f 660 663 518
f 518 517 660
f 517 515 660
f 660 515 659
f 658 656 508
f 508 512 658
f 656 655 507
f 507 508 656
f 530 531 765
f 538 534 686
f 677 676 530
f 674 678 532
f 684 768 685
f 766 767 768
f 683 766 768
f 684 683 768
f 537 767 766
f 766 536 537
f 682 766 683
f 681 765 535
f 681 535 536
f 681 536 766
f 682 681 766
f 677 765 681
f 765 531 535
f 679 680 534
f 534 533 679
f 533 532 679
f 679 532 678
f 532 524 674
f 2286 2284 2711
f 2284 2279 2711
f 2711 2279 2704
f 2523 2710 2527
f 2523 2520 2709
f 2709 2282 2283
f 2523 2709 2283
f 2529 2704 2515
f 2523 2283 2710
f 2708 2281 2709
f 2709 2281 2282
f 2281 2708 2706
f 2706 2280 2281
f 2708 2709 2517
f 2517 2709 2518
f 2706 2708 2516
f 2518 2709 2520
f 2711 2704 2529
f 2529 2286 2711
f 2529 2532 2286
f 2546 2722 2547
f 2544 2716 2719
f 2546 2544 2719
f 2546 2719 2722
f 2535 2716 2544
f 2716 2297 2298
f 2719 2716 2298
f 2717 2719 2298
f 2298 2291 2717
f 2717 2291 2713
f 2294 2297 2716
f 2710 2294 2716
f 2527 2710 2716
f 2535 2527 2716
f 2710 2283 2294
f 2713 2291 2286
f 2532 2713 2286
f 2516 2708 2517
f 2515 2704 2514
f 2279 2278 2703
f 2704 2279 2703
f 2552 2713 2532
f 2514 2704 2703
f 2513 2514 2703
f 2513 2703 2512
f 2552 2566 2713
f 2566 2723 2713
f 2723 2717 2713
f 2605 2748 2604
f 2603 2748 2605
f 2519 2604 2748
f 2519 2748 2316
f 2519 2316 2285
f 2601 2746 2311
f 2603 2601 2311
f 2311 2316 2748
f 2603 2311 2748
f 2705 2747 2525
f 2525 2747 2602
f 2705 2299 2313
f 2313 2747 2705
f 2602 2747 2745
f 2601 2602 2745
f 2601 2745 2746
f 2306 2745 2747
f 2591 2735 2592
f 2591 2589 2730
f 2591 2730 2732
f 2591 2732 2735
f 2727 2732 2730
f 2730 2724 2727
f 2722 2730 2547
f 2547 2730 2589
f 2724 2730 2722
f 2722 2719 2724
f 2581 2727 2571
f 2571 2727 2724
f 2571 2724 2723
f 2567 2571 2723
f 2567 2723 2566
f 2723 2724 2719
f 2719 2717 2723
f 2581 2732 2727
f 2747 2313 2306
f 2581 2595 2732
f 2735 2732 2736
f 2746 2308 2311
f 2746 2745 2302
f 2302 2308 2746
f 2306 2302 2745
f 2741 2743 2599
f 2599 2743 2600
f 2739 2743 2741
f 2741 2737 2739
f 2598 2741 2599
f 2592 2735 2737
f 2598 2592 2737
f 2598 2737 2741
f 2597 2739 2737
f 2596 2597 2737
f 2596 2737 2736
f 2596 2736 2595
f 2736 2737 2735
f 2595 2736 2732
f 2390 2393 2023
f 2023 2018 2390
f 2027 2025 2396
f 2396 2025 2394
f 2396 2360 2028
f 2028 2027 2396
f 2025 2023 2394
f 2394 2023 2393
f 2387 2388 2016
f 2016 2015 2387
f 2018 2016 2390
f 2390 2016 2388
f 2015 2013 2387
f 2387 2013 2383
f 2402 2481 2354
f 2500 2498 2403
f 2403 2498 2401
f 2401 2498 2057
f 2402 2401 2057
f 2057 1986 2481
f 2402 2057 2481
f 2058 2056 2500
f 2500 2056 2498
f 2498 2056 2057
f 2850 2849 2887
f 2887 2242 2210
f 2850 2887 2210
f 2850 2210 2883
f 2885 2886 2844
f 2844 2886 2846
f 2840 2884 2842
f 2842 2884 2218
f 2842 2218 2223
f 2842 2223 2885
f 2844 2842 2885
f 2885 2225 2886
f 2886 2225 2240
f 2885 2223 2225
f 2883 2213 2216
f 2837 2883 2216
f 2840 2837 2216
f 2852 2887 2849
f 2840 2216 2884
f 2850 2883 2837
f 2854 2500 2403
f 2846 2886 2854
f 2240 2058 2500
f 2886 2240 2500
f 2854 2886 2500
f 2670 2854 2403
f 2884 2216 2218
f 2827 2881 2831
f 2883 2210 2213
f 2801 2186 2803
f 2805 2803 2871
f 2335 2725 2874
f 2461 2335 2874
f 2461 2874 2206
f 1978 2461 2206
f 2874 2194 2206
f 2874 2725 2813
f 2813 2725 2560
f 2813 2811 2192
f 2192 2194 2874
f 2813 2192 2874
f 2811 2808 2871
f 2811 2871 2190
f 2811 2190 2192
f 2871 2188 2190
f 2805 2871 2808
f 2186 2188 2871
f 2803 2186 2871
f 2184 2186 2801
f 2396 2394 2649
f 2360 2396 2609
f 2609 2396 2652
f 2394 2393 2649
f 2649 2393 2647
f 2388 2387 2645
f 2645 2387 2644
f 2390 2388 2646
f 2646 2388 2645
f 2643 2644 2387
f 2387 2383 2643
f 2649 2652 2396
f 2393 2390 2646
f 2646 2647 2393
f 2336 2334 2477
f 2477 1939 1940
f 2336 2477 1940
f 2332 2477 2334
f 2476 1936 1938
f 2476 1938 2477
f 2330 2476 2477
f 2332 2330 2477
f 2476 1932 1936
f 2327 2476 2330
f 2477 1938 1939
f 2327 2321 2457
f 2457 1929 1932
f 2457 1932 2476
f 2327 2457 2476
f 1981 1980 2471
f 2471 1980 1979
f 2470 2471 1979
f 2470 1979 2469
f 2314 2470 2312
f 2312 2470 2469
f 2309 2312 2469
f 2309 2469 2467
f 2309 2467 2307
f 1979 1977 2469
f 2467 2469 1977
f 1977 1976 2464
f 2467 1977 2464
f 2304 2307 2467
f 2467 2464 2304
f 1974 2460 1976
f 1976 2460 2464
f 2314 2471 2470
f 2314 2315 2471
f 2472 2474 2471
f 2301 2457 2321
f 2457 1927 1929
f 1923 1919 2448
f 1919 1918 2475
f 2448 1919 2475
f 2443 2448 2475
f 1917 2474 1918
f 1918 2474 2475
f 1917 1982 2474
f 2443 2475 2319
f 2319 2475 2318
f 2318 2475 2474
f 2317 2318 2474
f 2317 2474 2472
f 2317 2472 2315
f 2474 1982 1981
f 2474 1981 2471
f 2315 2472 2471
f 2304 2464 2460
f 2303 2304 2460
f 2303 2460 2453
f 1974 1972 2460
f 2434 2440 2445
f 2290 2434 2445
f 2292 2290 2445
f 1948 2440 2434
f 2434 1946 1948
f 2288 2434 2290
f 2288 2287 2433
f 1944 1946 2434
f 2433 1944 2434
f 2288 2433 2434
f 2431 1942 2433
f 2433 1942 1944
f 2431 1934 1942
f 2292 2445 2293
f 2440 1948 1951
f 2445 2440 1951
f 1972 1970 2450
f 2460 1972 2450
f 2453 2460 2450
f 1966 2446 1970
f 1970 2446 2450
f 2455 1964 1927
f 2455 1927 2457
f 2300 2455 2457
f 2301 2300 2457
f 2451 1961 2455
f 2455 1961 1964
f 2296 2455 2300
f 2296 2293 2445
f 2445 2451 2455
f 2296 2445 2455
f 2451 1953 1961
f 1953 2451 2445
f 1953 2445 1951
f 2206 2123 2125
f 1978 2206 2125
f 1978 2125 2121
f 1807 1794 1787
f 1807 1787 1629
f 1629 2123 2264
f 1807 1629 2264
f 1807 2264 1803
f 1800 1803 2264
f 1800 2262 1798
f 1800 2264 2262
f 2184 2246 2186
f 2194 2254 2264
f 2206 2194 2264
f 2206 2264 2123
f 2262 2264 2254
f 2254 2253 2262
f 2250 2254 2192
f 2192 2254 2194
f 2250 1494 1482
f 2254 2250 1482
f 2253 2254 1482
f 2190 2250 2192
f 2188 2248 1481
f 2190 2188 1481
f 2190 1481 1494
f 2190 1494 2250
f 2246 2248 2186
f 2186 2248 2188
f 279 278 380
f 281 280 381
f 382 381 279
f 385 287 288
f 385 384 286
f 286 287 385
f 382 380 285
f 384 382 285
f 384 285 286
f 380 278 285
f 342 284 283
f 342 283 383
f 341 342 383
f 283 282 383
f 341 383 381
f 340 341 381
f 340 381 382
f 281 381 282
f 282 381 383
f 381 280 279
f 382 279 380
f 255 276 250
f 253 277 254
f 255 254 277
f 255 277 190
f 190 186 276
f 255 190 276
f 251 247 178
f 178 187 251
f 252 189 277
f 253 252 277
f 277 189 190
f 252 251 187
f 187 188 252
f 276 275 250
f 250 275 249
f 252 188 189
f 248 249 275
f 275 274 248
f 186 185 276
f 276 185 275
f 275 185 184
f 275 184 273
f 274 275 273
f 248 274 246
f 242 246 274
f 274 273 242
f 183 272 184
f 184 272 273
f 272 183 181
f 237 272 181
f 241 237 181
f 273 272 242
f 242 272 240
f 240 272 237
f 340 384 343
f 382 384 340
f 344 343 384
f 359 392 354
f 357 393 358
f 393 389 392
f 295 294 387
f 350 351 387
f 387 294 293
f 350 387 293
f 293 292 350
f 350 292 349
f 342 349 292
f 292 284 342
f 347 386 348
f 290 291 386
f 346 290 386
f 347 346 386
f 346 345 289
f 289 290 346
f 345 344 385
f 385 288 289
f 345 385 289
f 386 291 296
f 296 388 386
f 388 296 389
f 358 393 392
f 359 358 392
f 356 393 357
f 355 388 389
f 356 355 389
f 356 389 393
f 386 388 348
f 348 388 355
f 353 354 392
f 392 391 353
f 391 390 353
f 353 390 352
f 392 389 297
f 392 297 299
f 391 392 299
f 299 298 391
f 391 298 390
f 389 296 297
f 384 385 344
f 207 122 124
f 124 213 207
f 207 213 181
f 181 213 182
f 179 180 213
f 213 124 121
f 179 213 121
f 182 213 180
f 171 179 121
f 121 114 171
f 6791 6730 6729
f 6730 6791 6789
f 6789 6787 6728
f 6730 6789 6728
f 6729 6679 6793
f 6761 6850 6759
f 6793 6761 6759
f 6793 6759 6790
f 6729 6793 6790
f 6791 6729 6790
f 6611 6628 6627
f 6628 6626 6622
f 6622 6627 6628
f 6528 6527 6626
f 6521 6622 6527
f 6527 6622 6626
f 6589 6575 6599
f 6611 6613 6628
f 6590 6589 6599
f 6590 6557 6562
f 6591 6590 6562
f 6606 6603 6525
f 6525 6526 6621
f 6606 6525 6621
f 6606 6621 6608
f 6562 6522 6525
f 6590 6599 6557
f 6613 6629 6628
f 6529 6626 6628
f 6528 6626 6529
f 6629 6532 6530
f 6621 6526 6531
f 6608 6621 6531
f 6608 6531 6532
f 6608 6532 6629
f 6613 6608 6629
f 6629 6530 6529
f 6529 6628 6629
f 6591 6562 6525
f 6603 6591 6525
f 6632 6509 6507
f 6632 6507 6504
f 6609 6600 6616
f 6609 6616 6505
f 6609 6505 6512
f 6602 6604 6618
f 6602 6618 6511
f 6511 6510 6617
f 6602 6511 6617
f 6510 6508 6617
f 6602 6617 6601
f 6617 6508 6506
f 6601 6617 6506
f 6578 6601 6506
f 6576 6578 6506
f 6506 6503 6560
f 6576 6506 6560
f 6615 6501 6616
f 6616 6501 6505
f 6612 6609 6620
f 6609 6513 6620
f 6620 6513 6514
f 6504 6631 6632
f 6502 6618 6504
f 6504 6618 6631
f 6502 6511 6618
f 6509 6632 6625
f 6625 6516 6509
f 6625 6515 6516
f 6632 6631 6623
f 6623 6625 6632
f 6614 6623 6631
f 6614 6631 6618
f 6604 6614 6618
f 6623 6620 6514
f 6623 6514 6515
f 6625 6623 6515
f 6620 6623 6612
f 6612 6623 6614
f 6609 6512 6513
f 6615 6558 6559
f 6501 6615 6559
f 6560 6503 6559
f 6583 6576 6560
f 6583 6560 6554
f 6583 6554 6569
f 6582 6616 6600
f 6580 6579 6615
f 6580 6615 6616
f 6581 6580 6616
f 6582 6581 6616
f 6577 6563 6592
f 6551 6558 6615
f 6592 6551 6615
f 6577 6592 6615
f 6579 6577 6615
f 6503 6501 6559
f 6673 6654 6714
f 6714 6654 6704
f 6736 6611 6610
f 6610 6735 6736
f 6735 6610 6607
f 6731 6735 6607
f 6732 6731 6607
f 6607 6605 6673
f 6732 6607 6673
f 6714 6732 6673
f 6605 6586 6673
f 6653 6672 6585
f 6653 6585 6584
f 6652 6672 6651
f 6653 6651 6672
f 6652 6673 6672
f 6673 6586 6587
f 6662 6661 6574
f 6659 6675 6660
f 6659 6658 6674
f 6659 6674 6572
f 6659 6572 6573
f 6659 6573 6675
f 6674 6571 6572
f 6657 6674 6658
f 6656 6570 6571
f 6656 6571 6674
f 6657 6656 6674
f 6656 6655 6588
f 6588 6570 6656
f 6584 6588 6653
f 6653 6588 6655
f 6587 6585 6672
f 6652 6654 6673
f 6673 6587 6672
f 6661 6675 6574
f 6675 6573 6574
f 6662 6575 6663
f 6574 6575 6662
f 6666 6665 6590
f 6590 6591 6666
f 6575 6589 6663
f 6663 6589 6664
f 6665 6664 6589
f 6589 6590 6665
f 6660 6675 6661
f 2820 2878 2817
f 2030 2200 2878
f 2878 2200 2197
f 2817 2878 2197
f 2825 2817 2197
f 2820 2651 2760
f 2398 2020 2024
f 2024 2030 2878
f 2398 2024 2878
f 2760 2398 2878
f 2820 2760 2878
f 2703 2278 2280
f 2703 2280 2706
f 2530 2703 2706
f 2524 2530 2706
f 2512 2703 2530
f 2524 2706 2516
f 2373 2754 2750
f 2750 2371 2373
f 2620 2367 2371
f 2620 2371 2750
f 2616 2620 2750
f 2623 2756 2622
f 2368 2366 2756
f 2624 2368 2756
f 2623 2624 2756
f 2756 2365 2367
f 2622 2756 2367
f 2620 2622 2367
f 2366 2365 2756
f 2750 2754 2612
f 2612 2754 2618
f 2616 2750 2612
f 2376 2375 2627
f 2627 2628 2376
f 2631 2377 2630
f 2381 2377 2631
f 2651 2397 2760
f 2648 2754 2373
f 2648 2373 2392
f 2650 2648 2392
f 2618 2754 2648
f 2375 2368 2627
f 2627 2368 2624
f 2631 2632 2382
f 2382 2381 2631
f 2634 2636 2385
f 2385 2384 2634
f 2636 2641 2386
f 2386 2385 2636
f 2384 2382 2634
f 2634 2382 2632
f 2377 2376 2630
f 2630 2376 2628
f 2651 2650 2397
f 2650 2392 2397
f 2643 2386 2641
f 2383 2386 2643
f 2760 2397 2398
f 2585 2587 2977
f 2977 2587 2979
f 2577 2585 2975
f 2975 2585 2977
f 2975 2969 2576
f 2576 2577 2975
f 2572 2576 2961
f 2961 2576 2969
f 2961 2945 2542
f 2539 2540 2937
f 2937 2540 2940
f 2937 2936 2538
f 2538 2539 2937
f 2537 2538 2934
f 2934 2538 2936
f 2934 2930 2536
f 2536 2537 2934
f 2533 2536 2926
f 2926 2536 2930
f 2926 2923 2594
f 2594 2533 2926
f 2593 2594 2919
f 2919 2594 2923
f 2590 2593 2916
f 2916 2593 2919
f 2916 2914 3099
f 2540 2541 2943
f 2943 2940 2540
f 2541 2542 2943
f 2542 2572 2961
f 2561 3120 2562
f 2562 3120 3102
f 2561 2559 3120
f 3102 3120 2939
f 2939 3120 2959
f 2954 2959 3120
f 2954 3120 2559
f 2954 2559 2558
f 2954 2558 3114
f 2954 3114 2951
f 2558 2557 3114
f 2951 3114 2557
f 2949 2951 2557
f 2949 2557 2554
f 2949 2554 3104
f 2554 2549 3104
f 2943 2542 2945
f 3099 2588 2590
f 2916 3099 2590
f 2906 3099 2914
f 3097 2583 2584
f 3097 2584 3099
f 2905 3097 3099
f 2906 2905 3099
f 3097 2579 2583
f 2901 3097 2905
f 2574 2579 3097
f 2898 2574 3097
f 2901 2898 3097
f 2898 2895 2569
f 2569 2574 2898
f 2564 2569 2893
f 2893 2569 2895
f 2560 2564 2891
f 2891 2564 2893
f 3099 2584 2588
f 2204 2256 1487
f 2202 2204 1487
f 2202 1487 1491
f 2202 1491 2258
f 2197 2256 2204
f 2202 2258 2198
f 2493 1993 1994
f 2357 1998 1989
f 2357 1989 2478
f 2354 2481 1988
f 1988 1996 2480
f 2354 1988 2480
f 2355 2354 2480
f 2480 1996 1998
f 2478 1989 1991
f 2357 2480 1998
f 2357 2356 2480
f 2483 1999 2001
f 2483 2486 2363
f 2363 2486 2364
f 2361 2489 2362
f 2362 2489 2010
f 2363 2362 2010
f 2363 2010 1999
f 2363 1999 2483
f 2357 2478 2358
f 2359 2004 2008
f 2359 2008 2489
f 2361 2359 2489
f 2489 2008 2010
f 2478 1991 2004
f 2358 2478 2004
f 2359 2358 2004
f 2483 2001 2486
f 2486 2001 2002
f 2355 2480 2356
f 2399 2006 2494
f 2494 2006 2011
f 2492 2022 2026
f 2374 2492 2026
f 2379 2374 2026
f 2492 2021 2022
f 2494 2491 2399
f 2399 2491 2372
f 2494 2011 2491
f 2491 2011 2019
f 2378 2486 2002
f 2399 2378 2002
f 2399 2002 2006
f 3675 3615 3850
f 3850 3615 3804
f 3670 3677 3842
f 3842 3677 3852
f 3847 3852 3677
f 3677 3671 3847
f 3673 3674 3848
f 3848 3674 3849
f 3899 3903 3839
f 3838 3892 3835
f 3838 3837 3891
f 3891 3892 3838
f 3894 3898 3899
f 3899 3898 3902
f 3836 3834 3890
f 3836 3890 3894
f 3836 3894 3899
f 3893 3896 3894
f 3894 3896 3898
f 3894 3890 3889
f 3889 3893 3894
f 3835 3892 3888
f 3835 3888 3890
f 3834 3835 3890
f 3655 3652 3888
f 3839 3836 3899
f 3659 3903 3657
f 3903 3899 3902
f 3850 3849 3674
f 3674 3675 3850
f 3671 3673 3847
f 3847 3673 3848
f 3842 3841 3669
f 3669 3670 3842
f 3902 3668 3657
f 3668 3902 3898
f 3898 3664 3668
f 3904 3666 3663
f 3896 3904 3663
f 3898 3896 3663
f 3664 3898 3663
f 3903 3659 3660
f 3840 3839 3903
f 3840 3903 3660
f 3840 3660 3661
f 3903 3902 3657
f 4026 4134 4025
f 3781 3780 4134
f 4023 4025 4134
f 3780 3779 4133
f 4134 3780 4133
f 4023 4134 4133
f 3779 3778 4133
f 4023 4133 4021
f 4020 4021 4133
f 4133 3778 3774
f 4020 4133 3774
f 4016 4015 4131
f 4016 4131 3764
f 4016 3764 3766
f 4016 3766 4132
f 4129 4131 4014
f 4014 4131 4015
f 4026 4028 4134
f 4131 3761 3764
f 4028 3781 4134
f 4028 4135 3783
f 3730 3732 4042
f 4042 3732 4010
f 4042 4038 3788
f 3788 3730 4042
f 4038 4037 3787
f 3787 3788 4038
f 4033 4036 3763
f 3763 3786 4033
f 4032 4033 3786
f 3786 3785 4135
f 4032 3786 4135
f 3785 3784 4135
f 4032 4135 4031
f 4028 4031 4135
f 4135 3784 3783
f 4028 3783 3781
f 4131 4129 4127
f 4131 3758 3761
f 3726 3725 4116
f 3727 4116 4118
f 4131 4127 3758
f 3726 4116 3727
f 4123 3739 3746
f 4008 4129 4014
f 4007 4009 4130
f 4130 4128 4007
f 4008 4006 4126
f 4008 4126 4127
f 4008 4127 4129
f 4007 4128 4125
f 4007 4125 4126
f 4006 4007 4126
f 4127 3754 3758
f 4127 4126 4124
f 4127 4124 3750
f 4127 3750 3754
f 4126 4125 4123
f 4123 4124 4126
f 4124 3746 3750
f 4123 4121 3739
f 4124 4123 3746
f 3891 3655 3888
f 4361 3916 4263
f 4361 4263 4264
f 4132 3766 3914
f 3916 3911 4263
f 3911 4009 4263
f 3911 4130 4009
f 4362 4016 4132
f 4298 4291 4366
f 4366 4368 4298
f 4294 4364 4362
f 4291 4294 4362
f 4291 4362 4366
f 4368 4366 3922
f 3922 3924 4368
f 4362 4132 3914
f 4362 3914 3922
f 4366 4362 3922
f 3918 4361 4362
f 3920 3918 4362
f 4364 3920 4362
f 3918 3916 4361
f 4361 4264 4266
f 4362 4361 4266
f 4362 4266 4016
f 4368 3924 3928
f 4303 4368 3931
f 4368 3928 3931
f 4303 4298 4368
f 4287 3921 4360
f 4359 4360 3921
f 3921 3919 4359
f 3919 3917 4359
f 4359 3917 4354
f 4363 3913 3915
f 4356 3912 3913
f 4356 3913 4363
f 4293 4356 4363
f 4356 4345 4369
f 4369 3910 3912
f 4356 4369 3912
f 4369 3908 3910
f 3917 3985 4354
f 4354 3985 4352
f 4351 4352 3985
f 3985 3984 4351
f 3923 3921 4287
f 3984 3982 4351
f 4310 3995 4314
f 4317 3991 4320
f 3994 3841 4106
f 4323 3994 4106
f 4251 4323 4106
f 3998 3991 4317
f 3962 3995 4310
f 4351 3982 4350
f 3982 3981 4348
f 3934 3961 4331
f 3957 3952 4330
f 4330 3952 4327
f 3952 3948 4327
f 4327 3948 4322
f 4321 4322 3948
f 3948 3946 4321
f 3946 3944 4321
f 4321 3944 4318
f 4313 4318 3944
f 3944 3942 4313
f 4313 3942 3939
f 4313 3939 4364
f 4294 4313 4364
f 3939 3920 4364
f 3931 3934 4303
f 4303 3934 4308
f 4331 4308 3934
f 4348 4350 3982
f 4331 3965 4333
f 3965 3966 4334
f 3981 3980 4348
f 4348 3980 4346
f 4330 4346 3980
f 3980 3957 4330
f 4343 4369 4345
f 3973 3908 4369
f 4341 3973 4369
f 4343 4341 4369
f 4341 4340 3971
f 3971 3973 4341
f 3969 3971 4338
f 4338 3971 4340
f 4338 4336 3968
f 3968 3969 4338
f 3966 3968 4334
f 4334 3968 4336
f 4334 4333 3965
f 3961 3965 4331
f 3892 3891 3888
f 3890 3888 3651
f 3890 3651 3654
f 3186 3190 3688
f 3688 3190 3686
f 3187 3186 3688
f 3405 3003 2651
f 2651 2820 3405
f 3467 3297 3405
f 3467 3405 2820
f 3467 2820 2817
f 2813 2560 2891
f 3457 2813 2891
f 3204 3457 2891
f 3457 3456 2811
f 2811 2813 3457
f 2808 2811 3455
f 3455 2811 3456
f 3455 3454 2805
f 2805 2808 3455
f 3454 3438 3511
f 3511 2803 2805
f 3454 3511 2805
f 2817 2825 3464
f 3511 2801 2803
f 3464 3467 2817
f 3450 3258 3402
f 2983 2531 2855
f 3432 2841 3434
f 3450 3402 2983
f 2826 2841 3432
f 3434 2801 3511
f 3450 2983 2855
f 2855 2853 3514
f 3450 2855 3514
f 3447 3450 3514
f 3447 3514 3445
f 2853 2851 3514
f 3514 2851 2848
f 3445 3514 2848
f 3445 2848 3513
f 3444 3445 3513
f 2848 2843 3513
f 3444 3513 3442
f 3441 3442 3513
f 3513 2843 2838
f 3441 3513 2838
f 3436 3511 3438
f 3434 2841 2801
f 3436 3434 3511
f 3890 3654 3889
f 3652 3651 3888
f 3833 3887 3832
f 3713 3339 3343
f 3658 3713 3343
f 3656 3658 3343
f 3653 3654 3710
f 3710 3341 3340
f 3710 3340 3713
f 3653 3710 3713
f 3342 3341 3710
f 3340 3339 3713
f 3338 3337 3711
f 3662 3343 3711
f 3343 3338 3711
f 3662 3656 3343
f 3653 3713 3658
f 3366 3365 3685
f 3685 3365 3684
f 3364 3357 3683
f 3683 3357 3680
f 3365 3364 3684
f 3684 3364 3683
f 3679 3359 3682
f 3349 3723 3722
f 3722 3348 3349
f 3719 3722 3721
f 3721 3722 3723
f 3722 3347 3348
f 3346 3347 3719
f 3719 3347 3722
f 3665 3715 3719
f 3672 3665 3719
f 3672 3719 3721
f 3711 3337 3345
f 3667 3711 3345
f 3667 3345 3715
f 3665 3667 3715
f 3719 3715 3344
f 3344 3346 3719
f 3345 3344 3715
f 3662 3711 3667
f 3356 3359 3679
f 3672 3724 3676
f 3724 3718 3666
f 3358 3355 3681
f 3681 3355 3678
f 3681 3682 3359
f 3359 3358 3681
f 3679 3680 3357
f 3357 3356 3679
f 3655 3678 3355
f 3355 3354 3712
f 3655 3355 3712
f 3354 3353 3712
f 3352 3718 3724
f 3724 3351 3352
f 3723 3349 3350
f 3724 3721 3723
f 3724 3723 3350
f 3351 3724 3350
f 3666 3676 3724
f 3721 3724 3672
f 450 484 432
f 449 500 450
f 500 498 484
f 484 498 502
f 441 497 502
f 446 441 502
f 446 502 498
f 498 500 444
f 444 500 449
f 446 498 444
f 442 497 441
f 500 484 450
f 451 497 442
f 502 497 451
f 451 452 502
f 484 502 433
f 433 502 452
f 609 607 510
f 510 607 509
f 609 414 413
f 413 607 609
f 509 607 605
f 506 509 605
f 506 605 608
f 405 605 413
f 413 605 607
f 598 410 412
f 506 610 511
f 608 610 506
f 513 511 610
f 427 614 613
f 613 426 427
f 523 613 525
f 521 611 425
f 521 425 426
f 523 521 426
f 523 426 613
f 611 424 425
f 519 611 521
f 519 516 423
f 423 424 611
f 519 423 611
f 421 423 514
f 514 423 516
f 514 513 598
f 598 412 421
f 514 598 421
f 610 598 513
f 526 614 615
f 526 525 614
f 616 428 429
f 621 622 620
f 620 619 621
f 618 621 619
f 619 616 618
f 619 620 615
f 615 614 619
f 619 614 427
f 619 427 428
f 616 619 428
f 618 616 429
f 618 429 431
f 617 618 431
f 617 431 430
f 528 617 430
f 527 528 430
f 525 613 614
f 238 236 337
f 247 336 339
f 339 245 247
f 339 244 245
f 338 339 336
f 308 338 336
f 309 308 336
f 337 338 306
f 306 338 308
f 243 244 338
f 338 244 339
f 338 337 236
f 236 243 338
f 303 239 238
f 303 238 337
f 306 303 337
f 303 305 241
f 241 239 303
f 1765 1764 1588
f 1576 1588 1764
f 1764 1727 1576
f 1588 1590 1765
f 1591 1765 1590
f 1764 1766 1752
f 1752 1727 1764
f 1778 1776 1783
f 1783 1776 1781
f 1781 1776 1599
f 1599 1776 1596
f 1769 1767 1778
f 1778 1767 1776
f 1591 1596 1776
f 1591 1776 1767
f 1591 1767 1765
f 1164 1159 1769
f 1767 1769 1159
f 1159 1157 1766
f 1767 1159 1766
f 1765 1767 1766
f 1766 1764 1765
f 1140 1752 1157
f 1157 1752 1766
f 1164 1769 1778
f 1778 1167 1164
f 1167 1778 1106
f 1605 1781 1599
f 1106 1778 1783
f 1191 1189 1417
f 1417 1412 1414
f 1414 1412 1402
f 1422 1416 1417
f 1188 1422 1417
f 1189 1188 1417
f 1412 1417 1416
f 1416 1410 1412
f 1417 1414 1191
f 1398 1402 1412
f 1412 1408 1398
f 1398 1408 952
f 1398 952 948
f 1397 1398 948
f 1412 1410 946
f 1408 1412 946
f 1408 946 951
f 1408 951 952
f 941 1406 1399
f 1399 950 941
f 1397 949 1399
f 1399 949 950
f 1397 948 949
f 1259 1258 1463
f 1259 1463 1465
f 1259 1465 1448
f 1258 1231 1457
f 1457 1463 1258
f 1463 995 954
f 1463 954 1447
f 1465 1463 1447
f 1463 1457 962
f 962 995 1463
f 989 992 1254
f 1254 992 1256
f 1257 1256 992
f 992 993 1257
f 1254 1232 973
f 973 989 1254
f 976 975 1245
f 1465 1450 1467
f 1245 975 1240
f 1447 1450 1465
f 1450 1452 963
f 1261 1451 961
f 1261 961 970
f 1229 1261 970
f 1261 1259 1448
f 1448 1451 1261
f 960 1449 1467
f 1467 998 960
f 1465 1467 1448
f 1448 1467 1449
f 998 1467 1450
f 998 1450 963
f 986 985 1459
f 1459 985 981
f 966 965 1458
f 964 962 1457
f 1452 957 959
f 955 957 1450
f 1450 957 1452
f 1450 1447 953
f 953 955 1450
f 954 953 1447
f 1231 1233 1457
f 1250 1251 1459
f 1233 965 1457
f 1233 1458 965
f 1250 1459 981
f 1248 1249 979
f 979 977 1248
f 981 979 1250
f 1250 979 1249
f 977 976 1248
f 1248 976 1245
f 1242 1458 1233
f 1242 1236 968
f 1242 968 966
f 1242 966 1458
f 974 972 1239
f 1239 972 1237
f 1239 1240 975
f 975 974 1239
f 1236 1237 972
f 972 968 1236
f 965 964 1457
f 1183 1823 1819
f 1684 1686 1178
f 1819 1182 1183
f 1178 1182 1819
f 1684 1178 1819
f 1180 1179 1688
f 1688 1179 1687
f 1688 1689 1181
f 1181 1180 1688
f 1686 1687 1179
f 1179 1178 1686
f 1683 1819 1823
f 1680 1683 1823
f 1680 1823 1816
f 1684 1819 1683
f 1680 1816 1675
f 1897 1258 1259
f 1897 1895 1231
f 1231 1258 1897
f 1718 1717 1254
f 1254 1256 1718
f 1256 1257 1718
f 1718 1257 1719
f 1908 1232 1254
f 1714 1908 1254
f 1717 1714 1254
f 1714 1711 1907
f 1907 1908 1714
f 1710 1902 1904
f 1711 1710 1904
f 1900 1902 1708
f 1248 1245 1905
f 1901 1899 1902
f 1902 1899 1904
f 1902 1900 1896
f 1896 1901 1902
f 1899 1901 1242
f 1899 1242 1233
f 1899 1233 1895
f 1901 1896 1236
f 1236 1242 1901
f 1900 1898 1239
f 1900 1239 1237
f 1900 1237 1896
f 1240 1239 1898
f 1237 1236 1896
f 1233 1231 1895
f 1250 1249 1690
f 1711 1904 1907
f 1690 1691 1250
f 1690 1248 1905
f 1708 1902 1710
f 1692 1905 1707
f 1708 1705 1898
f 1898 1900 1708
f 1707 1905 1245
f 1705 1707 1245
f 1705 1245 1240
f 1705 1240 1898
f 1251 1250 1693
f 1693 1250 1691
f 1695 1697 1274
f 1274 1273 1695
f 1275 1274 1701
f 1701 1274 1697
f 1693 1695 1273
f 1273 1251 1693
f 1690 1249 1248
f 1692 1690 1905
f 850 863 846
f 847 730 799
f 847 799 583
f 847 583 634
f 848 864 849
f 849 864 861
f 850 849 861
f 847 634 653
f 848 847 653
f 653 652 864
f 848 653 864
f 864 652 651
f 861 864 651
f 861 651 650
f 850 861 863
f 863 862 846
f 846 862 845
f 844 845 862
f 862 859 844
f 838 821 762
f 830 857 828
f 823 857 830
f 827 828 857
f 857 855 827
f 855 854 827
f 827 854 826
f 823 822 852
f 823 852 855
f 823 855 857
f 852 851 855
f 855 851 854
f 840 858 839
f 838 587 821
f 838 839 648
f 844 859 842
f 862 863 861
f 861 860 862
f 841 859 862
f 841 862 860
f 843 841 860
f 860 861 650
f 650 858 860
f 860 858 843
f 843 858 840
f 842 859 841
f 571 462 465
f 571 465 574
f 724 571 574
f 726 724 574
f 858 650 648
f 839 858 648
f 838 648 587
f 1134 1132 1298
f 1298 1300 1134
f 1132 1122 1283
f 1283 1298 1132
f 1283 1282 1294
f 1294 1282 1288
f 1128 1288 1282
f 1115 1128 1282
f 1115 1282 1281
f 1282 1283 1120
f 1120 1283 1122
f 1120 1102 1281
f 1281 1282 1120
f 1115 1281 1103
f 1103 1281 1102
f 1304 1283 1294
f 1298 1283 1304
f 1300 1298 1306
f 1360 1285 1359
f 1359 1358 1360
f 1357 1360 1358
f 1358 1355 1357
f 1358 1359 1173
f 1173 1359 1175
f 1145 1313 1355
f 1173 1145 1355
f 1173 1355 1358
f 1356 1357 1355
f 1355 1354 1356
f 1343 1356 1354
f 1354 1337 1343
f 1354 1355 1313
f 1313 1307 1354
f 1337 1354 1307
f 1307 1306 1337
f 1361 1343 1348
f 1124 1314 1169
f 1356 1343 1361
f 1357 1356 1362
f 1177 1286 1105
f 1176 1359 1285
f 1177 1176 1285
f 1177 1285 1286
f 1175 1359 1176
f 1342 1295 1287
f 1287 1365 1342
f 1365 1362 1342
f 1342 1362 1328
f 1365 1287 1285
f 1285 1360 1365
f 1362 1365 1360
f 1360 1357 1362
f 1362 1361 1328
f 1328 1361 1311
f 1361 1348 1311
f 1311 1348 1310
f 1362 1356 1361
f 1306 1298 1304
f 1165 1169 1314
f 1165 1314 1349
f 1317 1335 1304
f 1304 1294 1317
f 1319 1332 1317
f 1152 1319 1317
f 1150 1152 1317
f 1153 1319 1152
f 1148 1150 1317
f 1148 1317 1294
f 1148 1294 1288
f 1148 1288 1128
f 1144 1313 1145
f 1307 1313 1143
f 1143 1313 1144
f 1141 1300 1306
f 1141 1306 1307
f 1143 1141 1307
f 1134 1300 1141
f 1306 1304 1335
f 1314 1310 1349
f 1335 1337 1306
f 1335 1317 1339
f 1165 1349 1163
f 1348 1347 1310
f 1310 1347 1349
f 1163 1349 1347
f 1160 1163 1347
f 1160 1347 1346
f 1343 1339 1348
f 1348 1339 1347
f 1339 1332 1347
f 1347 1332 1346
f 1160 1346 1156
f 1154 1156 1346
f 1154 1346 1332
f 1154 1332 1319
f 1154 1319 1153
f 1339 1343 1337
f 1337 1335 1339
f 1339 1317 1332
f 4691 4466 4467
f 4599 4691 4467
f 4599 4467 4468
f 4602 4599 4468
f 4692 4463 4465
f 4598 4601 4692
f 4692 4466 4691
f 4592 4449 4688
f 4592 4688 4594
f 4589 4588 4686
f 4686 4687 4589
f 4587 4686 4588
f 4592 4589 4449
f 4692 4465 4466
f 4589 4687 4449
f 4684 4689 4596
f 4598 4692 4691
f 4463 4692 4688
f 4688 4449 4463
f 4601 4594 4688
f 4688 4692 4601
f 4598 4691 4599
f 4687 4462 4442
f 4462 4687 4686
f 4686 4461 4462
f 4689 4458 4460
f 4587 4596 4689
f 4587 4689 4460
f 4587 4460 4461
f 4587 4461 4686
f 4458 4689 4684
f 4684 4455 4458
f 4596 4586 4684
f 4687 4442 4449
f 4565 4653 4527
f 4565 4563 4415
f 4565 4415 4396
f 4565 4396 4653
f 4404 4415 4542
f 4542 4415 4563
f 4550 4414 4413
f 4550 4413 4663
f 4562 4550 4663
f 4413 4411 4663
f 4562 4663 4558
f 4558 4663 4411
f 4440 4483 4255
f 4255 4201 4440
f 4514 4250 4252
f 4515 4253 4254
f 4483 4482 4515
f 4515 4254 4255
f 4483 4515 4255
f 4478 4514 4252
f 4252 4253 4515
f 4478 4252 4515
f 4481 4478 4515
f 4481 4515 4482
f 4251 4249 4480
f 4480 4249 4479
f 4540 4539 4402
f 4540 4402 4403
f 4537 4654 4539
f 4654 4400 4402
f 4537 4535 4394
f 4537 4394 4400
f 4537 4400 4654
f 4535 4534 4651
f 4535 4651 4393
f 4535 4393 4394
f 4532 4651 4534
f 4651 4392 4393
f 4532 4530 4650
f 4532 4650 4391
f 4532 4391 4392
f 4532 4392 4651
f 4650 4389 4391
f 4539 4654 4402
f 4529 4650 4530
f 4403 4404 4542
f 4544 4656 4543
f 4553 4558 4411
f 4411 4410 4659
f 4553 4411 4659
f 4410 4409 4659
f 4553 4659 4549
f 4548 4549 4659
f 4409 4408 4657
f 4659 4409 4657
f 4548 4659 4657
f 4408 4407 4657
f 4548 4657 4547
f 4657 4407 4405
f 4547 4657 4405
f 4545 4547 4405
f 4545 4405 4401
f 4545 4401 4656
f 4544 4545 4656
f 4542 4540 4403
f 4649 4387 4389
f 4526 4649 4650
f 4649 4389 4650
f 4529 4526 4650
f 4523 4649 4526
f 4649 4385 4387
f 4523 4521 4383
f 4523 4383 4385
f 4523 4385 4649
f 4648 4382 4383
f 4520 4648 4383
f 4521 4520 4383
f 4648 4380 4382
f 4519 4648 4520
f 4479 4249 4250
f 4568 4566 5015
f 4836 4841 5015
f 5015 5010 4836
f 5015 4566 4564
f 4564 5008 5010
f 5015 4564 5010
f 4836 5010 4831
f 4831 5010 5008
f 4826 4831 5008
f 4826 5008 5006
f 4564 4560 5008
f 5008 4560 4557
f 4557 5006 5008
f 4826 5006 4825
f 4841 4846 5015
f 4846 5018 5015
f 5018 4568 5015
f 4479 4250 4514
f 4477 4514 4478
f 4166 4022 4018
f 4166 4169 4022
f 4192 4046 4191
f 4190 4191 4046
f 4046 4044 4190
f 4184 4190 4044
f 4044 4039 4262
f 4184 4044 4262
f 4184 4262 4179
f 4039 4034 4262
f 4175 4179 4262
f 4262 4034 4029
f 4175 4262 4029
f 4175 4029 4027
f 4175 4027 4261
f 4174 4175 4261
f 4027 4022 4261
f 4174 4261 4169
f 4169 4261 4022
f 4047 4046 4192
f 4048 4047 4192
f 4192 4193 4048
f 4034 4039 3760
f 3760 3757 4034
f 4029 4034 3757
f 3757 3755 4029
f 3755 3752 4029
f 4029 3752 4027
f 4022 4027 3752
f 3752 3751 4022
f 3751 3748 4115
f 4022 3751 4115
f 4018 4022 4115
f 3748 3747 4115
f 4044 3760 4039
f 3768 3760 4044
f 4044 4046 3770
f 4047 4048 4122
f 4047 4122 3776
f 4047 3776 3772
f 3772 3770 4047
f 4047 3770 4046
f 3770 3768 4044
f 4061 4136 4099
f 4098 4141 4090
f 4098 4099 4136
f 3801 3799 4141
f 4136 3801 4141
f 4098 4136 4141
f 3829 3828 4091
f 4089 4090 4141
f 4141 3826 3827
f 4089 4141 3827
f 3799 3826 4141
f 4087 4088 3825
f 3825 3824 4087
f 4085 4139 4084
f 4085 4086 4138
f 3820 3823 4139
f 4138 3820 4139
f 4085 4138 4139
f 4139 3822 3796
f 4084 4139 3796
f 4083 4084 3796
f 3823 3822 4139
f 3821 3820 4138
f 4091 4092 3829
f 4091 3825 4088
f 4089 3829 4092
f 4096 3797 3794
f 4096 3794 4144
f 4097 4096 4144
f 3796 3797 4083
f 4083 3797 4096
f 3794 3791 4144
f 4093 4138 4086
f 4095 4143 4094
f 4087 3824 3831
f 4087 3831 4143
f 4095 4087 4143
f 4093 4094 4143
f 4093 4143 3830
f 3830 3821 4138
f 4093 3830 4138
f 3831 3830 4143
f 3827 3829 4089
f 3828 3825 4091
f 3818 3817 4063
f 4061 4062 4137
f 3815 3814 4136
f 4137 3815 4136
f 4061 4137 4136
f 3816 3815 4137
f 3814 3801 4136
f 4072 4137 4062
f 4063 3817 3816
f 4063 3816 4137
f 4072 4063 4137
f 4477 4479 4514
f 4196 4197 4397
f 4397 4396 4196
f 4397 4198 4398
f 4197 4198 4397
f 4399 4398 4198
f 4198 4199 4399
f 4420 4421 4184
f 4184 4179 4494
f 4420 4184 4494
f 4420 4494 4419
f 4179 4175 4494
f 4419 4494 4175
f 4418 4419 4175
f 4418 4175 4174
f 4418 4174 4169
f 4418 4169 4492
f 4414 4418 4492
f 4169 4166 4492
f 4421 4422 4184
f 4422 4495 4184
f 4423 4495 4422
f 4425 4496 4424
f 4193 4192 4496
f 4423 4424 4496
f 4423 4496 4192
f 4192 4191 4495
f 4423 4192 4495
f 4191 4190 4495
f 4495 4190 4184
f 4447 4505 4450
f 4201 4202 4440
f 4440 4202 4441
f 4447 4441 4505
f 4441 4203 4505
f 4457 4506 4455
f 4457 4459 4206
f 4457 4206 4207
f 4457 4207 4506
f 4505 4203 4205
f 4459 4450 4505
f 4459 4505 4205
f 4459 4205 4206
f 4441 4202 4203
f 4241 4242 4469
f 4247 4248 4475
f 4475 4248 4476
f 4474 4513 4246
f 4474 4246 4247
f 4475 4474 4247
f 4246 4513 4512
f 4246 4512 4510
f 4246 4510 4245
f 4510 4244 4245
f 4472 4510 4512
f 4473 4472 4512
f 4473 4512 4511
f 4471 4243 4244
f 4471 4244 4510
f 4472 4471 4510
f 4242 4243 4470
f 4470 4243 4471
f 4469 4242 4470
f 4088 4087 4278
f 4085 4084 4276
f 4277 4085 4276
f 4224 4277 4276
f 4223 4224 4276
f 4086 4085 4277
f 4084 4083 4276
f 4090 4089 4225
f 4225 4226 4090
f 4092 4091 4279
f 4228 4229 4278
f 4231 4093 4086
f 4231 4086 4277
f 4235 4231 4277
f 4095 4094 4233
f 4233 4094 4232
f 4233 4234 4278
f 4233 4278 4087
f 4233 4087 4095
f 4231 4232 4094
f 4094 4093 4231
f 4230 4279 4229
f 4089 4092 4279
f 4225 4089 4279
f 4230 4225 4279
f 4091 4088 4278
f 4279 4091 4278
f 4229 4279 4278
f 4200 4204 4062
f 4062 4061 4200
f 4235 4277 4224
f 4208 4273 4211
f 4072 4062 4209
f 4209 4062 4204
f 4273 4063 4072
f 4211 4273 4072
f 4209 4211 4072
f 4228 4278 4234
f 4236 4083 4096
f 4236 4237 4083
f 4061 4099 4200
f 4200 4099 4240
f 4098 4090 4239
f 4239 4090 4226
f 4239 4240 4099
f 4099 4098 4239
f 4223 4276 4237
f 4096 4097 4236
f 4236 4097 4238
f 4237 4276 4083
f 4297 4300 3932
f 3932 3930 4297
f 3933 3932 4301
f 4301 3932 4300
f 3930 3927 4297
f 4297 3927 4292
f 5873 6237 5872
f 6237 6236 6234
f 6234 6235 6237
f 6230 6231 6232
f 6232 6231 6233
f 5858 6229 6230
f 5860 5858 6230
f 6232 5860 6230
f 6227 6228 6230
f 6230 6228 6231
f 6225 6227 6229
f 6229 6227 6230
f 5858 5856 6229
f 5855 6223 6225
f 5856 5855 6225
f 6229 5856 6225
f 5855 5847 6223
f 6237 6238 5872
f 6237 6235 6238
f 6237 5875 5874
f 6238 5877 5872
f 6237 5873 5875
f 5874 6236 6237
f 6228 5852 5853
f 6228 6227 6226
f 6228 6226 5851
f 6228 5851 5852
f 6210 5839 6216
f 6216 5839 5841
f 6216 6212 6209
f 6209 6210 6216
f 5835 5834 6215
f 5833 6213 6214
f 5834 5833 6214
f 6215 5834 6214
f 5833 5832 6213
f 6211 6212 6213
f 6213 6212 6214
f 6213 5832 5876
f 5876 6211 6213
f 6208 6209 6211
f 6211 6209 6212
f 5871 6203 6208
f 5876 5871 6208
f 6212 6216 6217
f 6211 5876 6208
f 6217 6214 6212
f 6218 6216 5841
f 6227 6225 6221
f 6221 6226 6227
f 6226 5849 5851
f 6226 6221 6218
f 6218 5845 5849
f 6226 6218 5849
f 6219 6221 6223
f 6223 6221 6225
f 5835 6215 6219
f 5847 5835 6219
f 6223 5847 6219
f 6221 6219 6217
f 6217 6218 6221
f 6214 6217 6215
f 6215 6217 6219
f 6218 5843 5845
f 6218 6217 6216
f 6218 5841 5843
f 5871 5859 6203
f 6210 6209 5867
f 5844 5838 6199
f 6200 5844 6199
f 6199 5840 5842
f 6199 6198 5836
f 5836 5840 6199
f 5838 5837 6198
f 5837 5836 6198
f 5838 6198 6199
f 6210 5869 5839
f 6201 6200 5846
f 6200 6199 5842
f 5867 5869 6210
f 6208 6205 5865
f 6208 5865 5867
f 6209 6208 5867
f 6202 6205 6203
f 6203 6205 6208
f 6205 5862 5865
f 6202 6201 5848
f 6202 5848 5862
f 6205 6202 5862
f 6203 5859 5854
f 5854 6202 6203
f 6202 5854 5850
f 5850 6200 6201
f 6202 5850 6201
f 5850 5844 6200
f 6201 5846 5848
f 6200 5842 5846
f 6356 6170 6157
f 6364 6172 6168
f 6354 6352 6298
f 6352 6348 6298
f 6298 6348 6295
f 6115 6113 6349
f 6349 6113 5884
f 5884 6346 6348
f 6349 5884 6348
f 5883 5882 5884
f 5884 5882 6346
f 6304 6295 6348
f 6348 6346 6345
f 6304 6348 6345
f 6346 5882 6109
f 6109 6345 6346
f 6345 6343 6304
f 6304 6343 6289
f 6345 6109 6105
f 6298 6303 6354
f 6105 6343 6345
f 6308 6356 6311
f 6313 6154 6354
f 6308 6314 6364
f 6168 6170 6356
f 6364 6168 6356
f 6308 6364 6356
f 6354 6154 6160
f 6359 6163 6166
f 6359 6166 6115
f 6115 6349 6359
f 6163 6359 6352
f 6352 6354 6160
f 6163 6352 6160
f 6359 6349 6348
f 6348 6352 6359
f 6356 6157 6151
f 6311 6356 6151
f 6313 6311 6151
f 6313 6151 6154
f 6303 6313 6354
f 5399 5398 4936
f 5399 4936 5395
f 4942 4941 5398
f 5365 5396 4938
f 4938 4940 5365
f 4939 4938 5396
f 4936 4934 5395
f 5398 4941 4936
f 5233 5386 5232
f 5369 5370 5389
f 5231 5369 5389
f 5235 5231 5389
f 5389 5384 5386
f 5234 5389 5386
f 5233 5234 5386
f 5389 5370 4904
f 5235 5389 5234
f 5366 5365 5398
f 5365 4942 5398
f 5365 4940 4942
f 5238 5409 5372
f 5236 5238 5372
f 5236 5372 5369
f 5402 4945 4907
f 5402 4907 5372
f 5409 5402 5372
f 5408 5407 5401
f 5401 5402 5408
f 5407 5395 4934
f 5407 4934 4944
f 5407 4944 5401
f 5402 5401 4943
f 4943 4945 5402
f 4944 4943 5401
f 5226 5366 5398
f 5237 5226 5398
f 5237 5398 5399
f 5389 4904 4932
f 5389 4932 5384
f 5230 5388 5229
f 5230 5232 5386
f 4907 4906 5372
f 4905 4904 5370
f 5369 4905 5370
f 5239 5402 5409
f 5369 4906 4905
f 4915 4910 5376
f 5230 5386 5381
f 5230 5381 5388
f 5223 5229 5388
f 5388 5378 5223
f 5388 5381 4921
f 5388 4921 4918
f 5388 4918 5378
f 5386 5384 4927
f 5386 4927 4925
f 5386 4925 5381
f 4932 4927 5384
f 4925 4921 5381
f 5222 5223 5378
f 5222 5378 4917
f 5222 4917 4915
f 5222 4915 5376
f 4918 4917 5378
f 5369 5372 4906
f 5239 5242 5402
f 5242 5408 5402
f 5239 5409 5238
f 5228 5368 5410
f 5227 5228 5410
f 5227 5410 5367
f 5364 5410 5368
f 5367 5410 5396
f 5396 5365 5367
f 5364 4902 4939
f 5410 5364 4939
f 5410 4939 5396
f 5249 5408 5242
f 5237 5399 5248
f 5249 5246 5407
f 5407 5408 5249
f 5248 5399 5395
f 5248 5395 5407
f 5246 5248 5407
f 5191 5338 5419
f 5311 4850 5319
f 5469 5501 5417
f 5501 4756 4757
f 5428 5503 5457
f 4755 4756 5501
f 5158 5311 5319
f 5466 4755 5501
f 5466 5464 4752
f 5432 5430 4728
f 4728 4729 5432
f 4727 4728 5427
f 5427 4728 5430
f 5427 5419 5338
f 5427 5338 4725
f 5427 4725 4727
f 4725 5338 4871
f 4725 4871 5041
f 4725 5041 4645
f 5424 5426 4723
f 4723 4721 5424
f 4721 4719 5424
f 5424 4719 5311
f 4533 5022 4850
f 4719 4533 4850
f 5311 4719 4850
f 4729 4730 5434
f 5469 5466 5501
f 5434 5432 4729
f 4733 4723 5437
f 4752 4755 5466
f 5464 5461 4749
f 4749 4752 5464
f 4730 4749 5434
f 5434 4749 5461
f 4746 4745 5503
f 5454 5457 5503
f 5454 5503 4745
f 5454 4745 4742
f 4742 4741 5454
f 5454 4741 5452
f 5449 5452 4741
f 4741 4738 5449
f 4738 4735 5449
f 5449 4735 5442
f 5437 5442 4735
f 4735 4733 5437
f 5437 4723 5426
f 6037 6039 6060
f 6063 5631 5632
f 6061 6063 5632
f 5633 6061 5632
f 5631 6063 6062
f 6062 5629 5631
f 6060 6062 6061
f 6061 6062 6063
f 5629 6062 6056
f 6056 5625 5629
f 6039 6056 6060
f 6060 6056 6062
f 6138 5459 6190
f 6136 6138 6190
f 6138 6119 6189
f 6189 5463 5459
f 6138 6189 5459
f 6136 6190 6133
f 6129 6189 6119
f 5459 5467 6190
f 5447 5289 5668
f 6112 6183 5668
f 6112 5668 6081
f 5899 6112 6081
f 5450 5447 6183
f 6090 6164 5477
f 5477 5421 6090
f 6164 6161 5476
f 6183 5447 5668
f 5479 5471 6192
f 5482 5481 6193
f 6117 6145 5453
f 6165 5490 6162
f 6144 6188 6158
f 6155 6192 6149
f 5467 5486 6190
f 6152 5484 5479
f 6152 5479 6192
f 6155 6152 6192
f 6152 6133 6190
f 6190 5486 5484
f 6152 6190 5484
f 6148 6193 6145
f 6149 6192 5471
f 6148 6149 5471
f 5471 5482 6193
f 6148 5471 6193
f 6193 5481 5453
f 6145 6193 5453
f 5476 5477 6164
f 6161 6159 5472
f 5472 5476 6161
f 6159 6156 5470
f 6137 6185 5455
f 6137 5455 5451
f 6137 5451 6182
f 6132 6137 6182
f 5451 5443 6182
f 6132 6182 6128
f 6175 5425 5446
f 6126 6128 6182
f 6182 5443 5439
f 6126 6182 5439
f 6125 6126 5439
f 5439 5436 6125
f 5436 5435 6180
f 6125 5436 6180
f 6123 6125 6180
f 5435 5433 6180
f 6123 6180 6122
f 6141 6185 6137
f 5492 5490 6165
f 5458 5455 6185
f 6141 5701 5458
f 5470 5472 6159
f 6175 5446 5470
f 6153 6175 5470
f 6156 6153 5470
f 6097 6175 6153
f 5704 5193 5462
f 5462 5701 5704
f 5874 5987 5870
f 6146 5874 5870
f 6146 5870 5866
f 6146 5866 5982
f 6146 5982 5980
f 6143 6146 5980
f 6143 5980 5589
f 6143 5589 5701
f 6141 6143 5701
f 5701 5462 5458
f 6141 5458 6185
f 6129 5490 6189
f 5490 5493 6189
f 6129 6162 5490
f 6121 6122 6180
f 5500 5498 6173
f 6197 5497 5499
f 6174 6171 6197
f 6197 5499 5500
f 6174 6197 5500
f 5498 5496 6173
f 6173 5496 6172
f 6191 5480 5497
f 6167 6191 5497
f 6167 5497 6197
f 6169 6167 6197
f 6169 6197 6171
f 6167 6158 6188
f 6188 6191 6167
f 5493 5463 6189
f 6165 6102 5438
f 5438 5492 6165
f 6173 6174 5500
f 6121 6180 5433
f 5433 5431 6177
f 6121 5433 6177
f 5890 5887 6071
f 5890 6071 6073
f 6070 5652 6072
f 6072 5652 5653
f 6070 5651 5652
f 6069 6070 6071
f 6071 6070 6072
f 6065 5644 5650
f 6065 5650 6069
f 6071 6065 6069
f 5649 5651 6069
f 6069 5651 6070
f 5650 5649 6069
f 5889 6068 5888
f 5889 5885 6066
f 6066 6068 5889
f 5888 6068 6064
f 5887 6065 6071
f 5887 5888 6064
f 6073 6072 6074
f 6073 6075 5891
f 5894 5663 5662
f 5894 5662 6078
f 5664 5663 6079
f 5662 5661 6078
f 5893 6077 5659
f 5893 5659 5658
f 5892 5893 5658
f 5892 5658 6076
f 5660 5659 6077
f 5658 5657 6076
f 6074 5656 5654
f 5656 6074 6072
f 6072 5653 5656
f 5655 6075 6073
f 5655 6073 6074
f 5655 6074 5654
f 5891 5890 6073
f 6071 6072 6073
f 5894 5895 5663
f 5887 6064 6065
f 6066 5643 6064
f 6066 5645 5643
f 6068 6066 6064
f 5647 5646 6066
f 6067 5647 6066
f 5886 6067 6066
f 5885 5886 6066
f 5648 5647 6067
f 5646 5645 6066
f 6065 6064 5642
f 5642 5644 6065
f 5643 5642 6064
f 5895 6079 5663
f 5896 5661 5660
f 6088 5679 5680
f 5917 5916 6088
f 5917 6088 5680
f 5917 5680 5681
f 5915 5913 6086
f 6086 5678 5679
f 5915 6086 5679
f 5915 5679 6088
f 5915 6088 5916
f 6084 5677 5671
f 6075 5655 5676
f 5908 5891 6075
f 6075 5676 5677
f 5908 6075 5677
f 5908 5677 6084
f 6087 5673 5674
f 6087 5674 5675
f 6086 5675 5678
f 6087 5675 6086
f 5902 5681 6082
f 5902 5917 5681
f 5431 5429 6177
f 6121 6177 6116
f 6100 6116 6177
f 6177 5429 5428
f 6100 6177 5428
f 6097 6095 5423
f 5423 5425 6175
f 6097 5423 6175
f 6095 6094 5422
f 5422 5423 6095
f 5420 5422 6093
f 6093 5422 6094
f 6093 6092 5418
f 5418 5420 6093
f 6092 6091 5417
f 5417 5418 6092
f 6082 5682 5669
f 5681 5682 6082
f 5896 5660 6077
f 5914 6087 6086
f 5673 6087 6085
f 5902 6082 5903
f 5898 6080 5901
f 5900 6079 5895
f 5900 5901 6080
f 6080 5665 5664
f 5900 6080 5664
f 5900 5664 6079
f 6081 5667 5666
f 5899 6081 5666
f 5898 5899 5666
f 5898 5666 6080
f 5668 5667 6081
f 5666 5665 6080
f 5894 6078 5897
f 5896 6077 5893
f 5897 6078 5661
f 5896 5897 5661
f 5904 6083 5905
f 5912 5914 6086
f 5904 6082 6083
f 5669 5670 6083
f 6085 5672 5673
f 5914 5911 6085
f 6085 6087 5914
f 5912 6086 5913
f 5910 5909 6084
f 5910 6084 5671
f 5910 5671 5672
f 5910 5672 6085
f 5910 6085 5911
f 5908 6084 5909
f 5892 6076 5907
f 5906 6067 5886
f 5657 5648 6067
f 6076 5657 6067
f 5907 6076 6067
f 5906 5907 6067
f 5904 5903 6082
f 6082 5669 6083
f 5863 5938 5861
f 5864 5945 5935
f 5863 5864 5935
f 5863 5935 5938
f 5861 5938 5933
f 5857 5861 5933
f 5857 5933 5941
f 5928 5933 5935
f 5935 5933 5938
f 5953 5956 5959
f 5959 5957 5953
f 5956 5961 5969
f 5969 5959 5956
f 6010 5572 5570
f 5570 6007 6009
f 6010 5570 6009
f 5570 5566 6007
f 5881 6009 5880
f 5878 5945 5864
f 5880 6009 6007
f 5880 6007 6004
f 5879 5880 6004
f 5563 5994 6004
f 5566 5563 6004
f 6007 5566 6004
f 5879 6004 6000
f 5878 5879 6000
f 5878 6000 5945
f 5993 6000 5994
f 5994 6000 6004
f 5563 5562 5994
f 6010 6009 5881
f 5994 5562 5561
f 5941 5974 5857
f 5957 5959 5941
f 5941 5959 5974
f 5561 5993 5994
f 2427 2059 1941
f 2289 1941 1943
f 2289 2427 1941
f 2289 2285 2427
f 1943 1945 2295
f 2352 2433 2287
f 2431 2433 2350
f 2350 2433 2352
f 2468 1931 1934
f 2349 2468 1934
f 2349 1934 2431
f 2350 2349 2431
f 2347 2468 2349
f 2468 1928 1931
f 1926 1928 2468
f 2466 1926 2468
f 2345 2466 2468
f 2347 2345 2468
f 2466 1921 1926
f 2344 2466 2345
f 2344 2342 1920
f 1920 1921 2466
f 2344 1920 2466
f 2340 1920 2342
f 2438 2441 1968
f 2438 1968 1967
f 2438 1967 2436
f 2325 2438 2324
f 2323 2324 2438
f 2323 2438 2436
f 2323 2436 2435
f 2323 2435 2322
f 2064 2063 2430
f 2320 2064 2430
f 2310 2320 2430
f 2063 2061 2430
f 2310 2430 2305
f 2299 2305 2430
f 2430 2061 1937
f 2299 2430 1937
f 2295 2289 1943
f 1969 1968 2441
f 1915 1920 2340
f 2325 2441 2438
f 2326 2444 2441
f 1966 1971 2446
f 1978 1975 2461
f 2340 2337 1973
f 1973 1915 2340
f 2335 2461 1975
f 2337 2335 1975
f 2337 1975 1973
f 2303 2453 2331
f 2453 2450 2331
f 2331 2450 2329
f 2328 2329 2450
f 2328 2450 2446
f 2328 2446 2444
f 2328 2444 2326
f 2444 2446 1971
f 2444 1971 1969
f 2444 1969 2441
f 2325 2326 2441
f 2742 2740 2575
f 2740 2343 2341
f 2575 2740 2341
f 2575 2341 2738
f 2573 2575 2738
f 2573 2738 2570
f 2341 2339 2738
f 2570 2738 2339
f 2339 2338 2734
f 2570 2339 2734
f 2568 2570 2734
f 2338 2333 2734
f 2568 2734 2565
f 2563 2565 2734
f 2563 2734 2333
f 2333 2319 2729
f 2563 2333 2729
f 2575 2578 2742
f 2346 2343 2740
f 2346 2740 2348
f 2582 2586 2749
f 2749 2744 2582
f 2353 2351 2744
f 2582 2744 2351
f 2580 2582 2351
f 2580 2351 2348
f 2580 2348 2742
f 2580 2742 2578
f 2348 2740 2742
f 2563 2729 2562
f 1562 2068 2070
f 2069 1560 1561
f 1558 1560 2068
f 2068 1560 2069
f 1559 1558 2068
f 1559 2068 1562
f 2070 2069 2071
f 2068 2069 2070
f 1562 2070 2072
f 1914 1913 2077
f 1914 2077 1575
f 1914 1575 1578
f 2077 1574 1575
f 1913 1911 2075
f 2075 2077 1913
f 1912 2074 2071
f 1912 2071 2075
f 1911 1912 2075
f 2077 2075 1573
f 1573 1574 2077
f 2075 2071 2069
f 2075 2069 1561
f 2075 1561 1573
f 2070 2071 2072
f 2072 2071 2074
f 2072 1571 1562
f 1578 1584 1916
f 1916 1914 1578
f 1586 1571 2072
f 2081 1600 2074
f 1631 2121 2125
f 2125 1630 1631
f 1630 2125 2123
f 2123 1629 1630
f 2084 2113 2087
f 2087 2113 2122
f 1978 2121 2122
f 1975 1978 2122
f 1975 2122 2113
f 1915 1973 2113
f 2113 2084 1915
f 1975 2113 1973
f 1971 2105 1969
f 2105 2098 2096
f 1969 2105 2096
f 1968 1969 2096
f 1968 2096 1967
f 1632 2122 1631
f 1627 1628 1958
f 2122 2121 1631
f 2089 2122 2126
f 1637 2128 1587
f 1587 2128 2117
f 1971 1966 2117
f 1971 2117 2128
f 1971 2128 2105
f 1637 1636 2128
f 2105 2128 1636
f 2105 1636 1635
f 2105 1635 2098
f 1635 1634 2098
f 1563 2073 2089
f 2089 2126 1633
f 1563 2089 1633
f 2126 1632 1633
f 2087 2122 2089
f 1632 2126 2122
f 1958 1628 1963
f 1626 1627 1958
f 1933 1611 2085
f 1930 1933 2085
f 1609 1607 2085
f 1930 2085 1925
f 1924 1925 2085
f 1924 2085 1607
f 1607 1603 2082
f 1924 1607 2082
f 1603 1601 2082
f 1922 1924 2082
f 2082 2081 1922
f 2081 2074 1922
f 1922 2074 1912
f 2082 1601 1600
f 1600 2081 2082
f 1586 2072 2074
f 1600 1586 2074
f 1611 1609 2085
f 1958 1957 1626
f 1916 1614 1935
f 1615 1611 1933
f 1625 1626 1956
f 1956 1626 1957
f 1956 1954 1624
f 1624 1625 1956
f 1623 1624 1952
f 1952 1624 1954
f 1952 1949 2090
f 1952 2090 1622
f 1952 1622 1623
f 1945 2090 1949
f 2090 1621 1622
f 1943 1619 1621
f 1943 1621 2090
f 1945 1943 2090
f 1943 1941 1617
f 1617 1619 1943
f 1933 1937 1615
f 1584 1614 1916
f 1639 1814 1638
f 1640 1817 1642
f 1651 1827 1652
f 1651 1650 1825
f 1825 1826 1651
f 1824 1825 1648
f 1648 1825 1650
f 1648 1638 1814
f 1814 1824 1648
f 1821 1822 1820
f 1820 1818 1821
f 1642 1817 1821
f 1645 1642 1821
f 1645 1821 1818
f 1643 1818 1820
f 1639 1643 1820
f 1639 1820 1814
f 1645 1818 1643
f 1815 1817 1640
f 1641 1815 1640
f 1826 1827 1651
f 1828 1814 1820
f 1824 1814 1828
f 1830 1824 1828
f 1874 1873 1210
f 1211 1874 1210
f 1873 1207 1210
f 1873 1874 1866
f 1866 1865 1873
f 1207 1873 1865
f 1865 1846 1205
f 1207 1865 1205
f 1864 1861 1866
f 1866 1861 1865
f 1861 1842 1865
f 1865 1842 1846
f 1661 1861 1864
f 1664 1661 1864
f 1664 1864 1863
f 1842 1861 1659
f 1659 1861 1661
f 1211 1847 1874
f 1194 1200 1857
f 1879 1866 1874
f 1881 1876 1879
f 1885 1817 1883
f 1190 1184 1883
f 1190 1883 1882
f 1884 1190 1882
f 1823 1884 1882
f 1882 1816 1823
f 1817 1815 1883
f 1883 1815 1882
f 1675 1816 1882
f 1641 1675 1882
f 1641 1882 1815
f 1671 1881 1879
f 1671 1879 1854
f 1644 1671 1854
f 1879 1874 1854
f 1854 1874 1847
f 1880 1876 1881
f 1876 1866 1879
f 1821 1817 1885
f 1205 1846 1844
f 1199 1844 1840
f 1655 1839 1837
f 1656 1652 1827
f 1827 1839 1656
f 1655 1837 1654
f 1834 1833 1829
f 1829 1833 1836
f 1833 1830 1836
f 1836 1830 1832
f 1827 1826 1834
f 1834 1826 1833
f 1826 1825 1833
f 1833 1825 1830
f 1831 1832 1830
f 1830 1828 1831
f 1822 1831 1828
f 1828 1820 1822
f 1825 1824 1830
f 1839 1840 1837
f 1844 1199 1205
f 1655 1656 1839
f 1837 1841 1654
f 1200 1199 1840
f 1857 1200 1840
f 1194 1857 1850
f 1198 1194 1850
f 1835 1198 1850
f 1829 1835 1850
f 1850 1834 1829
f 1850 1857 1840
f 1840 1839 1850
f 1834 1850 1839
f 1839 1827 1834
f 1844 1846 1842
f 1842 1841 1844
f 1841 1837 1844
f 1844 1837 1840
f 1659 1658 1841
f 1841 1842 1659
f 1654 1841 1658
f 1822 1821 1885
f 1883 1184 1185
f 1885 1887 1822
f 1893 1832 1890
f 1890 1889 1892
f 1892 1889 1891
f 1889 1887 1891
f 1891 1887 1888
f 1889 1890 1832
f 1832 1831 1889
f 1887 1889 1831
f 1831 1822 1887
f 1888 1186 1192
f 1187 1190 1884
f 1187 1884 1823
f 1823 1183 1187
f 1186 1888 1887
f 1186 1887 1885
f 1186 1885 1185
f 1185 1885 1883
f 1836 1832 1893
f 1893 1204 1836
f 1197 1829 1836
f 1213 1206 1894
f 1213 1894 1892
f 1892 1212 1213
f 1891 1208 1892
f 1892 1208 1212
f 1888 1192 1891
f 1891 1192 1208
f 1894 1206 1204
f 1204 1893 1894
f 1893 1890 1894
f 1894 1890 1892
f 1204 1197 1836
f 1694 1706 2033
f 2033 1706 2043
f 2040 2041 1703
f 1703 1702 2040
f 2170 1704 1703
f 2037 2170 1703
f 2041 2037 1703
f 1702 1700 2040
f 2040 1700 2039
f 2038 2170 2037
f 2034 2035 1699
f 1699 1696 2034
f 2035 2036 2166
f 2166 1698 1699
f 2035 2166 1699
f 1696 1694 2034
f 2034 1694 2033
f 2038 1706 2170
f 1706 1709 2170
f 1709 1704 2170
f 2057 2144 1986
f 2179 2178 2058
f 2058 2178 2056
f 2057 2056 2178
f 2178 2142 2144
f 2057 2178 2144
f 2175 1719 1712
f 2054 2050 1713
f 1713 1715 2054
f 1715 1716 2054
f 2054 1716 2055
f 2050 2048 2175
f 2050 2175 1712
f 2050 1712 1713
f 1700 1701 2039
f 2039 1701 2044
f 2045 2166 2036
f 2038 2043 1706
f 1615 1937 2061
f 1476 1615 2061
f 2063 1476 2061
f 1763 1617 2059
f 2059 1617 1941
f 1763 1472 1138
f 2060 1935 1614
f 2062 2060 1614
f 1614 1755 1469
f 2062 1614 1469
f 2062 1469 1472
f 2062 1472 1763
f 2059 2062 1763
f 1755 1133 1469
f 1476 1272 1615
f 2063 2249 1476
f 1784 1476 2249
f 2187 2245 2185
f 2245 1784 2249
f 2185 2245 2249
f 2182 2185 2249
f 2182 2249 2064
f 1155 1476 1784
f 2063 2064 2249
f 3629 3631 3313
f 3313 3312 3629
f 3310 3308 3625
f 3625 3308 3624
f 3625 3627 3311
f 3311 3310 3625
f 3613 3624 3308
f 3308 3300 3613
f 3315 3314 3633
f 3633 3634 3315
f 3633 3313 3631
f 3314 3313 3633
f 3650 3705 3640
f 3650 3643 3289
f 3289 3288 3705
f 3650 3289 3705
f 3286 3281 3647
f 3647 3281 3646
f 3324 3323 3649
f 3649 3323 3648
f 3649 3611 3299
f 3299 3324 3649
f 3323 3286 3647
f 3312 3311 3629
f 3629 3311 3627
f 3647 3648 3323
f 3316 3294 3703
f 3288 3319 3705
f 3322 3321 3645
f 3645 3321 3644
f 3645 3646 3281
f 3281 3322 3645
f 3643 3644 3321
f 3321 3289 3643
f 3639 3704 3642
f 3641 3320 3316
f 3641 3316 3703
f 3610 3641 3703
f 3641 3642 3704
f 3704 3317 3320
f 3641 3704 3320
f 3639 3640 3705
f 3319 3318 3704
f 3705 3319 3704
f 3639 3705 3704
f 3318 3317 3704
f 3660 3716 3661
f 3657 3714 3659
f 3655 3712 3652
f 3651 3710 3654
f 3651 3652 3712
f 3712 3353 3342
f 3712 3342 3710
f 3660 3368 3716
f 3651 3712 3710
f 3660 3659 3368
f 3659 3714 3368
f 3714 3367 3368
f 3669 3376 3720
f 3670 3669 3720
f 3720 3374 3375
f 3714 3373 3367
f 3657 3668 3372
f 3372 3373 3714
f 3657 3372 3714
f 3718 3352 3369
f 3717 3370 3371
f 3668 3664 3717
f 3668 3717 3371
f 3668 3371 3372
f 3718 3369 3370
f 3666 3718 3370
f 3663 3666 3370
f 3663 3370 3717
f 3663 3717 3664
f 3376 3374 3720
f 3333 3334 3673
f 3673 3671 3333
f 3335 3336 3675
f 3336 3303 3675
f 3675 3303 3615
f 3670 3720 3677
f 3671 3677 3720
f 3720 3375 3333
f 3671 3720 3333
f 3334 3335 3673
f 3673 3335 3674
f 3675 3674 3335
f 3565 3567 3234
f 3234 3230 3565
f 3230 3223 3565
f 3565 3223 3562
f 3223 3219 3562
f 3562 3219 3560
f 3558 3560 3219
f 3219 3218 3558
f 3218 3216 3558
f 3558 3216 3557
f 3555 3557 3216
f 3216 3215 3555
f 3215 3214 3555
f 3555 3214 3554
f 3567 3237 3234
f 3567 3694 3237
f 3238 3237 3694
f 3572 3239 3238
f 3572 3238 3694
f 3570 3572 3694
f 3570 3694 3568
f 3567 3568 3694
f 3635 3636 3808
f 3883 3622 3626
f 3793 3792 3882
f 3882 3618 3619
f 3793 3882 3619
f 3790 3789 3612
f 3612 3614 3790
f 3795 3793 3883
f 3793 3622 3883
f 3798 3882 3792
f 3808 3636 3811
f 3813 3812 3637
f 3637 3638 3813
f 3812 3811 3636
f 3636 3637 3812
f 3630 3632 3803
f 3803 3632 3806
f 3808 3806 3632
f 3632 3635 3808
f 3614 3630 3790
f 3790 3630 3803
f 3628 3612 3802
f 3802 3612 3789
f 3795 3883 3800
f 3802 3800 3883
f 3802 3883 3626
f 3802 3626 3628
f 3793 3619 3622
f 3743 3907 3579
f 3907 3435 3579
f 3435 3222 3579
f 3431 3435 3909
f 3467 3464 3936
f 3936 3464 3933
f 3936 3791 3609
f 3609 3297 3467
f 3936 3609 3467
f 3909 3435 3907
f 3536 3538 3866
f 3865 3536 3866
f 3735 3865 3866
f 3733 3865 3734
f 3865 3535 3536
f 3733 3732 3859
f 3533 3535 3865
f 3859 3533 3865
f 3733 3859 3865
f 3730 3859 3732
f 3859 3531 3533
f 3735 3734 3865
f 3866 3538 3539
f 3737 3736 3542
f 3591 3592 3777
f 3735 3866 3736
f 3777 3592 3782
f 3589 3591 3777
f 3749 3868 3753
f 3868 3564 3571
f 3561 3564 3868
f 3745 3561 3868
f 3749 3745 3868
f 3556 3561 3744
f 3744 3561 3745
f 3744 3741 3552
f 3552 3556 3744
f 3550 3552 3740
f 3740 3552 3741
f 3740 3738 3544
f 3544 3550 3740
f 3542 3544 3737
f 3737 3544 3738
f 3866 3539 3542
f 3736 3866 3542
f 3756 3753 3574
f 3777 3775 3589
f 3753 3868 3574
f 3574 3576 3759
f 3588 3589 3773
f 3773 3589 3775
f 3773 3762 3578
f 3578 3588 3773
f 3554 3586 3747
f 3747 3586 3771
f 3586 3584 3771
f 3771 3584 3769
f 3767 3769 3584
f 3584 3582 3767
f 3582 3581 3870
f 3767 3582 3870
f 3765 3767 3870
f 3765 3870 3763
f 3576 3578 3759
f 3759 3578 3762
f 3759 3756 3574
f 3868 3571 3574
f 3019 3017 3148
f 3016 3147 3013
f 3147 2625 2629
f 3013 3147 2629
f 3017 3013 2629
f 2614 2619 3002
f 3002 2619 3006
f 3010 3006 2619
f 2619 2626 3010
f 3002 2999 3148
f 3002 3148 2611
f 3002 2611 2614
f 3148 2633 2611
f 3017 2633 3148
f 3017 2629 2633
f 3149 2635 2637
f 3033 3150 2640
f 2640 2642 3151
f 3033 2640 3151
f 3027 2638 2639
f 3027 2639 3150
f 3029 3027 3150
f 3150 2639 2640
f 3028 3149 3024
f 3028 3010 2626
f 2626 2635 3149
f 3028 2626 3149
f 3027 3024 3149
f 3149 2637 2638
f 3027 3149 2638
f 3019 3148 2999
f 3123 3119 2976
f 2976 3119 2973
f 2972 2973 3119
f 2580 2578 3116
f 3119 2580 3116
f 2972 3119 3116
f 2972 3116 2967
f 2575 3112 2578
f 2578 3112 3116
f 2965 2967 3116
f 3116 3112 2965
f 2575 2573 3112
f 2963 2965 3112
f 2963 3112 2573
f 2573 2570 3109
f 2963 2573 3109
f 2570 2568 3109
f 2582 2580 3119
f 3109 3108 2963
f 2586 3119 3123
f 2582 3119 2586
f 2963 3108 2960
f 3108 3109 2568
f 2960 3108 2956
f 3108 2568 2565
f 3108 2565 3106
f 3108 3106 2956
f 2956 3106 2952
f 2565 2563 3106
f 2952 3106 2563
f 2563 2562 3102
f 2952 2563 3102
f 2942 2952 3102
f 2942 3102 2939
f 3409 3007 3008
f 3299 3300 3005
f 3005 3004 3299
f 3405 3001 3003
f 3296 3000 3001
f 3296 3001 3405
f 3297 3296 3405
f 3296 3294 2998
f 2998 3000 3296
f 2997 2996 3289
f 3289 2996 3288
f 2995 2994 3286
f 3286 2994 3281
f 3304 3303 3009
f 3303 3409 3009
f 3409 3008 3009
f 3011 3012 3306
f 3309 3411 3307
f 3309 3306 3012
f 3012 3014 3411
f 3309 3012 3411
f 3411 3015 3016
f 3307 3411 3016
f 3285 3307 3016
f 3411 3014 3015
f 3009 3011 3304
f 3304 3011 3305
f 3306 3305 3011
f 3199 2908 3202
f 3199 3197 2903
f 2903 2907 3199
f 2899 2903 3194
f 3194 2903 3197
f 2897 2899 3193
f 3193 2899 3194
f 2907 2908 3199
f 3377 2894 2892
f 3191 3192 2892
f 3189 3191 2892
f 2892 2890 3189
f 2890 2889 3189
f 3189 2889 3188
f 3192 3377 2892
f 2910 2894 3377
f 2908 2911 3205
f 3205 3202 2908
f 3213 2920 2933
f 3225 3213 2933
f 3225 2933 3378
f 3221 3222 2927
f 2927 2924 3221
f 2924 2921 3221
f 3221 2921 3220
f 2921 2910 3377
f 3220 2921 3377
f 3217 3220 3377
f 3217 3377 3192
f 2918 2920 3212
f 3212 2920 3213
f 3212 3208 2912
f 2912 2918 3212
f 2911 2912 3205
f 3205 2912 3208
f 3378 2933 2935
f 3225 3378 3227
f 3228 3227 3379
f 3227 2938 3379
f 3262 2988 2987
f 3261 3262 2987
f 2987 2986 3403
f 3261 2987 3403
f 3260 3261 3403
f 3260 3403 3259
f 2986 2985 3403
f 3403 2985 2984
f 3403 2984 3402
f 3259 3403 3402
f 3258 3259 3402
f 2984 2983 3402
f 2981 3400 2982
f 2982 3400 3401
f 3401 3400 3256
f 3256 3400 3254
f 2981 2980 3400
f 3262 3404 2988
f 3254 3400 2980
f 3264 3404 3262
f 3264 2989 3404
f 3273 3270 2949
f 2949 2993 3273
f 3271 3273 2993
f 2993 2992 3271
f 2992 2991 3271
f 3271 2991 3269
f 3267 3269 2991
f 2991 2990 3267
f 3267 2990 2989
f 3264 3267 2989
f 2989 2988 3404
f 2980 2968 3399
f 3252 3254 3399
f 3387 2953 2955
f 3236 3232 3385
f 3385 3387 3389
f 3236 3385 3389
f 2953 3387 3385
f 3385 3383 2950
f 2953 3385 2950
f 2947 3383 3382
f 3382 2944 2947
f 3229 3379 2941
f 2941 2944 3382
f 3229 2941 3382
f 3231 3229 3382
f 3379 2938 2941
f 3228 3379 3229
f 3227 3378 2935
f 3227 2935 2938
f 3389 2955 2958
f 3254 2980 3399
f 3387 2955 3389
f 3243 2962 3393
f 2974 2978 3249
f 3249 2978 3251
f 3249 3247 3394
f 3394 2971 2974
f 3249 3394 2974
f 3245 3394 3247
f 3393 2970 3394
f 3394 2970 2971
f 3393 2962 2970
f 2966 3397 2968
f 2968 3397 3399
f 2966 2964 3397
f 3393 3394 3243
f 3243 3394 3245
f 3389 2958 2962
f 3241 3389 2962
f 3243 3241 2962
f 3236 3389 3241
f 6376 6383 6446
f 6446 6383 6456
f 6455 6483 6454
f 6483 6382 6381
f 6454 6483 6381
f 6453 6454 6381
f 6448 6451 6380
f 6456 6385 6457
f 6380 6378 6448
f 6453 6380 6451
f 6378 6376 6448
f 6448 6376 6446
f 6381 6380 6453
f 6383 6385 6456
f 6385 6387 6459
f 6459 6457 6385
f 6444 6482 6408
f 6473 6444 6408
f 6473 6408 6407
f 6473 6407 6488
f 6407 6405 6488
f 6488 6483 6473
f 6473 6483 6455
f 6488 6405 6382
f 6382 6483 6488
f 6449 6470 6485
f 6485 6394 6402
f 6449 6485 6402
f 6461 6485 6470
f 6485 6392 6394
f 6387 6392 6485
f 6459 6387 6485
f 6461 6459 6485
f 6462 6492 6464
f 6466 6492 6400
f 6492 6398 6400
f 6466 6464 6492
f 6498 6399 6397
f 6498 6397 6395
f 6395 6496 6498
f 6390 6495 6395
f 6395 6495 6496
f 6390 6388 6495
f 6500 6412 6413
f 6474 6495 6494
f 6495 6388 6406
f 6406 6494 6495
f 6474 6494 6472
f 6472 6494 6406
f 6406 6389 6491
f 6472 6406 6491
f 6471 6472 6491
f 6471 6491 6384
f 6471 6384 6404
f 6469 6471 6404
f 6403 6393 6468
f 6468 6393 6460
f 6468 6469 6404
f 6404 6403 6468
f 6400 6401 6466
f 6466 6401 6467
f 6474 6496 6495
f 6497 6415 6409
f 6474 6475 6496
f 6498 6496 6475
f 6481 6500 6413
f 6481 6413 6415
f 6481 6415 6497
f 6476 6481 6497
f 6412 6500 6499
f 6499 6410 6412
f 6499 6500 6480
f 6480 6500 6481
f 6479 6467 6401
f 6401 6410 6499
f 6479 6401 6499
f 6479 6499 6480
f 6477 6497 6409
f 6477 6409 6399
f 6477 6399 6498
f 6478 6477 6498
f 6475 6478 6498
f 6476 6497 6477
f 6731 6732 6797
f 6714 6796 6732
f 6732 6796 6797
f 6635 6667 6634
f 6633 6634 6667
f 6633 6667 6578
f 6633 6578 6576
f 6443 6323 6324
f 6443 6324 6314
f 6415 6443 6314
f 6409 6415 6314
f 6409 6314 6438
f 6413 6412 6319
f 6413 6319 6323
f 6413 6323 6443
f 6442 6321 6318
f 6440 6307 6442
f 6442 6307 6321
f 6410 6442 6318
f 6412 6410 6318
f 6412 6318 6319
f 6440 6442 6401
f 6413 6443 6415
f 6401 6442 6410
f 6409 6438 6399
f 6427 6426 6388
f 6388 6426 6406
f 6293 6290 6393
f 6406 6426 6389
f 6288 6312 6384
f 6384 6312 6404
f 6310 6293 6403
f 6403 6293 6393
f 6403 6404 6312
f 6312 6310 6403
f 6440 6306 6307
f 6401 6400 6302
f 6302 6306 6440
f 6401 6302 6440
f 6300 6302 6398
f 6398 6302 6400
f 6398 6396 6297
f 6297 6300 6398
f 6290 6297 6391
f 6391 6297 6396
f 6393 6290 6391
f 6149 6148 6357
f 6145 6117 6355
f 6138 6136 6351
f 6297 6138 6351
f 6300 6297 6351
f 6297 6290 6119
f 6119 6138 6297
f 6136 6133 6351
f 6129 6119 6293
f 6293 6119 6290
f 6245 5917 5902
f 5899 6252 6259
f 6112 5899 6259
f 6262 6112 6259
f 6360 6145 6355
f 6360 6148 6145
f 6360 6357 6148
f 6133 6152 6362
f 6264 5905 6131
f 6135 6373 6262
f 6135 6262 6263
f 6263 6264 6131
f 6135 6263 6131
f 6130 6374 6372
f 6372 6373 6127
f 6130 6372 6127
f 6355 6372 6360
f 6360 6372 6374
f 6373 6372 6124
f 6124 6112 6262
f 6373 6124 6262
f 6372 6355 6117
f 6117 6124 6372
f 6371 6174 6173
f 6174 6371 6369
f 6373 6135 6127
f 6369 6171 6174
f 6140 6360 6139
f 6140 6367 6360
f 6367 6140 6144
f 6374 6130 6139
f 6360 6374 6139
f 6371 6173 6172
f 6323 6371 6364
f 6368 6367 6144
f 6158 6368 6144
f 6306 6365 6366
f 6307 6306 6366
f 6307 6366 6368
f 6357 6360 6366
f 6366 6360 6367
f 6365 6155 6149
f 6366 6365 6149
f 6366 6149 6357
f 6362 6365 6302
f 6302 6365 6306
f 6351 6362 6300
f 6300 6362 6302
f 6365 6362 6152
f 6152 6155 6365
f 6362 6351 6133
f 6368 6366 6367
f 6371 6172 6364
f 6312 6162 6310
f 6162 6129 6293
f 6324 6323 6364
f 6324 6364 6314
f 6323 6319 6369
f 6369 6371 6323
f 6370 6167 6169
f 6321 6370 6169
f 6318 6321 6169
f 6318 6169 6171
f 6318 6171 6369
f 6167 6370 6368
f 6368 6158 6167
f 6321 6307 6368
f 6368 6370 6321
f 6318 6369 6319
f 6102 6165 6288
f 6288 6165 6312
f 6293 6310 6162
f 6165 6162 6312
f 6737 6735 6715
f 6715 6735 6731
f 6716 6737 6715
f 6716 6666 6737
f 6666 6603 6737
f 6666 6591 6603
f 6736 6608 6613
f 6613 6611 6736
f 6737 6603 6606
f 6608 6736 6735
f 6608 6735 6737
f 6608 6737 6606
f 6716 6713 6666
f 6726 6658 6659
f 6701 6725 6657
f 6705 6701 6657
f 6657 6658 6726
f 6705 6657 6726
f 6724 6656 6725
f 6725 6656 6657
f 6723 6655 6724
f 6724 6655 6656
f 6655 6723 6722
f 6722 6653 6655
f 6703 6704 6654
f 6654 6652 6703
f 6702 6651 6653
f 6702 6653 6722
f 6697 6702 6722
f 6652 6651 6703
f 6705 6726 6706
f 6703 6651 6702
f 6707 6659 6660
f 6707 6706 6726
f 6713 6712 6665
f 6665 6666 6713
f 6711 6709 6663
f 6663 6664 6711
f 6664 6665 6711
f 6711 6665 6712
f 6710 6727 6708
f 6710 6707 6660
f 6660 6661 6727
f 6710 6660 6727
f 6727 6662 6663
f 6708 6727 6663
f 6709 6708 6663
f 6727 6661 6662
f 6707 6726 6659
f 6700 6725 6701
f 6724 6725 6700
f 6700 6699 6724
f 6699 6698 6723
f 6723 6724 6699
f 6722 6723 6696
f 6696 6723 6698
f 6697 6722 6696
f 6787 6691 6728
f 6858 6778 6783
f 6858 6783 6782
f 6782 6857 6858
f 6781 6856 6782
f 6782 6856 6857
f 6839 6840 6780
f 6828 6827 6896
f 6878 6877 6825
f 6825 6826 6878
f 6877 6876 6824
f 6824 6825 6877
f 6823 6824 6874
f 6874 6824 6876
f 6829 6896 6897
f 6875 6895 6821
f 6874 6875 6823
f 6822 6821 6895
f 6875 6821 6823
f 6828 6896 6829
f 6879 6822 6895
f 6879 6827 6822
f 6832 6899 6833
f 6833 6899 6900
f 6832 6831 6899
f 6883 6900 6899
f 6882 6883 6899
f 6882 6899 6898
f 6831 6830 6897
f 6899 6831 6897
f 6899 6897 6898
f 6830 6829 6897
f 6882 6898 6881
f 6881 6898 6897
f 6880 6881 6897
f 6880 6897 6896
f 6879 6895 6875
f 6880 6896 6827
f 6879 6880 6827
f 6884 6878 6901
f 6878 6826 6901
f 6826 6834 6901
f 6901 6834 6835
f 6903 6840 6839
f 6887 6885 6837
f 6837 6840 6903
f 6887 6837 6903
f 6903 6839 6838
f 6838 6902 6903
f 6833 6900 6838
f 6838 6900 6902
f 6886 6887 6903
f 6903 6902 6886
f 6902 6900 6886
f 6886 6900 6883
f 6901 6835 6836
f 6885 6884 6901
f 6885 6901 6836
f 6885 6836 6837
f 6780 6779 6839
f 6776 6780 6837
f 6837 6780 6840
f 6856 6854 6855
f 6773 6772 6854
f 6830 6855 6854
f 6829 6830 6854
f 6829 6854 6853
f 6854 6772 6771
f 6771 6853 6854
f 6827 6852 6822
f 6828 6829 6853
f 6828 6853 6770
f 6828 6770 6769
f 6771 6770 6853
f 6827 6828 6769
f 6769 6763 6852
f 6827 6769 6852
f 6767 6768 6825
f 6825 6768 6826
f 6856 6773 6854
f 6825 6824 6766
f 6856 6774 6773
f 6831 6856 6855
f 6838 6839 6779
f 6779 6777 6838
f 6838 6777 6778
f 6838 6778 6858
f 6833 6838 6858
f 6835 6859 6836
f 6859 6775 6776
f 6836 6859 6776
f 6837 6836 6776
f 6834 6859 6835
f 6768 6775 6859
f 6826 6768 6859
f 6834 6826 6859
f 6858 6857 6833
f 6833 6857 6832
f 6832 6857 6856
f 6831 6832 6856
f 6831 6855 6830
f 6766 6767 6825
f 6765 6766 6824
f 6824 6823 6765
f 6764 6765 6821
f 6821 6765 6823
f 6822 6852 6762
f 6822 6762 6764
f 6821 6822 6764
f 6763 6762 6852
f 6546 6547 6550
f 6475 6474 6549
f 6472 6545 6546
f 6474 6472 6546
f 6549 6474 6546
f 6472 6471 6545
f 6529 6530 6548
f 6548 6547 6529
f 6547 6546 6529
f 6529 6546 6528
f 6528 6546 6545
f 6528 6545 6544
f 6527 6528 6544
f 6469 6544 6471
f 6471 6544 6545
f 6527 6544 6468
f 6527 6468 6460
f 6550 6549 6546
f 6521 6527 6460
f 6477 6548 6476
f 6477 6550 6547
f 6548 6481 6476
f 6532 6480 6481
f 6532 6481 6548
f 6530 6532 6548
f 6531 6526 6467
f 6467 6479 6531
f 6479 6480 6531
f 6531 6480 6532
f 6550 6477 6478
f 6550 6478 6475
f 6475 6549 6550
f 6477 6547 6548
f 6469 6468 6544
f 6526 6543 6466
f 6526 6525 6543
f 6526 6466 6467
f 6543 6464 6466
f 6525 6522 6542
f 6542 6543 6525
f 6464 6543 6542
f 6542 6541 6462
f 6464 6542 6462
f 6520 6542 6522
f 6541 6542 6517
f 6517 6542 6520
f 3476 3478 3979
f 4005 3331 3332
f 3854 3325 3329
f 3853 3854 3329
f 3853 3329 3330
f 3473 3466 4003
f 3958 3473 4003
f 3979 3976 3476
f 3962 3958 4003
f 3953 3471 3956
f 3958 3956 3471
f 3471 3473 3958
f 4003 3466 3469
f 3953 3950 3460
f 3460 3463 3953
f 3462 3459 3932
f 3463 3471 3953
f 3976 3947 3476
f 3947 3480 3476
f 3947 4004 3480
f 3491 3492 3992
f 3490 3460 3990
f 3990 3460 3950
f 3990 3989 3487
f 3487 3490 3990
f 4004 3489 3480
f 3983 4005 3986
f 3483 3485 3987
f 3987 3485 3988
f 3989 3988 3485
f 3485 3487 3989
f 3987 3986 4005
f 4005 3332 3483
f 3987 4005 3483
f 3478 3331 4005
f 3979 3478 4005
f 3983 3979 4005
f 3932 3459 3930
f 3932 3933 3464
f 3464 3462 3932
f 3927 3930 3459
f 3923 3925 3445
f 3445 3444 3923
f 3444 3442 3923
f 3923 3442 3921
f 3442 3441 4000
f 3921 3442 4000
f 3919 3921 4000
f 3919 4000 3917
f 3436 3438 3913
f 3913 3438 3915
f 3913 3912 3434
f 3434 3436 3913
f 3912 3910 3999
f 3999 3432 3434
f 3912 3999 3434
f 3908 3999 3910
f 3926 3445 3925
f 3992 3991 3491
f 3447 3445 3926
f 3926 3929 3450
f 3459 3458 3927
f 3457 3204 3605
f 3940 3457 3605
f 3787 3940 3605
f 3456 3457 3938
f 3938 3457 3940
f 3938 3937 4002
f 4002 3455 3456
f 3938 4002 3456
f 3935 4002 3937
f 4002 3454 3455
f 3438 3454 4002
f 3915 3438 4002
f 3935 3915 4002
f 3929 3774 3595
f 3595 3258 3450
f 3929 3595 3450
f 3450 3447 3926
f 3493 3494 3994
f 3994 3993 3493
f 3992 3493 3993
f 3494 3376 3669
f 3994 3494 3669
f 3841 3994 3669
f 3497 3491 3998
f 3998 3491 3991
f 3962 4003 3995
f 3495 3496 3996
f 3996 3496 3997
f 3998 3997 3496
f 3496 3497 3998
f 3996 3995 4003
f 3996 4003 3469
f 3996 3469 3495
f 3492 3493 3992
f 3901 3897 3662
f 3901 3662 3667
f 3901 3667 3900
f 3900 3665 3672
f 3667 3665 3900
f 3896 3893 3895
f 3895 3897 3896
f 3901 3672 3676
f 3893 3889 3653
f 3893 3658 3895
f 3897 3895 3656
f 3656 3662 3897
f 3658 3656 3895
f 3654 3653 3889
f 3893 3653 3658
f 3900 3672 3901
f 3896 3901 3904
f 3897 3901 3896
f 3833 3683 3680
f 3833 3680 3887
f 3684 3683 3906
f 3844 3905 3843
f 3832 3887 3679
f 3844 3832 3679
f 3844 3679 3682
f 3844 3682 3905
f 3843 3905 3681
f 3843 3681 3678
f 3843 3678 3891
f 3837 3843 3891
f 3682 3681 3905
f 3680 3679 3887
f 3678 3655 3891
f 3666 3904 3901
f 3901 3676 3666
f 3833 3845 3683
f 3845 3906 3683
f 3851 3684 3906
f 3851 3846 3684
f 3851 3906 3845
f 3846 3685 3684
f 3295 3298 3635
f 3635 3298 3636
f 3238 3239 2976
f 2976 2973 3238
f 2973 2972 3238
f 3238 2972 3237
f 3234 3237 2972
f 2972 2967 3234
f 3230 3234 2967
f 2967 2965 3386
f 3230 2967 3386
f 2965 2963 3386
f 3230 3386 3223
f 3223 3386 2960
f 3219 3223 2960
f 3219 2960 3384
f 2960 2956 3384
f 3219 3384 3218
f 3384 2956 2952
f 3218 3384 2952
f 3216 3218 2952
f 3215 3216 2952
f 2952 2942 3215
f 3214 3215 2942
f 2942 2939 3214
f 3386 2963 2960
f 2644 2643 3005
f 2647 2646 3022
f 3022 2646 3021
f 3023 3025 2652
f 2652 2649 3023
f 2609 2652 3026
f 3026 2652 3025
f 3022 3023 2649
f 2649 2647 3022
f 2645 2644 3020
f 3020 2644 3018
f 3020 3021 2646
f 2646 2645 3020
f 3005 3018 2644
f 2676 2606 3077
f 3077 2606 3007
f 3076 3082 3177
f 3076 3177 2673
f 3076 2673 2674
f 3077 3076 2674
f 2674 2676 3077
f 2624 2623 3036
f 3034 3035 2622
f 2622 2620 3034
f 2612 2618 3031
f 3031 2618 2998
f 2616 2612 3032
f 3032 2612 3031
f 3036 2996 2624
f 3036 2622 3035
f 3034 2616 3032
f 2636 2634 3040
f 3040 2634 3039
f 3040 3004 2641
f 2641 2636 3040
f 2634 2632 3039
f 3039 2632 2995
f 3037 3038 2630
f 2630 2628 3037
f 2631 2630 2994
f 2994 2630 3038
f 2997 3037 2628
f 2628 2627 2997
f 2620 2616 3034
f 2623 2622 3036
f 3171 2699 2700
f 3167 3163 3170
f 3170 3163 3168
f 2699 3168 3163
f 3163 3160 2698
f 2699 3163 2698
f 3163 3167 3165
f 3165 3162 3163
f 3054 3160 3163
f 3056 3054 3163
f 3056 3163 3162
f 2698 3160 3158
f 3158 2697 2698
f 3156 2696 3158
f 3158 2696 2697
f 3158 3160 3052
f 3052 3160 3054
f 3168 2699 3171
f 3052 3041 3156
f 3059 3168 3171
f 3057 3170 3168
f 3177 2670 2673
f 3072 3154 3064
f 3175 2667 2669
f 3072 3071 3175
f 3072 3175 2669
f 2669 2665 3154
f 3072 2669 3154
f 3175 2666 2667
f 3070 2664 2666
f 3070 2666 3175
f 3071 3070 3175
f 3070 3049 2655
f 2655 2664 3070
f 3171 3173 3059
f 3059 3173 3066
f 3171 2700 3173
f 3173 2700 2701
f 3059 3057 3168
f 3156 3158 3052
f 3042 2695 2696
f 3042 3048 2695
f 3042 2696 3156
f 2694 2695 3045
f 3045 2695 3048
f 3042 3156 3041
f 3290 3291 3626
f 3619 3618 3285
f 3285 3287 3619
f 3707 3283 3284
f 3612 3707 3284
f 3614 3612 3284
f 3707 3282 3283
f 3626 3622 3290
f 3619 3290 3622
f 3628 3291 3707
f 3638 3637 3301
f 3301 3302 3709
f 3638 3301 3709
f 3637 3636 3298
f 3298 3301 3637
f 3630 3708 3632
f 3635 3632 3708
f 3635 3708 3293
f 3635 3293 3295
f 3614 3284 3292
f 3614 3292 3708
f 3630 3614 3708
f 3708 3292 3293
f 3628 3707 3612
f 3628 3626 3291
f 3291 3282 3707
f 3287 3290 3619
f 3022 3021 3312
f 3312 3021 3311
f 3025 3023 3314
f 3314 3023 3313
f 3026 3025 3315
f 3315 3025 3314
f 3023 3022 3312
f 3020 3018 3310
f 3310 3018 3308
f 3310 3311 3021
f 3021 3020 3310
f 3300 3308 3018
f 3018 3005 3300
f 3312 3313 3023
f 3035 3034 3317
f 3406 3031 2998
f 3316 3406 2998
f 3294 3316 2998
f 3032 3031 3406
f 3317 3318 3035
f 2996 3036 3319
f 3319 3288 2996
f 3319 3035 3318
f 3323 3324 3040
f 3040 3039 3323
f 3004 3040 3299
f 3299 3040 3324
f 3286 3323 3039
f 3039 2995 3286
f 3038 3037 3322
f 3322 3037 3321
f 3322 3281 2994
f 2994 3038 3322
f 3289 3321 3037
f 3037 2997 3289
f 3320 3406 3316
f 3034 3032 3406
f 3317 3034 3406
f 3320 3317 3406
f 3036 3035 3319
f 2846 2854 3494
f 3494 2854 3376
f 3177 3082 3375
f 3375 3082 3333
f 3374 3376 2854
f 2854 2670 3177
f 3374 2854 3177
f 3374 3177 3375
f 3497 3527 3491
f 3495 3529 3496
f 3497 3496 3529
f 3489 3523 3480
f 3483 3525 3485
f 3525 2869 2827
f 3485 3525 2827
f 3487 3485 2827
f 3483 3332 3066
f 3173 2701 2868
f 3173 2868 3525
f 3066 3173 3525
f 3483 3066 3525
f 3525 2868 2869
f 3478 3170 3057
f 3478 3057 3420
f 3331 3478 3420
f 3523 3521 3480
f 3480 3521 3476
f 3521 3165 3167
f 3490 3487 3520
f 3487 2831 3520
f 3490 3520 3460
f 3497 3529 2850
f 2850 2837 3527
f 3497 2850 3527
f 3469 2852 2849
f 3469 2849 3529
f 3495 3469 3529
f 3529 2849 2850
f 3492 3528 3493
f 3528 2844 2846
f 3493 3528 2846
f 3494 3493 2846
f 3492 3491 3527
f 3492 3527 2840
f 2840 2842 3528
f 3492 2840 3528
f 3528 2842 2844
f 3527 2837 2840
f 3487 2827 2831
f 3476 3521 3167
f 3478 3476 3167
f 3478 3167 3170
f 2867 2866 3473
f 3118 2600 3115
f 3122 3118 3115
f 3117 3122 3115
f 2600 2702 3115
f 3118 3105 2600
f 3117 2927 3435
f 3473 2866 3466
f 3463 3522 3471
f 3522 2865 2867
f 3471 3522 2867
f 3473 3471 2867
f 3469 3466 2866
f 2866 2852 3469
f 3463 3460 3520
f 3463 3520 2863
f 2863 2864 3522
f 3463 2863 3522
f 3522 2864 2865
f 3520 2831 2863
f 3431 3129 3126
f 3435 3431 3126
f 3126 3122 3117
f 3435 3126 3117
f 3435 2927 3222
f 4765 4770 5484
f 5484 4770 5479
f 4767 4765 5486
f 5486 4765 5484
f 4762 4759 5471
f 5471 4759 5482
f 4753 4621 5481
f 4764 4767 5486
f 5481 4621 5453
f 4759 4753 5481
f 5471 5479 4770
f 4770 4762 5471
f 5509 4768 4764
f 5459 5509 4764
f 5467 5459 4764
f 5463 5509 5459
f 5481 5482 4759
f 5486 5467 4764
f 5492 5511 5490
f 5493 5490 4773
f 5499 5497 4788
f 4788 4789 5499
f 4789 4790 5499
f 5499 4790 5500
f 5498 5515 5496
f 4787 4788 5480
f 5480 4788 5497
f 4783 4768 5509
f 5463 5493 4773
f 4773 4783 5509
f 5463 4773 5509
f 4780 4776 5511
f 5492 5438 4744
f 5492 4744 4780
f 5492 4780 5511
f 5490 5511 4776
f 5490 4776 4773
f 5312 5307 4985
f 5127 5115 4639
f 5127 4639 4751
f 4985 5127 4751
f 5498 5500 5515
f 5312 4985 4751
f 4747 4646 5113
f 4747 5113 4967
f 5447 4747 4967
f 5289 5447 4967
f 4620 4747 5450
f 5450 4747 5447
f 5444 5222 5376
f 5444 5376 4910
f 5444 4910 5073
f 5440 5444 5073
f 5440 5073 4736
f 5440 4736 4739
f 4611 4736 5073
f 5421 5351 5212
f 5500 4750 5515
f 5500 4790 4750
f 5089 4599 4602
f 5070 5067 5089
f 4893 4824 5322
f 5168 5169 5322
f 4825 4895 5348
f 5348 4895 4893
f 5169 5348 4893
f 5169 4893 5322
f 5179 5174 5325
f 5325 5327 5179
f 5174 5171 5323
f 5323 5325 5174
f 5151 5323 5171
f 5163 5168 5322
f 5322 5320 5163
f 5322 4824 4822
f 4822 5320 5322
f 5163 5320 5162
f 5320 4822 4820
f 5162 5320 4820
f 5162 4820 5318
f 5160 5162 5318
f 5192 4828 5330
f 5192 5179 4828
f 5179 5327 4827
f 5196 5332 5200
f 5332 4833 4843
f 5330 4830 4833
f 5330 4833 5332
f 5194 5330 5332
f 5196 5194 5332
f 5330 4828 4830
f 5192 5330 5194
f 5179 4827 4828
f 5070 5089 4602
f 5811 5247 5252
f 5828 5260 5256
f 5826 5255 5258
f 5828 5824 5826
f 5260 5826 5258
f 5257 5819 5827
f 5827 5828 5256
f 5257 5827 5256
f 5785 5827 5774
f 5774 5827 5819
f 5823 5824 5827
f 5260 5828 5826
f 5827 5824 5828
f 5823 5827 5785
f 5641 5823 5785
f 5628 5641 5785
f 5247 5811 5809
f 5809 5820 5245
f 5247 5809 5245
f 5244 5820 5814
f 5814 5815 5243
f 5244 5814 5243
f 5802 5814 5809
f 5809 5814 5820
f 5816 5817 5240
f 5818 5816 5240
f 5241 5818 5240
f 5813 5816 5815
f 5815 5816 5818
f 5817 5816 5638
f 5638 5816 5637
f 5816 5813 5637
f 5637 5813 5636
f 5820 5244 5245
f 5243 5815 5818
f 5818 5241 5250
f 5255 5826 5825
f 5825 5254 5255
f 5822 5825 5824
f 5824 5825 5826
f 5254 5825 5810
f 5810 5811 5252
f 5254 5810 5252
f 5806 5810 5822
f 5822 5810 5825
f 5821 5822 5823
f 5823 5822 5824
f 5641 5640 5821
f 5821 5823 5641
f 5634 5806 5822
f 5639 5634 5822
f 5639 5822 5821
f 5639 5821 5640
f 5818 5250 5243
f 5812 5813 5814
f 5814 5813 5815
f 5798 5812 5802
f 5802 5812 5814
f 5246 5249 5754
f 5248 5246 5753
f 5752 5751 5239
f 5752 5239 5238
f 5752 5238 5750
f 5242 5239 5751
f 5238 5236 5750
f 5754 5753 5246
f 5756 5248 5753
f 5755 5237 5248
f 5762 5224 5226
f 5762 5226 5755
f 5763 5762 5755
f 5225 5224 5762
f 5228 5227 5761
f 5612 5760 5758
f 5611 5612 5758
f 5611 5758 5759
f 5760 5757 5754
f 5754 5758 5760
f 5759 5758 5751
f 5751 5752 5759
f 5754 5249 5242
f 5754 5242 5751
f 5758 5754 5751
f 5757 5756 5753
f 5753 5754 5757
f 5756 5755 5248
f 5765 5761 5762
f 5761 5225 5762
f 5762 5763 5767
f 5752 5792 5804
f 5796 5798 5800
f 5800 5798 5802
f 5791 5796 5794
f 5794 5796 5800
f 5798 5796 5795
f 5795 5797 5798
f 5796 5791 5789
f 5789 5795 5796
f 5794 5792 5788
f 5788 5791 5794
f 5792 5752 5750
f 5750 5788 5792
f 5791 5788 5787
f 5787 5789 5791
f 5788 5750 5236
f 5788 5236 5231
f 5804 5759 5752
f 5788 5231 5787
f 5804 5794 5805
f 5759 5804 5630
f 5813 5812 5636
f 5636 5812 5635
f 5635 5812 5798
f 5616 5635 5798
f 5616 5798 5797
f 5807 5809 5810
f 5810 5809 5811
f 5805 5807 5806
f 5806 5807 5810
f 5800 5802 5807
f 5807 5802 5809
f 5794 5800 5805
f 5805 5800 5807
f 5630 5804 5805
f 5634 5630 5805
f 5634 5805 5806
f 5630 5611 5759
f 5792 5794 5804
f 5761 5227 5225
f 5782 5785 5769
f 5627 5782 5769
f 5618 5771 5773
f 5613 5617 5773
f 5613 5773 5765
f 5613 5765 5767
f 5773 5771 5761
f 5761 5765 5773
f 5771 5228 5761
f 5767 5765 5762
f 5769 5785 5774
f 5618 5773 5617
f 5776 5763 5755
f 5624 5627 5769
f 5624 5769 5764
f 5785 5782 5628
f 5628 5782 5626
f 5626 5782 5627
f 5624 5764 5625
f 5613 5767 5622
f 5623 5760 5612
f 5757 5760 5619
f 5619 5760 5623
f 5621 5776 5620
f 5622 5767 5763
f 5621 5622 5763
f 5621 5763 5776
f 5620 5776 5756
f 5620 5756 5757
f 5619 5620 5757
f 5755 5756 5776
f 5088 4601 4598
f 4601 5088 5085
f 4233 4232 4499
f 4500 4233 4499
f 4432 4500 4499
f 4431 4432 4499
f 4234 4233 4500
f 4232 4231 4499
f 4230 4229 4428
f 4231 4235 4503
f 4428 4229 4427
f 4430 4498 4230
f 4428 4430 4230
f 4426 4427 4229
f 4229 4228 4426
f 4226 4225 4498
f 4224 4223 4497
f 4498 4225 4230
f 4503 4499 4231
f 4434 4224 4497
f 4434 4235 4224
f 4497 4223 4237
f 4448 4497 4237
f 4448 4237 4504
f 4445 4448 4504
f 4444 4504 4236
f 4444 4236 4238
f 4443 4444 4238
f 4237 4236 4504
f 4439 4500 4432
f 4439 4426 4228
f 4439 4228 4234
f 4439 4234 4500
f 4438 4503 4436
f 4499 4503 4431
f 4431 4503 4438
f 4436 4503 4235
f 4434 4436 4235
f 4445 4504 4444
f 4451 4443 4507
f 4443 4256 4507
f 4443 4238 4256
f 4433 4501 4464
f 4453 4498 4430
f 4456 4508 4454
f 4200 4240 4508
f 4501 4200 4508
f 4464 4501 4508
f 4456 4464 4508
f 4453 4454 4508
f 4453 4508 4239
f 4239 4226 4498
f 4453 4239 4498
f 4240 4239 4508
f 4434 4497 4448
f 4451 4507 4452
f 4246 4281 4283
f 4246 4283 4284
f 4244 4281 4245
f 4280 4282 4281
f 4281 4282 4283
f 4244 4243 4102
f 4103 4280 4281
f 4246 4245 4281
f 4102 4103 4281
f 4243 4242 4101
f 4101 4102 4243
f 4242 4241 4100
f 4100 4101 4242
f 4244 4102 4281
f 4284 4285 4247
f 4247 4246 4284
f 4248 4104 4105
f 4201 4255 4274
f 4286 4107 4112
f 4286 4112 4108
f 4250 4286 4108
f 4252 4250 4108
f 4254 4253 4109
f 4109 4110 4254
f 4110 4111 4254
f 4254 4111 4255
f 4108 4109 4252
f 4252 4109 4253
f 4106 4107 4286
f 4251 4106 4286
f 4249 4251 4286
f 4249 4286 4250
f 4247 4285 4104
f 4248 4247 4104
f 4255 4111 4274
f 4111 4113 4274
f 4274 4113 4064
f 4370 3843 3837
f 4373 3833 3832
f 4375 4373 3832
f 4375 3832 4370
f 4372 3846 3851
f 4373 4372 3851
f 4373 3851 3845
f 4373 3845 3833
f 4103 4149 3943
f 3941 4372 4282
f 3941 4282 4280
f 3943 3941 4280
f 4103 3943 4280
f 4149 4148 3853
f 3853 3943 4149
f 3941 3846 4372
f 4370 3832 3844
f 4370 3844 3843
f 4372 4373 4374
f 4374 4282 4372
f 3947 4373 4375
f 3960 3959 4315
f 4315 3959 4309
f 3955 3954 4307
f 4307 3954 4305
f 4375 3951 3945
f 4147 3840 3949
f 3951 4375 4370
f 4370 4147 3949
f 3951 4370 3949
f 4370 3837 3838
f 3835 4145 4146
f 3838 3835 4146
f 4370 3838 4146
f 4147 4370 4146
f 3947 4374 4373
f 3947 4375 3945
f 4073 4070 4212
f 4070 4071 4212
f 4212 4071 4213
f 4068 4069 4207
f 4207 4069 4210
f 4212 4214 4073
f 4071 4074 4215
f 4075 4076 4217
f 4275 4081 4079
f 4078 4081 4275
f 4219 4078 4275
f 4220 4219 4275
f 4222 4221 4275
f 4275 4079 4080
f 4222 4275 4080
f 4220 4275 4221
f 4218 4217 4076
f 4076 4077 4218
f 4077 4078 4218
f 4218 4078 4219
f 4217 4216 4075
f 4215 4213 4071
f 5081 5086 5083
f 4928 5081 5083
f 4930 5083 5085
f 4933 4930 5085
f 4933 5085 5084
f 4933 5084 4935
f 4928 5083 4930
f 5081 5076 5079
f 5081 5079 4587
f 4588 5081 4587
f 5076 5081 4922
f 4922 5081 4926
f 4919 4920 5059
f 4919 5059 5079
f 4919 5079 5076
f 4919 5076 4922
f 4928 4926 5081
f 5081 4588 4589
f 4594 5085 4592
f 5085 4594 4601
f 4599 5089 5087
f 5087 5088 4598
f 4599 5087 4598
f 4937 5087 5089
f 4909 4937 5089
f 4909 5089 5067
f 5084 5085 5087
f 5087 5085 5088
f 4937 4935 5084
f 5084 5087 4937
f 5079 4596 4587
f 4596 5079 5059
f 5059 4586 4596
f 5086 4589 4592
f 5083 5086 4592
f 5085 5083 4592
f 4589 5086 5081
f 5036 5038 5025
f 5025 5024 5036
f 5030 5036 5024
f 5024 5019 5030
f 4874 5033 4873
f 4873 5033 5030
f 4872 4873 5030
f 4872 5030 5028
f 4872 5028 4866
f 5019 5016 5030
f 5030 5016 5028
f 4866 5028 5016
f 4863 4866 5016
f 4863 5016 5011
f 4863 5011 4845
f 4854 5025 4856
f 4853 5023 5024
f 5044 5030 5033
f 4854 4853 5024
f 5036 5030 5044
f 5044 5046 5038
f 5050 5051 5047
f 5047 5046 5050
f 5050 5049 4997
f 4997 5049 4996
f 4996 5049 4817
f 4817 5049 4887
f 5046 5044 5050
f 5050 5044 5049
f 4874 4887 5049
f 5049 5044 5033
f 4874 5049 5033
f 4883 5047 4884
f 4883 4880 5038
f 5038 5046 5047
f 4883 5038 5047
f 5025 5038 4856
f 4856 5038 4880
f 5038 5036 5044
f 4813 5047 4989
f 4854 5024 5025
f 5023 5014 5019
f 5019 5024 5023
f 4851 5023 4853
f 5014 5023 4849
f 4849 5023 4851
f 5016 5019 5014
f 5014 5012 5016
f 5012 5009 5016
f 5016 5009 5011
f 5012 5014 4847
f 4847 5014 4849
f 4847 4838 5009
f 5009 5012 4847
f 5011 5009 4845
f 4845 5009 4840
f 4840 5009 4838
f 5047 5051 4989
f 5003 5050 4997
f 4813 4884 5047
f 5003 4990 4989
f 4989 5051 5003
f 5051 5050 5003
f 4767 4312 4765
f 4759 4762 4309
f 4309 4306 4759
f 4304 4241 4469
f 4753 4304 4469
f 4621 4753 4469
f 4306 4304 4759
f 4759 4304 4753
f 4295 4301 4736
f 4736 4301 4739
f 4736 4611 4452
f 4507 4256 4295
f 4452 4507 4295
f 4736 4452 4295
f 4319 4312 4767
f 4312 4315 4770
f 4770 4765 4312
f 4305 4319 4767
f 4800 4799 4357
f 4357 4358 4800
f 4358 4317 4800
f 4800 4317 4779
f 4314 4357 4775
f 4775 4357 4799
f 4798 4797 4353
f 4353 4355 4798
f 4355 4323 4798
f 4798 4323 4784
f 4320 4353 4781
f 4781 4353 4797
f 4787 4796 4349
f 4349 4332 4787
f 4795 4794 4344
f 4344 4347 4795
f 4795 4349 4796
f 4332 4335 4787
f 4787 4335 4788
f 4292 4325 4807
f 4326 4329 4809
f 4768 4783 4328
f 4328 4307 4768
f 4809 4329 4328
f 4773 4809 4328
f 4783 4773 4328
f 4776 4780 4324
f 4324 4326 4809
f 4776 4324 4809
f 4807 4325 4324
f 4744 4807 4324
f 4780 4744 4324
f 4776 4809 4773
f 4767 4764 4305
f 4789 4812 4790
f 4347 4349 4795
f 4789 4788 4812
f 4335 4337 4812
f 4342 4344 4793
f 4793 4344 4794
f 4793 4623 4476
f 4476 4248 4342
f 4793 4476 4342
f 4792 4513 4474
f 4792 4474 4708
f 4622 4792 4708
f 4751 4810 4791
f 4810 4511 4512
f 4791 4810 4512
f 4792 4791 4512
f 4792 4512 4513
f 4812 4337 4339
f 4750 4790 4812
f 4812 4339 4310
f 4750 4812 4310
f 4788 4335 4812
f 4437 4435 4597
f 4597 4435 4593
f 4677 4429 4437
f 4577 4677 4437
f 4597 4577 4437
f 4590 4593 4435
f 4435 4433 4590
f 4633 4709 4715
f 4629 4633 4715
f 4629 4715 4705
f 4634 4637 4713
f 4713 4714 4709
f 4634 4713 4709
f 4712 4713 4636
f 4636 4713 4637
f 4634 4709 4633
f 4627 4705 4707
f 4625 4627 4707
f 4625 4707 4703
f 4629 4705 4627
f 4625 4703 4624
f 4716 4705 4715
f 4707 4705 4716
f 4715 4709 4717
f 4641 4718 4642
f 4642 4718 4703
f 4643 4642 4703
f 4643 4703 4707
f 4640 4718 4641
f 4640 4624 4703
f 4703 4718 4640
f 4638 4716 4715
f 4639 4638 4715
f 4639 4715 4717
f 4717 4709 4714
f 112 111 203
f 202 109 110
f 104 109 201
f 201 109 202
f 108 104 201
f 102 101 132
f 102 132 47
f 102 47 51
f 94 132 101
f 137 136 100
f 100 136 99
f 99 136 98
f 103 50 138
f 135 134 137
f 98 136 134
f 98 134 133
f 97 98 133
f 134 135 50
f 50 49 134
f 49 48 134
f 134 48 133
f 137 134 136
f 50 135 138
f 103 102 50
f 102 51 50
f 107 137 100
f 105 138 106
f 107 106 138
f 138 135 137
f 107 138 137
f 103 138 105
f 97 133 96
f 96 133 48
f 95 96 48
f 95 48 45
f 127 129 85
f 85 129 88
f 129 39 40
f 129 127 34
f 34 39 129
f 38 37 128
f 86 87 128
f 128 37 36
f 86 128 36
f 86 36 35
f 85 86 35
f 85 35 127
f 35 34 127
f 89 40 41
f 89 129 40
f 90 89 130
f 95 45 131
f 95 131 92
f 132 46 47
f 130 43 46
f 130 46 132
f 93 130 132
f 94 93 132
f 90 130 93
f 45 44 131
f 131 44 38
f 92 131 38
f 92 38 128
f 91 92 128
f 91 128 87
f 130 42 43
f 89 41 42
f 89 42 130
f 89 88 129
f 169 170 113
f 170 111 113
f 170 203 111
f 172 171 203
f 297 330 299
f 298 299 330
f 330 328 298
f 297 296 329
f 330 329 235
f 328 330 235
f 328 235 234
f 296 291 326
f 326 329 296
f 326 230 329
f 329 230 235
f 329 330 297
f 295 328 234
f 295 234 233
f 294 295 233
f 294 233 232
f 324 225 226
f 278 321 224
f 285 278 224
f 285 224 225
f 285 225 324
f 321 216 224
f 283 284 223
f 223 222 283
f 222 221 283
f 283 221 282
f 281 282 221
f 221 220 281
f 280 323 279
f 281 220 219
f 280 281 219
f 280 219 322
f 280 322 323
f 285 324 286
f 287 226 227
f 287 286 324
f 294 232 327
f 293 294 327
f 232 231 327
f 293 327 292
f 284 292 327
f 327 231 223
f 284 327 223
f 325 326 290
f 290 326 291
f 230 326 325
f 325 229 230
f 289 325 290
f 289 288 228
f 228 229 325
f 289 228 325
f 288 287 227
f 227 228 288
f 287 324 226
f 279 323 320
f 279 320 321
f 323 322 217
f 217 215 320
f 323 217 320
f 219 218 322
f 218 217 322
f 321 320 214
f 214 216 321
f 215 214 320
f 278 279 321
f 190 211 186
f 119 126 178
f 178 126 187
f 188 212 189
f 189 212 209
f 190 189 209
f 190 209 211
f 187 126 125
f 187 125 212
f 188 187 212
f 125 123 212
f 175 117 206
f 176 175 206
f 176 206 177
f 174 204 205
f 175 174 205
f 175 205 115
f 175 115 116
f 173 204 174
f 201 202 204
f 204 202 205
f 113 108 201
f 169 113 201
f 173 169 201
f 173 201 204
f 172 203 170
f 114 112 203
f 171 114 203
f 175 116 117
f 178 118 119
f 178 177 206
f 212 123 209
f 211 210 186
f 186 210 185
f 185 210 184
f 210 211 209
f 209 208 210
f 183 184 210
f 210 208 183
f 208 209 123
f 208 123 122
f 208 122 207
f 181 183 208
f 208 207 181
f 205 120 115
f 202 110 205
f 205 110 120
f 206 117 118
f 178 206 118
f 1092 1091 1095
f 1095 1091 1094
f 986 1093 1094
f 985 986 1094
f 985 1094 1091
f 1091 1092 737
f 1091 737 736
f 975 738 734
f 1091 736 1089
f 985 1089 981
f 1089 736 735
f 979 1089 735
f 977 979 735
f 977 735 1087
f 981 1089 979
f 977 1087 976
f 1091 1089 985
f 975 976 738
f 976 1087 738
f 735 738 1087
f 989 1098 992
f 993 992 1098
f 764 743 1097
f 1098 764 1097
f 993 1098 1097
f 989 973 1090
f 740 763 1098
f 1090 740 1098
f 989 1090 1098
f 1098 763 764
f 743 742 1097
f 1097 742 1096
f 1095 1096 742
f 1095 742 741
f 1095 741 1092
f 741 737 1092
f 1090 739 740
f 731 725 968
f 968 725 966
f 972 974 733
f 733 732 972
f 1081 1083 955
f 1084 1083 716
f 716 718 1084
f 1083 1081 712
f 712 716 1083
f 954 1082 714
f 953 954 714
f 953 714 713
f 953 713 1081
f 715 714 1082
f 713 712 1081
f 955 953 1081
f 995 715 1082
f 955 1084 957
f 1084 719 1085
f 734 733 975
f 975 733 974
f 732 731 972
f 972 731 968
f 723 720 965
f 965 720 964
f 965 966 725
f 725 723 965
f 962 964 720
f 720 717 962
f 728 1086 1085
f 1085 727 728
f 957 1084 1085
f 957 1085 1086
f 959 957 1086
f 1085 719 727
f 718 719 1084
f 1083 1084 955
f 995 962 715
f 962 717 715
f 995 1082 954
f 970 961 746
f 746 747 970
f 1088 744 745
f 998 1088 745
f 960 998 745
f 963 1088 998
f 1510 1547 1506
f 1513 1549 1508
f 1510 1508 1549
f 1510 1549 1546
f 1510 1546 1547
f 1547 1544 1506
f 1506 1544 1500
f 1492 1500 1544
f 1544 1540 1492
f 1544 1547 1546
f 833 834 1495
f 1493 1174 929
f 929 673 833
f 1493 929 833
f 832 831 1532
f 1485 1488 1532
f 1485 1532 831
f 1485 831 829
f 1483 1485 829
f 829 825 1529
f 1483 829 1529
f 1483 1529 1480
f 825 824 1529
f 1529 824 661
f 1529 661 1027
f 1480 1529 1027
f 1480 1027 920
f 1495 1493 833
f 1495 835 1497
f 1499 835 1527
f 1546 1543 1544
f 1540 1544 1543
f 1543 1538 1540
f 1525 826 837
f 1525 837 1536
f 1468 1525 1536
f 1505 1468 1536
f 1505 1536 1503
f 837 836 1536
f 1536 836 832
f 1503 1536 832
f 1503 832 1532
f 1502 1503 1532
f 1502 1532 1488
f 1499 1527 1471
f 1499 1497 835
f 835 822 1527
f 834 835 1495
f 1158 1480 920
f 1113 1112 1748
f 1748 1112 1110
f 1110 1740 1748
f 1740 1110 1109
f 1109 1749 1730
f 1740 1109 1730
f 1109 1107 1749
f 1742 1723 1749
f 1749 1723 1730
f 1749 1107 1104
f 1104 1742 1749
f 1728 1100 1101
f 1728 1723 1099
f 1099 1100 1728
f 1108 1099 1742
f 1742 1099 1723
f 1104 1108 1742
f 1476 1155 1326
f 1326 1322 1526
f 1476 1326 1526
f 1265 1466 1266
f 1466 996 997
f 1267 1266 997
f 1264 1464 1462
f 1265 1264 1462
f 1265 1462 1466
f 1462 988 1466
f 1466 988 996
f 1262 1263 994
f 1266 1466 997
f 994 991 1262
f 990 980 1260
f 1260 980 1235
f 991 990 1262
f 1244 1453 1243
f 1241 1238 982
f 982 983 1241
f 978 982 1234
f 1234 982 1238
f 1234 1235 980
f 980 978 1234
f 1232 1230 971
f 971 973 1232
f 1230 1228 969
f 969 971 1230
f 1227 1229 970
f 970 967 1227
f 967 969 1227
f 1227 969 1228
f 1452 959 963
f 1451 958 961
f 1246 1453 1244
f 1454 1453 1246
f 1247 1456 1253
f 1262 990 1260
f 1461 1460 1464
f 1464 1460 1462
f 1460 1456 987
f 1462 1460 987
f 988 1462 987
f 1255 1460 1461
f 1255 1461 1454
f 1246 1255 1454
f 1456 1460 1253
f 1253 1460 1255
f 987 1456 1455
f 1455 984 987
f 1252 1241 983
f 1252 983 984
f 1252 984 1455
f 1455 1456 1247
f 1252 1455 1247
f 1133 1303 1469
f 1268 1312 1137
f 1012 912 1269
f 1476 1526 1272
f 1526 1322 1321
f 1023 1526 1321
f 1472 1023 1321
f 1138 1472 1321
f 1526 1023 1021
f 1272 1526 1021
f 1271 1272 1021
f 1271 1021 1017
f 1469 1303 1316
f 1472 1469 1316
f 1472 1316 914
f 1472 914 1023
f 1270 1271 1017
f 1270 1017 1012
f 1312 1268 1269
f 912 1312 1269
f 1270 1012 1269
f 1449 960 956
f 958 1451 1448
f 1448 1449 956
f 958 1448 956
f 1209 1422 1188
f 1203 1432 1201
f 1196 1432 1203
f 1195 1418 1403
f 1196 1195 1403
f 1196 1403 1409
f 1414 1418 1191
f 1191 1418 1193
f 1414 1402 1418
f 1418 1402 1403
f 1403 1401 1409
f 1409 1401 1407
f 1406 1407 1401
f 1401 1399 1406
f 1402 1398 1403
f 1403 1398 1401
f 1399 1401 1398
f 1398 1397 1399
f 1193 1418 1195
f 1409 1432 1196
f 1201 1432 1431
f 1201 1431 1433
f 1202 1201 1433
f 1409 1407 1432
f 1432 1407 1431
f 1407 1406 944
f 1431 1407 944
f 6911 6910 6933
f 6933 6910 6912
f 6913 6911 6933
f 6933 6912 6913
f 6754 6845 6755
f 6755 6845 6846
f 6754 6753 6845
f 6817 6818 6846
f 6846 6845 6817
f 6816 6817 6845
f 6816 6845 6753
f 6819 6846 6818
f 6816 6753 6752
f 6752 6744 6809
f 6843 6750 6844
f 6844 6750 6751
f 6843 6844 6814
f 6814 6844 6815
f 6843 6749 6750
f 6813 6748 6749
f 6809 6816 6752
f 6847 6846 6819
f 6820 6847 6819
f 6848 6847 6820
f 6760 6849 6761
f 6761 6849 6850
f 6760 6756 6849
f 6851 6757 6758
f 6848 6851 6758
f 6850 6848 6758
f 6759 6850 6758
f 6757 6851 6844
f 6844 6751 6757
f 6820 6815 6844
f 6844 6851 6848
f 6820 6844 6848
f 6850 6849 6847
f 6847 6848 6850
f 6756 6755 6846
f 6756 6846 6847
f 6849 6756 6847
f 6814 6813 6749
f 6814 6749 6843
f 6813 6812 6747
f 6747 6748 6813
f 6804 6738 6803
f 6739 6738 6804
f 6806 6841 6805
f 6807 6841 6741
f 6812 6811 6842
f 6842 6746 6747
f 6812 6842 6747
f 6810 6842 6811
f 6842 6745 6746
f 6740 6745 6842
f 6807 6740 6842
f 6810 6807 6842
f 6744 6743 6809
f 6809 6743 6808
f 6804 6808 6743
f 6743 6739 6804
f 6742 6741 6841
f 6738 6742 6841
f 6803 6738 6841
f 6806 6803 6841
f 6807 6805 6841
f 6807 6741 6740
f 6919 6871 6873
f 6919 6873 6872
f 6872 6918 6919
f 6921 6869 6870
f 6865 6864 6916
f 6861 6914 6864
f 6864 6914 6916
f 6906 6904 6862
f 6906 6862 6863
f 6906 6863 6915
f 6905 6914 6860
f 6905 6860 6862
f 6904 6905 6862
f 6861 6860 6914
f 6916 6914 6905
f 6872 6866 6918
f 6905 6907 6916
f 6915 6917 6906
f 6871 6919 6917
f 6917 6921 6870
f 6871 6917 6870
f 6920 6868 6921
f 6921 6868 6869
f 6921 6917 6915
f 6915 6920 6921
f 6920 6867 6868
f 6863 6867 6915
f 6915 6867 6920
f 6917 6919 6918
f 6908 6917 6918
f 6909 6908 6918
f 6907 6909 6918
f 6907 6918 6866
f 6866 6865 6916
f 6907 6866 6916
f 6906 6917 6908
f 6870 6893 6871
f 6869 6868 6891
f 6891 6892 6869
f 6891 6812 6813
f 6867 6811 6812
f 6867 6812 6891
f 6868 6867 6891
f 6867 6863 6889
f 6867 6889 6810
f 6867 6810 6811
f 6889 6807 6810
f 6866 6890 6865
f 6864 6865 6890
f 6864 6890 6809
f 6864 6809 6808
f 6861 6864 6808
f 6808 6804 6861
f 6870 6892 6893
f 6888 6889 6862
f 6892 6894 6893
f 6892 6813 6814
f 6894 6815 6820
f 6894 6820 6819
f 6819 6893 6894
f 6893 6819 6818
f 6871 6893 6818
f 6873 6871 6818
f 6818 6817 6873
f 6873 6817 6872
f 6872 6817 6816
f 6866 6872 6816
f 6866 6816 6890
f 6816 6809 6890
f 6815 6894 6892
f 6892 6814 6815
f 6891 6813 6892
f 6870 6869 6892
f 6862 6889 6863
f 6860 6803 6888
f 6803 6806 6888
f 6862 6860 6888
f 6889 6888 6805
f 6805 6807 6889
f 6806 6805 6888
f 6860 6861 6804
f 6804 6803 6860
f 6395 6397 6436
f 6436 6434 6395
f 6434 6303 6298
f 6298 6433 6434
f 6295 6430 6298
f 6298 6430 6433
f 6434 6433 6395
f 6395 6433 6390
f 6388 6390 6433
f 6433 6430 6427
f 6388 6433 6427
f 6427 6289 6299
f 6299 6426 6427
f 6386 6389 6426
f 6426 6299 6292
f 6386 6426 6292
f 6384 6386 6292
f 6397 6399 6436
f 6399 6311 6436
f 6399 6438 6308
f 6438 6314 6308
f 6436 6311 6313
f 6436 6313 6303
f 6303 6434 6436
f 6399 6308 6311
f 6292 6288 6384
f 6431 6283 6326
f 6325 6437 6326
f 6402 6422 6375
f 6317 6316 6432
f 6411 6432 6316
f 6408 6411 6316
f 6408 6316 6315
f 6408 6315 6429
f 6315 6309 6429
f 6408 6429 6407
f 6429 6309 6305
f 6407 6429 6305
f 6405 6407 6305
f 6405 6305 6301
f 6382 6405 6301
f 6382 6301 6423
f 6301 6284 6423
f 6296 6273 6422
f 6394 6296 6422
f 6379 6424 6414
f 6402 6394 6422
f 6416 6432 6411
f 6417 6435 6416
f 6326 6437 6441
f 6325 6322 6437
f 6431 6441 6439
f 6439 6428 6431
f 6420 6439 6441
f 6418 6420 6441
f 6418 6441 6437
f 6414 6424 6428
f 6419 6414 6428
f 6419 6428 6439
f 6419 6439 6420
f 6417 6418 6437
f 6417 6437 6322
f 6417 6322 6320
f 6417 6320 6435
f 6317 6432 6320
f 6320 6432 6435
f 6435 6432 6416
f 6326 6441 6431
f 6394 6392 6294
f 6291 6294 6387
f 6278 6275 6376
f 6294 6296 6394
f 6376 6378 6278
f 6282 6421 6423
f 6387 6294 6392
f 6425 6287 6291
f 6385 6425 6291
f 6387 6385 6291
f 6425 6286 6287
f 6383 6425 6385
f 6275 6286 6425
f 6376 6275 6425
f 6383 6376 6425
f 6423 6421 6382
f 6382 6421 6381
f 6285 6278 6380
f 6380 6278 6378
f 6380 6381 6421
f 6380 6421 6281
f 6380 6281 6285
f 6423 6284 6282
f 6282 6281 6421
f 6522 6562 6561
f 6555 6596 6630
f 6561 6555 6630
f 6561 6630 6520
f 6522 6561 6520
f 6619 6517 6520
f 6605 6619 6586
f 6605 6607 6619
f 6520 6630 6619
f 6607 6517 6619
f 6521 6519 6622
f 6588 6584 6630
f 6588 6630 6596
f 6588 6596 6595
f 6570 6588 6595
f 6587 6586 6619
f 6587 6619 6630
f 6585 6587 6630
f 6585 6630 6584
f 6627 6624 6611
f 6611 6624 6610
f 6627 6622 6519
f 6627 6519 6524
f 6627 6524 6624
f 6607 6610 6624
f 6607 6624 6523
f 6607 6523 6518
f 6524 6523 6624
f 6607 6518 6517
f 6678 6792 6679
f 6679 6792 6793
f 6678 6677 6792
f 6760 6761 6793
f 6793 6792 6760
f 6756 6760 6792
f 6756 6792 6677
f 6756 6677 6676
f 6756 6676 6788
f 6757 6789 6791
f 6758 6757 6791
f 6758 6791 6790
f 6758 6790 6759
f 6787 6789 6751
f 6751 6789 6757
f 6756 6788 6755
f 6676 6695 6788
f 6754 6788 6695
f 6745 6786 6746
f 6785 6786 6740
f 6740 6786 6745
f 6683 6681 6784
f 6685 6684 6744
f 6744 6684 6743
f 6684 6683 6784
f 6743 6684 6784
f 6739 6743 6784
f 6741 6742 6680
f 6741 6680 6682
f 6741 6682 6785
f 6742 6738 6784
f 6784 6681 6680
f 6742 6784 6680
f 6741 6785 6740
f 6739 6784 6738
f 6786 6682 6686
f 6785 6682 6786
f 6786 6686 6687
f 6754 6695 6694
f 6753 6754 6694
f 6694 6693 6753
f 6693 6692 6753
f 6753 6692 6752
f 6744 6752 6692
f 6692 6685 6744
f 6751 6750 6690
f 6751 6690 6691
f 6751 6691 6787
f 6750 6749 6689
f 6689 6690 6750
f 6688 6689 6748
f 6748 6689 6749
f 6748 6747 6687
f 6687 6688 6748
f 6747 6746 6786
f 6747 6786 6687
f 6754 6755 6788
f 6678 6679 6718
f 6678 6718 6635
f 6678 6635 6634
f 6677 6678 6634
f 6634 6633 6717
f 6677 6634 6717
f 6677 6717 6676
f 6458 6465 6519
f 6519 6465 6524
f 6518 6523 6463
f 6463 6462 6541
f 6518 6463 6541
f 6465 6463 6524
f 6524 6463 6523
f 6519 6521 6460
f 6460 6458 6519
f 6518 6541 6517
f 6568 6554 6553
f 6568 6569 6554
f 6568 6553 6594
f 6568 6594 6567
f 6594 6553 6552
f 6552 6593 6594
f 6566 6567 6594
f 6594 6593 6566
f 6593 6552 6551
f 6565 6593 6551
f 6565 6551 6592
f 6564 6565 6592
f 6566 6593 6565
f 6564 6592 6563
f 520 415 591
f 518 520 591
f 518 591 517
f 591 415 409
f 409 590 591
f 591 590 517
f 517 590 515
f 508 589 512
f 588 589 507
f 507 589 508
f 505 407 411
f 507 505 411
f 507 411 588
f 520 592 415
f 592 416 415
f 524 592 520
f 588 411 418
f 598 610 408
f 408 410 598
f 610 608 406
f 406 408 610
f 404 406 605
f 605 406 608
f 405 404 605
f 542 612 541
f 542 537 606
f 606 612 542
f 541 612 540
f 540 612 606
f 540 606 604
f 539 540 604
f 539 601 538
f 524 594 592
f 596 597 530
f 530 597 531
f 595 597 596
f 596 593 595
f 529 596 530
f 529 512 589
f 589 593 596
f 529 589 596
f 595 593 420
f 595 420 422
f 594 595 422
f 422 416 594
f 594 416 592
f 420 593 589
f 589 588 418
f 420 589 418
f 524 599 594
f 604 601 539
f 524 532 599
f 595 594 600
f 538 601 534
f 603 606 536
f 536 606 537
f 535 603 536
f 604 606 603
f 603 602 604
f 602 600 604
f 604 600 601
f 535 531 597
f 597 602 603
f 535 597 603
f 600 602 597
f 597 595 600
f 534 601 600
f 533 534 600
f 533 600 599
f 533 599 532
f 600 594 599
f 490 379 369
f 379 490 489
f 488 377 489
f 489 377 378
f 488 368 377
f 464 501 459
f 504 503 465
f 465 503 463
f 464 463 503
f 489 378 379
f 503 495 501
f 464 503 501
f 461 376 374
f 461 374 504
f 494 372 371
f 494 371 493
f 492 494 493
f 493 491 492
f 493 371 362
f 362 485 493
f 453 491 493
f 437 453 493
f 437 493 485
f 492 491 455
f 455 491 454
f 454 491 453
f 448 447 490
f 448 490 369
f 448 369 370
f 489 490 445
f 445 490 447
f 494 495 372
f 496 492 455
f 457 496 456
f 462 461 504
f 460 448 370
f 370 375 460
f 461 460 375
f 375 376 461
f 374 373 504
f 504 373 503
f 495 503 373
f 373 372 495
f 501 499 459
f 459 499 458
f 457 458 499
f 499 496 457
f 499 501 495
f 495 494 499
f 496 499 494
f 494 492 496
f 455 456 496
f 360 366 434
f 434 366 439
f 445 443 488
f 432 484 433
f 361 360 435
f 445 488 489
f 443 440 486
f 486 487 443
f 367 368 487
f 487 368 488
f 487 486 363
f 363 367 487
f 440 438 365
f 440 365 364
f 440 364 486
f 438 439 366
f 366 365 438
f 364 363 486
f 485 362 361
f 436 485 361
f 435 436 361
f 437 485 436
f 435 360 434
f 443 487 488
f 528 527 778
f 776 525 526
f 673 672 773
f 523 525 776
f 773 523 776
f 673 773 776
f 773 521 523
f 671 773 672
f 670 521 773
f 515 522 665
f 670 519 521
f 665 659 515
f 522 505 665
f 671 670 773
f 670 669 516
f 516 519 670
f 669 668 514
f 514 516 669
f 668 666 513
f 513 514 668
f 657 771 664
f 666 662 511
f 511 513 666
f 664 771 506
f 662 664 506
f 662 506 511
f 661 510 509
f 661 509 771
f 657 661 771
f 509 506 771
f 665 505 654
f 554 627 550
f 636 635 637
f 628 637 635
f 635 627 628
f 635 636 451
f 635 451 442
f 635 442 625
f 549 627 635
f 548 549 635
f 548 635 625
f 558 560 632
f 632 629 558
f 558 629 556
f 555 629 632
f 554 555 632
f 554 632 628
f 556 629 555
f 628 627 554
f 550 627 549
f 637 638 636
f 639 451 636
f 452 451 639
f 640 452 639
f 587 649 647
f 586 587 647
f 453 437 642
f 584 585 647
f 647 455 454
f 584 647 454
f 586 647 585
f 584 454 453
f 584 453 642
f 573 584 642
f 448 631 646
f 646 447 448
f 646 631 582
f 582 631 563
f 645 445 646
f 646 445 447
f 581 644 645
f 587 648 649
f 582 581 645
f 456 647 649
f 649 648 650
f 459 458 634
f 634 458 653
f 652 653 458
f 458 457 652
f 457 456 649
f 652 457 649
f 651 652 649
f 650 651 649
f 455 647 456
f 582 645 646
f 643 644 581
f 569 432 640
f 570 569 640
f 562 638 565
f 566 641 567
f 641 632 567
f 567 632 560
f 566 565 638
f 566 638 637
f 566 637 641
f 632 641 637
f 637 628 632
f 640 639 564
f 564 639 561
f 562 561 639
f 639 636 638
f 562 639 638
f 433 452 640
f 432 433 640
f 581 579 643
f 569 630 432
f 570 640 564
f 576 434 439
f 576 439 643
f 579 576 643
f 645 443 445
f 440 443 644
f 644 443 645
f 644 643 438
f 438 440 644
f 439 438 643
f 577 578 436
f 436 435 577
f 572 642 437
f 578 572 437
f 578 437 436
f 576 577 435
f 435 434 576
f 573 642 572
f 559 630 569
f 313 314 334
f 334 333 313
f 313 333 310
f 311 250 249
f 312 311 249
f 312 249 335
f 249 248 335
f 335 248 334
f 333 334 248
f 333 248 246
f 333 246 332
f 307 310 333
f 333 332 307
f 242 331 246
f 246 331 332
f 332 331 307
f 307 331 304
f 315 334 314
f 237 241 300
f 335 334 315
f 316 251 252
f 255 250 319
f 319 250 311
f 253 254 317
f 317 254 318
f 319 318 254
f 254 255 319
f 336 247 251
f 317 316 252
f 252 253 317
f 316 309 336
f 316 336 251
f 312 335 315
f 300 241 305
f 302 331 240
f 331 242 240
f 301 302 240
f 304 331 302
f 300 301 240
f 240 237 300
f 396 308 309
f 306 308 395
f 395 308 396
f 395 394 303
f 303 306 395
f 305 303 394
f 1723 1728 1732
f 1738 1732 1114
f 1732 1730 1723
f 1771 1146 1147
f 1619 1771 1621
f 1619 1617 1763
f 1619 1763 1138
f 1619 1138 1146
f 1619 1146 1771
f 1611 1615 1272
f 1622 1147 1149
f 1272 1271 1611
f 1609 1611 1271
f 1271 1270 1609
f 1270 1269 1609
f 1609 1269 1607
f 1603 1607 1269
f 1269 1268 1603
f 1601 1603 1268
f 1584 1755 1614
f 1622 1621 1147
f 1621 1771 1147
f 1623 1622 1773
f 1790 1793 1631
f 1630 1629 1787
f 1787 1790 1630
f 1168 1170 1627
f 1627 1170 1628
f 1627 1626 1166
f 1166 1168 1627
f 1162 1166 1625
f 1625 1166 1626
f 1625 1624 1773
f 1625 1773 1161
f 1625 1161 1162
f 1773 1151 1161
f 1158 1155 1784
f 1623 1773 1624
f 1622 1149 1151
f 1622 1151 1773
f 1268 1137 1601
f 1600 1601 1137
f 1137 1136 1757
f 1600 1137 1757
f 1562 1113 1748
f 1559 1562 1748
f 1748 1740 1559
f 1745 1743 1121
f 1121 1123 1745
f 1561 1560 1738
f 1561 1738 1117
f 1561 1117 1121
f 1561 1121 1743
f 1738 1114 1117
f 1560 1558 1732
f 1732 1738 1560
f 1559 1740 1730
f 1558 1559 1730
f 1558 1730 1732
f 1732 1728 1101
f 1732 1101 1114
f 1562 1125 1113
f 1631 1630 1790
f 1562 1571 1125
f 1743 1745 1574
f 1136 1135 1757
f 1600 1757 1586
f 1757 1135 1125
f 1586 1757 1125
f 1571 1586 1125
f 1584 1578 1751
f 1751 1131 1133
f 1584 1751 1133
f 1584 1133 1755
f 1575 1751 1578
f 1751 1129 1131
f 1745 1127 1129
f 1574 1745 1129
f 1575 1574 1129
f 1575 1129 1751
f 1745 1123 1127
f 1574 1573 1743
f 1561 1743 1573
f 1790 1787 1794
f 1794 1796 1790
f 1720 1790 1796
f 1754 1739 1722
f 1722 1813 1754
f 1753 1754 1813
f 1813 1809 1753
f 1813 1722 1720
f 1720 1796 1813
f 1796 1794 1813
f 1779 1756 1115
f 1807 1803 1808
f 1808 1803 1804
f 1804 1802 1806
f 1806 1802 1805
f 1635 1805 1802
f 1634 1635 1802
f 1634 1802 1801
f 1803 1800 1804
f 1804 1800 1802
f 1800 1798 1802
f 1802 1798 1801
f 1633 1721 1563
f 1633 1632 1793
f 1633 1793 1720
f 1633 1720 1721
f 1631 1793 1632
f 1793 1790 1720
f 1809 1807 1808
f 1813 1794 1809
f 1794 1807 1809
f 1808 1804 1810
f 1115 1103 1812
f 1779 1115 1812
f 1812 1811 1779
f 1779 1811 1777
f 1102 1753 1810
f 1103 1102 1810
f 1812 1103 1810
f 1810 1806 1812
f 1812 1806 1811
f 1777 1811 1587
f 1587 1811 1637
f 1636 1637 1811
f 1636 1811 1806
f 1636 1806 1805
f 1636 1805 1635
f 1810 1753 1809
f 1809 1808 1810
f 1810 1804 1806
f 1380 940 1385
f 1385 940 942
f 1377 939 1380
f 1380 939 940
f 933 939 1377
f 1181 933 1377
f 1385 942 930
f 930 1376 1385
f 1200 1389 1199
f 1190 1370 1184
f 1210 1400 1211
f 1207 1393 1396
f 1210 1207 1396
f 1210 1396 1400
f 1205 1393 1207
f 1393 1389 1396
f 1396 1389 1395
f 1194 1387 1395
f 1200 1194 1395
f 1200 1395 1389
f 1205 1199 1389
f 1389 1393 1205
f 1198 1387 1194
f 1385 1376 1372
f 1372 1384 1385
f 1384 1374 1385
f 1385 1374 1380
f 1183 1182 1384
f 1384 1372 1183
f 1374 1384 1178
f 1178 1384 1182
f 1179 1180 1377
f 1179 1377 1380
f 1179 1380 1374
f 1181 1377 1180
f 1179 1374 1178
f 1570 2086 1576
f 1576 2086 2088
f 2083 2088 2086
f 2086 2080 2083
f 1570 1568 2086
f 2080 2086 1568
f 2080 1568 1565
f 2080 1565 2079
f 1923 2083 2080
f 1919 1923 2080
f 1919 2080 2078
f 1919 2078 1918
f 2078 2080 2079
f 2079 2076 2078
f 1917 1918 2078
f 2078 2076 1917
f 2091 1579 1582
f 1585 2091 1582
f 1585 2092 2091
f 1585 2093 2092
f 1938 2107 2109
f 1939 1938 2109
f 2100 1597 2107
f 2107 1597 1602
f 1936 2107 1938
f 1932 2094 2100
f 1936 1932 2100
f 1936 2100 2107
f 1929 2094 1932
f 2100 1594 1597
f 1594 2100 2094
f 2094 2093 1592
f 1594 2094 1592
f 2093 1585 1592
f 1927 2092 2093
f 1929 1927 2093
f 1929 2093 2094
f 2107 1606 2109
f 2107 1602 1606
f 2109 2110 1940
f 1612 2110 2109
f 1612 2109 1610
f 1940 1939 2109
f 2109 1606 1610
f 1685 1860 1663
f 1856 1860 1682
f 1682 1860 1685
f 1679 1886 1681
f 1681 1886 1852
f 1681 1852 1856
f 1682 1681 1856
f 1677 1877 1676
f 1878 1886 1678
f 1678 1886 1679
f 1878 1848 1886
f 1886 1848 1852
f 1676 1877 1875
f 1678 1676 1875
f 1678 1875 1878
f 1878 1209 1188
f 1869 1196 1203
f 1867 1201 1202
f 1858 1860 1856
f 1856 1193 1195
f 1858 1856 1195
f 1858 1195 1196
f 1852 1191 1856
f 1856 1191 1193
f 1848 1189 1852
f 1852 1189 1191
f 1848 1188 1189
f 1858 1196 1869
f 1878 1875 1209
f 1665 1663 1869
f 1663 1860 1858
f 1848 1878 1188
f 1667 1867 1669
f 1665 1869 1666
f 1869 1203 1201
f 1869 1201 1867
f 1666 1869 1867
f 1667 1666 1867
f 1663 1858 1869
f 1018 1032 874
f 874 1032 885
f 883 1031 1030
f 880 883 1030
f 880 1030 1029
f 880 1029 878
f 1029 1030 1028
f 885 1033 887
f 1028 1024 1029
f 878 1024 876
f 1018 1014 1028
f 1028 1014 1024
f 1024 1014 876
f 876 1014 872
f 874 871 1014
f 1014 1018 874
f 1029 1024 878
f 1032 1033 885
f 1034 1018 1028
f 1032 1018 1034
f 1042 1039 1041
f 1039 1030 1041
f 1041 1030 1031
f 1035 1034 1040
f 1040 1034 1039
f 1034 1028 1039
f 1039 1028 1030
f 1036 1037 1038
f 891 1036 1038
f 892 891 1038
f 1035 1037 1036
f 1036 1033 1035
f 889 1036 891
f 1033 1036 887
f 887 1036 889
f 1033 1032 1035
f 1035 1032 1034
f 872 1014 871
f 1040 1039 1042
f 1037 1035 1040
f 1040 1043 1037
f 1038 1037 1043
f 1038 1044 892
f 892 1044 899
f 1042 1041 1046
f 1046 1041 1045
f 915 917 1045
f 915 1045 1041
f 915 1041 1031
f 915 1031 883
f 791 792 707
f 706 705 789
f 789 791 706
f 789 788 790
f 705 704 788
f 788 789 705
f 704 703 787
f 787 788 704
f 707 706 791
f 793 789 790
f 794 791 793
f 792 794 708
f 708 794 709
f 707 792 708
f 792 791 794
f 791 789 793
f 763 740 811
f 763 811 808
f 764 763 808
f 764 808 813
f 743 764 813
f 716 712 545
f 545 551 716
f 713 714 547
f 547 546 713
f 548 547 715
f 715 547 714
f 712 713 546
f 546 545 712
f 544 543 797
f 718 716 797
f 716 544 797
f 797 543 552
f 728 727 557
f 557 559 728
f 727 719 553
f 553 557 727
f 719 718 797
f 719 797 552
f 719 552 553
f 716 551 544
f 168 197 160
f 199 198 200
f 166 199 200
f 167 166 200
f 200 198 107
f 200 107 100
f 197 200 100
f 200 197 168
f 164 199 165
f 163 105 198
f 164 163 198
f 164 198 199
f 198 106 107
f 103 105 162
f 162 105 163
f 162 161 102
f 105 106 198
f 167 200 168
f 165 199 166
f 102 103 162
f 195 101 102
f 154 195 102
f 161 154 102
f 152 149 193
f 152 193 90
f 152 90 93
f 151 194 150
f 150 194 92
f 148 150 92
f 148 92 91
f 192 193 147
f 147 193 149
f 147 148 91
f 87 191 192
f 91 87 192
f 147 91 192
f 193 89 90
f 193 192 88
f 88 89 193
f 85 88 191
f 153 152 195
f 152 93 195
f 153 195 154
f 195 94 101
f 197 196 160
f 160 196 159
f 159 196 158
f 100 99 197
f 197 99 196
f 157 158 196
f 196 99 98
f 157 196 98
f 156 157 98
f 98 97 156
f 97 96 156
f 156 96 155
f 155 96 95
f 155 95 194
f 151 155 194
f 95 92 194
f 93 94 195
f 191 88 192
f 87 86 191
f 10 31 32
f 3 10 32
f 3 32 29
f 14 31 12
f 12 31 10
f 5 30 8
f 29 30 2
f 33 29 32
f 2 30 5
f 3 29 2
f 30 29 33
f 32 31 14
f 14 17 32
f 20 33 18
f 20 8 30
f 30 33 20
f 33 32 18
f 18 32 17
f 126 144 125
f 144 143 125
f 125 143 123
f 123 143 122
f 115 120 69
f 69 61 115
f 140 57 68
f 110 140 68
f 120 110 68
f 120 68 69
f 117 146 118
f 119 118 146
f 67 65 145
f 146 67 145
f 119 146 145
f 116 62 66
f 116 66 146
f 145 144 126
f 117 116 146
f 119 145 126
f 86 85 191
f 146 66 67
f 145 64 144
f 54 55 109
f 104 108 139
f 104 139 52
f 104 52 54
f 53 52 139
f 109 104 54
f 65 64 145
f 110 56 140
f 110 109 55
f 143 144 64
f 143 64 63
f 143 63 142
f 142 63 60
f 60 141 142
f 61 62 115
f 115 62 116
f 113 139 108
f 112 114 141
f 112 141 60
f 112 60 59
f 111 58 53
f 111 53 139
f 113 111 139
f 59 58 112
f 112 58 111
f 140 56 57
f 110 55 56
f 1228 1904 1227
f 1229 1906 1903
f 1903 1261 1229
f 1899 1903 1904
f 1904 1903 1906
f 1897 1259 1903
f 1903 1259 1261
f 1895 1897 1899
f 1899 1897 1903
f 1904 1906 1227
f 1228 1907 1904
f 1906 1229 1227
f 1907 1228 1230
f 1706 1694 1909
f 1706 1909 1252
f 1706 1252 1247
f 1703 1910 1246
f 1702 1703 1246
f 1702 1246 1244
f 1704 1910 1703
f 1244 1243 1702
f 1702 1243 1700
f 1238 1241 1909
f 1699 1238 1909
f 1696 1699 1909
f 1234 1238 1698
f 1698 1238 1699
f 1696 1909 1694
f 1908 1230 1232
f 1230 1908 1907
f 1706 1253 1709
f 1247 1253 1706
f 1704 1253 1910
f 1712 1719 1257
f 1257 1276 1712
f 1715 1713 1277
f 1277 1278 1715
f 1278 1279 1715
f 1715 1279 1716
f 1276 1277 1712
f 1712 1277 1713
f 1701 1700 1243
f 1243 1275 1701
f 1255 1246 1910
f 1704 1709 1253
f 1253 1255 1910
f 1241 1252 1909
f 1986 2144 2146
f 1988 1986 2146
f 2146 1647 1649
f 2142 1644 2144
f 2144 1644 1646
f 2144 1646 2146
f 1646 1647 2146
f 2148 1660 1662
f 2151 1673 2152
f 1999 2151 2152
f 2001 1999 2152
f 2152 1673 1674
f 2150 1670 2151
f 2151 1670 1672
f 2150 1668 1670
f 1998 2147 1989
f 1988 2146 1996
f 2146 1649 1653
f 1996 2146 1653
f 1998 1996 1653
f 1998 1653 2147
f 2147 1657 1660
f 1989 2147 1660
f 1991 1989 1660
f 1991 1660 2148
f 2147 1653 1657
f 2151 1672 1673
f 2154 1674 1677
f 2001 2154 2002
f 2180 1717 1718
f 1719 2175 2177
f 2177 2180 1718
f 1719 2177 1718
f 1717 2180 2176
f 2176 1714 1717
f 2173 2176 2177
f 2177 2176 2180
f 2177 2175 2053
f 2053 2175 2048
f 2052 2172 2173
f 2053 2052 2173
f 2167 2172 2051
f 1693 1691 2165
f 2047 1693 2165
f 2046 2042 1697
f 2046 1697 1695
f 2046 1695 2168
f 2042 2044 1701
f 1701 1697 2042
f 1695 1693 2168
f 2167 2165 1690
f 1690 1692 2167
f 1691 1690 2165
f 2047 2049 1693
f 2053 2173 2177
f 2049 2168 1693
f 2051 2047 2165
f 2051 2172 2052
f 1714 2176 2174
f 2174 1711 1714
f 2171 2174 2173
f 2173 2174 2176
f 2174 1710 1711
f 1708 1710 2171
f 2171 1710 2174
f 2169 2171 2172
f 2172 2171 2173
f 2167 1692 1707
f 2167 1707 2169
f 2172 2167 2169
f 2171 2169 1705
f 1705 1708 2171
f 1707 1705 2169
f 2046 2168 2049
f 2165 2167 2051
f 2152 1674 2154
f 2010 2151 1999
f 2004 2156 2008
f 2008 2156 2150
f 2008 2150 2151
f 2010 2008 2151
f 2148 2156 1991
f 1991 2156 2004
f 2156 2148 1662
f 2156 1662 1668
f 2150 2156 1668
f 2152 2154 2001
f 2102 1569 2104
f 2104 1569 1572
f 1944 1942 2104
f 2104 2106 1944
f 1934 2099 2102
f 1934 2102 2104
f 1942 1934 2104
f 2102 1567 1569
f 1567 2102 2099
f 1567 2099 2097
f 1567 2097 1566
f 2073 1564 2097
f 2097 1564 1566
f 1931 2099 1934
f 1928 2095 2097
f 1931 1928 2097
f 1931 2097 2099
f 1577 2104 1572
f 2073 2097 2095
f 1577 2112 2104
f 2112 1577 1580
f 1964 1961 2091
f 2091 2092 1964
f 2115 1583 1579
f 2115 1579 2091
f 1953 2115 2091
f 1961 1953 2091
f 2114 1581 2115
f 2115 1581 1583
f 1951 2115 1953
f 1951 1948 2112
f 2112 2114 2115
f 1951 2112 2115
f 2106 2112 1946
f 1946 2112 1948
f 1944 2106 1946
f 2114 1580 1581
f 1580 2114 2112
f 2112 2106 2104
f 2095 2089 2073
f 1921 2087 2089
f 1926 2095 1928
f 1926 1921 2089
f 1926 2089 2095
f 2084 2087 1920
f 1920 2087 1921
f 1915 2084 1920
f 2073 1563 1564
f 1964 2092 1927
f 2118 2117 1966
f 1966 1970 2118
f 2118 1589 2117
f 1565 1620 2079
f 1604 2127 2130
f 2127 2124 2130
f 2130 2124 2129
f 1977 2129 1976
f 2129 2124 1976
f 1976 2124 1974
f 1598 1595 2127
f 2124 2127 1595
f 2124 1595 1593
f 2124 1593 2120
f 1593 1589 2120
f 1974 2124 2120
f 1972 1974 2120
f 1972 2120 2118
f 1972 2118 1970
f 2118 2120 1589
f 1589 1587 2117
f 1598 2127 1604
f 1977 2130 2129
f 1977 1979 2131
f 2076 2079 1620
f 2076 1620 1618
f 2076 1618 2133
f 1982 1917 2076
f 2076 2133 2132
f 1982 2076 2132
f 1618 1616 2133
f 1616 1613 2133
f 2133 1613 2132
f 1982 2132 1981
f 1613 1608 2131
f 2132 1613 2131
f 1981 2132 2131
f 1980 1981 2131
f 1980 2131 1979
f 1604 2130 1608
f 1608 2130 2131
f 1977 2131 2130
f 1100 866 867
f 1280 865 866
f 1100 1280 866
f 1100 1099 1280
f 1101 867 1284
f 867 868 1284
f 886 882 1112
f 1112 882 879
f 1112 879 1293
f 1110 1112 1293
f 879 877 1293
f 1110 1293 1109
f 1109 1293 877
f 1107 1109 877
f 877 875 1291
f 1107 877 1291
f 1104 1107 1291
f 1291 1290 1104
f 875 873 1291
f 1291 873 870
f 870 1290 1291
f 1284 868 869
f 1101 1100 867
f 1112 1113 886
f 1101 1284 1114
f 1117 1114 1297
f 1114 1284 1297
f 924 925 1166
f 1166 925 1168
f 1166 1162 922
f 922 924 1166
f 921 922 1161
f 1161 922 1162
f 1151 1325 916
f 1151 916 921
f 1161 1151 921
f 919 918 1327
f 1158 920 919
f 919 1327 1326
f 1158 919 1326
f 1155 1158 1326
f 918 916 1325
f 1327 918 1325
f 1327 1325 1324
f 925 926 1170
f 1326 1327 1324
f 1170 1168 925
f 926 927 1170
f 1174 1172 928
f 928 929 1174
f 927 928 1171
f 1171 928 1172
f 1170 927 1171
f 1324 1322 1326
f 1324 1325 1147
f 1133 908 1303
f 1301 905 907
f 1129 1301 1131
f 1129 1127 903
f 903 905 1301
f 1129 903 1301
f 1127 1123 897
f 897 903 1127
f 900 886 1125
f 1125 886 1113
f 1123 1121 1297
f 1297 894 897
f 1123 1297 897
f 1117 1297 1121
f 1297 893 894
f 1284 869 893
f 1284 893 1297
f 1133 1131 908
f 1149 1325 1151
f 1131 1301 908
f 1125 1305 900
f 1147 1325 1149
f 1146 1321 1322
f 1146 1322 1324
f 1147 1146 1324
f 1138 1321 1146
f 1316 913 914
f 913 1316 1303
f 1303 908 913
f 912 911 1312
f 911 910 1305
f 1312 911 1305
f 1137 1312 1305
f 1136 1137 1305
f 1136 1305 1135
f 910 909 1305
f 1125 1135 1305
f 1305 909 900
f 1301 907 908
f 1721 1720 1722
f 1564 1563 1736
f 1736 1759 1564
f 1564 1759 1566
f 1744 1132 1746
f 1746 1132 1134
f 1739 1122 1744
f 1744 1122 1132
f 1128 1115 1756
f 1754 1120 1739
f 1739 1120 1122
f 1753 1102 1754
f 1754 1102 1120
f 1744 1746 1736
f 1736 1735 1744
f 1739 1744 1735
f 1735 1722 1739
f 1563 1721 1735
f 1563 1735 1736
f 1722 1735 1721
f 1566 1759 1567
f 1759 1736 1746
f 1569 1567 1768
f 1613 1788 1608
f 1163 1160 1795
f 1792 1795 1160
f 1792 1160 1156
f 1792 1156 1791
f 1788 1792 1791
f 1791 1786 1788
f 1156 1154 1791
f 1786 1791 1154
f 1154 1153 1785
f 1786 1154 1785
f 1152 1150 1789
f 1152 1789 1782
f 1153 1152 1782
f 1785 1153 1782
f 1150 1148 1789
f 1782 1789 1148
f 1792 1788 1613
f 1782 1148 1128
f 1613 1616 1792
f 1618 1797 1792
f 1724 1725 1124
f 1724 1124 1169
f 1724 1169 1799
f 1620 1565 1724
f 1724 1799 1797
f 1620 1724 1797
f 1169 1165 1799
f 1797 1799 1165
f 1797 1165 1163
f 1797 1163 1795
f 1620 1797 1618
f 1797 1795 1792
f 1616 1618 1792
f 1746 1760 1759
f 1782 1128 1756
f 1788 1786 1604
f 1770 1775 1577
f 1577 1775 1580
f 1770 1768 1775
f 1775 1768 1774
f 1772 1143 1774
f 1774 1143 1144
f 1772 1141 1143
f 1772 1774 1768
f 1768 1760 1772
f 1141 1772 1760
f 1760 1746 1134
f 1141 1760 1134
f 1572 1770 1577
f 1768 1770 1569
f 1569 1770 1572
f 1567 1759 1760
f 1567 1760 1768
f 1145 1774 1144
f 1604 1608 1788
f 1145 1775 1774
f 1581 1580 1731
f 1786 1785 1604
f 1604 1785 1598
f 1595 1598 1785
f 1785 1782 1780
f 1595 1785 1780
f 1595 1780 1593
f 1756 1779 1782
f 1782 1779 1780
f 1593 1780 1779
f 1589 1593 1779
f 1589 1779 1777
f 1589 1777 1587
f 1583 1733 1579
f 1731 1733 1581
f 1581 1733 1583
f 1775 1729 1731
f 1580 1775 1731
f 1145 1729 1775
f 1413 1404 1420
f 1420 1404 1419
f 1419 937 938
f 937 1419 1404
f 937 1404 1394
f 937 1394 936
f 1386 935 1394
f 1421 1413 1420
f 1394 935 936
f 1386 934 935
f 1379 932 1383
f 1383 932 934
f 932 1379 1378
f 1378 931 932
f 931 1378 1376
f 1376 930 931
f 1383 934 1386
f 1415 1413 1421
f 943 1423 938
f 1423 1420 938
f 1198 1427 1428
f 1198 1428 1387
f 1388 1427 1197
f 1197 1427 1214
f 1426 1425 1422
f 1422 1425 1416
f 1425 947 945
f 1416 1425 945
f 1410 1416 945
f 1424 1423 1426
f 1426 1423 1425
f 1423 943 1425
f 1425 943 947
f 1410 945 946
f 1421 1420 1424
f 1424 1420 1423
f 1420 1419 938
f 1413 1415 1411
f 1411 1405 1413
f 1405 1392 1413
f 1413 1392 1404
f 1186 1381 1382
f 1192 1186 1382
f 1375 1381 1371
f 1371 1370 1375
f 1378 1379 1375
f 1375 1373 1378
f 1376 1378 1373
f 1373 1372 1376
f 1187 1373 1375
f 1190 1187 1375
f 1190 1375 1370
f 1187 1183 1372
f 1372 1373 1187
f 1185 1371 1186
f 1370 1371 1184
f 1184 1371 1185
f 1186 1371 1381
f 1198 1214 1427
f 1383 1375 1379
f 1382 1381 1383
f 1213 1405 1411
f 1213 1411 1390
f 1206 1213 1390
f 1392 1405 1212
f 1212 1405 1213
f 1392 1391 1404
f 1404 1391 1394
f 1386 1394 1391
f 1391 1382 1386
f 1391 1392 1208
f 1208 1392 1212
f 1208 1192 1382
f 1382 1391 1208
f 1204 1206 1390
f 1390 1388 1204
f 1204 1388 1197
f 1383 1386 1382
f 1381 1375 1383
f 1427 1388 1390
f 1390 1429 1427
f 1428 1427 1429
f 1426 1422 1226
f 1226 1422 1209
f 1223 1446 1225
f 1225 1446 1424
f 1225 1424 1426
f 1226 1225 1426
f 1224 1445 1222
f 1441 1445 1218
f 1218 1445 1224
f 1222 1445 1444
f 1223 1222 1444
f 1223 1444 1446
f 1444 1421 1446
f 1441 1440 1445
f 1439 1438 1441
f 1441 1438 1440
f 1415 1440 1438
f 1438 1411 1415
f 1430 1429 1439
f 1439 1429 1438
f 1429 1390 1438
f 1438 1390 1411
f 1435 1434 1437
f 1437 1434 1436
f 1430 1436 1434
f 1434 1428 1430
f 1434 1435 1396
f 1396 1395 1434
f 1428 1434 1395
f 1395 1387 1428
f 1429 1430 1428
f 1442 1430 1439
f 1446 1421 1424
f 1436 1430 1442
f 1216 1215 1436
f 1445 1440 1444
f 1440 1415 1444
f 1444 1415 1421
f 1221 1437 1215
f 1219 1443 1220
f 1220 1443 1435
f 1221 1220 1435
f 1221 1435 1437
f 1400 1443 1211
f 1211 1443 1219
f 1400 1396 1443
f 1443 1396 1435
f 1216 1442 1217
f 1217 1442 1439
f 1218 1217 1439
f 1218 1439 1441
f 1215 1437 1436
f 1216 1436 1442
f 1274 1275 1093
f 1274 1093 986
f 1273 1274 986
f 1273 986 1459
f 1273 1459 1251
f 1492 1540 1490
f 1487 1490 1540
f 1540 1538 1487
f 2614 2611 2755
f 2755 2369 2370
f 2569 2728 2340
f 2574 2569 2340
f 2337 2728 2725
f 2725 2335 2337
f 2564 2728 2569
f 2725 2728 2560
f 2560 2728 2564
f 2549 2721 2556
f 2721 2720 2556
f 2556 2720 2555
f 2553 2555 2720
f 2553 2720 2303
f 2553 2303 2331
f 2551 2553 2331
f 2331 2329 2718
f 2551 2331 2718
f 2550 2551 2718
f 2728 2337 2340
f 2718 2715 2550
f 2574 2342 2579
f 2342 2344 2583
f 2352 2287 2594
f 2594 2287 2533
f 2350 2352 2593
f 2593 2352 2594
f 2593 2590 2349
f 2349 2350 2593
f 2347 2349 2588
f 2588 2349 2590
f 2588 2584 2345
f 2345 2347 2588
f 2344 2345 2583
f 2583 2345 2584
f 2583 2579 2342
f 2340 2342 2574
f 2329 2328 2718
f 2328 2326 2714
f 2522 2521 2289
f 2289 2295 2522
f 2521 2519 2285
f 2285 2289 2521
f 2305 2299 2705
f 2715 2718 2328
f 2525 2526 2705
f 2526 2310 2305
f 2715 2328 2714
f 2550 2715 2548
f 2715 2714 2548
f 2548 2714 2545
f 2326 2325 2714
f 2714 2325 2324
f 2545 2714 2324
f 2545 2324 2712
f 2543 2545 2712
f 2543 2712 2534
f 2324 2323 2712
f 2534 2712 2323
f 2323 2322 2707
f 2534 2323 2707
f 2531 2534 2707
f 2526 2528 2320
f 2320 2310 2526
f 2526 2305 2705
f 2611 2369 2755
f 2611 2372 2369
f 2626 2370 2374
f 2890 3094 2889
f 2772 2770 2669
f 2669 2770 2665
f 2666 2772 2667
f 2764 2770 2772
f 2664 2764 2772
f 2666 2664 2772
f 2655 2764 2664
f 2667 2772 2669
f 2774 2401 2402
f 2403 2401 2774
f 2676 2751 2606
f 2673 2774 2674
f 2774 2402 2354
f 2774 2354 2751
f 2674 2774 2751
f 2676 2674 2751
f 2673 2670 2403
f 2673 2403 2774
f 2640 2391 2395
f 2640 2395 2762
f 2626 2758 2635
f 2637 2380 2389
f 2638 2637 2389
f 2638 2389 2761
f 2761 2389 2391
f 2758 2379 2380
f 2635 2758 2380
f 2637 2635 2380
f 2629 2759 2633
f 2625 2364 2378
f 2625 2378 2759
f 2629 2625 2759
f 2614 2755 2619
f 2626 2619 2755
f 2626 2755 2370
f 2640 2761 2391
f 2640 2639 2761
f 2640 2762 2642
f 2638 2761 2639
f 2851 2879 2848
f 2231 2229 2879
f 2848 2879 2229
f 2229 2227 2877
f 2848 2229 2877
f 2843 2848 2877
f 2843 2877 2838
f 2227 2222 2877
f 2801 2841 2875
f 2801 2875 2205
f 2801 2205 2184
f 2826 2875 2841
f 2838 2877 2222
f 2838 2222 2220
f 2838 2220 2876
f 2836 2838 2876
f 2836 2876 2835
f 2851 2231 2879
f 2220 2217 2876
f 2851 2232 2231
f 2853 2880 2232
f 2832 2212 2882
f 2839 2832 2882
f 2832 2834 2214
f 2214 2212 2832
f 2209 2207 2882
f 2792 2783 2689
f 2689 2783 2680
f 1967 2236 2436
f 2435 2436 2236
f 2435 2236 2233
f 2880 2707 2322
f 2233 2880 2322
f 2435 2233 2322
f 2531 2707 2855
f 2707 2880 2855
f 2855 2880 2853
f 2233 2232 2880
f 2851 2853 2232
f 2212 2209 2882
f 2833 2835 2876
f 2833 2876 2215
f 2815 2873 2191
f 2815 2191 2189
f 2815 2189 2872
f 2814 2815 2872
f 2189 2187 2872
f 2809 2807 2870
f 2809 2870 2181
f 2809 2181 2183
f 2804 2870 2807
f 2870 1963 2181
f 2802 1956 1957
f 2802 1957 1958
f 1958 1963 2870
f 2802 1958 2870
f 2804 2802 2870
f 1954 1956 2800
f 2800 1956 2802
f 2193 2191 2873
f 2876 2217 2215
f 2183 2195 2816
f 2816 2196 2818
f 2830 2833 2215
f 2215 2211 2830
f 2211 2208 2830
f 2830 2208 2829
f 2828 2829 2208
f 2208 2193 2873
f 2828 2208 2873
f 2828 2873 2815
f 2875 2203 2205
f 2824 2201 2203
f 2824 2203 2875
f 2826 2824 2875
f 2199 2201 2822
f 2822 2201 2824
f 2822 2818 2196
f 2196 2199 2822
f 2195 2196 2816
f 2816 2809 2183
f 2626 2374 2758
f 2845 2034 2033
f 2845 2847 2035
f 2244 2219 2881
f 2869 2244 2881
f 2827 2869 2881
f 2868 2701 2423
f 2510 2067 2243
f 2423 2510 2243
f 2868 2423 2243
f 2869 2868 2243
f 2243 2244 2869
f 2509 2055 2065
f 2845 2035 2034
f 2867 2888 2866
f 2865 2237 2888
f 2230 2228 2861
f 2859 2860 2226
f 2226 2224 2859
f 2881 2219 2221
f 2839 2882 2858
f 2045 2036 2857
f 2857 2036 2847
f 2857 2858 2882
f 2857 2882 2207
f 2857 2207 2045
f 2845 2033 2043
f 2856 2845 2043
f 2856 2043 2038
f 2038 2037 2413
f 2856 2038 2413
f 2694 2856 2413
f 2847 2036 2035
f 2861 2862 2230
f 2237 2238 2888
f 2861 2226 2860
f 2859 2214 2834
f 2867 2865 2888
f 2852 2866 2888
f 2852 2888 2239
f 2239 2241 2887
f 2852 2239 2887
f 2887 2241 2242
f 2888 2238 2239
f 2234 2235 2863
f 2863 2235 2864
f 2865 2864 2235
f 2235 2237 2865
f 2863 2831 2881
f 2863 2881 2221
f 2863 2221 2234
f 2862 2819 2198
f 2198 2230 2862
f 2224 2214 2859
f 2228 2226 2861
f 2353 1965 1962
f 2351 2353 1962
f 2351 1962 2462
f 2351 2462 2348
f 1962 1960 2462
f 2346 2348 2462
f 2346 2462 1960
f 2346 1960 1959
f 2343 2346 1959
f 1959 1955 2459
f 2343 1959 2459
f 2343 2459 2341
f 1955 1950 2459
f 2339 2341 2459
f 1950 1947 2456
f 2459 1950 2456
f 2339 2459 2456
f 2339 2456 2338
f 1923 2448 1947
f 1947 2448 2456
f 2338 2456 2448
f 2333 2338 2448
f 2333 2448 2443
f 2333 2443 2319
f 1501 1498 2212
f 2207 2209 1496
f 1496 1263 2207
f 2212 2214 1501
f 2212 1496 2209
f 1498 1496 2212
f 1235 1698 2166
f 2244 2243 1523
f 1523 1264 2270
f 2244 1523 2270
f 2065 2055 1716
f 1716 1279 1524
f 2065 1716 1524
f 2066 2065 1524
f 2067 2066 1524
f 1524 1522 2277
f 2067 1524 2277
f 2277 1522 1523
f 2237 2274 2238
f 2239 2276 2241
f 2276 1521 1516
f 2241 2276 1516
f 2242 2241 1516
f 2242 1516 2271
f 2243 2277 1523
f 2239 2238 2274
f 2067 2277 2243
f 2244 2270 2219
f 2239 2274 1518
f 2239 1518 2276
f 2230 1512 2228
f 1511 1509 2226
f 2226 1509 2224
f 2219 2270 1267
f 2221 2219 1267
f 2221 1267 1504
f 2221 1504 2272
f 2272 1504 1507
f 2270 1264 1265
f 2270 1265 1266
f 1267 2270 1266
f 2207 1263 1262
f 2207 1262 1260
f 2207 1260 1235
f 2207 1235 2166
f 2045 2207 2166
f 1234 1698 1235
f 1514 1512 2230
f 1518 1520 2276
f 1512 1511 2226
f 2224 1501 2214
f 2276 1520 1521
f 2234 2275 2235
f 2237 2235 2275
f 2237 2275 1519
f 1519 1517 2274
f 2237 1519 2274
f 2272 2275 2221
f 2221 2275 2234
f 2272 1507 2275
f 2275 1507 1519
f 2274 1517 1518
f 2271 1516 1513
f 1491 1515 2258
f 2258 1515 1514
f 2198 2258 1514
f 2230 2198 1514
f 1509 1501 2224
f 2226 2228 1512
f 2404 2496 2400
f 2400 2496 2405
f 2419 2511 2054
f 2419 2054 2055
f 2419 2055 2509
f 2050 2511 2508
f 2508 2048 2050
f 2418 2506 2508
f 2418 2508 2511
f 2424 2418 2511
f 2422 2421 2066
f 2066 2067 2510
f 2422 2066 2510
f 2422 2510 2423
f 2420 2509 2065
f 2421 2420 2065
f 2421 2065 2066
f 2419 2509 2420
f 2505 2506 2417
f 2419 2424 2511
f 2417 2506 2418
f 2511 2050 2054
f 2502 2505 2416
f 2416 2415 2501
f 2505 2502 2503
f 2504 2503 2047
f 2047 2051 2504
f 2049 2047 2503
f 2502 2501 2042
f 2042 2046 2502
f 2044 2042 2501
f 2409 2499 2410
f 2499 2497 2410
f 2410 2497 2408
f 2409 2405 2496
f 2496 2499 2409
f 2406 2497 2499
f 2404 2406 2499
f 2404 2499 2496
f 2408 2497 2407
f 2407 2497 2406
f 2502 2049 2503
f 2416 2505 2417
f 2502 2046 2049
f 2503 2504 2505
f 2501 2502 2416
f 2415 2411 2039
f 2039 2044 2501
f 2415 2039 2501
f 2041 2040 2414
f 2414 2040 2412
f 2414 2413 2037
f 2037 2041 2414
f 2411 2412 2040
f 2040 2039 2411
f 2048 2508 2507
f 2507 2053 2048
f 2504 2507 2506
f 2506 2507 2508
f 2507 2052 2053
f 2051 2052 2504
f 2504 2052 2507
f 2505 2504 2506
f 2009 2488 2484
f 2484 2007 2009
f 2484 2005 2007
f 2368 2375 1983
f 1983 2003 2368
f 2381 2382 1990
f 1990 1987 2381
f 2009 2012 2488
f 1995 1992 2385
f 2385 2386 2000
f 2000 1995 2385
f 1992 1990 2384
f 2384 1990 2382
f 2376 2377 1985
f 1985 1984 2376
f 1987 1985 2381
f 2385 1992 2384
f 2373 2490 2392
f 2487 2490 2373
f 2392 2490 2397
f 2481 1986 1988
f 2013 2000 2383
f 2383 2000 2386
f 2397 2490 2017
f 2397 2017 2020
f 2398 2397 2020
f 2017 2490 2487
f 2487 2014 2017
f 2381 1985 2377
f 1984 1983 2376
f 2376 1983 2375
f 2012 2014 2487
f 2012 2487 2485
f 2488 2012 2485
f 2484 2488 2485
f 2485 2482 2484
f 2373 2371 2485
f 2485 2487 2373
f 2371 2367 2482
f 2482 2485 2371
f 2005 2484 2482
f 2482 2479 2032
f 2005 2482 2032
f 2368 2003 2032
f 2368 2032 2479
f 2366 2368 2479
f 2479 2482 2365
f 2365 2482 2367
f 2366 2479 2365
f 2890 2571 3094
f 362 397 361
f 361 397 360
f 319 311 379
f 379 311 369
f 379 378 403
f 379 403 318
f 379 318 319
f 317 403 402
f 402 316 317
f 402 403 377
f 377 403 378
f 403 317 318
f 396 309 402
f 402 309 316
f 377 368 395
f 395 396 402
f 307 397 310
f 310 397 398
f 397 307 304
f 360 397 304
f 366 360 304
f 394 395 367
f 367 395 368
f 367 363 300
f 367 300 305
f 367 305 394
f 302 301 365
f 365 301 364
f 304 302 366
f 366 302 365
f 363 364 301
f 301 300 363
f 398 397 362
f 311 312 370
f 370 369 311
f 362 371 399
f 377 395 402
f 376 401 374
f 312 315 370
f 370 315 375
f 376 375 315
f 315 314 401
f 376 315 401
f 401 400 374
f 374 400 373
f 372 373 400
f 400 399 372
f 314 313 401
f 401 313 400
f 399 400 313
f 399 313 310
f 399 310 398
f 372 399 371
f 399 398 362
f 420 475 422
f 475 474 422
f 422 474 416
f 418 475 420
f 411 473 474
f 411 474 475
f 418 411 475
f 416 474 415
f 409 415 474
f 474 473 409
f 407 473 411
f 409 473 407
f 269 270 243
f 243 270 244
f 243 236 266
f 266 269 243
f 271 174 175
f 271 270 268
f 271 268 173
f 245 176 177
f 271 173 174
f 270 269 172
f 270 172 170
f 270 170 268
f 269 266 171
f 171 172 269
f 170 169 268
f 239 267 238
f 268 169 173
f 245 271 176
f 245 244 271
f 244 270 271
f 247 245 177
f 177 178 247
f 271 175 176
f 181 182 267
f 241 181 267
f 239 241 267
f 236 238 267
f 236 267 180
f 180 179 266
f 236 180 266
f 182 180 267
f 179 171 266
f 46 74 75
f 47 46 75
f 47 75 76
f 75 74 22
f 75 22 21
f 73 75 21
f 71 74 43
f 48 73 45
f 43 74 46
f 71 15 22
f 73 21 19
f 45 73 19
f 44 45 19
f 44 19 72
f 72 70 44
f 44 70 38
f 22 74 71
f 49 73 48
f 75 73 49
f 76 75 49
f 51 76 50
f 47 76 51
f 49 50 76
f 19 16 72
f 16 7 72
f 72 7 70
f 42 71 43
f 19 28 27
f 19 27 26
f 16 19 26
f 26 24 16
f 16 24 7
f 13 27 15
f 11 25 26
f 13 11 26
f 13 26 27
f 25 23 26
f 26 23 24
f 9 25 11
f 23 25 1
f 1 25 9
f 7 24 6
f 4 6 24
f 24 23 4
f 21 28 19
f 27 28 22
f 22 28 21
f 13 15 71
f 41 13 71
f 42 41 71
f 41 40 11
f 11 13 41
f 9 11 39
f 39 11 40
f 39 34 1
f 1 9 39
f 38 70 37
f 36 37 70
f 70 7 6
f 36 70 6
f 35 36 6
f 6 4 35
f 4 1 35
f 35 1 34
f 22 15 27
f 298 328 295
f 587 586 821
f 585 584 820
f 762 821 586
f 761 762 586
f 586 585 820
f 761 586 820
f 760 820 584
f 760 584 573
f 755 760 573
f 761 820 760
f 819 582 563
f 759 819 563
f 721 759 563
f 819 581 582
f 818 819 758
f 758 819 759
f 817 818 757
f 579 581 818
f 723 796 554
f 720 723 554
f 720 554 550
f 725 796 723
f 550 549 720
f 720 549 717
f 732 798 731
f 734 800 733
f 732 801 798
f 732 733 801
f 750 570 751
f 749 815 746
f 745 814 748
f 748 814 562
f 749 748 562
f 749 562 565
f 749 565 815
f 746 815 566
f 746 566 567
f 747 746 567
f 747 567 816
f 567 560 816
f 816 560 803
f 815 565 566
f 745 744 564
f 564 561 814
f 745 564 814
f 569 570 750
f 814 561 562
f 559 569 750
f 751 564 744
f 818 581 819
f 818 817 576
f 576 579 818
f 756 578 577
f 756 577 817
f 757 756 817
f 756 754 572
f 572 578 756
f 577 576 817
f 573 572 755
f 755 572 754
f 753 810 739
f 747 816 752
f 816 803 810
f 752 816 810
f 753 752 810
f 570 564 751
f 750 728 559
f 757 818 758
f 715 717 549
f 813 812 743
f 805 806 801
f 801 800 805
f 805 800 738
f 738 800 734
f 737 804 736
f 736 804 735
f 560 558 803
f 803 558 802
f 801 802 558
f 801 558 556
f 801 556 798
f 555 554 796
f 798 556 555
f 731 798 555
f 725 731 555
f 725 555 796
f 733 800 801
f 738 807 805
f 549 548 715
f 738 735 807
f 806 805 807
f 743 812 742
f 742 812 741
f 812 813 808
f 808 807 812
f 741 812 807
f 737 741 807
f 737 807 804
f 740 739 810
f 740 810 809
f 740 809 811
f 809 806 811
f 811 806 808
f 803 802 810
f 810 802 809
f 806 809 802
f 802 801 806
f 807 808 806
f 735 804 807
f 956 749 958
f 748 749 956
f 745 748 956
f 956 960 745
f 980 754 978
f 971 1090 973
f 753 739 1090
f 969 753 1090
f 971 969 1090
f 747 752 970
f 970 752 967
f 969 967 752
f 752 753 969
f 1088 751 744
f 1086 728 750
f 963 959 1086
f 750 751 1088
f 1086 750 1088
f 963 1086 1088
f 749 746 958
f 958 746 961
f 755 754 980
f 754 756 982
f 982 757 983
f 997 996 722
f 722 724 997
f 996 988 721
f 721 722 996
f 991 994 762
f 762 761 991
f 980 990 760
f 760 755 980
f 761 760 991
f 991 760 990
f 759 721 987
f 987 721 988
f 987 984 758
f 758 759 987
f 984 983 757
f 757 758 984
f 756 757 982
f 982 978 754
f 999 677 681
f 866 865 1000
f 865 999 1000
f 999 681 1000
f 681 682 1000
f 912 1009 1008
f 911 912 1008
f 1009 1010 702
f 702 701 1009
f 701 700 1009
f 1009 700 1008
f 911 1008 910
f 1008 700 696
f 910 1008 696
f 909 910 696
f 909 696 1005
f 909 1005 900
f 907 1007 908
f 907 905 1006
f 698 699 1007
f 1006 698 1007
f 907 1006 1007
f 912 1012 1009
f 1004 1006 903
f 1017 1009 1012
f 1010 1019 702
f 921 1026 664
f 921 664 662
f 919 1027 661
f 918 919 661
f 918 661 657
f 918 657 1026
f 920 1027 919
f 918 1026 916
f 914 913 1019
f 914 1019 1021
f 914 1021 1023
f 1017 1021 1019
f 1019 1010 1017
f 1007 1019 908
f 908 1019 913
f 1007 699 702
f 1019 1007 702
f 1010 1009 1017
f 903 1006 905
f 1006 697 698
f 689 688 879
f 879 688 877
f 688 687 1001
f 877 688 1001
f 875 877 1001
f 687 686 1001
f 875 1001 873
f 870 873 1001
f 1001 686 680
f 870 1001 680
f 684 685 868
f 868 685 869
f 868 867 1000
f 868 1000 683
f 868 683 684
f 866 1000 867
f 1000 682 683
f 879 882 689
f 897 1004 903
f 882 690 689
f 886 1002 882
f 697 1006 1004
f 1004 693 697
f 696 695 1005
f 900 1005 695
f 886 900 695
f 886 695 694
f 886 694 1002
f 694 690 1002
f 897 894 1003
f 1003 692 693
f 1003 693 1004
f 897 1003 1004
f 1003 691 692
f 893 1003 894
f 869 685 691
f 869 691 1003
f 893 869 1003
f 882 1002 690
f 921 916 1026
f 662 666 922
f 922 921 662
f 657 664 1026
f 929 928 672
f 672 673 929
f 671 672 927
f 927 672 928
f 927 926 670
f 670 671 927
f 669 670 925
f 925 670 926
f 925 924 668
f 668 669 925
f 666 668 922
f 922 668 924
f 522 590 409
f 505 522 409
f 505 409 407
f 515 590 522
f 544 623 543
f 546 624 545
f 546 625 624
f 630 450 432
f 553 626 557
f 552 623 449
f 552 449 450
f 553 552 450
f 553 450 626
f 543 623 552
f 441 446 624
f 544 551 444
f 544 444 449
f 544 449 623
f 545 624 446
f 545 446 444
f 551 545 444
f 546 547 625
f 625 442 441
f 625 441 624
f 548 625 547
f 626 450 630
f 557 630 559
f 626 630 557
f 568 460 461
f 575 633 580
f 580 633 464
f 580 464 459
f 583 580 459
f 583 459 634
f 575 574 465
f 465 463 633
f 575 465 633
f 633 463 464
f 571 568 461
f 461 462 571
f 631 448 460
f 568 563 631
f 568 631 460
f 2890 2581 2571
f 2892 3095 2581
f 5418 5501 4758
f 5418 5417 5501
f 4774 4772 5433
f 5433 4772 5431
f 5429 5431 4772
f 4772 4769 5429
f 4769 4746 5503
f 5429 4769 5503
f 5428 5429 5503
f 4763 4766 5423
f 5423 4766 5425
f 5422 5502 4761
f 5422 4761 4763
f 5423 5422 4763
f 5420 5502 5422
f 5502 4760 4761
f 5418 4758 4760
f 5418 4760 5502
f 5420 5418 5502
f 5501 4757 4758
f 4777 4774 5433
f 5392 4937 4909
f 4937 5392 5377
f 5377 4935 4937
f 5405 4926 4928
f 5406 4930 4933
f 5373 5406 4933
f 5377 5373 4933
f 4935 5377 4933
f 5433 5435 4777
f 4778 4777 5436
f 5436 4777 5435
f 4722 4720 5505
f 5506 4722 5505
f 5458 5506 5505
f 5455 5458 5505
f 5455 5505 5451
f 4720 4786 5505
f 5443 5451 5505
f 4786 4785 5504
f 5505 4786 5504
f 5443 5505 5504
f 4785 4782 5504
f 5446 5425 4766
f 4766 4731 5446
f 5443 5504 5439
f 5504 4782 4778
f 5439 5504 4778
f 5436 5439 4778
f 5462 5506 5458
f 4724 4722 5506
f 4875 4724 5506
f 4891 5351 4771
f 4771 4571 4891
f 5477 4754 4771
f 5477 4771 5351
f 5421 5477 5351
f 5477 5476 4748
f 4748 4754 5477
f 4734 4748 5472
f 5472 4748 5476
f 5472 5470 4732
f 4732 4734 5472
f 4731 4732 5446
f 5446 4732 5470
f 4546 4726 5043
f 5462 5193 4875
f 4875 5043 4726
f 4875 4726 4724
f 5462 4875 5506
f 4930 5406 5404
f 5404 5405 4928
f 4930 5404 4928
f 5189 5160 5318
f 5318 5363 5189
f 5189 5363 5184
f 4897 5362 5363
f 4899 4897 5363
f 5318 4899 5363
f 4897 4890 5362
f 5363 5362 5361
f 5184 5363 5361
f 5176 5184 5361
f 4820 4899 5318
f 4889 5358 5361
f 4890 4889 5361
f 5362 4890 5361
f 4889 4886 5358
f 5154 5345 5153
f 5153 5345 5344
f 5129 5153 5344
f 5129 5344 5317
f 5327 4862 4827
f 5327 5325 4860
f 4860 4862 5327
f 5325 5323 4858
f 4858 4860 5325
f 5151 5147 5341
f 5151 5341 4855
f 4855 4858 5323
f 5151 4855 5323
f 5341 4848 4855
f 5147 5145 5339
f 5339 5341 5147
f 5145 5142 5337
f 5349 4865 5345
f 4865 4864 5345
f 5154 5349 5345
f 5173 5176 5361
f 5361 5360 5173
f 5355 5360 5358
f 5358 5360 5361
f 5173 5360 5170
f 5170 5360 5355
f 5165 5170 5355
f 5165 5355 5352
f 5358 4886 4876
f 4876 5355 5358
f 5355 4876 4868
f 5355 4868 5349
f 5355 5349 5352
f 4868 4865 5349
f 5165 5352 5161
f 5161 5352 5349
f 5154 5161 5349
f 4864 5344 5345
f 5337 5339 5145
f 5341 5339 4844
f 5339 5337 5336
f 5129 5317 5128
f 5339 5336 4837
f 5339 4837 4844
f 5333 4834 5336
f 5336 4834 4837
f 5333 4823 4834
f 5140 5337 5142
f 5140 5138 5336
f 5336 5337 5140
f 5329 5333 5336
f 5137 5329 5336
f 5138 5137 5336
f 5136 5329 5137
f 5329 5321 4821
f 5329 4821 4823
f 5333 5329 4823
f 5136 5131 5321
f 5321 5329 5136
f 4844 4848 5341
f 5385 5392 4909
f 5392 5385 5374
f 5374 5377 5392
f 5371 5404 5373
f 5373 5404 5406
f 4926 5405 5403
f 5403 4922 4926
f 5394 4920 4919
f 5391 5394 4919
f 5403 5391 4919
f 4922 5403 4919
f 5405 5404 5400
f 5400 5403 5405
f 5251 5265 5400
f 5251 5400 5404
f 5251 5404 5371
f 5264 5257 5391
f 5391 5403 5400
f 5264 5391 5400
f 5264 5400 5265
f 5263 5262 5374
f 5374 5385 5263
f 5261 5259 5373
f 5261 5373 5377
f 5261 5377 5374
f 5261 5374 5262
f 5371 5373 5253
f 5253 5373 5259
f 5251 5371 5253
f 5777 5265 5251
f 5819 5257 5264
f 5265 5777 5774
f 5774 5819 5264
f 5265 5774 5264
f 5793 5259 5261
f 5783 5793 5261
f 5790 5783 5261
f 5262 5790 5261
f 5259 5793 5779
f 5779 5253 5259
f 5768 5779 5783
f 5783 5779 5793
f 5781 5783 5786
f 5786 5783 5790
f 5263 5808 5790
f 5790 5262 5263
f 5786 5790 5803
f 5803 5790 5808
f 5632 5768 5783
f 5632 5631 5768
f 5632 5783 5781
f 5632 5781 5633
f 5770 5777 5251
f 5779 5770 5251
f 5253 5779 5251
f 5766 5770 5768
f 5768 5770 5779
f 5769 5774 5770
f 5770 5774 5777
f 5764 5769 5766
f 5766 5769 5770
f 5631 5629 5766
f 5766 5768 5631
f 5629 5625 5764
f 5764 5766 5629
f 5567 5564 5217
f 5217 5218 5567
f 5205 5217 5537
f 5537 5217 5564
f 5547 5559 5216
f 5216 5214 5547
f 5214 5211 5547
f 5547 5211 5546
f 5211 5210 5546
f 5546 5210 5545
f 5542 5545 5210
f 5210 5209 5542
f 5209 5207 5542
f 5542 5207 5539
f 5518 5539 5207
f 5207 5195 5518
f 5537 5531 5203
f 5567 5130 5568
f 5203 5205 5537
f 5218 5130 5567
f 5141 5216 5574
f 5148 5146 5584
f 5583 5584 5146
f 5146 5144 5583
f 5144 5143 5583
f 5583 5143 5581
f 5574 5581 5143
f 5143 5141 5574
f 5684 5135 5139
f 5134 5135 5684
f 5580 5134 5684
f 5541 5580 5684
f 5580 5579 5133
f 5133 5134 5580
f 5132 5133 5575
f 5575 5133 5579
f 5575 5568 5130
f 5130 5132 5575
f 5574 5216 5559
f 5531 5528 5693
f 5531 5202 5203
f 5149 5159 5691
f 5156 5149 5688
f 5691 5688 5149
f 5531 5693 5202
f 5691 5159 5166
f 5516 5517 5688
f 5525 5693 5528
f 5693 5201 5202
f 5524 5198 5201
f 5525 5524 5201
f 5525 5201 5693
f 5524 5521 5691
f 5524 5691 5166
f 5524 5166 5198
f 5521 5516 5688
f 5688 5691 5521
f 5518 5195 5185
f 5517 5518 5185
f 5517 5185 5692
f 5185 5181 5692
f 5177 5156 5688
f 5692 5177 5688
f 5517 5692 5688
f 5181 5177 5692
f 5584 5520 5148
f 4742 4321 4741
f 4738 4741 4321
f 4321 4318 4738
f 4318 4313 4738
f 4738 4313 4735
f 4733 4735 4313
f 4733 4313 4294
f 4322 4321 4742
f 4733 4294 4803
f 4303 4308 4729
f 4729 4308 4730
f 4729 4728 4805
f 4805 4298 4303
f 4729 4805 4303
f 4727 4805 4728
f 4804 4291 4805
f 4733 4803 4723
f 4745 4322 4742
f 4327 4322 4745
f 4330 4327 4745
f 4761 4808 4343
f 4808 4340 4341
f 4758 4808 4760
f 4338 4340 4808
f 4757 4338 4808
f 4758 4757 4808
f 4757 4756 4336
f 4336 4338 4757
f 4334 4336 4755
f 4755 4336 4756
f 4755 4752 4333
f 4333 4334 4755
f 4331 4333 4749
f 4749 4333 4752
f 4749 4730 4308
f 4308 4331 4749
f 4745 4746 4330
f 4805 4291 4298
f 4294 4291 4804
f 4294 4804 4802
f 4803 4294 4802
f 4808 4341 4343
f 4804 4805 4725
f 4725 4805 4727
f 4645 4672 4802
f 4725 4645 4802
f 4725 4802 4804
f 4723 4803 4802
f 4721 4723 4802
f 4721 4802 4801
f 4721 4801 4719
f 4802 4672 4671
f 4801 4802 4671
f 4801 4671 4665
f 4719 4801 4665
f 4719 4665 4664
f 4533 4719 4664
f 4541 4672 4645
f 4761 4760 4808
f 4763 4761 4811
f 4761 4345 4811
f 4731 4811 4356
f 4731 4356 4293
f 4811 4345 4356
f 4354 4352 4782
f 4782 4352 4778
f 4352 4351 4778
f 4778 4351 4777
f 4774 4777 4351
f 4351 4350 4774
f 4350 4348 4774
f 4774 4348 4772
f 4769 4772 4348
f 4348 4346 4769
f 4346 4330 4769
f 4769 4330 4746
f 4763 4811 4766
f 4761 4343 4345
f 4731 4766 4811
f 4359 4354 4782
f 4786 4359 4785
f 4323 4251 4480
f 4784 4323 4480
f 4784 4480 4711
f 4631 4784 4711
f 4781 4779 4317
f 4317 4320 4781
f 4775 4750 4310
f 4310 4314 4775
f 4786 4720 4287
f 4287 4360 4786
f 4360 4359 4786
f 4782 4785 4359
f 4424 4423 4670
f 4566 4670 4564
f 4564 4670 4423
f 4560 4564 4423
f 4560 4423 4422
f 4560 4422 4669
f 4422 4421 4669
f 4566 4424 4670
f 4557 4560 4669
f 4669 4421 4420
f 4420 4667 4669
f 4557 4667 4555
f 4555 4667 4420
f 4555 4420 4419
f 4554 4555 4419
f 4554 4419 4666
f 4669 4667 4557
f 4566 4425 4424
f 4566 4568 4425
f 4554 4666 4552
f 4419 4418 4666
f 4552 4666 4418
f 4552 4418 4414
f 4550 4552 4414
f 4653 4397 4398
f 4527 4653 4398
f 4653 4396 4397
f 4682 4459 4457
f 4459 4682 4680
f 4585 4584 4682
f 4680 4450 4459
f 4576 4678 4578
f 4678 4679 4578
f 4585 4682 4457
f 4585 4457 4455
f 4585 4455 4684
f 4585 4684 4586
f 4584 4581 4680
f 4680 4682 4584
f 4681 4441 4447
f 4583 4681 4447
f 4580 4583 4447
f 4580 4447 4450
f 4580 4450 4680
f 4679 4440 4441
f 4579 4679 4441
f 4582 4579 4441
f 4582 4441 4681
f 4582 4681 4583
f 4580 4680 4581
f 4578 4679 4579
f 4813 4989 4814
f 4815 4989 4992
f 4989 4990 4992
f 4815 4814 4989
f 4877 4878 5043
f 4877 5043 4875
f 4870 5041 4871
f 4870 4869 5039
f 4870 5039 4541
f 4541 4645 5041
f 4870 4541 5041
f 4878 4546 5043
f 4867 5039 4869
f 5034 4536 4538
f 5034 4538 5039
f 4861 5034 5039
f 4867 4861 5039
f 5031 4528 5034
f 5034 4528 4536
f 4533 4531 5022
f 5039 4538 4541
f 4878 4551 4546
f 4878 4556 4551
f 4878 5045 4556
f 4891 4572 4892
f 4543 4570 5026
f 4570 4569 5048
f 5026 4570 5048
f 4864 5026 5048
f 4888 4864 5048
f 4569 4567 5048
f 4888 5048 4885
f 4882 4885 5048
f 5048 4567 4561
f 4882 5048 4561
f 4882 4561 4559
f 4882 4559 5045
f 4881 4882 5045
f 4881 5045 4879
f 4559 4556 5045
f 4878 4879 5045
f 5031 4525 4528
f 4859 5034 4861
f 5029 5031 5034
f 4857 5029 5034
f 4835 5017 4832
f 4517 5007 4518
f 4518 5007 5017
f 4829 4832 5017
f 5017 5007 5000
f 4829 5017 5000
f 4516 4990 5003
f 4517 4516 5003
f 5007 4517 5003
f 5003 4997 5007
f 5007 4997 5000
f 4829 5000 4819
f 4819 5000 4997
f 4818 4819 4997
f 4818 4997 4996
f 4818 4996 4817
f 4815 4992 4816
f 5020 5017 4835
f 4571 4572 4891
f 4644 5017 5020
f 4839 5020 4835
f 4859 4857 5034
f 4852 5029 4857
f 4525 5031 5029
f 5029 5027 4524
f 4525 5029 4524
f 5027 4522 4524
f 4852 4816 4992
f 4992 5027 5029
f 4852 4992 5029
f 4522 5027 4992
f 4992 4990 4516
f 4522 4992 4516
f 4850 5022 4842
f 4839 4842 5022
f 4531 4644 5020
f 5022 4531 5020
f 4839 5022 5020
f 4518 5017 4644
f 4894 4892 5052
f 4892 4572 5052
f 4572 4573 5052
f 4821 4901 4994
f 4994 4991 4821
f 4900 5053 4519
f 4901 4900 4519
f 4901 4519 4520
f 4901 4520 4994
f 4898 5053 4900
f 5053 4575 4519
f 5052 4574 4575
f 4896 5052 4575
f 4896 4575 5053
f 4898 4896 5053
f 5052 4573 4574
f 4894 5052 4896
f 5620 5619 6041
f 6039 6037 5618
f 6039 5618 5617
f 6039 5617 6036
f 5617 5613 6036
f 5612 5611 6035
f 5622 5621 6044
f 6045 5620 6041
f 6045 5621 5620
f 6045 6044 5621
f 6052 5641 5628
f 5641 6052 6049
f 6057 5634 5639
f 5625 6054 5624
f 6056 6039 6036
f 6036 6054 6056
f 6055 6054 6044
f 6044 6045 6055
f 6054 6036 5613
f 6054 5613 5622
f 6054 5622 6044
f 6046 6049 6050
f 6050 6049 6052
f 6050 6045 6041
f 6041 6046 6050
f 6046 5623 5612
f 6049 6046 5612
f 6049 5612 6035
f 5619 5623 6041
f 6041 5623 6046
f 6054 6055 5624
f 6049 5640 5641
f 5625 6056 6054
f 6045 6050 5626
f 5640 6049 6035
f 6035 6057 5639
f 5640 6035 5639
f 5637 6058 5638
f 5638 6058 6059
f 5636 6053 5637
f 5637 6053 6058
f 5635 6051 5636
f 5636 6051 6053
f 5635 5616 6051
f 6057 5630 5634
f 5611 5630 6035
f 6035 5630 6057
f 6055 5627 5624
f 6052 5628 5626
f 5626 6050 6052
f 5627 6055 6045
f 5627 6045 5626
f 6196 6059 6115
f 6160 6195 6163
f 6157 5483 5485
f 6157 5485 6194
f 6151 6157 6194
f 6151 6194 6154
f 6191 5478 5480
f 6115 6166 6196
f 5478 6191 6188
f 6186 5465 5468
f 6187 5473 5474
f 6140 6187 5474
f 6140 5474 5475
f 6144 6140 5475
f 6144 5475 6188
f 6139 6130 6186
f 6188 5475 5478
f 6166 6163 6196
f 6163 6195 6196
f 6195 5488 6196
f 5310 5240 5817
f 5310 5817 5638
f 6196 5310 5638
f 6196 5638 6059
f 6157 6170 5495
f 5495 5483 6157
f 6168 6172 5496
f 5496 5494 6168
f 5494 5495 6168
f 6168 5495 6170
f 6195 5491 5487
f 6194 5485 5489
f 6154 6194 5489
f 6160 6154 5489
f 5489 5491 6195
f 6160 5489 6195
f 6195 5487 5488
f 6186 5468 5473
f 6139 6186 5473
f 6139 5473 6187
f 6139 6187 6140
f 6104 5438 6102
f 5469 5417 6147
f 6147 5417 6091
f 6100 5428 5457
f 6100 5457 6184
f 6150 6100 6184
f 6150 6184 6114
f 6147 6142 5466
f 5466 5469 6147
f 5464 5466 6134
f 6134 5466 6142
f 6134 6120 5461
f 5461 5464 6134
f 6118 6179 5434
f 6120 6118 5434
f 6120 5434 5461
f 6103 6179 6118
f 5441 5438 6104
f 6196 5309 5310
f 5448 5445 6106
f 5445 5441 6104
f 6127 6135 5460
f 5460 5465 6186
f 6127 5460 6186
f 6131 5905 6083
f 5670 5312 5456
f 6083 5670 5456
f 6131 6083 5456
f 5456 5460 6131
f 6131 5460 6135
f 6127 6186 6130
f 6124 6183 6112
f 6117 5453 5450
f 6124 6117 5450
f 6124 5450 6183
f 6107 6105 5440
f 5440 5448 6107
f 6104 6106 5445
f 6106 6107 5448
f 6196 5308 5309
f 6196 5488 5308
f 5457 5454 6184
f 6114 6184 5454
f 5454 5452 6181
f 6098 5427 6178
f 6096 5853 5966
f 6096 5966 5569
f 6096 5569 5696
f 6089 6176 5426
f 5860 6089 5426
f 5860 5426 5424
f 5860 5424 5976
f 5424 5311 5698
f 5424 5698 5586
f 5976 5424 5586
f 5696 5191 5419
f 6098 6096 5427
f 6096 5696 5427
f 6099 6176 6089
f 6111 5454 6181
f 5452 5449 6181
f 6111 6181 6110
f 6181 5449 5442
f 6110 6181 5442
f 6108 6110 5442
f 6108 5442 5437
f 6099 6108 5437
f 6099 5437 6176
f 5437 5426 6176
f 6179 5432 5434
f 6178 5430 5432
f 6101 6178 5432
f 6103 6101 5432
f 6103 5432 6179
f 6178 5427 5430
f 6098 6178 6101
f 5696 5419 5427
f 6111 6114 5454
f 5835 5530 5526
f 5834 5835 5526
f 5834 5526 5924
f 5526 5522 5924
f 5834 5924 5833
f 5833 5924 5522
f 5832 5833 5522
f 5522 5520 5918
f 5832 5522 5918
f 5835 5929 5530
f 5534 5530 5929
f 5841 5543 5936
f 5841 5839 5543
f 6005 5996 5995
f 5995 5596 5597
f 6005 5995 5597
f 5877 5995 5996
f 5872 5877 5996
f 5872 5996 5989
f 5873 5989 5992
f 5875 5873 5992
f 5875 5992 5990
f 5990 5987 5875
f 5875 5987 5874
f 5872 5989 5873
f 5594 5985 5595
f 5595 5985 5988
f 5985 5594 5593
f 5593 5983 5985
f 5870 5987 5988
f 5989 5996 6008
f 5868 5870 5988
f 6008 5992 5989
f 6011 6008 5996
f 6015 6018 6020
f 6019 6018 6008
f 6008 6011 6019
f 6018 6015 5992
f 5992 6008 6018
f 6014 6015 6016
f 6016 6015 6017
f 5595 5988 6014
f 5600 5595 6014
f 6016 5600 6014
f 6015 6014 5990
f 5990 5992 6015
f 5987 5990 5988
f 5988 5990 6014
f 6005 5598 6011
f 6011 5598 5599
f 6005 5597 5598
f 5996 6005 6011
f 5868 5988 5985
f 5866 5985 5983
f 5853 5852 5966
f 5962 5554 5557
f 5851 5962 5852
f 5849 5947 5552
f 5851 5849 5552
f 5851 5552 5554
f 5851 5554 5962
f 5845 5947 5849
f 5847 5929 5835
f 5947 5549 5552
f 5843 5936 5548
f 5845 5843 5548
f 5845 5548 5549
f 5845 5549 5947
f 5936 5543 5548
f 5841 5936 5843
f 5839 5541 5543
f 5852 5565 5966
f 5866 5868 5985
f 5852 5557 5565
f 5966 5565 5569
f 5866 5983 5982
f 5593 5592 5983
f 5592 5590 5980
f 5983 5592 5980
f 5983 5980 5982
f 5590 5589 5980
f 5860 5976 5858
f 5858 5976 5586
f 5856 5858 5586
f 5856 5586 5582
f 5856 5582 5970
f 5582 5577 5970
f 5856 5970 5855
f 5855 5970 5577
f 5847 5855 5577
f 5847 5577 5534
f 5847 5534 5929
f 5852 5962 5557
f 6020 6017 6015
f 6018 6019 6022
f 6022 6020 6018
f 5601 5600 6016
f 6019 6031 6022
f 6022 6031 6032
f 6031 5605 5606
f 6031 6019 6011
f 6011 5599 5605
f 6031 6011 5605
f 5921 5519 5604
f 5604 6025 6028
f 5921 5604 6028
f 5604 5603 6025
f 6028 6025 6020
f 6020 6022 6028
f 5603 5602 6017
f 5603 6017 6020
f 6025 5603 6020
f 5601 6016 5602
f 5602 6016 6017
f 6031 5606 5607
f 5607 6032 6031
f 6033 6028 6022
f 6033 5608 5930
f 5930 5608 5532
f 5930 5921 6028
f 6028 6033 5930
f 5608 6033 6032
f 6032 5607 5608
f 6022 6032 6033
f 5917 6245 6243
f 6243 5916 5917
f 6242 5913 5915
f 6239 6242 5915
f 6243 6239 5915
f 5916 6243 5915
f 6207 6206 5863
f 6207 5863 5861
f 6207 5861 6204
f 5864 5863 6206
f 5861 5857 6204
f 2890 2892 2581
f 3224 3226 3531
f 3531 3226 3533
f 3226 3233 3535
f 3535 3533 3226
f 3535 3235 3536
f 3233 3235 3535
f 3594 3592 3279
f 3279 3280 3594
f 3278 3279 3591
f 3591 3279 3592
f 3591 3589 3277
f 3277 3278 3591
f 3276 3277 3588
f 3588 3277 3589
f 3588 3578 3268
f 3268 3276 3588
f 3214 3275 3699
f 3554 3214 3699
f 3275 3274 3699
f 3552 3693 3695
f 3556 3552 3695
f 3550 3693 3552
f 3693 3248 3250
f 3550 3544 3691
f 3691 3246 3248
f 3691 3248 3693
f 3550 3691 3693
f 3542 3691 3544
f 3691 3244 3246
f 3242 3244 3691
f 3539 3242 3691
f 3542 3539 3691
f 3539 3538 3240
f 3240 3242 3539
f 3235 3240 3536
f 3536 3240 3538
f 3693 3253 3695
f 3586 3554 3699
f 3693 3250 3253
f 3556 3695 3561
f 3586 3699 3584
f 3582 3584 3699
f 3699 3274 3272
f 3582 3699 3272
f 3272 3270 3582
f 3582 3270 3581
f 3266 3268 3576
f 3576 3268 3578
f 3576 3574 3265
f 3265 3266 3576
f 3263 3265 3571
f 3571 3265 3574
f 3571 3564 3257
f 3257 3263 3571
f 3564 3561 3695
f 3695 3255 3257
f 3564 3695 3257
f 3695 3253 3255
f 2858 2857 3504
f 2845 2856 3501
f 3501 2856 3503
f 2856 2694 3045
f 3503 2856 3045
f 3327 3503 3045
f 3501 3502 2847
f 3504 3505 2858
f 2847 2845 3501
f 3500 3524 2839
f 3499 3500 2839
f 2834 2832 3524
f 3180 3523 3498
f 3498 3523 3489
f 3461 3368 3430
f 3461 3430 3089
f 3524 2832 2839
f 3504 2847 3502
f 2857 2847 3504
f 3499 2858 3505
f 2819 2862 3458
f 3458 2862 3507
f 3508 3526 3510
f 3509 3524 3500
f 3509 3510 3526
f 3509 3526 2859
f 2859 2834 3524
f 3509 2859 3524
f 3506 2861 2860
f 3506 2860 3526
f 3508 3506 3526
f 3506 3507 2862
f 2862 2861 3506
f 2860 2859 3526
f 2839 2858 3499
f 3461 3089 3183
f 3461 3183 2689
f 2689 2680 3178
f 3461 2689 3178
f 3461 3178 3180
f 3498 3461 3180
f 3523 3180 3179
f 3521 3523 3179
f 3521 3179 3174
f 3521 3174 3172
f 3083 3426 3427
f 3172 3083 3427
f 3172 3427 3079
f 3521 3172 3079
f 3165 3521 3079
f 3363 3426 3366
f 3422 3072 3064
f 3072 3422 3421
f 3421 3071 3072
f 3415 3070 3421
f 3421 3070 3071
f 3415 3049 3070
f 3332 3331 3420
f 3332 3420 3059
f 3332 3059 3066
f 3420 3057 3059
f 3054 3056 3419
f 3330 3329 3052
f 3330 3052 3054
f 3330 3054 3419
f 3041 3052 3325
f 3325 3052 3329
f 3326 3328 3048
f 3424 3076 3077
f 3334 3333 3424
f 3333 3082 3076
f 3336 3409 3303
f 3334 3424 3335
f 3336 3335 3424
f 3336 3424 3077
f 3077 3007 3409
f 3336 3077 3409
f 3333 3076 3424
f 3048 3042 3326
f 3045 3048 3327
f 3327 3048 3328
f 3042 3041 3326
f 2663 2685 3044
f 3044 2685 3043
f 2685 2653 3046
f 3046 3043 2685
f 2653 2654 3047
f 3047 3046 2653
f 3178 3176 3179
f 3174 3179 3176
f 3176 3169 3174
f 3176 3178 2680
f 3176 2680 2679
f 3176 2679 3166
f 3169 3176 3166
f 3166 3159 3169
f 3172 3174 3169
f 3081 3172 3169
f 3080 3081 3169
f 3083 3172 3081
f 3169 3159 3080
f 3080 3159 3073
f 3162 3165 3078
f 3078 3165 3079
f 3056 3162 3078
f 3179 3180 3178
f 2678 3164 3161
f 3085 3181 3084
f 3084 3181 2660
f 3089 3088 3183
f 2686 2690 3184
f 3182 2686 3184
f 3086 3182 3184
f 3087 3086 3184
f 3184 2690 2691
f 3183 2688 2689
f 2678 2687 3164
f 3164 2687 2683
f 2683 3157 3164
f 3182 2684 2686
f 2682 2681 3181
f 3067 3157 2683
f 3067 2683 2682
f 3085 3067 2682
f 3085 2682 3181
f 3181 2681 2660
f 3061 3084 2660
f 2679 2678 3161
f 3069 3159 3166
f 2661 2658 3152
f 3055 3058 3153
f 3055 3153 2662
f 2662 2661 3152
f 3055 2662 3152
f 2660 2659 3153
f 3061 2660 3153
f 3060 3061 3153
f 3060 3153 3058
f 3051 3053 3152
f 3152 2658 2657
f 3051 3152 2657
f 3055 3152 3053
f 2657 2656 3051
f 3051 2656 3050
f 2654 2655 3047
f 3047 2655 3049
f 2659 2662 3153
f 3166 2679 3161
f 2656 2663 3044
f 3154 2665 2668
f 3075 3069 3166
f 3075 3166 3161
f 3161 3164 3157
f 3074 3161 3157
f 3068 3074 3157
f 3075 3161 3074
f 3073 3159 3069
f 3068 3157 3067
f 2677 2671 3155
f 3063 2677 3155
f 3065 3063 3155
f 3154 2668 2675
f 3064 3154 2675
f 3062 3064 2675
f 3063 3062 2675
f 2675 2677 3063
f 3155 2671 2672
f 3044 3050 2656
f 3088 2688 3183
f 3012 3146 2615
f 3012 2615 2608
f 3012 2608 3145
f 3009 3008 2607
f 2607 2613 3146
f 3009 2607 3146
f 3146 2613 2615
f 3012 3011 3146
f 3145 2608 2610
f 2606 2607 3008
f 2643 2641 3005
f 3005 2641 3004
f 3003 3001 3144
f 3144 2650 2651
f 3003 3144 2651
f 3144 2648 2650
f 3008 3007 2606
f 3009 3146 3011
f 3015 3014 2617
f 3014 3145 2617
f 3012 3145 3014
f 3016 3015 2617
f 2617 2621 3147
f 3016 2617 3147
f 3147 2621 2625
f 3145 2610 2617
f 3000 3144 3001
f 2998 2618 2648
f 2998 2648 3144
f 3000 2998 3144
f 2627 2624 2997
f 2997 2624 2996
f 2994 2995 2632
f 2632 2631 2994
f 3088 3184 2688
f 3087 3184 3088
f 3184 2691 2688
f 3093 3182 3086
f 3065 3155 3090
f 3091 3185 3092
f 3093 3092 3185
f 3185 2693 2684
f 3185 2684 3182
f 3093 3185 3182
f 3091 3090 3155
f 3155 2672 2692
f 3155 2692 3185
f 3091 3155 3185
f 3185 2692 2693
f 2941 2938 3128
f 2941 3128 3132
f 3128 3127 3131
f 3131 3127 3130
f 3127 3126 3130
f 3130 3126 3129
f 3127 3128 3125
f 2938 3125 3128
f 3125 3124 3127
f 3124 3122 3126
f 2935 3125 2938
f 2935 2933 3121
f 3121 3124 3125
f 2935 3121 3125
f 3122 3124 3121
f 3121 3118 3122
f 3126 3127 3124
f 2941 3132 2944
f 3132 3128 3131
f 3131 3133 3132
f 3139 3138 2968
f 2968 3138 2966
f 2601 3137 3136
f 2602 2601 3136
f 3138 2602 3136
f 2966 3138 3136
f 2964 2966 3136
f 2964 3136 3135
f 2958 3137 2962
f 3136 3137 2955
f 2955 3137 2958
f 2953 3134 3135
f 2955 2953 3135
f 2955 3135 3136
f 2950 3134 2953
f 3132 3133 2944
f 2944 3133 2947
f 3110 3121 2920
f 2920 3121 2933
f 3118 3121 3110
f 3110 3105 3118
f 2597 2596 3100
f 2894 2910 3100
f 3100 2596 2595
f 3100 2595 3095
f 2894 3100 3095
f 2595 2581 3095
f 2907 3098 2908
f 2903 3096 2591
f 2903 2591 2592
f 2907 2903 2592
f 2907 2592 3098
f 2899 3096 2903
f 3096 2589 2591
f 2899 2897 2547
f 2547 2589 3096
f 2899 2547 3096
f 2894 3095 2892
f 3098 2592 2598
f 2525 3138 3139
f 2911 2908 3103
f 3098 2598 3103
f 2927 3117 3115
f 2924 2927 3115
f 2924 3115 3113
f 2924 3113 2921
f 2702 2597 3100
f 3115 2702 3100
f 3113 3115 3100
f 3113 3100 2921
f 2921 3100 2910
f 2918 3110 2920
f 2912 3103 3105
f 2918 2912 3105
f 2918 3105 3110
f 2911 3103 2912
f 2600 3105 3103
f 3103 2599 2600
f 2598 2599 3103
f 2908 3098 3103
f 2602 3138 2525
f 2970 2962 3140
f 2962 2601 3140
f 2949 3104 2993
f 2992 2993 3104
f 2992 3104 2549
f 2992 2549 2556
f 2992 2556 2555
f 2991 2555 3143
f 2981 2982 2528
f 2528 2526 2981
f 2980 2981 2526
f 2526 2525 3139
f 2980 2526 3139
f 2980 3139 2968
f 2521 2522 2974
f 2974 2522 2978
f 2974 2971 2519
f 2519 2521 2974
f 2605 2604 3140
f 3140 2603 2605
f 2971 2970 3140
f 3140 2604 2519
f 2971 3140 2519
f 2962 3137 2601
f 2601 2603 3140
f 2534 2531 2983
f 2991 2992 2555
f 2983 2984 2534
f 2543 2534 2985
f 2991 3143 2990
f 2553 3142 2555
f 2555 3142 3143
f 2990 3143 3142
f 2990 3142 3141
f 2989 2990 3141
f 2989 3141 2988
f 2553 2551 3142
f 2551 2550 3142
f 3142 2550 3141
f 2987 2988 3141
f 2987 3141 2550
f 2987 2550 2548
f 2548 2545 2987
f 2987 2545 2986
f 2985 2986 2545
f 2545 2543 2985
f 2985 2534 2984
f 3326 3041 3325
f 3936 3933 4295
f 4295 3933 4301
f 4097 4144 4238
f 4238 4144 4256
f 4144 3791 3936
f 4256 4144 3936
f 4295 4256 3936
f 3907 4365 4125
f 3907 4125 4128
f 3909 3907 4128
f 4130 3909 4128
f 3907 3743 4365
f 4118 4121 4123
f 4365 4118 4123
f 4125 4365 4123
f 4365 3743 3742
f 3742 3727 4118
f 4365 3742 4118
f 4121 3731 3739
f 4116 3725 3728
f 4118 4116 3728
f 4118 3728 3729
f 4121 4118 3729
f 4121 3729 3731
f 3911 3909 4130
f 4011 4012 4257
f 4152 4011 4257
f 4153 4152 4257
f 4152 4151 4010
f 4010 4011 4152
f 4257 4012 4013
f 4153 4257 4154
f 4156 4013 4258
f 4013 4017 4258
f 4260 4041 4265
f 4171 4260 4265
f 4173 4171 4265
f 4260 4035 4040
f 4167 4260 4171
f 4167 4162 4030
f 4030 4035 4260
f 4167 4030 4260
f 4024 4030 4159
f 4159 4030 4162
f 4159 4157 4258
f 4258 4019 4024
f 4159 4258 4024
f 4258 4017 4019
f 4156 4258 4157
f 4156 4154 4257
f 4156 4257 4013
f 4260 4040 4041
f 4265 4041 4043
f 4173 4265 4176
f 4181 4176 4045
f 4189 4055 4054
f 4054 4053 4189
f 4189 4053 4188
f 4187 4188 4053
f 4053 4052 4187
f 4187 4052 4036
f 4187 4036 4268
f 4186 4187 4268
f 4186 4268 4172
f 4185 4183 4050
f 4050 4051 4185
f 4049 4050 4182
f 4182 4050 4183
f 4182 4181 4045
f 4045 4049 4182
f 4265 4043 4045
f 4176 4265 4045
f 4189 4269 4055
f 4189 4194 4269
f 4195 4269 4194
f 4271 4059 4060
f 4198 4271 4060
f 4198 4060 4272
f 4199 4198 4272
f 4197 4271 4198
f 4271 4058 4059
f 4197 4196 4057
f 4057 4058 4271
f 4197 4057 4271
f 4051 4057 4185
f 4185 4057 4196
f 4166 4018 4056
f 4166 4056 4269
f 4195 4166 4269
f 4056 4055 4269
f 4216 4217 4463
f 4442 4462 4213
f 4213 4215 4442
f 4509 4214 4212
f 4509 4212 4213
f 4461 4509 4213
f 4462 4461 4213
f 4506 4207 4210
f 4460 4458 4227
f 4227 4214 4509
f 4460 4227 4509
f 4460 4509 4461
f 4458 4455 4506
f 4458 4506 4210
f 4458 4210 4227
f 4215 4216 4442
f 4442 4216 4449
f 4463 4449 4216
f 4465 4219 4466
f 4218 4219 4465
f 4217 4218 4465
f 4467 4466 4219
f 4219 4220 4467
f 4446 4468 4221
f 4221 4222 4446
f 4220 4221 4467
f 4467 4221 4468
f 4465 4463 4217
f 3985 4000 3486
f 3984 3985 3486
f 3486 3484 3984
f 3484 3482 3984
f 3984 3482 3982
f 3981 3982 3482
f 3482 3481 3981
f 4000 3488 3486
f 3481 3479 3981
f 3479 3470 4001
f 3980 3479 4001
f 3957 3980 4001
f 3999 3477 3432
f 3475 3477 3999
f 3973 3475 3999
f 3908 3973 3999
f 3981 3479 3980
f 3985 3917 4000
f 3441 3488 4000
f 3474 3475 3971
f 3971 3475 3973
f 3971 3969 3472
f 3472 3474 3971
f 3939 3942 3256
f 3939 3256 3254
f 3939 3254 3252
f 3252 3440 3939
f 3939 3440 3920
f 3934 3931 3251
f 3251 3443 3934
f 3928 3247 3249
f 3931 3928 3249
f 3931 3249 3251
f 3245 3247 3924
f 3924 3247 3928
f 3922 3236 3241
f 3922 3241 3243
f 3924 3922 3243
f 3924 3243 3245
f 3922 3914 3232
f 3446 3256 3942
f 3942 3944 3446
f 3448 3446 3946
f 3468 3472 3968
f 3968 3472 3969
f 3470 3451 4001
f 3968 3966 3465
f 3465 3468 3968
f 3453 3465 3965
f 3965 3465 3966
f 3965 3961 3452
f 3452 3453 3965
f 3443 3452 3934
f 3934 3452 3961
f 3957 4001 3952
f 3948 3952 4001
f 4001 3451 3449
f 3948 4001 3449
f 3946 3948 3449
f 3449 3448 3946
f 3946 3446 3944
f 3232 3236 3922
f 3918 3920 3440
f 3440 3439 3918
f 3439 3437 3918
f 3608 3607 3881
f 3807 3621 3809
f 3810 3809 3621
f 3621 3623 3810
f 3882 3620 3618
f 3807 3805 3616
f 3616 3617 3807
f 3805 3804 3615
f 3615 3616 3805
f 3613 3611 3801
f 3801 3611 3799
f 3797 3881 3794
f 3796 3610 3608
f 3796 3608 3881
f 3797 3796 3881
f 3881 3607 3609
f 3794 3881 3609
f 3791 3794 3609
f 3617 3621 3807
f 3798 3810 3882
f 3810 3623 3882
f 3623 3620 3882
f 3918 3437 3916
f 3437 3433 3916
f 3916 3433 3911
f 3914 3766 3593
f 3702 3231 3232
f 3593 3702 3232
f 3914 3593 3232
f 3909 3911 3433
f 3433 3431 3909
f 4106 3842 4107
f 4104 4150 4105
f 4102 4149 4103
f 4102 4101 4148
f 4148 4149 4102
f 4101 4100 3854
f 3854 3853 4148
f 4101 3854 4148
f 3840 4147 4146
f 4146 3839 3840
f 4145 3836 4146
f 4146 3836 3839
f 4145 3834 3836
f 3835 3834 4145
f 3841 3842 4106
f 4108 3848 4109
f 4110 3850 4111
f 4113 4140 4064
f 3850 3804 4140
f 4111 3850 4140
f 4113 4111 4140
f 4112 4107 3842
f 3842 3852 4112
f 4108 4112 3852
f 3852 3847 4108
f 4110 4109 3848
f 3848 3849 4110
f 3849 3850 4110
f 3847 3848 4108
f 1686 1684 2018
f 2025 2027 1688
f 1688 1687 2025
f 1689 1688 2028
f 2028 1688 2027
f 1687 1686 2025
f 2025 1686 2023
f 2018 2023 1686
f 1993 2140 1665
f 1994 1993 1665
f 1994 1665 1666
f 1994 1666 2143
f 2143 1666 1667
f 2140 1663 1665
f 2012 2139 2014
f 2032 2137 2005
f 2003 2137 2032
f 2015 2016 1683
f 1683 1680 2015
f 1684 1683 2018
f 2018 1683 2016
f 2013 2015 1680
f 1680 1675 2013
f 1997 2143 1669
f 2143 1667 1669
f 2021 2159 1681
f 2022 2021 1681
f 2022 1681 2161
f 2161 1681 1682
f 2155 2159 2011
f 2011 2159 2019
f 2002 2154 2006
f 2154 1677 1676
f 2006 2154 1676
f 2006 1676 2155
f 2011 2006 2155
f 2155 1678 2159
f 2159 1678 1679
f 2155 1676 1678
f 1994 2143 1997
f 2159 1679 1681
f 2162 1682 1685
f 2022 2162 2026
f 2031 2140 1993
f 2026 2162 2029
f 2031 2029 2162
f 2031 2162 1685
f 2031 1685 1663
f 2031 1663 2140
f 2019 2159 2021
f 2161 2162 2022
f 2161 1682 2162
f 1965 2119 1962
f 1960 1962 2119
f 1960 2119 2116
f 1960 2116 2111
f 1960 2111 1959
f 2111 2116 1591
f 1591 1590 2108
f 2111 1591 2108
f 2111 2108 1959
f 1959 2108 1955
f 2108 1590 1588
f 1588 2103 2108
f 1955 2108 2103
f 1950 1955 2103
f 1950 2103 2101
f 1576 2088 1588
f 1588 2088 2103
f 1596 1591 2116
f 1599 2116 2119
f 1965 1605 2119
f 1605 1599 2119
f 1596 2116 1599
f 2088 2083 2103
f 2103 2083 2101
f 1950 2101 1947
f 2101 2083 1947
f 1947 2083 1923
f 2278 2425 2280
f 2240 2179 2058
f 2242 2271 2210
f 2218 2268 2223
f 2273 2179 2225
f 2225 2179 2240
f 2178 2179 2273
f 2260 2267 1500
f 1500 1492 2260
f 1876 1880 2260
f 2260 1863 1864
f 1876 2260 1864
f 1876 1864 1866
f 1863 2260 1492
f 1492 1490 2259
f 1863 1492 2259
f 2030 2160 2164
f 2200 2030 2164
f 1664 1863 2259
f 2164 1664 2259
f 2200 2164 2259
f 2259 1490 1487
f 1487 2256 2259
f 2259 2256 2200
f 2268 1500 2267
f 1506 1500 2268
f 2213 2210 2269
f 2273 1880 1881
f 2178 2273 1881
f 2178 1881 1671
f 2178 1671 2142
f 2268 2267 2273
f 2223 2268 2273
f 2225 2223 2273
f 2267 2260 2273
f 2273 2260 1880
f 2213 2269 2216
f 1510 1506 2268
f 2269 1510 2268
f 2216 2269 2268
f 2218 2216 2268
f 2210 2271 1513
f 2210 1513 1508
f 2210 1508 2269
f 2269 1508 1510
f 2200 2256 2197
f 1507 1504 730
f 1496 1498 839
f 839 838 1496
f 840 839 1501
f 1501 839 1498
f 838 762 994
f 1496 838 994
f 1504 729 730
f 1263 1496 994
f 1504 726 729
f 1504 997 726
f 997 724 726
f 1515 1491 1550
f 1550 1551 844
f 1550 844 842
f 1550 842 1548
f 1550 1548 1515
f 1515 1548 1514
f 841 843 1545
f 1509 1545 843
f 1509 843 840
f 1501 1509 840
f 1548 842 841
f 1512 1548 841
f 1511 1512 841
f 1511 841 1545
f 1514 1548 1512
f 1511 1545 1509
f 1504 1267 997
f 1491 1543 1550
f 1491 1538 1543
f 1551 1550 1543
f 1543 1546 1551
f 1523 1464 1264
f 1279 1557 1524
f 993 1097 1257
f 1257 1097 1276
f 1277 1276 1097
f 1277 1097 1096
f 1278 1277 1096
f 1096 1095 1557
f 1278 1557 1279
f 730 847 1554
f 1519 730 1554
f 1554 848 849
f 1517 1554 849
f 1517 849 1555
f 1518 1517 1555
f 1555 849 850
f 1554 847 848
f 1553 1552 1549
f 1516 1553 1549
f 1513 1516 1549
f 1552 1551 1549
f 1549 1551 1546
f 846 845 1553
f 1553 845 1552
f 845 844 1552
f 1552 844 1551
f 1519 1507 730
f 1278 1096 1557
f 1519 1554 1517
f 1520 1555 1553
f 1557 1556 1524
f 1524 1556 1522
f 1523 1522 1556
f 1556 1454 1461
f 1523 1556 1461
f 1523 1461 1464
f 1557 1095 1094
f 1556 1557 1094
f 1556 1094 1093
f 1275 1243 1453
f 1453 1454 1556
f 1275 1453 1556
f 1275 1556 1093
f 1521 1553 1516
f 1518 1555 1520
f 850 846 1553
f 1555 850 1553
f 1521 1520 1553
f 1670 1870 1672
f 1862 1870 1868
f 1868 1224 1222
f 1862 1868 1222
f 1845 1843 1868
f 1668 1845 1868
f 1670 1668 1868
f 1843 1218 1868
f 1868 1218 1224
f 1862 1222 1223
f 1649 1853 1653
f 1657 1859 1660
f 1660 1859 1838
f 1660 1838 1845
f 1662 1660 1845
f 1653 1853 1851
f 1657 1653 1851
f 1868 1870 1670
f 1871 1225 1226
f 1872 1223 1225
f 1662 1845 1668
f 1872 1877 1674
f 1674 1877 1677
f 1672 1870 1673
f 1673 1870 1862
f 1674 1673 1862
f 1674 1862 1872
f 1872 1871 1877
f 1877 1871 1875
f 1871 1226 1875
f 1875 1226 1209
f 1872 1862 1223
f 1871 1872 1225
f 1657 1851 1859
f 1838 1859 1851
f 1838 1221 1215
f 1829 1197 1214
f 1214 1835 1829
f 1214 1198 1835
f 1843 1217 1218
f 1646 1855 1647
f 1647 1855 1849
f 1649 1647 1849
f 1649 1849 1853
f 1854 1855 1644
f 1644 1855 1646
f 1854 1847 1855
f 1855 1847 1849
f 1851 1853 1849
f 1849 1219 1220
f 1851 1849 1220
f 1851 1220 1221
f 1847 1211 1849
f 1849 1211 1219
f 1838 1216 1217
f 1845 1838 1217
f 1843 1845 1217
f 1838 1215 1216
f 1838 1851 1221
f 1741 1105 1111
f 1592 1747 1594
f 1737 1741 1747
f 1585 1737 1747
f 1592 1585 1747
f 1582 1737 1585
f 1105 1741 1737
f 1747 1111 1116
f 1105 1737 1734
f 1734 1176 1177
f 1579 1733 1734
f 1582 1579 1734
f 1582 1734 1737
f 1734 1733 1731
f 1176 1734 1731
f 1176 1731 1175
f 1105 1734 1177
f 1741 1111 1747
f 1597 1594 1750
f 1594 1747 1750
f 1610 1606 1762
f 1142 1761 1758
f 1142 1758 1750
f 1142 1750 1119
f 1602 1758 1606
f 1750 1758 1597
f 1597 1758 1602
f 1140 1139 1752
f 1139 1130 1726
f 1752 1139 1726
f 1727 1752 1726
f 1126 1725 1130
f 1130 1725 1726
f 1126 1124 1725
f 1750 1118 1119
f 1747 1116 1118
f 1747 1118 1750
f 1729 1173 1731
f 1731 1173 1175
f 1729 1145 1173
f 1570 1576 1727
f 1606 1761 1762
f 1727 1726 1570
f 1568 1570 1726
f 1726 1725 1724
f 1568 1726 1724
f 1568 1724 1565
f 1606 1758 1761
f 2915 2913 2517
f 2517 2518 2915
f 2516 2517 2896
f 2896 2517 2913
f 2904 2909 2515
f 2515 2514 2904
f 2904 2514 2513
f 2904 2513 3101
f 2902 2904 3101
f 2513 2512 3101
f 2902 3101 2530
f 2900 2902 2530
f 2900 2530 2524
f 2512 2530 3101
f 2896 2900 2524
f 2524 2516 2896
f 2518 2520 2917
f 2917 2915 2518
f 2520 2523 2917
f 2946 2552 2532
f 2946 2532 3107
f 2946 3107 2928
f 2546 2547 2932
f 2932 2547 2897
f 2932 2931 2544
f 2544 2546 2932
f 2535 2544 2929
f 2929 2544 2931
f 2929 2925 2527
f 2527 2535 2929
f 2532 2529 3107
f 3107 2529 2515
f 2928 3107 2515
f 2909 2928 2515
f 2523 2527 2922
f 2922 2527 2925
f 2917 2523 2922
f 2946 2948 2552
f 2948 3111 2552
f 2957 3111 2948
f 2566 2552 3111
f 2571 2567 3094
f 2889 3094 2567
f 2957 2889 2567
f 2957 2567 2566
f 2957 2566 3111
f 3417 3053 3051
f 3417 3051 3416
f 3338 3417 3416
f 3337 3338 3416
f 3055 3053 3417
f 3051 3050 3416
f 3047 3049 3414
f 3340 3058 3339
f 3414 3049 3415
f 3046 3047 3414
f 3413 3412 3043
f 3043 3046 3413
f 3044 3043 3412
f 3414 3413 3046
f 3060 3058 3340
f 3342 3418 3341
f 3340 3418 3060
f 3348 3347 3415
f 3348 3415 3421
f 3347 3346 3413
f 3413 3414 3347
f 3337 3416 3345
f 3346 3344 3412
f 3412 3413 3346
f 3345 3416 3050
f 3344 3345 3050
f 3050 3044 3412
f 3344 3050 3412
f 3343 3417 3338
f 3339 3058 3055
f 3339 3055 3417
f 3343 3339 3417
f 3340 3341 3418
f 3418 3061 3060
f 3347 3414 3415
f 3421 3422 3349
f 3349 3348 3421
f 3350 3063 3351
f 3373 3372 3429
f 3065 3090 3352
f 3352 3090 3369
f 3091 3092 3370
f 3370 3092 3371
f 3372 3371 3092
f 3092 3093 3372
f 3370 3369 3090
f 3090 3091 3370
f 3368 3367 3429
f 3368 3429 3087
f 3368 3087 3088
f 3368 3088 3430
f 3430 3088 3089
f 3429 3086 3087
f 3067 3085 3423
f 3084 3061 3418
f 3372 3086 3429
f 3342 3353 3423
f 3372 3093 3086
f 3373 3429 3367
f 3085 3084 3418
f 3342 3423 3418
f 3069 3075 3359
f 3355 3358 3074
f 3074 3068 3355
f 3075 3074 3359
f 3359 3074 3358
f 3073 3069 3357
f 3357 3069 3356
f 3068 3067 3423
f 3355 3068 3423
f 3354 3355 3423
f 3354 3423 3353
f 3352 3351 3063
f 3063 3065 3352
f 3350 3349 3422
f 3422 3064 3062
f 3350 3422 3062
f 3062 3063 3350
f 3359 3356 3069
f 3423 3085 3418
f 3330 3419 3360
f 3363 3425 3426
f 3081 3080 3428
f 3366 3426 3083
f 3365 3366 3083
f 3365 3083 3081
f 3365 3081 3428
f 3364 3428 3080
f 3357 3364 3080
f 3357 3080 3073
f 3365 3428 3364
f 3079 3427 3425
f 3425 3078 3079
f 3056 3078 3425
f 3419 3056 3425
f 3360 3419 3425
f 3362 3360 3425
f 3363 3361 3425
f 3425 3427 3426
f 3362 3425 3361
f 3287 3408 3290
f 3291 3290 3408
f 3291 3408 3017
f 3291 3017 3019
f 3285 3016 3013
f 3285 3013 3408
f 3287 3285 3408
f 3408 3013 3017
f 3284 3283 3002
f 3002 3006 3407
f 3284 3002 3407
f 3407 3006 3010
f 3283 3282 2999
f 2999 3002 3283
f 3291 2999 3282
f 3019 2999 3291
f 3293 3292 3028
f 3410 3024 3027
f 3295 3410 3298
f 3029 3030 3301
f 3301 3030 3302
f 3301 3298 3410
f 3410 3027 3029
f 3301 3410 3029
f 3028 3024 3410
f 3293 3028 3410
f 3295 3293 3410
f 3284 3407 3292
f 3292 3407 3010
f 3292 3010 3028
f 3263 2940 3265
f 3263 3257 2936
f 2936 2937 3263
f 2934 2936 3255
f 3255 2936 3257
f 3255 3253 2930
f 2930 2934 3255
f 2937 2940 3263
f 2926 2930 3250
f 3250 3248 2923
f 2923 2926 3250
f 3381 2919 2923
f 3246 3381 2923
f 3248 3246 2923
f 3381 2916 2919
f 3244 3381 3246
f 3250 2930 3253
f 2940 2943 3266
f 3266 3265 2940
f 3266 2945 3268
f 3278 3277 2969
f 2969 2975 3278
f 2961 2969 3276
f 3276 2969 3277
f 3276 3268 2945
f 2945 2961 3276
f 2939 2959 3391
f 3214 2939 3391
f 3275 3214 3391
f 3275 3391 3274
f 2959 2954 3391
f 3272 3274 3391
f 3272 3391 2954
f 3272 2954 2951
f 3270 3272 2951
f 2951 2949 3270
f 2943 2945 3266
f 2914 2916 3381
f 3242 2914 3381
f 3244 3242 3381
f 2906 2914 3240
f 3278 2977 3279
f 3240 2914 3242
f 3240 3235 2905
f 2905 2906 3240
f 3235 3233 2901
f 2901 2905 3235
f 3233 3226 3380
f 3380 2898 2901
f 3233 3380 2901
f 3380 2895 2898
f 3224 3380 3226
f 2893 2895 3380
f 3211 2893 3380
f 3224 3211 3380
f 2891 2893 3204
f 3204 2893 3211
f 2975 2977 3278
f 2977 2979 3280
f 3280 3279 2977
f 2796 2795 2416
f 2416 2417 2796
f 2698 2697 2794
f 2794 2795 2698
f 2793 2794 2696
f 2696 2794 2697
f 2415 2416 2794
f 2796 2418 2797
f 2794 2416 2795
f 2411 2415 2794
f 2695 2414 2412
f 2695 2412 2793
f 2696 2695 2793
f 2695 2694 2413
f 2413 2414 2695
f 2412 2411 2793
f 2794 2793 2411
f 2417 2418 2796
f 2699 2796 2798
f 2699 2698 2796
f 2797 2424 2419
f 2797 2418 2424
f 2799 2421 2422
f 2701 2700 2799
f 2701 2799 2422
f 2701 2422 2423
f 2421 2799 2798
f 2798 2420 2421
f 2798 2799 2699
f 2699 2799 2700
f 2420 2798 2796
f 2796 2797 2419
f 2420 2796 2419
f 2698 2795 2796
f 2693 2788 2684
f 2672 2782 2692
f 2692 2782 2773
f 2693 2692 2773
f 2773 2771 2788
f 2788 2771 2787
f 2784 2787 2771
f 2771 2767 2784
f 2682 2785 2786
f 2682 2786 2784
f 2681 2682 2784
f 2683 2785 2682
f 2784 2767 2681
f 2681 2767 2660
f 2680 2783 2679
f 2679 2783 2678
f 2677 2781 2671
f 2668 2779 2675
f 2677 2675 2779
f 2779 2778 2781
f 2677 2779 2781
f 2789 2784 2786
f 2787 2784 2789
f 2686 2684 2787
f 2693 2773 2788
f 2691 2791 2688
f 2686 2789 2690
f 2690 2789 2786
f 2691 2690 2786
f 2691 2786 2791
f 2688 2791 2790
f 2689 2688 2790
f 2689 2790 2792
f 2678 2783 2792
f 2687 2678 2792
f 2687 2792 2790
f 2790 2791 2786
f 2786 2785 2790
f 2790 2785 2687
f 2687 2785 2683
f 2684 2788 2787
f 2686 2787 2789
f 2671 2781 2780
f 2821 2823 2204
f 2204 2202 2821
f 2197 2204 2825
f 2825 2204 2823
f 2202 2198 2821
f 2821 2198 2819
f 2672 2671 2780
f 2780 2769 2782
f 2758 2374 2379
f 2633 2759 2399
f 2611 2633 2399
f 2611 2399 2372
f 2759 2378 2399
f 2776 2407 2775
f 2656 2765 2776
f 2656 2776 2775
f 2663 2656 2775
f 2771 2773 2769
f 2769 2768 2771
f 2659 2767 2771
f 2662 2659 2771
f 2662 2771 2768
f 2661 2768 2769
f 2661 2769 2766
f 2658 2661 2766
f 2662 2768 2661
f 2660 2767 2659
f 2766 2765 2658
f 2658 2765 2657
f 2657 2765 2656
f 2407 2406 2775
f 2654 2400 2405
f 2406 2763 2775
f 2766 2777 2776
f 2782 2769 2773
f 2778 2777 2781
f 2781 2777 2780
f 2769 2780 2777
f 2777 2766 2769
f 2668 2665 2770
f 2409 2410 2779
f 2770 2409 2779
f 2668 2770 2779
f 2410 2408 2779
f 2779 2408 2778
f 2409 2770 2764
f 2764 2405 2409
f 2406 2404 2763
f 2777 2778 2408
f 2777 2408 2407
f 2777 2407 2776
f 2776 2765 2766
f 2672 2780 2782
f 2655 2654 2405
f 2653 2763 2404
f 2655 2405 2764
f 2654 2653 2404
f 2654 2404 2400
f 2617 2757 2621
f 2621 2757 2363
f 2621 2363 2364
f 2625 2621 2364
f 2617 2610 2361
f 2617 2361 2362
f 2617 2362 2757
f 2757 2362 2363
f 2615 2753 2608
f 2607 2752 2613
f 2613 2752 2357
f 2615 2613 2357
f 2615 2357 2358
f 2615 2358 2753
f 2753 2359 2361
f 2608 2753 2361
f 2753 2358 2359
f 2610 2608 2361
f 2607 2606 2751
f 2607 2751 2355
f 2607 2355 2356
f 2607 2356 2752
f 2752 2356 2357
f 2751 2354 2355
f 421 412 348
f 348 355 477
f 421 348 477
f 354 353 476
f 476 353 472
f 419 472 353
f 417 419 353
f 421 477 423
f 417 353 352
f 414 350 471
f 413 414 471
f 405 413 471
f 471 467 405
f 350 349 471
f 471 349 342
f 342 467 471
f 414 351 350
f 477 355 356
f 424 356 357
f 424 423 356
f 429 480 483
f 482 483 480
f 480 476 482
f 479 481 426
f 426 481 427
f 425 479 426
f 480 481 479
f 479 478 480
f 480 478 359
f 480 359 354
f 476 480 354
f 425 424 357
f 358 478 479
f 357 358 479
f 425 357 479
f 478 358 359
f 423 477 356
f 412 410 347
f 347 348 412
f 470 346 347
f 408 470 347
f 429 481 480
f 341 340 466
f 410 408 347
f 408 406 469
f 469 470 408
f 470 345 346
f 470 469 344
f 344 345 470
f 468 469 404
f 404 469 406
f 405 467 466
f 404 405 466
f 404 466 468
f 469 468 343
f 343 344 469
f 340 343 466
f 466 343 468
f 341 466 342
f 342 466 467
f 429 428 481
f 431 482 430
f 483 482 431
f 427 481 428
f 429 483 431
f 124 122 143
f 143 142 124
f 142 141 124
f 124 141 121
f 121 141 114
f 53 77 52
f 54 52 2
f 52 77 2
f 77 3 2
f 2 5 55
f 20 18 69
f 82 14 81
f 10 3 77
f 80 81 14
f 14 12 79
f 80 14 79
f 80 79 60
f 60 79 59
f 53 58 79
f 79 12 10
f 53 79 10
f 53 10 77
f 59 79 58
f 56 78 57
f 5 8 78
f 55 5 78
f 56 55 78
f 55 54 2
f 17 14 82
f 62 18 82
f 62 61 18
f 69 18 61
f 57 78 68
f 78 8 20
f 68 78 20
f 69 68 20
f 67 84 65
f 62 82 66
f 66 82 81
f 67 66 81
f 67 81 84
f 84 83 65
f 65 83 64
f 64 83 63
f 83 84 81
f 81 80 83
f 60 63 83
f 83 80 60
f 18 17 82
f 154 161 224
f 222 223 260
f 222 260 160
f 222 160 159
f 159 158 222
f 222 158 221
f 220 221 158
f 158 157 220
f 157 156 220
f 220 156 219
f 217 258 215
f 218 219 156
f 156 155 218
f 217 218 155
f 155 151 258
f 217 155 258
f 214 259 153
f 224 216 154
f 214 153 154
f 224 162 225
f 162 163 226
f 231 260 223
f 230 229 261
f 261 263 230
f 228 165 166
f 228 166 261
f 229 228 261
f 263 261 167
f 263 167 168
f 262 263 168
f 168 160 262
f 262 160 260
f 261 166 167
f 164 165 227
f 227 165 228
f 227 226 163
f 163 164 227
f 226 225 162
f 161 162 224
f 216 214 154
f 214 215 257
f 215 258 257
f 214 257 259
f 259 152 153
f 259 257 149
f 149 152 259
f 258 151 150
f 150 256 257
f 258 150 257
f 150 148 256
f 147 149 256
f 256 149 257
f 148 147 256
f 231 232 260
f 232 262 260
f 232 264 262
f 263 262 264
f 235 265 234
f 235 230 263
f 263 265 235
f 265 264 234
f 234 264 233
f 233 264 232
f 264 265 263
f 709 794 710
f 710 794 793
f 711 793 795
f 711 710 793
f 793 790 795
f 722 721 563
f 563 568 722
f 568 571 724
f 724 722 568
f 729 726 574
f 729 575 580
f 729 580 799
f 730 729 799
f 799 580 583
f 574 575 729
f 1311 1310 1318
f 1318 1310 1314
f 1118 1302 1308
f 1119 1118 1308
f 1119 1308 1309
f 1299 1308 1302
f 1302 1292 1299
f 1330 1311 1318
f 1116 1302 1118
f 1111 1302 1116
f 1296 1299 1292
f 1292 1289 1296
f 1295 1296 1289
f 1289 1287 1295
f 1105 1286 1289
f 1105 1289 1292
f 1292 1302 1111
f 1328 1311 1330
f 1124 1126 1314
f 1126 1336 1314
f 1139 1140 1345
f 1139 1345 1344
f 1139 1344 1130
f 1338 1336 1345
f 1345 1336 1344
f 1344 1336 1130
f 1130 1336 1126
f 872 1330 876
f 876 1330 1338
f 874 1295 1342
f 1342 871 874
f 871 1342 1328
f 872 871 1328
f 1330 872 1328
f 1330 1318 1338
f 1338 1318 1336
f 1336 1318 1314
f 1111 1105 1292
f 1287 1289 1286
f 1286 1285 1287
f 1140 1350 1345
f 878 1338 1345
f 876 1338 878
f 1350 1351 1345
f 1159 1367 1364
f 1159 1364 1363
f 1364 1366 915
f 1364 915 883
f 1364 883 1351
f 1363 1364 1351
f 1351 1350 1363
f 1159 1363 1157
f 1140 1157 1363
f 1363 1350 1140
f 1159 1164 1367
f 1366 1364 1367
f 1369 1367 1164
f 917 1366 923
f 923 1366 1368
f 917 915 1366
f 1106 1369 1167
f 1368 1367 1369
f 1164 1167 1369
f 1367 1368 1366
f 1309 1352 1353
f 1142 1309 1353
f 1119 1309 1142
f 1352 891 892
f 891 1352 1309
f 1309 1308 889
f 891 1309 889
f 1299 887 1308
f 1308 887 889
f 1296 885 1299
f 1299 885 887
f 1295 874 1296
f 1296 874 885
f 883 880 1351
f 880 878 1345
f 1351 880 1345
f 1352 892 1353
f 1353 892 899
f 949 948 1078
f 1076 1074 1078
f 1078 1074 1075
f 1067 1066 1077
f 1077 1066 1076
f 1074 1076 1066
f 1066 709 710
f 1074 1066 710
f 1075 1074 711
f 1074 710 711
f 948 1076 1078
f 948 1077 1076
f 951 1073 1067
f 952 951 1067
f 952 1067 1077
f 950 949 1078
f 1078 1080 950
f 1079 1080 1078
f 1078 1075 1079
f 946 1073 951
f 952 1077 948
f 1048 1049 939
f 939 1049 940
f 1047 1048 933
f 933 1048 939
f 1048 1047 1050
f 1049 1048 1050
f 940 1052 942
f 1054 704 1055
f 1055 704 705
f 1051 703 1054
f 1054 703 704
f 1053 1052 1055
f 1055 1052 1054
f 1052 1049 1054
f 1054 1049 1051
f 930 942 1052
f 1052 1053 930
f 1049 1052 940
f 1050 1051 1049
f 419 430 482
f 482 476 472
f 419 482 472
f 414 417 352
f 298 295 387
f 390 298 387
f 390 387 351
f 352 390 351
f 414 352 351
f 6330 6089 6328
f 6328 6096 6098
f 6328 6233 6231
f 6231 6228 5853
f 6231 5853 6096
f 6328 6231 6096
f 5860 6232 6089
f 6089 6233 6328
f 6089 6232 6233
f 6330 6099 6089
f 6327 6330 6101
f 6330 6098 6101
f 6343 6341 6289
f 6289 6341 6299
f 6107 6341 6105
f 6105 6341 6343
f 6292 6299 6341
f 6292 6341 6106
f 6292 6106 6104
f 6107 6106 6341
f 6288 6292 6104
f 6104 6102 6288
f 6330 6328 6098
f 6000 5935 5945
f 5986 6034 5993
f 5993 6034 6000
f 6029 5928 6034
f 6034 5928 5935
f 5979 6029 5986
f 5986 6029 6034
f 6034 5935 6000
f 6030 5957 5933
f 5933 5957 5941
f 5933 5928 6027
f 6027 6030 5933
f 6024 6021 5587
f 6001 5578 5585
f 5953 6023 6013
f 6013 6021 5953
f 6003 6013 6012
f 6012 6013 6023
f 6021 6013 5999
f 5999 6001 6021
f 6013 6003 5998
f 5998 5999 6013
f 6012 6006 6002
f 6002 6003 6012
f 6006 5964 5958
f 5958 6002 6006
f 5997 5998 6002
f 6002 5998 6003
f 5950 5997 5958
f 6021 5585 5587
f 6021 6001 5585
f 6021 6024 5956
f 6023 5953 6030
f 6030 5953 5957
f 6012 6023 6027
f 6027 6023 6030
f 5928 6029 6026
f 6026 6027 5928
f 5973 6026 5979
f 5979 6026 6029
f 6006 6012 6026
f 6026 6012 6027
f 5964 6006 5973
f 5973 6006 6026
f 5956 6024 5588
f 5956 5588 5591
f 5961 5956 5591
f 5956 5953 6021
f 6024 5587 5588
f 5958 5997 6002
f 5576 5578 5999
f 5999 5998 5573
f 5968 5960 5971
f 5555 5553 5968
f 5968 5553 5551
f 5551 5954 5968
f 5955 5958 5960
f 5960 5958 5964
f 5952 5955 5954
f 5954 5955 5960
f 5949 5950 5955
f 5955 5950 5958
f 5943 5949 5952
f 5952 5949 5955
f 5550 5951 5952
f 5551 5550 5952
f 5954 5551 5952
f 5550 5544 5951
f 5939 5943 5951
f 5954 5960 5968
f 5951 5943 5952
f 5971 5964 5973
f 5977 5556 5971
f 5573 5576 5999
f 5998 5997 5571
f 5571 5573 5998
f 5540 5571 5950
f 5950 5571 5997
f 5993 5561 5560
f 5560 5984 5986
f 5993 5560 5986
f 5560 5558 5984
f 5977 5979 5984
f 5984 5979 5986
f 5984 5558 5556
f 5556 5977 5984
f 5971 5973 5977
f 5977 5973 5979
f 5555 5968 5971
f 5556 5555 5971
f 5960 5964 5971
f 5999 5578 6001
f 5951 5544 5535
f 5949 5946 5538
f 5535 5939 5951
f 5519 5921 5923
f 5529 5523 5923
f 5949 5538 5540
f 5950 5949 5540
f 5949 5943 5937
f 5937 5946 5949
f 5946 5536 5538
f 5946 5937 5533
f 5533 5536 5946
f 5934 5937 5939
f 5939 5937 5943
f 5529 5923 5934
f 5535 5529 5934
f 5939 5535 5934
f 5934 5930 5532
f 5934 5532 5533
f 5937 5934 5533
f 5921 5930 5923
f 5923 5930 5934
f 5923 5523 5519
f 5669 5682 5305
f 5305 5307 5669
f 5831 5302 5303
f 5682 5681 5831
f 5831 5303 5305
f 5682 5831 5305
f 5678 5675 5295
f 5295 5299 5678
f 5679 5301 5302
f 5679 5302 5831
f 5680 5831 5681
f 5665 5285 5664
f 5288 5287 5667
f 5667 5287 5666
f 5667 5668 5289
f 5289 5288 5667
f 5665 5666 5287
f 5287 5286 5665
f 5282 5281 5661
f 5661 5281 5660
f 5284 5283 5663
f 5663 5283 5662
f 5663 5664 5285
f 5285 5284 5663
f 5661 5662 5283
f 5283 5282 5661
f 5280 5279 5659
f 5659 5279 5658
f 5286 5285 5665
f 5659 5660 5281
f 5669 5312 5670
f 5657 5290 5648
f 5299 5301 5678
f 5678 5301 5679
f 5671 5677 5297
f 5297 5291 5671
f 5676 5655 5275
f 5275 5296 5676
f 5296 5297 5676
f 5676 5297 5677
f 5674 5673 5293
f 5293 5294 5674
f 5294 5295 5674
f 5674 5295 5675
f 5673 5672 5292
f 5292 5293 5673
f 5291 5292 5671
f 5671 5292 5672
f 5278 5290 5657
f 5307 5312 5669
f 5680 5679 5831
f 5281 5280 5659
f 5279 5278 5657
f 5645 5266 5643
f 5306 5304 5647
f 5647 5304 5646
f 5647 5648 5290
f 5290 5306 5647
f 5645 5646 5304
f 5304 5267 5645
f 5642 5300 5298
f 5642 5298 5829
f 5644 5642 5829
f 5642 5643 5266
f 5266 5300 5642
f 5298 5268 5829
f 5267 5266 5645
f 5657 5658 5279
f 5649 5268 5269
f 5650 5829 5268
f 5654 5656 5277
f 5277 5274 5654
f 5830 5273 5276
f 5830 5276 5277
f 5653 5830 5277
f 5656 5653 5277
f 5274 5275 5654
f 5654 5275 5655
f 5830 5272 5273
f 5652 5271 5272
f 5652 5272 5830
f 5653 5652 5830
f 5652 5651 5270
f 5270 5271 5652
f 5644 5829 5650
f 5651 5649 5269
f 5269 5270 5651
f 5649 5650 5268
f 5877 6090 5995
f 6090 5721 5995
f 5721 5596 5995
f 6090 5421 5721
f 5421 5212 5721
f 5721 5720 5596
f 6295 6304 6430
f 6430 6304 6289
f 6289 6427 6430
f 6493 6396 6492
f 6492 6396 6398
f 6465 6458 6391
f 6391 6396 6493
f 6465 6391 6493
f 6493 6492 6463
f 6463 6492 6462
f 6465 6493 6463
f 6458 6460 6393
f 6393 6391 6458
f 3806 3808 4078
f 4076 4075 3790
f 3790 3803 4076
f 3802 3789 4071
f 4071 3789 4074
f 3795 3800 4073
f 4073 3800 4070
f 4071 4070 3800
f 3800 3802 4071
f 3798 3792 4068
f 4068 3792 4069
f 4078 4077 3806
f 4076 3806 4077
f 4142 3811 3812
f 4081 4142 4079
f 3808 3811 4142
f 4078 3808 4142
f 4081 4078 4142
f 4080 4079 4142
f 3803 3806 4076
f 3501 3503 3959
f 3959 3503 3964
f 3963 3327 3328
f 3854 3963 3328
f 3854 3328 3326
f 3854 3326 3325
f 3963 3964 3503
f 3503 3327 3963
f 3959 3960 3502
f 3502 3501 3959
f 3954 3955 3500
f 3500 3499 3954
f 3951 3498 3489
f 3945 3951 3489
f 3945 3489 4004
f 3949 3840 3661
f 3716 3368 3461
f 3505 3504 3967
f 3967 3970 3505
f 3504 3502 3967
f 3458 3507 3927
f 3927 3507 3974
f 3508 3510 3975
f 3975 3510 3978
f 3509 3500 3977
f 3977 3500 3955
f 3977 3978 3510
f 3510 3509 3977
f 3975 3972 3506
f 3506 3508 3975
f 3972 3974 3507
f 3507 3506 3972
f 3499 3505 3954
f 3954 3505 3970
f 3967 3502 3960
f 3661 3716 3461
f 3949 3661 3461
f 3949 3498 3951
f 3945 4004 3947
f 3943 3360 3362
f 3943 3362 3361
f 3941 3943 3361
f 3941 3361 3363
f 3330 3360 3853
f 3853 3360 3943
f 3363 3366 3685
f 3941 3363 3685
f 3846 3941 3685
f 3461 3498 3949
f 4082 4073 4227
f 4227 4073 4214
f 4227 4210 4069
f 4069 4082 4227
f 4074 4075 4215
f 4215 4075 4216
f 4201 4274 4202
f 4203 4274 4065
f 4203 4202 4274
f 4207 4206 4067
f 4067 4068 4207
f 4205 4203 4065
f 4065 4066 4205
f 4066 4067 4205
f 4205 4067 4206
f 4274 4064 4065
f 4105 3986 3987
f 4342 4105 3987
f 3983 4150 4104
f 4285 4284 3979
f 4104 4285 3979
f 3983 4104 3979
f 4374 3947 3976
f 4105 4150 3986
f 3979 4284 4283
f 4283 4374 3976
f 3979 4283 3976
f 4337 4371 4339
f 4310 4339 4371
f 4371 3958 3962
f 4310 4371 3962
f 3953 3956 4371
f 4283 4282 4374
f 4342 4248 4105
f 4376 3988 3989
f 4344 4342 4376
f 4357 4314 3995
f 3995 3996 4357
f 3992 3993 4353
f 4353 3993 4355
f 3993 3994 4355
f 4355 3994 4323
f 4353 4320 3991
f 3991 3992 4353
f 3990 3950 4349
f 4349 3950 4332
f 4344 4376 4347
f 4349 4347 4376
f 4376 3989 3990
f 4349 4376 3990
f 4150 3983 3986
f 3987 3988 4376
f 4342 3987 4376
f 4335 3953 4371
f 4337 4335 4371
f 4371 3956 3958
f 4335 4332 3950
f 3963 3854 4100
f 4304 3963 4100
f 4241 4304 4100
f 3964 3963 4306
f 4306 3963 4304
f 3959 3964 4306
f 3997 3998 4317
f 4306 4309 3959
f 3970 3967 4319
f 3950 3953 4335
f 4325 4292 3927
f 3927 3974 4325
f 4329 4326 3975
f 3975 3978 4329
f 4307 4328 3977
f 3977 3955 4307
f 3978 3977 4329
f 4329 3977 4328
f 4326 4324 3972
f 3972 3975 4326
f 3974 3972 4325
f 4325 3972 4324
f 4319 4305 3954
f 3954 3970 4319
f 4315 4312 3967
f 3967 3960 4315
f 4319 3967 4312
f 4317 4358 3997
f 4357 3997 4358
f 3996 3997 4357
f 4014 4015 4266
f 4263 4259 4008
f 4264 4263 4008
f 4264 4008 4014
f 4007 4259 4009
f 4009 4259 4263
f 4259 4006 4008
f 4007 4006 4259
f 4266 4264 4014
f 4266 4015 4016
f 4158 4267 4155
f 4158 4160 4267
f 4170 4172 4268
f 4170 4268 4033
f 4170 4033 4032
f 4032 4031 4170
f 4170 4031 4168
f 4165 4168 4031
f 4031 4028 4165
f 4028 4026 4165
f 4165 4026 4164
f 4026 4025 4164
f 4164 4025 4163
f 4161 4163 4025
f 4025 4023 4161
f 4023 4021 4161
f 4161 4021 4160
f 4160 4021 4020
f 4160 4020 4267
f 4036 4033 4268
f 4178 4038 4270
f 4178 4177 4037
f 4151 4180 4270
f 4270 4042 4010
f 4151 4270 4010
f 4178 4270 4180
f 4270 4038 4042
f 4178 4037 4038
f 3189 3188 3541
f 3540 3541 3188
f 3540 3188 3210
f 3540 3210 3700
f 3532 3540 3700
f 3700 3692 3532
f 3210 3209 3700
f 3541 3543 3189
f 3700 3209 3201
f 3698 3207 3193
f 3537 3534 3697
f 3537 3697 3206
f 3537 3206 3207
f 3537 3207 3698
f 3697 3203 3206
f 3534 3530 3696
f 3201 3692 3700
f 3545 3189 3543
f 3191 3189 3545
f 3545 3192 3191
f 3566 3563 3205
f 3205 3208 3566
f 3202 3205 3553
f 3553 3205 3563
f 3559 3701 3546
f 3553 3551 3199
f 3199 3202 3553
f 3197 3199 3549
f 3549 3199 3551
f 3549 3548 3194
f 3194 3197 3549
f 3547 3698 3193
f 3547 3193 3194
f 3548 3547 3194
f 3537 3698 3547
f 3546 3701 3192
f 3545 3546 3192
f 3696 3697 3534
f 3532 3692 3690
f 3530 3532 3690
f 3530 3690 3696
f 3566 3212 3569
f 3696 3687 3196
f 3696 3196 3203
f 3697 3696 3203
f 3696 3690 3686
f 3686 3687 3696
f 3692 3201 3200
f 3692 3200 3689
f 3692 3689 3690
f 3200 3198 3689
f 3688 3686 3689
f 3689 3686 3690
f 3187 3688 3198
f 3198 3688 3689
f 3687 3195 3196
f 3687 3686 3190
f 3190 3195 3687
f 3208 3212 3566
f 3212 3213 3573
f 3573 3569 3212
f 3531 3606 3211
f 3211 3224 3531
f 3204 3211 3605
f 3605 3211 3606
f 3270 3273 3604
f 3590 3587 3702
f 3228 3229 3585
f 3585 3229 3587
f 3585 3583 3227
f 3227 3228 3585
f 3583 3580 3225
f 3225 3227 3583
f 3213 3225 3573
f 3573 3225 3580
f 3222 3221 3579
f 3579 3221 3577
f 3575 3577 3221
f 3221 3220 3575
f 3575 3220 3217
f 3575 3217 3701
f 3559 3575 3701
f 3217 3192 3701
f 3587 3229 3702
f 3604 3581 3270
f 3229 3231 3702
f 3259 3258 3595
f 3603 3604 3273
f 3273 3271 3603
f 3271 3269 3603
f 3603 3269 3602
f 3601 3602 3269
f 3269 3267 3601
f 3267 3264 3601
f 3601 3264 3600
f 3599 3600 3264
f 3264 3262 3599
f 3262 3261 3599
f 3599 3261 3598
f 3597 3598 3261
f 3261 3260 3597
f 3260 3259 3597
f 3597 3259 3596
f 3595 3596 3259
f 3590 3702 3593
f 3465 2807 3516
f 3468 3465 3516
f 2804 2807 3453
f 3453 2807 3465
f 3453 3452 2802
f 2802 2804 3453
f 2800 2802 3443
f 2807 2809 3516
f 3443 2802 3452
f 3451 2812 3449
f 3449 2812 2810
f 3449 2810 3515
f 3448 3449 3515
f 3448 3515 3446
f 2810 2806 3515
f 3256 3446 3515
f 2814 2812 3451
f 2815 2814 3451
f 3451 3470 2815
f 3468 3516 3472
f 3481 3518 3479
f 2829 2828 3518
f 3470 3479 3518
f 3518 2828 2815
f 3470 3518 2815
f 3432 3477 2824
f 2824 2826 3432
f 3477 3475 3517
f 3477 3517 2822
f 3477 2822 2824
f 3474 3517 3475
f 3517 2818 2822
f 3516 2816 2818
f 3472 3516 2818
f 3472 2818 3517
f 3474 3472 3517
f 3516 2809 2816
f 2806 2528 2982
f 3515 2806 2982
f 3515 2982 3401
f 3256 3515 3401
f 3231 3382 3385
f 3232 3231 3385
f 3433 3129 3431
f 3382 3383 3385
f 3481 3482 3518
f 3433 3130 3129
f 3437 3512 3130
f 3252 3399 3440
f 3443 3251 2978
f 2978 2522 2800
f 3443 2978 2800
f 3440 3399 3397
f 3439 3440 3397
f 3439 3397 2964
f 2964 3135 3512
f 3439 2964 3512
f 3439 3512 3437
f 3512 3135 3134
f 2950 3383 2947
f 2950 2947 3133
f 3134 2950 3133
f 3512 3134 3133
f 3512 3133 3131
f 3512 3131 3130
f 3433 3437 3130
f 3482 2829 3518
f 3482 3519 2829
f 3519 2830 2829
f 2823 2821 3462
f 3462 2821 3459
f 2825 2823 3464
f 3464 2823 3462
f 3458 3459 2821
f 2821 2819 3458
f 3488 3441 2838
f 2838 2836 3488
f 2836 2835 3488
f 3488 2835 3486
f 3484 3486 2835
f 2835 2833 3519
f 3484 2835 3519
f 3484 3519 3482
f 2833 2830 3519
f 3572 3570 3863
f 3555 3554 3747
f 3747 3748 3555
f 3557 3555 3751
f 3776 3572 3863
f 3772 3776 3863
f 3570 3568 3863
f 3772 3863 3770
f 3768 3770 3863
f 3863 3568 3567
f 3768 3863 3567
f 3567 3565 3768
f 3768 3565 3760
f 3757 3760 3565
f 3565 3562 3757
f 3562 3560 3757
f 3757 3560 3755
f 3560 3558 3755
f 3755 3558 3752
f 3751 3752 3558
f 3558 3557 3751
f 3751 3555 3748
f 3629 3627 3817
f 3817 3627 3816
f 3633 3631 3819
f 3819 3631 3818
f 3634 3633 3819
f 3817 3818 3631
f 3625 3624 3815
f 3815 3624 3814
f 3815 3816 3627
f 3627 3625 3815
f 3801 3814 3624
f 3624 3613 3801
f 3631 3629 3817
f 3640 3639 3820
f 3820 3821 3640
f 3642 3641 3822
f 3822 3823 3642
f 3822 3610 3796
f 3886 3647 3885
f 3828 3886 3885
f 3649 3648 3886
f 3826 3649 3886
f 3827 3826 3886
f 3826 3799 3611
f 3611 3649 3826
f 3648 3647 3886
f 3824 3825 3885
f 3645 3644 3884
f 3885 3645 3884
f 3824 3885 3884
f 3646 3645 3885
f 3644 3643 3884
f 3639 3642 3820
f 3820 3642 3823
f 3641 3610 3822
f 3647 3646 3885
f 3828 3829 3886
f 3827 3886 3829
f 3824 3884 3831
f 3650 3640 3830
f 3830 3640 3821
f 3884 3643 3650
f 3831 3884 3650
f 3830 3831 3650
f 3828 3885 3825
f 5203 5202 4853
f 4853 4854 5203
f 4851 4853 5201
f 5201 4853 5202
f 5201 5198 4849
f 4849 4851 5201
f 5331 4847 4849
f 5203 4856 5205
f 5166 5331 4849
f 4847 5331 5326
f 5326 4838 4847
f 5195 4845 4840
f 5185 5195 4840
f 5185 4840 5334
f 5185 5334 5181
f 5177 5334 4840
f 5198 5166 4849
f 4854 4856 5203
f 5207 4845 5195
f 4863 4845 5207
f 5218 4883 5313
f 5130 5218 5313
f 5347 4880 4883
f 5217 5347 5218
f 5205 4856 4880
f 5217 5205 4880
f 5217 4880 5347
f 5216 5342 5214
f 5214 5342 4874
f 5214 4874 4873
f 5211 5214 4873
f 5210 5211 4873
f 4873 4872 5210
f 4872 4866 5210
f 5210 4866 5209
f 5207 5209 4866
f 4866 4863 5207
f 4840 4838 5326
f 5177 4840 5326
f 5156 5177 5326
f 5181 5334 5177
f 4883 4884 5313
f 5159 5331 5166
f 5326 5331 5149
f 5149 5331 5159
f 5156 5326 5149
f 5218 5347 4883
f 4887 4874 5342
f 5216 5141 5342
f 5313 4884 4813
f 4817 4887 5342
f 5141 4817 5342
f 4552 4550 4995
f 4893 4552 4995
f 5006 4557 4555
f 4825 5006 4555
f 4825 4555 5037
f 4895 4825 5037
f 4555 4554 5037
f 4895 5037 4893
f 5037 4554 4552
f 4893 5037 4552
f 4824 4893 4995
f 4974 5096 5091
f 4973 4974 5091
f 4970 5099 4974
f 4973 5091 4947
f 4968 5090 5093
f 4963 4968 5093
f 4963 5093 5095
f 4946 5090 4968
f 4963 5095 4948
f 4974 5099 5096
f 5722 5215 5219
f 5721 5213 5215
f 5720 5721 5215
f 5722 5720 5215
f 5721 5212 5213
f 5596 5720 5597
f 5128 5208 5718
f 5598 5722 5723
f 5208 5206 5713
f 5718 5713 5716
f 5204 5711 5206
f 5206 5711 5713
f 5204 5199 5711
f 5594 5595 5716
f 5716 5713 5594
f 5593 5594 5713
f 5718 5208 5713
f 5598 5597 5722
f 5597 5720 5722
f 5725 5723 5220
f 5129 5718 5730
f 5694 5129 5730
f 5731 5730 5602
f 5602 5730 5601
f 5600 5601 5730
f 5600 5730 5718
f 5600 5718 5716
f 5600 5716 5595
f 5725 5221 5729
f 5729 5221 5131
f 5725 5220 5221
f 5729 5726 5723
f 5723 5725 5729
f 5599 5598 5723
f 5723 5726 5599
f 5723 5722 5219
f 5723 5219 5220
f 5713 5711 5593
f 5593 5711 5199
f 5592 5593 5199
f 5592 5199 5197
f 5554 5690 5695
f 5557 5554 5695
f 5690 5175 5180
f 5552 5690 5554
f 5552 5549 5686
f 5167 5175 5690
f 5686 5167 5690
f 5552 5686 5690
f 5548 5686 5549
f 5686 5164 5167
f 5548 5543 5684
f 5139 5164 5686
f 5684 5139 5686
f 5548 5684 5686
f 5541 5684 5543
f 5158 5157 5683
f 5530 5534 5683
f 5690 5183 5695
f 5129 5128 5718
f 5690 5180 5183
f 5557 5695 5565
f 5592 5197 5706
f 5193 5704 5197
f 5197 5704 5706
f 5592 5706 5590
f 5590 5706 5704
f 5589 5590 5704
f 5589 5704 5701
f 5586 5698 5582
f 5698 5311 5158
f 5698 5158 5683
f 5582 5698 5683
f 5577 5582 5683
f 5577 5683 5534
f 5569 5565 5695
f 5695 5187 5191
f 5695 5191 5696
f 5569 5695 5696
f 5695 5183 5187
f 5694 5731 5697
f 5730 5731 5694
f 5603 5731 5602
f 5683 5157 5155
f 5607 5736 5608
f 5734 5137 5138
f 5733 5732 5136
f 5733 5136 5137
f 5734 5733 5137
f 5729 5131 5732
f 5732 5131 5136
f 5732 5733 5606
f 5606 5733 5607
f 5605 5726 5729
f 5606 5605 5729
f 5606 5729 5732
f 5599 5726 5605
f 5519 5707 5604
f 5604 5707 5697
f 5603 5604 5697
f 5603 5697 5731
f 5733 5736 5607
f 5736 5719 5532
f 5733 5734 5740
f 5685 5724 5740
f 5685 5740 5140
f 5685 5140 5142
f 5724 5719 5736
f 5736 5740 5724
f 5734 5138 5740
f 5740 5138 5140
f 5740 5736 5733
f 5532 5608 5736
f 5530 5683 5155
f 5530 5152 5526
f 5522 5526 5152
f 5152 5150 5522
f 5150 5148 5522
f 5522 5148 5520
f 5155 5152 5530
f 5515 4799 5514
f 5496 5515 5514
f 5494 5496 5514
f 5494 5514 5495
f 5513 4797 4798
f 5487 5491 5513
f 4798 4784 5512
f 5513 4798 5512
f 5487 5513 5512
f 5489 5485 5510
f 5510 4781 4797
f 5489 5510 4797
f 5489 4797 5513
f 5489 5513 5491
f 5487 5512 5488
f 5483 5510 5485
f 5480 5478 4796
f 5515 4775 4799
f 4796 4787 5480
f 5483 5514 5510
f 5514 4800 4779
f 5512 4784 4631
f 5512 4631 4632
f 5512 4632 4635
f 5488 5512 4635
f 4635 4630 4988
f 5488 4635 4988
f 5488 4988 5416
f 5308 5488 5416
f 5510 4779 4781
f 5514 4799 4800
f 5483 5495 5514
f 5514 4779 5510
f 5508 4794 4795
f 5475 5508 4796
f 5508 4795 4796
f 5450 5453 4621
f 5478 5475 4796
f 5465 5507 5468
f 5474 5473 4793
f 4793 4794 5508
f 5474 4793 5508
f 5474 5508 5475
f 5468 5507 4623
f 5468 4623 4793
f 5473 5468 4793
f 5465 5460 4792
f 5465 4792 4622
f 5465 4622 5507
f 4751 4791 5312
f 5312 4791 5456
f 5460 5456 4791
f 4791 4792 5460
f 5507 4622 4623
f 4621 4620 5450
f 4437 4502 4435
f 4437 4429 4208
f 4208 4211 4502
f 4437 4208 4502
f 4435 4502 4209
f 4435 4209 4204
f 4435 4204 4501
f 4433 4435 4501
f 4211 4209 4502
f 4204 4200 4501
f 4390 4485 4388
f 4386 4388 4485
f 4386 4485 4165
f 4386 4165 4164
f 4164 4163 4386
f 4386 4163 4384
f 4381 4384 4163
f 4163 4161 4381
f 4161 4160 4381
f 4381 4160 4379
f 4378 4379 4160
f 4160 4158 4378
f 4158 4155 4378
f 4378 4155 4377
f 4168 4165 4485
f 4390 4395 4485
f 4395 4170 4168
f 4417 4484 4380
f 4417 4416 4180
f 4180 4151 4484
f 4417 4180 4484
f 4412 4487 4178
f 4416 4412 4178
f 4416 4178 4180
f 4406 4487 4412
f 4487 4177 4178
f 4395 4401 4172
f 4172 4170 4395
f 4395 4168 4485
f 4315 4309 4770
f 4770 4309 4762
f 4307 4305 4768
f 4768 4305 4764
f 4647 4643 4707
f 4647 4707 4716
f 4751 4639 4717
f 4638 4647 4716
f 4751 4717 4714
f 4751 4714 4810
f 4810 4714 4713
f 4511 4810 4713
f 4511 4713 4712
f 4747 4704 4706
f 4646 4747 4706
f 4646 4706 4473
f 4473 4511 4712
f 4646 4473 4712
f 4702 4704 4620
f 4620 4704 4747
f 4646 4712 4636
f 4743 4807 4744
f 4644 4531 4660
f 4644 4660 4655
f 4644 4655 4518
f 4998 4542 4563
f 4828 4998 4563
f 4828 4563 5001
f 4830 4828 5001
f 4827 4998 4828
f 4822 4824 4995
f 4995 4993 4822
f 4822 4993 4820
f 5001 4563 4565
f 4830 5001 4833
f 5001 4565 5004
f 4843 4833 5001
f 4565 4527 5004
f 4843 5001 5004
f 4483 4679 4678
f 4517 4652 4516
f 4662 4661 4665
f 4665 4661 4664
f 4533 4664 4661
f 4531 4533 4661
f 4531 4661 4660
f 4525 4658 4661
f 4528 4525 4661
f 4528 4661 4662
f 4658 4655 4661
f 4661 4655 4660
f 4524 4658 4525
f 4522 4652 4655
f 4524 4522 4655
f 4524 4655 4658
f 4516 4652 4522
f 4655 4652 4518
f 4518 4652 4517
f 4662 4668 4536
f 4536 4528 4662
f 4536 4668 4538
f 4668 4662 4665
f 4575 4676 4417
f 4386 4384 4674
f 4561 4386 4674
f 4384 4381 4674
f 4561 4674 4559
f 4674 4381 4379
f 4559 4674 4379
f 4556 4559 4379
f 4556 4379 4673
f 4379 4378 4673
f 4556 4673 4551
f 4546 4551 4673
f 4546 4673 4378
f 4546 4378 4377
f 4538 4668 4671
f 4541 4538 4671
f 4541 4671 4672
f 4665 4671 4668
f 4561 4567 4386
f 4388 4386 4567
f 4570 4388 4569
f 4519 4575 4417
f 4519 4417 4380
f 4519 4380 4648
f 4574 4676 4575
f 4676 4416 4417
f 4574 4573 4412
f 4412 4416 4676
f 4574 4412 4676
f 4572 4675 4406
f 4573 4572 4406
f 4573 4406 4412
f 4571 4675 4572
f 4401 4395 4656
f 4543 4656 4395
f 4570 4543 4395
f 4570 4395 4390
f 4390 4388 4570
f 4567 4569 4388
f 4472 4706 4704
f 4704 4471 4472
f 4471 4704 4702
f 4702 4470 4471
f 4621 4469 4470
f 4620 4621 4470
f 4620 4470 4702
f 4472 4473 4706
f 4708 4474 4475
f 4622 4708 4476
f 4678 4482 4483
f 4710 4478 4481
f 4576 4628 4710
f 4576 4710 4481
f 4481 4482 4678
f 4576 4481 4678
f 4635 4632 4711
f 4711 4480 4479
f 4635 4711 4479
f 4479 4477 4635
f 4635 4477 4630
f 4631 4711 4632
f 4630 4477 4478
f 4630 4478 4710
f 4626 4630 4710
f 4626 4710 4628
f 4708 4475 4476
f 4623 4622 4476
f 4679 4483 4440
f 4700 4456 4454
f 4700 4454 4699
f 4615 4700 4699
f 4614 4615 4699
f 4464 4456 4700
f 4454 4453 4699
f 4591 4694 4613
f 4612 4698 4608
f 4434 4448 4698
f 4694 4434 4698
f 4613 4694 4698
f 4612 4613 4698
f 4607 4697 4610
f 4451 4452 4609
f 4609 4452 4611
f 4610 4697 4443
f 4609 4610 4443
f 4701 4430 4685
f 4609 4443 4451
f 4701 4699 4430
f 4616 4685 4690
f 4616 4690 4605
f 4619 4700 4615
f 4590 4433 4464
f 4590 4464 4700
f 4619 4590 4700
f 4618 4701 4617
f 4699 4701 4614
f 4614 4701 4618
f 4616 4617 4701
f 4616 4701 4685
f 4699 4453 4430
f 4698 4445 4444
f 4608 4444 4697
f 4431 4438 4695
f 4436 4434 4694
f 4432 4431 4693
f 4690 4685 4428
f 4690 4428 4427
f 4690 4427 4683
f 4430 4428 4685
f 4427 4426 4683
f 4695 4693 4431
f 4608 4698 4444
f 4591 4436 4694
f 4595 4438 4436
f 4607 4608 4697
f 4448 4445 4698
f 4444 4443 4697
f 4606 4695 4595
f 4606 4600 4693
f 4693 4695 4606
f 4604 4696 4603
f 4690 4683 4696
f 4605 4690 4696
f 4604 4605 4696
f 4603 4696 4439
f 4600 4603 4439
f 4600 4439 4432
f 4600 4432 4693
f 4426 4439 4683
f 4683 4439 4696
f 4595 4695 4438
f 4591 4595 4436
f 4927 5074 4925
f 5064 4591 4613
f 5064 4613 5074
f 4932 5064 5074
f 4927 4932 5074
f 4921 4925 5074
f 4612 4608 5071
f 4921 5071 4918
f 5074 4612 5071
f 4613 4612 5074
f 4917 5072 4915
f 4917 4918 5071
f 5071 4607 4610
f 5071 4610 5072
f 4917 5071 5072
f 5072 4609 4611
f 4921 5074 5071
f 4904 5064 4932
f 4615 4614 5075
f 4617 4616 5077
f 4941 5075 5078
f 4940 4938 5080
f 5080 5082 4940
f 5056 5054 5080
f 4939 5056 5080
f 4938 4939 5080
f 5080 4619 4615
f 5082 5080 4615
f 5082 4615 5075
f 4590 4619 5054
f 5054 4619 5080
f 5078 4618 4617
f 5078 4617 5077
f 4936 5078 5077
f 4934 4936 5077
f 5078 5075 4614
f 4614 4618 5078
f 4915 5072 4611
f 4910 4915 4611
f 4910 4611 5073
f 4610 4609 5072
f 5063 5055 5056
f 4903 5063 5056
f 4902 4903 5056
f 4941 4942 5075
f 4608 4607 5071
f 4906 5069 4905
f 4907 5068 5065
f 4906 4907 5065
f 4906 5065 5069
f 5069 4606 4595
f 5069 4595 5064
f 4905 5069 5064
f 4904 4905 5064
f 5069 5065 4600
f 4600 4606 5069
f 5068 5066 4604
f 5068 4604 4603
f 5068 4603 5065
f 4605 4604 5066
f 4603 4600 5065
f 4595 4591 5064
f 4942 5082 5075
f 4941 5078 4936
f 4940 5082 4942
f 4902 5056 4939
f 4945 5068 4907
f 4934 5077 4944
f 4945 4943 5066
f 5066 5068 4945
f 5077 4616 4605
f 5077 4605 5066
f 4944 5077 5066
f 4943 4944 5066
f 4834 4823 4999
f 4994 4521 4991
f 4991 4521 4523
f 4994 4520 4521
f 4821 4991 4823
f 4823 4526 4999
f 4823 4991 4526
f 4991 4523 4526
f 4999 4526 4529
f 5056 5055 4597
f 5056 4597 4593
f 5056 4593 5054
f 4593 4590 5054
f 4995 4550 4562
f 4562 4993 4995
f 4820 4993 4562
f 4820 4562 4558
f 4899 4820 4558
f 4899 4558 5042
f 4558 4553 5042
f 4899 5042 4897
f 4890 4897 5042
f 4553 4549 5040
f 5042 4553 5040
f 4890 5042 5040
f 4890 5040 4889
f 4549 4548 5040
f 4548 4547 5035
f 4889 5040 5035
f 5013 5021 4860
f 4855 5013 4858
f 5021 5013 4534
f 4534 4535 5021
f 4855 4848 5005
f 4855 5005 4532
f 4855 4532 4534
f 4855 4534 5013
f 4848 4844 5002
f 5002 5005 4848
f 4837 5002 4844
f 5005 4530 4532
f 5002 4999 4529
f 5002 4529 4530
f 5005 5002 4530
f 4837 4834 4999
f 4999 5002 4837
f 4860 4858 5013
f 5040 4548 5035
f 5021 4535 4537
f 4860 4537 4539
f 4886 4889 5035
f 4547 4545 5035
f 5035 5032 4886
f 4886 5032 4876
f 5035 4545 4544
f 4544 5032 5035
f 4876 5032 4868
f 4868 5032 4544
f 4868 4544 4543
f 4865 4868 4543
f 4865 4543 5026
f 4865 5026 4864
f 4998 4540 4542
f 4827 4862 4539
f 4539 4540 4998
f 4827 4539 4998
f 4860 5021 4537
f 4862 4860 4539
f 5448 5440 4739
f 4739 4740 5448
f 5441 5445 4737
f 4737 4743 5441
f 4740 4737 5448
f 5448 4737 5445
f 5310 4987 5375
f 5240 5310 5375
f 5308 5416 5309
f 4984 4985 5305
f 5305 4985 5307
f 5302 5415 5303
f 5305 5303 5415
f 5415 4983 4984
f 5305 5415 4984
f 4977 4980 5295
f 5295 4980 5299
f 5302 5301 4981
f 4981 4982 5415
f 5302 4981 5415
f 5415 4982 4983
f 5301 5299 4980
f 4980 4981 5301
f 5310 4986 4987
f 5310 4988 4986
f 5309 5416 4988
f 4743 4744 5441
f 5441 4744 5438
f 5375 4987 4908
f 5310 5309 4988
f 5561 5562 5702
f 5702 5700 5561
f 5169 5699 5700
f 5172 5169 5700
f 5702 5172 5700
f 5169 5168 5699
f 5178 5172 5702
f 5562 5705 5702
f 5705 5178 5702
f 5705 5182 5178
f 5710 5190 5188
f 5188 5708 5710
f 5572 5708 5570
f 5708 5188 5186
f 5708 5186 5705
f 5570 5708 5705
f 5566 5570 5705
f 5566 5705 5563
f 5186 5182 5705
f 5562 5563 5705
f 4979 4971 5297
f 5297 4971 5291
f 5275 4978 5296
f 5359 4901 5321
f 5321 4901 4821
f 5131 5221 5359
f 5344 4888 5317
f 4885 4882 5346
f 5208 5128 5317
f 5208 5317 5346
f 5208 5346 5343
f 5346 4882 4881
f 4881 5343 5346
f 5208 5343 5206
f 5204 5206 5343
f 5204 5343 4881
f 5204 4881 4879
f 5204 4879 4878
f 5199 5204 4878
f 5199 4878 5340
f 4878 4877 5340
f 5199 5340 5197
f 5197 5340 4877
f 4888 4885 5317
f 4885 5346 5317
f 5213 4891 5354
f 5359 5321 5131
f 5359 4900 4901
f 5220 5357 4898
f 5220 4898 4900
f 5220 4900 5359
f 5221 5220 5359
f 5219 5357 5220
f 5357 4896 4898
f 5219 5215 5354
f 5354 4894 4896
f 5219 5354 4896
f 5219 4896 5357
f 5213 5354 5215
f 5354 4892 4894
f 5212 5351 4891
f 5213 5212 4891
f 4891 4892 5354
f 4864 4888 5344
f 5193 5197 4877
f 5193 4877 4875
f 4870 4871 5338
f 5158 5319 5157
f 5155 5157 5319
f 5319 4850 4842
f 5155 5319 4842
f 5152 5155 4842
f 4842 4839 5152
f 4839 4835 5152
f 5152 4835 5150
f 4835 4832 5316
f 5150 4835 5316
f 5148 5150 5316
f 5148 5316 5146
f 4832 4829 5316
f 5146 5316 4829
f 5146 4829 4819
f 5144 5146 4819
f 5143 5144 4819
f 5315 4816 4852
f 4819 4818 5143
f 5164 5139 5324
f 5315 4857 5324
f 5335 4870 5338
f 5191 5335 5338
f 5335 4869 4870
f 5183 5335 5187
f 4867 4869 5335
f 5328 4867 5335
f 5180 5328 5335
f 5183 5180 5335
f 5175 5328 5180
f 5328 4861 4867
f 5324 4859 4861
f 5324 4861 5328
f 5167 5324 5328
f 5175 5167 5328
f 5324 4857 4859
f 5164 5324 5167
f 5315 4852 4857
f 5139 5315 5324
f 5191 5187 5335
f 4818 4817 5143
f 5135 5315 5139
f 5143 4817 5141
f 5314 4815 4816
f 5314 4816 5315
f 5134 5314 5315
f 5135 5134 5315
f 5314 4814 4815
f 5133 5314 5134
f 4813 4814 5314
f 5313 4813 5314
f 5132 5313 5314
f 5133 5132 5314
f 5130 5313 5132
f 5380 5382 4923
f 4924 5380 4923
f 5252 5247 5380
f 5252 5380 5397
f 5252 5397 5387
f 4920 5394 5393
f 5393 4916 4920
f 5260 5393 5394
f 5256 5260 5394
f 5256 5394 5391
f 5255 5390 4914
f 5258 5255 4914
f 4914 4916 5393
f 5258 4914 5393
f 5258 5393 5260
f 5256 5391 5257
f 5255 5254 5387
f 4924 5397 5380
f 4931 5390 4929
f 5387 5397 4929
f 5390 4931 4914
f 5382 4913 4923
f 5397 4924 4929
f 5390 5387 4929
f 5289 4966 5288
f 4965 4964 5287
f 5287 4964 5286
f 5281 5282 4960
f 4960 4959 5281
f 5284 5413 4962
f 5284 4962 4961
f 5283 5284 4961
f 5285 5413 5284
f 4961 4960 5283
f 5283 4960 5282
f 5279 5280 4958
f 4958 4957 5279
f 4959 4958 5281
f 5281 4958 5280
f 4957 4956 5279
f 5279 4956 5278
f 4967 4966 5289
f 5277 5412 5274
f 4966 4965 5287
f 5285 4964 5413
f 5297 5296 4978
f 4978 4979 5297
f 5293 5414 5294
f 5295 5294 5414
f 5295 5414 4976
f 5295 4976 4977
f 5293 5292 4972
f 4972 4975 5414
f 5293 4972 5414
f 5414 4975 4976
f 5292 5291 4971
f 4971 4972 5292
f 5290 5278 4956
f 4956 4970 5290
f 4969 4962 5413
f 5285 5286 4964
f 4964 4969 5413
f 5287 5288 4966
f 5387 5390 5255
f 5273 5411 5276
f 5277 5411 4952
f 5277 5276 5411
f 4947 4946 5266
f 4952 4953 5412
f 5277 4952 5412
f 5275 5274 5412
f 5275 5412 4954
f 5275 4954 4955
f 5412 4953 4954
f 5272 5411 5273
f 5272 5271 4951
f 4951 4952 5411
f 5272 4951 5411
f 4950 4951 5270
f 5270 4951 5271
f 5270 5269 4949
f 4949 4950 5270
f 4948 4949 5268
f 5268 4949 5269
f 5266 5267 4947
f 5252 5387 5254
f 5383 4911 4912
f 4913 5382 5379
f 4955 4978 5275
f 5224 5366 5226
f 5225 5367 5365
f 5224 5225 5365
f 5224 5365 5366
f 5227 5367 5225
f 5379 5383 4912
f 4913 5379 4912
f 5375 4908 4911
f 5241 5375 4911
f 5241 4911 5383
f 5250 5241 5383
f 5243 5250 5383
f 5383 5379 5243
f 5379 5382 5380
f 5244 5379 5380
f 5245 5244 5380
f 5245 5380 5247
f 5243 5379 5244
f 5240 5375 5241
f 5236 5369 5231
f 4411 4166 4195
f 4195 4194 4411
f 4411 4194 4410
f 4409 4410 4194
f 4194 4189 4409
f 4189 4188 4409
f 4409 4188 4408
f 4407 4408 4188
f 4188 4187 4407
f 4405 4407 4187
f 4187 4186 4405
f 4186 4172 4405
f 4405 4172 4401
f 4493 4183 4185
f 4491 4182 4183
f 4403 4491 4183
f 4403 4183 4493
f 4411 4492 4166
f 4411 4413 4492
f 4404 4493 4415
f 4493 4185 4196
f 4415 4493 4196
f 4396 4415 4196
f 4414 4492 4413
f 4404 4403 4493
f 4491 4181 4182
f 4402 4400 4176
f 4387 4385 4157
f 4387 4157 4488
f 4383 4486 4385
f 4486 4154 4156
f 4382 4153 4154
f 4382 4154 4486
f 4383 4382 4486
f 4484 4152 4153
f 4380 4484 4153
f 4382 4380 4153
f 4484 4151 4152
f 4385 4156 4157
f 4385 4486 4156
f 4387 4488 4389
f 4176 4181 4491
f 4402 4176 4491
f 4400 4394 4490
f 4400 4490 4173
f 4400 4173 4176
f 4490 4171 4173
f 4393 4490 4394
f 4489 4167 4171
f 4392 4489 4171
f 4392 4171 4490
f 4393 4392 4490
f 4391 4489 4392
f 4489 4162 4167
f 4389 4488 4159
f 4391 4389 4159
f 4159 4162 4489
f 4391 4159 4489
f 4488 4157 4159
f 4402 4491 4403
f 4290 3926 4289
f 4288 4289 3926
f 3926 3925 4288
f 4287 4288 3925
f 3925 3923 4287
f 3929 3926 4290
f 4290 4020 3929
f 4020 3774 3929
f 4290 4267 4020
f 3940 3787 4037
f 4316 3940 4037
f 4177 4316 4037
f 3938 3940 4311
f 4311 3940 4316
f 4311 4302 4367
f 4367 3937 3938
f 4311 4367 3938
f 4367 3935 3937
f 4299 4367 4302
f 4299 4296 4363
f 3915 3935 4367
f 4363 3915 4367
f 4299 4363 4367
f 4293 4363 4296
f 4290 4155 4267
f 6333 6327 6103
f 6336 6333 6103
f 6336 6103 6118
f 6114 6111 6335
f 6110 6331 6333
f 6111 6110 6333
f 6335 6111 6333
f 6110 6108 6331
f 6330 6327 6331
f 6331 6327 6333
f 6331 6108 6099
f 6099 6330 6331
f 6327 6101 6103
f 6118 6120 6337
f 6337 6336 6118
f 6335 6336 6338
f 6333 6336 6335
f 6137 6132 6358
f 6322 6358 6320
f 6317 6320 6358
f 6317 6358 6132
f 6317 6132 6128
f 6316 6317 6128
f 6128 6126 6353
f 6316 6128 6353
f 6126 6125 6353
f 6316 6353 6315
f 6353 6125 6123
f 6315 6353 6123
f 6309 6315 6123
f 6309 6123 6122
f 6309 6122 6350
f 6305 6309 6350
f 6305 6350 6301
f 6322 6137 6358
f 6122 6121 6350
f 6322 6141 6137
f 6322 6325 6361
f 5868 5866 5870
f 6236 5874 6146
f 6236 6146 6363
f 6236 6363 6234
f 6143 6361 6146
f 6146 6361 6363
f 6234 6363 6283
f 6283 6363 6326
f 6325 6326 6363
f 6363 6361 6325
f 6143 6141 6361
f 6322 6361 6141
f 6301 6350 6121
f 6284 6301 6116
f 6344 6100 6150
f 6150 6342 6344
f 6282 6342 6338
f 6281 6282 6338
f 6281 6338 6339
f 6342 6150 6114
f 6114 6335 6338
f 6342 6114 6338
f 6278 6340 6142
f 6278 6142 6147
f 6275 6278 6147
f 6339 6337 6134
f 6339 6134 6142
f 6340 6339 6142
f 6337 6120 6134
f 6339 6338 6336
f 6336 6337 6339
f 6344 6342 6282
f 6301 6121 6116
f 6282 6284 6344
f 6339 6340 6281
f 6284 6116 6344
f 6116 6100 6344
f 6347 6095 6097
f 6296 6347 6097
f 6273 6296 6097
f 6347 6094 6095
f 6294 6347 6296
f 6294 6291 6093
f 6093 6094 6347
f 6294 6093 6347
f 6291 6287 6092
f 6092 6093 6291
f 6287 6286 6091
f 6091 6092 6287
f 6147 6091 6275
f 6275 6091 6286
f 6285 6340 6278
f 6281 6340 6285
f 6220 5864 6206
f 6222 6220 6206
f 5880 5879 6220
f 5879 5878 6220
f 6220 5878 5864
f 6206 6207 6222
f 6224 5880 6222
f 6224 5881 5880
f 5880 6220 6222
f 5615 6042 6047
f 5884 6043 6042
f 5884 6042 6040
f 5883 5884 6040
f 5610 6040 5614
f 5614 6040 6042
f 6040 6038 5883
f 5883 6038 5882
f 5609 6038 5610
f 5610 6038 6040
f 5614 6042 5615
f 6042 6043 6048
f 5615 6047 6051
f 6053 6051 6047
f 6047 6048 6053
f 6051 5616 5615
f 6048 6047 6042
f 5515 4750 4775
f 2814 2872 2812
f 2810 2812 2872
f 2810 2872 2187
f 2810 2187 2185
f 2185 2182 2806
f 2182 2064 2320
f 2806 2182 2320
f 2528 2806 2320
f 2800 2522 2295
f 2295 1945 1949
f 2295 1949 1952
f 2806 2810 2185
f 2800 2295 1952
f 2800 1952 1954
f 2743 2739 2600
f 2600 2739 2702
f 2702 2739 2597
f 2775 2763 2685
f 2685 2763 2653
f 2663 2775 2685
f 2317 2315 2731
f 2733 2317 2731
f 2559 2733 2731
f 2559 2731 2558
f 2315 2314 2731
f 2557 2558 2731
f 2314 2312 2726
f 2731 2314 2726
f 2557 2731 2726
f 2557 2726 2554
f 2312 2309 2726
f 2549 2554 2726
f 2549 2726 2309
f 2549 2309 2307
f 2549 2307 2721
f 2304 2720 2307
f 2307 2720 2721
f 2559 2561 2733
f 2304 2303 2720
f 2318 2317 2733
f 2729 2733 2562
f 2332 2334 2585
f 2585 2334 2587
f 2585 2577 2330
f 2330 2332 2585
f 2577 2576 2327
f 2327 2330 2577
f 2321 2327 2572
f 2572 2327 2576
f 2572 2542 2301
f 2301 2321 2572
f 2318 2733 2319
f 2319 2733 2729
f 2562 2733 2561
f 2300 2301 2541
f 2541 2540 2296
f 2541 2301 2542
f 2296 2300 2541
f 2293 2296 2539
f 2539 2296 2540
f 2539 2538 2292
f 2292 2293 2539
f 2290 2292 2537
f 2537 2292 2538
f 2537 2536 2288
f 2288 2290 2537
f 2287 2288 2533
f 2533 2288 2536
f 2236 1967 2096
f 2096 2098 1634
f 2096 1634 1801
f 2248 1475 1481
f 1479 1478 2261
f 2222 2227 2261
f 2261 1478 1477
f 2222 2261 1477
f 2222 1477 2257
f 1477 1470 2257
f 1475 2248 2246
f 2246 1474 1475
f 2251 1473 1474
f 2205 2251 1474
f 2205 1474 2246
f 2184 2205 2246
f 2251 1471 1473
f 2222 2257 2220
f 2220 2257 1470
f 2220 1470 1468
f 2253 1482 1484
f 2229 2261 2227
f 2263 1479 2261
f 1801 1798 2266
f 2096 1801 2266
f 2236 2096 2266
f 2236 2266 2233
f 2262 2265 1798
f 1798 2265 2266
f 2232 2233 2266
f 2266 2265 2263
f 2232 2266 2263
f 2262 2253 1484
f 2262 1484 1489
f 2265 2262 1489
f 1489 1486 2265
f 2265 1486 2263
f 2232 2263 2231
f 2229 2231 2263
f 2263 1486 1479
f 2229 2263 2261
f 2217 2220 1468
f 2217 1468 2255
f 1468 1505 2255
f 2191 2193 1488
f 1488 1485 2247
f 2191 1488 2247
f 2191 2247 2189
f 1485 1483 2247
f 2189 2247 1483
f 2189 1483 1480
f 2187 2189 1480
f 2187 1480 2245
f 1172 1174 2181
f 2181 1174 2183
f 2181 1963 1628
f 1628 1170 1171
f 2181 1628 1171
f 2181 1171 1172
f 1158 1784 1480
f 1480 1784 2245
f 1174 1493 2195
f 2195 2183 1174
f 1493 1495 2195
f 2255 1505 1503
f 2215 2255 1503
f 2215 1503 2252
f 2211 2215 2252
f 1503 1502 2252
f 2211 2252 2208
f 2193 2208 2252
f 2193 2252 1502
f 2193 1502 1488
f 2203 2251 2205
f 1499 1471 2251
f 2201 1499 2251
f 2203 2201 2251
f 1497 1499 2199
f 2199 1499 2201
f 2199 2196 1495
f 1495 1497 2199
f 2195 1495 2196
f 2217 2255 2215
f 1992 1640 2136
f 1641 1640 2000
f 2000 1640 1995
f 1992 2136 1990
f 1985 2135 1639
f 1639 1638 2134
f 1985 1639 2134
f 1984 1985 2134
f 1987 2135 1985
f 1984 2134 1983
f 1640 1642 2136
f 1992 1995 1640
f 1987 1990 1643
f 2012 2149 2139
f 2009 2007 2141
f 2141 2145 2009
f 2138 1648 2141
f 2141 1648 1650
f 1648 2138 2134
f 2134 1638 1648
f 2007 2005 2137
f 2137 2138 2141
f 2007 2137 2141
f 1983 2134 2138
f 1983 2138 2137
f 2003 1983 2137
f 1642 1645 2136
f 1643 1639 2135
f 1990 2136 1645
f 1990 1645 1643
f 1987 1643 2135
f 2012 2145 2149
f 2012 2009 2145
f 1651 2145 2141
f 2141 1650 1651
f 1656 2163 2149
f 2149 1652 1656
f 1654 2157 2153
f 1655 1654 2153
f 2163 1655 2153
f 2153 2139 2163
f 2163 2139 2149
f 2158 2160 2024
f 2024 2160 2030
f 2157 2158 2020
f 2020 2158 2024
f 2153 2157 2017
f 2017 2157 2020
f 2017 2014 2139
f 2139 2153 2017
f 1652 2149 2145
f 2145 1651 1652
f 1656 1655 2163
f 2158 1654 1658
f 2158 1658 1659
f 1675 1641 2013
f 2013 1641 2000
f 2142 1671 1644
f 1661 1664 2164
f 1661 2164 2160
f 2160 1659 1661
f 1659 2160 2158
f 2157 1654 2158
f 2370 2019 2021
f 2370 2021 2492
f 2370 2369 2019
f 2369 2491 2019
f 2372 2491 2369
f 2370 2492 2374
f 2391 2493 2395
f 2380 2495 2389
f 2389 2495 2031
f 2391 2389 2031
f 2391 2031 1993
f 2391 1993 2493
f 2379 2026 2029
f 2379 2029 2495
f 2380 2379 2495
f 2495 2029 2031
f 2364 2486 2378
f 2283 2428 2429
f 2294 2283 2429
f 2294 2429 2432
f 2291 2429 2286
f 2286 2429 2428
f 2284 2286 2428
f 2284 2428 2426
f 2279 2284 2426
f 2426 2425 2279
f 2282 2428 2283
f 2426 2428 2281
f 2281 2428 2282
f 2281 2280 2425
f 2425 2426 2281
f 2279 2425 2278
f 2294 2432 2297
f 2432 2429 2291
f 2291 2298 2432
f 2297 2432 2298
f 2285 2316 2473
f 2473 2427 2285
f 2311 2473 2316
f 2299 1937 1933
f 2313 2299 2458
f 2458 1925 2452
f 2458 2452 2454
f 1925 1924 2452
f 2447 2449 2452
f 2452 2449 2454
f 2452 1924 1922
f 1922 2447 2452
f 2437 2439 2447
f 2447 2439 2449
f 1912 2437 1922
f 1922 2437 2447
f 2442 1914 1916
f 2442 2439 1913
f 1913 1914 2442
f 1911 1913 2437
f 2437 1913 2439
f 1912 1911 2437
f 2458 1930 1925
f 2299 1933 2458
f 1933 1930 2458
f 2463 2449 2439
f 2458 2454 2313
f 2313 2454 2306
f 2427 2473 2062
f 2062 2059 2427
f 2311 2308 2465
f 2311 2465 2060
f 2311 2060 2062
f 2311 2062 2473
f 2465 1935 2060
f 2463 2465 2302
f 2302 2465 2308
f 2306 2454 2449
f 2302 2306 2449
f 2302 2449 2463
f 2463 2442 1916
f 2463 1916 1935
f 2465 2463 1935
f 2439 2442 2463
f 3862 3869 3873
f 3872 3551 3553
f 3871 3867 3549
f 3871 3549 3551
f 3872 3871 3551
f 3867 3548 3549
f 3871 3869 3864
f 3864 3867 3871
f 3858 3864 3861
f 3861 3864 3869
f 3867 3864 3547
f 3547 3548 3867
f 3858 3856 3537
f 3864 3858 3537
f 3864 3537 3547
f 3546 3545 3862
f 3543 3860 3861
f 3861 3869 3862
f 3545 3543 3861
f 3725 3869 3871
f 3726 3873 3869
f 3876 3569 3877
f 3739 3876 3877
f 3876 3563 3566
f 3731 3729 3875
f 3875 3876 3731
f 3728 3875 3729
f 3876 3875 3872
f 3876 3872 3553
f 3876 3553 3563
f 3728 3725 3871
f 3728 3871 3872
f 3728 3872 3875
f 3726 3727 3874
f 3874 3873 3726
f 3874 3559 3546
f 3874 3546 3862
f 3874 3862 3873
f 3725 3726 3869
f 3862 3545 3861
f 3857 3858 3860
f 3543 3541 3860
f 3860 3858 3861
f 3860 3541 3540
f 3540 3857 3860
f 3855 3856 3857
f 3857 3856 3858
f 3857 3540 3532
f 3532 3855 3857
f 3856 3534 3537
f 3856 3855 3530
f 3530 3534 3856
f 3532 3530 3855
f 3876 3566 3569
f 3739 3731 3876
f 3877 3569 3573
f 3559 3874 3878
f 3606 3531 3859
f 3788 3606 3859
f 3730 3788 3859
f 3605 3606 3787
f 3787 3606 3788
f 3581 3604 3870
f 3786 3763 3870
f 3870 3604 3603
f 3786 3870 3603
f 3603 3602 3786
f 3784 3785 3602
f 3754 3583 3585
f 3754 3585 3880
f 3758 3754 3880
f 3879 3580 3583
f 3750 3879 3754
f 3877 3573 3580
f 3746 3877 3580
f 3750 3746 3580
f 3750 3580 3879
f 3739 3877 3746
f 3742 3743 3579
f 3742 3579 3577
f 3742 3577 3878
f 3577 3575 3878
f 3727 3742 3878
f 3878 3874 3727
f 3878 3575 3559
f 3754 3879 3583
f 3786 3602 3785
f 3880 3585 3587
f 3764 3587 3590
f 3602 3601 3784
f 3601 3600 3784
f 3784 3600 3783
f 3600 3599 3783
f 3783 3599 3781
f 3780 3781 3599
f 3599 3598 3780
f 3779 3780 3598
f 3598 3597 3779
f 3597 3596 3779
f 3779 3596 3778
f 3774 3778 3596
f 3596 3595 3774
f 3590 3593 3764
f 3764 3593 3766
f 3764 3761 3880
f 3764 3880 3587
f 3758 3880 3761
f 3732 3733 4011
f 4011 4010 3732
f 4011 3734 4012
f 4040 4035 3741
f 3741 3744 4040
f 4035 4030 4114
f 4114 3740 3741
f 4035 4114 3741
f 4024 4114 4030
f 4114 3738 3740
f 3737 3738 4114
f 4019 3737 4114
f 4024 4019 4114
f 4019 4017 3736
f 3736 3737 4019
f 3735 3736 4013
f 4013 3736 4017
f 4013 4012 3734
f 3734 3735 4013
f 3733 3734 4011
f 4040 3745 4041
f 3744 3745 4040
f 3745 3749 4043
f 4043 4041 3745
f 4054 4120 4053
f 4052 4053 4120
f 4052 4120 3767
f 4052 3767 3765
f 3765 3763 4052
f 4052 3763 4036
f 4117 3759 3762
f 4117 3762 4119
f 4050 4117 4119
f 4051 4050 4119
f 4049 4117 4050
f 4117 3756 3759
f 3753 3756 4117
f 4045 3753 4117
f 4049 4045 4117
f 3749 3753 4043
f 4043 3753 4045
f 3769 3767 4120
f 4054 4055 4120
f 4055 3771 3769
f 3777 3782 4059
f 4059 3782 4060
f 4059 4058 3775
f 3775 3777 4059
f 4058 4057 4119
f 4119 3773 3775
f 4058 4119 3775
f 4119 3762 3773
f 4051 4119 4057
f 4018 4115 4056
f 4115 3747 3771
f 4056 4115 3771
f 4055 4056 3771
f 4055 3769 4120
f 4140 3804 3805
f 4140 3805 3807
f 4073 4082 3793
f 3793 3795 4073
f 4082 4069 3792
f 3792 3793 4082
f 4075 4074 3789
f 3789 3790 4075
f 4065 4140 3807
f 3810 3798 4067
f 4067 3798 4068
f 3807 3809 4065
f 4065 3809 4066
f 4067 4066 3809
f 3809 3810 4067
f 4065 4064 4140
f 3392 2904 2902
f 2902 3390 3392
f 2900 3388 2902
f 2902 3388 3390
f 2900 2896 3388
f 2909 2904 3392
f 3388 2913 3395
f 2913 2915 3396
f 2896 2913 3388
f 3198 3200 2928
f 3198 2928 2909
f 3198 2909 3392
f 3187 3198 3392
f 3392 3390 3187
f 3196 3195 2922
f 2922 2925 3196
f 3190 3396 2917
f 3190 2917 2922
f 3195 3190 2922
f 3396 2915 2917
f 3190 3186 3395
f 3395 3396 3190
f 3390 3388 3395
f 3187 3390 3395
f 3186 3187 3395
f 3396 3395 2913
f 3200 3398 2928
f 3201 3398 3200
f 2925 2929 3196
f 3210 3188 2889
f 2889 2957 3210
f 3209 3210 2957
f 2957 2948 3209
f 3209 2948 2946
f 3209 2946 3398
f 3201 3209 3398
f 2946 2928 3398
f 3193 3207 2932
f 2932 2897 3193
f 2931 2932 3206
f 3206 2932 3207
f 3206 3203 2929
f 2929 2931 3206
f 3196 2929 3203
f 3309 3307 3623
f 3623 3307 3620
f 3617 3706 3621
f 3623 3621 3706
f 3706 3306 3309
f 3623 3706 3309
f 3618 3620 3307
f 3307 3285 3618
f 3304 3305 3706
f 3616 3304 3706
f 3617 3616 3706
f 3706 3305 3306
f 3616 3615 3303
f 3303 3304 3616
f 3300 3299 3613
f 3613 3299 3611
f 3610 3703 3608
f 3296 3297 3607
f 3607 3297 3609
f 3608 3703 3294
f 3608 3294 3296
f 3607 3608 3296
f 6513 6457 6514
f 6538 6446 6456
f 6512 6538 6456
f 6513 6512 6456
f 6505 6538 6512
f 6455 6454 6511
f 6511 6454 6510
f 6454 6453 6510
f 6510 6453 6508
f 6451 6448 6540
f 6508 6453 6451
f 6508 6451 6540
f 6506 6508 6540
f 6446 6538 6536
f 6448 6446 6536
f 6540 6448 6536
f 6503 6506 6540
f 6456 6457 6513
f 6540 6536 6503
f 6514 6459 6515
f 6459 6461 6516
f 6444 6473 6533
f 6511 6502 6533
f 6511 6533 6473
f 6511 6473 6455
f 6537 6470 6449
f 6516 6461 6470
f 6509 6516 6470
f 6509 6470 6537
f 6516 6515 6459
f 6457 6459 6514
f 6505 6501 6536
f 6503 6536 6501
f 6536 6538 6505
f 6386 6384 6491
f 6389 6386 6491
f 6682 6680 6637
f 6682 6637 6636
f 6681 6719 6680
f 6680 6719 6637
f 6684 6720 6683
f 6721 6720 6684
f 6684 6685 6721
f 6644 6645 6689
f 6689 6645 6690
f 6689 6688 6643
f 6643 6644 6689
f 6642 6643 6687
f 6687 6643 6688
f 6641 6642 6686
f 6686 6642 6687
f 6686 6682 6636
f 6636 6641 6686
f 6721 6640 6639
f 6639 6720 6721
f 6638 6637 6719
f 6681 6683 6720
f 6639 6638 6719
f 6720 6639 6719
f 6681 6720 6719
f 6690 6646 6691
f 6645 6646 6690
f 6692 6721 6685
f 6692 6647 6721
f 6633 6650 6717
f 6695 6676 6717
f 6717 6650 6649
f 6695 6717 6649
f 6649 6648 6695
f 6695 6648 6694
f 6648 6647 6694
f 6694 6647 6693
f 6692 6693 6647
f 6647 6640 6721
f 6598 6599 6574
f 6574 6599 6575
f 6598 6556 6599
f 6599 6556 6557
f 6574 6573 6597
f 6597 6598 6574
f 6556 6598 6597
f 6597 6596 6555
f 6556 6597 6555
f 6572 6597 6573
f 6571 6595 6596
f 6572 6571 6596
f 6572 6596 6597
f 6570 6595 6571
f 6648 6649 6569
f 6569 6568 6648
f 6568 6567 6648
f 6648 6567 6647
f 6567 6566 6647
f 6647 6566 6640
f 6646 6645 6581
f 6581 6582 6646
f 6580 6581 6644
f 6644 6581 6645
f 6643 6671 6579
f 6643 6579 6580
f 6644 6643 6580
f 6670 6577 6671
f 6671 6577 6579
f 6577 6670 6668
f 6668 6563 6577
f 6650 6569 6649
f 6583 6569 6650
f 6650 6633 6576
f 6576 6583 6650
f 6642 6671 6643
f 6670 6671 6641
f 6641 6636 6668
f 6641 6671 6642
f 6668 6670 6641
f 6565 6564 6669
f 6640 6566 6565
f 6639 6640 6565
f 6639 6565 6669
f 6637 6638 6669
f 6637 6669 6564
f 6637 6564 6563
f 6637 6563 6668
f 6639 6669 6638
f 6637 6668 6636
f 6783 6711 6712
f 6783 6712 6802
f 6802 6713 6716
f 6716 6801 6802
f 6801 6716 6715
f 6715 6800 6801
f 6782 6783 6802
f 6802 6801 6782
f 6781 6782 6801
f 6801 6800 6781
f 6779 6780 6710
f 6710 6708 6779
f 6707 6710 6776
f 6776 6710 6780
f 6779 6708 6709
f 6779 6709 6799
f 6777 6779 6799
f 6783 6799 6711
f 6777 6799 6778
f 6783 6778 6799
f 6802 6712 6713
f 6799 6709 6711
f 6776 6775 6706
f 6775 6768 6794
f 6767 6766 6794
f 6766 6765 6699
f 6699 6700 6766
f 6698 6699 6764
f 6764 6699 6765
f 6696 6698 6762
f 6762 6698 6764
f 6762 6763 6697
f 6697 6696 6762
f 6766 6701 6794
f 6706 6707 6776
f 6766 6700 6701
f 6703 6702 6795
f 6775 6794 6705
f 6775 6705 6706
f 6794 6701 6705
f 6774 6798 6773
f 6773 6798 6797
f 6772 6773 6797
f 6772 6797 6796
f 6771 6772 6796
f 6771 6796 6714
f 6771 6714 6704
f 6770 6795 6769
f 6771 6704 6703
f 6771 6703 6795
f 6770 6771 6795
f 6763 6769 6795
f 6763 6795 6702
f 6763 6702 6697
f 6767 6794 6768
