# GF5 hand-only SMPL-X avatar mesh subset
v -0.826163 0.012678 -0.139924 0.66666667 0.45882353 0.37647059
v -0.826052 0.016417 -0.139924 0.68235294 0.47058824 0.38431373
v -0.822568 0.018371 -0.139924 0.68627451 0.47058824 0.38431373
v -0.823527 0.009777 -0.139924 0.67058824 0.45490196 0.37647059
v -0.819207 0.008555 -0.139924 0.67843137 0.45490196 0.38039216
v -0.820430 0.018249 -0.139924 0.70196078 0.47843137 0.38431373
v 0.815879 0.008075 -0.139924 0.57254902 0.36862745 0.28627451
v -0.816561 0.016344 -0.139924 0.72549020 0.49411765 0.40000000
v 0.813929 0.008173 -0.139924 0.56470588 0.38039216 0.30196078
v -0.814889 0.015534 -0.139924 0.72156863 0.49803922 0.39607843
v -0.812841 0.014472 -0.139924 0.72941176 0.50588235 0.41568627
v 0.820454 0.009043 -0.139924 0.55294118 0.34901961 0.27843137
v -0.818066 0.008398 -0.139924 0.69803922 0.45882353 0.38823529
v 0.820207 0.008933 -0.139924 0.55294118 0.34901961 0.27450980
v -0.813548 0.009132 -0.139924 0.69411765 0.47058824 0.39215686
v 0.823300 0.011738 -0.139924 0.55294118 0.34901961 0.28235294
v -0.810878 0.011575 -0.139924 0.71372549 0.50196078 0.41176471
v 0.823485 0.012211 -0.139924 0.56470588 0.36078431 0.29019608
v 0.822578 0.016845 -0.139924 0.62745098 0.41568627 0.34117647
v 0.810363 0.010089 -0.139924 0.60000000 0.40392157 0.32549020
v 0.810532 0.013362 -0.139924 0.69411765 0.48235294 0.40784314
v 0.814016 0.015463 -0.139924 0.69803922 0.48235294 0.40000000
v 0.817513 0.017525 -0.139924 0.67843137 0.46666667 0.38431373
v 0.817769 0.017578 -0.139924 0.70196078 0.48235294 0.39607843
v -0.824253 0.014551 -0.142004 0.72941176 0.50980392 0.42745098
v -0.821522 0.017200 -0.141220 0.72941176 0.49019608 0.40392157
v -0.821488 0.011761 -0.142507 0.72156863 0.48235294 0.40784314
v -0.818707 0.009024 -0.140729 0.70980392 0.46274510 0.38823529
v -0.818777 0.014343 -0.142296 0.72549020 0.49803922 0.40392157
v -0.816026 0.011506 -0.141910 0.71372549 0.48235294 0.40392157
v -0.813343 0.013998 -0.140392 0.72156863 0.50588235 0.41176471
v 0.814849 0.009096 -0.140898 0.59607843 0.38431373 0.30196078
v 0.820385 0.009112 -0.140083 0.55686275 0.35294118 0.27843137
v 0.823156 0.011882 -0.140226 0.61568627 0.39607843 0.32941176
v 0.817615 0.011882 -0.142311 0.64705882 0.42745098 0.34509804
v 0.820385 0.014653 -0.142203 0.69803922 0.48235294 0.40784314
v 0.812090 0.011830 -0.140859 0.64313725 0.43529412 0.35294118
v 0.814852 0.014627 -0.140840 0.69019608 0.47843137 0.39607843
v 0.817615 0.017423 -0.140083 0.70196078 0.48235294 0.39607843
v -0.826342 0.012503 -0.136006 0.60784314 0.41568627 0.33725490
v -0.826258 0.016635 -0.136006 0.64313725 0.43921569 0.35686275
v -0.823049 0.018884 -0.136006 0.65490196 0.44705882 0.36078431
v -0.823722 0.009582 -0.136006 0.60784314 0.41568627 0.33725490
v -0.819995 0.007768 -0.136006 0.63921569 0.44313725 0.36862745
v -0.819652 0.019052 -0.136006 0.66666667 0.45490196 0.36470588
v 0.817007 0.006949 -0.136006 0.52549020 0.33725490 0.26274510
v -0.817797 0.018723 -0.136006 0.68627451 0.46666667 0.37254902
v -0.814491 0.018399 -0.136006 0.70588235 0.48235294 0.38431373
v -0.811910 0.018041 -0.136006 0.71764706 0.49019608 0.38431373
v 0.812183 0.006443 -0.136006 0.52156863 0.33725490 0.26274510
v -0.816671 0.007032 -0.136006 0.64705882 0.45490196 0.38431373
v -0.815227 0.006955 -0.136006 0.63529412 0.45882353 0.38823529
v 0.820876 0.008621 -0.136006 0.50980392 0.32156863 0.25098039
v -0.811456 0.007147 -0.136006 0.61960784 0.46274510 0.39607843
v 0.818864 0.007590 -0.136006 0.52549020 0.33333333 0.25882353
v -0.808873 0.007639 -0.136006 0.61568627 0.44705882 0.36862745
v 0.823757 0.011281 -0.136006 0.51764706 0.32156863 0.25490196
v -0.807126 0.008103 -0.136006 0.55294118 0.43137255 0.36862745
v -0.803517 0.009987 -0.136006 0.60000000 0.42352941 0.36862745
v 0.824322 0.013048 -0.136006 0.50980392 0.31764706 0.25098039
v -0.809413 0.017890 -0.136006 0.75294118 0.52156863 0.43137255
v 0.822760 0.017027 -0.136006 0.55686275 0.36078431 0.28627451
v -0.805461 0.016280 -0.136006 0.78823529 0.54509804 0.46274510
v -0.802431 0.013861 -0.136006 0.74509804 0.50588235 0.43137255
v 0.804516 0.008275 -0.136006 0.52156863 0.37647059 0.31372549
v 0.803589 0.008787 -0.136006 0.53333333 0.37647059 0.30980392
v 0.811958 0.006446 -0.136006 0.52156863 0.34901961 0.28235294
v 0.807452 0.007189 -0.136006 0.52549020 0.35686275 0.29411765
v 0.801075 0.011706 -0.136006 0.67058824 0.46666667 0.37254902
v 0.801092 0.011801 -0.136006 0.67058824 0.46666667 0.37254902
v 0.806935 0.016933 -0.136006 0.76078431 0.54509804 0.45490196
v 0.805746 0.016448 -0.136006 0.74901961 0.54117647 0.44313725
v 0.803276 0.015028 -0.136006 0.72941176 0.51764706 0.41176471
v 0.816663 0.018373 -0.136006 0.66666667 0.45490196 0.37254902
v 0.812514 0.017787 -0.136006 0.69019608 0.47450980 0.39215686
v 0.818598 0.018407 -0.136006 0.62745098 0.41960784 0.34117647
v 0.811720 0.017732 -0.136006 0.72941176 0.50196078 0.41960784
v -0.816118 0.016765 -0.139168 0.72549020 0.49411765 0.39607843
v -0.810628 0.016604 -0.137453 0.73725490 0.50980392 0.41960784
v -0.813220 0.008848 -0.139523 0.69019608 0.46666667 0.38823529
v -0.810544 0.011314 -0.139756 0.68627451 0.49019608 0.40784314
v -0.807737 0.008654 -0.137053 0.64313725 0.44705882 0.36078431
v -0.807822 0.013933 -0.138426 0.75294118 0.52549020 0.44313725
v -0.804988 0.011360 -0.137355 0.70196078 0.48627451 0.40784314
v 0.803797 0.008993 -0.136285 0.58039216 0.38431373 0.30588235
v 0.809324 0.009043 -0.138985 0.53725490 0.37254902 0.30588235
v 0.806573 0.011750 -0.138555 0.63921569 0.44313725 0.37647059
v 0.809340 0.014533 -0.138809 0.73333333 0.51372549 0.44313725
v 0.803811 0.014494 -0.136563 0.72156863 0.51372549 0.41568627
v 0.812098 0.017345 -0.136762 0.72549020 0.49803922 0.41568627
v -0.822140 0.011164 -0.132088 0.55294118 0.37647059 0.29411765
v -0.823554 0.013931 -0.132088 0.55686275 0.38039216 0.30588235
v -0.818946 0.008817 -0.132088 0.56862745 0.39607843 0.31764706
v -0.821304 0.017205 -0.132088 0.59215686 0.39607843 0.30196078
v -0.817430 0.018660 -0.132088 0.64313725 0.43921569 0.34509804
v -0.813603 0.019418 -0.132088 0.67450980 0.45882353 0.36470588
v -0.813063 0.019501 -0.132088 0.70980392 0.48627451 0.39215686
v -0.818088 0.008466 -0.132088 0.60784314 0.45882353 0.39607843
v -0.814548 0.007673 -0.132088 0.58039216 0.43529412 0.36470588
v 0.816050 0.007906 -0.132088 0.48235294 0.30588235 0.23137255
v -0.811415 0.007256 -0.132088 0.60392157 0.47450980 0.40784314
v -0.809507 0.007133 -0.132088 0.61960784 0.49411765 0.41960784
v 0.812790 0.007058 -0.132088 0.47450980 0.30196078 0.23137255
v -0.806040 0.007346 -0.132088 0.54901961 0.43921569 0.38039216
v -0.803260 0.007813 -0.132088 0.45882353 0.36078431 0.32941176
v 0.819673 0.009824 -0.132088 0.43921569 0.26666667 0.20000000
v -0.801405 0.008167 -0.132088 0.45098039 0.34509804 0.30980392
v -0.807938 0.019923 -0.132088 0.69411765 0.47450980 0.38431373
v 0.821664 0.013374 -0.132088 0.47058824 0.28627451 0.21960784
v -0.807527 0.019960 -0.132088 0.71372549 0.48235294 0.39607843
v -0.802322 0.019537 -0.132088 0.73725490 0.49803922 0.41568627
v 0.820914 0.015181 -0.132088 0.54901961 0.35294118 0.27843137
v 0.806330 0.006523 -0.132088 0.50196078 0.34901961 0.28627451
v 0.801806 0.007087 -0.132088 0.50588235 0.35686275 0.29411765
v 0.811579 0.006835 -0.132088 0.49411765 0.32156863 0.25098039
v 0.806753 0.006539 -0.132088 0.49411765 0.33333333 0.26666667
v -0.802020 0.019387 -0.132088 0.74117647 0.49803922 0.41568627
v -0.797695 0.009849 -0.132088 0.49803922 0.37254902 0.34117647
v -0.795746 0.013413 -0.132088 0.62745098 0.43137255 0.37647059
v -0.798702 0.017594 -0.132088 0.74509804 0.50588235 0.42745098
v -0.795873 0.015043 -0.132088 0.74509804 0.50196078 0.43137255
v 0.799690 0.007608 -0.132088 0.50196078 0.35686275 0.30196078
v 0.797536 0.008381 -0.132088 0.50588235 0.35294118 0.29803922
v 0.794862 0.011254 -0.132088 0.57254902 0.40392157 0.34117647
v 0.804783 0.019118 -0.132088 0.72549020 0.51764706 0.41960784
v 0.802530 0.018837 -0.132088 0.74901961 0.54509804 0.43137255
v 0.817742 0.017296 -0.132088 0.53333333 0.34901961 0.27058824
v 0.817533 0.017342 -0.132088 0.57647059 0.39215686 0.30588235
v 0.813154 0.018488 -0.132088 0.64705882 0.44313725 0.35686275
v 0.810517 0.018946 -0.132088 0.67450980 0.47058824 0.38039216
v 0.808298 0.019091 -0.132088 0.69803922 0.49019608 0.40000000
v 0.794424 0.012881 -0.132088 0.67058824 0.46666667 0.38431373
v 0.796691 0.016114 -0.132088 0.74901961 0.53725490 0.43921569
v 0.800003 0.018346 -0.132088 0.75686275 0.54901961 0.43921569
v -0.824234 0.014611 -0.132537 0.56470588 0.38431373 0.30980392
v -0.821473 0.017351 -0.132344 0.62745098 0.42745098 0.34117647
v -0.802149 0.008809 -0.133903 0.46274510 0.35294118 0.31372549
v -0.807758 0.019695 -0.132644 0.76862745 0.52941176 0.44313725
v 0.820385 0.009112 -0.133738 0.47843137 0.29803922 0.22745098
v 0.823156 0.011882 -0.133906 0.44313725 0.26666667 0.20000000
v -0.805064 0.016672 -0.135504 0.78823529 0.54509804 0.46274510
v -0.802246 0.014043 -0.135850 0.76470588 0.52156863 0.44313725
v 0.798239 0.009050 -0.133211 0.58039216 0.37647059 0.29803922
v -0.799498 0.016752 -0.132879 0.75686275 0.51372549 0.43529412
v 0.801034 0.011742 -0.135982 0.67058824 0.46666667 0.37254902
v -0.799430 0.011414 -0.134099 0.65098039 0.44705882 0.38431373
v 0.795455 0.011867 -0.132600 0.63921569 0.44705882 0.36862745
v -0.796642 0.014247 -0.132618 0.74117647 0.49803922 0.42352941
v 0.798252 0.014552 -0.133873 0.72156863 0.50980392 0.41176471
v 0.806571 0.017299 -0.135461 0.76078431 0.54509804 0.45098039
v 0.801031 0.017298 -0.133436 0.74901961 0.54117647 0.42745098
v 0.817615 0.017423 -0.132289 0.60000000 0.40392157 0.32156863
v -0.815824 0.011939 -0.128169 0.56862745 0.38823529 0.30196078
v -0.815693 0.017088 -0.128169 0.58431373 0.39215686 0.30588235
v -0.812484 0.019261 -0.128169 0.63921569 0.43529412 0.34509804
v -0.812538 0.009684 -0.128169 0.56862745 0.38039216 0.30196078
v -0.808309 0.008371 -0.128169 0.60392157 0.42745098 0.35294118
v -0.806640 0.008096 -0.128169 0.65882353 0.49019608 0.41960784
v -0.803426 0.007712 -0.128169 0.64705882 0.49803922 0.42352941
v -0.800748 0.007644 -0.128169 0.63529412 0.50196078 0.42352941
v -0.808492 0.020761 -0.128169 0.66274510 0.45098039 0.36078431
v -0.806419 0.021166 -0.128169 0.67843137 0.45882353 0.36862745
v -0.803689 0.021296 -0.128169 0.69019608 0.46274510 0.37647059
v -0.797154 0.008378 -0.128169 0.55686275 0.43529412 0.37254902
v -0.800362 0.021625 -0.128169 0.69019608 0.45098039 0.36470588
v -0.798503 0.021580 -0.128169 0.66274510 0.43137255 0.34117647
v -0.795384 0.021038 -0.128169 0.65098039 0.43137255 0.33333333
v -0.791902 0.019093 -0.128169 0.70980392 0.47450980 0.39215686
v -0.789640 0.015861 -0.128169 0.71372549 0.48627451 0.41176471
v -0.796226 0.008642 -0.128169 0.54117647 0.41176471 0.35294118
v -0.792403 0.010432 -0.128169 0.48235294 0.34509804 0.31372549
v -0.790108 0.013594 -0.128169 0.59607843 0.40392157 0.34901961
v 0.793659 0.008132 -0.128169 0.47058824 0.35686275 0.30980392
v 0.792284 0.008696 -0.128169 0.49019608 0.36862745 0.32156863
v 0.789157 0.011130 -0.128169 0.57647059 0.41176471 0.34117647
v 0.788036 0.013756 -0.128169 0.67058824 0.47058824 0.37647059
v 0.805592 0.007282 -0.128169 0.49019608 0.33333333 0.27450980
v 0.801679 0.006986 -0.128169 0.48235294 0.33725490 0.28627451
v 0.809817 0.008598 -0.128169 0.45098039 0.28627451 0.21568627
v 0.808239 0.008047 -0.128169 0.45882353 0.29411765 0.22745098
v 0.813394 0.010562 -0.128169 0.46666667 0.30588235 0.22745098
v 0.800345 0.006979 -0.128169 0.47450980 0.34901961 0.30196078
v 0.796435 0.007293 -0.128169 0.44705882 0.36078431 0.32941176
v 0.815217 0.014279 -0.128169 0.51764706 0.35294118 0.26274510
v 0.815018 0.014827 -0.128169 0.56470588 0.38823529 0.29803922
v 0.812203 0.017553 -0.128169 0.60000000 0.41176471 0.32549020
v 0.811570 0.017919 -0.128169 0.62745098 0.43921569 0.34901961
v 0.808443 0.019309 -0.128169 0.67058824 0.47450980 0.38039216
v 0.803875 0.020244 -0.128169 0.69411765 0.49019608 0.39607843
v 0.790080 0.017248 -0.128169 0.74509804 0.52156863 0.41568627
v 0.793262 0.019595 -0.128169 0.74901961 0.52941176 0.42745098
v 0.798279 0.020104 -0.128169 0.73333333 0.52549020 0.42745098
v 0.798185 0.020097 -0.128169 0.76470588 0.55294118 0.45490196
v 0.803655 0.020268 -0.128169 0.70588235 0.50196078 0.40784314
v -0.821464 0.011841 -0.131046 0.56470588 0.38823529 0.29803922
v -0.818693 0.009070 -0.131591 0.57254902 0.37647059 0.28235294
v -0.818697 0.014599 -0.128987 0.55686275 0.39215686 0.29803922
v -0.815922 0.011841 -0.128256 0.55294118 0.37647059 0.28627451
v -0.815940 0.017328 -0.128474 0.61568627 0.41960784 0.32549020
v -0.813152 0.009070 -0.129149 0.57647059 0.40392157 0.32549020
v -0.802223 0.019674 -0.131923 0.71372549 0.47843137 0.39607843
v -0.796565 0.008949 -0.129460 0.50196078 0.38039216 0.34509804
v -0.793810 0.011670 -0.130245 0.56470588 0.40000000 0.35294118
v -0.796688 0.019653 -0.129999 0.69803922 0.47450980 0.38039216
v -0.793856 0.017070 -0.130270 0.74117647 0.50588235 0.43137255
v -0.791016 0.014519 -0.129006 0.72156863 0.49019608 0.41176471
v 0.792690 0.009101 -0.129069 0.54901961 0.38039216 0.32156863
v 0.789909 0.011882 -0.129052 0.61960784 0.43137255 0.34901961
v 0.814844 0.009112 -0.129959 0.43137255 0.26274510 0.19215686
v 0.817615 0.011882 -0.129504 0.46274510 0.29803922 0.22745098
v 0.820385 0.014653 -0.131358 0.50196078 0.30196078 0.23529412
v 0.803779 0.020142 -0.128916 0.71764706 0.51372549 0.41568627
v 0.792687 0.014628 -0.130903 0.72156863 0.49803922 0.40784314
v 0.795470 0.017361 -0.130741 0.76078431 0.54117647 0.44705882
v -0.810012 0.016995 -0.124251 0.58039216 0.39607843 0.31372549
v -0.807406 0.019832 -0.124251 0.61176471 0.41568627 0.32941176
v -0.803842 0.021686 -0.124251 0.65490196 0.43921569 0.34901961
v -0.801662 0.008663 -0.124251 0.63137255 0.47058824 0.38431373
v -0.797284 0.008298 -0.124251 0.64313725 0.44313725 0.35686275
v -0.809410 0.012812 -0.124251 0.57647059 0.40000000 0.30588235
v -0.799627 0.022924 -0.124251 0.65882353 0.44313725 0.34509804
v -0.806483 0.010198 -0.124251 0.52941176 0.36470588 0.27843137
v -0.802344 0.008796 -0.124251 0.57647059 0.41568627 0.33333333
v -0.799011 0.023027 -0.124251 0.66274510 0.44313725 0.34509804
v -0.794752 0.023262 -0.124251 0.65882353 0.43921569 0.33725490
v -0.793072 0.023364 -0.124251 0.66274510 0.43921569 0.33725490
v -0.788697 0.022187 -0.124251 0.66274510 0.43529412 0.33725490
v -0.787322 0.021435 -0.124251 0.68235294 0.45490196 0.35686275
v -0.785276 0.020113 -0.124251 0.71764706 0.49411765 0.40784314
v -0.795868 0.008403 -0.124251 0.66666667 0.45490196 0.36862745
v -0.791271 0.009284 -0.124251 0.65098039 0.45098039 0.38823529
v -0.790354 0.009654 -0.124251 0.65882353 0.46274510 0.40392157
v -0.787612 0.010888 -0.124251 0.69803922 0.46274510 0.37647059
v -0.784610 0.013459 -0.124251 0.72941176 0.49411765 0.40000000
v -0.783548 0.016320 -0.124251 0.72549020 0.50196078 0.41960784
v -0.784053 0.018390 -0.124251 0.72941176 0.50980392 0.41960784
v 0.794332 0.007459 -0.124251 0.48235294 0.34901961 0.29803922
v 0.791372 0.007804 -0.124251 0.50980392 0.39607843 0.35294118
v 0.787146 0.009119 -0.124251 0.56862745 0.41960784 0.37647059
v 0.787111 0.009139 -0.124251 0.56862745 0.41960784 0.37647059
v 0.783937 0.011451 -0.124251 0.67450980 0.47843137 0.39215686
v 0.782395 0.013856 -0.124251 0.72941176 0.51764706 0.42745098
v 0.782278 0.015333 -0.124251 0.73333333 0.51372549 0.42352941
v 0.783442 0.018349 -0.124251 0.74117647 0.51372549 0.41960784
v 0.803817 0.009057 -0.124251 0.47843137 0.32549020 0.27450980
v 0.803673 0.008996 -0.124251 0.47843137 0.31764706 0.26274510
v 0.807025 0.011390 -0.124251 0.50588235 0.34509804 0.27843137
v 0.808456 0.013806 -0.124251 0.54509804 0.38431373 0.30196078
v 0.799569 0.007764 -0.124251 0.45882353 0.33333333 0.29411765
v 0.796661 0.007492 -0.124251 0.47058824 0.33333333 0.28627451
v 0.808430 0.015526 -0.124251 0.59607843 0.41568627 0.32941176
v 0.804419 0.019529 -0.124251 0.62745098 0.43529412 0.34901961
v 0.803470 0.019889 -0.124251 0.65490196 0.45882353 0.36862745
v 0.806923 0.017813 -0.124251 0.63137255 0.44313725 0.35294118
v 0.799259 0.021208 -0.124251 0.68235294 0.48235294 0.38823529
v 0.796682 0.021726 -0.124251 0.71764706 0.50588235 0.40784314
v 0.794470 0.021976 -0.124251 0.72549020 0.51372549 0.41568627
v 0.790807 0.022064 -0.124251 0.73333333 0.51764706 0.41960784
v 0.788444 0.021499 -0.124251 0.74509804 0.52156863 0.42352941
v 0.786619 0.020714 -0.124251 0.75294118 0.52941176 0.43529412
v -0.810385 0.017370 -0.124652 0.60784314 0.41568627 0.32941176
v -0.807640 0.020060 -0.124785 0.64313725 0.43529412 0.34901961
v -0.799408 0.022587 -0.125900 0.65882353 0.43529412 0.34117647
v -0.813158 0.014593 -0.126148 0.56862745 0.39607843 0.30588235
v -0.793887 0.022526 -0.125762 0.61960784 0.40000000 0.29803922
v -0.791089 0.019835 -0.127314 0.68235294 0.44705882 0.36078431
v -0.810381 0.011841 -0.125399 0.54509804 0.36862745 0.28235294
v -0.807611 0.009070 -0.126566 0.56470588 0.39215686 0.31764706
v -0.788291 0.017146 -0.127236 0.74901961 0.51372549 0.43137255
v -0.785550 0.019826 -0.124525 0.72156863 0.49803922 0.41176471
v -0.788263 0.011689 -0.125617 0.63137255 0.43137255 0.36470588
v -0.785508 0.014411 -0.125215 0.73725490 0.50196078 0.41176471
v 0.784368 0.011882 -0.124858 0.65098039 0.46274510 0.38431373
v 0.787139 0.014653 -0.127589 0.69019608 0.48627451 0.38431373
v 0.784368 0.017423 -0.125127 0.72549020 0.50588235 0.40784314
v 0.809303 0.009112 -0.127393 0.45882353 0.28627451 0.21568627
v 0.812074 0.011882 -0.126873 0.49019608 0.33333333 0.25490196
v 0.809303 0.014653 -0.124715 0.56078431 0.40000000 0.30980392
v 0.803767 0.020179 -0.125706 0.67450980 0.47450980 0.38039216
v 0.814844 0.014653 -0.128007 0.54117647 0.37647059 0.28627451
v 0.812074 0.017423 -0.127924 0.57647059 0.40392157 0.31372549
v 0.789911 0.017417 -0.128002 0.74509804 0.52156863 0.41568627
v 0.792686 0.020175 -0.127283 0.74509804 0.52549020 0.42352941
v 0.798236 0.020148 -0.128078 0.71764706 0.50980392 0.41176471
v 0.787139 0.020194 -0.124953 0.75294118 0.52941176 0.43137255
v -0.803480 0.013201 -0.120333 0.51372549 0.34901961 0.27058824
v -0.804556 0.017084 -0.120333 0.54509804 0.36470588 0.28627451
v -0.804296 0.017918 -0.120333 0.61176471 0.41176471 0.32156863
v -0.802510 0.020434 -0.120333 0.65490196 0.44313725 0.34509804
v -0.800401 0.010739 -0.120333 0.49803922 0.33333333 0.27058824
v -0.797137 0.009678 -0.120333 0.50980392 0.33333333 0.25882353
v -0.796167 0.009430 -0.120333 0.57254902 0.38431373 0.30588235
v -0.799512 0.022666 -0.120333 0.67058824 0.45490196 0.35294118
v -0.799249 0.022813 -0.120333 0.67843137 0.45882353 0.35686275
v -0.795449 0.024323 -0.120333 0.67450980 0.45882353 0.35686275
v -0.791693 0.024879 -0.120333 0.67843137 0.45882353 0.35686275
v -0.790378 0.024885 -0.120333 0.68627451 0.46274510 0.36078431
v -0.786676 0.024315 -0.120333 0.68627451 0.46274510 0.36078431
v -0.783820 0.023871 -0.120333 0.69411765 0.47058824 0.36862745
v -0.791042 0.009061 -0.120333 0.61568627 0.41960784 0.34117647
v -0.790958 0.009066 -0.120333 0.65490196 0.44313725 0.36470588
v -0.786092 0.009553 -0.120333 0.67843137 0.45490196 0.36862745
v -0.784308 0.010110 -0.120333 0.67843137 0.45098039 0.36078431
v -0.782151 0.011078 -0.120333 0.70588235 0.47843137 0.39215686
v -0.778281 0.016085 -0.120333 0.75294118 0.53333333 0.45098039
v -0.779912 0.019871 -0.120333 0.75686275 0.53725490 0.43921569
v -0.779334 0.013756 -0.120333 0.74901961 0.52156863 0.43921569
v 0.787954 0.008296 -0.120333 0.53725490 0.38039216 0.31764706
v 0.786455 0.008427 -0.120333 0.60000000 0.42745098 0.35686275
v 0.791916 0.008347 -0.120333 0.50980392 0.35686275 0.29803922
v 0.781854 0.009368 -0.120333 0.63529412 0.44705882 0.36862745
v 0.780608 0.010101 -0.120333 0.65490196 0.46666667 0.39215686
v 0.778602 0.011657 -0.120333 0.71372549 0.50588235 0.41960784
v 0.777341 0.013368 -0.120333 0.74509804 0.52156863 0.43137255
v 0.776906 0.015502 -0.120333 0.76078431 0.54117647 0.44313725
v 0.801100 0.011774 -0.120333 0.49803922 0.32941176 0.25882353
v 0.799622 0.010480 -0.120333 0.48627451 0.31372549 0.24313725
v 0.793288 0.008503 -0.120333 0.48235294 0.30980392 0.24705882
v 0.797787 0.009546 -0.120333 0.48235294 0.30196078 0.23529412
v 0.801720 0.012590 -0.120333 0.50196078 0.33333333 0.25882353
v 0.802265 0.016150 -0.120333 0.58039216 0.39607843 0.31372549
v 0.801472 0.017904 -0.120333 0.63137255 0.43921569 0.34901961
v 0.798672 0.020637 -0.120333 0.65882353 0.46274510 0.37254902
v 0.796449 0.021965 -0.120333 0.68235294 0.48235294 0.38823529
v 0.795067 0.022581 -0.120333 0.70588235 0.49803922 0.40392157
v 0.789204 0.023670 -0.120333 0.72549020 0.51372549 0.41568627
v 0.784596 0.023192 -0.120333 0.74117647 0.52549020 0.42745098
v 0.790527 0.023582 -0.120333 0.71372549 0.50588235 0.41176471
v 0.777597 0.018653 -0.120333 0.76470588 0.55294118 0.45098039
v 0.780414 0.021377 -0.120333 0.76078431 0.54901961 0.44705882
v 0.784223 0.023110 -0.120333 0.74509804 0.53333333 0.43529412
v -0.807611 0.014611 -0.122425 0.58431373 0.40784314 0.31764706
v -0.804843 0.017371 -0.120579 0.58823529 0.40000000 0.31372549
v -0.804840 0.011841 -0.121861 0.51372549 0.34901961 0.25882353
v -0.802070 0.009070 -0.123575 0.49803922 0.32941176 0.25098039
v -0.796530 0.009066 -0.121412 0.59607843 0.40392157 0.32549020
v -0.799327 0.022838 -0.120668 0.66666667 0.45098039 0.34901961
v -0.788325 0.022591 -0.123675 0.67058824 0.44313725 0.34117647
v -0.782727 0.022764 -0.121233 0.67450980 0.45882353 0.35686275
v -0.782733 0.011653 -0.121492 0.70980392 0.47450980 0.38823529
v -0.782765 0.017098 -0.123634 0.72941176 0.51372549 0.42745098
v -0.779981 0.014365 -0.121104 0.74901961 0.52549020 0.44313725
v -0.779974 0.019935 -0.120346 0.75686275 0.53725490 0.43921569
v 0.787139 0.009112 -0.124222 0.55686275 0.40784314 0.35686275
v 0.778827 0.011882 -0.120674 0.71764706 0.50980392 0.42352941
v 0.781598 0.014653 -0.123782 0.74901961 0.52549020 0.43921569
v 0.778827 0.017423 -0.121514 0.76862745 0.54509804 0.45098039
v 0.781598 0.020194 -0.122093 0.75294118 0.53725490 0.43921569
v 0.803774 0.009099 -0.124177 0.48235294 0.30588235 0.24705882
v 0.806533 0.011882 -0.123650 0.50588235 0.33333333 0.25882353
v 0.798243 0.009089 -0.121190 0.47450980 0.30196078 0.24313725
v 0.803762 0.014653 -0.121157 0.54509804 0.36078431 0.28627451
v 0.806533 0.017423 -0.123681 0.59607843 0.41176471 0.32549020
v 0.789909 0.022964 -0.122461 0.72549020 0.50980392 0.41568627
v 0.784368 0.022964 -0.120641 0.75686275 0.53333333 0.43921569
v -0.782226 0.023254 -0.120333 0.71372549 0.49019608 0.38823529
v -0.799391 0.017290 -0.116415 0.61960784 0.41960784 0.32156863
v -0.799393 0.017475 -0.116415 0.73333333 0.50588235 0.38039216
v -0.797708 0.013432 -0.116415 0.52549020 0.35294118 0.27450980
v -0.794361 0.011235 -0.116415 0.53725490 0.35294118 0.26666667
v -0.797822 0.021356 -0.116415 0.69411765 0.47843137 0.37254902
v -0.794692 0.023795 -0.116415 0.69019608 0.47058824 0.36862745
v -0.773380 0.013427 -0.116415 0.74901961 0.51372549 0.41960784
v -0.791723 0.024913 -0.116415 0.69803922 0.47450980 0.37254902
v -0.771509 0.017153 -0.116415 0.74117647 0.50980392 0.41568627
v -0.790512 0.025127 -0.116415 0.70196078 0.47843137 0.37254902
v -0.786027 0.025074 -0.116415 0.70196078 0.47843137 0.37254902
v -0.784853 0.024999 -0.116415 0.71372549 0.48627451 0.38039216
v -0.773086 0.021258 -0.116415 0.72941176 0.49019608 0.38823529
v -0.771496 0.017399 -0.116415 0.74509804 0.50980392 0.41960784
v -0.792454 0.010527 -0.116415 0.61176471 0.41176471 0.32941176
v -0.790227 0.009810 -0.116415 0.65098039 0.43921569 0.34901961
v -0.785562 0.009121 -0.116415 0.66666667 0.45098039 0.36078431
v -0.785348 0.009137 -0.116415 0.68627451 0.46274510 0.37254902
v -0.780934 0.009931 -0.116415 0.70980392 0.48627451 0.39607843
v -0.777842 0.011037 -0.116415 0.71372549 0.49803922 0.41176471
v -0.776901 0.011415 -0.116415 0.72941176 0.50588235 0.41568627
v 0.782495 0.008214 -0.116415 0.62352941 0.43921569 0.35686275
v 0.780865 0.008379 -0.116415 0.65098039 0.45882353 0.37647059
v 0.787529 0.008721 -0.116415 0.57254902 0.39607843 0.32156863
v 0.794169 0.021683 -0.116415 0.67843137 0.47843137 0.38431373
v 0.786545 0.008518 -0.116415 0.60392157 0.41960784 0.34509804
v 0.791806 0.009986 -0.116415 0.49411765 0.32549020 0.25490196
v 0.776728 0.009783 -0.116415 0.66274510 0.47058824 0.38431373
v 0.790543 0.023598 -0.116415 0.70588235 0.49803922 0.40392157
v 0.788836 0.024038 -0.116415 0.71764706 0.50980392 0.41568627
v 0.773968 0.011200 -0.116415 0.71372549 0.50196078 0.39607843
v 0.773169 0.011718 -0.116415 0.72549020 0.51764706 0.41176471
v 0.771026 0.014116 -0.116415 0.76470588 0.57254902 0.46666667
v 0.770769 0.014856 -0.116415 0.77647059 0.58431373 0.47843137
v 0.771130 0.019553 -0.116415 0.80784314 0.60000000 0.50196078
v 0.774626 0.021624 -0.116415 0.76470588 0.55686275 0.45882353
v 0.778371 0.023420 -0.116415 0.74901961 0.54509804 0.44705882
v 0.783058 0.024275 -0.116415 0.73725490 0.53333333 0.43529412
v 0.795139 0.012193 -0.116415 0.52941176 0.35294118 0.27058824
v 0.779633 0.023770 -0.116415 0.74117647 0.53725490 0.44313725
v 0.797137 0.015736 -0.116415 0.59215686 0.40784314 0.32156863
v 0.796707 0.018679 -0.116415 0.64313725 0.45098039 0.36078431
v 0.785718 0.024314 -0.116415 0.72941176 0.52156863 0.42352941
v -0.802070 0.014611 -0.118787 0.58039216 0.38431373 0.29803922
v -0.802096 0.020070 -0.119563 0.65882353 0.44705882 0.34509804
v -0.799299 0.011841 -0.118695 0.51372549 0.34117647 0.27843137
v -0.777199 0.017177 -0.119642 0.74509804 0.52549020 0.43529412
v -0.777181 0.011692 -0.116931 0.74117647 0.50980392 0.41960784
v -0.774416 0.014443 -0.117436 0.74509804 0.50980392 0.41568627
v -0.774427 0.019954 -0.117460 0.73333333 0.49803922 0.39607843
v -0.771638 0.017240 -0.116489 0.74509804 0.50980392 0.41960784
v 0.792680 0.009112 -0.118672 0.50980392 0.34509804 0.27450980
v 0.773286 0.011882 -0.116572 0.72549020 0.51764706 0.41568627
v 0.776057 0.014653 -0.119621 0.75294118 0.53725490 0.43921569
v 0.781598 0.009112 -0.119604 0.63529412 0.44705882 0.36862745
v 0.773298 0.017385 -0.117925 0.77647059 0.57647059 0.47450980
v 0.801004 0.011870 -0.120207 0.49803922 0.32941176 0.25882353
v 0.795450 0.011882 -0.116877 0.51764706 0.34901961 0.26666667
v 0.798221 0.014653 -0.117430 0.54509804 0.37647059 0.29411765
v 0.776057 0.020194 -0.118629 0.76078431 0.55686275 0.45098039
v 0.800991 0.017423 -0.119686 0.60784314 0.41960784 0.33333333
v 0.778827 0.022964 -0.117501 0.75686275 0.54901961 0.44705882
v 0.798221 0.020194 -0.119132 0.65098039 0.45490196 0.36470588
v -0.794125 0.017014 -0.112497 0.61960784 0.41176471 0.31372549
v -0.794260 0.017884 -0.112497 0.66274510 0.45098039 0.35294118
v -0.792100 0.013498 -0.112497 0.63921569 0.42352941 0.32549020
v -0.792759 0.021924 -0.112497 0.72941176 0.51764706 0.41568627
v -0.789539 0.024245 -0.112497 0.72156863 0.49411765 0.38431373
v -0.773171 0.010212 -0.112497 0.70980392 0.48235294 0.39215686
v -0.785482 0.025729 -0.112497 0.72941176 0.49803922 0.38823529
v -0.770819 0.010984 -0.112497 0.70980392 0.48235294 0.38431373
v -0.788779 0.011276 -0.112497 0.64705882 0.43137255 0.34117647
v -0.786976 0.010568 -0.112497 0.67058824 0.44705882 0.35294118
v -0.767416 0.013170 -0.112497 0.72156863 0.49803922 0.40392157
v -0.784451 0.010052 -0.112497 0.68627451 0.46274510 0.36470588
v -0.780583 0.009670 -0.112497 0.69803922 0.47450980 0.38039216
v -0.764447 0.015707 -0.112497 0.73725490 0.51372549 0.42745098
v -0.779283 0.009652 -0.112497 0.70980392 0.48627451 0.39215686
v -0.775239 0.009893 -0.112497 0.71764706 0.49019608 0.40000000
v 0.781950 0.008759 -0.112497 0.64705882 0.45098039 0.36470588
v 0.781132 0.008646 -0.112497 0.66666667 0.46666667 0.37647059
v 0.786414 0.009837 -0.112497 0.64313725 0.44313725 0.35294118
v 0.789799 0.011993 -0.112497 0.62745098 0.42745098 0.34117647
v 0.776664 0.008504 -0.112497 0.68235294 0.47843137 0.38039216
v 0.770434 0.009170 -0.112497 0.69803922 0.50196078 0.39215686
v 0.775467 0.008522 -0.112497 0.69019608 0.49019608 0.38823529
v 0.766896 0.010942 -0.112497 0.74117647 0.54901961 0.44313725
v 0.770571 0.009124 -0.112497 0.69803922 0.50196078 0.38823529
v 0.764101 0.013435 -0.112497 0.78823529 0.57647059 0.47450980
v 0.763121 0.016436 -0.112497 0.81176471 0.60392157 0.50196078
v 0.854316 0.019500 -0.112497 0.60000000 0.36078431 0.30980392
v 0.853075 0.019581 -0.112497 0.61176471 0.37254902 0.32156863
v 0.777056 0.024735 -0.112497 0.74509804 0.54509804 0.45098039
v 0.774699 0.024377 -0.112497 0.76470588 0.56078431 0.46666667
v 0.763180 0.018306 -0.112497 0.80784314 0.60784314 0.50588235
v 0.858143 0.021224 -0.112497 0.68235294 0.44705882 0.35294118
v 0.764494 0.020633 -0.112497 0.80000000 0.60392157 0.49803922
v 0.767586 0.023093 -0.112497 0.79215686 0.58823529 0.49411765
v 0.782700 0.024633 -0.112497 0.72156863 0.52156863 0.42745098
v 0.851880 0.021870 -0.112497 0.67058824 0.42745098 0.35294118
v 0.780737 0.024874 -0.112497 0.72156863 0.52941176 0.43921569
v 0.856063 0.023303 -0.112497 0.70588235 0.47058824 0.38431373
v 0.785324 0.023920 -0.112497 0.71764706 0.51372549 0.41960784
v 0.856781 0.023343 -0.112497 0.72156863 0.49411765 0.40000000
v 0.792004 0.015328 -0.112497 0.65882353 0.45098039 0.36078431
v 0.791861 0.019375 -0.112497 0.69803922 0.50588235 0.41568627
v 0.789197 0.022252 -0.112497 0.70588235 0.50196078 0.40784314
v -0.799299 0.017382 -0.116337 0.73725490 0.50588235 0.37647059
v -0.796529 0.014611 -0.114929 0.54117647 0.36078431 0.27058824
v -0.793759 0.011840 -0.115353 0.54901961 0.35294118 0.25882353
v -0.796529 0.020152 -0.114534 0.70588235 0.51372549 0.41568627
v -0.793758 0.022923 -0.114191 0.70588235 0.49019608 0.38823529
v -0.785446 0.025693 -0.114389 0.72156863 0.49019608 0.38431373
v -0.771632 0.011713 -0.113968 0.72941176 0.49411765 0.39607843
v -0.768845 0.014539 -0.114068 0.72941176 0.49803922 0.40784314
v -0.771660 0.022718 -0.115274 0.71372549 0.47843137 0.38039216
v -0.768866 0.020018 -0.114477 0.74509804 0.51372549 0.41960784
v -0.766073 0.017317 -0.113763 0.74509804 0.52156863 0.43529412
v 0.787139 0.009112 -0.114675 0.61568627 0.42352941 0.34117647
v 0.792680 0.020194 -0.113543 0.68235294 0.48235294 0.39215686
v 0.789909 0.011882 -0.112687 0.58039216 0.39607843 0.31372549
v 0.789909 0.022964 -0.114096 0.70588235 0.50196078 0.40784314
v 0.776057 0.009112 -0.114562 0.67843137 0.47843137 0.38431373
v 0.767765 0.011814 -0.113566 0.74901961 0.55294118 0.44705882
v 0.765032 0.014461 -0.113191 0.79607843 0.58823529 0.48627451
v 0.770526 0.014617 -0.116236 0.77647059 0.58431373 0.47843137
v 0.853638 0.020175 -0.112670 0.61960784 0.37647059 0.32156863
v 0.767762 0.017366 -0.114896 0.80000000 0.59215686 0.49019608
v 0.856402 0.022964 -0.112608 0.70196078 0.46666667 0.37647059
v 0.792680 0.014653 -0.113197 0.59215686 0.40000000 0.31764706
v 0.795450 0.017423 -0.114967 0.64313725 0.45098039 0.36078431
v 0.770527 0.020158 -0.115982 0.80784314 0.60000000 0.50588235
v 0.773297 0.022929 -0.114262 0.76862745 0.56078431 0.46666667
v 0.764994 0.020132 -0.113015 0.80000000 0.60000000 0.49803922
v 0.767759 0.022921 -0.112817 0.79607843 0.58823529 0.49803922
v -0.774901 0.026160 -0.112497 0.72156863 0.49019608 0.38823529
v -0.779253 0.026314 -0.112497 0.73333333 0.50196078 0.39215686
v -0.769605 0.024857 -0.112497 0.71372549 0.47843137 0.39215686
v -0.763931 0.019485 -0.112497 0.75294118 0.53333333 0.42745098
v -0.863733 0.019441 -0.108579 0.66666667 0.42352941 0.36078431
v -0.865519 0.022650 -0.108579 0.65098039 0.41176471 0.34901961
v -0.865658 0.023057 -0.108579 0.69411765 0.42352941 0.34901961
v -0.864560 0.027232 -0.108579 0.65882353 0.43137255 0.34901961
v -0.860542 0.017091 -0.108579 0.69411765 0.45098039 0.38039216
v -0.859505 0.016636 -0.108579 0.73333333 0.49019608 0.40784314
v -0.856355 0.015737 -0.108579 0.72156863 0.49019608 0.41960784
v -0.852796 0.015468 -0.108579 0.76078431 0.52941176 0.46666667
v -0.860339 0.028552 -0.108579 0.67843137 0.45882353 0.37254902
v -0.781607 0.010769 -0.108579 0.69411765 0.47058824 0.37254902
v -0.779080 0.009881 -0.108579 0.70196078 0.47843137 0.38431373
v -0.774375 0.009035 -0.108579 0.70196078 0.47843137 0.38431373
v -0.774375 0.009035 -0.108579 0.69803922 0.47843137 0.38431373
v -0.860163 0.028552 -0.108579 0.68627451 0.46666667 0.39215686
v -0.769233 0.009451 -0.108579 0.69803922 0.47843137 0.38039216
v -0.855722 0.027438 -0.108579 0.69411765 0.46666667 0.38039216
v -0.852884 0.026560 -0.108579 0.67058824 0.45098039 0.34509804
v -0.851237 0.026341 -0.108579 0.67843137 0.47058824 0.37254902
v -0.768319 0.009560 -0.108579 0.67450980 0.46274510 0.36470588
v -0.847257 0.026159 -0.108579 0.72941176 0.49411765 0.41176471
v -0.845723 0.026212 -0.108579 0.72549020 0.47843137 0.38823529
v -0.764408 0.010195 -0.108579 0.69803922 0.48627451 0.39607843
v -0.850895 0.015655 -0.108579 0.74117647 0.50588235 0.42745098
v -0.847865 0.016078 -0.108579 0.71764706 0.48627451 0.40784314
v -0.761738 0.010614 -0.108579 0.70588235 0.49019608 0.40000000
v -0.843836 0.017174 -0.108579 0.73725490 0.49803922 0.43137255
v -0.843531 0.017285 -0.108579 0.73725490 0.49803922 0.43137255
v -0.841175 0.025339 -0.108579 0.69411765 0.45098039 0.35294118
v -0.840032 0.024812 -0.108579 0.66666667 0.43529412 0.33725490
v -0.839874 0.019169 -0.108579 0.72941176 0.49019608 0.40784314
v -0.836867 0.021703 -0.108579 0.69803922 0.47058824 0.38039216
v -0.837569 0.023440 -0.108579 0.67058824 0.45490196 0.36470588
v -0.788720 0.016879 -0.108579 0.67450980 0.44705882 0.33725490
v -0.788969 0.018134 -0.108579 0.65490196 0.42352941 0.31372549
v -0.787388 0.022093 -0.108579 0.76078431 0.49019608 0.35294118
v -0.784410 0.024657 -0.108579 0.75686275 0.52549020 0.38823529
v -0.786474 0.013583 -0.108579 0.68235294 0.45490196 0.34901961
v -0.783109 0.011408 -0.108579 0.69019608 0.46274510 0.36078431
v 0.771958 0.007669 -0.108579 0.69411765 0.49411765 0.39215686
v 0.769148 0.007699 -0.108579 0.70196078 0.50980392 0.40392157
v 0.776660 0.008508 -0.108579 0.68235294 0.47843137 0.38039216
v 0.786776 0.015016 -0.108579 0.69411765 0.46666667 0.36470588
v 0.775059 0.008114 -0.108579 0.69019608 0.48627451 0.38823529
v 0.780812 0.009898 -0.108579 0.68235294 0.47450980 0.37647059
v 0.784360 0.011890 -0.108579 0.68235294 0.46666667 0.36862745
v 0.786670 0.019725 -0.108579 0.72156863 0.49803922 0.39215686
v 0.853329 0.014954 -0.108579 0.60000000 0.38431373 0.34901961
v 0.783997 0.022593 -0.108579 0.65882353 0.50196078 0.43137255
v 0.848560 0.015056 -0.108579 0.64705882 0.45098039 0.38039216
v 0.847525 0.015157 -0.108579 0.65882353 0.46666667 0.39607843
v 0.759461 0.009060 -0.108579 0.74509804 0.53333333 0.43529412
v 0.843728 0.015535 -0.108579 0.70980392 0.49803922 0.44313725
v 0.759432 0.009065 -0.108579 0.74509804 0.53333333 0.43529412
v 0.857567 0.016259 -0.108579 0.63137255 0.41568627 0.35686275
v 0.765913 0.008150 -0.108579 0.68627451 0.50588235 0.40784314
v 0.853998 0.015017 -0.108579 0.58823529 0.37254902 0.33725490
v 0.860856 0.018510 -0.108579 0.66274510 0.45098039 0.38039216
v 0.764234 0.008321 -0.108579 0.70980392 0.52156863 0.41960784
v 0.863061 0.021847 -0.108579 0.69411765 0.48235294 0.40000000
v 0.777497 0.024295 -0.108579 0.72156863 0.52549020 0.43921569
v 0.863445 0.024466 -0.108579 0.69411765 0.49803922 0.42352941
v 0.775175 0.024853 -0.108579 0.75294118 0.54901961 0.45882353
v 0.861096 0.027658 -0.108579 0.70196078 0.52156863 0.44313725
v 0.765585 0.025096 -0.108579 0.75686275 0.56078431 0.46274510
v 0.856835 0.028065 -0.108579 0.67843137 0.50980392 0.43921569
v 0.763961 0.024664 -0.108579 0.77254902 0.58039216 0.47843137
v 0.855655 0.027739 -0.108579 0.67843137 0.50588235 0.44705882
v 0.840865 0.016173 -0.108579 0.67058824 0.44705882 0.39607843
v 0.839318 0.016690 -0.108579 0.63529412 0.40392157 0.35686275
v 0.835354 0.018273 -0.108579 0.52156863 0.29803922 0.23137255
v 0.834466 0.022485 -0.108579 0.58431373 0.35294118 0.27058824
v 0.838272 0.024175 -0.108579 0.69019608 0.45098039 0.37647059
v 0.842636 0.025349 -0.108579 0.74117647 0.51372549 0.44705882
v 0.852351 0.026940 -0.108579 0.67843137 0.49019608 0.42352941
v 0.848650 0.025931 -0.108579 0.70980392 0.52156863 0.43921569
v 0.847798 0.025835 -0.108579 0.71372549 0.51764706 0.43137255
v 0.842770 0.025359 -0.108579 0.74117647 0.51372549 0.44705882
v -0.863022 0.020152 -0.110300 0.64705882 0.38823529 0.34901961
v -0.863022 0.025693 -0.110949 0.72549020 0.47058824 0.38431373
v -0.860251 0.022923 -0.112225 0.67450980 0.44313725 0.37254902
v -0.860251 0.017382 -0.109341 0.71764706 0.46666667 0.39215686
v -0.857480 0.020152 -0.112237 0.69019608 0.43529412 0.36078431
v -0.854710 0.017382 -0.110834 0.76078431 0.52941176 0.45098039
v -0.860251 0.028464 -0.108725 0.70196078 0.49019608 0.45098039
v -0.857480 0.025693 -0.110925 0.72549020 0.46666667 0.37254902
v -0.854710 0.022923 -0.111956 0.67058824 0.42745098 0.33725490
v -0.774375 0.009035 -0.108579 0.70588235 0.48235294 0.38823529
v -0.851939 0.020152 -0.111607 0.70980392 0.47058824 0.37647059
v -0.851961 0.025630 -0.109422 0.66274510 0.45098039 0.35686275
v -0.766059 0.011821 -0.110910 0.71372549 0.49411765 0.40392157
v -0.849187 0.022869 -0.111017 0.66274510 0.42745098 0.36470588
v -0.763282 0.014611 -0.111407 0.73725490 0.51372549 0.42352941
v -0.760512 0.011841 -0.109311 0.72156863 0.49803922 0.40392157
v -0.846462 0.025503 -0.109235 0.72156863 0.48627451 0.40392157
v -0.849169 0.017382 -0.109956 0.73725490 0.50588235 0.41568627
v -0.846398 0.020152 -0.110521 0.72941176 0.48627451 0.42745098
v -0.843628 0.017382 -0.108676 0.73725490 0.50196078 0.43137255
v -0.843646 0.022869 -0.109970 0.71764706 0.48235294 0.40784314
v -0.840857 0.020152 -0.109137 0.74509804 0.50980392 0.42352941
v -0.838087 0.022923 -0.108739 0.67450980 0.45882353 0.36078431
v -0.793758 0.017382 -0.112144 0.70588235 0.46274510 0.35294118
v -0.790989 0.014610 -0.110969 0.68235294 0.44705882 0.34117647
v -0.790988 0.020152 -0.110268 0.74509804 0.49411765 0.38431373
v -0.788217 0.022923 -0.109843 0.75686275 0.50588235 0.39607843
v -0.785446 0.025693 -0.112055 0.74117647 0.50196078 0.38431373
v -0.788219 0.011839 -0.111372 0.66666667 0.44313725 0.34117647
v 0.770525 0.009078 -0.112401 0.69411765 0.49803922 0.39215686
v 0.781598 0.009112 -0.111115 0.67450980 0.46666667 0.37254902
v 0.784368 0.011882 -0.108590 0.66274510 0.45490196 0.36470588
v 0.787139 0.014653 -0.108945 0.67058824 0.45490196 0.36078431
v 0.789909 0.017423 -0.110518 0.72156863 0.47450980 0.36862745
v 0.850885 0.017348 -0.111345 0.58823529 0.38039216 0.32941176
v 0.845400 0.017173 -0.110177 0.62745098 0.43921569 0.36470588
v 0.787139 0.020194 -0.109155 0.72156863 0.50588235 0.40784314
v 0.848167 0.019958 -0.111813 0.61568627 0.41176471 0.32549020
v 0.784368 0.022964 -0.109357 0.70980392 0.51372549 0.42352941
v 0.856402 0.017423 -0.111126 0.54901961 0.31764706 0.27843137
v 0.859173 0.020194 -0.111973 0.66274510 0.43921569 0.34901961
v 0.861943 0.022964 -0.110782 0.76470588 0.54509804 0.44705882
v 0.850908 0.022822 -0.111860 0.69411765 0.45490196 0.37254902
v 0.853650 0.025679 -0.110615 0.69803922 0.50196078 0.46274510
v 0.759444 0.009077 -0.108591 0.74509804 0.53333333 0.43529412
v 0.859173 0.025735 -0.111415 0.69411765 0.55294118 0.48235294
v 0.839852 0.017193 -0.109001 0.63921569 0.40784314 0.36078431
v 0.837101 0.019907 -0.109185 0.52941176 0.30196078 0.24313725
v 0.764987 0.009068 -0.109689 0.72156863 0.52941176 0.42745098
v 0.842681 0.019788 -0.110498 0.61568627 0.39607843 0.33333333
v 0.845447 0.022577 -0.110899 0.67450980 0.43921569 0.35294118
v 0.762228 0.011802 -0.111249 0.77647059 0.56078431 0.45882353
v 0.756674 0.011845 -0.109700 0.77254902 0.56078431 0.45882353
v 0.839920 0.022533 -0.109582 0.64705882 0.39607843 0.32549020
v 0.842699 0.025286 -0.108640 0.74117647 0.51372549 0.44705882
v 0.759452 0.014590 -0.111359 0.80000000 0.60000000 0.49019608
v 0.762224 0.017357 -0.112114 0.81568627 0.61176471 0.50980392
v 0.848185 0.025453 -0.109069 0.71764706 0.51372549 0.42745098
v 0.753903 0.014618 -0.109754 0.77647059 0.57254902 0.45882353
v 0.756676 0.017379 -0.110239 0.81568627 0.61568627 0.50980392
v 0.759450 0.020141 -0.110811 0.82352941 0.63137255 0.52156863
v 0.762221 0.022911 -0.109660 0.80000000 0.60784314 0.50196078
v -0.865981 0.022734 -0.104661 0.58039216 0.38039216 0.31372549
v -0.866046 0.023176 -0.104661 0.59215686 0.39215686 0.31764706
v -0.863842 0.019331 -0.104661 0.61568627 0.39607843 0.33725490
v -0.864710 0.027382 -0.104661 0.63137255 0.44313725 0.33725490
v -0.860747 0.016886 -0.104661 0.65882353 0.43137255 0.36470588
v -0.858714 0.015845 -0.104661 0.64705882 0.42352941 0.36078431
v -0.856913 0.015178 -0.104661 0.65882353 0.43529412 0.36862745
v -0.852049 0.014501 -0.104661 0.65882353 0.43921569 0.37254902
v -0.851817 0.014489 -0.104661 0.65882353 0.44313725 0.37254902
v -0.781669 0.012848 -0.104661 0.69019608 0.46274510 0.36078431
v -0.778562 0.010413 -0.104661 0.69019608 0.47058824 0.37254902
v -0.774549 0.008884 -0.104661 0.69411765 0.47450980 0.37647059
v -0.774067 0.008770 -0.104661 0.69019608 0.47450980 0.38039216
v -0.860766 0.028979 -0.104661 0.66666667 0.45098039 0.34901961
v -0.859658 0.029057 -0.104661 0.67843137 0.45490196 0.35686275
v -0.769900 0.007992 -0.104661 0.69019608 0.47450980 0.38039216
v -0.767439 0.007684 -0.104661 0.69019608 0.47450980 0.38431373
v -0.764692 0.007660 -0.104661 0.68627451 0.47450980 0.38823529
v -0.854859 0.028575 -0.104661 0.67843137 0.44705882 0.34901961
v -0.854595 0.028557 -0.104661 0.68235294 0.44705882 0.34901961
v -0.849497 0.028530 -0.104661 0.69803922 0.45882353 0.36078431
v -0.848894 0.028602 -0.104661 0.72156863 0.47843137 0.38039216
v -0.844539 0.029119 -0.104661 0.73725490 0.47450980 0.37647059
v -0.846471 0.014538 -0.104661 0.63921569 0.42352941 0.35686275
v -0.846336 0.014549 -0.104661 0.63921569 0.42745098 0.36078431
v -0.841335 0.015089 -0.104661 0.65490196 0.43529412 0.36862745
v -0.840195 0.015273 -0.104661 0.63529412 0.41960784 0.34901961
v -0.836371 0.015666 -0.104661 0.62352941 0.39607843 0.32549020
v -0.833897 0.016030 -0.104661 0.66666667 0.40784314 0.33333333
v -0.842688 0.029309 -0.104661 0.73333333 0.47058824 0.36862745
v -0.839051 0.029378 -0.104661 0.72549020 0.46666667 0.36862745
v -0.837141 0.029409 -0.104661 0.72941176 0.48235294 0.40392157
v -0.832592 0.028510 -0.104661 0.74509804 0.50588235 0.40392157
v -0.831582 0.016418 -0.104661 0.67058824 0.41176471 0.33725490
v -0.827236 0.017613 -0.104661 0.69803922 0.44705882 0.38039216
v -0.826606 0.017781 -0.104661 0.70196078 0.45098039 0.38039216
v -0.823186 0.019104 -0.104661 0.71372549 0.46666667 0.37647059
v -0.784380 0.021218 -0.104661 0.71372549 0.48235294 0.34901961
v -0.782914 0.023161 -0.104661 0.72549020 0.49803922 0.37647059
v -0.783977 0.016081 -0.104661 0.69019608 0.45882353 0.34901961
v -0.784766 0.019471 -0.104661 0.69803922 0.46666667 0.34901961
v 0.772278 0.007349 -0.104661 0.69019608 0.49019608 0.39215686
v 0.768155 0.006751 -0.104661 0.69019608 0.49803922 0.39607843
v 0.776199 0.008969 -0.104661 0.69019608 0.48235294 0.38431373
v 0.775561 0.008613 -0.104661 0.69019608 0.48627451 0.38823529
v 0.779342 0.011367 -0.104661 0.69019608 0.47843137 0.38039216
v 0.782718 0.019054 -0.104661 0.69411765 0.47450980 0.37647059
v 0.781901 0.014349 -0.104661 0.69019608 0.47450980 0.37647059
v 0.781918 0.020477 -0.104661 0.70980392 0.46274510 0.35294118
v 0.829628 0.027309 -0.104661 0.72156863 0.52941176 0.46666667
v 0.827983 0.027218 -0.104661 0.71372549 0.52549020 0.45882353
v 0.824659 0.026709 -0.104661 0.72941176 0.52941176 0.44313725
v 0.821795 0.026465 -0.104661 0.72549020 0.50588235 0.40784314
v 0.782543 0.015594 -0.104661 0.69411765 0.47058824 0.37254902
v 0.834206 0.027997 -0.104661 0.68235294 0.53333333 0.47450980
v 0.831611 0.014466 -0.104661 0.63921569 0.43137255 0.35686275
v 0.762432 0.006113 -0.104661 0.66666667 0.47843137 0.38431373
v 0.761962 0.006099 -0.104661 0.66274510 0.47450980 0.38039216
v 0.831379 0.014486 -0.104661 0.65882353 0.45098039 0.37254902
v 0.826996 0.015445 -0.104661 0.69411765 0.47843137 0.40000000
v 0.756868 0.006136 -0.104661 0.66274510 0.47058824 0.37647059
v 0.756513 0.006191 -0.104661 0.66274510 0.46666667 0.37254902
v 0.824441 0.015966 -0.104661 0.71764706 0.50196078 0.43137255
v 0.767441 0.006645 -0.104661 0.68235294 0.49411765 0.39607843
v 0.779139 0.022652 -0.104661 0.71764706 0.49803922 0.40000000
v 0.822563 0.016461 -0.104661 0.73725490 0.51764706 0.44705882
v 0.778637 0.022774 -0.104661 0.72941176 0.51372549 0.41960784
v 0.853711 0.014574 -0.104661 0.66274510 0.45098039 0.39215686
v 0.853507 0.014528 -0.104661 0.65882353 0.45098039 0.39215686
v 0.775435 0.025094 -0.104661 0.73333333 0.52941176 0.43921569
v 0.843386 0.013749 -0.104661 0.67058824 0.45882353 0.40000000
v 0.841853 0.013823 -0.104661 0.65490196 0.43529412 0.38039216
v 0.848716 0.014016 -0.104661 0.66274510 0.45490196 0.39607843
v 0.847383 0.013879 -0.104661 0.67843137 0.47058824 0.41176471
v 0.857662 0.016163 -0.104661 0.65882353 0.44705882 0.38823529
v 0.860798 0.018569 -0.104661 0.65882353 0.45098039 0.38823529
v 0.863209 0.021699 -0.104661 0.67058824 0.47058824 0.40392157
v 0.863470 0.024490 -0.104661 0.66666667 0.48235294 0.41960784
v 0.860967 0.027529 -0.104661 0.67450980 0.49411765 0.42745098
v 0.856625 0.028283 -0.104661 0.66274510 0.49019608 0.42745098
v 0.856127 0.028230 -0.104661 0.65490196 0.48235294 0.41960784
v 0.837586 0.014050 -0.104661 0.63529412 0.41176471 0.35294118
v 0.836503 0.014085 -0.104661 0.62745098 0.41176471 0.34509804
v 0.839906 0.028131 -0.104661 0.70588235 0.52156863 0.45098039
v 0.839903 0.028131 -0.104661 0.67450980 0.52156863 0.46666667
v 0.834467 0.028040 -0.104661 0.67843137 0.53333333 0.47450980
v 0.851356 0.027944 -0.104661 0.65490196 0.47843137 0.41176471
v 0.850449 0.027935 -0.104661 0.66274510 0.47843137 0.41176471
v 0.845602 0.028060 -0.104661 0.67450980 0.49019608 0.41568627
v 0.845217 0.028038 -0.104661 0.70588235 0.51372549 0.43921569
v -0.832507 0.028503 -0.104661 0.74509804 0.50588235 0.40392157
v -0.827165 0.028303 -0.104661 0.70980392 0.46666667 0.38039216
v -0.826798 0.028257 -0.104661 0.70588235 0.46274510 0.37647059
v -0.822774 0.027154 -0.104661 0.67058824 0.43529412 0.34901961
v -0.865792 0.022923 -0.108255 0.63529412 0.40784314 0.33725490
v -0.851939 0.014611 -0.106176 0.69803922 0.47450980 0.40392157
v -0.782677 0.011839 -0.107549 0.69019608 0.46274510 0.35686275
v -0.854720 0.028435 -0.105790 0.69019608 0.46274510 0.36470588
v -0.768823 0.009070 -0.107577 0.69019608 0.47450980 0.38431373
v -0.849233 0.028276 -0.105520 0.73725490 0.51764706 0.42745098
v -0.763282 0.009070 -0.106947 0.69019608 0.48235294 0.39215686
v -0.843686 0.028294 -0.106401 0.74117647 0.47450980 0.38039216
v -0.846398 0.014611 -0.105152 0.67843137 0.45490196 0.38823529
v -0.840875 0.025641 -0.108360 0.69411765 0.44705882 0.34901961
v -0.838087 0.017382 -0.107219 0.68627451 0.44313725 0.36862745
v -0.835316 0.020152 -0.108076 0.70196078 0.45490196 0.37254902
v -0.832546 0.017382 -0.105906 0.67450980 0.41176471 0.34117647
v -0.838111 0.028393 -0.105914 0.71372549 0.46274510 0.37254902
v -0.835316 0.025693 -0.107604 0.67450980 0.46666667 0.38039216
v -0.832546 0.028464 -0.104711 0.74509804 0.50588235 0.40392157
v -0.832546 0.022923 -0.107439 0.67843137 0.44705882 0.38431373
v -0.829775 0.020152 -0.106799 0.70196078 0.43529412 0.38039216
v -0.829775 0.025693 -0.106740 0.68627451 0.45490196 0.37647059
v -0.827005 0.022923 -0.107306 0.72549020 0.48235294 0.39607843
v -0.824234 0.020152 -0.105561 0.70588235 0.45882353 0.36470588
v -0.788217 0.017382 -0.108058 0.69019608 0.45490196 0.34117647
v -0.785446 0.020152 -0.105615 0.69019608 0.45490196 0.32549020
v -0.785448 0.014610 -0.106990 0.69019608 0.45882353 0.34901961
v 0.784368 0.017423 -0.106044 0.67843137 0.43921569 0.32549020
v 0.826045 0.019824 -0.106890 0.71764706 0.48235294 0.39215686
v 0.831492 0.014573 -0.104860 0.66666667 0.45490196 0.37254902
v 0.828819 0.022589 -0.107351 0.66666667 0.41960784 0.32156863
v 0.828756 0.017237 -0.106704 0.70588235 0.49019608 0.40784314
v 0.823244 0.017143 -0.105423 0.74117647 0.51764706 0.44705882
v 0.853632 0.014651 -0.107445 0.64313725 0.43137255 0.37647059
v 0.842602 0.014485 -0.106991 0.70196078 0.49019608 0.43529412
v 0.823303 0.022512 -0.106268 0.68627451 0.45882353 0.36078431
v 0.826069 0.025303 -0.105985 0.72156863 0.49803922 0.40392157
v 0.831594 0.025353 -0.106772 0.71372549 0.48235294 0.39607843
v 0.848115 0.014575 -0.107653 0.66666667 0.46274510 0.40000000
v 0.820554 0.025223 -0.105381 0.71764706 0.49019608 0.38823529
v 0.762204 0.006341 -0.105195 0.65098039 0.47058824 0.38039216
v 0.837026 0.014596 -0.105926 0.61960784 0.38039216 0.32941176
v 0.834293 0.017248 -0.108043 0.56470588 0.34509804 0.27843137
v 0.756663 0.006341 -0.105005 0.67058824 0.46666667 0.37647059
v 0.831563 0.019898 -0.108153 0.60784314 0.40392157 0.30980392
v 0.834360 0.022590 -0.108539 0.58823529 0.35686275 0.27450980
v 0.778827 0.022964 -0.105992 0.71372549 0.50196078 0.42745098
v 0.837151 0.025305 -0.107718 0.72156863 0.49803922 0.42352941
v 0.764986 0.025699 -0.107587 0.76078431 0.56470588 0.46274510
v -0.775941 0.027229 -0.104661 0.72549020 0.49411765 0.39215686
v -0.766433 0.028844 -0.104661 0.71764706 0.49411765 0.39607843
v -0.781097 0.024502 -0.104661 0.75294118 0.52941176 0.39215686
v -0.765632 0.028885 -0.104661 0.71372549 0.48627451 0.39215686
v -0.755312 0.028122 -0.104661 0.74509804 0.50980392 0.40784314
v -0.756488 0.007817 -0.104661 0.67058824 0.46274510 0.37647059
v -0.752784 0.008486 -0.104661 0.69411765 0.49019608 0.39607843
v -0.754451 0.027944 -0.104661 0.74509804 0.50980392 0.40784314
v -0.746279 0.026074 -0.104661 0.66274510 0.45882353 0.36470588
v -0.738372 0.022898 -0.104661 0.79607843 0.56862745 0.45098039
v -0.747191 0.009602 -0.104661 0.73725490 0.51764706 0.42352941
v -0.739135 0.012629 -0.104661 0.75686275 0.54509804 0.42745098
v 0.815412 0.020267 -0.104661 0.63137255 0.40784314 0.30196078
v 0.819774 0.026001 -0.104661 0.71764706 0.49019608 0.38431373
v 0.750230 0.007233 -0.104661 0.66274510 0.46666667 0.37254902
v 0.747053 0.007814 -0.104661 0.68627451 0.47843137 0.38431373
v 0.738605 0.010447 -0.104661 0.68235294 0.46666667 0.37254902
v 0.732276 0.015201 -0.104661 0.73725490 0.51372549 0.40784314
v 0.766344 0.027078 -0.104661 0.75294118 0.54901961 0.44705882
v 0.743899 0.024634 -0.104661 0.80392157 0.59607843 0.48627451
v 0.740753 0.023666 -0.104661 0.80000000 0.59607843 0.49019608
v 0.752926 0.026670 -0.104661 0.79607843 0.57254902 0.47450980
v 0.763418 0.027278 -0.104661 0.76862745 0.56470588 0.46274510
v 0.755059 0.026825 -0.104661 0.76862745 0.54901961 0.43921569
v 0.735853 0.021605 -0.104661 0.76470588 0.55294118 0.44313725
v -0.766053 0.028464 -0.105458 0.70980392 0.48235294 0.38823529
v -0.760523 0.022888 -0.110061 0.76862745 0.54117647 0.43137255
v -0.754971 0.017382 -0.109763 0.76862745 0.54901961 0.43529412
v -0.749430 0.011841 -0.106829 0.76078431 0.54509804 0.43921569
v -0.749430 0.022923 -0.107041 0.76078431 0.53333333 0.41960784
v -0.743888 0.017382 -0.106964 0.80392157 0.58039216 0.46666667
v 0.748351 0.009112 -0.106133 0.69411765 0.48627451 0.38823529
v 0.742810 0.014653 -0.107122 0.75294118 0.53333333 0.43529412
v 0.737271 0.020186 -0.105398 0.76862745 0.54901961 0.44705882
v 0.748356 0.020179 -0.107891 0.80000000 0.58431373 0.48627451
v 0.753905 0.025694 -0.105752 0.79215686 0.56862745 0.47058824
v -0.862056 0.021117 -0.100742 0.49019608 0.30588235 0.28627451
v -0.862374 0.025046 -0.100742 0.47843137 0.31372549 0.26274510
v -0.859224 0.018409 -0.100742 0.53333333 0.33725490 0.29803922
v -0.855498 0.016593 -0.100742 0.59215686 0.38431373 0.32549020
v -0.853407 0.016079 -0.100742 0.57647059 0.37254902 0.30980392
v -0.835036 0.030954 -0.100742 0.73333333 0.49019608 0.38823529
v -0.829891 0.031118 -0.100742 0.73725490 0.51764706 0.43529412
v -0.829670 0.031130 -0.100742 0.73725490 0.51372549 0.43529412
v -0.824514 0.030955 -0.100742 0.70980392 0.48627451 0.41176471
v -0.823989 0.030990 -0.100742 0.71372549 0.48235294 0.40784314
v -0.834923 0.015005 -0.100743 0.59215686 0.37254902 0.30588235
v -0.830247 0.015083 -0.100742 0.60392157 0.37647059 0.30980392
v -0.829252 0.015134 -0.100742 0.61568627 0.38823529 0.32156863
v -0.824905 0.015282 -0.100742 0.63921569 0.41568627 0.34117647
v -0.823507 0.015339 -0.100742 0.66274510 0.43529412 0.35686275
v -0.858724 0.026937 -0.100742 0.56470588 0.36078431 0.27450980
v -0.855762 0.027400 -0.100742 0.61176471 0.37647059 0.27843137
v -0.819856 0.015774 -0.100742 0.71372549 0.48235294 0.39607843
v -0.853993 0.027711 -0.100742 0.63921569 0.38431373 0.27058824
v -0.816774 0.016530 -0.100742 0.72549020 0.49411765 0.40000000
v -0.849502 0.028650 -0.100742 0.68627451 0.43529412 0.32549020
v -0.815387 0.016846 -0.100742 0.67058824 0.45490196 0.36470588
v -0.810917 0.017917 -0.100742 0.70588235 0.48235294 0.38823529
v -0.848719 0.028832 -0.100742 0.72156863 0.45882353 0.35686275
v -0.844901 0.029587 -0.100742 0.77254902 0.47450980 0.36862745
v -0.850881 0.015670 -0.100742 0.57254902 0.37254902 0.30980392
v -0.847177 0.015389 -0.100742 0.53725490 0.34901961 0.28627451
v -0.845691 0.015318 -0.100742 0.51764706 0.34117647 0.27843137
v -0.841629 0.015383 -0.100742 0.54901961 0.36078431 0.29803922
v -0.808587 0.019176 -0.100742 0.76078431 0.52549020 0.43921569
v -0.840085 0.015383 -0.100742 0.57254902 0.36862745 0.30196078
v -0.835734 0.015029 -0.100743 0.58039216 0.36862745 0.30196078
v -0.807383 0.019924 -0.100742 0.77647059 0.53333333 0.45098039
v -0.841874 0.030197 -0.100742 0.72549020 0.45882353 0.35294118
v -0.804349 0.022432 -0.100742 0.71764706 0.47058824 0.39215686
v -0.840076 0.030409 -0.100742 0.71372549 0.45882353 0.34509804
v -0.783332 0.016725 -0.100742 0.68627451 0.45882353 0.35294118
v -0.783841 0.018547 -0.100742 0.69019608 0.46666667 0.35686275
v -0.835627 0.030923 -0.100742 0.72156863 0.47058824 0.36078431
v -0.781233 0.013284 -0.100742 0.67843137 0.45882353 0.35686275
v -0.784072 0.021527 -0.100742 0.70196078 0.47450980 0.36078431
v -0.778165 0.010810 -0.100743 0.68235294 0.46274510 0.36470588
v -0.774435 0.008999 -0.100742 0.68627451 0.46666667 0.36862745
v -0.774165 0.008869 -0.100742 0.68235294 0.46666667 0.37254902
v -0.770581 0.007311 -0.100742 0.68627451 0.47058824 0.37647059
v -0.766605 0.006851 -0.100742 0.68235294 0.47058824 0.38039216
v -0.765469 0.006883 -0.100742 0.68235294 0.47058824 0.38039216
v 0.832313 0.013790 -0.100742 0.61960784 0.41960784 0.34901961
v 0.830586 0.013742 -0.100742 0.63529412 0.43529412 0.36078431
v 0.826647 0.013862 -0.100742 0.62745098 0.43137255 0.36078431
v 0.825388 0.013965 -0.100742 0.61960784 0.42745098 0.35686275
v 0.820689 0.014721 -0.100742 0.65882353 0.45490196 0.38431373
v 0.842667 0.014513 -0.100743 0.65490196 0.44705882 0.38431373
v 0.842441 0.014501 -0.100742 0.64313725 0.43529412 0.37254902
v 0.852177 0.016108 -0.100742 0.66666667 0.45882353 0.39607843
v 0.848679 0.015236 -0.100742 0.65882353 0.45490196 0.39215686
v 0.768093 0.005993 -0.100742 0.67843137 0.48235294 0.38823529
v 0.847700 0.015040 -0.100742 0.65882353 0.45098039 0.38823529
v 0.767200 0.005796 -0.100742 0.67843137 0.48235294 0.38823529
v 0.856015 0.017810 -0.100742 0.68627451 0.47058824 0.40784314
v 0.772162 0.007465 -0.100742 0.68627451 0.48627451 0.38823529
v 0.775812 0.009357 -0.100742 0.69411765 0.48627451 0.39215686
v 0.778709 0.012001 -0.100742 0.69803922 0.48627451 0.38823529
v 0.858964 0.020402 -0.100742 0.73333333 0.51372549 0.44313725
v 0.780625 0.015605 -0.100742 0.70196078 0.48627451 0.38823529
v 0.858391 0.024953 -0.100742 0.57254902 0.44705882 0.39607843
v 0.782281 0.019480 -0.100742 0.70588235 0.48627451 0.38431373
v 0.853998 0.026101 -0.100742 0.61568627 0.46274510 0.40000000
v 0.837386 0.014264 -0.100743 0.63529412 0.42352941 0.36078431
v 0.836570 0.014212 -0.100742 0.62745098 0.41960784 0.35294118
v 0.839156 0.028975 -0.100742 0.71764706 0.55294118 0.46274510
v 0.835373 0.029342 -0.100742 0.71764706 0.54901961 0.46666667
v 0.853045 0.026314 -0.100742 0.62745098 0.45882353 0.39607843
v 0.849769 0.027345 -0.100742 0.61176471 0.43137255 0.38039216
v 0.845511 0.028201 -0.100742 0.62745098 0.45490196 0.38823529
v 0.845277 0.028229 -0.100742 0.66666667 0.49019608 0.41176471
v 0.840398 0.028797 -0.100743 0.69803922 0.52549020 0.43529412
v 0.805726 0.018100 -0.100742 0.75686275 0.54509804 0.43921569
v 0.803452 0.019480 -0.100742 0.74901961 0.54901961 0.43137255
v 0.820162 0.014752 -0.100742 0.66274510 0.45882353 0.38431373
v 0.815539 0.015139 -0.100742 0.65098039 0.45098039 0.37254902
v 0.813985 0.015446 -0.100742 0.66274510 0.45882353 0.37647059
v 0.811015 0.016227 -0.100743 0.68235294 0.47843137 0.39215686
v 0.806902 0.017620 -0.100742 0.76078431 0.54901961 0.45490196
v 0.782265 0.020724 -0.100742 0.71372549 0.49019608 0.39215686
v 0.827592 0.029412 -0.100742 0.69411765 0.50588235 0.43137255
v 0.824226 0.029116 -0.100742 0.68627451 0.49803922 0.41960784
v 0.833037 0.029542 -0.100742 0.70588235 0.53333333 0.46274510
v 0.830190 0.029637 -0.100742 0.70196078 0.51764706 0.45098039
v 0.763333 0.005212 -0.100742 0.67058824 0.47843137 0.38431373
v 0.760847 0.004984 -0.100742 0.66274510 0.47450980 0.38039216
v 0.758038 0.004966 -0.100742 0.65882353 0.46666667 0.37647059
v 0.755588 0.005266 -0.100742 0.65882353 0.46666667 0.37254902
v 0.780933 0.020797 -0.100742 0.72549020 0.50196078 0.40392157
v 0.778793 0.022784 -0.100742 0.73333333 0.51764706 0.41960784
v 0.775672 0.025209 -0.100742 0.74117647 0.52941176 0.43137255
v -0.865792 0.022923 -0.104044 0.44313725 0.30588235 0.24705882
v -0.863022 0.020152 -0.102175 0.54509804 0.35294118 0.30196078
v -0.863022 0.025693 -0.101280 0.49803922 0.33333333 0.26666667
v -0.860251 0.017382 -0.102764 0.60000000 0.38823529 0.32941176
v -0.851939 0.014611 -0.103523 0.62352941 0.41176471 0.34509804
v -0.827004 0.028464 -0.104504 0.70980392 0.46666667 0.38039216
v -0.821463 0.028464 -0.103735 0.68235294 0.44705882 0.36862745
v -0.827005 0.017382 -0.104381 0.70196078 0.45098039 0.38039216
v -0.821464 0.017382 -0.103197 0.69411765 0.45882353 0.37647059
v -0.818693 0.020152 -0.103930 0.74901961 0.49803922 0.41176471
v -0.815922 0.017382 -0.101401 0.72549020 0.49411765 0.39607843
v -0.815922 0.022923 -0.103729 0.76078431 0.52549020 0.43137255
v -0.813152 0.020152 -0.102578 0.72156863 0.49019608 0.38431373
v -0.813152 0.025693 -0.103026 0.75686275 0.51372549 0.43137255
v -0.810381 0.022923 -0.102433 0.72941176 0.49411765 0.40392157
v -0.807611 0.020152 -0.100905 0.76862745 0.52941176 0.44313725
v -0.860251 0.028464 -0.103013 0.68235294 0.45490196 0.32549020
v -0.810381 0.028464 -0.101401 0.71764706 0.45490196 0.39607843
v -0.854722 0.028430 -0.102981 0.65882353 0.42352941 0.32156863
v -0.846398 0.014611 -0.102701 0.59215686 0.39215686 0.32549020
v -0.807611 0.025693 -0.101147 0.76470588 0.50588235 0.42352941
v -0.804840 0.022923 -0.100940 0.71764706 0.47450980 0.39607843
v 0.825990 0.014447 -0.102679 0.65882353 0.45490196 0.38431373
v 0.853632 0.014653 -0.104160 0.67058824 0.45882353 0.39607843
v 0.848092 0.014647 -0.101509 0.66274510 0.45490196 0.39607843
v 0.856402 0.017423 -0.101264 0.68235294 0.47058824 0.40784314
v 0.859173 0.020194 -0.100987 0.67450980 0.47058824 0.40784314
v 0.861943 0.022964 -0.102302 0.64313725 0.46666667 0.41960784
v 0.767745 0.006341 -0.103184 0.68235294 0.48627451 0.38823529
v 0.859173 0.025735 -0.101536 0.64313725 0.47450980 0.41568627
v 0.839904 0.028133 -0.104657 0.70196078 0.52941176 0.45490196
v 0.776058 0.009110 -0.103522 0.69411765 0.48627451 0.38823529
v 0.834356 0.028153 -0.104473 0.69411765 0.53333333 0.46666667
v 0.778830 0.011880 -0.101986 0.69411765 0.48235294 0.38431373
v 0.781599 0.014651 -0.104088 0.69411765 0.48235294 0.38039216
v 0.803855 0.019902 -0.100978 0.75294118 0.54901961 0.43529412
v 0.817698 0.017160 -0.103274 0.70196078 0.48235294 0.39607843
v 0.812110 0.017308 -0.102006 0.72549020 0.49803922 0.41568627
v 0.814960 0.019831 -0.104454 0.63921569 0.41176471 0.30980392
v 0.809400 0.019890 -0.102653 0.74509804 0.51372549 0.42745098
v 0.812219 0.022514 -0.103450 0.60784314 0.38431373 0.29019608
v 0.806662 0.022562 -0.101732 0.69411765 0.47450980 0.37647059
v 0.809454 0.025275 -0.102530 0.66274510 0.44313725 0.35686275
v 0.828824 0.028127 -0.103710 0.70980392 0.51764706 0.45098039
v 0.823308 0.028051 -0.102653 0.70980392 0.53725490 0.45882353
v -0.834691 0.030609 -0.096824 0.72941176 0.46666667 0.34117647
v -0.829910 0.031370 -0.096824 0.73725490 0.49019608 0.38039216
v -0.829578 0.031432 -0.096824 0.74117647 0.49411765 0.38823529
v -0.825315 0.032315 -0.096824 0.73725490 0.49019608 0.38431373
v -0.834068 0.015859 -0.096824 0.53333333 0.33725490 0.27450980
v -0.830603 0.015439 -0.096824 0.54117647 0.33725490 0.27843137
v -0.829052 0.015335 -0.096824 0.52941176 0.33333333 0.27450980
v -0.824619 0.014996 -0.096824 0.55686275 0.35686275 0.28627451
v -0.823907 0.014938 -0.096824 0.60000000 0.39215686 0.31372549
v -0.818843 0.014761 -0.096824 0.60392157 0.40000000 0.31764706
v -0.818557 0.014748 -0.096824 0.60784314 0.40392157 0.32156863
v -0.813452 0.014911 -0.096824 0.60000000 0.40000000 0.31764706
v -0.812850 0.014913 -0.096824 0.61960784 0.41568627 0.33333333
v -0.808076 0.015076 -0.096824 0.61176471 0.40784314 0.32941176
v -0.806400 0.015822 -0.096824 0.65882353 0.44313725 0.36470588
v -0.804269 0.016811 -0.096824 0.63921569 0.42352941 0.34509804
v -0.799639 0.017721 -0.096824 0.65490196 0.43529412 0.35294118
v -0.850644 0.021448 -0.096824 0.54901961 0.33333333 0.26274510
v -0.787355 0.018243 -0.096824 0.67450980 0.45490196 0.35294118
v -0.850467 0.024220 -0.096824 0.60392157 0.37254902 0.29019608
v -0.784603 0.015455 -0.096824 0.67843137 0.45490196 0.35294118
v -0.781310 0.013206 -0.096824 0.67058824 0.45098039 0.34901961
v -0.847187 0.026428 -0.096824 0.68627451 0.43529412 0.34509804
v -0.778317 0.010658 -0.096824 0.67058824 0.45098039 0.35686275
v -0.844014 0.028056 -0.096824 0.69411765 0.42352941 0.33333333
v -0.774772 0.008662 -0.096824 0.67450980 0.45490196 0.36078431
v -0.847004 0.019547 -0.096824 0.50588235 0.31372549 0.25098039
v -0.773157 0.007861 -0.096824 0.67450980 0.45882353 0.36470588
v -0.845058 0.018812 -0.096824 0.48235294 0.30588235 0.23921569
v -0.770823 0.007069 -0.096824 0.67450980 0.46274510 0.36862745
v -0.766144 0.006208 -0.096824 0.67450980 0.46274510 0.37254902
v -0.842928 0.018081 -0.096824 0.45490196 0.29803922 0.23529412
v -0.843481 0.028285 -0.096824 0.70196078 0.42352941 0.32941176
v -0.838607 0.016862 -0.096824 0.52156863 0.33725490 0.27058824
v -0.837162 0.016457 -0.096824 0.52941176 0.33725490 0.27058824
v -0.839200 0.029577 -0.096824 0.69019608 0.43529412 0.30588235
v -0.836215 0.030335 -0.096824 0.71372549 0.45882353 0.32941176
v 0.821231 0.013773 -0.096824 0.58431373 0.40392157 0.33333333
v 0.819545 0.013730 -0.096824 0.60784314 0.41960784 0.34901961
v 0.826383 0.014180 -0.096824 0.59607843 0.40784314 0.34117647
v 0.825416 0.014058 -0.096824 0.59215686 0.40784314 0.33725490
v 0.831443 0.014677 -0.096824 0.56862745 0.38823529 0.32156863
v 0.840092 0.017109 -0.096824 0.62352941 0.42745098 0.36078431
v 0.839153 0.016794 -0.096824 0.61176471 0.41568627 0.34509804
v 0.835959 0.015701 -0.096824 0.59607843 0.40000000 0.33333333
v 0.831498 0.014683 -0.096824 0.56862745 0.38431373 0.31764706
v 0.844119 0.018623 -0.096824 0.63529412 0.43921569 0.37254902
v 0.847464 0.020820 -0.096824 0.63921569 0.44313725 0.37647059
v 0.841091 0.027091 -0.096824 0.69803922 0.53333333 0.42745098
v 0.839198 0.027736 -0.096824 0.70980392 0.54901961 0.45098039
v 0.834655 0.028750 -0.096824 0.73725490 0.57254902 0.48627451
v 0.846544 0.024143 -0.096824 0.52549020 0.34509804 0.30588235
v 0.843135 0.026190 -0.096824 0.63529412 0.47058824 0.38039216
v 0.809721 0.014207 -0.096824 0.58823529 0.41176471 0.33333333
v 0.808975 0.014270 -0.096824 0.61568627 0.43137255 0.34901961
v 0.804248 0.015080 -0.096824 0.67058824 0.47843137 0.38431373
v 0.768145 0.005941 -0.096824 0.67843137 0.48235294 0.38431373
v 0.767219 0.005815 -0.096824 0.67058824 0.47843137 0.38431373
v 0.803047 0.015313 -0.096824 0.69411765 0.49411765 0.39607843
v 0.799988 0.016196 -0.096824 0.67058824 0.47843137 0.38431373
v 0.772229 0.007398 -0.096824 0.68627451 0.48235294 0.38823529
v 0.815702 0.013758 -0.096824 0.57254902 0.40000000 0.32549020
v 0.814085 0.013871 -0.096824 0.59607843 0.41176471 0.33725490
v 0.794591 0.018099 -0.096824 0.76078431 0.54117647 0.44705882
v 0.775782 0.009386 -0.096824 0.69019608 0.48627451 0.39215686
v 0.791470 0.018617 -0.096824 0.73725490 0.52156863 0.42352941
v 0.778602 0.012107 -0.096824 0.69803922 0.49019608 0.39215686
v 0.790464 0.022156 -0.096824 0.73333333 0.51764706 0.41960784
v 0.781589 0.014636 -0.096824 0.70196078 0.49019608 0.39215686
v 0.783583 0.018137 -0.096824 0.71764706 0.49803922 0.40000000
v 0.782898 0.021172 -0.096824 0.73725490 0.51764706 0.41960784
v 0.826945 0.030100 -0.096824 0.65882353 0.45882353 0.38823529
v 0.825411 0.030421 -0.096824 0.66666667 0.46666667 0.38823529
v 0.833643 0.029015 -0.096824 0.70980392 0.53333333 0.45882353
v 0.830033 0.029594 -0.096824 0.68235294 0.49803922 0.43529412
v 0.763475 0.005070 -0.096824 0.66666667 0.47450980 0.38039216
v 0.760226 0.004363 -0.096824 0.66274510 0.47058824 0.37647059
v 0.758789 0.004215 -0.096824 0.65882353 0.46666667 0.37254902
v 0.754610 0.004288 -0.096824 0.65490196 0.46274510 0.36862745
v 0.777712 0.023974 -0.096824 0.75686275 0.54901961 0.44705882
v 0.775919 0.025385 -0.096824 0.74509804 0.53333333 0.43137255
v -0.822766 0.032702 -0.096824 0.74117647 0.49411765 0.38039216
v -0.820430 0.032972 -0.096824 0.72941176 0.49019608 0.38823529
v -0.816814 0.033113 -0.096824 0.72549020 0.51764706 0.43529412
v -0.814997 0.033080 -0.096824 0.73333333 0.50588235 0.41568627
v -0.811525 0.032861 -0.096824 0.71372549 0.45882353 0.35686275
v -0.808774 0.032398 -0.096824 0.69411765 0.45098039 0.36078431
v -0.806882 0.031963 -0.096824 0.64313725 0.42745098 0.34901961
v -0.802754 0.030550 -0.096824 0.68627451 0.45098039 0.35686275
v -0.800955 0.030120 -0.096824 0.73333333 0.49803922 0.40392157
v 0.813584 0.032302 -0.096824 0.70588235 0.50980392 0.42352941
v 0.810395 0.031829 -0.096824 0.69803922 0.49019608 0.40392157
v 0.808796 0.031496 -0.096824 0.69803922 0.46666667 0.37254902
v 0.803966 0.030806 -0.096824 0.69803922 0.46666667 0.36862745
v 0.820787 0.031238 -0.096824 0.67843137 0.47843137 0.40000000
v 0.820021 0.031431 -0.096824 0.69803922 0.50588235 0.42745098
v 0.816224 0.032213 -0.096824 0.71372549 0.51372549 0.42352941
v -0.860251 0.022923 -0.099363 0.45098039 0.27450980 0.25490196
v -0.857480 0.020152 -0.098744 0.50588235 0.30980392 0.28235294
v -0.854710 0.017382 -0.099692 0.54509804 0.34509804 0.29411765
v -0.829775 0.031234 -0.100541 0.73333333 0.49411765 0.39607843
v -0.824234 0.031234 -0.100338 0.72549020 0.49019608 0.39607843
v -0.810381 0.017382 -0.100269 0.67058824 0.45490196 0.36862745
v -0.804840 0.017382 -0.097974 0.71372549 0.48235294 0.40000000
v -0.802070 0.020152 -0.099267 0.73725490 0.49411765 0.41176471
v -0.785446 0.020152 -0.098230 0.69019608 0.46666667 0.36078431
v -0.857481 0.025693 -0.099348 0.50980392 0.32156863 0.24313725
v -0.854710 0.022923 -0.097623 0.55294118 0.34117647 0.25882353
v -0.766053 0.006299 -0.097992 0.67843137 0.46666667 0.37647059
v -0.851939 0.020152 -0.097333 0.50980392 0.31764706 0.25490196
v -0.851940 0.025693 -0.097589 0.64313725 0.40392157 0.30588235
v -0.849196 0.028384 -0.099649 0.70588235 0.43921569 0.32156863
v -0.843636 0.028439 -0.097052 0.70588235 0.42352941 0.32941176
v -0.849169 0.017382 -0.098414 0.52941176 0.33725490 0.27450980
v -0.843628 0.017382 -0.097547 0.43137255 0.30588235 0.24705882
v 0.831468 0.014653 -0.096879 0.59607843 0.40784314 0.33725490
v 0.820440 0.014476 -0.100425 0.62745098 0.43529412 0.36470588
v 0.842559 0.014621 -0.100507 0.63529412 0.43137255 0.36470588
v 0.850861 0.017423 -0.099148 0.65490196 0.45098039 0.38431373
v 0.845321 0.017420 -0.097825 0.65098039 0.44705882 0.38431373
v 0.848091 0.020194 -0.097051 0.66666667 0.47058824 0.40000000
v 0.853632 0.020194 -0.098462 0.67058824 0.46274510 0.39215686
v 0.856402 0.022964 -0.099172 0.64705882 0.45490196 0.36470588
v 0.850861 0.022964 -0.097521 0.62352941 0.41568627 0.35686275
v 0.853632 0.025735 -0.100249 0.55686275 0.45490196 0.40000000
v 0.837010 0.014649 -0.099389 0.61960784 0.41960784 0.34901961
v 0.839842 0.028319 -0.098124 0.75686275 0.59607843 0.48627451
v 0.848104 0.025695 -0.097843 0.51372549 0.35294118 0.34117647
v 0.809328 0.014573 -0.097786 0.64313725 0.45098039 0.36862745
v 0.806569 0.017308 -0.100394 0.70196078 0.49803922 0.40784314
v 0.801046 0.017248 -0.098550 0.74901961 0.54117647 0.42745098
v 0.814874 0.014557 -0.099724 0.61568627 0.42745098 0.35294118
v 0.792802 0.019806 -0.097672 0.74509804 0.52549020 0.42352941
v 0.778872 0.022824 -0.098363 0.74117647 0.52549020 0.42352941
v -0.798749 0.017932 -0.096824 0.64705882 0.42745098 0.34117647
v -0.732634 0.006127 -0.096824 0.63921569 0.45490196 0.36078431
v -0.790902 0.020067 -0.096824 0.66274510 0.43921569 0.34509804
v -0.723912 0.008488 -0.096824 0.63921569 0.45098039 0.36078431
v -0.798484 0.029279 -0.096824 0.76078431 0.52156863 0.43529412
v -0.791733 0.024948 -0.096824 0.69019608 0.45882353 0.36078431
v -0.716630 0.012288 -0.096824 0.64705882 0.45098039 0.36862745
v -0.783828 0.024075 -0.096824 0.70196078 0.47450980 0.37647059
v -0.779250 0.026348 -0.096824 0.72549020 0.49803922 0.39215686
v -0.738289 0.033947 -0.096824 0.58823529 0.41960784 0.34117647
v -0.727587 0.033683 -0.096824 0.60784314 0.43137255 0.35294118
v -0.776695 0.028024 -0.096824 0.72549020 0.49803922 0.39607843
v -0.726865 0.033598 -0.096824 0.70588235 0.49411765 0.40000000
v -0.765959 0.006205 -0.096824 0.67450980 0.46274510 0.37254902
v -0.755900 0.005370 -0.096824 0.67058824 0.46274510 0.37254902
v -0.718551 0.031637 -0.096824 0.70196078 0.49411765 0.39607843
v -0.753963 0.005292 -0.096824 0.67058824 0.46666667 0.37647059
v -0.711986 0.027119 -0.096824 0.69803922 0.49411765 0.40392157
v -0.768857 0.031268 -0.096824 0.72941176 0.50588235 0.40784314
v -0.711469 0.018209 -0.096824 0.63529412 0.44313725 0.36078431
v -0.761273 0.033244 -0.096824 0.70588235 0.49019608 0.40784314
v -0.759996 0.033489 -0.096824 0.71764706 0.50196078 0.41176471
v -0.749514 0.034089 -0.096824 0.73333333 0.52156863 0.43529412
v -0.749332 0.034103 -0.096824 0.73333333 0.52156863 0.43529412
v -0.738404 0.033948 -0.096824 0.55294118 0.40000000 0.32549020
v 0.795843 0.027772 -0.096824 0.71372549 0.49411765 0.39607843
v -0.745105 0.005083 -0.096824 0.66666667 0.46274510 0.37254902
v 0.803910 0.030793 -0.096824 0.70588235 0.47450980 0.37647059
v -0.742675 0.005086 -0.096824 0.65098039 0.45882353 0.36862745
v -0.733026 0.006080 -0.096824 0.64313725 0.45490196 0.36470588
v 0.730557 0.004741 -0.096824 0.56470588 0.37647059 0.30196078
v 0.723319 0.006244 -0.096824 0.55294118 0.38431373 0.30980392
v 0.753302 0.004161 -0.096824 0.65490196 0.46274510 0.36862745
v 0.742516 0.003865 -0.096824 0.62352941 0.43529412 0.34901961
v 0.743094 0.003854 -0.096824 0.65098039 0.45490196 0.36470588
v 0.732533 0.004375 -0.096824 0.56470588 0.37647059 0.29803922
v 0.768490 0.029123 -0.096824 0.74901961 0.53333333 0.43137255
v 0.759847 0.031534 -0.096824 0.74509804 0.53333333 0.43137255
v 0.758941 0.031690 -0.096824 0.74117647 0.52941176 0.43137255
v 0.749704 0.032505 -0.096824 0.75294118 0.52941176 0.43137255
v 0.715529 0.009533 -0.096824 0.59215686 0.40000000 0.29411765
v 0.713173 0.011043 -0.096824 0.63137255 0.49803922 0.42352941
v 0.709419 0.014505 -0.096824 0.82352941 0.81568627 0.82745098
v 0.708633 0.015584 -0.096824 0.83529412 0.83137255 0.84705882
v 0.707744 0.023911 -0.096824 0.89019608 0.89411765 0.89411765
v 0.709144 0.026155 -0.096824 0.90196078 0.90588235 0.90196078
v 0.715933 0.030447 -0.096824 0.68627451 0.54117647 0.46666667
v 0.713180 0.029351 -0.096824 0.86666667 0.81568627 0.77254902
v 0.725158 0.032304 -0.096824 0.74901961 0.54117647 0.43921569
v 0.746847 0.032735 -0.096824 0.74509804 0.53333333 0.43137255
v 0.738780 0.032757 -0.096824 0.78431373 0.55294118 0.44313725
v 0.735888 0.032653 -0.096824 0.78431373 0.56078431 0.45882353
v 0.727451 0.032540 -0.096824 0.72156863 0.51764706 0.42745098
v -0.799299 0.028464 -0.097694 0.74901961 0.50980392 0.41960784
v -0.738347 0.011841 -0.104091 0.74901961 0.53333333 0.41960784
v -0.793758 0.022923 -0.097496 0.61960784 0.40000000 0.29803922
v -0.738347 0.022923 -0.104645 0.78823529 0.56470588 0.44705882
v -0.732806 0.017382 -0.104131 0.76470588 0.54901961 0.43529412
v -0.732806 0.006300 -0.097151 0.64313725 0.45882353 0.36470588
v -0.727265 0.011841 -0.100697 0.70196078 0.50588235 0.40392157
v -0.754971 0.006299 -0.101044 0.68235294 0.47450980 0.38431373
v -0.732806 0.028464 -0.101142 0.73333333 0.51764706 0.41960784
v -0.727265 0.022923 -0.102205 0.77647059 0.54509804 0.43921569
v -0.754970 0.028464 -0.104199 0.74509804 0.50980392 0.40784314
v -0.721724 0.017382 -0.100834 0.69019608 0.49019608 0.38823529
v -0.749429 0.034005 -0.096941 0.73333333 0.52156863 0.43529412
v -0.743888 0.028464 -0.102598 0.65490196 0.45882353 0.36862745
v -0.721727 0.028461 -0.099089 0.77647059 0.55686275 0.44705882
v -0.743888 0.006299 -0.099782 0.67058824 0.46274510 0.37647059
v -0.716186 0.022920 -0.099021 0.67058824 0.47058824 0.37254902
v 0.815003 0.030807 -0.099779 0.69019608 0.52549020 0.45882353
v 0.798378 0.025253 -0.098910 0.74509804 0.53333333 0.42352941
v 0.726187 0.009112 -0.100488 0.59607843 0.40000000 0.31372549
v 0.803932 0.030771 -0.096861 0.67058824 0.44313725 0.34901961
v 0.737269 0.009111 -0.103557 0.65098039 0.44705882 0.35294118
v 0.731728 0.014653 -0.104469 0.72941176 0.50588235 0.40392157
v 0.742820 0.025703 -0.103719 0.81176471 0.60392157 0.49411765
v 0.748376 0.031200 -0.098667 0.75686275 0.54901961 0.44313725
v 0.759464 0.031183 -0.097566 0.74901961 0.53725490 0.43529412
v 0.720646 0.014653 -0.101238 0.68627451 0.46274510 0.35686275
v 0.709565 0.014651 -0.096949 0.82352941 0.81568627 0.82745098
v 0.715106 0.020192 -0.099904 0.72941176 0.56470588 0.49411765
v 0.726187 0.020194 -0.102943 0.72941176 0.53333333 0.42745098
v 0.731729 0.025730 -0.102171 0.76862745 0.55686275 0.45490196
v 0.720646 0.025735 -0.100098 0.76862745 0.53725490 0.44313725
v 0.726187 0.031276 -0.097800 0.77647059 0.56862745 0.46666667
v 0.709564 0.025734 -0.097084 0.89803922 0.90196078 0.90196078
v 0.737276 0.031256 -0.098370 0.78039216 0.56078431 0.46274510
v -0.835828 0.025181 -0.092906 0.53333333 0.29411765 0.22745098
v -0.835381 0.025758 -0.092906 0.59215686 0.32941176 0.25490196
v -0.833948 0.027061 -0.092906 0.62745098 0.36470588 0.28627451
v -0.834787 0.020681 -0.092906 0.50588235 0.30588235 0.22745098
v -0.831269 0.018659 -0.092906 0.43137255 0.25882353 0.21960784
v -0.832179 0.028097 -0.092906 0.70196078 0.42352941 0.32941176
v -0.828391 0.029850 -0.092906 0.73725490 0.46274510 0.34117647
v -0.824482 0.031483 -0.092906 0.76470588 0.50196078 0.36470588
v -0.827072 0.017449 -0.092906 0.42745098 0.25490196 0.21568627
v -0.826963 0.017423 -0.092906 0.42745098 0.25490196 0.21568627
v -0.822664 0.016182 -0.092906 0.52156863 0.33725490 0.25882353
v -0.819842 0.015760 -0.092906 0.49411765 0.31764706 0.24313725
v -0.817840 0.015464 -0.092906 0.50196078 0.32549020 0.24705882
v -0.813225 0.014684 -0.092906 0.55294118 0.36470588 0.28627451
v -0.813077 0.014686 -0.092906 0.54901961 0.36078431 0.28627451
v -0.808298 0.015298 -0.092906 0.55686275 0.36470588 0.29411765
v -0.823721 0.031747 -0.092906 0.76470588 0.50196078 0.36470588
v -0.820194 0.032736 -0.092906 0.75686275 0.50196078 0.36078431
v -0.816585 0.033343 -0.092906 0.74117647 0.50196078 0.37647059
v -0.815372 0.033455 -0.092906 0.71764706 0.47843137 0.37254902
v -0.810789 0.033597 -0.092906 0.70980392 0.46274510 0.36078431
v -0.809939 0.033563 -0.092906 0.69803922 0.45490196 0.35294118
v -0.805964 0.032881 -0.092906 0.67843137 0.43921569 0.34117647
v -0.803025 0.032189 -0.092906 0.66274510 0.42745098 0.32549020
v -0.790592 0.015006 -0.092906 0.64705882 0.42745098 0.33725490
v -0.786181 0.013877 -0.092906 0.62745098 0.41960784 0.32941176
v -0.783670 0.012834 -0.092906 0.65098039 0.43529412 0.34117647
v -0.782302 0.012214 -0.092906 0.65882353 0.44313725 0.34901961
v -0.778551 0.010424 -0.092906 0.65490196 0.43921569 0.34901961
v -0.774684 0.008750 -0.092906 0.65882353 0.44705882 0.35686275
v 0.621035 0.003442 -0.092906 0.74509804 0.73725490 0.74117647
v 0.620755 0.003419 -0.092906 0.74509804 0.74117647 0.74117647
v 0.632911 0.037740 -0.092906 0.90588235 0.90196078 0.91372549
v 0.629615 0.005944 -0.092906 0.74117647 0.73333333 0.74117647
v 0.627702 0.004826 -0.092906 0.73333333 0.72549020 0.73333333
v 0.625938 0.004080 -0.092906 0.72941176 0.72156863 0.72941176
v 0.632656 0.008444 -0.092906 0.74509804 0.73725490 0.74901961
v 0.630647 0.038158 -0.092906 0.86666667 0.86274510 0.87450980
v 0.634362 0.011485 -0.092906 0.75294118 0.74901961 0.75294118
v 0.634472 0.012169 -0.092906 0.74509804 0.74117647 0.74901961
v 0.634946 0.017236 -0.092906 0.76470588 0.76078431 0.76862745
v 0.634888 0.017552 -0.092906 0.76862745 0.76470588 0.77254902
v 0.647179 0.021626 -0.092906 0.85490196 0.85098039 0.85882353
v 0.644786 0.021909 -0.092906 0.85490196 0.84705882 0.85882353
v 0.625496 0.041406 -0.092906 0.86274510 0.85882353 0.87058824
v 0.640575 0.023240 -0.092906 0.84705882 0.84313725 0.85490196
v 0.622915 0.044367 -0.092906 0.89411765 0.89019608 0.89803922
v 0.619795 0.046788 -0.092906 0.88627451 0.88627451 0.89803922
v 0.632728 0.020933 -0.092906 0.82352941 0.81568627 0.81960784
v 0.634039 0.023685 -0.092906 0.82745098 0.81960784 0.82352941
v 0.640041 0.023224 -0.092906 0.84705882 0.84313725 0.85098039
v 0.635222 0.023427 -0.092906 0.83137255 0.82745098 0.82745098
v 0.628440 0.038809 -0.092906 0.81960784 0.81568627 0.82352941
v 0.651148 0.023198 -0.092906 0.85490196 0.84705882 0.86274510
v 0.652579 0.027309 -0.092906 0.87058824 0.86274510 0.87450980
v 0.651907 0.029030 -0.092906 0.87843137 0.86666667 0.87843137
v 0.649113 0.031777 -0.092906 0.87843137 0.87450980 0.88235294
v 0.647197 0.032691 -0.092906 0.88235294 0.87843137 0.88627451
v 0.645238 0.033443 -0.092906 0.87450980 0.87058824 0.87843137
v 0.641054 0.034800 -0.092906 0.87843137 0.87450980 0.88627451
v 0.639008 0.035338 -0.092906 0.89019608 0.89019608 0.90196078
v 0.636889 0.036177 -0.092906 0.89803922 0.89803922 0.91372549
v 0.787528 0.014184 -0.092906 0.67058824 0.46666667 0.38039216
v 0.832013 0.019646 -0.092906 0.54901961 0.35686275 0.28627451
v 0.828832 0.017554 -0.092906 0.51372549 0.35294118 0.29019608
v 0.833559 0.022266 -0.092906 0.57254902 0.37254902 0.30196078
v 0.786670 0.014096 -0.092906 0.67450980 0.47058824 0.38039216
v 0.828646 0.017472 -0.092906 0.54901961 0.37254902 0.30980392
v 0.833067 0.024118 -0.092906 0.56862745 0.37647059 0.30980392
v 0.779499 0.011210 -0.092906 0.68235294 0.47843137 0.38431373
v 0.831543 0.025749 -0.092906 0.55686275 0.35686275 0.30588235
v 0.776646 0.009698 -0.092906 0.68627451 0.48235294 0.38823529
v 0.809956 0.014000 -0.092906 0.53333333 0.36862745 0.29803922
v 0.808621 0.013970 -0.092906 0.56078431 0.39215686 0.31372549
v 0.804062 0.014323 -0.092906 0.56470588 0.39607843 0.31764706
v 0.803561 0.014451 -0.092906 0.57254902 0.40000000 0.32156863
v 0.799168 0.015466 -0.092906 0.59215686 0.41568627 0.33333333
v 0.814899 0.014598 -0.092906 0.51372549 0.35686275 0.29019608
v 0.814777 0.014586 -0.092906 0.53725490 0.36862745 0.29803922
v 0.820006 0.015020 -0.092906 0.43137255 0.31764706 0.26274510
v 0.821020 0.015265 -0.092906 0.49803922 0.34117647 0.27843137
v 0.772194 0.007433 -0.092906 0.68235294 0.47843137 0.38431373
v 0.792815 0.014465 -0.092906 0.64313725 0.44705882 0.36470588
v 0.775890 0.009278 -0.092906 0.68627451 0.48235294 0.38823529
v 0.792563 0.014439 -0.092906 0.66666667 0.46666667 0.38039216
v 0.783193 0.013038 -0.092906 0.68235294 0.47450980 0.38431373
v 0.797242 0.015553 -0.092906 0.61960784 0.43137255 0.35294118
v 0.824451 0.016118 -0.092906 0.54901961 0.37254902 0.30588235
v 0.814285 0.031680 -0.092906 0.72549020 0.50980392 0.41176471
v 0.810695 0.032292 -0.092906 0.71764706 0.48627451 0.38431373
v 0.808150 0.032197 -0.092906 0.71764706 0.47450980 0.37647059
v 0.804685 0.031662 -0.092906 0.71372549 0.47450980 0.37254902
v 0.831045 0.026124 -0.092906 0.55686275 0.35686275 0.30588235
v 0.828062 0.027733 -0.092906 0.52156863 0.32156863 0.26274510
v 0.824271 0.029415 -0.092906 0.61568627 0.39215686 0.30980392
v 0.820835 0.030692 -0.092906 0.69019608 0.46274510 0.36862745
v 0.820267 0.030886 -0.092906 0.69803922 0.47450980 0.37647059
v 0.815446 0.031551 -0.092906 0.76470588 0.54117647 0.43137255
v -0.840857 0.020152 -0.094940 0.52941176 0.31372549 0.24313725
v -0.838087 0.017382 -0.095985 0.49019608 0.31372549 0.25098039
v -0.838087 0.022923 -0.093337 0.50196078 0.28627451 0.21176471
v -0.835316 0.020152 -0.093228 0.47843137 0.29019608 0.21960784
v -0.832546 0.017382 -0.094248 0.47450980 0.30196078 0.24313725
v -0.840857 0.025693 -0.094409 0.57647059 0.34901961 0.26274510
v -0.838087 0.028464 -0.095088 0.63921569 0.39215686 0.27843137
v -0.832546 0.028464 -0.093279 0.70980392 0.42745098 0.33333333
v -0.849169 0.022923 -0.096410 0.52941176 0.32549020 0.25098039
v -0.846410 0.025658 -0.096221 0.59607843 0.37254902 0.29411765
v -0.846398 0.020152 -0.096435 0.54901961 0.33333333 0.26274510
v -0.843628 0.022923 -0.095030 0.56862745 0.33725490 0.26666667
v -0.829775 0.031234 -0.096208 0.75294118 0.50196078 0.38823529
v -0.827005 0.017382 -0.092957 0.49411765 0.30588235 0.25098039
v -0.802070 0.031234 -0.095181 0.69411765 0.46274510 0.36470588
v -0.788217 0.017382 -0.095935 0.66274510 0.43921569 0.34509804
v -0.785446 0.014611 -0.094770 0.65882353 0.43921569 0.34509804
v 0.620906 0.003570 -0.093004 0.74509804 0.74117647 0.74117647
v 0.629218 0.006341 -0.093355 0.74509804 0.73725490 0.74509804
v 0.623677 0.006341 -0.094818 0.80000000 0.79607843 0.80000000
v 0.626447 0.009112 -0.095721 0.84313725 0.83529412 0.84313725
v 0.631988 0.009112 -0.093620 0.74901961 0.74117647 0.75294118
v 0.631988 0.036817 -0.093290 0.89411765 0.89019608 0.90196078
v 0.629218 0.011882 -0.095173 0.83529412 0.83529412 0.83529412
v 0.631988 0.014653 -0.093915 0.78039216 0.77647059 0.78039216
v 0.620906 0.009112 -0.095699 0.85098039 0.84313725 0.85098039
v 0.623677 0.011882 -0.096181 0.86274510 0.85490196 0.86274510
v 0.618136 0.011882 -0.095865 0.82745098 0.81960784 0.82745098
v 0.620906 0.014653 -0.095939 0.83921569 0.83137255 0.83529412
v 0.626447 0.014653 -0.095500 0.87843137 0.87450980 0.88235294
v 0.629218 0.017423 -0.094198 0.88235294 0.87843137 0.88627451
v 0.623677 0.017423 -0.095493 0.83137255 0.82352941 0.83137255
v 0.626447 0.020194 -0.094662 0.83921569 0.83137255 0.83921569
v 0.620906 0.036817 -0.095675 0.89019608 0.88627451 0.89803922
v 0.623677 0.039587 -0.094521 0.87843137 0.87450980 0.88235294
v 0.618136 0.039587 -0.095846 0.86274510 0.85882353 0.87058824
v 0.620906 0.042358 -0.094804 0.89411765 0.89019608 0.89803922
v 0.634759 0.017423 -0.092942 0.76862745 0.76470588 0.77254902
v 0.645841 0.022964 -0.093087 0.85882353 0.85490196 0.86274510
v 0.643071 0.025735 -0.093389 0.86666667 0.86274510 0.86666667
v 0.631988 0.020194 -0.093049 0.83921569 0.83137255 0.83529412
v 0.629218 0.022964 -0.093400 0.85490196 0.85098039 0.85490196
v 0.631988 0.025735 -0.093084 0.83529412 0.83137255 0.83529412
v 0.637529 0.025735 -0.093349 0.87450980 0.87058824 0.87058824
v 0.640300 0.028505 -0.093411 0.87843137 0.87450980 0.87843137
v 0.634759 0.028505 -0.093300 0.87843137 0.87450980 0.88235294
v 0.637530 0.031276 -0.093302 0.89803922 0.89019608 0.90588235
v 0.618136 0.017423 -0.095776 0.83529412 0.83137255 0.83529412
v 0.620906 0.020194 -0.095722 0.81960784 0.81568627 0.81960784
v 0.623677 0.022964 -0.095248 0.81960784 0.81176471 0.81960784
v 0.618136 0.022964 -0.095639 0.84313725 0.83921569 0.84313725
v 0.620906 0.025735 -0.095629 0.83529412 0.83137255 0.83921569
v 0.618136 0.034046 -0.095733 0.87058824 0.86666667 0.87843137
v 0.615365 0.036817 -0.095814 0.84705882 0.84313725 0.85490196
v 0.618136 0.028505 -0.095533 0.86274510 0.85882353 0.87058824
v 0.626447 0.025735 -0.094123 0.81960784 0.81568627 0.81960784
v 0.629218 0.028505 -0.093219 0.81176471 0.80392157 0.81568627
v 0.623677 0.028505 -0.094751 0.82745098 0.82352941 0.83137255
v 0.626447 0.031276 -0.094126 0.81176471 0.80392157 0.81960784
v 0.631988 0.031276 -0.093672 0.87450980 0.87058824 0.88627451
v 0.634759 0.034046 -0.093459 0.90196078 0.89803922 0.90980392
v 0.629218 0.034046 -0.093939 0.81176471 0.80392157 0.81960784
v 0.620906 0.031276 -0.095384 0.86666667 0.85882353 0.87058824
v 0.623677 0.034046 -0.095043 0.85882353 0.85490196 0.86274510
v 0.626447 0.036817 -0.094050 0.82745098 0.82352941 0.83529412
v 0.648612 0.025735 -0.093331 0.86666667 0.86274510 0.87450980
v 0.651382 0.028505 -0.093018 0.87450980 0.86666667 0.87843137
v 0.645841 0.028505 -0.093553 0.87450980 0.87058824 0.87843137
v 0.648612 0.031276 -0.093129 0.87843137 0.87450980 0.88235294
v 0.643071 0.031276 -0.093567 0.87058824 0.87058824 0.87450980
v 0.640300 0.034046 -0.093095 0.88235294 0.87843137 0.89019608
v 0.834238 0.017423 -0.094548 0.56470588 0.37647059 0.30980392
v 0.828698 0.017419 -0.092954 0.56078431 0.38431373 0.31764706
v 0.837013 0.020180 -0.094073 0.58823529 0.38823529 0.31372549
v 0.834243 0.022948 -0.093089 0.58431373 0.38039216 0.30588235
v 0.839785 0.022947 -0.094817 0.60000000 0.40392157 0.33333333
v 0.837032 0.025664 -0.094567 0.57254902 0.40000000 0.31764706
v 0.787175 0.014536 -0.093436 0.69019608 0.48235294 0.39215686
v 0.778833 0.011876 -0.095393 0.69411765 0.48627451 0.39215686
v 0.842580 0.025643 -0.096304 0.58431373 0.41568627 0.34117647
v 0.781612 0.014613 -0.096747 0.69411765 0.48627451 0.39215686
v 0.834275 0.028395 -0.096053 0.70980392 0.52941176 0.44313725
v 0.784399 0.017326 -0.096279 0.70196078 0.49019608 0.40000000
v 0.820391 0.014634 -0.093670 0.53333333 0.37254902 0.30588235
v 0.845325 0.022950 -0.096287 0.56862745 0.37647059 0.32156863
v 0.825933 0.014630 -0.095497 0.57254902 0.39215686 0.32549020
v 0.803776 0.014608 -0.094964 0.61568627 0.43529412 0.34901961
v 0.839780 0.017421 -0.096494 0.61176471 0.41960784 0.34901961
v 0.792709 0.014559 -0.093203 0.67450980 0.47058824 0.38431373
v 0.795515 0.017216 -0.095675 0.67843137 0.47843137 0.38823529
v 0.842555 0.020178 -0.095780 0.62745098 0.43921569 0.37647059
v 0.789979 0.017198 -0.095815 0.70588235 0.49411765 0.40392157
v 0.787221 0.019932 -0.096558 0.75294118 0.52941176 0.43137255
v 0.790026 0.022601 -0.096420 0.73333333 0.51764706 0.41960784
v 0.784467 0.022654 -0.096272 0.75686275 0.53333333 0.43921569
v 0.787284 0.025288 -0.095350 0.72549020 0.50588235 0.41176471
v 0.828732 0.028399 -0.093873 0.63529412 0.43137255 0.36470588
v 0.820458 0.031063 -0.093543 0.69411765 0.48235294 0.39215686
v 0.776111 0.025567 -0.096416 0.76078431 0.54509804 0.44313725
v -0.824650 0.025278 -0.088988 0.54509804 0.32156863 0.23529412
v -0.649793 0.033902 -0.088988 0.76470588 0.75686275 0.76862745
v -0.824540 0.026000 -0.088988 0.59215686 0.35294118 0.25882353
v -0.821838 0.028839 -0.088988 0.61960784 0.38823529 0.27843137
v -0.650173 0.034488 -0.088988 0.76470588 0.75686275 0.76862745
v -0.822794 0.021593 -0.088988 0.52941176 0.32156863 0.25098039
v -0.647014 0.031329 -0.088988 0.77254902 0.76862745 0.78039216
v -0.819688 0.019157 -0.088988 0.50588235 0.31372549 0.24313725
v -0.816113 0.017191 -0.088988 0.50588235 0.32156863 0.24705882
v -0.643220 0.049583 -0.088988 0.89803922 0.89411765 0.90588235
v -0.650772 0.038464 -0.088988 0.77647059 0.77254902 0.78039216
v -0.815484 0.016943 -0.088988 0.50588235 0.32549020 0.25490196
v -0.640742 0.052472 -0.088988 0.83921569 0.83921569 0.84705882
v -0.811788 0.015975 -0.088988 0.50196078 0.32941176 0.25882353
v -0.638032 0.055222 -0.088988 0.87450980 0.87058824 0.87843137
v -0.808700 0.015701 -0.088988 0.44705882 0.27843137 0.22745098
v -0.650198 0.040054 -0.088988 0.79607843 0.78823529 0.80000000
v -0.647750 0.043147 -0.088988 0.83921569 0.83529412 0.84705882
v -0.634631 0.057271 -0.088988 0.87450980 0.86666667 0.87843137
v -0.646860 0.031293 -0.088988 0.77254902 0.76862745 0.78039216
v -0.630625 0.058657 -0.088988 0.82352941 0.81568627 0.82352941
v -0.818975 0.030953 -0.088988 0.67450980 0.43529412 0.31764706
v -0.630584 0.058671 -0.088988 0.81960784 0.81176471 0.82352941
v -0.642731 0.029882 -0.088988 0.80784314 0.80000000 0.81568627
v -0.645635 0.046499 -0.088988 0.87450980 0.87450980 0.88235294
v -0.818629 0.031171 -0.088988 0.68235294 0.43921569 0.32156863
v -0.638621 0.028450 -0.088988 0.89019608 0.88235294 0.89411765
v -0.638570 0.028426 -0.088988 0.88235294 0.87450980 0.88627451
v -0.634650 0.026881 -0.088988 0.85098039 0.84313725 0.85882353
v -0.814376 0.032458 -0.088988 0.69411765 0.44313725 0.32941176
v -0.630747 0.025242 -0.088988 0.77647059 0.76862745 0.78039216
v -0.627787 0.022661 -0.088988 0.76470588 0.75686275 0.76862745
v -0.626444 0.059731 -0.088988 0.88235294 0.87843137 0.88627451
v -0.624157 0.059617 -0.088988 0.90196078 0.89803922 0.90588235
v -0.811487 0.032899 -0.088988 0.71372549 0.45882353 0.34509804
v -0.625126 0.019782 -0.088988 0.76862745 0.76078431 0.77254902
v -0.809393 0.033016 -0.088988 0.71372549 0.46274510 0.34901961
v -0.805716 0.033129 -0.088988 0.63529412 0.40000000 0.29803922
v -0.803972 0.033137 -0.088988 0.62745098 0.39607843 0.29019608
v -0.622623 0.016743 -0.088988 0.77254902 0.76862745 0.78039216
v -0.791973 0.013626 -0.088988 0.59215686 0.38823529 0.30588235
v -0.789107 0.012731 -0.088988 0.60392157 0.39607843 0.31372549
v -0.787741 0.012317 -0.088988 0.60000000 0.39607843 0.31372549
v -0.783216 0.011300 -0.088988 0.61568627 0.41176471 0.32156863
v -0.781825 0.010989 -0.088988 0.63137255 0.42352941 0.33333333
v -0.778750 0.010226 -0.088988 0.63529412 0.42745098 0.34117647
v -0.774582 0.008853 -0.088988 0.63921569 0.43529412 0.34509804
v -0.688710 0.033779 -0.088988 0.88235294 0.87058824 0.87843137
v -0.688768 0.034132 -0.088988 0.88235294 0.87058824 0.87843137
v -0.689082 0.028997 -0.088988 0.85490196 0.84705882 0.85490196
v -0.690467 0.037562 -0.088988 0.90196078 0.89411765 0.89411765
v -0.693161 0.022065 -0.088988 0.83529412 0.81960784 0.82745098
v -0.690925 0.025279 -0.088988 0.84705882 0.83921569 0.84705882
v -0.689909 0.027035 -0.088988 0.85098039 0.84313725 0.85098039
v 0.621470 -0.002534 -0.088988 0.71764706 0.71372549 0.71764706
v 0.619753 -0.003124 -0.088988 0.72156863 0.71764706 0.71764706
v 0.625625 -0.001148 -0.088988 0.71764706 0.71372549 0.71764706
v 0.629724 0.000294 -0.088988 0.72156863 0.71372549 0.71764706
v 0.628154 -0.000264 -0.088988 0.72156863 0.71372549 0.71764706
v 0.633300 0.002259 -0.088988 0.73725490 0.72941176 0.73725490
v 0.636546 0.004554 -0.088988 0.74117647 0.73725490 0.74117647
v 0.675285 0.037849 -0.088988 0.92941176 0.92941176 0.93725490
v 0.671635 0.037676 -0.088988 0.93725490 0.93725490 0.94509804
v 0.640052 0.006589 -0.088988 0.75294118 0.74901961 0.75294118
v 0.669638 0.037955 -0.088988 0.93333333 0.93333333 0.94117647
v 0.647009 0.043961 -0.088988 0.89411765 0.89411765 0.90196078
v 0.657924 0.010881 -0.088988 0.75294118 0.74901961 0.75686275
v 0.644950 0.044237 -0.088988 0.89411765 0.89411765 0.90196078
v 0.655156 0.010114 -0.088988 0.74509804 0.74117647 0.74901961
v 0.653622 0.009643 -0.088988 0.75294118 0.74509804 0.74901961
v 0.648649 0.009148 -0.088988 0.75686275 0.74901961 0.75294118
v 0.640694 0.044735 -0.088988 0.91372549 0.90980392 0.92156863
v 0.666777 0.038359 -0.088988 0.93333333 0.93333333 0.94117647
v 0.639984 0.044812 -0.088988 0.91372549 0.91372549 0.92549020
v 0.634990 0.044897 -0.088988 0.92549020 0.92156863 0.92941176
v 0.643989 0.008193 -0.088988 0.76470588 0.76078431 0.76470588
v 0.634536 0.044905 -0.088988 0.92549020 0.92156863 0.92941176
v 0.641091 0.007132 -0.088988 0.75686275 0.75294118 0.75686275
v 0.663184 0.038868 -0.088988 0.89019608 0.88627451 0.89411765
v 0.662039 0.039162 -0.088988 0.87843137 0.87843137 0.89019608
v 0.648584 0.009140 -0.088988 0.75686275 0.74901961 0.75686275
v 0.658316 0.040980 -0.088988 0.90588235 0.90196078 0.90980392
v 0.629806 0.045717 -0.088988 0.84313725 0.84313725 0.85098039
v 0.654249 0.042262 -0.088988 0.90980392 0.90588235 0.91764706
v 0.676704 0.014267 -0.088988 0.80392157 0.79607843 0.80392157
v 0.654067 0.042272 -0.088988 0.90588235 0.90196078 0.91372549
v 0.673783 0.012024 -0.088988 0.80392157 0.79607843 0.80392157
v 0.649588 0.043334 -0.088988 0.89411765 0.89411765 0.90196078
v 0.669895 0.009994 -0.088988 0.82745098 0.82352941 0.83137255
v 0.665903 0.009780 -0.088988 0.80000000 0.79215686 0.80392157
v 0.664256 0.010090 -0.088988 0.78431373 0.77254902 0.78823529
v 0.661464 0.010882 -0.088988 0.76862745 0.75686275 0.77254902
v 0.673571 0.011859 -0.088988 0.80392157 0.80000000 0.80392157
v 0.679958 0.016555 -0.088988 0.83137255 0.82352941 0.82745098
v 0.683792 0.018263 -0.088988 0.86666667 0.85882353 0.85882353
v 0.689770 0.016867 -0.088988 0.87450980 0.86274510 0.87843137
v 0.686324 0.018930 -0.088988 0.88235294 0.87843137 0.87843137
v 0.627445 0.046901 -0.088988 0.86666667 0.86274510 0.87058824
v 0.626295 0.047747 -0.088988 0.87843137 0.87843137 0.88627451
v 0.623440 0.050433 -0.088988 0.91764706 0.91372549 0.92549020
v 0.808560 0.015396 -0.088988 0.41568627 0.29019608 0.23137255
v 0.804258 0.015149 -0.088988 0.42352941 0.28627451 0.23921569
v 0.798270 0.014551 -0.088988 0.52549020 0.36078431 0.29411765
v 0.803297 0.015117 -0.088988 0.47843137 0.32549020 0.26666667
v 0.813192 0.016305 -0.088988 0.48235294 0.32941176 0.26274510
v 0.784447 0.011787 -0.088988 0.63529412 0.43921569 0.35686275
v 0.784291 0.011772 -0.088988 0.64313725 0.44705882 0.36078431
v 0.810291 0.015640 -0.088988 0.41960784 0.28627451 0.23137255
v 0.788993 0.012774 -0.088988 0.64313725 0.44313725 0.36078431
v 0.817053 0.017983 -0.088988 0.49803922 0.33333333 0.26666667
v 0.776136 0.009032 -0.088988 0.65882353 0.46274510 0.37254902
v 0.820652 0.019920 -0.088988 0.52549020 0.34509804 0.27843137
v 0.775864 0.008915 -0.088988 0.66274510 0.46274510 0.37254902
v 0.819213 0.019011 -0.088988 0.43529412 0.28235294 0.22352941
v 0.822245 0.022021 -0.088988 0.60392157 0.39607843 0.31764706
v 0.822526 0.023567 -0.088988 0.64705882 0.42745098 0.34117647
v 0.780021 0.010671 -0.088988 0.65882353 0.45882353 0.36862745
v 0.772070 0.007557 -0.088988 0.67058824 0.47058824 0.37647059
v 0.815373 0.030673 -0.088988 0.71372549 0.49411765 0.40000000
v 0.814676 0.030932 -0.088988 0.72156863 0.50588235 0.40784314
v 0.793579 0.013711 -0.088988 0.58039216 0.40000000 0.32549020
v 0.791340 0.013266 -0.088988 0.63137255 0.43921569 0.35686275
v 0.798211 0.014543 -0.088988 0.54509804 0.37647059 0.30588235
v 0.809942 0.031780 -0.088988 0.71764706 0.47058824 0.36078431
v 0.808492 0.032012 -0.088988 0.71372549 0.47058824 0.36470588
v 0.805196 0.032345 -0.088988 0.74509804 0.48627451 0.37647059
v 0.821492 0.026726 -0.088988 0.59215686 0.38431373 0.30196078
v 0.818320 0.029053 -0.088988 0.64313725 0.42352941 0.32549020
v 0.686119 0.038097 -0.088988 0.90588235 0.90588235 0.91372549
v 0.682329 0.037288 -0.088988 0.89803922 0.89803922 0.90196078
v 0.681501 0.037174 -0.088988 0.90196078 0.90196078 0.90588235
v 0.677274 0.037774 -0.088988 0.91764706 0.91764706 0.92549020
v 0.689034 0.038451 -0.088988 0.91764706 0.91764706 0.92156863
v -0.698411 0.016233 -0.088988 0.74509804 0.69411765 0.69019608
v -0.695669 0.019032 -0.088988 0.81176471 0.78823529 0.80784314
v -0.806554 0.015668 -0.088988 0.44705882 0.28235294 0.22745098
v -0.802275 0.014816 -0.088988 0.54117647 0.35294118 0.28235294
v -0.801937 0.014744 -0.088988 0.56078431 0.36470588 0.29019608
v -0.796259 0.014342 -0.088988 0.57254902 0.37254902 0.29411765
v -0.800150 0.033154 -0.088988 0.64313725 0.40784314 0.30196078
v -0.798489 0.033195 -0.088988 0.69019608 0.45882353 0.35686275
v -0.794449 0.033314 -0.088988 0.71764706 0.48235294 0.38431373
v -0.793055 0.033302 -0.088988 0.72941176 0.49803922 0.40784314
v 0.802409 0.032419 -0.088988 0.70980392 0.46666667 0.36862745
v 0.799600 0.032204 -0.088988 0.69803922 0.46274510 0.36078431
v 0.796938 0.032255 -0.088988 0.69019608 0.46274510 0.36470588
v 0.794653 0.032609 -0.088988 0.69019608 0.45882353 0.35686275
v -0.835316 0.025693 -0.092866 0.53725490 0.29411765 0.23137255
v -0.832546 0.022923 -0.091726 0.52549020 0.30196078 0.23529412
v -0.829775 0.020152 -0.091638 0.51764706 0.31764706 0.25098039
v -0.829775 0.025693 -0.091023 0.56862745 0.33333333 0.25098039
v -0.649690 0.034005 -0.089059 0.76470588 0.76078431 0.76862745
v -0.827005 0.022923 -0.090203 0.52156863 0.30196078 0.22352941
v -0.649690 0.039546 -0.089263 0.80000000 0.79215686 0.80000000
v -0.646919 0.036775 -0.090214 0.79607843 0.78823529 0.79607843
v -0.827004 0.028464 -0.091129 0.67450980 0.41176471 0.30196078
v -0.646919 0.042317 -0.089471 0.84313725 0.83921569 0.85098039
v -0.824234 0.031234 -0.092338 0.75294118 0.48627451 0.34901961
v -0.644149 0.039546 -0.090511 0.87058824 0.86666667 0.87450980
v -0.824234 0.020152 -0.089875 0.48627451 0.29019608 0.22745098
v -0.644149 0.034005 -0.090308 0.80000000 0.79215686 0.80392157
v -0.641450 0.047795 -0.089943 0.91372549 0.90980392 0.91764706
v -0.641378 0.031234 -0.089506 0.83137255 0.82352941 0.83529412
v -0.638771 0.050486 -0.090047 0.86666667 0.86274510 0.87058824
v -0.641378 0.036775 -0.090895 0.87450980 0.87058824 0.87843137
v -0.821464 0.017382 -0.091085 0.40784314 0.23921569 0.18823529
v -0.638608 0.034005 -0.090268 0.88627451 0.87843137 0.89019608
v -0.644202 0.045040 -0.089881 0.89803922 0.89411765 0.90196078
v -0.638688 0.045016 -0.091162 0.90196078 0.89411765 0.90196078
v -0.641439 0.042262 -0.090939 0.91764706 0.91372549 0.92156863
v -0.636001 0.047714 -0.091265 0.85098039 0.84705882 0.85098039
v -0.638672 0.039488 -0.091248 0.90588235 0.90196078 0.90980392
v -0.635902 0.036717 -0.091208 0.85882353 0.85098039 0.85882353
v -0.818693 0.031234 -0.089090 0.68235294 0.43921569 0.32156863
v -0.636042 0.053222 -0.090173 0.88235294 0.87843137 0.88235294
v -0.633267 0.050454 -0.091238 0.87843137 0.87058824 0.87843137
v -0.635917 0.042245 -0.091763 0.84313725 0.83921569 0.84705882
v -0.633163 0.045002 -0.091943 0.81176471 0.80392157 0.81568627
v -0.790988 0.014611 -0.092211 0.61176471 0.40392157 0.32156863
v -0.627886 0.055861 -0.090962 0.80392157 0.80000000 0.80392157
v -0.633141 0.039479 -0.091770 0.80784314 0.80000000 0.81176471
v -0.782676 0.011841 -0.091501 0.63921569 0.42745098 0.33725490
v -0.630380 0.042242 -0.092164 0.81176471 0.80392157 0.81568627
v -0.630470 0.047705 -0.091853 0.87058824 0.86666667 0.87058824
v -0.625232 0.058537 -0.090118 0.87450980 0.87058824 0.87843137
v -0.694058 0.033969 -0.090505 0.88235294 0.87450980 0.87450980
v -0.691278 0.031207 -0.089931 0.87058824 0.85882353 0.86274510
v -0.625087 0.053113 -0.091306 0.78039216 0.77254902 0.78039216
v -0.691322 0.036708 -0.089351 0.89803922 0.88627451 0.88627451
v -0.622424 0.055794 -0.091954 0.84313725 0.83921569 0.84313725
v -0.627659 0.044969 -0.091949 0.85098039 0.84705882 0.85490196
v -0.633318 0.055954 -0.089911 0.86274510 0.85490196 0.86666667
v -0.622336 0.050323 -0.091705 0.76862745 0.76470588 0.77254902
v -0.694019 0.022923 -0.089703 0.84313725 0.82352941 0.83921569
v -0.630607 0.053131 -0.091084 0.84705882 0.84313725 0.85098039
v -0.691293 0.025651 -0.089241 0.84705882 0.84313725 0.84705882
v -0.619623 0.053047 -0.092429 0.80392157 0.79607843 0.80392157
v -0.627802 0.050389 -0.091152 0.83529412 0.83529412 0.83921569
v -0.624957 0.047681 -0.091467 0.83137255 0.82352941 0.83529412
v -0.638608 0.028464 -0.088993 0.89019608 0.88235294 0.89411765
v -0.635837 0.031234 -0.089924 0.87450980 0.86274510 0.87843137
v -0.619473 0.047631 -0.092901 0.77254902 0.76470588 0.78039216
v -0.633067 0.028464 -0.089435 0.81176471 0.80392157 0.81960784
v -0.630296 0.025693 -0.089153 0.77254902 0.76470588 0.78039216
v -0.627526 0.022923 -0.089111 0.76470588 0.75686275 0.76862745
v -0.633067 0.034005 -0.090721 0.80784314 0.80000000 0.81176471
v -0.630296 0.031234 -0.090121 0.77647059 0.77254902 0.78431373
v -0.630359 0.036718 -0.091344 0.80000000 0.80000000 0.80784314
v -0.627573 0.033962 -0.090760 0.79607843 0.79215686 0.80000000
v -0.627526 0.028464 -0.089945 0.77647059 0.76862745 0.78431373
v -0.624755 0.025693 -0.090367 0.77254902 0.76862745 0.78039216
v -0.624755 0.031234 -0.090740 0.80784314 0.80000000 0.81176471
v -0.621985 0.028464 -0.091606 0.79607843 0.78823529 0.80000000
v -0.624755 0.020152 -0.089164 0.76470588 0.76078431 0.77647059
v -0.621985 0.017382 -0.089231 0.76862745 0.76470588 0.77647059
v -0.621985 0.022923 -0.090841 0.77254902 0.76862745 0.78039216
v -0.619214 0.020152 -0.090979 0.76078431 0.75686275 0.76862745
v -0.627594 0.039484 -0.091696 0.82745098 0.81960784 0.83529412
v -0.624794 0.036740 -0.091436 0.84313725 0.83921569 0.85098039
v -0.624831 0.042249 -0.091861 0.84313725 0.83529412 0.84705882
v -0.622110 0.039433 -0.092005 0.83137255 0.82745098 0.83921569
v -0.622028 0.033965 -0.091790 0.84313725 0.83529412 0.84705882
v -0.622139 0.044951 -0.092155 0.80392157 0.79607843 0.80784314
v -0.619372 0.042176 -0.092838 0.78823529 0.78431373 0.79607843
v 0.665250 0.014638 -0.090522 0.80392157 0.79607843 0.80784314
v 0.620906 -0.001971 -0.089375 0.71764706 0.71372549 0.71764706
v 0.668022 0.017407 -0.091163 0.86274510 0.85490196 0.86666667
v 0.662464 0.017423 -0.090956 0.79215686 0.78431373 0.79607843
v 0.665235 0.020194 -0.091599 0.83137255 0.82352941 0.83529412
v 0.623677 0.000800 -0.090828 0.71372549 0.70980392 0.71372549
v 0.670794 0.020176 -0.091679 0.89411765 0.88627451 0.89803922
v 0.618136 0.000800 -0.091538 0.72941176 0.72549020 0.72941176
v 0.668005 0.022964 -0.092065 0.89019608 0.88627451 0.89803922
v 0.659694 0.020194 -0.091410 0.80784314 0.80392157 0.81176471
v 0.662464 0.022964 -0.091766 0.82745098 0.82352941 0.83137255
v 0.665235 0.025735 -0.092019 0.85490196 0.85098039 0.85882353
v 0.654153 0.014653 -0.091039 0.76470588 0.75686275 0.76862745
v 0.643071 0.036817 -0.092183 0.88627451 0.88235294 0.89019608
v 0.656923 0.017423 -0.091144 0.78431373 0.78039216 0.78823529
v 0.651382 0.017423 -0.092006 0.79607843 0.79215686 0.80000000
v 0.654153 0.020194 -0.092171 0.81176471 0.80784314 0.81960784
v 0.645841 0.039587 -0.090801 0.88235294 0.88235294 0.89411765
v 0.640300 0.039588 -0.091539 0.89803922 0.89803922 0.90588235
v 0.656923 0.022964 -0.092031 0.82352941 0.81960784 0.83137255
v 0.643071 0.042358 -0.090001 0.89411765 0.89411765 0.90588235
v 0.648612 0.042358 -0.089570 0.88627451 0.88627451 0.89803922
v 0.637529 0.042358 -0.090512 0.91764706 0.91372549 0.92156863
v 0.634759 0.039587 -0.091954 0.90980392 0.90196078 0.91372549
v 0.648612 0.020194 -0.092675 0.84313725 0.83529412 0.84313725
v 0.629218 0.039587 -0.092406 0.83921569 0.83529412 0.84705882
v 0.651382 0.022964 -0.092858 0.85490196 0.84705882 0.86274510
v 0.631988 0.042358 -0.090691 0.90196078 0.89411765 0.90588235
v 0.626447 0.042358 -0.091888 0.85882353 0.85098039 0.86274510
v 0.629218 0.045129 -0.089434 0.85098039 0.84705882 0.85490196
v 0.654153 0.025735 -0.092691 0.85882353 0.85490196 0.86274510
v 0.659694 0.025735 -0.091739 0.83529412 0.82745098 0.83921569
v 0.662464 0.028505 -0.091996 0.85882353 0.85490196 0.86274510
v 0.656923 0.028505 -0.092219 0.85882353 0.85098039 0.86274510
v 0.623677 0.045129 -0.091949 0.88627451 0.88627451 0.89411765
v 0.620906 0.047899 -0.091728 0.90196078 0.90196078 0.91372549
v 0.659694 0.031276 -0.091568 0.85490196 0.85098039 0.86274510
v 0.629218 0.000800 -0.089468 0.72156863 0.71764706 0.72156863
v 0.631988 0.003570 -0.090341 0.73725490 0.73725490 0.73725490
v 0.634759 0.006341 -0.090737 0.74509804 0.74117647 0.74509804
v 0.673566 0.022946 -0.091735 0.89019608 0.88235294 0.89411765
v 0.637529 0.009112 -0.090946 0.75294118 0.74509804 0.74901961
v 0.656923 0.011882 -0.089534 0.74901961 0.74509804 0.75294118
v 0.651382 0.011882 -0.090349 0.76078431 0.75294118 0.76078431
v 0.643071 0.009111 -0.089565 0.77254902 0.76862745 0.77254902
v 0.645841 0.011882 -0.090720 0.78039216 0.77647059 0.78039216
v 0.640300 0.011882 -0.091167 0.77254902 0.76862745 0.77254902
v 0.643071 0.014653 -0.091503 0.80000000 0.79215686 0.80000000
v 0.648612 0.014653 -0.091557 0.78039216 0.76862745 0.78039216
v 0.670792 0.025720 -0.091976 0.92156863 0.91764706 0.92549020
v 0.676334 0.025719 -0.091368 0.88235294 0.87450980 0.88235294
v 0.673546 0.028505 -0.091861 0.91372549 0.90980392 0.91764706
v 0.645841 0.017423 -0.092232 0.81960784 0.81176471 0.82352941
v 0.668005 0.028505 -0.091980 0.91372549 0.90980392 0.91764706
v 0.670776 0.031276 -0.091497 0.92941176 0.92549020 0.93333333
v 0.676368 0.014603 -0.089201 0.80392157 0.79607843 0.80392157
v 0.679105 0.028490 -0.091276 0.87843137 0.87450980 0.88627451
v 0.668023 0.011865 -0.089796 0.83529412 0.82352941 0.83921569
v 0.676332 0.031262 -0.091610 0.89411765 0.89411765 0.90196078
v 0.662464 0.011882 -0.089472 0.77254902 0.76470588 0.77647059
v 0.681875 0.031260 -0.091287 0.89019608 0.88627451 0.89803922
v 0.679088 0.034046 -0.090578 0.89803922 0.89411765 0.90588235
v 0.673546 0.034046 -0.090725 0.92941176 0.92549020 0.93725490
v 0.676317 0.036817 -0.089625 0.91764706 0.91764706 0.92549020
v 0.670817 0.014613 -0.090586 0.85490196 0.84705882 0.85490196
v 0.665235 0.031276 -0.091397 0.90196078 0.89803922 0.90980392
v 0.673568 0.017402 -0.090707 0.84705882 0.83921569 0.84705882
v 0.668005 0.034046 -0.090615 0.92549020 0.92156863 0.93333333
v 0.679145 0.017368 -0.089598 0.83137255 0.82352941 0.82745098
v 0.681920 0.020135 -0.090419 0.85882353 0.85490196 0.85882353
v 0.662464 0.034046 -0.090762 0.87843137 0.87450980 0.88627451
v 0.665235 0.036817 -0.089767 0.90980392 0.90980392 0.91764706
v 0.670776 0.036817 -0.089491 0.93725490 0.93333333 0.94117647
v 0.690244 0.017351 -0.089395 0.87843137 0.87058824 0.88235294
v 0.626447 0.003570 -0.092416 0.72549020 0.71764706 0.72156863
v 0.687477 0.020119 -0.089744 0.89803922 0.89019608 0.89019608
v 0.692992 0.020144 -0.091649 0.88235294 0.87843137 0.89019608
v 0.690202 0.022934 -0.091612 0.91372549 0.90980392 0.90980392
v 0.634759 0.011882 -0.092755 0.74901961 0.74509804 0.75294118
v 0.637529 0.014653 -0.092216 0.76470588 0.75686275 0.76862745
v 0.684682 0.022914 -0.090770 0.88627451 0.87843137 0.88235294
v 0.640300 0.017423 -0.092186 0.80392157 0.79607843 0.80784314
v 0.637530 0.020194 -0.092566 0.81960784 0.81568627 0.81960784
v 0.643071 0.020194 -0.092587 0.83529412 0.82745098 0.84313725
v 0.687415 0.025720 -0.090759 0.90588235 0.90196078 0.90588235
v 0.676361 0.020152 -0.091361 0.84705882 0.83921569 0.85098039
v 0.640300 0.022964 -0.092847 0.84313725 0.84313725 0.85098039
v 0.679112 0.022941 -0.091239 0.85882353 0.85490196 0.86274510
v 0.634759 0.022964 -0.092836 0.82352941 0.81568627 0.81960784
v 0.681883 0.025711 -0.091404 0.87843137 0.87450980 0.88235294
v 0.684647 0.028488 -0.091268 0.89803922 0.89411765 0.90196078
v 0.659694 0.014653 -0.090186 0.76862745 0.76470588 0.76862745
v 0.654153 0.031276 -0.092288 0.88627451 0.88235294 0.89411765
v 0.656923 0.034046 -0.091265 0.88235294 0.87843137 0.89019608
v 0.651382 0.034046 -0.091801 0.89019608 0.88627451 0.89803922
v 0.654153 0.036817 -0.090851 0.89411765 0.89019608 0.90196078
v 0.645841 0.034046 -0.092601 0.88235294 0.87843137 0.88627451
v 0.648612 0.036817 -0.091175 0.88627451 0.88235294 0.89019608
v 0.651382 0.039587 -0.090068 0.88627451 0.88627451 0.89411765
v 0.659694 0.036817 -0.090288 0.87058824 0.86666667 0.87450980
v 0.656923 0.039587 -0.089905 0.90196078 0.89803922 0.90980392
v 0.637529 0.036817 -0.092673 0.89803922 0.89803922 0.91372549
v 0.831469 0.020190 -0.092561 0.57647059 0.37254902 0.30588235
v 0.825928 0.020189 -0.090830 0.55686275 0.36862745 0.30196078
v 0.828706 0.022936 -0.091274 0.58431373 0.38823529 0.32941176
v 0.831483 0.025689 -0.092855 0.53725490 0.34901961 0.29803922
v 0.809303 0.014653 -0.090442 0.48235294 0.32941176 0.25882353
v 0.803762 0.014653 -0.090520 0.51372549 0.35686275 0.28627451
v 0.798248 0.014565 -0.090521 0.54901961 0.38039216 0.30980392
v 0.814844 0.014653 -0.092740 0.49803922 0.34117647 0.27450980
v 0.817615 0.017423 -0.089646 0.43529412 0.28235294 0.22352941
v 0.784377 0.011857 -0.089238 0.65882353 0.45882353 0.36862745
v 0.776058 0.009110 -0.090722 0.67450980 0.47450980 0.38039216
v 0.823156 0.017422 -0.091382 0.52941176 0.34901961 0.28627451
v 0.823167 0.022929 -0.089332 0.62352941 0.41176471 0.32941176
v 0.814899 0.031115 -0.089958 0.74901961 0.51764706 0.41176471
v 0.825942 0.025688 -0.090747 0.53333333 0.35686275 0.29019608
v 0.823200 0.028374 -0.091059 0.54509804 0.34117647 0.26666667
v 0.690189 0.028487 -0.091797 0.91764706 0.92156863 0.92549020
v 0.687415 0.031261 -0.091302 0.91764706 0.91764706 0.92549020
v 0.692954 0.031263 -0.092146 0.93725490 0.93725490 0.94117647
v 0.690170 0.034046 -0.091084 0.92156863 0.92156863 0.92941176
v 0.684629 0.034046 -0.090595 0.90980392 0.90980392 0.91764706
v 0.687399 0.036817 -0.089805 0.91372549 0.91372549 0.92156863
v 0.681858 0.036817 -0.089199 0.89803922 0.89803922 0.90196078
v -0.783493 0.033188 -0.088988 0.74901961 0.52941176 0.43921569
v -0.730305 0.003798 -0.088988 0.63137255 0.44705882 0.35686275
v -0.781871 0.033200 -0.088988 0.74901961 0.52156863 0.43529412
v -0.723606 0.004417 -0.088988 0.62352941 0.44705882 0.35686275
v -0.720295 0.004870 -0.088988 0.61960784 0.44705882 0.36078431
v -0.767105 0.007352 -0.088988 0.65098039 0.44313725 0.35686275
v -0.711695 0.007353 -0.088988 0.57647059 0.39607843 0.30588235
v -0.765279 0.007073 -0.088988 0.65098039 0.44705882 0.35686275
v -0.755317 0.005953 -0.088988 0.65882353 0.45490196 0.36470588
v -0.743703 0.039360 -0.088988 0.75686275 0.52549020 0.43137255
v -0.754558 0.005887 -0.088988 0.66274510 0.45882353 0.36862745
v -0.733709 0.040443 -0.088988 0.48627451 0.35686275 0.30196078
v -0.772405 0.034816 -0.088988 0.74509804 0.52941176 0.42745098
v -0.731864 0.040488 -0.088988 0.45098039 0.32941176 0.28235294
v -0.770216 0.035382 -0.088988 0.74509804 0.53333333 0.43529412
v -0.723144 0.040932 -0.088988 0.43921569 0.32941176 0.27058824
v -0.763613 0.037107 -0.088988 0.74901961 0.52156863 0.42745098
v -0.720316 0.040956 -0.088988 0.58039216 0.41960784 0.33725490
v -0.756288 0.038228 -0.088988 0.76470588 0.52941176 0.41960784
v -0.707772 0.009169 -0.088988 0.60000000 0.41176471 0.30588235
v -0.753993 0.038568 -0.088988 0.75686275 0.52941176 0.42745098
v 0.706706 0.006428 -0.088988 0.69019608 0.70196078 0.70196078
v -0.711946 0.040753 -0.088988 0.58431373 0.44313725 0.37647059
v -0.744103 0.039332 -0.088988 0.75294118 0.52549020 0.43529412
v -0.709475 0.040718 -0.088988 0.67058824 0.49411765 0.41960784
v 0.702999 0.008076 -0.088988 0.72549020 0.72549020 0.73333333
v -0.700652 0.040503 -0.088988 0.76470588 0.74509804 0.74509804
v -0.745421 0.004767 -0.088988 0.65098039 0.45490196 0.36470588
v 0.696266 0.012336 -0.088988 0.81568627 0.80784314 0.80784314
v -0.741956 0.004368 -0.088988 0.64313725 0.45490196 0.36470588
v -0.698599 0.040513 -0.088988 0.87843137 0.87450980 0.87450980
v -0.735219 0.003887 -0.088988 0.63921569 0.45490196 0.36470588
v 0.768338 0.006934 -0.088988 0.66666667 0.47058824 0.37647059
v -0.704400 0.011139 -0.088988 0.57647059 0.41568627 0.33333333
v 0.732669 0.002629 -0.088988 0.59607843 0.42745098 0.35294118
v 0.730658 0.002500 -0.088988 0.58039216 0.41960784 0.35294118
v 0.721334 0.002882 -0.088988 0.58431373 0.45098039 0.39215686
v 0.720066 0.002990 -0.088988 0.59607843 0.48235294 0.43137255
v 0.752736 0.004727 -0.088988 0.64313725 0.45490196 0.36470588
v 0.742802 0.003578 -0.088988 0.60784314 0.43137255 0.34901961
v 0.742820 0.003580 -0.088988 0.62745098 0.44313725 0.35686275
v 0.762633 0.005912 -0.088988 0.66274510 0.46666667 0.37647059
v 0.755406 0.005084 -0.088988 0.64705882 0.45882353 0.36862745
v 0.767626 0.034015 -0.088988 0.74509804 0.51764706 0.41176471
v 0.763464 0.035039 -0.088988 0.75294118 0.52156863 0.41176471
v 0.753987 0.036624 -0.088988 0.75294118 0.52156863 0.38823529
v 0.753910 0.036636 -0.088988 0.75294118 0.52156863 0.38823529
v 0.710925 0.004929 -0.088988 0.60392157 0.51372549 0.46274510
v 0.718124 0.039339 -0.088988 0.76862745 0.52941176 0.41176471
v 0.711969 0.039222 -0.088988 0.90980392 0.86274510 0.84313725
v 0.741579 0.038017 -0.088988 0.73725490 0.51372549 0.38431373
v 0.733686 0.038750 -0.088988 0.77254902 0.53333333 0.41568627
v 0.743973 0.037892 -0.088988 0.73725490 0.51764706 0.39215686
v 0.729639 0.038900 -0.088988 0.77647059 0.54509804 0.41568627
v 0.723047 0.039217 -0.088988 0.79215686 0.53333333 0.40392157
v 0.791226 0.032415 -0.088988 0.70588235 0.47843137 0.37647059
v 0.782712 0.031793 -0.088988 0.71764706 0.49803922 0.40000000
v 0.780695 0.031897 -0.088988 0.74117647 0.52156863 0.42745098
v 0.772461 0.032823 -0.088988 0.73333333 0.52156863 0.40784314
v 0.696512 0.038786 -0.088988 0.93333333 0.93333333 0.93725490
v 0.707301 0.039079 -0.088988 0.92941176 0.93725490 0.94117647
v 0.700472 0.038807 -0.088988 0.93333333 0.93333333 0.93725490
v -0.799299 0.017382 -0.096449 0.60392157 0.39607843 0.31764706
v -0.721724 0.006300 -0.092907 0.61568627 0.42745098 0.33333333
v -0.716183 0.011841 -0.096315 0.63921569 0.44705882 0.36862745
v -0.788217 0.028464 -0.094523 0.74117647 0.50588235 0.41176471
v -0.738347 0.034005 -0.096759 0.47450980 0.34901961 0.29019608
v -0.777135 0.028464 -0.095812 0.72941176 0.49411765 0.39215686
v -0.732809 0.039543 -0.090370 0.54117647 0.39607843 0.32549020
v -0.727269 0.034001 -0.096528 0.56862745 0.41176471 0.33725490
v -0.721743 0.039528 -0.090730 0.60784314 0.43529412 0.34901961
v -0.766053 0.006299 -0.093743 0.66666667 0.45490196 0.36470588
v -0.716204 0.033985 -0.094992 0.69019608 0.49803922 0.40784314
v -0.710646 0.028460 -0.096088 0.70980392 0.49803922 0.40392157
v -0.771594 0.034005 -0.090579 0.73333333 0.52549020 0.42745098
v -0.710642 0.017382 -0.096238 0.63137255 0.44313725 0.36078431
v -0.760512 0.034005 -0.095751 0.71372549 0.50588235 0.41568627
v -0.705101 0.011841 -0.090104 0.58431373 0.41568627 0.32941176
v 0.704030 0.009105 -0.090680 0.74117647 0.74509804 0.75294118
v -0.705101 0.022923 -0.094668 0.62745098 0.43529412 0.36078431
v 0.698509 0.014626 -0.091605 0.84313725 0.83529412 0.83921569
v -0.699560 0.017382 -0.090288 0.68235294 0.60784314 0.60000000
v -0.710688 0.039504 -0.090098 0.69019608 0.50980392 0.42745098
v -0.705129 0.033979 -0.092828 0.64313725 0.47058824 0.39215686
v 0.731728 0.003570 -0.094702 0.58431373 0.40784314 0.32941176
v -0.699618 0.039493 -0.089580 0.87843137 0.86666667 0.87843137
v 0.720646 0.003570 -0.091001 0.52156863 0.35686275 0.29411765
v -0.699560 0.028464 -0.092748 0.80392157 0.76470588 0.74901961
v 0.792848 0.030775 -0.093169 0.68235294 0.45882353 0.37254902
v 0.770586 0.031063 -0.092256 0.72549020 0.50980392 0.40392157
v 0.715106 0.009110 -0.096303 0.58823529 0.40392157 0.30196078
v 0.704030 0.020187 -0.095642 0.87058824 0.86666667 0.87058824
v 0.698486 0.025730 -0.093654 0.89803922 0.90588235 0.90980392
v 0.704024 0.031274 -0.093814 0.91764706 0.91372549 0.91372549
v 0.715105 0.031276 -0.096190 0.73725490 0.62745098 0.55686275
v 0.720646 0.036817 -0.092033 0.78431373 0.53725490 0.41568627
v 0.709564 0.036817 -0.091158 0.92549020 0.92549020 0.92941176
v 0.742830 0.036759 -0.091047 0.74509804 0.52156863 0.39607843
v 0.731731 0.036807 -0.091975 0.78039216 0.54117647 0.42745098
v 0.781744 0.030837 -0.090331 0.74117647 0.52156863 0.43137255
v 0.698481 0.036817 -0.090263 0.92549020 0.92549020 0.93333333
v -0.674731 0.047661 -0.085070 0.89803922 0.90980392 0.91372549
v -0.669734 0.047219 -0.085070 0.92156863 0.91372549 0.92156863
v -0.814957 0.023888 -0.085070 0.55294118 0.33725490 0.25098039
v -0.814474 0.027016 -0.085070 0.57254902 0.33333333 0.23921569
v -0.811547 0.029630 -0.085070 0.53333333 0.30196078 0.21568627
v -0.695869 0.013691 -0.085070 0.76078431 0.74509804 0.75686275
v -0.812603 0.020701 -0.085070 0.50980392 0.31372549 0.24313725
v -0.808799 0.018964 -0.085070 0.38039216 0.22745098 0.18431373
v -0.692727 0.016069 -0.085070 0.78039216 0.77647059 0.79215686
v -0.808193 0.030652 -0.085070 0.53333333 0.30980392 0.22352941
v -0.689534 0.018380 -0.085070 0.80392157 0.79215686 0.80392157
v -0.807121 0.030745 -0.085070 0.54117647 0.32156863 0.22352941
v -0.649713 0.022899 -0.085070 0.73725490 0.72549020 0.74117647
v -0.686322 0.020618 -0.085070 0.81960784 0.80784314 0.82745098
v -0.802672 0.031837 -0.085070 0.58039216 0.35294118 0.23921569
v -0.683119 0.022854 -0.085070 0.83921569 0.82745098 0.85098039
v -0.622737 0.005548 -0.085070 0.76470588 0.76078431 0.76862745
v -0.682960 0.022905 -0.085070 0.83921569 0.82745098 0.85098039
v -0.805455 0.017997 -0.085070 0.36862745 0.22352941 0.17254902
v -0.678301 0.023526 -0.085070 0.83921569 0.83529412 0.85098039
v -0.804489 0.017733 -0.085070 0.47058824 0.29803922 0.23529412
v -0.675686 0.024638 -0.085070 0.84705882 0.83921569 0.85882353
v -0.800517 0.016163 -0.085070 0.52549020 0.33725490 0.26666667
v -0.674268 0.025103 -0.085070 0.85098039 0.84313725 0.86274510
v -0.647232 0.019838 -0.085070 0.74117647 0.72941176 0.74509804
v -0.670003 0.026413 -0.085070 0.85882353 0.85098039 0.86666667
v -0.796609 0.014692 -0.085070 0.54509804 0.35294118 0.27843137
v -0.667953 0.026827 -0.085070 0.86274510 0.85882353 0.87058824
v -0.796493 0.014646 -0.085070 0.55686275 0.36078431 0.28627451
v -0.665670 0.027682 -0.085070 0.86666667 0.86274510 0.87450980
v -0.792008 0.013591 -0.085070 0.57647059 0.38039216 0.29803922
v -0.644831 0.016699 -0.085070 0.74901961 0.74509804 0.75686275
v -0.668416 0.047033 -0.085070 0.92941176 0.92156863 0.92941176
v -0.642107 0.013883 -0.085070 0.77647059 0.77254902 0.78431373
v -0.638631 0.011864 -0.085070 0.81568627 0.81176471 0.81960784
v -0.664018 0.047388 -0.085070 0.92549020 0.91764706 0.92156863
v -0.801113 0.032191 -0.085070 0.61568627 0.38431373 0.27058824
v -0.638598 0.011850 -0.085070 0.81568627 0.81176471 0.81960784
v -0.797968 0.032673 -0.085070 0.67450980 0.43921569 0.32156863
v -0.663257 0.047487 -0.085070 0.92156863 0.91372549 0.92156863
v -0.794725 0.033038 -0.085070 0.71372549 0.48235294 0.37647059
v -0.792969 0.033215 -0.085070 0.72941176 0.50196078 0.40392157
v -0.660832 0.028471 -0.085070 0.86666667 0.86274510 0.87450980
v -0.660778 0.028458 -0.085070 0.86666667 0.85882353 0.87450980
v -0.635416 0.009492 -0.085070 0.80784314 0.80392157 0.81176471
v -0.692960 0.046165 -0.085070 0.85882353 0.85098039 0.85098039
v -0.631558 0.007808 -0.085070 0.79215686 0.78823529 0.79607843
v -0.689940 0.046203 -0.085070 0.89019608 0.87843137 0.87843137
v -0.687667 0.045917 -0.085070 0.89411765 0.89411765 0.89411765
v -0.627743 0.006517 -0.085070 0.76078431 0.75686275 0.76470588
v -0.684038 0.045804 -0.085070 0.90196078 0.90588235 0.90980392
v -0.633523 0.061528 -0.085070 0.83137255 0.82352941 0.83137255
v -0.627434 0.006391 -0.085070 0.75686275 0.75294118 0.76078431
v -0.656401 0.027292 -0.085070 0.83921569 0.83137255 0.84705882
v -0.633155 0.061678 -0.085070 0.82745098 0.81960784 0.82745098
v -0.653144 0.025008 -0.085070 0.76862745 0.76470588 0.77647059
v -0.658348 0.048204 -0.085070 0.89411765 0.88627451 0.90588235
v -0.629259 0.062587 -0.085070 0.87843137 0.87058824 0.87843137
v -0.657415 0.048444 -0.085070 0.88235294 0.87450980 0.89019608
v -0.681069 0.046978 -0.085070 0.90588235 0.90196078 0.90588235
v -0.654264 0.049661 -0.085070 0.87058824 0.86274510 0.87450980
v -0.680047 0.047393 -0.085070 0.90980392 0.90196078 0.90980392
v -0.626964 0.062364 -0.085070 0.91372549 0.90980392 0.91764706
v -0.674843 0.047659 -0.085070 0.89411765 0.90588235 0.90588235
v -0.650907 0.051846 -0.085070 0.83529412 0.82745098 0.83921569
v -0.647727 0.054101 -0.085070 0.82352941 0.81960784 0.82745098
v -0.645101 0.056872 -0.085070 0.84313725 0.83529412 0.83921569
v -0.641780 0.058565 -0.085070 0.87450980 0.87058824 0.87450980
v -0.641459 0.058680 -0.085070 0.87843137 0.87058824 0.87843137
v -0.637484 0.060053 -0.085070 0.89019608 0.88235294 0.89019608
v 0.631311 -0.006835 -0.085070 0.70196078 0.69803922 0.70196078
v 0.627220 -0.006739 -0.085070 0.70588235 0.70196078 0.70588235
v 0.654574 0.003150 -0.085070 0.71764706 0.70588235 0.71372549
v 0.625737 -0.006801 -0.085070 0.70980392 0.70588235 0.70980392
v 0.621669 -0.006749 -0.085070 0.71372549 0.70980392 0.71372549
v 0.690648 0.011406 -0.085070 0.81176471 0.80784314 0.81568627
v 0.653647 0.003065 -0.085070 0.71372549 0.70588235 0.71372549
v 0.669707 0.043427 -0.085070 0.94901961 0.94901961 0.95686275
v 0.690031 0.011576 -0.085070 0.81568627 0.80784314 0.82352941
v 0.666610 0.043733 -0.085070 0.94117647 0.94509804 0.94901961
v 0.684885 0.011628 -0.085070 0.81176471 0.81176471 0.81960784
v 0.684436 0.011509 -0.085070 0.81176471 0.80784314 0.81960784
v 0.663185 0.044408 -0.085070 0.92156863 0.91764706 0.92549020
v 0.662007 0.044671 -0.085070 0.90980392 0.90980392 0.91764706
v 0.660285 0.002979 -0.085070 0.71764706 0.71372549 0.71764706
v 0.655808 0.046244 -0.085070 0.92156863 0.91764706 0.92549020
v 0.659235 0.003111 -0.085070 0.71764706 0.70980392 0.71372549
v 0.653096 0.046843 -0.085070 0.91764706 0.91372549 0.92156863
v 0.664375 0.002711 -0.085070 0.75294118 0.74901961 0.76078431
v 0.657552 0.045757 -0.085070 0.91372549 0.91372549 0.92156863
v 0.635009 -0.004991 -0.085070 0.69411765 0.69411765 0.69411765
v 0.634128 -0.005372 -0.085070 0.69411765 0.69411765 0.69411765
v 0.641149 0.049821 -0.085070 0.92549020 0.92549020 0.93333333
v 0.638393 -0.002835 -0.085070 0.70196078 0.69803922 0.70196078
v 0.639705 0.050075 -0.085070 0.92941176 0.92941176 0.93725490
v 0.634614 0.050814 -0.085070 0.92156863 0.91764706 0.92549020
v 0.641645 -0.000545 -0.085070 0.71372549 0.70980392 0.70980392
v 0.634846 0.050757 -0.085070 0.92549020 0.92156863 0.92941176
v 0.630346 0.051798 -0.085070 0.84313725 0.83921569 0.84705882
v 0.645698 0.000943 -0.085070 0.71372549 0.70588235 0.71372549
v 0.649812 0.002370 -0.085070 0.71764706 0.71372549 0.71372549
v 0.626455 0.053448 -0.085070 0.90196078 0.90196078 0.90980392
v 0.646132 0.001091 -0.085070 0.71764706 0.70980392 0.71764706
v 0.674738 0.005149 -0.085070 0.74509804 0.73725490 0.74509804
v 0.620180 -0.006786 -0.085070 0.71372549 0.70980392 0.71372549
v 0.649025 0.047486 -0.085070 0.90588235 0.90588235 0.90980392
v 0.671637 0.004340 -0.085070 0.76078431 0.74901961 0.75686275
v 0.626433 0.053455 -0.085070 0.90196078 0.89803922 0.90980392
v 0.648324 0.047611 -0.085070 0.90588235 0.90588235 0.90980392
v 0.666056 0.002749 -0.085070 0.77647059 0.77254902 0.78431373
v 0.644044 0.048873 -0.085070 0.91372549 0.90980392 0.91764706
v 0.621982 0.054516 -0.085070 0.93333333 0.92941176 0.93725490
v 0.670354 0.003993 -0.085070 0.77647059 0.76470588 0.77647059
v 0.678156 0.007273 -0.085070 0.76862745 0.76078431 0.76470588
v 0.681190 0.009781 -0.085070 0.79607843 0.78823529 0.79607843
v 0.801187 0.017220 -0.085070 0.40000000 0.26666667 0.21960784
v 0.800600 0.017018 -0.085070 0.49411765 0.33333333 0.27058824
v 0.805544 0.018411 -0.085070 0.40000000 0.27450980 0.21568627
v 0.681963 0.042253 -0.085070 0.90980392 0.90980392 0.91764706
v 0.809364 0.020133 -0.085070 0.49803922 0.34117647 0.27058824
v 0.681753 0.042253 -0.085070 0.92156863 0.92156863 0.92549020
v 0.809009 0.019899 -0.085070 0.40392157 0.28627451 0.22745098
v 0.812066 0.022938 -0.085070 0.54509804 0.37254902 0.29411765
v 0.691724 0.043574 -0.085070 0.92156863 0.92549020 0.92941176
v 0.688617 0.043575 -0.085070 0.92156863 0.92156863 0.92549020
v 0.686261 0.043496 -0.085070 0.92156863 0.92156863 0.92549020
v 0.676843 0.042884 -0.085070 0.94117647 0.94117647 0.94509804
v 0.811780 0.023248 -0.085070 0.59215686 0.40392157 0.31372549
v 0.675928 0.042747 -0.085070 0.94117647 0.94117647 0.94509804
v 0.671525 0.043107 -0.085070 0.94901961 0.94901961 0.95686275
v 0.810719 0.027133 -0.085070 0.63529412 0.43137255 0.31764706
v 0.793396 0.013909 -0.085070 0.56470588 0.38431373 0.31372549
v 0.791180 0.013098 -0.085070 0.60000000 0.41176471 0.33333333
v 0.797273 0.015577 -0.085070 0.53725490 0.36470588 0.29803922
v 0.789269 0.012509 -0.085070 0.61568627 0.42352941 0.34117647
v 0.804806 0.030131 -0.085070 0.70980392 0.45490196 0.36862745
v 0.803020 0.030298 -0.085070 0.70588235 0.45882353 0.36862745
v 0.807451 0.029309 -0.085070 0.70196078 0.45490196 0.34901961
v 0.798566 0.031279 -0.085070 0.67450980 0.43921569 0.32941176
v 0.797870 0.031429 -0.085070 0.67450980 0.44313725 0.32941176
v 0.793930 0.032038 -0.085070 0.70588235 0.45882353 0.34509804
v -0.824234 0.025693 -0.088813 0.53333333 0.31764706 0.23137255
v -0.821464 0.028464 -0.088636 0.58431373 0.36078431 0.25882353
v -0.821463 0.022923 -0.088227 0.57254902 0.35686275 0.27058824
v -0.818693 0.020152 -0.087806 0.53725490 0.33333333 0.25098039
v -0.818693 0.025693 -0.086312 0.60000000 0.36862745 0.26666667
v -0.815922 0.022923 -0.085551 0.54509804 0.33725490 0.25098039
v -0.815922 0.017382 -0.088691 0.50980392 0.32156863 0.24705882
v -0.813152 0.020152 -0.085567 0.49019608 0.30588235 0.23529412
v -0.810381 0.017382 -0.086786 0.37647059 0.22352941 0.18039216
v -0.671972 0.044982 -0.086042 0.91764706 0.90980392 0.90980392
v -0.696789 0.014611 -0.086615 0.76862745 0.74117647 0.74901961
v -0.694034 0.017367 -0.086913 0.79607843 0.78431373 0.80392157
v -0.649691 0.022921 -0.085089 0.73725490 0.72549020 0.74117647
v -0.646920 0.020151 -0.085336 0.74509804 0.73725490 0.74901961
v -0.691275 0.020127 -0.087145 0.81960784 0.80784314 0.81568627
v -0.644149 0.017382 -0.085578 0.75686275 0.75294118 0.76470588
v -0.815922 0.028464 -0.086018 0.55294118 0.31764706 0.22745098
v -0.641378 0.014611 -0.085542 0.80000000 0.79607843 0.80784314
v -0.688541 0.022862 -0.087129 0.83529412 0.82352941 0.83921569
v -0.813152 0.031234 -0.086882 0.60392157 0.36470588 0.27450980
v -0.633067 0.017382 -0.087304 0.83529412 0.83137255 0.84313725
v -0.688522 0.028422 -0.088694 0.85490196 0.84705882 0.85882353
v -0.646919 0.025693 -0.087075 0.75294118 0.74509804 0.76078431
v -0.630296 0.014611 -0.087135 0.78823529 0.78431373 0.79607843
v -0.685805 0.025601 -0.087067 0.84705882 0.83921569 0.85882353
v -0.807611 0.031234 -0.085607 0.54509804 0.32941176 0.23137255
v -0.630296 0.020152 -0.088000 0.78039216 0.77254902 0.78431373
v -0.644149 0.022923 -0.087001 0.75294118 0.74901961 0.76078431
v -0.627526 0.017382 -0.088026 0.74901961 0.74509804 0.75294118
v -0.804840 0.017382 -0.085504 0.47058824 0.29803922 0.23529412
v -0.685821 0.031128 -0.087905 0.86666667 0.86666667 0.87843137
v -0.641378 0.020152 -0.086831 0.78823529 0.78431373 0.79607843
v -0.796529 0.014611 -0.085150 0.56078431 0.36470588 0.29019608
v -0.683100 0.028311 -0.087021 0.85882353 0.85882353 0.87450980
v -0.627526 0.011841 -0.087223 0.76470588 0.75686275 0.76862745
v -0.680337 0.025532 -0.085809 0.85098039 0.84313725 0.85882353
v -0.624755 0.014611 -0.088273 0.75294118 0.74901961 0.75686275
v -0.644149 0.028464 -0.088398 0.78431373 0.77647059 0.79215686
v -0.683084 0.033869 -0.087097 0.88235294 0.88235294 0.90196078
v -0.641378 0.025693 -0.088026 0.80392157 0.79607843 0.81176471
v -0.680386 0.031029 -0.086846 0.86666667 0.86666667 0.88235294
v -0.624755 0.009070 -0.086945 0.75686275 0.75294118 0.76470588
v -0.688564 0.033925 -0.088932 0.88235294 0.87450980 0.87843137
v -0.677580 0.028291 -0.086070 0.85490196 0.85098039 0.86666667
v -0.638608 0.022923 -0.087772 0.83921569 0.83137255 0.84705882
v -0.688605 0.039430 -0.088147 0.89803922 0.89803922 0.90196078
v -0.674750 0.025574 -0.085166 0.85098039 0.84313725 0.86274510
v -0.685848 0.036647 -0.088028 0.89803922 0.89019608 0.91764706
v -0.638608 0.017382 -0.086502 0.83921569 0.83529412 0.84705882
v -0.680372 0.036587 -0.086802 0.90196078 0.89411765 0.90588235
v -0.694163 0.044958 -0.085962 0.81176471 0.80392157 0.80392157
v -0.677584 0.033831 -0.086680 0.88627451 0.87843137 0.88627451
v -0.635837 0.014611 -0.086277 0.84705882 0.84313725 0.85490196
v -0.635837 0.020152 -0.087354 0.86274510 0.85098039 0.86666667
v -0.691375 0.042203 -0.087500 0.88235294 0.87058824 0.87450980
v -0.688643 0.044940 -0.085838 0.89019608 0.89019608 0.89019608
v -0.621984 0.006300 -0.085720 0.77647059 0.77254902 0.78431373
v -0.633067 0.011841 -0.086280 0.83921569 0.83529412 0.84705882
v -0.674782 0.031089 -0.086010 0.86666667 0.86274510 0.87450980
v -0.630296 0.009070 -0.085710 0.81960784 0.81568627 0.82352941
v -0.677588 0.039372 -0.087334 0.90980392 0.89803922 0.90588235
v -0.685888 0.042154 -0.086899 0.89019608 0.90196078 0.90588235
v -0.674791 0.036624 -0.086678 0.89803922 0.89019608 0.89803922
v -0.683142 0.044904 -0.085602 0.89803922 0.90196078 0.90196078
v -0.671995 0.033875 -0.086148 0.88627451 0.87843137 0.89019608
v -0.671978 0.028346 -0.085392 0.85882353 0.85490196 0.87058824
v -0.669172 0.031151 -0.085787 0.87843137 0.87450980 0.89019608
v -0.633414 0.061419 -0.085263 0.82352941 0.81176471 0.82352941
v -0.666385 0.028395 -0.085229 0.86666667 0.86274510 0.87450980
v -0.660793 0.045069 -0.085915 0.91764706 0.90980392 0.92156863
v -0.674791 0.042167 -0.086665 0.91372549 0.90196078 0.91372549
v -0.671975 0.039436 -0.086615 0.90588235 0.89803922 0.90196078
v -0.683132 0.039368 -0.087400 0.91372549 0.90588235 0.92156863
v -0.669197 0.036673 -0.086396 0.90196078 0.89411765 0.90196078
v -0.658002 0.047858 -0.085245 0.89019608 0.88627451 0.90196078
v -0.669179 0.042231 -0.086185 0.92941176 0.91372549 0.92156863
v -0.680364 0.042138 -0.087229 0.90980392 0.90196078 0.90980392
v -0.666380 0.039486 -0.086345 0.92549020 0.91372549 0.92549020
v -0.630597 0.058685 -0.088974 0.82745098 0.81960784 0.82745098
v -0.658002 0.042317 -0.086638 0.88235294 0.87843137 0.89019608
v -0.677581 0.044922 -0.086148 0.90980392 0.90588235 0.91764706
v -0.628071 0.061253 -0.086881 0.88235294 0.87450980 0.88627451
v -0.655231 0.045087 -0.086465 0.84705882 0.83921569 0.85490196
v -0.666387 0.033936 -0.086092 0.89803922 0.89411765 0.90980392
v -0.663602 0.031178 -0.085476 0.89019608 0.88235294 0.89803922
v -0.655231 0.039546 -0.087428 0.81960784 0.81176471 0.82745098
v -0.652460 0.042317 -0.087774 0.81960784 0.81176471 0.82352941
v -0.663590 0.036732 -0.086341 0.90588235 0.90196078 0.91764706
v -0.652460 0.047858 -0.086227 0.85490196 0.85098039 0.85882353
v -0.649690 0.045087 -0.087882 0.83137255 0.82745098 0.83921569
v -0.660819 0.033962 -0.086148 0.89803922 0.89019608 0.90588235
v -0.666391 0.045018 -0.085682 0.92941176 0.92156863 0.92549020
v -0.649690 0.050628 -0.086076 0.82745098 0.82352941 0.83137255
v -0.663588 0.042276 -0.086240 0.91372549 0.90980392 0.91372549
v -0.646919 0.047858 -0.088101 0.85098039 0.85098039 0.85882353
v -0.646978 0.053348 -0.085852 0.83529412 0.83137255 0.83921569
v -0.644208 0.050577 -0.088419 0.87843137 0.87450980 0.88627451
v -0.660793 0.039528 -0.086595 0.90980392 0.90588235 0.91764706
v -0.652461 0.036775 -0.088368 0.76078431 0.75686275 0.76862745
v -0.658002 0.036775 -0.086861 0.88627451 0.88235294 0.89411765
v -0.646919 0.031234 -0.088952 0.77254902 0.76862745 0.78039216
v -0.644289 0.056049 -0.086064 0.83921569 0.83137255 0.83529412
v -0.641531 0.053267 -0.088517 0.83137255 0.82745098 0.83529412
v -0.658002 0.031232 -0.085861 0.86666667 0.86274510 0.87450980
v -0.638806 0.056000 -0.088392 0.87450980 0.86666667 0.87450980
v -0.636083 0.058731 -0.087373 0.88627451 0.88235294 0.89019608
v -0.655232 0.028462 -0.085589 0.81176471 0.80784314 0.81568627
v -0.635837 0.025693 -0.088642 0.88627451 0.88235294 0.89411765
v -0.652461 0.025691 -0.085519 0.76078431 0.75686275 0.76862745
v -0.633067 0.022923 -0.088182 0.83529412 0.83137255 0.84313725
v -0.655231 0.034005 -0.087041 0.81568627 0.81568627 0.82352941
v -0.652461 0.031234 -0.087173 0.75686275 0.74901961 0.76078431
v -0.649690 0.028464 -0.087167 0.75294118 0.74901961 0.76078431
v 0.662464 0.039587 -0.088709 0.88627451 0.88627451 0.89411765
v 0.654153 0.003570 -0.085403 0.72156863 0.70980392 0.71764706
v 0.629218 -0.004741 -0.086853 0.69411765 0.69019608 0.69411765
v 0.659694 0.042358 -0.087681 0.90196078 0.89803922 0.90588235
v 0.659694 0.003570 -0.085434 0.72156863 0.71372549 0.71764706
v 0.623677 -0.004741 -0.087519 0.71372549 0.71372549 0.71372549
v 0.626447 -0.001971 -0.088274 0.71764706 0.71372549 0.71764706
v 0.668006 0.039587 -0.088237 0.94117647 0.94117647 0.94901961
v 0.665235 0.042358 -0.086573 0.92549020 0.92941176 0.93725490
v 0.690252 0.011801 -0.085293 0.81960784 0.81176471 0.82352941
v 0.670776 0.042358 -0.086092 0.94509804 0.94901961 0.95686275
v 0.684721 0.011791 -0.085203 0.81568627 0.81176471 0.82352941
v 0.665235 0.003570 -0.085786 0.76862745 0.76470588 0.77647059
v 0.687495 0.014560 -0.087063 0.85098039 0.84313725 0.85490196
v 0.662464 0.006341 -0.087125 0.74509804 0.74117647 0.75294118
v 0.654153 0.042358 -0.088941 0.91372549 0.90980392 0.91764706
v 0.656923 0.045129 -0.085970 0.91372549 0.91372549 0.91764706
v 0.651382 0.045129 -0.087342 0.90980392 0.90588235 0.91372549
v 0.656923 0.006341 -0.086700 0.73333333 0.72156863 0.72941176
v 0.659694 0.009111 -0.088136 0.75686275 0.75294118 0.76078431
v 0.645841 0.045129 -0.088274 0.90196078 0.89803922 0.90588235
v 0.634759 -0.004741 -0.085170 0.69411765 0.69411765 0.69411765
v 0.637529 -0.001971 -0.085816 0.70588235 0.69803922 0.70196078
v 0.640300 0.045129 -0.088759 0.91764706 0.91372549 0.92549020
v 0.643071 0.047899 -0.086248 0.90980392 0.90980392 0.91764706
v 0.634759 0.045129 -0.088840 0.92549020 0.92156863 0.93333333
v 0.631988 0.047899 -0.087486 0.89411765 0.89019608 0.89803922
v 0.640300 0.000800 -0.086145 0.71764706 0.70980392 0.71764706
v 0.643071 0.003570 -0.086912 0.74509804 0.73725490 0.74509804
v 0.637530 0.047899 -0.086767 0.93333333 0.93333333 0.94117647
v 0.631988 -0.001971 -0.086786 0.71764706 0.71372549 0.71764706
v 0.634759 0.050670 -0.085162 0.92549020 0.92156863 0.92941176
v 0.634759 0.000800 -0.087698 0.72156863 0.71372549 0.71764706
v 0.637529 0.003570 -0.088106 0.74117647 0.73333333 0.74117647
v 0.640300 0.006341 -0.088800 0.75294118 0.74901961 0.75294118
v 0.648612 0.003570 -0.086086 0.73725490 0.72941176 0.73333333
v 0.651382 0.006341 -0.087501 0.74509804 0.73725490 0.74117647
v 0.626447 0.047899 -0.088850 0.87843137 0.87450980 0.88235294
v 0.645841 0.006341 -0.087987 0.75294118 0.74509804 0.75294118
v 0.629218 0.050670 -0.086213 0.84705882 0.84705882 0.85490196
v 0.623677 0.050670 -0.088711 0.91372549 0.90980392 0.92156863
v 0.648612 0.009112 -0.088970 0.75686275 0.74901961 0.75686275
v 0.654153 0.009111 -0.088658 0.74901961 0.74117647 0.74509804
v 0.626447 0.053440 -0.085080 0.90588235 0.90588235 0.91372549
v 0.620906 0.053440 -0.086622 0.92549020 0.92156863 0.92941176
v 0.673596 0.006292 -0.086134 0.75686275 0.75294118 0.75686275
v 0.668028 0.006318 -0.087342 0.80784314 0.80784314 0.81176471
v 0.670820 0.009068 -0.088436 0.81568627 0.81176471 0.81960784
v 0.676372 0.009057 -0.086857 0.78039216 0.77254902 0.78039216
v 0.679153 0.011818 -0.087172 0.80392157 0.79607843 0.80392157
v 0.673594 0.011835 -0.088970 0.80392157 0.79607843 0.80392157
v 0.665235 0.009111 -0.088683 0.79215686 0.78431373 0.79607843
v 0.681934 0.014578 -0.087469 0.83137255 0.83137255 0.83529412
v 0.684730 0.017325 -0.088052 0.86274510 0.85882353 0.86274510
v 0.673547 0.039587 -0.087858 0.94117647 0.93725490 0.94509804
v 0.806533 0.017423 -0.086098 0.40392157 0.28235294 0.22352941
v 0.798244 0.014578 -0.088679 0.52549020 0.36078431 0.29019608
v 0.812075 0.017420 -0.087517 0.41176471 0.28235294 0.22352941
v 0.814846 0.020189 -0.086523 0.52941176 0.35686275 0.28627451
v 0.820388 0.020184 -0.088789 0.54117647 0.35686275 0.29019608
v 0.817621 0.022944 -0.087121 0.60784314 0.40392157 0.33725490
v 0.820403 0.025682 -0.088156 0.63137255 0.40784314 0.33725490
v 0.812078 0.022951 -0.085218 0.56078431 0.38431373 0.30196078
v 0.814868 0.025663 -0.085657 0.63529412 0.43529412 0.35294118
v 0.817642 0.028424 -0.088195 0.63921569 0.42745098 0.34509804
v 0.812096 0.028438 -0.086099 0.62745098 0.41960784 0.30980392
v 0.803823 0.031094 -0.085831 0.69803922 0.43921569 0.34509804
v 0.809317 0.031235 -0.087659 0.67843137 0.42745098 0.31764706
v 0.684629 0.039587 -0.087894 0.90588235 0.90588235 0.91372549
v 0.679088 0.039587 -0.087548 0.91372549 0.91372549 0.92156863
v 0.690170 0.039587 -0.088273 0.91764706 0.91764706 0.92156863
v 0.687399 0.042358 -0.086185 0.90980392 0.91372549 0.91764706
v 0.692940 0.042358 -0.086168 0.92156863 0.92941176 0.92941176
v 0.676317 0.042358 -0.085460 0.93725490 0.93725490 0.94117647
v -0.865938 0.017528 -0.081152 0.70588235 0.43529412 0.38039216
v -0.865562 0.017612 -0.081152 0.70980392 0.43529412 0.38039216
v -0.866364 0.027892 -0.081152 0.67843137 0.51372549 0.45490196
v -0.864790 0.027462 -0.081152 0.70588235 0.50588235 0.43137255
v -0.861553 0.018684 -0.081152 0.68235294 0.42352941 0.36862745
v -0.857943 0.020615 -0.081152 0.65490196 0.41568627 0.35686275
v -0.883344 0.027535 -0.081152 0.76078431 0.56078431 0.47843137
v -0.882972 0.029020 -0.081152 0.75294118 0.54901961 0.47058824
v -0.882145 0.023193 -0.081152 0.78039216 0.57254902 0.47843137
v -0.879854 0.031444 -0.081152 0.74117647 0.54117647 0.46666667
v -0.879534 0.020263 -0.081152 0.72941176 0.49411765 0.44705882
v -0.876039 0.018217 -0.081152 0.67843137 0.44705882 0.38431373
v -0.879398 0.031481 -0.081152 0.73333333 0.53333333 0.46274510
v -0.875092 0.030246 -0.081152 0.71764706 0.51764706 0.45490196
v -0.872019 0.029150 -0.081152 0.71372549 0.50980392 0.44705882
v -0.871058 0.028739 -0.081152 0.71372549 0.50980392 0.44313725
v -0.871553 0.017162 -0.081152 0.66666667 0.41960784 0.36078431
v -0.871066 0.017115 -0.081152 0.67058824 0.41176471 0.35686275
v -0.803834 0.023929 -0.081152 0.61568627 0.39607843 0.30588235
v -0.658339 0.014270 -0.081152 0.81568627 0.80784314 0.82352941
v -0.657792 0.014396 -0.081152 0.81960784 0.81176471 0.82745098
v -0.802771 0.026395 -0.081152 0.70196078 0.45098039 0.34509804
v -0.799782 0.028947 -0.081152 0.71372549 0.47450980 0.36470588
v -0.678850 0.051789 -0.081152 0.92156863 0.91372549 0.91372549
v -0.675751 0.052288 -0.081152 0.91764706 0.90980392 0.91764706
v -0.801422 0.020800 -0.081152 0.54509804 0.34901961 0.27450980
v -0.673976 0.052553 -0.081152 0.91764706 0.90980392 0.91764706
v -0.653779 0.015926 -0.081152 0.76078431 0.75294118 0.77254902
v -0.798928 0.017753 -0.081152 0.53725490 0.34509804 0.27058824
v -0.669631 0.052862 -0.081152 0.92156863 0.91372549 0.92549020
v -0.626841 0.001443 -0.081152 0.70196078 0.69803922 0.70588235
v -0.668791 0.052973 -0.081152 0.92156863 0.91372549 0.92549020
v -0.651862 0.015207 -0.081152 0.72156863 0.71372549 0.73333333
v -0.795655 0.015485 -0.081152 0.54509804 0.35294118 0.27450980
v -0.649205 0.012324 -0.081152 0.69411765 0.69019608 0.70196078
v -0.792038 0.013561 -0.081152 0.56078431 0.36862745 0.28627451
v -0.646881 0.009107 -0.081152 0.68627451 0.67843137 0.69019608
v -0.664142 0.053948 -0.081152 0.92549020 0.91764706 0.92156863
v -0.643905 0.006542 -0.081152 0.68627451 0.67843137 0.68627451
v -0.662765 0.054180 -0.081152 0.92156863 0.91372549 0.92156863
v -0.796809 0.031515 -0.081152 0.72549020 0.48235294 0.37647059
v -0.640350 0.004557 -0.081152 0.68235294 0.67843137 0.68235294
v -0.636283 0.003084 -0.081152 0.68627451 0.67843137 0.69019608
v -0.795715 0.032048 -0.081152 0.72156863 0.48627451 0.38039216
v -0.693813 0.011615 -0.081152 0.75686275 0.74509804 0.75686275
v 0.873332 0.017117 -0.081152 0.64705882 0.42745098 0.36862745
v -0.635099 0.002791 -0.081152 0.68235294 0.67450980 0.68627451
v 0.872368 0.016765 -0.081152 0.65098039 0.38823529 0.33725490
v -0.690493 0.013837 -0.081152 0.76078431 0.75294118 0.76862745
v -0.792904 0.033151 -0.081152 0.72549020 0.49411765 0.39215686
v -0.631565 0.002261 -0.081152 0.68627451 0.68235294 0.69019608
v 0.868639 0.016202 -0.081152 0.61960784 0.36078431 0.32941176
v -0.628469 0.001702 -0.081152 0.69411765 0.69411765 0.69803922
v -0.689048 0.050920 -0.081152 0.91372549 0.90980392 0.90588235
v 0.866505 0.016202 -0.081152 0.64705882 0.39215686 0.35686275
v -0.688105 0.051019 -0.081152 0.92156863 0.91372549 0.90980392
v 0.876841 0.019149 -0.081152 0.64313725 0.45098039 0.38823529
v 0.879452 0.022079 -0.081152 0.63921569 0.45882353 0.39607843
v -0.686528 0.015350 -0.081152 0.79215686 0.78823529 0.79607843
v -0.683825 0.051216 -0.081152 0.92549020 0.91372549 0.91764706
v 0.880336 0.024733 -0.081152 0.59215686 0.42352941 0.36862745
v -0.682326 0.051258 -0.081152 0.92549020 0.91372549 0.91764706
v -0.684255 0.016065 -0.081152 0.79607843 0.79607843 0.80392157
v -0.659357 0.054706 -0.081152 0.90196078 0.90196078 0.90980392
v -0.635610 0.063635 -0.081152 0.84313725 0.83529412 0.84313725
v -0.682299 0.016543 -0.081152 0.80000000 0.79607843 0.80784314
v -0.631595 0.064938 -0.081152 0.85490196 0.84705882 0.85882353
v 0.880490 0.026566 -0.081152 0.55686275 0.39607843 0.34509804
v -0.655342 0.056058 -0.081152 0.90196078 0.89803922 0.90588235
v 0.878959 0.028871 -0.081152 0.54901961 0.38431373 0.33725490
v -0.655187 0.056125 -0.081152 0.90196078 0.89803922 0.90588235
v -0.651434 0.057914 -0.081152 0.86666667 0.86274510 0.87058824
v -0.629816 0.065043 -0.081152 0.89803922 0.89019608 0.89803922
v -0.861920 0.026795 -0.081152 0.68627451 0.46666667 0.40392157
v -0.647800 0.059590 -0.081152 0.85882353 0.85490196 0.86274510
v -0.857760 0.025414 -0.081152 0.67058824 0.43921569 0.37647059
v -0.645319 0.060564 -0.081152 0.88235294 0.87843137 0.87843137
v -0.625493 0.064020 -0.081152 0.93333333 0.92549020 0.93333333
v -0.678414 0.016365 -0.081152 0.80784314 0.80392157 0.82352941
v -0.643867 0.061117 -0.081152 0.89411765 0.89019608 0.89019608
v -0.639909 0.062504 -0.081152 0.89411765 0.88627451 0.89411765
v -0.675388 0.015241 -0.081152 0.81176471 0.80392157 0.81960784
v -0.637175 0.063195 -0.081152 0.86274510 0.85490196 0.86274510
v -0.674387 0.014847 -0.081152 0.81176471 0.80392157 0.81960784
v -0.669776 0.013915 -0.081152 0.80392157 0.79607843 0.81176471
v -0.668418 0.013825 -0.081152 0.80392157 0.80000000 0.81568627
v -0.664362 0.013786 -0.081152 0.81176471 0.80784314 0.82352941
v -0.662891 0.013895 -0.081152 0.80784314 0.80784314 0.82352941
v 0.631270 -0.006793 -0.081152 0.70196078 0.69803922 0.70196078
v 0.651407 -0.004765 -0.081152 0.68627451 0.67843137 0.68627451
v 0.627046 -0.006913 -0.081152 0.70588235 0.70196078 0.70588235
v 0.654701 -0.002519 -0.081152 0.69411765 0.68627451 0.69019608
v 0.659469 -0.001746 -0.081152 0.70196078 0.69411765 0.69803922
v 0.659948 -0.001716 -0.081152 0.70196078 0.69411765 0.70196078
v 0.641822 -0.006263 -0.081152 0.69411765 0.69019608 0.69411765
v 0.638264 -0.006777 -0.081152 0.69411765 0.69019608 0.69411765
v 0.625823 -0.006888 -0.081152 0.70980392 0.70588235 0.70980392
v 0.636963 -0.006946 -0.081152 0.69803922 0.69411765 0.69803922
v 0.632761 -0.006739 -0.081152 0.69803922 0.69803922 0.69803922
v 0.644573 -0.006010 -0.081152 0.69411765 0.68627451 0.69019608
v 0.667259 0.045875 -0.081152 0.94901961 0.94901961 0.95294118
v 0.664289 0.046953 -0.081152 0.93333333 0.93333333 0.93725490
v 0.672723 -0.000079 -0.081152 0.71764706 0.70588235 0.70588235
v 0.674155 0.000191 -0.081152 0.72156863 0.70980392 0.71372549
v 0.660185 0.048390 -0.081152 0.91372549 0.90980392 0.91372549
v 0.669321 -0.000516 -0.081152 0.73725490 0.72941176 0.73333333
v 0.658911 0.048682 -0.081152 0.90980392 0.90588235 0.90980392
v 0.678051 0.001836 -0.081152 0.71372549 0.70588235 0.70588235
v 0.621664 -0.006754 -0.081152 0.70980392 0.70588235 0.70980392
v 0.655530 0.049276 -0.081152 0.91372549 0.91372549 0.91764706
v 0.680785 0.004643 -0.081152 0.74117647 0.73333333 0.73725490
v 0.652164 0.049888 -0.081152 0.91764706 0.91372549 0.92156863
v 0.683973 0.006997 -0.081152 0.76470588 0.76078431 0.76470588
v 0.650828 0.050115 -0.081152 0.91764706 0.91764706 0.92156863
v 0.646593 0.051422 -0.081152 0.91372549 0.90980392 0.91764706
v 0.644188 0.052323 -0.081152 0.91372549 0.90980392 0.91764706
v 0.688754 0.007757 -0.081152 0.75686275 0.74901961 0.75686275
v 0.637470 0.053500 -0.081152 0.91764706 0.91372549 0.92156863
v 0.633365 0.054817 -0.081152 0.85882353 0.85490196 0.86274510
v 0.686070 0.007623 -0.081152 0.76470588 0.76078431 0.76862745
v 0.642439 0.052808 -0.081152 0.91764706 0.91372549 0.92156863
v 0.629393 0.056386 -0.081152 0.89411765 0.89019608 0.89803922
v 0.691423 0.007475 -0.081152 0.76078431 0.74901961 0.75294118
v 0.637568 0.053479 -0.081152 0.91764706 0.91372549 0.92156863
v 0.622646 0.057241 -0.081152 0.94509804 0.94117647 0.94901961
v 0.628946 0.056483 -0.081152 0.90588235 0.90196078 0.90980392
v 0.624538 0.057072 -0.081152 0.94117647 0.93725490 0.94509804
v 0.651350 -0.004773 -0.081152 0.68627451 0.67843137 0.68235294
v 0.646536 -0.005436 -0.081152 0.69019608 0.68235294 0.68627451
v 0.665803 -0.001403 -0.081152 0.74901961 0.73725490 0.74509804
v 0.664809 -0.001545 -0.081152 0.74117647 0.73333333 0.74117647
v 0.862312 0.016816 -0.081152 0.64705882 0.44705882 0.36862745
v 0.861899 0.016904 -0.081152 0.63921569 0.44313725 0.36470588
v 0.857764 0.018301 -0.081152 0.58431373 0.35686275 0.30196078
v 0.868985 0.026728 -0.081152 0.66274510 0.49019608 0.42352941
v 0.853849 0.020134 -0.081152 0.62352941 0.41176471 0.34509804
v 0.865631 0.026098 -0.081152 0.69411765 0.51764706 0.45490196
v 0.854926 0.024209 -0.081152 0.63921569 0.44313725 0.37254902
v 0.859622 0.025153 -0.081152 0.70980392 0.55686275 0.48235294
v 0.858806 0.025006 -0.081152 0.66274510 0.47450980 0.40000000
v 0.864088 0.026096 -0.081152 0.67843137 0.53725490 0.49803922
v 0.873046 0.028360 -0.081152 0.63137255 0.47450980 0.41176471
v 0.877549 0.029498 -0.081152 0.57254902 0.40784314 0.35294118
v 0.796065 0.016749 -0.081152 0.54509804 0.36862745 0.29803922
v 0.792843 0.014712 -0.081152 0.55294118 0.37254902 0.30196078
v 0.788961 0.012794 -0.081152 0.58431373 0.39607843 0.32156863
v 0.873159 0.028389 -0.081152 0.61176471 0.45098039 0.39215686
v 0.792658 0.014620 -0.081152 0.56470588 0.38039216 0.30980392
v 0.798469 0.019903 -0.081152 0.52549020 0.35294118 0.28627451
v 0.799381 0.021283 -0.081152 0.54117647 0.36078431 0.29019608
v 0.800462 0.023457 -0.081152 0.60784314 0.40000000 0.32156863
v 0.688661 0.046638 -0.081152 0.93725490 0.93333333 0.94117647
v 0.685916 0.046416 -0.081152 0.93333333 0.93333333 0.93725490
v 0.799406 0.026739 -0.081152 0.65882353 0.41960784 0.33725490
v 0.796241 0.029032 -0.081152 0.62352941 0.39607843 0.30588235
v 0.793216 0.031365 -0.081152 0.65098039 0.42745098 0.32941176
v 0.678905 0.045311 -0.081152 0.94901961 0.94509804 0.94901961
v 0.674091 0.045673 -0.081152 0.95686275 0.95686275 0.95686275
v 0.683684 0.046073 -0.081152 0.93725490 0.93725490 0.94117647
v 0.679315 0.045356 -0.081152 0.94509804 0.94509804 0.94901961
v 0.672942 0.045733 -0.081152 0.95294118 0.95294118 0.95686275
v 0.668576 0.045699 -0.081152 0.94901961 0.94901961 0.95294118
v -0.871333 0.022923 -0.084403 0.67058824 0.42352941 0.36470588
v -0.868563 0.020152 -0.083353 0.64705882 0.40000000 0.36078431
v -0.868563 0.025693 -0.083064 0.70588235 0.48627451 0.40392157
v -0.865792 0.022923 -0.083338 0.69411765 0.41960784 0.34901961
v -0.863021 0.020152 -0.082216 0.64705882 0.38823529 0.34901961
v -0.863022 0.025693 -0.081866 0.67843137 0.43921569 0.38039216
v -0.860251 0.022923 -0.082034 0.66666667 0.42352941 0.36470588
v -0.882415 0.028464 -0.082017 0.73333333 0.54509804 0.47058824
v -0.879645 0.025693 -0.083939 0.65882353 0.50588235 0.45882353
v -0.879645 0.031234 -0.081478 0.71372549 0.52549020 0.46274510
v -0.876874 0.028464 -0.082956 0.69019608 0.50588235 0.45490196
v -0.876874 0.022923 -0.084410 0.73333333 0.51764706 0.46666667
v -0.874104 0.020152 -0.083669 0.68235294 0.44313725 0.37647059
v -0.874104 0.025693 -0.084291 0.67450980 0.47843137 0.43921569
v -0.871333 0.028464 -0.081624 0.69803922 0.50196078 0.43529412
v -0.871333 0.017382 -0.081494 0.67058824 0.41176471 0.35686275
v -0.813152 0.025693 -0.084229 0.60784314 0.37254902 0.28235294
v -0.810381 0.028464 -0.084023 0.57254902 0.33725490 0.25490196
v -0.810381 0.022923 -0.083334 0.62745098 0.40392157 0.31764706
v -0.807611 0.020152 -0.083945 0.39215686 0.23137255 0.18823529
v -0.807611 0.025693 -0.082183 0.67058824 0.42745098 0.33333333
v -0.677551 0.050492 -0.082975 0.92156863 0.91764706 0.91764706
v -0.674786 0.047715 -0.085041 0.89019608 0.90196078 0.90196078
v -0.804840 0.022923 -0.081835 0.55294118 0.34901961 0.27450980
v -0.671955 0.050540 -0.083052 0.91764706 0.91764706 0.92549020
v -0.804840 0.028464 -0.083169 0.60392157 0.36078431 0.26274510
v -0.802070 0.031234 -0.083978 0.58039216 0.34901961 0.23921569
v -0.802070 0.020152 -0.082305 0.47450980 0.29803922 0.23529412
v -0.669149 0.047800 -0.084786 0.92549020 0.91372549 0.92549020
v -0.799299 0.017382 -0.082220 0.51764706 0.33333333 0.25882353
v -0.666362 0.050585 -0.083355 0.92156863 0.91764706 0.92549020
v -0.663570 0.053375 -0.081716 0.92941176 0.91764706 0.92549020
v -0.694029 0.011831 -0.081586 0.75686275 0.74509804 0.75686275
v -0.691274 0.014586 -0.082476 0.76470588 0.75686275 0.77254902
v 0.873026 0.017423 -0.081680 0.67058824 0.41176471 0.35686275
v -0.691447 0.047681 -0.083949 0.89411765 0.88235294 0.88235294
v -0.688514 0.017347 -0.083734 0.79607843 0.78823529 0.79607843
v 0.867544 0.017239 -0.082218 0.67450980 0.41176471 0.37647059
v -0.688632 0.050492 -0.081655 0.91764706 0.90980392 0.90980392
v 0.870307 0.020035 -0.083777 0.76470588 0.50588235 0.43921569
v -0.685789 0.020073 -0.084620 0.81568627 0.80392157 0.82352941
v -0.658003 0.014606 -0.081247 0.81960784 0.81176471 0.82745098
v 0.875801 0.020179 -0.082751 0.75686275 0.54901961 0.47450980
v -0.685880 0.047704 -0.083953 0.90196078 0.90196078 0.90588235
v -0.655232 0.017378 -0.081741 0.79607843 0.78431373 0.80000000
v -0.683066 0.022799 -0.085040 0.83921569 0.82745098 0.85098039
v -0.683035 0.017286 -0.081844 0.80392157 0.79607843 0.81176471
v -0.683089 0.050494 -0.082038 0.92549020 0.91372549 0.91764706
v 0.878575 0.022939 -0.082462 0.65490196 0.47450980 0.41176471
v -0.680352 0.047693 -0.084873 0.89411765 0.89019608 0.89411765
v 0.873063 0.022850 -0.083853 0.70980392 0.53333333 0.47058824
v -0.652461 0.020150 -0.083033 0.74901961 0.73725490 0.75686275
v 0.875824 0.025651 -0.083261 0.63137255 0.45882353 0.40000000
v 0.878575 0.028481 -0.081701 0.57647059 0.41176471 0.36078431
v -0.649691 0.017380 -0.082896 0.70588235 0.69803922 0.71372549
v -0.680304 0.020020 -0.083802 0.82352941 0.81568627 0.83137255
v -0.646920 0.014609 -0.083273 0.72156863 0.71764706 0.72941176
v -0.677504 0.017275 -0.081912 0.81568627 0.80784314 0.82352941
v -0.644149 0.011839 -0.083484 0.72941176 0.72156863 0.73333333
v -0.624755 0.003529 -0.083068 0.73333333 0.72941176 0.73725490
v -0.641378 0.009070 -0.083416 0.71764706 0.70980392 0.72156863
v -0.677543 0.022781 -0.084810 0.83921569 0.83529412 0.84705882
v -0.638608 0.011841 -0.085065 0.81568627 0.81176471 0.81960784
v -0.674734 0.020045 -0.083659 0.82745098 0.81960784 0.83137255
v -0.671949 0.022831 -0.084640 0.83921569 0.83529412 0.84705882
v -0.638608 0.006300 -0.083013 0.70588235 0.69803922 0.70980392
v -0.669177 0.025604 -0.084945 0.85490196 0.85098039 0.86274510
v -0.635837 0.003529 -0.081645 0.68235294 0.67843137 0.68627451
v -0.630758 0.064097 -0.082835 0.86666667 0.85882353 0.87058824
v -0.635837 0.009070 -0.084821 0.80000000 0.79215686 0.80000000
v -0.625409 0.063937 -0.081289 0.93333333 0.92549020 0.93333333
v -0.671936 0.017299 -0.082627 0.81960784 0.81176471 0.82745098
v -0.669145 0.014546 -0.081460 0.80784314 0.80000000 0.81568627
v -0.633067 0.006300 -0.084285 0.74901961 0.74509804 0.75294118
v -0.669149 0.020086 -0.083910 0.83137255 0.82745098 0.83921569
v -0.630296 0.003529 -0.082451 0.70980392 0.70588235 0.71372549
v -0.666366 0.017326 -0.082803 0.83137255 0.81960784 0.83921569
v -0.663572 0.014577 -0.081473 0.81568627 0.81176471 0.82745098
v -0.627526 0.006300 -0.085002 0.75686275 0.75294118 0.76078431
v -0.666357 0.022880 -0.084363 0.84705882 0.84313725 0.85490196
v -0.663587 0.047818 -0.084935 0.92156863 0.91372549 0.92156863
v -0.660799 0.050605 -0.083770 0.91764706 0.90980392 0.92549020
v -0.663568 0.020125 -0.083549 0.83529412 0.82745098 0.84313725
v -0.663587 0.025650 -0.084593 0.85882353 0.85490196 0.86666667
v -0.658002 0.053399 -0.082343 0.89411765 0.89411765 0.90588235
v -0.655231 0.050628 -0.084459 0.87843137 0.87058824 0.88627451
v -0.660773 0.022919 -0.083846 0.84705882 0.84705882 0.85882353
v -0.652461 0.053399 -0.083782 0.86274510 0.85882353 0.86666667
v -0.660784 0.017366 -0.082422 0.81960784 0.81960784 0.83137255
v -0.658003 0.020148 -0.082987 0.82745098 0.82745098 0.83921569
v -0.649742 0.056125 -0.083039 0.82745098 0.81960784 0.83137255
v -0.660799 0.028437 -0.085066 0.86666667 0.85882353 0.87450980
v -0.647043 0.058835 -0.082263 0.85098039 0.84705882 0.85490196
v -0.658002 0.025690 -0.084530 0.85490196 0.84705882 0.86666667
v -0.655232 0.022920 -0.083900 0.81176471 0.80392157 0.81960784
v -0.641562 0.058784 -0.084923 0.87843137 0.87058824 0.87450980
v -0.638890 0.061473 -0.082864 0.89019608 0.88235294 0.89019608
v 0.651382 -0.004741 -0.081188 0.68627451 0.67843137 0.68235294
v 0.654153 -0.001971 -0.081527 0.67843137 0.67450980 0.67843137
v 0.656923 0.000800 -0.083128 0.69803922 0.68627451 0.69411765
v 0.648612 -0.001971 -0.083072 0.68627451 0.68235294 0.68627451
v 0.645841 -0.004741 -0.082460 0.68627451 0.67450980 0.67843137
v 0.673575 0.000771 -0.082003 0.71372549 0.70980392 0.70980392
v 0.668029 0.000776 -0.082913 0.76862745 0.76078431 0.76862745
v 0.651382 0.000800 -0.083793 0.69019608 0.68627451 0.69019608
v 0.676370 0.003518 -0.083242 0.72941176 0.72156863 0.72549020
v 0.662464 0.000800 -0.083245 0.72941176 0.72156863 0.72549020
v 0.679147 0.006282 -0.083754 0.76078431 0.74901961 0.75686275
v 0.681932 0.009038 -0.084097 0.79215686 0.78431373 0.79215686
v 0.668005 0.045129 -0.082168 0.94901961 0.94901961 0.95294118
v 0.640300 -0.004741 -0.083180 0.69019608 0.68627451 0.69019608
v 0.662464 0.045129 -0.084444 0.92156863 0.91764706 0.92549020
v 0.643071 -0.001971 -0.083957 0.69803922 0.69411765 0.69803922
v 0.645841 0.000800 -0.084963 0.71372549 0.70588235 0.71372549
v 0.654153 0.047899 -0.083513 0.91764706 0.91372549 0.92156863
v 0.687489 0.009022 -0.082759 0.78039216 0.77647059 0.79215686
v 0.659694 0.047899 -0.082006 0.90588235 0.90196078 0.90980392
v 0.670820 0.003526 -0.084492 0.76470588 0.75294118 0.76470588
v 0.692984 0.009068 -0.083748 0.76862745 0.76470588 0.76470588
v 0.631988 0.053440 -0.083249 0.85098039 0.84705882 0.85490196
v 0.640300 0.050670 -0.084447 0.92941176 0.92549020 0.93333333
v 0.637529 0.053440 -0.081213 0.91764706 0.91764706 0.92156863
v 0.629218 0.056211 -0.081395 0.89803922 0.89411765 0.90588235
v 0.623677 0.056211 -0.082456 0.93725490 0.93725490 0.94509804
v 0.648612 0.047899 -0.084662 0.90980392 0.90588235 0.91372549
v 0.645841 0.050670 -0.082554 0.91764706 0.91372549 0.91764706
v 0.862059 0.017064 -0.081309 0.64705882 0.44705882 0.36862745
v 0.859321 0.019738 -0.081937 0.66274510 0.43921569 0.34901961
v 0.864836 0.019819 -0.083002 0.76078431 0.52156863 0.41960784
v 0.867605 0.022599 -0.083412 0.79215686 0.55294118 0.45882353
v 0.862072 0.022575 -0.082529 0.76470588 0.54509804 0.44705882
v 0.864857 0.025306 -0.081785 0.71764706 0.56078431 0.50588235
v 0.856522 0.022601 -0.081801 0.64705882 0.44313725 0.36470588
v 0.800995 0.017412 -0.084827 0.49019608 0.32941176 0.26666667
v 0.803762 0.020194 -0.083582 0.49019608 0.32941176 0.26274510
v 0.809303 0.020194 -0.085022 0.53725490 0.36862745 0.28627451
v 0.806533 0.022964 -0.082978 0.53333333 0.36470588 0.28627451
v 0.870366 0.025404 -0.082774 0.66274510 0.53333333 0.46274510
v 0.809305 0.025730 -0.084001 0.64313725 0.43529412 0.32941176
v 0.873089 0.028318 -0.081207 0.64705882 0.49019608 0.42745098
v 0.792704 0.014575 -0.081412 0.56862745 0.38431373 0.31372549
v 0.801008 0.022914 -0.081615 0.57254902 0.38431373 0.30588235
v 0.803774 0.025698 -0.082329 0.69019608 0.46274510 0.36862745
v 0.806557 0.028432 -0.084414 0.72941176 0.49019608 0.38431373
v 0.801036 0.028371 -0.083163 0.68235294 0.45882353 0.36862745
v 0.681858 0.042358 -0.084965 0.91372549 0.91372549 0.91764706
v 0.690170 0.045129 -0.083279 0.92941176 0.92941176 0.93333333
v 0.798306 0.031022 -0.084515 0.66666667 0.44313725 0.33333333
v 0.684629 0.045129 -0.082807 0.92549020 0.92549020 0.92941176
v 0.679088 0.045129 -0.081578 0.94117647 0.93725490 0.94509804
v 0.673547 0.045129 -0.081970 0.95294118 0.95294118 0.95686275
v -0.784885 0.036214 -0.081152 0.73725490 0.50980392 0.40784314
v -0.712213 0.004728 -0.081152 0.63137255 0.49019608 0.42352941
v -0.773527 0.009907 -0.081152 0.61568627 0.41568627 0.32941176
v -0.783175 0.011342 -0.081152 0.58431373 0.38431373 0.30196078
v -0.769212 0.009458 -0.081152 0.63529412 0.43529412 0.34509804
v -0.709484 0.005142 -0.081152 0.64705882 0.52549020 0.46666667
v -0.781989 0.011153 -0.081152 0.60784314 0.40784314 0.32156863
v -0.763380 0.008973 -0.081152 0.63529412 0.43921569 0.34901961
v -0.757214 0.008542 -0.081152 0.63921569 0.44313725 0.35294118
v -0.701068 0.007808 -0.081152 0.67843137 0.58823529 0.54901961
v -0.694863 0.010996 -0.081152 0.73725490 0.70588235 0.70588235
v -0.778929 0.037752 -0.081152 0.74901961 0.52156863 0.41960784
v -0.775906 0.038317 -0.081152 0.77254902 0.53725490 0.43137255
v -0.766808 0.040302 -0.081152 0.75686275 0.52941176 0.42745098
v -0.765031 0.040567 -0.081152 0.75686275 0.52941176 0.43137255
v -0.753149 0.008121 -0.081152 0.63921569 0.44705882 0.35686275
v -0.757234 0.041809 -0.081152 0.75294118 0.52549020 0.42745098
v -0.752012 0.042505 -0.081152 0.74509804 0.52156863 0.42352941
v 0.710139 0.002995 -0.081152 0.65490196 0.57254902 0.53333333
v 0.770731 0.008896 -0.081152 0.65490196 0.45882353 0.36862745
v -0.747367 0.043024 -0.081152 0.73333333 0.51372549 0.41960784
v 0.709074 0.003081 -0.081152 0.67843137 0.61960784 0.59215686
v 0.770243 0.008839 -0.081152 0.65098039 0.45882353 0.36862745
v -0.744482 0.006893 -0.081152 0.63529412 0.44705882 0.35686275
v 0.783782 0.011255 -0.081152 0.61176471 0.42352941 0.34117647
v -0.743467 0.006721 -0.081152 0.63137255 0.44705882 0.36078431
v 0.699957 0.004994 -0.081152 0.69803922 0.67058824 0.65882353
v 0.780305 0.010394 -0.081152 0.63921569 0.44313725 0.35686275
v -0.734098 0.005007 -0.081152 0.63529412 0.45098039 0.36470588
v -0.731146 0.004639 -0.081152 0.63137255 0.45098039 0.36470588
v 0.695595 0.006457 -0.081152 0.74509804 0.72941176 0.72549020
v -0.723958 0.004066 -0.081152 0.62745098 0.45882353 0.37647059
v 0.750441 0.007022 -0.081152 0.63137255 0.44705882 0.36078431
v 0.745650 0.006410 -0.081152 0.61960784 0.44313725 0.36078431
v -0.719421 0.003996 -0.081152 0.62745098 0.47058824 0.39215686
v 0.721551 0.002665 -0.081152 0.60784314 0.47058824 0.41176471
v 0.719646 0.002571 -0.081152 0.62352941 0.51372549 0.46666667
v -0.739322 0.044113 -0.081152 0.66274510 0.47058824 0.38823529
v 0.731524 0.003775 -0.081152 0.61176471 0.46274510 0.39607843
v 0.749508 0.041106 -0.081152 0.74901961 0.52156863 0.39607843
v -0.737620 0.044360 -0.081152 0.62745098 0.45098039 0.36862745
v 0.740813 0.005567 -0.081152 0.61176471 0.44313725 0.36470588
v 0.747534 0.041373 -0.081152 0.74901961 0.52156863 0.39607843
v 0.732017 0.003860 -0.081152 0.61176471 0.45490196 0.38431373
v -0.727535 0.045357 -0.081152 0.71764706 0.50980392 0.41176471
v 0.757263 0.039919 -0.081152 0.75294118 0.52156863 0.40000000
v 0.760594 0.007951 -0.081152 0.64705882 0.45490196 0.36470588
v -0.726931 0.045421 -0.081152 0.73725490 0.52549020 0.41960784
v 0.758102 0.007780 -0.081152 0.63921569 0.45098039 0.36078431
v 0.737501 0.042518 -0.081152 0.75294118 0.52156863 0.40000000
v -0.717604 0.046467 -0.081152 0.70588235 0.50980392 0.43529412
v -0.714473 0.046802 -0.081152 0.65882353 0.47843137 0.40784314
v 0.762547 0.039099 -0.081152 0.75686275 0.51764706 0.40392157
v -0.707858 0.047713 -0.081152 0.77647059 0.66666667 0.60784314
v 0.737037 0.042564 -0.081152 0.75686275 0.52156863 0.40000000
v -0.701429 0.048770 -0.081152 0.91764706 0.91764706 0.90980392
v 0.727238 0.043408 -0.081152 0.74901961 0.52156863 0.40784314
v -0.698407 0.049285 -0.081152 0.92156863 0.92156863 0.91764706
v 0.724881 0.043664 -0.081152 0.76078431 0.52156863 0.41176471
v 0.717290 0.044543 -0.081152 0.74117647 0.52549020 0.41568627
v 0.791935 0.031768 -0.081152 0.70196078 0.47058824 0.36470588
v 0.784917 0.034097 -0.081152 0.72549020 0.49803922 0.39215686
v 0.776394 0.036261 -0.081152 0.74509804 0.51764706 0.40784314
v 0.776015 0.036332 -0.081152 0.76078431 0.53333333 0.40784314
v 0.766858 0.038355 -0.081152 0.75294118 0.52156863 0.40392157
v 0.712478 0.044985 -0.081152 0.89019608 0.81176471 0.76470588
v 0.707237 0.045573 -0.081152 0.94509804 0.94509804 0.94509804
v 0.700124 0.046257 -0.081152 0.94509804 0.94509804 0.95294118
v 0.697163 0.046581 -0.081152 0.94509804 0.94509804 0.94901961
v -0.754971 0.006299 -0.087491 0.64705882 0.45098039 0.36078431
v -0.710642 0.006300 -0.085956 0.62745098 0.47450980 0.40000000
v -0.782676 0.034005 -0.087474 0.74509804 0.51764706 0.42352941
v -0.766053 0.039546 -0.083059 0.76078431 0.53725490 0.44313725
v -0.754971 0.039546 -0.086698 0.74901961 0.52549020 0.42745098
v -0.743888 0.039546 -0.088604 0.75686275 0.52549020 0.43529412
v -0.743888 0.006299 -0.082375 0.63921569 0.45098039 0.36078431
v 0.709564 0.003570 -0.084028 0.64705882 0.58039216 0.54901961
v -0.727268 0.045084 -0.081721 0.74117647 0.52549020 0.41960784
v -0.716219 0.045054 -0.083537 0.62745098 0.44705882 0.37647059
v 0.753943 0.036669 -0.088911 0.74901961 0.52156863 0.39215686
v -0.705206 0.044993 -0.084892 0.60000000 0.50588235 0.46274510
v 0.737283 0.042317 -0.081643 0.75294118 0.52156863 0.40000000
v 0.731728 0.003570 -0.081831 0.60000000 0.44705882 0.37647059
v 0.726187 0.042358 -0.083326 0.75686275 0.52549020 0.41176471
v 0.715105 0.042358 -0.084894 0.78823529 0.63921569 0.56078431
v 0.765060 0.036567 -0.085380 0.76470588 0.52156863 0.41176471
v 0.704022 0.042358 -0.085639 0.94117647 0.94117647 0.94509804
v -0.884014 0.026865 -0.077234 0.78039216 0.59215686 0.51764706
v -0.883549 0.029598 -0.077234 0.75686275 0.55294118 0.47058824
v -0.882401 0.022937 -0.077234 0.75294118 0.55294118 0.47058824
v -0.880186 0.031775 -0.077234 0.76470588 0.55294118 0.47058824
v -0.882329 0.022837 -0.077234 0.72941176 0.52156863 0.43921569
v -0.878047 0.018555 -0.077234 0.68627451 0.46666667 0.39607843
v -0.876627 0.017629 -0.077234 0.65882353 0.43529412 0.36470588
v -0.878979 0.031900 -0.077234 0.75686275 0.54509804 0.46666667
v -0.874461 0.031592 -0.077234 0.76078431 0.54509804 0.46666667
v -0.873834 0.031504 -0.077234 0.76078431 0.54117647 0.46274510
v -0.869138 0.030659 -0.077234 0.74509804 0.52156863 0.44705882
v -0.867906 0.030578 -0.077234 0.72549020 0.50588235 0.43529412
v -0.872590 0.016125 -0.077234 0.63921569 0.40784314 0.34509804
v -0.869576 0.015625 -0.077234 0.61960784 0.38823529 0.32941176
v -0.867636 0.015538 -0.077234 0.63137255 0.39215686 0.32941176
v -0.863979 0.015568 -0.077234 0.64705882 0.40000000 0.34117647
v -0.861909 0.015724 -0.077234 0.62745098 0.38823529 0.32941176
v -0.858978 0.016109 -0.077234 0.58823529 0.36862745 0.30196078
v -0.855380 0.016712 -0.077234 0.56862745 0.35686275 0.29019608
v -0.854217 0.016889 -0.077234 0.56470588 0.36078431 0.29019608
v -0.879838 0.019959 -0.077234 0.70588235 0.49411765 0.41960784
v -0.804637 0.023126 -0.077234 0.58431373 0.37647059 0.29411765
v -0.803825 0.027448 -0.077234 0.63921569 0.41568627 0.32156863
v -0.799423 0.028588 -0.077234 0.67450980 0.44705882 0.34509804
v -0.801121 0.021101 -0.077234 0.55294118 0.35294118 0.27450980
v -0.798129 0.018552 -0.077234 0.54117647 0.34509804 0.27058824
v -0.795584 0.015556 -0.077234 0.53725490 0.34509804 0.27058824
v -0.792044 0.013554 -0.077234 0.55294118 0.36078431 0.28235294
v -0.684022 0.010755 -0.077234 0.76470588 0.76078431 0.77254902
v -0.680785 0.009593 -0.077234 0.76862745 0.76470588 0.78039216
v -0.796859 0.031565 -0.077234 0.69803922 0.46666667 0.36862745
v -0.680012 0.009223 -0.077234 0.76862745 0.76470588 0.78039216
v -0.794450 0.033313 -0.077234 0.71764706 0.48627451 0.38431373
v -0.793574 0.033821 -0.077234 0.72549020 0.49411765 0.39215686
v -0.676344 0.007349 -0.077234 0.77254902 0.77254902 0.78039216
v -0.672300 0.006659 -0.077234 0.77254902 0.76862745 0.78039216
v -0.691542 0.053476 -0.077234 0.91372549 0.91372549 0.91372549
v -0.691076 0.053587 -0.077234 0.91372549 0.91764706 0.91372549
v -0.671484 0.006667 -0.077234 0.77254902 0.76862745 0.78039216
v -0.686648 0.054082 -0.077234 0.91764706 0.91764706 0.91764706
v -0.637516 -0.000333 -0.077234 0.68627451 0.68235294 0.68627451
v -0.634532 -0.000707 -0.077234 0.68627451 0.68235294 0.69019608
v -0.684959 0.054162 -0.077234 0.92156863 0.91372549 0.92549020
v 0.864841 0.014482 -0.077234 0.54509804 0.33333333 0.27843137
v -0.630771 -0.001537 -0.077234 0.69019608 0.68627451 0.69019608
v -0.681664 0.054756 -0.077234 0.91764706 0.91372549 0.92156863
v 0.864626 0.014472 -0.077234 0.54509804 0.33725490 0.28627451
v -0.629727 -0.001443 -0.077234 0.69411765 0.69019608 0.69803922
v -0.666582 0.006533 -0.077234 0.78039216 0.77254902 0.78431373
v 0.874139 0.016310 -0.077234 0.61568627 0.40784314 0.34509804
v 0.870623 0.015021 -0.077234 0.59607843 0.37647059 0.31372549
v 0.869986 0.014922 -0.077234 0.58431373 0.35686275 0.30588235
v -0.678471 0.055106 -0.077234 0.92156863 0.91372549 0.91764706
v -0.657640 0.059302 -0.077234 0.89803922 0.90196078 0.90588235
v -0.676776 0.055378 -0.077234 0.92156863 0.91372549 0.91764706
v -0.654148 0.060627 -0.077234 0.89019608 0.89411765 0.90196078
v -0.649952 0.061856 -0.077234 0.87843137 0.87058824 0.87843137
v 0.877384 0.018606 -0.077234 0.61176471 0.41960784 0.36078431
v 0.880040 0.021491 -0.077234 0.55294118 0.39215686 0.34509804
v -0.649398 0.062013 -0.077234 0.88235294 0.87843137 0.88235294
v -0.672245 0.056444 -0.077234 0.90980392 0.90588235 0.90980392
v -0.645866 0.063048 -0.077234 0.89803922 0.89019608 0.89803922
v 0.881546 0.025526 -0.077234 0.47450980 0.34901961 0.30588235
v -0.671479 0.056553 -0.077234 0.90980392 0.90588235 0.90980392
v -0.665999 0.006610 -0.077234 0.78039216 0.77647059 0.78431373
v -0.667387 0.057181 -0.077234 0.91764706 0.91372549 0.91764706
v -0.641810 0.064093 -0.077234 0.89019608 0.88627451 0.89411765
v -0.641553 0.064171 -0.077234 0.89019608 0.88627451 0.89019608
v -0.664776 0.057710 -0.077234 0.92549020 0.91764706 0.91764706
v -0.637046 0.065088 -0.077234 0.86666667 0.85882353 0.87058824
v -0.662784 0.058135 -0.077234 0.92156863 0.91372549 0.91764706
v 0.881555 0.025952 -0.077234 0.42352941 0.31764706 0.27843137
v -0.660859 0.006380 -0.077234 0.78039216 0.77647059 0.78823529
v -0.625710 -0.001057 -0.077234 0.70196078 0.69803922 0.70196078
v 0.879693 0.029616 -0.077234 0.48627451 0.32156863 0.28627451
v -0.660737 0.006331 -0.077234 0.78039216 0.77647059 0.78823529
v -0.658171 0.059110 -0.077234 0.89803922 0.90196078 0.90588235
v -0.656170 0.005357 -0.077234 0.77647059 0.77254902 0.78431373
v -0.634762 0.065617 -0.077234 0.85490196 0.84313725 0.85490196
v -0.654698 0.005762 -0.077234 0.76862745 0.76470588 0.77647059
v -0.863445 0.030811 -0.077234 0.71372549 0.50196078 0.43529412
v -0.650644 0.005343 -0.077234 0.69803922 0.69019608 0.69803922
v -0.632757 0.066239 -0.077234 0.84705882 0.83921569 0.84705882
v -0.646994 0.003453 -0.077234 0.65098039 0.64313725 0.65098039
v -0.692119 0.009918 -0.077234 0.74117647 0.72941176 0.74117647
v -0.628230 0.066648 -0.077234 0.90980392 0.90196078 0.90980392
v -0.862602 0.030815 -0.077234 0.71764706 0.49803922 0.43529412
v -0.644840 0.001447 -0.077234 0.65882353 0.65490196 0.65882353
v -0.689804 0.010514 -0.077234 0.75294118 0.74117647 0.75294118
v -0.644125 0.000780 -0.077234 0.66666667 0.66274510 0.66666667
v -0.687579 0.010910 -0.077234 0.76470588 0.75294118 0.76470588
v -0.639300 0.000066 -0.077234 0.68235294 0.67843137 0.68235294
v -0.857907 0.030808 -0.077234 0.71764706 0.49411765 0.43137255
v -0.856957 0.030711 -0.077234 0.70588235 0.49411765 0.41568627
v -0.852323 0.030851 -0.077234 0.68235294 0.51372549 0.44313725
v -0.851590 0.030885 -0.077234 0.69019608 0.51372549 0.45098039
v -0.847011 0.030621 -0.077234 0.74117647 0.53725490 0.47450980
v -0.845903 0.030739 -0.077234 0.73725490 0.52941176 0.46666667
v -0.849233 0.017446 -0.077234 0.59607843 0.38431373 0.30980392
v -0.849078 0.017473 -0.077234 0.59215686 0.38039216 0.30588235
v -0.844599 0.018353 -0.077234 0.60784314 0.38823529 0.31372549
v -0.842131 0.018879 -0.077234 0.61568627 0.39607843 0.31764706
v -0.839935 0.019230 -0.077234 0.63921569 0.41568627 0.33333333
v -0.835445 0.020281 -0.077234 0.65098039 0.42352941 0.34117647
v 0.674720 -0.000374 -0.077234 0.72156863 0.71372549 0.71764706
v 0.672286 -0.000512 -0.077234 0.72156863 0.71372549 0.71764706
v 0.679103 0.000784 -0.077234 0.72156863 0.71372549 0.71764706
v 0.682071 0.003357 -0.077234 0.73725490 0.72941176 0.73333333
v 0.679286 0.000936 -0.077234 0.72941176 0.72156863 0.72549020
v 0.684906 0.006064 -0.077234 0.74509804 0.73725490 0.74117647
v 0.663620 0.049514 -0.077234 0.92941176 0.92549020 0.92941176
v 0.661732 0.049938 -0.077234 0.91372549 0.90980392 0.91372549
v 0.657247 0.050993 -0.077234 0.91372549 0.91372549 0.91764706
v 0.648871 0.053181 -0.077234 0.91372549 0.90980392 0.91764706
v 0.648496 0.053325 -0.077234 0.91372549 0.90980392 0.91372549
v 0.656316 0.051277 -0.077234 0.91764706 0.91764706 0.92156863
v 0.652934 0.052222 -0.077234 0.92156863 0.91764706 0.92549020
v 0.644609 0.054978 -0.077234 0.89803922 0.89411765 0.90196078
v 0.632422 0.058548 -0.077234 0.89019608 0.89019608 0.89411765
v 0.631708 0.058701 -0.077234 0.90196078 0.90196078 0.90588235
v 0.640850 0.056761 -0.077234 0.91372549 0.90980392 0.91764706
v 0.626951 0.059485 -0.077234 0.94117647 0.93725490 0.94509804
v 0.625818 0.059611 -0.077234 0.94509804 0.94117647 0.94901961
v 0.638700 0.057811 -0.077234 0.90196078 0.89803922 0.90588235
v 0.636821 0.058272 -0.077234 0.87450980 0.87450980 0.87843137
v 0.646500 -0.005400 -0.077234 0.69411765 0.68627451 0.69411765
v 0.644964 -0.005618 -0.077234 0.69411765 0.69019608 0.69411765
v 0.651123 -0.004482 -0.077234 0.69411765 0.68627451 0.69411765
v 0.660716 -0.002993 -0.077234 0.70980392 0.70196078 0.70588235
v 0.658354 -0.003310 -0.077234 0.70196078 0.69411765 0.70196078
v 0.665460 -0.002196 -0.077234 0.71764706 0.70980392 0.71764706
v 0.664866 -0.002339 -0.077234 0.71372549 0.70588235 0.71372549
v 0.621379 -0.007985 -0.077234 0.70980392 0.70588235 0.70980392
v 0.669787 -0.000982 -0.077234 0.72549020 0.71764706 0.72156863
v 0.631505 -0.007028 -0.077234 0.70588235 0.70196078 0.70588235
v 0.626560 -0.007399 -0.077234 0.70588235 0.70196078 0.70588235
v 0.626351 -0.007415 -0.077234 0.70588235 0.70196078 0.70980392
v 0.655853 -0.003671 -0.077234 0.69803922 0.69019608 0.69803922
v 0.651827 -0.004297 -0.077234 0.69411765 0.68627451 0.69411765
v 0.641879 -0.006320 -0.077234 0.69411765 0.69019608 0.69411765
v 0.638366 -0.006675 -0.077234 0.69803922 0.69411765 0.69803922
v 0.636759 -0.006741 -0.077234 0.69803922 0.69411765 0.69803922
v 0.632559 -0.006941 -0.077234 0.70196078 0.69803922 0.70196078
v 0.844539 0.016467 -0.077234 0.52156863 0.32941176 0.27058824
v 0.839967 0.017098 -0.077234 0.54509804 0.34901961 0.28627451
v 0.839836 0.017048 -0.077234 0.54901961 0.34901961 0.28627451
v 0.833261 0.018143 -0.077234 0.56078431 0.35686275 0.28627451
v 0.830603 0.018784 -0.077234 0.56078431 0.36470588 0.29803922
v 0.835065 0.017877 -0.077234 0.54509804 0.34509804 0.27843137
v 0.826425 0.020270 -0.077234 0.58039216 0.38823529 0.31764706
v 0.849301 0.029618 -0.077234 0.63529412 0.44705882 0.37647059
v 0.847169 0.029397 -0.077234 0.64313725 0.46274510 0.39215686
v 0.854938 0.029665 -0.077234 0.63529412 0.45098039 0.38039216
v 0.852794 0.029313 -0.077234 0.63529412 0.44313725 0.37254902
v 0.858039 0.029639 -0.077234 0.63529412 0.44705882 0.37647059
v 0.825328 0.020555 -0.077234 0.59607843 0.41176471 0.34509804
v 0.821905 0.021415 -0.077234 0.61176471 0.43137255 0.36470588
v 0.818264 0.022232 -0.077234 0.61176471 0.43529412 0.36862745
v 0.817209 0.022414 -0.077234 0.60784314 0.43529412 0.36862745
v 0.811548 0.023438 -0.077234 0.62745098 0.45098039 0.38431373
v 0.807602 0.024034 -0.077234 0.62745098 0.43921569 0.36862745
v 0.795685 0.017105 -0.077234 0.54117647 0.36078431 0.29411765
v 0.793252 0.015086 -0.077234 0.54509804 0.36470588 0.29411765
v 0.788996 0.012730 -0.077234 0.56470588 0.38431373 0.30980392
v 0.792639 0.014622 -0.077234 0.55686275 0.37647059 0.30588235
v 0.796939 0.018729 -0.077234 0.54117647 0.36078431 0.29411765
v 0.801342 0.022570 -0.077234 0.57647059 0.38431373 0.30980392
v 0.800019 0.021814 -0.077234 0.55686275 0.36862745 0.29803922
v 0.797832 0.020467 -0.077234 0.54509804 0.36078431 0.29411765
v 0.802199 0.024024 -0.077234 0.60784314 0.40392157 0.32549020
v 0.807015 0.027947 -0.077234 0.65490196 0.47058824 0.39215686
v 0.800033 0.027355 -0.077234 0.64313725 0.42352941 0.33725490
v 0.852644 0.015559 -0.077234 0.49411765 0.30196078 0.25098039
v 0.795649 0.028298 -0.077234 0.65490196 0.42745098 0.33725490
v 0.793966 0.032162 -0.077234 0.68627451 0.45490196 0.35686275
v 0.849460 0.015844 -0.077234 0.49803922 0.30980392 0.25490196
v 0.846436 0.016225 -0.077234 0.50980392 0.32156863 0.26274510
v 0.871368 0.030007 -0.077234 0.61176471 0.44705882 0.38823529
v 0.868824 0.029400 -0.077234 0.61176471 0.44313725 0.38431373
v 0.859509 0.014677 -0.077234 0.58039216 0.37254902 0.31372549
v 0.876456 0.030605 -0.077234 0.56470588 0.40784314 0.34117647
v 0.858947 0.014717 -0.077234 0.57254902 0.36470588 0.30588235
v 0.854513 0.015290 -0.077234 0.51372549 0.31372549 0.26274510
v 0.860854 0.029388 -0.077234 0.63137255 0.44705882 0.38039216
v 0.875041 0.030469 -0.077234 0.58039216 0.42352941 0.36470588
v 0.866664 0.029088 -0.077234 0.61176471 0.43137255 0.37254902
v 0.862949 0.029057 -0.077234 0.63137255 0.45490196 0.38823529
v 0.676543 0.047673 -0.077234 0.95686275 0.95686275 0.95686275
v 0.676143 0.047725 -0.077234 0.95686275 0.95686275 0.96078431
v 0.682255 0.047503 -0.077234 0.94509804 0.94509804 0.94901961
v 0.681432 0.047473 -0.077234 0.94901961 0.94901961 0.95294118
v 0.686705 0.048593 -0.077234 0.94117647 0.94117647 0.94509804
v 0.688571 0.049071 -0.077234 0.94117647 0.94117647 0.94901961
v 0.671278 0.048401 -0.077234 0.95686275 0.95294118 0.95686275
v 0.670121 0.048554 -0.077234 0.95686275 0.95294118 0.95686275
v 0.666348 0.049013 -0.077234 0.94901961 0.94901961 0.95294118
v -0.879645 0.020152 -0.080532 0.71764706 0.49803922 0.42745098
v -0.874104 0.031234 -0.078966 0.74117647 0.52941176 0.45882353
v -0.865792 0.028464 -0.080554 0.70588235 0.50588235 0.43921569
v -0.865792 0.017382 -0.080972 0.71372549 0.44313725 0.38823529
v -0.860251 0.017382 -0.079801 0.63529412 0.40000000 0.33725490
v -0.857480 0.020152 -0.080872 0.62745098 0.40000000 0.33333333
v -0.854710 0.017382 -0.078030 0.60392157 0.38431373 0.31764706
v -0.691370 0.053292 -0.077579 0.91372549 0.91764706 0.91372549
v -0.685852 0.053273 -0.078419 0.92156863 0.91372549 0.91764706
v -0.682987 0.011791 -0.078194 0.77254902 0.76862745 0.78039216
v -0.680293 0.053288 -0.079228 0.91764706 0.90980392 0.91372549
v -0.680247 0.014531 -0.079988 0.79215686 0.79215686 0.80784314
v -0.677454 0.011781 -0.079040 0.78823529 0.78431373 0.80000000
v 0.864743 0.014561 -0.077681 0.60784314 0.37254902 0.33333333
v -0.674672 0.009020 -0.078328 0.78039216 0.77647059 0.78823529
v -0.674686 0.014549 -0.080948 0.81176471 0.80392157 0.81960784
v -0.674751 0.053289 -0.080251 0.91764706 0.90588235 0.91372549
v -0.671901 0.011791 -0.080139 0.79215686 0.78823529 0.80000000
v -0.671933 0.056101 -0.077682 0.91372549 0.90980392 0.90980392
v -0.669155 0.053337 -0.080776 0.92156863 0.91372549 0.92156863
v 0.881337 0.025735 -0.079475 0.51372549 0.36862745 0.32156863
v -0.666322 0.056161 -0.078657 0.92156863 0.91372549 0.92156863
v -0.669123 0.009027 -0.078658 0.78431373 0.78039216 0.79215686
v -0.660772 0.056169 -0.079751 0.91372549 0.91372549 0.91764706
v -0.658002 0.058940 -0.077494 0.89803922 0.90196078 0.90588235
v -0.860251 0.028464 -0.080058 0.70196078 0.49019608 0.45098039
v -0.857481 0.025693 -0.081021 0.68235294 0.45882353 0.38823529
v -0.688493 0.011826 -0.078599 0.76078431 0.75294118 0.76470588
v -0.666347 0.011802 -0.080301 0.80000000 0.80000000 0.81176471
v -0.644149 0.006298 -0.080873 0.68235294 0.67450980 0.68235294
v -0.685752 0.014567 -0.080350 0.78823529 0.78431373 0.79215686
v -0.663557 0.009052 -0.078444 0.79607843 0.78823529 0.80392157
v -0.660785 0.011824 -0.080277 0.80392157 0.80000000 0.81568627
v -0.641378 0.003529 -0.079825 0.67843137 0.67058824 0.67843137
v -0.854710 0.028464 -0.079155 0.70588235 0.48235294 0.38431373
v -0.658003 0.009066 -0.079172 0.79215686 0.78823529 0.80392157
v -0.638608 0.000758 -0.078499 0.69411765 0.68627451 0.69019608
v -0.854710 0.022923 -0.080871 0.64705882 0.42352941 0.35294118
v -0.655232 0.006296 -0.077599 0.77254902 0.76862745 0.78039216
v -0.633067 0.000758 -0.079680 0.68235294 0.68235294 0.68627451
v -0.851939 0.020152 -0.079757 0.62352941 0.40784314 0.33333333
v -0.655232 0.011837 -0.080116 0.78823529 0.78431373 0.80000000
v -0.851939 0.025693 -0.080364 0.67450980 0.45490196 0.37254902
v -0.627526 0.000758 -0.080338 0.69411765 0.69411765 0.69803922
v -0.636172 0.064202 -0.079652 0.85882353 0.85098039 0.85882353
v -0.849169 0.022923 -0.080339 0.65490196 0.43137255 0.34901961
v -0.652461 0.009067 -0.079292 0.73333333 0.72549020 0.74117647
v -0.849169 0.028464 -0.078961 0.73725490 0.51764706 0.42745098
v -0.655231 0.056169 -0.081103 0.89803922 0.89803922 0.90588235
v -0.846398 0.025693 -0.079798 0.68235294 0.45098039 0.36862745
v -0.652461 0.058940 -0.079837 0.87843137 0.87450980 0.88235294
v -0.652461 0.014608 -0.080802 0.73333333 0.72549020 0.74509804
v -0.649753 0.061657 -0.077569 0.87450980 0.87058824 0.87843137
v -0.843628 0.028464 -0.078737 0.74117647 0.47450980 0.38039216
v -0.644362 0.061531 -0.080249 0.89803922 0.89411765 0.89803922
v -0.649691 0.011839 -0.080759 0.69019608 0.68627451 0.70196078
v -0.649691 0.006297 -0.078222 0.67843137 0.67058824 0.67843137
v -0.646920 0.003527 -0.077283 0.64705882 0.64313725 0.65098039
v -0.646920 0.009068 -0.081115 0.68627451 0.67843137 0.69019608
v -0.846398 0.020152 -0.079029 0.63137255 0.41176471 0.33333333
v -0.843628 0.022923 -0.079630 0.66274510 0.42745098 0.34117647
v -0.840857 0.020152 -0.078059 0.65882353 0.42745098 0.34117647
v -0.840857 0.025693 -0.078830 0.69411765 0.44705882 0.34901961
v -0.838087 0.022923 -0.079010 0.67843137 0.44313725 0.35294118
v 0.681911 0.003517 -0.077890 0.74117647 0.73333333 0.73725490
v 0.684690 0.006280 -0.078367 0.75294118 0.74901961 0.75294118
v 0.665235 0.047899 -0.079346 0.94509804 0.94117647 0.94901961
v 0.620906 -0.007512 -0.078643 0.70980392 0.70588235 0.70980392
v 0.656923 0.050670 -0.078000 0.91372549 0.91372549 0.91764706
v 0.651382 0.050670 -0.080155 0.92156863 0.91764706 0.92156863
v 0.634759 0.056211 -0.079148 0.84705882 0.84313725 0.85098039
v 0.651382 -0.004741 -0.081035 0.69019608 0.68235294 0.69019608
v 0.643071 0.053440 -0.079939 0.90980392 0.90588235 0.91372549
v 0.626447 0.058981 -0.078187 0.94509804 0.94117647 0.94901961
v 0.640300 0.056211 -0.078001 0.90980392 0.90980392 0.91372549
v 0.659694 -0.001971 -0.080868 0.70588235 0.69803922 0.70196078
v 0.665235 -0.001971 -0.079927 0.72549020 0.71764706 0.72156863
v 0.845360 0.017299 -0.078432 0.54509804 0.34901961 0.28627451
v 0.842720 0.019664 -0.079721 0.58039216 0.37254902 0.30980392
v 0.848204 0.019843 -0.080499 0.57254902 0.37254902 0.31372549
v 0.845516 0.022365 -0.080575 0.63529412 0.43921569 0.37647059
v 0.837206 0.019580 -0.078730 0.58039216 0.36078431 0.29411765
v 0.840006 0.022270 -0.079476 0.64705882 0.39607843 0.32549020
v 0.842800 0.024979 -0.080173 0.74117647 0.51372549 0.44705882
v 0.831621 0.019717 -0.078092 0.58039216 0.37254902 0.30196078
v 0.834482 0.022214 -0.079053 0.58823529 0.35686275 0.27450980
v 0.828868 0.022439 -0.078656 0.60392157 0.40784314 0.33725490
v 0.850902 0.017295 -0.079305 0.53333333 0.33333333 0.27843137
v 0.831707 0.025009 -0.079423 0.63921569 0.44313725 0.37647059
v 0.856516 0.017067 -0.080244 0.54901961 0.31764706 0.27843137
v 0.850995 0.022557 -0.081090 0.61960784 0.42745098 0.36078431
v 0.848290 0.025134 -0.080435 0.63529412 0.46274510 0.40000000
v 0.853698 0.019989 -0.081072 0.58039216 0.36862745 0.31372549
v 0.853774 0.025308 -0.080539 0.63529412 0.44705882 0.38039216
v 0.851064 0.027902 -0.079018 0.63529412 0.45882353 0.39215686
v 0.859255 0.025489 -0.080925 0.67058824 0.49803922 0.42745098
v 0.845598 0.027677 -0.078481 0.64705882 0.52941176 0.47058824
v 0.862017 0.028288 -0.078903 0.66274510 0.49411765 0.43137255
v 0.856545 0.028082 -0.079287 0.64705882 0.46274510 0.39215686
v 0.823264 0.022630 -0.077886 0.62745098 0.44705882 0.38039216
v 0.817670 0.022793 -0.077367 0.63921569 0.46274510 0.39607843
v 0.820525 0.025309 -0.078247 0.64705882 0.47450980 0.40392157
v 0.809350 0.025592 -0.077784 0.65098039 0.47058824 0.40000000
v 0.798244 0.020120 -0.080734 0.54509804 0.36470588 0.29411765
v 0.801009 0.022910 -0.080952 0.57254902 0.38039216 0.30588235
v 0.826127 0.025127 -0.078540 0.65098039 0.47058824 0.40000000
v 0.828947 0.027757 -0.078433 0.69411765 0.52941176 0.48235294
v 0.823319 0.028017 -0.077800 0.70980392 0.53725490 0.45882353
v 0.826167 0.030566 -0.077315 0.68627451 0.50196078 0.43137255
v 0.867624 0.028093 -0.079079 0.64705882 0.47058824 0.40784314
v 0.687399 0.047899 -0.078935 0.93333333 0.93725490 0.94117647
v 0.670776 0.047899 -0.078335 0.94901961 0.94901961 0.95294118
v -0.880991 0.024347 -0.073316 0.78431373 0.58039216 0.50980392
v -0.881243 0.027291 -0.073316 0.80784314 0.65098039 0.58823529
v -0.878179 0.029768 -0.073316 0.88235294 0.67843137 0.58431373
v -0.878659 0.021138 -0.073316 0.72156863 0.51372549 0.42745098
v -0.875612 0.018644 -0.073316 0.66274510 0.44705882 0.36470588
v -0.874807 0.030531 -0.073316 0.80392157 0.58431373 0.48235294
v -0.873530 0.030661 -0.073316 0.76862745 0.53725490 0.45098039
v -0.868820 0.030977 -0.073316 0.75294118 0.47843137 0.39607843
v -0.868365 0.031037 -0.073316 0.75294118 0.50588235 0.42745098
v -0.871896 0.016819 -0.073316 0.62352941 0.40784314 0.33725490
v -0.870418 0.016467 -0.073316 0.54509804 0.34509804 0.27843137
v -0.867242 0.015932 -0.073316 0.56862745 0.35294118 0.29019608
v -0.863934 0.015523 -0.073316 0.56470588 0.34901961 0.28627451
v -0.862171 0.015461 -0.073316 0.58823529 0.36078431 0.29411765
v -0.858404 0.015535 -0.073316 0.53333333 0.32549020 0.26274510
v -0.856422 0.015669 -0.073316 0.51764706 0.32156863 0.25882353
v -0.853205 0.015877 -0.073316 0.52156863 0.32941176 0.26274510
v 0.873275 0.017174 -0.073316 0.61176471 0.40392157 0.33333333
v 0.872121 0.016519 -0.073316 0.54509804 0.35294118 0.26666667
v 0.869445 0.015463 -0.073316 0.49411765 0.30196078 0.23137255
v 0.864911 0.014811 -0.073316 0.48235294 0.29019608 0.23137255
v -0.806745 0.032101 -0.073316 0.63529412 0.41960784 0.34117647
v 0.876419 0.019570 -0.073316 0.60784314 0.41568627 0.35294118
v -0.803339 0.032504 -0.073316 0.63921569 0.41568627 0.32156863
v 0.878846 0.022685 -0.073316 0.57254902 0.40392157 0.35294118
v 0.879150 0.023547 -0.073316 0.45490196 0.33333333 0.30588235
v 0.878049 0.027987 -0.073316 0.37254902 0.29019608 0.25882353
v -0.808304 0.019459 -0.073316 0.55686275 0.35686275 0.27843137
v -0.805661 0.018203 -0.073316 0.54901961 0.34901961 0.27058824
v -0.863321 0.031534 -0.073316 0.75294118 0.49411765 0.41176471
v -0.862596 0.031660 -0.073316 0.75686275 0.51372549 0.43137255
v -0.804458 0.017764 -0.073316 0.54117647 0.34509804 0.26666667
v -0.799930 0.016751 -0.073316 0.52941176 0.33725490 0.25882353
v -0.797731 0.015814 -0.073316 0.52941176 0.34117647 0.26274510
v -0.687276 0.007501 -0.073316 0.75686275 0.74509804 0.76078431
v -0.796095 0.015044 -0.073316 0.53725490 0.34901961 0.27058824
v -0.792051 0.013548 -0.073316 0.54509804 0.35686275 0.27843137
v -0.683936 0.005300 -0.073316 0.74901961 0.74117647 0.74509804
v -0.637736 -0.000113 -0.073316 0.68627451 0.68235294 0.68627451
v -0.800335 0.032969 -0.073316 0.66666667 0.44705882 0.35686275
v -0.634062 -0.000237 -0.073316 0.69019608 0.68627451 0.69019608
v -0.798543 0.033249 -0.073316 0.70588235 0.48235294 0.39607843
v -0.858511 0.032265 -0.073316 0.74509804 0.50196078 0.41568627
v -0.631872 -0.000436 -0.073316 0.69019608 0.68627451 0.69411765
v -0.794453 0.034700 -0.073316 0.71372549 0.48627451 0.38823529
v -0.628740 -0.000456 -0.073316 0.69803922 0.69411765 0.69803922
v -0.680863 0.002831 -0.073316 0.74901961 0.74117647 0.74509804
v -0.856159 0.032556 -0.073316 0.72156863 0.48235294 0.39215686
v -0.693075 0.055074 -0.073316 0.91764706 0.92156863 0.92156863
v -0.679482 0.002807 -0.073316 0.75686275 0.75294118 0.75686275
v -0.674802 0.003668 -0.073316 0.76078431 0.76078431 0.76862745
v -0.853581 0.032876 -0.073316 0.70196078 0.48627451 0.40392157
v -0.688839 0.056300 -0.073316 0.91764706 0.92156863 0.92156863
v -0.652952 0.063989 -0.073316 0.90588235 0.90588235 0.90980392
v -0.688118 0.056546 -0.073316 0.91764706 0.91764706 0.92156863
v -0.652201 0.064222 -0.073316 0.90588235 0.90588235 0.90980392
v -0.684663 0.057663 -0.073316 0.92549020 0.92156863 0.92549020
v -0.849850 0.033324 -0.073316 0.70196078 0.49019608 0.40784314
v -0.647515 0.064839 -0.073316 0.89803922 0.89803922 0.90196078
v -0.680753 0.058369 -0.073316 0.92549020 0.92156863 0.92549020
v -0.674465 0.003687 -0.073316 0.76078431 0.76078431 0.76862745
v -0.646408 0.065015 -0.073316 0.89411765 0.89411765 0.89803922
v -0.679816 0.058375 -0.073316 0.92549020 0.92156863 0.92156863
v -0.848599 0.033435 -0.073316 0.71764706 0.50980392 0.43529412
v -0.642882 0.065525 -0.073316 0.89019608 0.89019608 0.89411765
v -0.850436 0.016114 -0.073316 0.52549020 0.32941176 0.26274510
v -0.848088 0.016301 -0.073316 0.56078431 0.35294118 0.28235294
v -0.639973 0.065935 -0.073316 0.88627451 0.88235294 0.88627451
v -0.674894 0.058681 -0.073316 0.91372549 0.91372549 0.90980392
v -0.844506 0.016504 -0.073316 0.54117647 0.33725490 0.27058824
v -0.674585 0.058771 -0.073316 0.91372549 0.91372549 0.90980392
v -0.669401 0.003209 -0.073316 0.75686275 0.75686275 0.76470588
v -0.842830 0.016584 -0.073316 0.56862745 0.36078431 0.29019608
v -0.669983 0.059737 -0.073316 0.91372549 0.91372549 0.92156863
v -0.838452 0.017016 -0.073316 0.56862745 0.36078431 0.29019608
v -0.668707 0.003117 -0.073316 0.75686275 0.75294118 0.76078431
v -0.667980 0.060051 -0.073316 0.91764706 0.91372549 0.92156863
v -0.837748 0.017043 -0.073316 0.56078431 0.35686275 0.28627451
v -0.664680 0.002388 -0.073316 0.75686275 0.75294118 0.76078431
v -0.665228 0.060582 -0.073316 0.92156863 0.91372549 0.91764706
v -0.662264 0.002246 -0.073316 0.76470588 0.75686275 0.76470588
v -0.832698 0.017229 -0.073316 0.55294118 0.34901961 0.27843137
v -0.638255 0.066325 -0.073316 0.88235294 0.87450980 0.88235294
v -0.658937 0.002591 -0.073316 0.75686275 0.74901961 0.75686275
v -0.661116 0.061367 -0.073316 0.90980392 0.90980392 0.91372549
v -0.812812 0.019813 -0.073316 0.55686275 0.35686275 0.27843137
v -0.626365 -0.000402 -0.073316 0.70196078 0.69803922 0.70588235
v -0.656844 0.002367 -0.073316 0.75686275 0.75294118 0.76078431
v -0.654007 0.001980 -0.073316 0.73725490 0.72941176 0.73725490
v -0.649755 0.000692 -0.073316 0.71372549 0.70980392 0.71372549
v -0.660561 0.061500 -0.073316 0.90980392 0.90980392 0.91372549
v -0.633472 0.066966 -0.073316 0.86274510 0.85098039 0.85882353
v -0.633395 0.066990 -0.073316 0.85882353 0.85098039 0.85490196
v -0.649619 0.000684 -0.073316 0.70588235 0.69803922 0.70196078
v -0.656351 0.062831 -0.073316 0.90196078 0.90588235 0.90980392
v -0.644374 0.000533 -0.073316 0.68627451 0.67843137 0.68235294
v -0.629516 0.068217 -0.073316 0.87450980 0.86666667 0.87058824
v -0.643846 0.000456 -0.073316 0.68235294 0.67843137 0.68235294
v -0.626824 0.068057 -0.073316 0.91764706 0.90588235 0.91372549
v -0.690806 0.008607 -0.073316 0.73725490 0.71372549 0.71764706
v -0.639385 -0.000019 -0.073316 0.68627451 0.68235294 0.68627451
v 0.679565 0.000322 -0.073316 0.72941176 0.72156863 0.72549020
v 0.678270 -0.000071 -0.073316 0.72549020 0.71764706 0.72156863
v 0.674807 -0.000461 -0.073316 0.72156863 0.71372549 0.71764706
v 0.672217 -0.000577 -0.073316 0.72156863 0.71372549 0.71764706
v 0.682499 0.002929 -0.073316 0.73333333 0.72549020 0.72941176
v 0.685935 0.005034 -0.073316 0.74117647 0.72941176 0.73333333
v 0.661289 0.051845 -0.073316 0.91372549 0.90980392 0.91372549
v 0.658794 0.052540 -0.073316 0.91764706 0.91372549 0.91764706
v 0.630138 0.060832 -0.073316 0.93725490 0.93725490 0.94117647
v 0.628383 0.060917 -0.073316 0.93725490 0.93333333 0.94117647
v 0.654419 0.053706 -0.073316 0.92156863 0.92156863 0.92549020
v 0.653776 0.053817 -0.073316 0.92156863 0.92156863 0.92549020
v 0.649941 0.054770 -0.073316 0.90588235 0.90196078 0.90980392
v 0.624485 0.060944 -0.073316 0.93333333 0.92941176 0.93725490
v 0.645850 0.056202 -0.073316 0.87843137 0.87843137 0.88235294
v 0.645837 0.056206 -0.073316 0.87843137 0.87450980 0.87843137
v 0.641509 0.057420 -0.073316 0.90588235 0.90196078 0.90980392
v 0.637602 0.059054 -0.073316 0.89019608 0.88627451 0.89019608
v 0.637401 0.059110 -0.073316 0.89411765 0.89019608 0.89411765
v 0.633263 0.060256 -0.073316 0.92941176 0.92549020 0.92941176
v 0.646449 -0.005349 -0.073316 0.69803922 0.69019608 0.69803922
v 0.645174 -0.005409 -0.073316 0.69803922 0.69019608 0.69803922
v 0.651346 -0.004705 -0.073316 0.69803922 0.69019608 0.69803922
v 0.660601 -0.002878 -0.073316 0.70980392 0.70196078 0.70588235
v 0.658456 -0.003208 -0.073316 0.70196078 0.69411765 0.70196078
v 0.669689 -0.000884 -0.073316 0.71764706 0.70980392 0.71372549
v 0.665286 -0.001920 -0.073316 0.71372549 0.70588235 0.70980392
v 0.665204 -0.001939 -0.073316 0.70980392 0.70196078 0.70980392
v 0.621691 -0.008296 -0.073316 0.70588235 0.70196078 0.70980392
v 0.655751 -0.003569 -0.073316 0.69803922 0.69411765 0.69803922
v 0.626506 -0.007570 -0.073316 0.70588235 0.70196078 0.70588235
v 0.626368 -0.007591 -0.073316 0.70588235 0.70196078 0.70980392
v 0.651451 -0.004673 -0.073316 0.69803922 0.69019608 0.69803922
v 0.631477 -0.007000 -0.073316 0.70588235 0.70196078 0.70588235
v 0.641580 -0.006021 -0.073316 0.69803922 0.69019608 0.69803922
v 0.638774 -0.006267 -0.073316 0.69803922 0.69411765 0.69803922
v 0.636548 -0.006530 -0.073316 0.70196078 0.69411765 0.70196078
v 0.632594 -0.006906 -0.073316 0.70196078 0.69803922 0.70588235
v 0.843380 0.015252 -0.073316 0.47843137 0.30588235 0.24313725
v 0.841673 0.015399 -0.073316 0.50980392 0.32156863 0.26274510
v 0.833161 0.016061 -0.073316 0.53333333 0.34117647 0.27843137
v 0.829527 0.016465 -0.073316 0.50980392 0.32549020 0.26666667
v 0.859027 0.030581 -0.073316 0.62352941 0.43137255 0.36078431
v 0.854156 0.031300 -0.073316 0.63137255 0.42745098 0.35686275
v 0.853124 0.031557 -0.073316 0.63137255 0.42745098 0.35686275
v 0.849769 0.032267 -0.073316 0.63137255 0.42745098 0.35294118
v 0.805201 0.018729 -0.073316 0.55294118 0.36862745 0.30196078
v 0.801587 0.017945 -0.073316 0.54901961 0.36470588 0.29411765
v 0.823116 0.017298 -0.073316 0.52156863 0.35294118 0.29019608
v 0.818027 0.017800 -0.073316 0.54509804 0.37254902 0.30980392
v 0.817128 0.017870 -0.073316 0.55294118 0.38039216 0.31764706
v 0.810004 0.019493 -0.073316 0.55686275 0.38039216 0.31372549
v 0.808728 0.019618 -0.073316 0.56078431 0.38039216 0.31372549
v 0.813264 0.018540 -0.073316 0.53725490 0.36862745 0.30196078
v 0.793193 0.014043 -0.073316 0.53725490 0.35686275 0.28627451
v 0.791469 0.013257 -0.073316 0.54509804 0.36470588 0.29411765
v 0.796919 0.015875 -0.073316 0.53333333 0.35686275 0.28627451
v 0.789313 0.012390 -0.073316 0.55294118 0.37254902 0.29803922
v 0.800653 0.017717 -0.073316 0.53725490 0.35686275 0.29019608
v 0.803012 0.031715 -0.073316 0.64705882 0.42745098 0.33333333
v 0.828131 0.016726 -0.073316 0.51372549 0.33725490 0.27843137
v 0.823253 0.017282 -0.073316 0.50588235 0.33725490 0.27843137
v 0.799176 0.031666 -0.073316 0.67843137 0.44313725 0.34901961
v 0.853440 0.014766 -0.073316 0.45882353 0.27843137 0.22745098
v 0.848562 0.014999 -0.073316 0.45882353 0.28235294 0.22352941
v 0.797032 0.032180 -0.073316 0.70980392 0.47450980 0.37254902
v 0.794875 0.032903 -0.073316 0.70588235 0.47058824 0.36862745
v 0.847562 0.015112 -0.073316 0.47450980 0.29803922 0.23921569
v 0.859255 0.014504 -0.073316 0.45882353 0.27450980 0.22352941
v 0.871837 0.029636 -0.073316 0.56470588 0.40784314 0.35686275
v 0.859158 0.014509 -0.073316 0.45882353 0.27843137 0.23137255
v 0.864562 0.014783 -0.073316 0.41960784 0.23529412 0.17647059
v 0.853874 0.014742 -0.073316 0.45098039 0.27450980 0.22352941
v 0.859668 0.030489 -0.073316 0.61568627 0.42745098 0.36078431
v 0.838188 0.015565 -0.073316 0.52156863 0.32941176 0.26666667
v 0.835739 0.015782 -0.073316 0.52549020 0.33333333 0.27058824
v 0.868965 0.029718 -0.073316 0.58431373 0.40392157 0.35294118
v 0.874056 0.029487 -0.073316 0.51372549 0.37254902 0.32549020
v 0.866016 0.029772 -0.073316 0.58823529 0.40000000 0.34117647
v 0.863851 0.030000 -0.073316 0.60392157 0.41960784 0.35686275
v 0.685436 0.049863 -0.073316 0.95686275 0.95294118 0.95294118
v 0.683551 0.049592 -0.073316 0.95686275 0.95294118 0.95294118
v 0.680394 0.049363 -0.073316 0.95686275 0.95294118 0.95294118
v 0.677963 0.049545 -0.073316 0.95686275 0.95686275 0.95686275
v 0.689865 0.050975 -0.073316 0.94901961 0.94509804 0.94509804
v 0.690521 0.051021 -0.073316 0.94509804 0.94509804 0.94509804
v 0.674735 0.049481 -0.073316 0.95686275 0.95686275 0.95686275
v 0.672590 0.049713 -0.073316 0.96078431 0.95686275 0.95686275
v 0.668317 0.050358 -0.073316 0.94901961 0.94901961 0.95294118
v 0.667792 0.050456 -0.073316 0.94901961 0.94509804 0.95294118
v 0.663216 0.051421 -0.073316 0.92156863 0.91764706 0.92156863
v -0.882415 0.028464 -0.074578 0.82352941 0.66274510 0.58431373
v -0.879645 0.031234 -0.075548 0.81568627 0.57254902 0.47843137
v -0.879645 0.020152 -0.075950 0.69019608 0.48235294 0.40784314
v -0.874104 0.031234 -0.074571 0.78431373 0.56470588 0.47843137
v -0.810381 0.028464 -0.075850 0.64313725 0.42745098 0.34509804
v -0.807611 0.025693 -0.076570 0.61176471 0.39607843 0.31372549
v -0.685724 0.009053 -0.075472 0.76078431 0.75294118 0.76862745
v -0.807611 0.031234 -0.073979 0.63921569 0.42352941 0.34117647
v -0.682954 0.006282 -0.074696 0.75686275 0.74901961 0.75686275
v -0.804840 0.028464 -0.075986 0.64313725 0.42352941 0.33333333
v -0.680184 0.003510 -0.074987 0.74901961 0.74901961 0.75294118
v -0.655231 0.061710 -0.075358 0.89803922 0.90196078 0.90980392
v -0.804840 0.022923 -0.076964 0.58431373 0.37647059 0.29411765
v -0.680213 0.009022 -0.077086 0.76862745 0.76470588 0.78039216
v -0.647050 0.064372 -0.074248 0.89803922 0.89803922 0.90196078
v -0.802070 0.031234 -0.074632 0.66274510 0.43921569 0.34509804
v -0.677439 0.006254 -0.076552 0.76862745 0.76862745 0.77254902
v -0.671874 0.006277 -0.077004 0.77254902 0.76862745 0.78039216
v -0.641642 0.064261 -0.076900 0.89019608 0.88627451 0.89411765
v -0.669100 0.003509 -0.074618 0.76470588 0.76078431 0.76862745
v 0.864724 0.014620 -0.073656 0.49411765 0.29803922 0.24313725
v -0.666329 0.006280 -0.077092 0.78039216 0.77647059 0.78431373
v -0.663557 0.003511 -0.075881 0.77647059 0.76862745 0.77647059
v -0.807611 0.020152 -0.074158 0.57647059 0.36862745 0.29019608
v 0.881337 0.025735 -0.076174 0.40784314 0.31764706 0.28235294
v -0.802070 0.020152 -0.076197 0.56078431 0.36078431 0.27843137
v -0.660773 0.006295 -0.077207 0.78039216 0.77647059 0.78823529
v -0.799299 0.017382 -0.074845 0.54117647 0.34509804 0.26666667
v -0.658002 0.003525 -0.076153 0.77647059 0.76862745 0.78039216
v -0.652461 0.003526 -0.075919 0.74117647 0.73725490 0.74117647
v 0.878567 0.028505 -0.073997 0.39215686 0.29803922 0.26274510
v -0.649691 0.000756 -0.073860 0.70980392 0.70196078 0.70196078
v -0.793758 0.034005 -0.076091 0.71372549 0.48627451 0.38823529
v -0.644149 0.000756 -0.077116 0.67450980 0.67058824 0.67450980
v -0.863022 0.031234 -0.076016 0.73333333 0.50196078 0.42745098
v -0.688599 0.056064 -0.073960 0.91764706 0.92549020 0.92549020
v -0.633446 0.066938 -0.073426 0.84705882 0.83921569 0.84705882
v -0.857481 0.031234 -0.076554 0.72549020 0.49411765 0.41568627
v -0.851939 0.031234 -0.076862 0.69411765 0.50196078 0.42745098
v -0.628100 0.066778 -0.076918 0.91372549 0.90196078 0.91372549
v -0.683016 0.056100 -0.075580 0.92549020 0.91764706 0.93333333
v -0.846398 0.031234 -0.076788 0.72549020 0.53333333 0.47843137
v -0.849169 0.017382 -0.077113 0.56862745 0.36078431 0.29019608
v -0.677483 0.056094 -0.075992 0.92156863 0.91764706 0.91764706
v -0.843628 0.017382 -0.075625 0.57647059 0.36862745 0.29411765
v -0.838087 0.017382 -0.074269 0.60000000 0.38431373 0.30980392
v -0.835316 0.020152 -0.077117 0.61568627 0.39607843 0.31764706
v -0.669136 0.058895 -0.074564 0.91372549 0.91372549 0.92156863
v -0.832546 0.017382 -0.073638 0.58431373 0.37254902 0.30196078
v -0.663568 0.058919 -0.075980 0.92156863 0.91372549 0.91764706
v -0.815922 0.022923 -0.075952 0.63529412 0.41176471 0.33333333
v -0.813152 0.020152 -0.073712 0.60784314 0.39215686 0.31372549
v -0.813152 0.025693 -0.076396 0.65098039 0.43137255 0.34901961
v -0.810381 0.022923 -0.075586 0.60000000 0.38823529 0.30980392
v -0.691259 0.009059 -0.074495 0.74117647 0.72156863 0.72941176
v 0.679119 0.000768 -0.077172 0.72549020 0.71764706 0.72156863
v 0.665235 -0.001971 -0.073422 0.71372549 0.70588235 0.71372549
v 0.626447 -0.007512 -0.075811 0.70588235 0.70196078 0.70588235
v 0.631988 0.058981 -0.076758 0.90588235 0.90196078 0.90588235
v 0.637530 0.058981 -0.074145 0.89019608 0.88235294 0.89019608
v 0.662464 0.050670 -0.075309 0.91764706 0.91372549 0.91764706
v 0.648612 0.053440 -0.076969 0.91372549 0.90588235 0.91372549
v 0.654153 0.053440 -0.074171 0.92156863 0.92156863 0.92549020
v 0.839902 0.017036 -0.077144 0.52941176 0.33725490 0.27450980
v 0.834279 0.017294 -0.076202 0.54117647 0.34509804 0.27843137
v 0.828751 0.017251 -0.074662 0.53725490 0.35294118 0.29019608
v 0.826019 0.019904 -0.076929 0.56470588 0.37647059 0.30980392
v 0.823177 0.017358 -0.073436 0.54509804 0.36862745 0.30588235
v 0.859221 0.014499 -0.076404 0.50980392 0.31372549 0.25882353
v 0.848323 0.030595 -0.076345 0.63529412 0.44313725 0.37254902
v 0.853806 0.030766 -0.075048 0.63137255 0.43529412 0.36470588
v 0.803769 0.020173 -0.075018 0.57254902 0.38039216 0.30980392
v 0.820438 0.020028 -0.076112 0.57647059 0.40000000 0.33333333
v 0.814865 0.020128 -0.075716 0.57647059 0.40000000 0.33725490
v 0.809303 0.020194 -0.073935 0.59215686 0.41176471 0.34117647
v 0.812099 0.022887 -0.076779 0.59215686 0.41568627 0.34901961
v 0.806542 0.022936 -0.076070 0.59215686 0.40392157 0.32941176
v 0.792717 0.014532 -0.076404 0.54509804 0.36470588 0.29411765
v 0.798273 0.020029 -0.076675 0.54117647 0.36078431 0.29019608
v 0.803809 0.025592 -0.076490 0.63529412 0.43529412 0.35294118
v 0.806571 0.028389 -0.076712 0.65882353 0.45882353 0.37647059
v 0.801070 0.028268 -0.076226 0.65490196 0.43529412 0.34901961
v 0.803878 0.030932 -0.074751 0.65490196 0.44705882 0.36078431
v 0.798345 0.030908 -0.074405 0.67058824 0.44313725 0.34901961
v 0.676317 0.047899 -0.076818 0.96078431 0.95686275 0.96078431
v 0.681858 0.047899 -0.076323 0.94901961 0.94901961 0.95294118
v 0.690170 0.050670 -0.074600 0.94117647 0.94117647 0.94117647
v -0.838758 0.034677 -0.073316 0.71372549 0.50196078 0.41960784
v -0.837269 0.034822 -0.073316 0.71764706 0.49803922 0.40392157
v -0.772164 0.011271 -0.073316 0.59215686 0.40000000 0.31764706
v -0.828423 0.035424 -0.073316 0.69803922 0.49019608 0.40392157
v -0.712364 0.004577 -0.073316 0.63921569 0.51372549 0.45098039
v -0.770987 0.011234 -0.073316 0.61568627 0.41960784 0.33333333
v -0.709011 0.004669 -0.073316 0.65882353 0.55686275 0.50980392
v -0.761299 0.011053 -0.073316 0.62352941 0.43137255 0.34117647
v -0.832437 0.017272 -0.073316 0.56078431 0.35686275 0.28627451
v -0.759698 0.011027 -0.073316 0.63137255 0.43529412 0.34901961
v -0.822246 0.018164 -0.073316 0.53725490 0.33333333 0.26666667
v -0.699712 0.006452 -0.073316 0.68235294 0.61176471 0.58039216
v -0.820158 0.018687 -0.073316 0.59215686 0.38039216 0.30588235
v -0.699280 0.006580 -0.073316 0.72156863 0.68235294 0.67058824
v -0.825665 0.035344 -0.073316 0.69803922 0.49803922 0.41960784
v -0.786499 0.037828 -0.073316 0.73725490 0.50588235 0.40000000
v -0.816288 0.033639 -0.073316 0.73333333 0.53333333 0.45490196
v -0.778400 0.040812 -0.073316 0.74509804 0.51372549 0.40784314
v -0.815154 0.033237 -0.073316 0.73333333 0.50980392 0.41960784
v -0.774843 0.041838 -0.073316 0.74901961 0.51764706 0.41176471
v -0.792224 0.035539 -0.073316 0.72156863 0.49411765 0.39215686
v -0.769272 0.042765 -0.073316 0.75294118 0.52156863 0.41568627
v -0.782693 0.011858 -0.073316 0.55294118 0.36862745 0.28627451
v -0.761398 0.044201 -0.073316 0.75294118 0.52549020 0.42352941
v -0.782661 0.011856 -0.073316 0.57254902 0.38431373 0.30196078
v -0.750765 0.010505 -0.073316 0.62745098 0.43529412 0.34901961
v -0.759948 0.044523 -0.073316 0.74901961 0.52549020 0.42352941
v 0.710123 0.003011 -0.073316 0.66274510 0.57647059 0.53725490
v 0.783995 0.011401 -0.073316 0.57254902 0.38823529 0.30980392
v -0.749902 0.045560 -0.073316 0.74901961 0.52156863 0.41960784
v 0.708970 0.002976 -0.073316 0.67843137 0.60784314 0.57647059
v 0.779891 0.010782 -0.073316 0.60000000 0.41176471 0.32941176
v -0.747802 0.010213 -0.073316 0.63137255 0.44313725 0.35686275
v 0.771668 0.010246 -0.073316 0.60784314 0.41960784 0.33333333
v 0.698941 0.004030 -0.073316 0.70588235 0.66274510 0.64313725
v 0.758975 0.042672 -0.073316 0.75686275 0.51764706 0.40000000
v -0.740962 0.009226 -0.073316 0.62352941 0.44705882 0.36078431
v 0.750018 0.043801 -0.073316 0.75686275 0.51764706 0.39607843
v 0.697753 0.004299 -0.073316 0.73333333 0.70588235 0.69803922
v 0.846618 0.032354 -0.073316 0.63529412 0.43529412 0.36078431
v 0.689123 0.005242 -0.073316 0.74509804 0.72941176 0.72941176
v 0.839760 0.033017 -0.073316 0.65490196 0.45490196 0.38431373
v 0.746318 0.044294 -0.073316 0.75686275 0.52156863 0.39607843
v 0.740390 0.045365 -0.073316 0.75686275 0.52156863 0.39607843
v 0.813039 0.032786 -0.073316 0.67058824 0.47843137 0.39607843
v -0.734617 0.008111 -0.073316 0.62352941 0.45098039 0.36862745
v 0.804835 0.031713 -0.073316 0.67058824 0.47450980 0.38431373
v 0.733730 0.045872 -0.073316 0.76078431 0.52549020 0.40000000
v 0.730207 0.046334 -0.073316 0.76470588 0.52549020 0.40392157
v -0.731652 0.007453 -0.073316 0.62352941 0.45882353 0.38039216
v 0.834120 0.033683 -0.073316 0.67450980 0.47058824 0.40392157
v 0.721109 0.047431 -0.073316 0.76862745 0.53333333 0.40392157
v 0.829827 0.034247 -0.073316 0.69019608 0.47843137 0.41176471
v 0.720308 0.047549 -0.073316 0.77254902 0.52941176 0.40392157
v -0.722370 0.005654 -0.073316 0.62352941 0.46666667 0.38823529
v 0.822387 0.034470 -0.073316 0.69411765 0.48627451 0.40784314
v 0.817938 0.033643 -0.073316 0.69019608 0.49803922 0.41960784
v -0.720836 0.005411 -0.073316 0.62745098 0.47843137 0.40784314
v 0.788854 0.034864 -0.073316 0.70980392 0.47450980 0.36862745
v 0.786512 0.035733 -0.073316 0.71764706 0.48627451 0.38039216
v -0.748783 0.045733 -0.073316 0.74509804 0.52156863 0.41960784
v 0.729135 0.006163 -0.073316 0.62352941 0.48235294 0.41960784
v 0.778120 0.038492 -0.073316 0.73725490 0.50196078 0.39215686
v 0.721710 0.004635 -0.073316 0.64705882 0.52941176 0.47058824
v -0.740338 0.047078 -0.073316 0.74117647 0.51764706 0.41960784
v 0.772420 0.040280 -0.073316 0.74509804 0.51372549 0.39607843
v 0.738235 0.008146 -0.073316 0.61568627 0.44705882 0.37254902
v -0.735958 0.047476 -0.073316 0.73333333 0.51764706 0.41568627
v 0.769515 0.040991 -0.073316 0.75294118 0.51764706 0.40000000
v 0.735886 0.007729 -0.073316 0.61568627 0.46274510 0.38823529
v -0.730525 0.048347 -0.073316 0.74117647 0.52549020 0.41960784
v 0.759906 0.042525 -0.073316 0.75294118 0.51764706 0.40000000
v -0.723107 0.049246 -0.073316 0.75294118 0.53333333 0.43137255
v 0.748009 0.009454 -0.073316 0.61568627 0.44705882 0.36470588
v -0.720732 0.049636 -0.073316 0.76470588 0.53725490 0.43529412
v 0.769440 0.010178 -0.073316 0.61960784 0.43137255 0.34117647
v -0.711165 0.051132 -0.073316 0.69019608 0.52549020 0.45098039
v 0.760314 0.009985 -0.073316 0.61176471 0.42745098 0.34117647
v 0.758590 0.009951 -0.073316 0.61568627 0.43529412 0.34901961
v 0.708192 0.049270 -0.073316 0.92941176 0.89803922 0.90196078
v 0.748758 0.009518 -0.073316 0.61568627 0.43529412 0.35294118
v -0.709971 0.051302 -0.073316 0.69019608 0.54117647 0.47450980
v 0.700749 0.050167 -0.073316 0.93725490 0.93725490 0.94117647
v 0.719932 0.004284 -0.073316 0.65882353 0.56078431 0.51764706
v 0.695768 0.050613 -0.073316 0.92156863 0.92549020 0.92156863
v -0.701926 0.052911 -0.073316 0.90980392 0.89411765 0.89019608
v 0.710670 0.049005 -0.073316 0.84313725 0.76470588 0.74509804
v -0.695917 0.054283 -0.073316 0.92549020 0.92156863 0.92549020
v -0.838087 0.034005 -0.074662 0.72549020 0.49411765 0.40392157
v -0.832546 0.028464 -0.078889 0.74509804 0.50588235 0.40392157
v -0.827005 0.022923 -0.077917 0.61960784 0.40392157 0.32549020
v -0.827005 0.034005 -0.075106 0.63921569 0.50588235 0.48235294
v -0.821463 0.028464 -0.077380 0.68235294 0.44705882 0.36862745
v -0.777135 0.039546 -0.077519 0.74901961 0.51764706 0.41568627
v -0.782676 0.011841 -0.073500 0.57647059 0.38431373 0.30196078
v -0.749429 0.045087 -0.074835 0.74509804 0.52156863 0.42352941
v -0.732806 0.006300 -0.077054 0.62745098 0.45490196 0.37254902
v -0.738347 0.045087 -0.079170 0.70980392 0.50196078 0.40392157
v -0.710651 0.050620 -0.074713 0.71372549 0.54901961 0.47058824
v 0.748402 0.042212 -0.078488 0.75294118 0.52156863 0.39607843
v 0.770515 0.009111 -0.079995 0.63529412 0.44313725 0.35686275
v 0.759512 0.042134 -0.074525 0.75294118 0.51764706 0.40000000
v -0.699660 0.050540 -0.078943 0.90588235 0.90980392 0.90588235
v 0.776170 0.036488 -0.080604 0.74509804 0.51372549 0.40000000
v 0.837326 0.030340 -0.077606 0.66274510 0.46274510 0.39607843
v 0.814995 0.030830 -0.075023 0.69019608 0.52549020 0.46274510
v 0.709564 0.047899 -0.076205 0.90196078 0.87843137 0.87450980
v 0.698481 0.047899 -0.078661 0.94117647 0.94509804 0.94509804
v 0.748351 0.009112 -0.074590 0.61960784 0.44313725 0.35686275
v 0.720646 0.003570 -0.076378 0.63921569 0.52941176 0.47843137
v 0.759433 0.009112 -0.076993 0.62745098 0.43921569 0.35294118
v -0.872431 0.021825 -0.069397 0.71764706 0.48627451 0.38823529
v -0.873880 0.025470 -0.069397 0.74117647 0.52941176 0.43921569
v -0.870738 0.027869 -0.069397 0.75294118 0.53725490 0.45882353
v -0.866663 0.029334 -0.069397 0.80784314 0.55686275 0.47450980
v -0.869087 0.019628 -0.069397 0.62745098 0.41960784 0.33725490
v -0.866865 0.018454 -0.069397 0.56470588 0.36078431 0.28235294
v -0.865295 0.017879 -0.069397 0.42745098 0.25490196 0.20392157
v -0.860309 0.017324 -0.069397 0.43529412 0.24705882 0.18823529
v -0.860179 0.017309 -0.069397 0.43529412 0.24705882 0.18823529
v -0.855227 0.016865 -0.069397 0.45098039 0.29019608 0.22352941
v -0.854115 0.016787 -0.069397 0.48235294 0.30588235 0.23921569
v 0.870516 0.019932 -0.069397 0.68235294 0.44705882 0.35686275
v 0.869076 0.019015 -0.069397 0.65098039 0.41960784 0.32941176
v -0.676855 0.061022 -0.069397 0.91372549 0.91372549 0.91764706
v -0.672153 0.061893 -0.069397 0.92156863 0.92156863 0.92156863
v -0.671313 0.062261 -0.069397 0.92156863 0.92156863 0.91764706
v 0.872269 0.022207 -0.069397 0.65882353 0.45098039 0.39607843
v -0.667998 0.063342 -0.069397 0.91372549 0.91372549 0.91372549
v -0.637929 0.000080 -0.069397 0.69019608 0.68627451 0.69019608
v -0.664347 0.063681 -0.069397 0.90588235 0.90588235 0.90980392
v -0.864001 0.030255 -0.069397 0.77647059 0.55686275 0.46274510
v -0.662981 0.063873 -0.069397 0.90588235 0.90588235 0.90980392
v -0.633871 -0.000045 -0.069397 0.69411765 0.68627451 0.69019608
v -0.631022 0.069929 -0.069397 0.82745098 0.81960784 0.82745098
v -0.632192 -0.000117 -0.069397 0.69411765 0.69019608 0.69411765
v -0.862458 0.030671 -0.069397 0.77647059 0.55686275 0.46666667
v -0.630405 0.069996 -0.069397 0.83529412 0.82745098 0.83137255
v -0.858013 0.031767 -0.069397 0.73725490 0.47843137 0.37647059
v -0.625591 0.069299 -0.069397 0.92156863 0.90980392 0.91764706
v -0.628560 -0.000276 -0.069397 0.69803922 0.69411765 0.69803922
v -0.856638 0.032077 -0.069397 0.73333333 0.46666667 0.36470588
v -0.649319 0.067646 -0.069397 0.90980392 0.90980392 0.91372549
v -0.645019 0.067826 -0.069397 0.90980392 0.90588235 0.90980392
v -0.853454 0.032749 -0.069397 0.69803922 0.44313725 0.34117647
v -0.643425 0.068019 -0.069397 0.90980392 0.90196078 0.90980392
v -0.850247 0.032927 -0.069397 0.67450980 0.43921569 0.33333333
v -0.848024 0.032860 -0.069397 0.69803922 0.48627451 0.39607843
v -0.640153 0.068274 -0.069397 0.89019608 0.88627451 0.89411765
v -0.626474 -0.000293 -0.069397 0.70196078 0.69803922 0.70196078
v -0.658561 0.065040 -0.069397 0.91372549 0.91372549 0.91372549
v -0.850060 0.016490 -0.069397 0.46274510 0.28627451 0.21960784
v -0.848277 0.016490 -0.069397 0.50196078 0.30980392 0.24313725
v -0.656899 0.065584 -0.069397 0.91764706 0.91764706 0.91764706
v -0.844414 0.016596 -0.069397 0.50980392 0.30980392 0.24705882
v -0.842851 0.016605 -0.069397 0.52549020 0.32156863 0.26274510
v -0.654546 0.066567 -0.069397 0.92549020 0.92549020 0.92549020
v -0.650232 0.067558 -0.069397 0.91372549 0.91372549 0.91764706
v -0.688973 0.006795 -0.069397 0.72941176 0.69803922 0.69803922
v -0.838764 0.016704 -0.069397 0.54509804 0.34117647 0.27843137
v -0.688279 0.006498 -0.069397 0.74117647 0.72156863 0.72549020
v -0.684589 0.004647 -0.069397 0.74117647 0.72941176 0.73333333
v -0.837529 0.016824 -0.069397 0.53333333 0.33333333 0.27058824
v -0.680433 0.003261 -0.069397 0.74509804 0.73725490 0.74117647
v -0.832563 0.017364 -0.069397 0.53725490 0.33725490 0.27450980
v -0.679865 0.003198 -0.069397 0.74901961 0.74117647 0.74901961
v -0.674941 0.003210 -0.069397 0.74901961 0.74509804 0.74901961
v -0.810171 0.017591 -0.069397 0.53725490 0.33725490 0.26274510
v -0.805720 0.016502 -0.069397 0.52549020 0.33333333 0.25490196
v -0.674355 0.003226 -0.069397 0.74901961 0.74117647 0.74901961
v -0.803435 0.015977 -0.069397 0.51764706 0.32941176 0.25098039
v -0.636993 0.068924 -0.069397 0.87450980 0.86666667 0.87450980
v -0.669550 0.003060 -0.069397 0.75294118 0.74901961 0.75686275
v -0.801135 0.015546 -0.069397 0.52156863 0.33333333 0.25490196
v -0.635698 0.069271 -0.069397 0.85882353 0.84705882 0.85490196
v -0.668563 0.002977 -0.069397 0.74901961 0.74509804 0.75294118
v -0.796722 0.014417 -0.069397 0.51764706 0.33333333 0.25490196
v -0.664337 0.002732 -0.069397 0.74901961 0.74509804 0.75294118
v -0.796244 0.014327 -0.069397 0.52156863 0.34117647 0.26274510
v -0.662713 0.002695 -0.069397 0.74901961 0.74509804 0.75294118
v -0.792121 0.013478 -0.069397 0.53725490 0.35294118 0.27450980
v -0.694026 0.055953 -0.069397 0.92156863 0.92549020 0.92549020
v -0.689727 0.057190 -0.069397 0.92156863 0.92549020 0.92549020
v -0.658939 0.002589 -0.069397 0.74509804 0.74117647 0.74901961
v -0.656979 0.002503 -0.069397 0.74117647 0.73725490 0.74117647
v -0.686961 0.057701 -0.069397 0.92156863 0.92549020 0.92549020
v -0.685141 0.058110 -0.069397 0.91764706 0.92156863 0.92549020
v -0.653823 0.002165 -0.069397 0.72549020 0.72156863 0.72549020
v -0.650282 0.001348 -0.069397 0.71764706 0.70980392 0.71764706
v -0.680882 0.059455 -0.069397 0.90980392 0.91372549 0.91372549
v -0.678726 0.060394 -0.069397 0.90980392 0.90588235 0.91372549
v -0.649314 0.001133 -0.069397 0.70196078 0.69803922 0.70196078
v -0.644172 0.000735 -0.069397 0.69411765 0.68627451 0.69019608
v -0.644118 0.000728 -0.069397 0.69019608 0.68235294 0.69019608
v -0.639250 0.000116 -0.069397 0.69411765 0.68627451 0.69019608
v 0.679134 0.000753 -0.069397 0.72941176 0.72156863 0.72549020
v 0.621398 -0.008003 -0.069397 0.70980392 0.70588235 0.70980392
v 0.679066 0.000731 -0.069397 0.72549020 0.71764706 0.72549020
v 0.672056 -0.000691 -0.069397 0.71764706 0.70980392 0.71764706
v 0.674676 -0.000329 -0.069397 0.72156863 0.71764706 0.72156863
v 0.631432 -0.006955 -0.069397 0.70588235 0.70196078 0.70588235
v 0.669770 -0.000964 -0.069397 0.71372549 0.70588235 0.71372549
v 0.659272 0.053862 -0.069397 0.92156863 0.92156863 0.92549020
v 0.682529 0.002900 -0.069397 0.73333333 0.72549020 0.72941176
v 0.655443 0.054731 -0.069397 0.92941176 0.92549020 0.92941176
v 0.626584 -0.007375 -0.069397 0.70588235 0.70196078 0.70980392
v 0.686022 0.004948 -0.069397 0.74117647 0.72941176 0.73333333
v 0.626340 -0.007404 -0.069397 0.70588235 0.70196078 0.70980392
v 0.651733 0.055860 -0.069397 0.90196078 0.89803922 0.90588235
v 0.651186 0.056014 -0.069397 0.89803922 0.89411765 0.90196078
v 0.644076 0.057976 -0.069397 0.87450980 0.87058824 0.87843137
v 0.642561 0.058471 -0.069397 0.89411765 0.89019608 0.89411765
v 0.646769 0.057138 -0.069397 0.86666667 0.86274510 0.87058824
v 0.646592 -0.005492 -0.069397 0.69803922 0.69019608 0.69803922
v 0.644974 -0.005609 -0.069397 0.69803922 0.69411765 0.69803922
v 0.651207 -0.004566 -0.069397 0.69803922 0.69019608 0.69803922
v 0.660354 -0.002630 -0.069397 0.70588235 0.69803922 0.70588235
v 0.658725 -0.002940 -0.069397 0.70196078 0.69411765 0.70196078
v 0.665344 -0.001862 -0.069397 0.70980392 0.70588235 0.71372549
v 0.665158 -0.001894 -0.069397 0.70980392 0.70196078 0.70980392
v 0.655762 -0.003580 -0.069397 0.69803922 0.69411765 0.70196078
v 0.651630 -0.004493 -0.069397 0.69803922 0.69411765 0.70196078
v 0.641451 -0.005892 -0.069397 0.69803922 0.69411765 0.70196078
v 0.638766 -0.006275 -0.069397 0.69803922 0.69411765 0.70196078
v 0.629997 0.060972 -0.069397 0.93725490 0.93333333 0.93725490
v 0.628508 0.061042 -0.069397 0.93333333 0.92941176 0.93725490
v 0.636596 -0.006578 -0.069397 0.70196078 0.69411765 0.70196078
v 0.632613 -0.006887 -0.069397 0.70196078 0.69803922 0.70588235
v 0.624215 0.061213 -0.069397 0.91764706 0.91372549 0.92156863
v 0.638265 0.059716 -0.069397 0.92156863 0.91764706 0.92549020
v 0.636564 0.059947 -0.069397 0.92549020 0.92549020 0.92941176
v 0.633464 0.060457 -0.069397 0.93725490 0.93333333 0.94117647
v 0.832871 0.015900 -0.069397 0.50196078 0.31764706 0.25882353
v 0.829949 0.016111 -0.069397 0.48627451 0.30588235 0.25098039
v 0.853779 0.030971 -0.069397 0.62745098 0.40784314 0.33333333
v 0.853668 0.030991 -0.069397 0.63137255 0.41176471 0.33333333
v 0.858322 0.030078 -0.069397 0.63137255 0.42745098 0.35686275
v 0.848690 0.031392 -0.069397 0.63921569 0.40784314 0.32549020
v 0.822217 0.016460 -0.069397 0.49411765 0.33333333 0.27058824
v 0.818264 0.016768 -0.069397 0.50980392 0.34509804 0.28235294
v 0.793797 0.013451 -0.069397 0.52549020 0.34901961 0.27843137
v 0.790727 0.012543 -0.069397 0.53333333 0.35686275 0.28627451
v 0.798018 0.014793 -0.069397 0.52549020 0.34509804 0.27843137
v 0.789488 0.012215 -0.069397 0.54901961 0.36862745 0.29411765
v 0.798652 0.014973 -0.069397 0.52549020 0.34509804 0.27843137
v 0.872527 0.023463 -0.069397 0.59607843 0.42352941 0.38431373
v 0.870793 0.026240 -0.069397 0.52156863 0.38039216 0.34509804
v 0.868696 0.027254 -0.069397 0.55686275 0.38431373 0.33725490
v 0.866913 0.027762 -0.069397 0.55686275 0.36862745 0.32156863
v 0.862681 0.028990 -0.069397 0.56862745 0.37647059 0.31764706
v 0.860762 0.029535 -0.069397 0.59607843 0.40392157 0.33725490
v 0.684754 0.050544 -0.069397 0.96470588 0.96078431 0.96078431
v 0.684466 0.050507 -0.069397 0.96470588 0.96470588 0.96078431
v 0.679457 0.050301 -0.069397 0.96078431 0.95686275 0.96078431
v 0.678819 0.050401 -0.069397 0.95686275 0.95686275 0.96078431
v 0.827652 0.016274 -0.069397 0.47843137 0.30980392 0.25490196
v 0.689480 0.051360 -0.069397 0.93725490 0.94117647 0.94117647
v 0.824147 0.016399 -0.069397 0.48235294 0.31764706 0.26274510
v 0.691002 0.051502 -0.069397 0.92941176 0.93333333 0.93333333
v 0.852206 0.016063 -0.069397 0.43137255 0.25882353 0.20784314
v 0.673450 0.050766 -0.069397 0.95686275 0.95686275 0.96078431
v 0.849283 0.015774 -0.069397 0.34117647 0.19215686 0.12941176
v 0.669152 0.051816 -0.069397 0.94901961 0.94509804 0.95294118
v 0.673623 0.050746 -0.069397 0.95686275 0.95686275 0.96078431
v 0.846986 0.015717 -0.069397 0.45098039 0.28627451 0.22745098
v 0.843718 0.015690 -0.069397 0.39215686 0.25490196 0.18431373
v 0.666353 0.052322 -0.069397 0.93725490 0.93333333 0.93725490
v 0.862627 0.016730 -0.069397 0.47450980 0.32156863 0.26274510
v 0.664489 0.052694 -0.069397 0.92941176 0.92549020 0.92941176
v 0.659978 0.053724 -0.069397 0.92156863 0.91764706 0.92156863
v 0.861118 0.016576 -0.069397 0.43529412 0.29803922 0.23921569
v 0.857486 0.016323 -0.069397 0.39607843 0.24705882 0.19607843
v 0.855230 0.016213 -0.069397 0.38039216 0.21960784 0.16862745
v 0.866758 0.018150 -0.069397 0.61960784 0.43137255 0.37254902
v 0.841429 0.015704 -0.069397 0.49411765 0.31372549 0.25490196
v 0.838304 0.015781 -0.069397 0.50980392 0.32156863 0.25882353
v 0.835710 0.015861 -0.069397 0.50588235 0.31764706 0.25882353
v -0.879645 0.025693 -0.072030 0.76078431 0.58431373 0.50588235
v -0.876874 0.028464 -0.071876 0.80000000 0.63529412 0.53725490
v -0.876874 0.022923 -0.071234 0.77254902 0.55686275 0.45882353
v -0.874104 0.020152 -0.070681 0.70588235 0.48627451 0.38823529
v -0.874104 0.025693 -0.069471 0.75686275 0.55294118 0.45882353
v -0.871333 0.028464 -0.069996 0.75294118 0.54509804 0.45882353
v -0.871333 0.017382 -0.072129 0.61568627 0.40392157 0.32549020
v -0.865792 0.017382 -0.070013 0.53333333 0.32941176 0.26666667
v -0.674695 0.058880 -0.073153 0.91372549 0.91372549 0.90980392
v -0.671916 0.061658 -0.070102 0.91764706 0.91764706 0.91764706
v -0.666338 0.061689 -0.071804 0.91764706 0.90980392 0.91764706
v 0.873026 0.017423 -0.072762 0.62352941 0.41176471 0.32156863
v -0.660772 0.061710 -0.072922 0.90588235 0.90588235 0.90980392
v -0.658002 0.064481 -0.070210 0.90980392 0.90980392 0.91372549
v 0.867485 0.017423 -0.070173 0.58039216 0.36862745 0.28235294
v -0.652460 0.064481 -0.072845 0.90980392 0.90980392 0.91372549
v 0.875796 0.020194 -0.072218 0.68627451 0.46666667 0.39215686
v -0.630754 0.069648 -0.070607 0.85490196 0.84705882 0.85490196
v -0.649818 0.067145 -0.070009 0.90980392 0.90980392 0.91372549
v 0.878567 0.022964 -0.072859 0.55294118 0.40000000 0.36078431
v 0.873026 0.022964 -0.069628 0.61568627 0.43137255 0.39215686
v -0.674642 0.003510 -0.072070 0.75294118 0.75294118 0.75686275
v 0.875796 0.025735 -0.071053 0.41176471 0.30980392 0.30588235
v -0.863022 0.031234 -0.070880 0.80000000 0.55294118 0.46274510
v -0.644388 0.067054 -0.070625 0.90196078 0.89803922 0.90196078
v -0.649691 0.000756 -0.069892 0.70980392 0.70196078 0.70980392
v -0.638912 0.067000 -0.071783 0.89019608 0.88235294 0.89019608
v -0.804840 0.017382 -0.072701 0.52941176 0.33725490 0.25882353
v -0.796529 0.014611 -0.070709 0.52941176 0.34117647 0.26274510
v -0.680271 0.058850 -0.072517 0.91764706 0.91764706 0.91764706
v 0.626447 -0.007512 -0.071091 0.70588235 0.70196078 0.70980392
v 0.659694 0.053440 -0.070411 0.91764706 0.91764706 0.92156863
v 0.645841 0.056211 -0.073298 0.87450980 0.87058824 0.87450980
v 0.853714 0.031037 -0.069510 0.63137255 0.41960784 0.34509804
v 0.817634 0.017363 -0.072231 0.52549020 0.35686275 0.29411765
v 0.801009 0.017368 -0.072741 0.53333333 0.35294118 0.28627451
v 0.859203 0.014558 -0.073093 0.41176471 0.25098039 0.21176471
v 0.873033 0.028483 -0.071791 0.49803922 0.37254902 0.32941176
v 0.867529 0.028375 -0.070206 0.56470588 0.36862745 0.31764706
v 0.673546 0.050670 -0.069638 0.95686275 0.95686275 0.96078431
v 0.668005 0.050670 -0.072700 0.94901961 0.94509804 0.95294118
v -0.676474 0.060631 -0.065479 0.92941176 0.92549020 0.92941176
v -0.638380 0.000531 -0.065479 0.69411765 0.68627451 0.69019608
v -0.633607 0.000218 -0.065479 0.69411765 0.69019608 0.69019608
v -0.672171 0.061889 -0.065479 0.91764706 0.92156863 0.92156863
v -0.671439 0.062133 -0.065479 0.91764706 0.91764706 0.91764706
v -0.632435 0.000127 -0.065479 0.69411765 0.69019608 0.69411765
v -0.859694 0.023480 -0.065479 0.62352941 0.40392157 0.32549020
v -0.668046 0.063388 -0.065479 0.91372549 0.90980392 0.91372549
v -0.628219 0.000065 -0.065479 0.69803922 0.69019608 0.69411765
v -0.858902 0.027114 -0.065479 0.75686275 0.52156863 0.42745098
v -0.663647 0.064383 -0.065479 0.91764706 0.91372549 0.91764706
v -0.630373 0.069190 -0.065479 0.82352941 0.81176471 0.81960784
v -0.856032 0.029786 -0.065479 0.72156863 0.51372549 0.41960784
v -0.663554 0.064411 -0.065479 0.91764706 0.90980392 0.91372549
v -0.648867 0.068097 -0.065479 0.91372549 0.91372549 0.92156863
v -0.856672 0.020961 -0.065479 0.52549020 0.33333333 0.25490196
v -0.645413 0.068231 -0.065479 0.91764706 0.91372549 0.92549020
v -0.660089 0.066524 -0.065479 0.92941176 0.92941176 0.92941176
v -0.655279 0.067212 -0.065479 0.92549020 0.92549020 0.93333333
v -0.852624 0.019467 -0.065479 0.40000000 0.24313725 0.17254902
v -0.655278 0.067212 -0.065479 0.92549020 0.92156863 0.92941176
v -0.650545 0.068003 -0.065479 0.91764706 0.91764706 0.92156863
v -0.852358 0.030815 -0.065479 0.70196078 0.48627451 0.38823529
v -0.643055 0.068376 -0.065479 0.92156863 0.91372549 0.92156863
v -0.851523 0.030818 -0.065479 0.67450980 0.49019608 0.40000000
v -0.639693 0.067828 -0.065479 0.90980392 0.90196078 0.90980392
v -0.847392 0.032228 -0.065479 0.68235294 0.47450980 0.37647059
v -0.688501 0.006276 -0.065479 0.72549020 0.69803922 0.69411765
v -0.850863 0.019076 -0.065479 0.38823529 0.23529412 0.16078431
v -0.847849 0.018701 -0.065479 0.39607843 0.23137255 0.15294118
v -0.688436 0.006258 -0.065479 0.72941176 0.70588235 0.70588235
v -0.684566 0.004670 -0.065479 0.73725490 0.71764706 0.71764706
v -0.680515 0.003180 -0.065479 0.74117647 0.73333333 0.73725490
v -0.844634 0.018388 -0.065479 0.38431373 0.20392157 0.13333333
v -0.842728 0.018281 -0.065479 0.41176471 0.23137255 0.16862745
v -0.838946 0.018240 -0.065479 0.44705882 0.26666667 0.20784314
v -0.837296 0.018172 -0.065479 0.44705882 0.27450980 0.21568627
v -0.679667 0.003030 -0.065479 0.74509804 0.73725490 0.74117647
v -0.833032 0.017868 -0.065479 0.43921569 0.26666667 0.20392157
v -0.675166 0.002987 -0.065479 0.74509804 0.73725490 0.74509804
v -0.674105 0.003006 -0.065479 0.74117647 0.73725490 0.74117647
v -0.669893 0.002717 -0.065479 0.74509804 0.74117647 0.74509804
v -0.668179 0.002621 -0.065479 0.74509804 0.74117647 0.74509804
v -0.810192 0.017192 -0.065479 0.47058824 0.29019608 0.21568627
v -0.664621 0.002449 -0.065479 0.74509804 0.73725490 0.74509804
v -0.805799 0.016423 -0.065479 0.49803922 0.31372549 0.23529412
v -0.662452 0.002435 -0.065479 0.74117647 0.73725490 0.74117647
v -0.802897 0.015438 -0.065479 0.50980392 0.32156863 0.24705882
v -0.659069 0.002460 -0.065479 0.73725490 0.73333333 0.73725490
v -0.801693 0.014988 -0.065479 0.51372549 0.32941176 0.25098039
v -0.656935 0.002459 -0.065479 0.72941176 0.72549020 0.72941176
v -0.653673 0.002315 -0.065479 0.72156863 0.71372549 0.72156863
v -0.650687 0.001753 -0.065479 0.71372549 0.70980392 0.71372549
v -0.796935 0.014205 -0.065479 0.51764706 0.33333333 0.25490196
v -0.796078 0.014160 -0.065479 0.52156863 0.34117647 0.26274510
v -0.649000 0.001448 -0.065479 0.70588235 0.70196078 0.70588235
v -0.792197 0.013402 -0.065479 0.52941176 0.34901961 0.27058824
v -0.644592 0.001202 -0.065479 0.70196078 0.69411765 0.69803922
v -0.694579 0.056349 -0.065479 0.92941176 0.92941176 0.93333333
v -0.643787 0.001120 -0.065479 0.69803922 0.69019608 0.69411765
v -0.638816 0.000551 -0.065479 0.69411765 0.68627451 0.69019608
v -0.693784 0.056428 -0.065479 0.92549020 0.92941176 0.93333333
v -0.689802 0.057261 -0.065479 0.91764706 0.92941176 0.92941176
v -0.687089 0.057576 -0.065479 0.92549020 0.92941176 0.93725490
v -0.638209 0.067702 -0.065479 0.89019608 0.88235294 0.89019608
v -0.685062 0.057988 -0.065479 0.92156863 0.92549020 0.93333333
v -0.634818 0.068393 -0.065479 0.85490196 0.84313725 0.85098039
v -0.631482 0.068915 -0.065479 0.82352941 0.81568627 0.82352941
v -0.680806 0.059309 -0.065479 0.91764706 0.92156863 0.92549020
v -0.679362 0.059761 -0.065479 0.92156863 0.92156863 0.92549020
v 0.674042 0.000305 -0.065479 0.71764706 0.71372549 0.71764706
v 0.672560 -0.000187 -0.065479 0.71372549 0.70980392 0.71764706
v 0.678578 0.001310 -0.065479 0.72549020 0.71764706 0.72549020
v 0.682120 0.003308 -0.065479 0.73725490 0.72941176 0.73333333
v 0.680763 0.002475 -0.065479 0.73333333 0.72549020 0.72941176
v 0.686082 0.004887 -0.065479 0.74117647 0.72941176 0.73333333
v 0.669623 -0.000817 -0.065479 0.71372549 0.70588235 0.71372549
v 0.621396 -0.008001 -0.065479 0.70980392 0.70588235 0.71372549
v 0.658330 0.054804 -0.065479 0.92549020 0.92156863 0.92549020
v 0.656054 0.055342 -0.065479 0.92941176 0.92156863 0.92549020
v 0.651628 0.056456 -0.065479 0.89019608 0.88627451 0.89019608
v 0.643348 0.058703 -0.065479 0.88235294 0.88235294 0.88627451
v 0.631238 -0.006762 -0.065479 0.70588235 0.70196078 0.70980392
v 0.626794 -0.007166 -0.065479 0.70980392 0.70196078 0.70980392
v 0.642918 0.058829 -0.065479 0.89019608 0.88627451 0.89411765
v 0.626180 -0.007244 -0.065479 0.70980392 0.70588235 0.71372549
v 0.650960 0.056633 -0.065479 0.88235294 0.87843137 0.88235294
v 0.647278 0.057648 -0.065479 0.84705882 0.84313725 0.85098039
v 0.629812 0.061157 -0.065479 0.93333333 0.92941176 0.93725490
v 0.628708 0.061242 -0.065479 0.92941176 0.92549020 0.93333333
v 0.623966 0.061463 -0.065479 0.92549020 0.92156863 0.92941176
v 0.638570 0.060022 -0.065479 0.93333333 0.92549020 0.93333333
v 0.636201 0.060310 -0.065479 0.93725490 0.93333333 0.94117647
v 0.633655 0.060648 -0.065479 0.94117647 0.93333333 0.94117647
v 0.645881 -0.004781 -0.065479 0.70196078 0.69411765 0.70196078
v 0.645791 -0.004792 -0.065479 0.70196078 0.69411765 0.70196078
v 0.650745 -0.004104 -0.065479 0.70196078 0.69411765 0.70196078
v 0.660035 -0.002312 -0.065479 0.70196078 0.69411765 0.70196078
v 0.659223 -0.002441 -0.065479 0.69803922 0.69019608 0.70196078
v 0.665847 -0.001359 -0.065479 0.70980392 0.70196078 0.70980392
v 0.664823 -0.001559 -0.065479 0.70588235 0.69803922 0.70588235
v 0.655332 -0.003150 -0.065479 0.69803922 0.69019608 0.70196078
v 0.652346 -0.003777 -0.065479 0.70196078 0.69411765 0.70196078
v 0.641240 -0.005681 -0.065479 0.70196078 0.69411765 0.70196078
v 0.638987 -0.006054 -0.065479 0.70196078 0.69411765 0.70196078
v 0.636421 -0.006403 -0.065479 0.70196078 0.69411765 0.70196078
v 0.632853 -0.006647 -0.065479 0.70196078 0.69803922 0.70588235
v 0.828797 0.017280 -0.065479 0.45098039 0.27843137 0.22352941
v 0.834032 0.017542 -0.065479 0.48235294 0.29803922 0.25098039
v 0.834503 0.017502 -0.065479 0.48627451 0.30196078 0.25098039
v 0.850038 0.029246 -0.065479 0.55294118 0.37254902 0.31764706
v 0.847171 0.030020 -0.065479 0.58823529 0.39607843 0.33725490
v 0.855005 0.027088 -0.065479 0.53333333 0.32941176 0.25882353
v 0.851241 0.028750 -0.065479 0.54901961 0.36862745 0.31372549
v 0.822885 0.017129 -0.065479 0.46666667 0.31764706 0.25882353
v 0.817974 0.017057 -0.065479 0.48627451 0.33333333 0.27058824
v 0.793709 0.013549 -0.065479 0.51764706 0.34509804 0.27450980
v 0.791119 0.012930 -0.065479 0.52549020 0.34901961 0.27843137
v 0.798060 0.014388 -0.065479 0.51372549 0.33725490 0.27058824
v 0.789380 0.012331 -0.065479 0.53333333 0.35686275 0.28627451
v 0.684126 0.051172 -0.065479 0.96078431 0.95686275 0.96078431
v 0.679634 0.051216 -0.065479 0.96078431 0.95686275 0.95686275
v 0.688830 0.052010 -0.065479 0.94117647 0.94509804 0.93725490
v 0.685193 0.051234 -0.065479 0.96078431 0.95686275 0.95686275
v 0.691924 0.052424 -0.065479 0.92549020 0.92941176 0.92549020
v 0.671853 0.052363 -0.065479 0.95686275 0.95294118 0.95686275
v 0.670097 0.052724 -0.065479 0.94901961 0.94509804 0.94901961
v 0.678696 0.051061 -0.065479 0.96078431 0.95686275 0.95686275
v 0.674567 0.051691 -0.065479 0.95686275 0.95294118 0.95686275
v 0.665284 0.053391 -0.065479 0.92549020 0.92156863 0.92941176
v 0.665199 0.053404 -0.065479 0.92549020 0.92549020 0.92941176
v 0.660599 0.054346 -0.065479 0.92156863 0.92156863 0.92156863
v 0.828633 0.017276 -0.065479 0.44705882 0.27843137 0.22352941
v 0.823429 0.017137 -0.065479 0.44313725 0.29411765 0.24313725
v 0.849275 0.018993 -0.065479 0.58823529 0.38823529 0.33725490
v 0.846418 0.018480 -0.065479 0.53333333 0.35294118 0.30196078
v 0.856934 0.022426 -0.065479 0.62352941 0.42352941 0.35294118
v 0.854206 0.020763 -0.065479 0.62352941 0.41568627 0.35686275
v 0.853336 0.020488 -0.065479 0.59607843 0.39607843 0.34117647
v 0.857648 0.024140 -0.065479 0.58431373 0.38431373 0.30980392
v 0.839414 0.017724 -0.065479 0.51764706 0.32549020 0.26666667
v 0.844439 0.018275 -0.065479 0.52941176 0.34509804 0.29019608
v 0.840337 0.017865 -0.065479 0.52941176 0.33725490 0.27843137
v -0.832097 0.017831 -0.065479 0.43921569 0.26666667 0.20392157
v -0.827321 0.017698 -0.065479 0.47843137 0.29019608 0.22745098
v -0.826694 0.017692 -0.065479 0.47450980 0.28235294 0.21960784
v -0.821649 0.017197 -0.065479 0.46666667 0.27450980 0.21568627
v 0.693849 0.052531 -0.065479 0.91372549 0.92156863 0.91764706
v -0.871333 0.022923 -0.068776 0.61568627 0.39607843 0.32156863
v -0.868563 0.025693 -0.067741 0.70196078 0.47058824 0.39607843
v -0.865792 0.028464 -0.068243 0.75686275 0.52941176 0.43529412
v -0.868563 0.020152 -0.068871 0.56470588 0.36078431 0.29411765
v -0.865792 0.022923 -0.066974 0.61568627 0.40000000 0.32156863
v -0.863022 0.020152 -0.067342 0.46666667 0.29019608 0.22745098
v -0.863022 0.025693 -0.066371 0.71372549 0.48235294 0.39607843
v -0.860251 0.022923 -0.065656 0.60000000 0.38823529 0.31372549
v -0.860251 0.017382 -0.069315 0.45098039 0.25882353 0.20000000
v -0.857480 0.020152 -0.066017 0.42745098 0.27450980 0.20000000
v -0.854710 0.017382 -0.068387 0.41960784 0.27058824 0.20392157
v 0.870255 0.020194 -0.069156 0.67058824 0.47450980 0.41568627
v -0.655279 0.067212 -0.066651 0.92156863 0.92156863 0.92549020
v -0.860251 0.028464 -0.066353 0.74509804 0.52941176 0.43529412
v -0.857480 0.031234 -0.067952 0.72156863 0.49411765 0.40000000
v -0.688478 0.006299 -0.066396 0.72941176 0.70588235 0.70588235
v -0.851939 0.031234 -0.065891 0.69803922 0.47058824 0.36862745
v -0.630792 0.069616 -0.065547 0.82352941 0.81176471 0.81960784
v -0.644149 0.000758 -0.069154 0.69803922 0.69019608 0.69411765
v -0.849169 0.017382 -0.067337 0.45882353 0.27843137 0.21176471
v -0.843628 0.017382 -0.067050 0.47058824 0.27058824 0.21568627
v -0.838087 0.017382 -0.067070 0.50980392 0.31764706 0.26666667
v -0.832546 0.017382 -0.069081 0.50980392 0.31764706 0.25490196
v -0.810381 0.017382 -0.069050 0.50196078 0.31372549 0.23921569
v -0.694132 0.056071 -0.068566 0.92549020 0.92549020 0.92549020
v 0.679111 0.000776 -0.069167 0.72941176 0.72156863 0.72549020
v 0.651382 0.056211 -0.068028 0.89411765 0.89019608 0.89411765
v 0.834287 0.017270 -0.065882 0.46666667 0.28627451 0.23529412
v 0.848207 0.030935 -0.067799 0.61568627 0.38823529 0.30588235
v 0.856427 0.028431 -0.066542 0.58039216 0.40000000 0.33333333
v 0.798247 0.014566 -0.067913 0.51764706 0.34117647 0.27450980
v 0.867488 0.022953 -0.067826 0.64313725 0.42745098 0.36078431
v 0.870263 0.025713 -0.068948 0.49803922 0.32549020 0.27450980
v 0.850867 0.017404 -0.067191 0.50196078 0.31372549 0.27450980
v 0.845334 0.017380 -0.066471 0.48627451 0.31372549 0.26274510
v 0.864735 0.025671 -0.067214 0.53333333 0.32549020 0.27058824
v 0.861948 0.017409 -0.068626 0.56078431 0.40392157 0.34117647
v 0.856410 0.017400 -0.068008 0.49019608 0.31764706 0.26274510
v 0.861987 0.028377 -0.068289 0.54117647 0.35686275 0.29411765
v 0.859175 0.020187 -0.066525 0.61960784 0.42745098 0.36470588
v 0.684629 0.050670 -0.068345 0.96470588 0.96470588 0.96078431
v 0.679088 0.050670 -0.067461 0.96078431 0.95686275 0.96078431
v 0.864716 0.020186 -0.067493 0.63921569 0.44705882 0.38431373
v 0.861949 0.022947 -0.066366 0.61568627 0.41176471 0.34117647
v 0.853633 0.020190 -0.065652 0.58431373 0.38823529 0.33725490
v 0.859198 0.025660 -0.066025 0.61568627 0.43137255 0.36470588
v 0.839810 0.017327 -0.066111 0.49803922 0.31372549 0.25098039
v -0.838774 0.034692 -0.065479 0.69803922 0.48627451 0.39215686
v -0.783117 0.012281 -0.065479 0.54901961 0.36862745 0.28627451
v -0.837050 0.035042 -0.065479 0.70588235 0.49019608 0.39215686
v -0.711639 0.005302 -0.065479 0.63137255 0.50588235 0.44313725
v -0.782279 0.012237 -0.065479 0.56862745 0.38431373 0.30196078
v -0.709615 0.005273 -0.065479 0.65098039 0.55294118 0.50588235
v -0.829414 0.036414 -0.065479 0.69411765 0.45098039 0.33725490
v -0.771813 0.012060 -0.065479 0.58039216 0.39607843 0.30980392
v -0.699712 0.006452 -0.065479 0.68235294 0.61568627 0.58823529
v -0.821300 0.017218 -0.065479 0.47058824 0.27843137 0.21960784
v -0.771351 0.012083 -0.065479 0.58823529 0.40000000 0.31764706
v -0.699323 0.006537 -0.065479 0.71372549 0.67058824 0.65882353
v -0.810512 0.017251 -0.065479 0.44705882 0.27058824 0.19607843
v -0.761101 0.012430 -0.065479 0.60000000 0.41176471 0.32549020
v -0.824216 0.036794 -0.065479 0.69803922 0.48627451 0.38823529
v -0.817819 0.035902 -0.065479 0.70196078 0.48235294 0.38431373
v -0.788580 0.039909 -0.065479 0.72941176 0.49803922 0.38823529
v -0.814218 0.035709 -0.065479 0.69019608 0.46666667 0.37254902
v -0.787532 0.040231 -0.065479 0.73333333 0.50196078 0.39215686
v -0.806976 0.036141 -0.065479 0.67058824 0.44313725 0.34509804
v -0.780088 0.042499 -0.065479 0.74117647 0.50980392 0.40000000
v -0.802170 0.036675 -0.065479 0.68627451 0.45882353 0.36078431
v -0.772221 0.044460 -0.065479 0.74509804 0.51764706 0.40784314
v -0.797304 0.037551 -0.065479 0.71764706 0.48627451 0.38431373
v -0.771187 0.044681 -0.065479 0.74901961 0.51764706 0.41176471
v 0.709392 0.003742 -0.065479 0.69411765 0.61960784 0.58823529
v -0.761812 0.046387 -0.065479 0.75294118 0.52156863 0.41176471
v 0.699177 0.004266 -0.065479 0.70980392 0.65490196 0.63137255
v -0.758902 0.046697 -0.065479 0.75294118 0.52156863 0.41568627
v 0.697452 0.004600 -0.065479 0.72941176 0.70196078 0.69019608
v 0.688928 0.005099 -0.065479 0.74509804 0.72549020 0.72549020
v 0.838748 0.032549 -0.065479 0.68235294 0.45490196 0.37647059
v 0.761965 0.044590 -0.065479 0.75294118 0.51764706 0.39607843
v 0.756411 0.045250 -0.065479 0.75686275 0.51764706 0.39607843
v 0.798342 0.014478 -0.065479 0.51372549 0.33725490 0.27058824
v 0.705693 0.051772 -0.065479 0.93725490 0.94117647 0.94901961
v 0.807383 0.016563 -0.065479 0.51764706 0.34117647 0.27843137
v -0.759896 0.012456 -0.065479 0.60784314 0.41960784 0.33333333
v 0.811784 0.017119 -0.065479 0.50980392 0.34117647 0.27843137
v 0.702778 0.052196 -0.065479 0.93725490 0.94117647 0.94117647
v -0.749972 0.012383 -0.065479 0.61176471 0.42745098 0.34117647
v 0.784224 0.011606 -0.065479 0.54901961 0.37254902 0.29411765
v -0.748966 0.012304 -0.065479 0.61568627 0.43137255 0.34509804
v 0.811174 0.034717 -0.065479 0.66274510 0.46274510 0.37254902
v 0.779519 0.011131 -0.065479 0.57647059 0.39215686 0.31372549
v -0.751955 0.047613 -0.065479 0.75294118 0.52549020 0.41960784
v 0.718504 0.050034 -0.065479 0.78039216 0.52156863 0.38431373
v 0.807732 0.034741 -0.065479 0.65882353 0.45098039 0.36078431
v 0.772310 0.010824 -0.065479 0.58823529 0.40392157 0.31764706
v -0.738965 0.011223 -0.065479 0.61568627 0.43921569 0.35294118
v 0.799279 0.035461 -0.065479 0.67450980 0.45098039 0.35294118
v 0.712661 0.050944 -0.065479 0.74509804 0.60784314 0.54509804
v 0.797707 0.035697 -0.065479 0.70588235 0.47058824 0.36470588
v -0.737483 0.010976 -0.065479 0.61568627 0.44705882 0.36470588
v 0.722356 0.049523 -0.065479 0.78039216 0.52941176 0.39215686
v 0.834454 0.033599 -0.065479 0.67843137 0.43137255 0.36078431
v -0.730093 0.009013 -0.065479 0.61568627 0.45882353 0.38431373
v 0.829807 0.034723 -0.065479 0.69803922 0.44705882 0.37254902
v 0.821399 0.035599 -0.065479 0.70980392 0.46666667 0.36862745
v -0.722797 0.007373 -0.065479 0.61568627 0.46666667 0.39607843
v -0.721072 0.006951 -0.065479 0.61960784 0.48235294 0.41568627
v -0.746065 0.048451 -0.065479 0.74901961 0.52549020 0.41960784
v 0.819394 0.035394 -0.065479 0.67843137 0.47058824 0.38431373
v -0.742241 0.048981 -0.065479 0.75294118 0.52549020 0.41960784
v -0.733304 0.050130 -0.065479 0.74901961 0.52549020 0.41960784
v -0.732455 0.050277 -0.065479 0.76078431 0.53333333 0.42745098
v 0.727629 0.007669 -0.065479 0.63529412 0.49411765 0.42745098
v -0.722674 0.051579 -0.065479 0.77647059 0.54509804 0.43529412
v 0.723868 0.006793 -0.065479 0.65098039 0.52941176 0.47058824
v -0.720467 0.051886 -0.065479 0.78039216 0.54509804 0.43529412
v 0.746443 0.011020 -0.065479 0.61568627 0.44705882 0.36470588
v -0.713101 0.053070 -0.065479 0.76470588 0.53725490 0.44313725
v 0.738369 0.010211 -0.065479 0.61960784 0.45882353 0.37647059
v 0.736494 0.009886 -0.065479 0.62352941 0.47058824 0.39215686
v -0.707299 0.053976 -0.065479 0.72941176 0.60784314 0.56078431
v 0.768633 0.010961 -0.065479 0.60392157 0.41960784 0.32941176
v -0.703691 0.054694 -0.065479 0.90196078 0.85882353 0.85098039
v 0.761491 0.011125 -0.065479 0.60392157 0.41960784 0.33333333
v 0.757299 0.011236 -0.065479 0.61176471 0.42745098 0.34117647
v 0.750509 0.011266 -0.065479 0.61176471 0.43137255 0.34509804
v 0.718791 0.005425 -0.065479 0.66666667 0.56862745 0.51764706
v 0.709757 0.003763 -0.065479 0.68627451 0.60392157 0.56470588
v 0.752023 0.045757 -0.065479 0.75686275 0.51764706 0.39607843
v 0.743627 0.046992 -0.065479 0.75686275 0.52156863 0.39607843
v 0.742285 0.047199 -0.065479 0.76078431 0.52156863 0.39607843
v 0.731201 0.048376 -0.065479 0.76862745 0.52156863 0.39215686
v 0.732209 0.048272 -0.065479 0.76078431 0.52156863 0.39607843
v 0.784657 0.039088 -0.065479 0.73725490 0.49803922 0.38431373
v 0.780026 0.040392 -0.065479 0.74901961 0.50980392 0.39215686
v 0.788736 0.037892 -0.065479 0.71764706 0.48235294 0.37254902
v 0.771231 0.042757 -0.065479 0.75294118 0.51372549 0.39607843
v 0.769633 0.043086 -0.065479 0.75686275 0.51372549 0.39607843
v -0.771594 0.011841 -0.068509 0.59215686 0.40392157 0.31764706
v -0.760512 0.011841 -0.069562 0.61176471 0.42352941 0.33725490
v -0.821464 0.017382 -0.071693 0.51372549 0.31764706 0.25098039
v -0.788217 0.039546 -0.067280 0.72941176 0.49803922 0.39215686
v -0.760512 0.045087 -0.071240 0.75294118 0.52156863 0.41960784
v -0.815922 0.034005 -0.072749 0.71372549 0.49803922 0.41176471
v -0.749429 0.011841 -0.068280 0.61960784 0.43529412 0.34901961
v -0.804840 0.034005 -0.071994 0.65882353 0.44313725 0.34509804
v -0.721724 0.006300 -0.070846 0.62352941 0.47843137 0.40784314
v -0.721724 0.050628 -0.069634 0.76862745 0.54509804 0.43137255
v 0.709564 0.003570 -0.067905 0.68235294 0.60784314 0.57254902
v 0.720649 0.047889 -0.072126 0.78431373 0.53333333 0.40392157
v 0.737269 0.009111 -0.070154 0.61960784 0.46274510 0.38823529
v 0.731751 0.047834 -0.067447 0.76470588 0.52549020 0.39607843
v 0.787261 0.036461 -0.071107 0.72549020 0.49019608 0.38039216
v 0.770600 0.042119 -0.068950 0.74901961 0.51372549 0.39607843
v -0.842055 0.024495 -0.061561 0.55686275 0.35686275 0.27058824
v -0.843196 0.028032 -0.061561 0.57254902 0.37254902 0.28235294
v -0.838177 0.022832 -0.061561 0.51764706 0.32549020 0.26274510
v -0.669863 0.002748 -0.061561 0.73725490 0.72941176 0.73725490
v -0.837915 0.022751 -0.061561 0.51372549 0.32156863 0.26274510
v -0.668239 0.002682 -0.061561 0.74117647 0.73333333 0.74117647
v -0.833749 0.021719 -0.061561 0.51372549 0.31764706 0.25490196
v -0.664439 0.002631 -0.061561 0.73333333 0.72941176 0.73333333
v -0.662619 0.002602 -0.061561 0.73725490 0.72941176 0.73725490
v -0.658892 0.002637 -0.061561 0.72941176 0.72156863 0.72549020
v -0.657160 0.002685 -0.061561 0.72549020 0.72156863 0.72549020
v -0.653549 0.002439 -0.061561 0.71764706 0.70980392 0.71372549
v -0.830851 0.021228 -0.061561 0.47058824 0.28627451 0.23137255
v -0.651113 0.002182 -0.061561 0.71372549 0.70588235 0.70980392
v -0.648459 0.001990 -0.061561 0.70588235 0.69803922 0.70196078
v -0.645066 0.001675 -0.061561 0.70196078 0.69411765 0.69803922
v -0.643389 0.001519 -0.061561 0.69803922 0.69019608 0.69411765
v -0.829007 0.020920 -0.061561 0.47058824 0.28235294 0.22352941
v -0.639066 0.001217 -0.061561 0.69803922 0.69019608 0.69411765
v -0.638215 0.001151 -0.061561 0.69411765 0.68627451 0.69019608
v -0.827220 0.033790 -0.061561 0.70980392 0.47450980 0.35686275
v -0.826785 0.033786 -0.061561 0.70980392 0.47450980 0.35686275
v -0.824431 0.020349 -0.061561 0.47058824 0.27450980 0.20392157
v -0.633165 0.000660 -0.061561 0.69411765 0.69019608 0.69019608
v -0.632948 0.000639 -0.061561 0.69411765 0.69019608 0.69411765
v -0.824064 0.020322 -0.061561 0.45882353 0.26666667 0.19607843
v -0.627977 0.000307 -0.061561 0.69803922 0.69019608 0.69411765
v -0.819071 0.020530 -0.061561 0.47843137 0.29019608 0.23137255
v -0.650513 0.066437 -0.061561 0.91764706 0.92156863 0.93333333
v -0.818334 0.020511 -0.061561 0.47843137 0.29411765 0.23921569
v -0.649024 0.066481 -0.061561 0.91764706 0.92156863 0.92941176
v -0.644832 0.066594 -0.061561 0.90980392 0.91372549 0.92156863
v -0.693667 0.056541 -0.061561 0.92549020 0.92941176 0.93725490
v -0.689652 0.057131 -0.061561 0.92156863 0.92941176 0.93725490
v -0.687321 0.057342 -0.061561 0.92941176 0.93725490 0.94117647
v -0.684933 0.057941 -0.061561 0.92941176 0.93333333 0.94117647
v -0.643796 0.066611 -0.061561 0.90980392 0.90588235 0.91764706
v -0.680656 0.059224 -0.061561 0.92549020 0.92941176 0.93333333
v -0.639310 0.066583 -0.061561 0.87058824 0.86274510 0.87450980
v -0.638443 0.066702 -0.061561 0.87450980 0.86274510 0.87450980
v -0.634188 0.067781 -0.061561 0.83529412 0.83137255 0.83529412
v -0.679657 0.059464 -0.061561 0.92941176 0.93333333 0.93725490
v -0.631818 0.068585 -0.061561 0.82745098 0.81960784 0.82745098
v -0.630274 0.069127 -0.061561 0.83529412 0.82745098 0.83529412
v -0.676305 0.060439 -0.061561 0.92549020 0.92941176 0.92941176
v -0.672206 0.061367 -0.061561 0.91764706 0.91372549 0.91372549
v -0.671758 0.061510 -0.061561 0.91764706 0.91372549 0.91372549
v -0.668151 0.063455 -0.061561 0.92549020 0.92549020 0.92156863
v -0.664206 0.065055 -0.061561 0.93333333 0.92941176 0.92941176
v -0.662654 0.065377 -0.061561 0.93725490 0.93333333 0.93333333
v -0.659328 0.065769 -0.061561 0.93333333 0.93333333 0.93725490
v -0.656426 0.066060 -0.061561 0.92941176 0.92941176 0.93725490
v -0.654280 0.066268 -0.061561 0.92549020 0.92549020 0.93333333
v -0.688415 0.006362 -0.061561 0.73333333 0.71372549 0.71372549
v -0.684373 0.004863 -0.061561 0.73725490 0.72156863 0.72156863
v -0.680332 0.003363 -0.061561 0.73725490 0.72549020 0.72941176
v -0.679932 0.003295 -0.061561 0.74117647 0.73333333 0.73725490
v -0.675215 0.002939 -0.061561 0.74117647 0.72941176 0.73725490
v -0.673976 0.002880 -0.061561 0.73725490 0.73333333 0.73725490
v 0.650229 -0.003588 -0.061561 0.70588235 0.69803922 0.70980392
v 0.646274 -0.004309 -0.061561 0.70980392 0.70196078 0.70980392
v 0.668453 0.000352 -0.061561 0.71372549 0.70588235 0.71372549
v 0.667222 0.000017 -0.061561 0.70980392 0.70196078 0.71372549
v 0.664121 -0.000857 -0.061561 0.70196078 0.69803922 0.70588235
v 0.659924 -0.001740 -0.061561 0.67843137 0.67058824 0.67843137
v 0.630004 0.060966 -0.061561 0.93333333 0.92941176 0.93725490
v 0.628410 0.060944 -0.061561 0.92941176 0.92549020 0.93333333
v 0.624327 0.061101 -0.061561 0.93333333 0.92549020 0.93333333
v 0.654796 -0.002614 -0.061561 0.69803922 0.69019608 0.70196078
v 0.653147 -0.002976 -0.061561 0.70588235 0.69803922 0.70980392
v 0.642928 0.059124 -0.061561 0.90196078 0.89803922 0.90588235
v 0.659544 -0.001821 -0.061561 0.69019608 0.68235294 0.69019608
v 0.638633 0.060085 -0.061561 0.93725490 0.93333333 0.94117647
v 0.635918 0.060593 -0.061561 0.94117647 0.93725490 0.94509804
v 0.633861 0.060854 -0.061561 0.94117647 0.93725490 0.94509804
v 0.640886 -0.005327 -0.061561 0.70196078 0.69411765 0.70588235
v 0.643165 0.059076 -0.061561 0.89803922 0.89411765 0.90196078
v 0.639525 -0.005516 -0.061561 0.69803922 0.69411765 0.70196078
v 0.636001 -0.005984 -0.061561 0.70196078 0.69411765 0.70196078
v 0.633142 -0.006358 -0.061561 0.70196078 0.69803922 0.70588235
v 0.645542 -0.004442 -0.061561 0.70196078 0.69803922 0.70588235
v 0.631061 -0.006584 -0.061561 0.70588235 0.70196078 0.70980392
v 0.677734 0.002154 -0.061561 0.72941176 0.72156863 0.72941176
v 0.674104 0.001358 -0.061561 0.72156863 0.71372549 0.72156863
v 0.627216 -0.006743 -0.061561 0.70980392 0.70588235 0.71372549
v 0.625788 -0.006852 -0.061561 0.70980392 0.70588235 0.71372549
v 0.685634 0.005336 -0.061561 0.74901961 0.73725490 0.74117647
v 0.673225 0.001121 -0.061561 0.71372549 0.70980392 0.71764706
v 0.682614 0.004327 -0.061561 0.74901961 0.74117647 0.74901961
v 0.681607 0.003821 -0.061561 0.74117647 0.73333333 0.74117647
v 0.658145 0.054993 -0.061561 0.92549020 0.91764706 0.92549020
v 0.656237 0.055480 -0.061561 0.92549020 0.91764706 0.92549020
v 0.651926 0.056719 -0.061561 0.88235294 0.87843137 0.88627451
v 0.650482 0.057111 -0.061561 0.86666667 0.85882353 0.86666667
v 0.647498 0.057867 -0.061561 0.83921569 0.83921569 0.84313725
v 0.677779 0.051978 -0.061561 0.96078431 0.95686275 0.95686275
v 0.675206 0.052285 -0.061561 0.95686275 0.95294118 0.95294118
v 0.680237 0.051819 -0.061561 0.96470588 0.95686275 0.95686275
v 0.671351 0.052868 -0.061561 0.94901961 0.94509804 0.94901961
v 0.670381 0.052998 -0.061561 0.94509804 0.94117647 0.94509804
v 0.665570 0.053729 -0.061561 0.92549020 0.92156863 0.92549020
v 0.664829 0.053849 -0.061561 0.92549020 0.91764706 0.92549020
v 0.660806 0.054505 -0.061561 0.92156863 0.91764706 0.92156863
v 0.834735 0.022452 -0.061561 0.57647059 0.37647059 0.30980392
v 0.833309 0.021983 -0.061561 0.54901961 0.35686275 0.29411765
v 0.829901 0.021742 -0.061561 0.53725490 0.34901961 0.27450980
v 0.827284 0.021536 -0.061561 0.51372549 0.33725490 0.25882353
v 0.820536 0.020036 -0.061561 0.52941176 0.35294118 0.28627451
v 0.820156 0.019950 -0.061561 0.50980392 0.34117647 0.27450980
v 0.825071 0.021040 -0.061561 0.54509804 0.36078431 0.28235294
v 0.815317 0.019715 -0.061561 0.49803922 0.30980392 0.25098039
v 0.793862 0.013382 -0.061561 0.51372549 0.34117647 0.27058824
v 0.790605 0.012401 -0.061561 0.52156863 0.34901961 0.27450980
v 0.797868 0.014928 -0.061561 0.50980392 0.33725490 0.26666667
v 0.789546 0.012150 -0.061561 0.53333333 0.36078431 0.28627451
v 0.799179 0.015472 -0.061561 0.50980392 0.33725490 0.26666667
v 0.683561 0.051737 -0.061561 0.96078431 0.95686275 0.96078431
v 0.693528 0.052852 -0.061561 0.92549020 0.92941176 0.92156863
v 0.692362 0.052862 -0.061561 0.93333333 0.93333333 0.92941176
v 0.688408 0.052431 -0.061561 0.95294118 0.94901961 0.94509804
v 0.686071 0.052112 -0.061561 0.96078431 0.95686275 0.95686275
v -0.857480 0.025693 -0.064847 0.64313725 0.41960784 0.33333333
v -0.854710 0.028464 -0.064157 0.65882353 0.43921569 0.33725490
v -0.638608 0.000758 -0.064087 0.69411765 0.69019608 0.69411765
v -0.854710 0.022923 -0.064338 0.58039216 0.36862745 0.29411765
v -0.851939 0.020152 -0.064819 0.46274510 0.28627451 0.21176471
v -0.649747 0.067204 -0.063085 0.91764706 0.92156863 0.92941176
v -0.851939 0.025693 -0.063228 0.62352941 0.40392157 0.31372549
v -0.644305 0.067122 -0.062576 0.91372549 0.90980392 0.92156863
v -0.849169 0.022923 -0.063005 0.51764706 0.34117647 0.25882353
v -0.846398 0.020152 -0.063947 0.43529412 0.27450980 0.19215686
v -0.846398 0.025693 -0.062118 0.75294118 0.51764706 0.39215686
v -0.638887 0.067021 -0.063280 0.88235294 0.87450980 0.88235294
v -0.843628 0.022923 -0.062120 0.50588235 0.32941176 0.24705882
v -0.840857 0.020152 -0.063340 0.43529412 0.27058824 0.19607843
v -0.843628 0.028464 -0.061641 0.76862745 0.53333333 0.40392157
v -0.835316 0.020152 -0.062745 0.45882353 0.28235294 0.22745098
v -0.829775 0.020152 -0.062185 0.43921569 0.25882353 0.20392157
v -0.827005 0.034005 -0.061678 0.67058824 0.49411765 0.39215686
v -0.824234 0.020152 -0.061715 0.45098039 0.25882353 0.19215686
v -0.821464 0.017382 -0.064958 0.41176471 0.21960784 0.17647059
v -0.818693 0.020152 -0.061875 0.47058824 0.28627451 0.23137255
v -0.671910 0.061663 -0.064095 0.91764706 0.91764706 0.91372549
v -0.663587 0.064443 -0.065350 0.91764706 0.91372549 0.91764706
v -0.655279 0.067212 -0.065477 0.92549020 0.92549020 0.93333333
v -0.688478 0.006299 -0.062961 0.72549020 0.70196078 0.69803922
v 0.645841 -0.004741 -0.065079 0.70196078 0.69803922 0.70588235
v 0.643071 0.058981 -0.063454 0.89019608 0.89019608 0.89803922
v 0.659694 -0.001971 -0.062554 0.69411765 0.69019608 0.69803922
v 0.673547 0.000800 -0.063006 0.71372549 0.70588235 0.71372549
v 0.681858 0.003570 -0.063907 0.74117647 0.73333333 0.73725490
v 0.665235 0.053440 -0.065174 0.92549020 0.92156863 0.92941176
v 0.828717 0.017361 -0.065344 0.46666667 0.29019608 0.23529412
v 0.823161 0.017406 -0.064937 0.45490196 0.30196078 0.25098039
v 0.825931 0.020178 -0.062180 0.51764706 0.34117647 0.26666667
v 0.848104 0.020153 -0.064552 0.60000000 0.39607843 0.33725490
v 0.856406 0.022954 -0.065273 0.61176471 0.40784314 0.34117647
v 0.850871 0.022934 -0.064202 0.56078431 0.34901961 0.28627451
v 0.853641 0.025708 -0.064785 0.51764706 0.30980392 0.23921569
v 0.837025 0.020143 -0.062619 0.56078431 0.36078431 0.30980392
v 0.842567 0.020141 -0.063817 0.58039216 0.38823529 0.32549020
v 0.845329 0.022938 -0.063473 0.54509804 0.35294118 0.28627451
v 0.839797 0.022909 -0.062291 0.58823529 0.38431373 0.30980392
v 0.842585 0.025629 -0.061969 0.53725490 0.34117647 0.26274510
v 0.831485 0.020139 -0.062479 0.52549020 0.33333333 0.27450980
v 0.848124 0.025634 -0.063697 0.50980392 0.30588235 0.23529412
v 0.850897 0.028400 -0.065166 0.49803922 0.29019608 0.22352941
v 0.845379 0.028330 -0.063630 0.59215686 0.40392157 0.33333333
v 0.817618 0.017414 -0.064391 0.45098039 0.32549020 0.25882353
v 0.798246 0.014570 -0.063957 0.50980392 0.33725490 0.27058824
v -0.693907 0.055868 -0.057643 0.94117647 0.94117647 0.94901961
v -0.669142 0.003471 -0.057643 0.72941176 0.72549020 0.72941176
v -0.669019 0.003465 -0.057643 0.73333333 0.72549020 0.72941176
v -0.689013 0.056520 -0.057643 0.93725490 0.94509804 0.95294118
v -0.663859 0.003212 -0.057643 0.72941176 0.72156863 0.72549020
v -0.688049 0.056609 -0.057643 0.93725490 0.94509804 0.94901961
v -0.663209 0.003196 -0.057643 0.72941176 0.72156863 0.72549020
v -0.684314 0.057401 -0.057643 0.93333333 0.94117647 0.94509804
v -0.658657 0.002874 -0.057643 0.72156863 0.71764706 0.72156863
v -0.680398 0.058722 -0.057643 0.93725490 0.94117647 0.94509804
v -0.680205 0.058797 -0.057643 0.93725490 0.94117647 0.94509804
v -0.676016 0.060168 -0.057643 0.91764706 0.92156863 0.91764706
v -0.657243 0.002770 -0.057643 0.72156863 0.71372549 0.71764706
v -0.672120 0.061876 -0.057643 0.92156863 0.91764706 0.91764706
v -0.653245 0.002745 -0.057643 0.71372549 0.70588235 0.70980392
v -0.671267 0.062306 -0.057643 0.92941176 0.92549020 0.91764706
v -0.668263 0.063567 -0.057643 0.93725490 0.93725490 0.93725490
v -0.651645 0.002714 -0.057643 0.70980392 0.70588235 0.70588235
v -0.663760 0.064606 -0.057643 0.93725490 0.93725490 0.93725490
v -0.663316 0.064716 -0.057643 0.93725490 0.93725490 0.94117647
v -0.658180 0.064618 -0.057643 0.92549020 0.92941176 0.93333333
v -0.648019 0.002430 -0.057643 0.70588235 0.69803922 0.70196078
v -0.657911 0.064575 -0.057643 0.92549020 0.92941176 0.93333333
v -0.652589 0.064496 -0.057643 0.92549020 0.92941176 0.93725490
v -0.652459 0.064492 -0.057643 0.92156863 0.92549020 0.93725490
v -0.645660 0.002270 -0.057643 0.70196078 0.69411765 0.69803922
v -0.688053 0.006724 -0.057643 0.73725490 0.71764706 0.72156863
v -0.683993 0.005243 -0.057643 0.73725490 0.72549020 0.72549020
v -0.642814 0.002094 -0.057643 0.70196078 0.69019608 0.69411765
v -0.681132 0.004495 -0.057643 0.73725490 0.72549020 0.72941176
v -0.639778 0.001928 -0.057643 0.69803922 0.69019608 0.69019608
v -0.679520 0.004175 -0.057643 0.73725490 0.72549020 0.72941176
v -0.637476 0.065753 -0.057643 0.85490196 0.84313725 0.85490196
v -0.633443 0.067101 -0.057643 0.82745098 0.81568627 0.82352941
v -0.674817 0.003721 -0.057643 0.72941176 0.72156863 0.72941176
v -0.633166 0.067203 -0.057643 0.81960784 0.81176471 0.81568627
v -0.637587 0.001779 -0.057643 0.69411765 0.68627451 0.69019608
v -0.674450 0.003704 -0.057643 0.72549020 0.71764706 0.72156863
v -0.629384 0.068403 -0.057643 0.87058824 0.85882353 0.86666667
v -0.633502 0.001194 -0.057643 0.69411765 0.68627451 0.69019608
v -0.632721 0.001105 -0.057643 0.69411765 0.68627451 0.69019608
v -0.627673 0.000611 -0.057643 0.69803922 0.69019608 0.69019608
v -0.647081 0.064328 -0.057643 0.91764706 0.92156863 0.92941176
v -0.646858 0.064317 -0.057643 0.91764706 0.92156863 0.92941176
v -0.641753 0.064565 -0.057643 0.89019608 0.88627451 0.89411765
v -0.641226 0.064661 -0.057643 0.89411765 0.89019608 0.89803922
v 0.649479 -0.002838 -0.057643 0.71764706 0.70980392 0.72156863
v 0.647263 -0.003319 -0.057643 0.71372549 0.70980392 0.71764706
v 0.663115 0.000150 -0.057643 0.70980392 0.70196078 0.71372549
v 0.661461 -0.000204 -0.057643 0.69411765 0.68627451 0.69803922
v 0.667623 0.001182 -0.057643 0.72549020 0.71764706 0.72941176
v 0.676609 0.003279 -0.057643 0.73725490 0.73333333 0.74117647
v 0.658583 -0.000859 -0.057643 0.68627451 0.67843137 0.69019608
v 0.675839 0.003092 -0.057643 0.74117647 0.73333333 0.74509804
v 0.654443 -0.001680 -0.057643 0.71764706 0.70588235 0.71764706
v 0.653969 -0.001787 -0.057643 0.72156863 0.71372549 0.72549020
v 0.685297 0.005673 -0.057643 0.76078431 0.74901961 0.75686275
v 0.630382 0.060587 -0.057643 0.92941176 0.92549020 0.93333333
v 0.640408 -0.004849 -0.057643 0.69803922 0.69411765 0.70196078
v 0.627528 0.060062 -0.057643 0.92941176 0.92549020 0.93333333
v 0.625666 0.059763 -0.057643 0.92941176 0.92156863 0.92941176
v 0.640145 -0.004897 -0.057643 0.69803922 0.69019608 0.70196078
v 0.682685 0.004397 -0.057643 0.76078431 0.75294118 0.76078431
v 0.642990 0.059062 -0.057643 0.91372549 0.90980392 0.91764706
v 0.635565 -0.005547 -0.057643 0.69803922 0.69019608 0.70196078
v 0.638152 0.059604 -0.057643 0.93725490 0.93333333 0.94117647
v 0.633804 -0.005696 -0.057643 0.69803922 0.69411765 0.70196078
v 0.681496 0.003933 -0.057643 0.75294118 0.74509804 0.75294118
v 0.636717 0.059794 -0.057643 0.94117647 0.93725490 0.94509804
v 0.644931 -0.003831 -0.057643 0.70588235 0.69803922 0.70980392
v 0.633325 0.060318 -0.057643 0.93333333 0.92941176 0.93725490
v 0.630547 -0.006070 -0.057643 0.70588235 0.70196078 0.70980392
v 0.643132 0.059043 -0.057643 0.90980392 0.90588235 0.91372549
v 0.672190 0.002156 -0.057643 0.73333333 0.72941176 0.73725490
v 0.668548 0.001343 -0.057643 0.72941176 0.72156863 0.72941176
v 0.657984 0.055154 -0.057643 0.91764706 0.91372549 0.91764706
v 0.627666 -0.006293 -0.057643 0.71764706 0.71372549 0.72549020
v 0.656379 0.055614 -0.057643 0.91372549 0.91372549 0.91764706
v 0.651828 0.056618 -0.057643 0.87843137 0.87450980 0.88235294
v 0.650587 0.057009 -0.057643 0.85882353 0.85490196 0.86274510
v 0.647608 0.057977 -0.057643 0.84313725 0.83921569 0.84705882
v 0.677781 0.051979 -0.057643 0.96078431 0.95686275 0.95686275
v 0.675082 0.052149 -0.057643 0.95686275 0.95294118 0.95294118
v 0.680565 0.052105 -0.057643 0.96470588 0.95686275 0.95686275
v 0.671761 0.052459 -0.057643 0.94901961 0.94509804 0.94509804
v 0.793353 0.013854 -0.057643 0.51372549 0.34509804 0.27058824
v 0.790893 0.012638 -0.057643 0.52156863 0.34901961 0.27450980
v 0.670092 0.052696 -0.057643 0.94117647 0.93333333 0.94117647
v 0.665664 0.053814 -0.057643 0.91764706 0.91764706 0.91764706
v 0.797038 0.015725 -0.057643 0.51372549 0.34117647 0.26666667
v 0.664707 0.053972 -0.057643 0.92156863 0.91372549 0.91764706
v 0.789595 0.012091 -0.057643 0.52941176 0.35294118 0.27843137
v 0.660776 0.054464 -0.057643 0.92156863 0.91372549 0.92156863
v 0.800356 0.017933 -0.057643 0.51764706 0.34117647 0.26666667
v 0.803111 0.020747 -0.057643 0.52549020 0.34509804 0.27058824
v 0.683139 0.052159 -0.057643 0.96470588 0.95686275 0.95686275
v 0.693211 0.053169 -0.057643 0.92941176 0.92549020 0.92156863
v 0.692648 0.053148 -0.057643 0.92941176 0.92941176 0.92549020
v 0.688366 0.052474 -0.057643 0.95294118 0.94901961 0.94509804
v 0.686268 0.052309 -0.057643 0.96078431 0.95686275 0.95686275
v -0.694370 0.055831 -0.057643 0.93725490 0.93725490 0.94901961
v -0.699414 0.006445 -0.057643 0.69803922 0.64705882 0.62745098
v -0.694907 0.007187 -0.057643 0.71372549 0.67843137 0.67058824
v -0.693008 0.007310 -0.057643 0.72549020 0.69803922 0.69411765
v -0.689151 0.006963 -0.057643 0.72941176 0.70980392 0.70980392
v 0.689666 0.005837 -0.057643 0.75294118 0.73725490 0.73725490
v -0.840857 0.025693 -0.061328 0.74509804 0.50980392 0.38431373
v -0.838087 0.022923 -0.061517 0.55294118 0.34901961 0.27843137
v -0.633067 0.000758 -0.060559 0.69411765 0.68627451 0.69019608
v -0.835316 0.025693 -0.060396 0.72156863 0.48235294 0.36862745
v -0.832546 0.022923 -0.060868 0.50980392 0.31764706 0.25490196
v -0.646975 0.064434 -0.057823 0.91764706 0.92156863 0.92941176
v -0.832546 0.028464 -0.060024 0.63137255 0.41176471 0.31764706
v -0.829775 0.025693 -0.059751 0.51764706 0.32941176 0.25490196
v -0.827005 0.022923 -0.060209 0.49411765 0.30196078 0.23921569
v -0.829775 0.031234 -0.060338 0.74117647 0.51764706 0.40000000
v -0.827004 0.028464 -0.059215 0.56078431 0.36862745 0.27843137
v -0.824234 0.025693 -0.059078 0.51372549 0.32549020 0.24705882
v -0.824234 0.031234 -0.060209 0.72941176 0.50588235 0.38431373
v -0.821463 0.028464 -0.058621 0.54509804 0.34509804 0.26666667
v -0.821463 0.022923 -0.059697 0.47843137 0.29019608 0.21960784
v -0.818693 0.025693 -0.059059 0.51372549 0.31372549 0.23529412
v -0.815922 0.022923 -0.059614 0.49411765 0.32156863 0.25490196
v -0.694129 0.056073 -0.058619 0.93333333 0.93333333 0.94117647
v -0.680267 0.058853 -0.058103 0.93725490 0.94117647 0.94117647
v -0.671909 0.061664 -0.058996 0.91764706 0.91764706 0.91764706
v -0.680166 0.003529 -0.060570 0.73725490 0.72549020 0.72941176
v -0.674625 0.003529 -0.058301 0.73333333 0.72549020 0.73333333
v 0.668005 0.000800 -0.059308 0.71764706 0.70980392 0.72156863
v 0.654153 -0.001971 -0.058434 0.70588235 0.69803922 0.70980392
v 0.834245 0.022943 -0.061378 0.64705882 0.42352941 0.34117647
v 0.828703 0.022946 -0.061131 0.54509804 0.35686275 0.27450980
v 0.831479 0.025700 -0.060531 0.55294118 0.36078431 0.27450980
v 0.820389 0.020183 -0.061465 0.56470588 0.37647059 0.30196078
v 0.823163 0.022942 -0.060535 0.52941176 0.34117647 0.26274510
v 0.814848 0.020181 -0.061316 0.51372549 0.32549020 0.25882353
v 0.817617 0.022958 -0.060208 0.52156863 0.33333333 0.25882353
v 0.820393 0.025710 -0.059368 0.48627451 0.30196078 0.23529412
v 0.801026 0.017311 -0.059469 0.50196078 0.32941176 0.26274510
v 0.803798 0.020082 -0.058814 0.42745098 0.26666667 0.21960784
v 0.825934 0.025711 -0.060324 0.52156863 0.32941176 0.25098039
v 0.828707 0.028476 -0.060760 0.65882353 0.43529412 0.35294118
v 0.823187 0.028411 -0.060243 0.67058824 0.45490196 0.37254902
v 0.825959 0.031179 -0.061053 0.63137255 0.44705882 0.39215686
v -0.806293 0.021470 -0.057643 0.51372549 0.32156863 0.24313725
v -0.712124 0.004818 -0.057643 0.62352941 0.49803922 0.43921569
v -0.810348 0.028431 -0.057643 0.56862745 0.32549020 0.22745098
v -0.792276 0.013322 -0.057643 0.53725490 0.35686275 0.27843137
v -0.803743 0.032908 -0.057643 0.65098039 0.40392157 0.30196078
v -0.782997 0.012161 -0.057643 0.54901961 0.36862745 0.28627451
v -0.709238 0.004895 -0.057643 0.63529412 0.53333333 0.48235294
v -0.800122 0.016558 -0.057643 0.51372549 0.32941176 0.25098039
v -0.782366 0.012151 -0.057643 0.56078431 0.38039216 0.29803922
v -0.699644 0.006384 -0.057643 0.66666667 0.59607843 0.56078431
v -0.796954 0.015037 -0.057643 0.52156863 0.34117647 0.26274510
v -0.771952 0.012199 -0.057643 0.57647059 0.39215686 0.30588235
v -0.771192 0.012242 -0.057643 0.58431373 0.40000000 0.31372549
v -0.796604 0.036850 -0.057643 0.72549020 0.49019608 0.37254902
v -0.789017 0.040346 -0.057643 0.72941176 0.49803922 0.38431373
v -0.761445 0.012774 -0.057643 0.59607843 0.40784314 0.32156863
v -0.786355 0.041408 -0.057643 0.73725490 0.50196078 0.39215686
v -0.780961 0.043372 -0.057643 0.74509804 0.50980392 0.40000000
v 0.709809 0.003325 -0.057643 0.69019608 0.59607843 0.54901961
v 0.709321 0.003328 -0.057643 0.70196078 0.62352941 0.58431373
v -0.772124 0.045617 -0.057643 0.74901961 0.51372549 0.40392157
v 0.699372 0.004461 -0.057643 0.71764706 0.65882353 0.63137255
v 0.696996 0.005056 -0.057643 0.74509804 0.71764706 0.70980392
v -0.770773 0.045908 -0.057643 0.74901961 0.51764706 0.40392157
v 0.762935 0.045566 -0.057643 0.75686275 0.51764706 0.39607843
v 0.755129 0.046533 -0.057643 0.75686275 0.51764706 0.39607843
v 0.803157 0.030370 -0.057643 0.62352941 0.41568627 0.31764706
v 0.704861 0.052606 -0.057643 0.94117647 0.94117647 0.94509804
v 0.703423 0.052779 -0.057643 0.93725490 0.93333333 0.93725490
v 0.717410 0.051118 -0.057643 0.72941176 0.50980392 0.40784314
v 0.796063 0.034263 -0.057643 0.69019608 0.45098039 0.34509804
v -0.762780 0.047355 -0.057643 0.75294118 0.51764706 0.40784314
v 0.784137 0.011481 -0.057643 0.54509804 0.36862745 0.29019608
v -0.757645 0.047954 -0.057643 0.75686275 0.52156863 0.41176471
v 0.779570 0.011064 -0.057643 0.56862745 0.38823529 0.30196078
v 0.713553 0.051692 -0.057643 0.80784314 0.70196078 0.64313725
v 0.772379 0.010849 -0.057643 0.58039216 0.39607843 0.31372549
v -0.759550 0.012802 -0.057643 0.60392157 0.41960784 0.33333333
v 0.723266 0.050330 -0.057643 0.77254902 0.52549020 0.38823529
v -0.750065 0.012476 -0.057643 0.61176471 0.42745098 0.34117647
v 0.728412 0.006886 -0.057643 0.63921569 0.49411765 0.41568627
v -0.748898 0.012372 -0.057643 0.61176471 0.43137255 0.34509804
v 0.722526 0.005450 -0.057643 0.65490196 0.52941176 0.46666667
v -0.752968 0.048626 -0.057643 0.75686275 0.52549020 0.41568627
v 0.746563 0.010896 -0.057643 0.61960784 0.44705882 0.36078431
v -0.739344 0.010844 -0.057643 0.61176471 0.43529412 0.34901961
v 0.737797 0.009640 -0.057643 0.62352941 0.45882353 0.37647059
v -0.736708 0.010201 -0.057643 0.61176471 0.43921569 0.35686275
v 0.736929 0.009451 -0.057643 0.63137255 0.47450980 0.40000000
v -0.730741 0.008364 -0.057643 0.60784314 0.45098039 0.37647059
v 0.768568 0.010999 -0.057643 0.59215686 0.40784314 0.32156863
v -0.721791 0.006232 -0.057643 0.60784314 0.45882353 0.38823529
v 0.761663 0.011284 -0.057643 0.60000000 0.41568627 0.32941176
v -0.721614 0.006190 -0.057643 0.60784314 0.47058824 0.40000000
v 0.757121 0.011401 -0.057643 0.60784314 0.42352941 0.33725490
v 0.750478 0.011222 -0.057643 0.61568627 0.43529412 0.34901961
v -0.744861 0.049656 -0.057643 0.75686275 0.52549020 0.41960784
v -0.743142 0.049882 -0.057643 0.76078431 0.52941176 0.42352941
v 0.719525 0.004691 -0.057643 0.67450980 0.56470588 0.50980392
v -0.733300 0.051122 -0.057643 0.76078431 0.53333333 0.42352941
v -0.732210 0.051224 -0.057643 0.76470588 0.53333333 0.42352941
v 0.753057 0.046791 -0.057643 0.75686275 0.51764706 0.39607843
v -0.723516 0.052392 -0.057643 0.76078431 0.53725490 0.42352941
v 0.743138 0.047995 -0.057643 0.75686275 0.51764706 0.39215686
v -0.719386 0.052968 -0.057643 0.77647059 0.52941176 0.42352941
v 0.730057 0.049506 -0.057643 0.76470588 0.52156863 0.39215686
v -0.713885 0.053814 -0.057643 0.79607843 0.52941176 0.41960784
v 0.742522 0.048079 -0.057643 0.75686275 0.51764706 0.39215686
v 0.733218 0.049177 -0.057643 0.76078431 0.52156863 0.39215686
v -0.706613 0.054667 -0.057643 0.78823529 0.67450980 0.63529412
v 0.783393 0.040379 -0.057643 0.74901961 0.50980392 0.39215686
v -0.704011 0.054940 -0.057643 0.89019608 0.84313725 0.83137255
v 0.780854 0.041244 -0.057643 0.75294118 0.50980392 0.39607843
v 0.788908 0.038167 -0.057643 0.72549020 0.48627451 0.37647059
v 0.772100 0.043659 -0.057643 0.75686275 0.51764706 0.39607843
v 0.768235 0.044506 -0.057643 0.75686275 0.51764706 0.39607843
v -0.771594 0.045087 -0.062961 0.74901961 0.51372549 0.40784314
v -0.838087 0.034005 -0.064182 0.67843137 0.48235294 0.38431373
v -0.810381 0.017382 -0.065083 0.44313725 0.27058824 0.19215686
v -0.815922 0.034005 -0.061494 0.69019608 0.44705882 0.33725490
v -0.721724 0.006300 -0.057871 0.61176471 0.47058824 0.40000000
v -0.810381 0.028464 -0.057654 0.54117647 0.32156863 0.23137255
v 0.709564 0.003570 -0.059601 0.69411765 0.61176471 0.57254902
v -0.804840 0.034005 -0.058881 0.66666667 0.41960784 0.31764706
v -0.732806 0.050628 -0.063189 0.76078431 0.53333333 0.42352941
v 0.837067 0.031104 -0.063274 0.60784314 0.42745098 0.36470588
v 0.809348 0.025597 -0.058248 0.51764706 0.34509804 0.25490196
v 0.814870 0.031201 -0.060045 0.64313725 0.45098039 0.35686275
v 0.803828 0.031081 -0.058306 0.63921569 0.42745098 0.32941176
v 0.742869 0.047736 -0.061412 0.75686275 0.51764706 0.39607843
v -0.692277 0.054284 -0.053725 0.94509804 0.94509804 0.95294118
v -0.690638 0.054019 -0.053725 0.94117647 0.94117647 0.94901961
v -0.687334 0.054893 -0.053725 0.93333333 0.94117647 0.94509804
v -0.683731 0.056855 -0.053725 0.94117647 0.95294118 0.95686275
v -0.682101 0.057014 -0.053725 0.93725490 0.94509804 0.95294118
v -0.679539 0.058159 -0.053725 0.93333333 0.93333333 0.94509804
v -0.675605 0.059766 -0.053725 0.91372549 0.90980392 0.92156863
v -0.695590 0.054606 -0.053725 0.94509804 0.94509804 0.95294118
v -0.672965 0.060608 -0.053725 0.92549020 0.92156863 0.93333333
v -0.671166 0.060930 -0.053725 0.93333333 0.93333333 0.94509804
v -0.647263 0.003186 -0.053725 0.70196078 0.69411765 0.69411765
v -0.666456 0.061757 -0.053725 0.94509804 0.94117647 0.94901961
v -0.646568 0.003178 -0.053725 0.70196078 0.69411765 0.69803922
v -0.666283 0.061749 -0.053725 0.94509804 0.94509804 0.95294118
v -0.641678 0.003229 -0.053725 0.69803922 0.69019608 0.69411765
v -0.641032 0.003182 -0.053725 0.69411765 0.68627451 0.69019608
v -0.661712 0.060775 -0.053725 0.92941176 0.93333333 0.94117647
v -0.660107 0.060992 -0.053725 0.92549020 0.92549020 0.93725490
v -0.636669 0.002697 -0.053725 0.69019608 0.68235294 0.68235294
v -0.655350 0.061789 -0.053725 0.91764706 0.92156863 0.92941176
v -0.634641 0.002333 -0.053725 0.69019608 0.68235294 0.68627451
v -0.655147 0.061798 -0.053725 0.91764706 0.92156863 0.93333333
v -0.631853 0.001973 -0.053725 0.69411765 0.68627451 0.69019608
v -0.636191 0.064512 -0.053725 0.84705882 0.83529412 0.84705882
v -0.635162 0.065187 -0.053725 0.83921569 0.82745098 0.83529412
v -0.699406 0.006449 -0.053725 0.69019608 0.63921569 0.61960784
v -0.628632 0.001864 -0.053725 0.69803922 0.69019608 0.69411765
v -0.632893 0.066625 -0.053725 0.84313725 0.83137255 0.83921569
v -0.695153 0.007424 -0.053725 0.71372549 0.67843137 0.66666667
v -0.692275 0.008037 -0.053725 0.72549020 0.70196078 0.69803922
v -0.690220 0.008031 -0.053725 0.73333333 0.71372549 0.70980392
v -0.687589 0.007182 -0.053725 0.74117647 0.72156863 0.72549020
v -0.628664 0.067768 -0.053725 0.89411765 0.88627451 0.89411765
v -0.650178 0.062169 -0.053725 0.92549020 0.92941176 0.93725490
v -0.649237 0.062171 -0.053725 0.92941176 0.92941176 0.93725490
v -0.644643 0.062095 -0.053725 0.92156863 0.92156863 0.92941176
v -0.643800 0.062079 -0.053725 0.91764706 0.91764706 0.92549020
v -0.683632 0.005597 -0.053725 0.74117647 0.72549020 0.72941176
v -0.681810 0.005162 -0.053725 0.73725490 0.72549020 0.72941176
v -0.678923 0.004766 -0.053725 0.73333333 0.72549020 0.72941176
v -0.675578 0.004482 -0.053725 0.72941176 0.72156863 0.72549020
v -0.640062 0.062890 -0.053725 0.88235294 0.87843137 0.88627451
v -0.673768 0.004385 -0.053725 0.71764706 0.70980392 0.70980392
v -0.669933 0.004379 -0.053725 0.71372549 0.70588235 0.70980392
v -0.668347 0.004265 -0.053725 0.71764706 0.70588235 0.70980392
v -0.664001 0.003987 -0.053725 0.72156863 0.70980392 0.71372549
v -0.663090 0.003982 -0.053725 0.72156863 0.71372549 0.71764706
v -0.658322 0.003850 -0.053725 0.72156863 0.71372549 0.71764706
v -0.657703 0.003828 -0.053725 0.71764706 0.71372549 0.71764706
v -0.652550 0.003439 -0.053725 0.71372549 0.70588235 0.70980392
v -0.652365 0.003434 -0.053725 0.70980392 0.70196078 0.70588235
v 0.680041 0.005388 -0.053725 0.76470588 0.76078431 0.76862745
v 0.678122 0.005375 -0.053725 0.76470588 0.76078431 0.76862745
v 0.684587 0.006383 -0.053725 0.77254902 0.76862745 0.77647059
v 0.690058 0.006229 -0.053725 0.76078431 0.74901961 0.74901961
v 0.684856 0.006568 -0.053725 0.77254902 0.76862745 0.77647059
v 0.666131 0.002674 -0.053725 0.74117647 0.73333333 0.74509804
v 0.663775 0.002110 -0.053725 0.72549020 0.72156863 0.72941176
v 0.657509 0.000214 -0.053725 0.69803922 0.69019608 0.70196078
v 0.655985 -0.000138 -0.053725 0.70588235 0.69803922 0.70980392
v 0.658465 0.054674 -0.053725 0.91372549 0.90980392 0.91764706
v 0.656003 0.055229 -0.053725 0.90588235 0.90196078 0.90980392
v 0.652940 -0.000758 -0.053725 0.73725490 0.72941176 0.74117647
v 0.651676 0.056459 -0.053725 0.86666667 0.86274510 0.87058824
v 0.648916 -0.001666 -0.053725 0.73333333 0.72941176 0.74117647
v 0.643924 0.058128 -0.053725 0.90196078 0.89803922 0.90588235
v 0.661682 0.001582 -0.053725 0.70980392 0.70588235 0.71372549
v 0.642309 0.058220 -0.053725 0.92156863 0.91764706 0.92549020
v 0.639147 -0.003589 -0.053725 0.69803922 0.68627451 0.69803922
v 0.635245 -0.004255 -0.053725 0.69019608 0.68235294 0.69411765
v 0.650869 0.056727 -0.053725 0.85882353 0.85490196 0.86274510
v 0.643945 -0.002845 -0.053725 0.71372549 0.70196078 0.71764706
v 0.641813 -0.003228 -0.053725 0.70980392 0.70196078 0.71372549
v 0.647364 0.057700 -0.053725 0.85882353 0.85490196 0.86274510
v 0.648409 -0.001768 -0.053725 0.73333333 0.72549020 0.73725490
v 0.629567 -0.005090 -0.053725 0.72156863 0.71764706 0.72941176
v 0.628791 -0.005168 -0.053725 0.72941176 0.72549020 0.73333333
v 0.624406 -0.005471 -0.053725 0.72941176 0.72549020 0.73333333
v 0.634450 -0.004432 -0.053725 0.69019608 0.68235294 0.69411765
v 0.675026 0.004861 -0.053725 0.76078431 0.75294118 0.76470588
v 0.671247 0.004041 -0.053725 0.75294118 0.74509804 0.75686275
v 0.670476 0.003870 -0.053725 0.75294118 0.74509804 0.75686275
v 0.631297 0.059672 -0.053725 0.92156863 0.91764706 0.92549020
v 0.627958 0.060492 -0.053725 0.91372549 0.90980392 0.91764706
v 0.625048 0.060381 -0.053725 0.89019608 0.88235294 0.89411765
v 0.637986 0.058524 -0.053725 0.93725490 0.93333333 0.94117647
v 0.637170 0.058621 -0.053725 0.93725490 0.93333333 0.94117647
v 0.632303 0.059296 -0.053725 0.92156863 0.91764706 0.92549020
v 0.793600 0.013574 -0.053725 0.51372549 0.34509804 0.27058824
v 0.790591 0.012273 -0.053725 0.52156863 0.34901961 0.27450980
v 0.796996 0.015707 -0.053725 0.51372549 0.34509804 0.27058824
v 0.789691 0.011961 -0.053725 0.52941176 0.36078431 0.28235294
v 0.799367 0.018858 -0.053725 0.52941176 0.35294118 0.27450980
v 0.803655 0.020099 -0.053725 0.56862745 0.38039216 0.29411765
v 0.683285 0.052016 -0.053725 0.96078431 0.95686275 0.95686275
v 0.680542 0.052076 -0.053725 0.96078431 0.95686275 0.95686275
v 0.694036 0.052344 -0.053725 0.92549020 0.92156863 0.92156863
v 0.691849 0.052349 -0.053725 0.93725490 0.93333333 0.93725490
v 0.688998 0.051841 -0.053725 0.94901961 0.94509804 0.94509804
v 0.685674 0.051715 -0.053725 0.96078431 0.95294118 0.95294118
v 0.671646 0.052576 -0.053725 0.94117647 0.93725490 0.94117647
v 0.670034 0.052616 -0.053725 0.93333333 0.92941176 0.93333333
v 0.677388 0.052374 -0.053725 0.95686275 0.95294118 0.95686275
v 0.675639 0.052694 -0.053725 0.95294118 0.95294118 0.95294118
v 0.665784 0.052896 -0.053725 0.91764706 0.91764706 0.92156863
v 0.664918 0.053042 -0.053725 0.91372549 0.91372549 0.91764706
v 0.660515 0.054186 -0.053725 0.91372549 0.90980392 0.91764706
v -0.688568 0.056091 -0.056626 0.94117647 0.94509804 0.95294118
v -0.671906 0.061667 -0.055716 0.92549020 0.92156863 0.92941176
v -0.663593 0.064439 -0.057327 0.93725490 0.93725490 0.94509804
v -0.627526 0.000758 -0.056994 0.69803922 0.68627451 0.69019608
v -0.660801 0.061686 -0.054486 0.92156863 0.92549020 0.93725490
v -0.658024 0.064462 -0.057443 0.92156863 0.92549020 0.93333333
v -0.652522 0.064430 -0.057528 0.92156863 0.92549020 0.93725490
v -0.641536 0.064349 -0.057209 0.89019608 0.88627451 0.89411765
v -0.633349 0.067019 -0.056904 0.82745098 0.81960784 0.82352941
v -0.669084 0.003529 -0.057351 0.72549020 0.71764706 0.72156863
v -0.663543 0.003529 -0.055830 0.72156863 0.71372549 0.71764706
v -0.658001 0.003529 -0.054639 0.71372549 0.70588235 0.70980392
v 0.684629 0.006341 -0.053956 0.76862745 0.76470588 0.77647059
v 0.676317 0.003570 -0.056884 0.74509804 0.73725490 0.74901961
v 0.643071 0.058981 -0.057174 0.91764706 0.90980392 0.91764706
v 0.648612 -0.001971 -0.054420 0.73333333 0.72549020 0.73725490
v 0.662464 0.000800 -0.055961 0.70980392 0.70196078 0.71372549
v 0.640300 -0.004741 -0.057222 0.69411765 0.69019608 0.69803922
v 0.634759 -0.004741 -0.054754 0.68627451 0.68235294 0.69019608
v 0.637529 0.058981 -0.055050 0.94117647 0.93725490 0.94509804
v 0.670776 0.003570 -0.054374 0.74901961 0.74117647 0.75294118
v 0.665271 0.053409 -0.055303 0.91764706 0.91372549 0.91764706
v -0.645737 0.004711 -0.049807 0.70588235 0.69803922 0.70196078
v -0.690172 0.052195 -0.049807 0.94117647 0.93725490 0.94117647
v -0.686760 0.052355 -0.049807 0.93725490 0.93725490 0.94509804
v -0.642595 0.004746 -0.049807 0.70588235 0.69803922 0.70196078
v -0.685371 0.052929 -0.049807 0.93725490 0.94117647 0.94509804
v -0.681550 0.054680 -0.049807 0.93333333 0.94117647 0.94509804
v -0.678129 0.056782 -0.049807 0.92156863 0.92156863 0.92549020
v -0.640249 0.004658 -0.049807 0.70196078 0.69411765 0.69411765
v -0.635264 0.063645 -0.049807 0.84313725 0.83529412 0.83921569
v -0.636303 0.003995 -0.049807 0.69411765 0.68235294 0.68627451
v -0.631691 0.065512 -0.049807 0.87058824 0.86666667 0.87058824
v -0.635485 0.003881 -0.049807 0.69411765 0.68235294 0.68627451
v -0.676052 0.057523 -0.049807 0.92156863 0.91372549 0.92549020
v -0.630619 0.003206 -0.049807 0.70196078 0.69411765 0.69803922
v -0.629913 0.003146 -0.049807 0.70588235 0.69803922 0.70196078
v -0.657872 0.059074 -0.049807 0.91764706 0.92156863 0.92941176
v -0.673649 0.057824 -0.049807 0.93725490 0.92941176 0.94117647
v -0.652555 0.059000 -0.049807 0.92156863 0.92549020 0.93333333
v -0.627972 0.066843 -0.049807 0.91372549 0.90980392 0.91764706
v -0.652387 0.059016 -0.049807 0.92549020 0.92941176 0.93725490
v -0.670236 0.057798 -0.049807 0.94117647 0.93725490 0.94901961
v -0.647189 0.059133 -0.049807 0.92941176 0.92941176 0.93725490
v -0.668041 0.057795 -0.049807 0.94509804 0.94117647 0.95294118
v -0.697141 0.053053 -0.049807 0.94901961 0.94509804 0.95686275
v -0.664995 0.057494 -0.049807 0.94901961 0.94901961 0.95686275
v -0.646708 0.059157 -0.049807 0.92941176 0.92941176 0.93333333
v -0.696441 0.052963 -0.049807 0.94901961 0.94509804 0.95686275
v -0.661924 0.057246 -0.049807 0.93725490 0.94117647 0.94901961
v -0.642796 0.060249 -0.049807 0.92549020 0.91764706 0.92549020
v -0.692224 0.052432 -0.049807 0.94509804 0.94117647 0.94509804
v -0.638805 0.061772 -0.049807 0.86274510 0.85882353 0.86274510
v -0.658132 0.059015 -0.049807 0.92549020 0.92549020 0.93333333
v -0.638331 0.061999 -0.049807 0.85882353 0.85098039 0.85882353
v -0.699265 0.006588 -0.049807 0.69411765 0.65490196 0.63921569
v -0.695512 0.007779 -0.049807 0.71764706 0.69019608 0.68627451
v -0.691685 0.008624 -0.049807 0.73333333 0.70980392 0.70980392
v -0.690859 0.008666 -0.049807 0.73725490 0.72156863 0.72156863
v -0.686854 0.007915 -0.049807 0.74901961 0.73725490 0.73725490
v -0.683080 0.006430 -0.049807 0.75294118 0.74117647 0.74509804
v -0.682869 0.006359 -0.049807 0.74509804 0.73725490 0.74117647
v -0.677871 0.005817 -0.049807 0.73333333 0.72549020 0.72941176
v -0.676848 0.005740 -0.049807 0.73333333 0.72549020 0.73333333
v -0.672665 0.005489 -0.049807 0.73725490 0.72941176 0.73333333
v -0.671039 0.005485 -0.049807 0.73725490 0.72941176 0.72941176
v -0.667058 0.005555 -0.049807 0.73725490 0.72941176 0.73333333
v -0.665485 0.005471 -0.049807 0.73725490 0.72549020 0.72941176
v -0.661777 0.005294 -0.049807 0.73725490 0.72549020 0.72941176
v -0.659749 0.005277 -0.049807 0.73333333 0.72549020 0.72941176
v -0.656207 0.005324 -0.049807 0.72941176 0.72549020 0.72549020
v -0.654186 0.005255 -0.049807 0.72156863 0.71372549 0.72156863
v -0.650981 0.005009 -0.049807 0.71372549 0.70196078 0.70588235
v -0.648213 0.004823 -0.049807 0.70588235 0.69803922 0.69803922
v 0.683598 0.007372 -0.049807 0.78823529 0.78431373 0.79215686
v 0.680369 0.007623 -0.049807 0.79607843 0.78823529 0.80000000
v 0.689217 0.007294 -0.049807 0.78823529 0.78431373 0.79215686
v 0.686089 0.007801 -0.049807 0.79215686 0.78823529 0.79607843
v 0.624624 -0.003794 -0.049807 0.73725490 0.72941176 0.74117647
v 0.690660 0.006832 -0.049807 0.78431373 0.78039216 0.78823529
v 0.660481 0.052660 -0.049807 0.89803922 0.89411765 0.90196078
v 0.659149 0.052805 -0.049807 0.90196078 0.90196078 0.90588235
v 0.654878 0.054101 -0.049807 0.89411765 0.89019608 0.89803922
v 0.652161 0.055436 -0.049807 0.86666667 0.86274510 0.87058824
v 0.651099 0.055883 -0.049807 0.85882353 0.85490196 0.86274510
v 0.645169 0.056883 -0.049807 0.88627451 0.88235294 0.89019608
v 0.640992 0.056903 -0.049807 0.92549020 0.91764706 0.92549020
v 0.646439 0.056778 -0.049807 0.87058824 0.86666667 0.87843137
v 0.651537 0.000645 -0.049807 0.74509804 0.73725490 0.74901961
v 0.651117 0.000535 -0.049807 0.74509804 0.73725490 0.74901961
v 0.655901 0.001822 -0.049807 0.72156863 0.71372549 0.72549020
v 0.660557 0.002707 -0.049807 0.72156863 0.71372549 0.72549020
v 0.658502 0.002378 -0.049807 0.71372549 0.70588235 0.71764706
v 0.665090 0.003715 -0.049807 0.75294118 0.74509804 0.75686275
v 0.637857 -0.002298 -0.049807 0.69803922 0.69019608 0.70196078
v 0.637075 -0.002425 -0.049807 0.69411765 0.68627451 0.69803922
v 0.647080 -0.000439 -0.049807 0.73333333 0.72156863 0.73725490
v 0.643796 -0.001245 -0.049807 0.71764706 0.70980392 0.72549020
v 0.642612 -0.001512 -0.049807 0.71372549 0.70588235 0.71764706
v 0.633083 -0.003066 -0.049807 0.70980392 0.70196078 0.71372549
v 0.632748 0.058222 -0.049807 0.91372549 0.90980392 0.91764706
v 0.630601 -0.003358 -0.049807 0.72156863 0.71764706 0.72941176
v 0.628131 -0.003655 -0.049807 0.74509804 0.74509804 0.75294118
v 0.631561 0.058554 -0.049807 0.91372549 0.90980392 0.91764706
v 0.627429 0.059963 -0.049807 0.87450980 0.87058824 0.87843137
v 0.673942 0.005946 -0.049807 0.78431373 0.77647059 0.78823529
v 0.672976 0.005770 -0.049807 0.78039216 0.77647059 0.78431373
v 0.669245 0.005101 -0.049807 0.78039216 0.77254902 0.78431373
v 0.665534 0.003870 -0.049807 0.75686275 0.74901961 0.76078431
v 0.678010 0.007419 -0.049807 0.78431373 0.77647059 0.78823529
v 0.639533 0.056977 -0.049807 0.92941176 0.92549020 0.93333333
v 0.636042 0.057494 -0.049807 0.92156863 0.91764706 0.92549020
v 0.793616 0.013564 -0.049807 0.50980392 0.34509804 0.27058824
v 0.790113 0.011768 -0.049807 0.51764706 0.35294118 0.27450980
v 0.797471 0.015161 -0.049807 0.51372549 0.34901961 0.27058824
v 0.789950 0.011689 -0.049807 0.52941176 0.36078431 0.28235294
v 0.800594 0.017603 -0.049807 0.51764706 0.34901961 0.27058824
v 0.802944 0.018863 -0.049807 0.52156863 0.35294118 0.27450980
v 0.685062 0.050239 -0.049807 0.94901961 0.94509804 0.94901961
v 0.684296 0.050291 -0.049807 0.94901961 0.94901961 0.94901961
v 0.679359 0.050877 -0.049807 0.95686275 0.95294118 0.95686275
v 0.694862 0.051519 -0.049807 0.92941176 0.92549020 0.92549020
v 0.690461 0.050960 -0.049807 0.94509804 0.94117647 0.94901961
v 0.689972 0.050867 -0.049807 0.94901961 0.94509804 0.94901961
v 0.673138 0.051085 -0.049807 0.94901961 0.94509804 0.95294118
v 0.669040 0.051576 -0.049807 0.93333333 0.92941176 0.93333333
v 0.678856 0.050905 -0.049807 0.95686275 0.95294118 0.96078431
v 0.674022 0.051048 -0.049807 0.94901961 0.94509804 0.95294118
v 0.666899 0.051785 -0.049807 0.91764706 0.91764706 0.92156863
v 0.664162 0.052245 -0.049807 0.91372549 0.90980392 0.91372549
v -0.691321 0.053335 -0.051840 0.94509804 0.94509804 0.94901961
v -0.685779 0.053336 -0.050642 0.93725490 0.94117647 0.94509804
v -0.646919 0.003529 -0.052659 0.70196078 0.69411765 0.69803922
v -0.683004 0.056111 -0.052773 0.93725490 0.94901961 0.95294118
v -0.641378 0.003529 -0.052909 0.69803922 0.69019608 0.69019608
v -0.696835 0.053359 -0.050516 0.94901961 0.94509804 0.95686275
v -0.635837 0.003529 -0.050793 0.69019608 0.68235294 0.68627451
v -0.674692 0.058882 -0.051347 0.92156863 0.91764706 0.92941176
v -0.669148 0.058885 -0.051035 0.94117647 0.94117647 0.94901961
v -0.666365 0.061666 -0.053627 0.94509804 0.94117647 0.95294118
v -0.636007 0.064339 -0.052995 0.84313725 0.83137255 0.84313725
v -0.663580 0.058908 -0.051702 0.94509804 0.94509804 0.95294118
v -0.627753 0.067064 -0.050311 0.91372549 0.90588235 0.90980392
v -0.655253 0.061692 -0.053595 0.92156863 0.92549020 0.93333333
v -0.649749 0.061661 -0.053010 0.92549020 0.92549020 0.93725490
v -0.644209 0.061660 -0.052996 0.92156863 0.92156863 0.92941176
v -0.682939 0.006289 -0.050041 0.74509804 0.73333333 0.73725490
v -0.652460 0.003529 -0.053446 0.70980392 0.70196078 0.70588235
v 0.679088 0.006341 -0.052430 0.77254902 0.76862745 0.78039216
v 0.659740 0.053400 -0.051246 0.90588235 0.90196078 0.90980392
v 0.690170 0.006341 -0.052938 0.77254902 0.76470588 0.76862745
v 0.651407 0.056190 -0.051357 0.86274510 0.85882353 0.86666667
v 0.623677 -0.004741 -0.051843 0.72156863 0.71764706 0.72941176
v 0.665235 0.003570 -0.050477 0.74901961 0.74117647 0.75294118
v 0.656923 0.000800 -0.052360 0.70588235 0.69803922 0.70980392
v 0.631988 0.058981 -0.052179 0.92156863 0.91764706 0.92549020
v 0.643071 -0.001971 -0.051066 0.71372549 0.70588235 0.72156863
v 0.629218 -0.004741 -0.052642 0.72549020 0.72156863 0.72941176
v 0.803872 0.019848 -0.051475 0.54901961 0.36862745 0.28627451
v 0.684652 0.050649 -0.050780 0.95294118 0.94901961 0.95294118
v -0.714100 0.002841 -0.049807 0.60784314 0.48235294 0.41960784
v -0.707988 0.003646 -0.049807 0.60784314 0.49411765 0.43529412
v -0.772114 0.011320 -0.049807 0.57647059 0.39215686 0.30588235
v -0.806341 0.021422 -0.049807 0.55294118 0.35686275 0.27058824
v -0.771039 0.011286 -0.049807 0.60000000 0.40784314 0.32156863
v -0.760736 0.011616 -0.049807 0.60784314 0.41960784 0.32941176
v -0.809673 0.027756 -0.049807 0.61960784 0.40000000 0.30980392
v -0.760287 0.011616 -0.049807 0.61568627 0.42352941 0.33333333
v -0.803232 0.032397 -0.049807 0.68627451 0.45882353 0.35686275
v -0.800435 0.016246 -0.049807 0.52156863 0.34117647 0.26274510
v -0.699688 0.006416 -0.049807 0.65098039 0.57647059 0.53725490
v -0.788981 0.040310 -0.049807 0.73333333 0.50196078 0.38823529
v -0.796006 0.014088 -0.049807 0.52156863 0.34509804 0.27058824
v -0.786390 0.041373 -0.049807 0.74117647 0.50588235 0.39607843
v -0.792682 0.012917 -0.049807 0.53333333 0.35686275 0.27843137
v -0.781061 0.043472 -0.049807 0.74509804 0.50980392 0.40000000
v -0.796599 0.036845 -0.049807 0.72941176 0.49803922 0.38431373
v -0.771871 0.045364 -0.049807 0.74901961 0.51372549 0.40392157
v 0.711761 0.001373 -0.049807 0.67843137 0.55686275 0.49019608
v -0.771151 0.045530 -0.049807 0.74901961 0.51764706 0.40392157
v -0.782858 0.011659 -0.049807 0.54509804 0.36862745 0.28627451
v -0.762534 0.047109 -0.049807 0.75294118 0.52156863 0.40784314
v 0.707816 0.001766 -0.049807 0.70980392 0.62352941 0.58431373
v -0.782460 0.011624 -0.049807 0.56078431 0.38039216 0.29803922
v -0.757901 0.047698 -0.049807 0.76078431 0.52549020 0.41176471
v 0.699097 0.004186 -0.049807 0.74901961 0.70588235 0.69019608
v 0.805913 0.028826 -0.049807 0.61568627 0.41568627 0.32549020
v 0.783476 0.010759 -0.049807 0.54509804 0.37254902 0.29019608
v 0.697093 0.004959 -0.049807 0.77647059 0.76078431 0.76078431
v 0.706160 0.051310 -0.049807 0.93333333 0.92941176 0.93333333
v -0.750612 0.010658 -0.049807 0.61568627 0.42352941 0.33725490
v 0.803151 0.030096 -0.049807 0.64313725 0.43137255 0.33333333
v 0.810021 0.025921 -0.049807 0.59215686 0.40000000 0.31372549
v 0.796169 0.034263 -0.049807 0.68235294 0.45490196 0.34901961
v 0.702312 0.051643 -0.049807 0.93333333 0.92941176 0.93333333
v 0.722043 0.002173 -0.049807 0.65098039 0.49803922 0.41568627
v 0.718760 0.001651 -0.049807 0.65882353 0.52156863 0.44313725
v 0.780050 0.010544 -0.049807 0.56078431 0.38039216 0.29803922
v 0.730991 0.004307 -0.049807 0.64705882 0.49411765 0.41176471
v 0.771678 0.010132 -0.049807 0.57647059 0.39607843 0.30980392
v 0.739264 0.007113 -0.049807 0.62745098 0.45098039 0.36078431
v 0.733313 0.005135 -0.049807 0.63529412 0.47450980 0.38823529
v 0.748174 0.009273 -0.049807 0.61960784 0.44313725 0.35294118
v -0.752897 0.048555 -0.049807 0.75686275 0.52549020 0.41568627
v 0.804137 0.019550 -0.049807 0.54509804 0.36862745 0.28627451
v 0.769366 0.010194 -0.049807 0.59215686 0.40784314 0.31764706
v -0.747583 0.009994 -0.049807 0.61568627 0.42745098 0.34117647
v 0.718355 0.050175 -0.049807 0.70588235 0.54117647 0.43921569
v 0.760704 0.010304 -0.049807 0.60392157 0.41568627 0.32549020
v 0.712740 0.050782 -0.049807 0.90980392 0.86666667 0.85490196
v 0.758276 0.010236 -0.049807 0.61176471 0.42352941 0.33333333
v -0.741721 0.008467 -0.049807 0.61176471 0.43137255 0.34509804
v 0.748620 0.009344 -0.049807 0.61568627 0.43529412 0.34509804
v 0.810529 0.024258 -0.049807 0.56862745 0.38431373 0.30196078
v -0.733311 0.005795 -0.049807 0.60392157 0.43137255 0.34901961
v 0.722821 0.049770 -0.049807 0.75294118 0.52941176 0.40000000
v -0.731949 0.005442 -0.049807 0.60000000 0.43529412 0.35686275
v -0.724336 0.003688 -0.049807 0.60000000 0.45098039 0.37647059
v 0.755237 0.046417 -0.049807 0.75686275 0.51764706 0.39607843
v -0.718323 0.002899 -0.049807 0.59607843 0.45490196 0.38431373
v -0.745198 0.049318 -0.049807 0.76470588 0.52941176 0.42352941
v 0.753009 0.046709 -0.049807 0.75686275 0.51764706 0.39607843
v -0.742875 0.049615 -0.049807 0.76078431 0.52941176 0.42352941
v 0.742968 0.047624 -0.049807 0.75294118 0.51372549 0.38823529
v -0.732828 0.050607 -0.049807 0.76470588 0.53725490 0.43137255
v 0.742839 0.047639 -0.049807 0.74901961 0.50980392 0.38823529
v -0.732788 0.050610 -0.049807 0.77254902 0.53725490 0.43137255
v 0.730479 0.049071 -0.049807 0.75686275 0.52156863 0.39215686
v -0.722857 0.051728 -0.049807 0.77254902 0.52941176 0.41960784
v -0.720434 0.051921 -0.049807 0.77254902 0.52941176 0.43137255
v 0.733009 0.048892 -0.049807 0.74901961 0.51372549 0.39215686
v -0.712788 0.052698 -0.049807 0.78823529 0.53725490 0.44313725
v 0.783431 0.040325 -0.049807 0.76470588 0.51764706 0.40000000
v -0.708264 0.053015 -0.049807 0.79215686 0.61960784 0.54901961
v 0.780977 0.041331 -0.049807 0.76862745 0.52549020 0.40392157
v -0.702269 0.053204 -0.049807 0.93725490 0.90196078 0.90196078
v 0.788845 0.038043 -0.049807 0.74901961 0.50980392 0.39215686
v 0.771919 0.043500 -0.049807 0.76470588 0.51764706 0.40000000
v 0.768438 0.044306 -0.049807 0.76078431 0.51764706 0.40000000
v 0.762975 0.045596 -0.049807 0.76078431 0.51764706 0.40000000
v -0.771594 0.011841 -0.053667 0.58039216 0.39607843 0.30980392
v -0.760512 0.011841 -0.050654 0.60392157 0.41568627 0.32941176
v -0.782676 0.011841 -0.052466 0.55294118 0.37254902 0.29019608
v -0.749429 0.011841 -0.054133 0.61176471 0.42745098 0.34117647
v -0.732806 0.006300 -0.050981 0.60784314 0.43921569 0.35686275
v 0.809438 0.025322 -0.050147 0.57254902 0.38431373 0.30196078
v -0.732806 0.050628 -0.049902 0.76470588 0.53333333 0.42352941
v 0.720649 0.003567 -0.053458 0.65882353 0.52156863 0.45098039
v 0.737271 0.009109 -0.055902 0.62745098 0.46666667 0.38431373
v 0.742896 0.047696 -0.049910 0.75294118 0.51372549 0.39215686
v -0.866390 0.022325 -0.045889 0.72156863 0.47058824 0.40392157
v -0.865936 0.023066 -0.045889 0.72941176 0.48235294 0.41176471
v -0.863334 0.019840 -0.045889 0.72156863 0.46666667 0.40000000
v -0.865116 0.023599 -0.045889 0.73333333 0.48627451 0.41568627
v -0.860874 0.023546 -0.045889 0.73333333 0.48627451 0.41568627
v -0.862455 0.019585 -0.045889 0.72156863 0.46666667 0.40000000
v -0.858334 0.019299 -0.045889 0.71764706 0.47058824 0.39607843
v -0.856609 0.019280 -0.045889 0.70196078 0.46274510 0.38823529
v -0.851324 0.025078 -0.045889 0.70588235 0.47450980 0.39215686
v -0.847347 0.026642 -0.045889 0.70588235 0.47843137 0.39607843
v -0.845098 0.026993 -0.045889 0.70588235 0.48235294 0.39607843
v -0.852721 0.019371 -0.045889 0.69019608 0.45882353 0.38039216
v -0.851135 0.019348 -0.045889 0.67058824 0.44705882 0.36862745
v -0.847586 0.018964 -0.045889 0.63921569 0.42745098 0.35294118
v -0.845160 0.018914 -0.045889 0.63137255 0.42352941 0.34509804
v -0.841893 0.019116 -0.045889 0.63137255 0.42745098 0.34901961
v -0.842641 0.027477 -0.045889 0.69411765 0.47450980 0.38823529
v -0.698750 0.007102 -0.045889 0.68235294 0.65098039 0.62745098
v -0.695958 0.008221 -0.045889 0.72941176 0.72156863 0.72156863
v -0.691469 0.009268 -0.045889 0.75294118 0.73333333 0.74117647
v -0.690994 0.009311 -0.045889 0.75686275 0.74509804 0.74901961
v -0.685764 0.009002 -0.045889 0.76470588 0.75294118 0.74901961
v -0.685644 0.008988 -0.045889 0.77254902 0.75686275 0.76078431
v -0.681143 0.008084 -0.045889 0.76078431 0.75294118 0.76078431
v -0.643992 0.006456 -0.045889 0.71764706 0.70980392 0.71372549
v -0.638812 0.006503 -0.045889 0.70588235 0.69803922 0.70196078
v -0.839747 0.019042 -0.045889 0.61960784 0.41960784 0.34117647
v -0.835878 0.019590 -0.045889 0.61568627 0.41960784 0.34117647
v -0.834868 0.019704 -0.045889 0.61568627 0.42352941 0.34117647
v -0.678969 0.007859 -0.045889 0.75686275 0.74901961 0.75294118
v -0.838406 0.028703 -0.045889 0.70196078 0.48235294 0.39215686
v -0.676112 0.007576 -0.045889 0.75294118 0.74509804 0.74901961
v -0.837535 0.028974 -0.045889 0.70196078 0.48235294 0.39215686
v -0.672750 0.007185 -0.045889 0.75294118 0.74509804 0.74901961
v -0.834272 0.030094 -0.045889 0.69019608 0.47843137 0.39215686
v -0.830310 0.019617 -0.045889 0.61176471 0.42352941 0.34117647
v -0.671089 0.007059 -0.045889 0.75294118 0.74509804 0.74901961
v -0.638405 0.006503 -0.045889 0.70588235 0.70196078 0.70196078
v -0.667135 0.007121 -0.045889 0.75686275 0.74901961 0.74901961
v -0.859376 0.023798 -0.045889 0.73333333 0.49019608 0.41568627
v -0.633487 0.005879 -0.045889 0.70588235 0.69803922 0.70196078
v -0.855771 0.023983 -0.045889 0.72549020 0.48627451 0.40784314
v -0.632485 0.005718 -0.045889 0.70588235 0.69803922 0.70196078
v -0.665339 0.007274 -0.045889 0.75686275 0.74901961 0.74901961
v -0.852878 0.024755 -0.045889 0.70980392 0.47843137 0.39607843
v -0.634272 0.062794 -0.045889 0.86274510 0.85490196 0.86274510
v -0.630546 0.064251 -0.045889 0.89803922 0.89411765 0.90196078
v -0.829149 0.031827 -0.045889 0.70588235 0.49019608 0.40000000
v -0.630318 0.064288 -0.045889 0.90196078 0.89803922 0.90588235
v -0.825550 0.032499 -0.045889 0.70588235 0.49411765 0.40784314
v -0.625166 0.064638 -0.045889 0.92549020 0.92549020 0.93333333
v -0.829255 0.019632 -0.045889 0.60392157 0.41568627 0.33725490
v -0.824975 0.019411 -0.045889 0.60000000 0.41568627 0.33725490
v -0.823304 0.019222 -0.045889 0.59215686 0.40784314 0.32941176
v -0.663836 0.053113 -0.045889 0.94509804 0.94509804 0.95686275
v -0.661679 0.007206 -0.045889 0.75686275 0.74901961 0.75294118
v -0.819387 0.019458 -0.045889 0.60392157 0.41960784 0.33725490
v -0.663424 0.053182 -0.045889 0.94509804 0.94509804 0.95294118
v -0.659989 0.007083 -0.045889 0.75294118 0.74901961 0.75294118
v -0.659443 0.054771 -0.045889 0.92941176 0.92941176 0.93725490
v -0.656151 0.007220 -0.045889 0.74901961 0.74509804 0.74509804
v -0.817816 0.019275 -0.045889 0.58823529 0.40392157 0.32156863
v -0.655795 0.055609 -0.045889 0.91764706 0.91764706 0.92549020
v -0.814586 0.018718 -0.045889 0.56862745 0.38431373 0.30196078
v -0.654886 0.055780 -0.045889 0.92156863 0.92549020 0.92941176
v -0.650318 0.056778 -0.045889 0.93333333 0.93725490 0.94117647
v -0.654099 0.007432 -0.045889 0.73725490 0.73333333 0.73333333
v -0.648944 0.056917 -0.045889 0.93333333 0.93725490 0.94117647
v -0.645368 0.057313 -0.045889 0.92941176 0.92941176 0.93333333
v -0.811394 0.018395 -0.045889 0.55294118 0.36862745 0.28627451
v -0.650894 0.007504 -0.045889 0.72549020 0.71764706 0.71764706
v -0.648748 0.007242 -0.045889 0.72156863 0.71372549 0.71764706
v -0.641900 0.058426 -0.045889 0.90980392 0.90588235 0.90980392
v -0.644354 0.006505 -0.045889 0.71372549 0.70980392 0.70980392
v -0.641211 0.058673 -0.045889 0.90196078 0.89411765 0.90196078
v -0.698861 0.051330 -0.045889 0.94901961 0.94509804 0.95686275
v -0.694290 0.050359 -0.045889 0.94117647 0.94117647 0.95294118
v -0.637442 0.060430 -0.045889 0.84705882 0.84313725 0.84705882
v -0.693550 0.050125 -0.045889 0.93725490 0.93725490 0.94509804
v -0.689976 0.049131 -0.045889 0.93725490 0.93725490 0.94117647
v -0.687310 0.049424 -0.045889 0.93725490 0.93725490 0.94117647
v -0.683149 0.050793 -0.045889 0.94117647 0.94509804 0.95294118
v -0.682631 0.050937 -0.045889 0.93725490 0.94117647 0.94901961
v -0.678988 0.052148 -0.045889 0.92156863 0.92156863 0.92549020
v -0.675277 0.053898 -0.045889 0.92549020 0.92549020 0.93725490
v -0.673991 0.054044 -0.045889 0.93333333 0.93333333 0.94117647
v -0.669782 0.053917 -0.045889 0.94509804 0.94509804 0.95294118
v -0.668715 0.053780 -0.045889 0.94509804 0.94509804 0.95294118
v 0.668335 0.006011 -0.045889 0.79607843 0.78823529 0.80000000
v 0.667368 0.005703 -0.045889 0.78823529 0.78039216 0.79215686
v 0.683165 0.007804 -0.045889 0.80000000 0.79607843 0.80392157
v 0.626338 -0.001862 -0.045889 0.76470588 0.76470588 0.77254902
v 0.673219 0.006669 -0.045889 0.80000000 0.79215686 0.80392157
v 0.678430 0.006998 -0.045889 0.79607843 0.79215686 0.80000000
v 0.680010 0.007264 -0.045889 0.80000000 0.79607843 0.80392157
v 0.688597 0.007914 -0.045889 0.80784314 0.80000000 0.80784314
v 0.686443 0.008114 -0.045889 0.80392157 0.80000000 0.80784314
v 0.673973 0.006767 -0.045889 0.80392157 0.80000000 0.80784314
v 0.691281 0.007415 -0.045889 0.80000000 0.79607843 0.80392157
v 0.663919 0.004886 -0.045889 0.75686275 0.75294118 0.76078431
v 0.655278 0.002446 -0.045889 0.73725490 0.72941176 0.74117647
v 0.653039 0.002457 -0.045889 0.74509804 0.73725490 0.75294118
v 0.659862 0.003738 -0.045889 0.72156863 0.71372549 0.72549020
v 0.659611 0.003653 -0.045889 0.72156863 0.71372549 0.72549020
v 0.641074 0.000026 -0.045889 0.71372549 0.70588235 0.71764706
v 0.626541 -0.001877 -0.045889 0.76470588 0.76078431 0.77254902
v 0.638958 -0.000542 -0.045889 0.70588235 0.70196078 0.70980392
v 0.663730 0.049413 -0.045889 0.90980392 0.90588235 0.91372549
v 0.645789 0.000852 -0.045889 0.72549020 0.71764706 0.73333333
v 0.661609 0.049700 -0.045889 0.89019608 0.88627451 0.89411765
v 0.657258 0.050922 -0.045889 0.89803922 0.89019608 0.90196078
v 0.636687 -0.001128 -0.045889 0.70588235 0.70196078 0.70980392
v 0.635423 0.055547 -0.045889 0.90588235 0.90196078 0.90980392
v 0.634379 0.055831 -0.045889 0.90980392 0.90588235 0.91372549
v 0.655582 0.052016 -0.045889 0.89019608 0.88627451 0.89803922
v 0.632629 -0.001330 -0.045889 0.72941176 0.72549020 0.73725490
v 0.630286 0.057278 -0.045889 0.89803922 0.89411765 0.90196078
v 0.653894 0.053119 -0.045889 0.87843137 0.87450980 0.88627451
v 0.626830 0.058598 -0.045889 0.85098039 0.84705882 0.85882353
v 0.649581 0.054373 -0.045889 0.85098039 0.84705882 0.85490196
v 0.647258 0.054796 -0.045889 0.86274510 0.85882353 0.86666667
v 0.639174 0.055085 -0.045889 0.90980392 0.90588235 0.91764706
v 0.644679 0.055019 -0.045889 0.88235294 0.87843137 0.89019608
v 0.641434 0.055077 -0.045889 0.90980392 0.90588235 0.91372549
v 0.631442 -0.001424 -0.045889 0.74509804 0.73725490 0.74901961
v 0.650061 0.002122 -0.045889 0.74901961 0.74117647 0.75294118
v 0.645935 0.000894 -0.045889 0.72941176 0.72156863 0.73725490
v 0.850584 0.017592 -0.045889 0.61568627 0.41960784 0.35294118
v 0.846582 0.018329 -0.045889 0.61176471 0.41960784 0.35294118
v 0.687766 0.048266 -0.045889 0.94901961 0.94509804 0.95294118
v 0.856642 0.017162 -0.045889 0.59215686 0.38823529 0.32941176
v 0.687177 0.048121 -0.045889 0.95294118 0.94901961 0.95294118
v 0.856118 0.017095 -0.045889 0.60000000 0.39215686 0.33725490
v 0.860697 0.018670 -0.045889 0.58431373 0.38431373 0.32156863
v 0.861505 0.022526 -0.045889 0.58823529 0.38823529 0.32549020
v 0.851140 0.017498 -0.045889 0.60784314 0.40392157 0.34509804
v 0.855381 0.023878 -0.045889 0.59607843 0.39607843 0.33333333
v 0.852187 0.023902 -0.045889 0.60000000 0.40392157 0.33725490
v 0.676264 0.047958 -0.045889 0.95294118 0.94509804 0.95294118
v 0.857275 0.023700 -0.045889 0.58823529 0.39215686 0.32941176
v 0.671510 0.048515 -0.045889 0.94509804 0.93725490 0.94509804
v 0.669880 0.048804 -0.045889 0.93725490 0.93333333 0.93725490
v 0.666736 0.049254 -0.045889 0.92941176 0.92549020 0.93725490
v 0.838998 0.018028 -0.045889 0.55686275 0.36862745 0.30196078
v 0.676469 0.047969 -0.045889 0.95294118 0.94509804 0.95294118
v 0.835060 0.017715 -0.045889 0.54509804 0.36078431 0.29411765
v 0.844138 0.018402 -0.045889 0.59215686 0.40000000 0.33333333
v 0.841289 0.018497 -0.045889 0.57254902 0.38431373 0.31764706
v 0.843348 0.024699 -0.045889 0.60784314 0.40784314 0.34117647
v 0.842084 0.024601 -0.045889 0.60000000 0.40392157 0.33333333
v 0.833435 0.018072 -0.045889 0.54509804 0.36078431 0.29411765
v 0.829662 0.017907 -0.045889 0.53333333 0.35294118 0.28235294
v 0.828477 0.017532 -0.045889 0.51764706 0.33725490 0.26666667
v 0.838276 0.026293 -0.045889 0.60392157 0.40784314 0.33333333
v 0.835477 0.026964 -0.045889 0.60784314 0.40784314 0.33333333
v 0.833564 0.027097 -0.045889 0.60784314 0.41176471 0.33333333
v 0.849741 0.023896 -0.045889 0.60784314 0.40784314 0.34117647
v 0.846874 0.023961 -0.045889 0.60784314 0.41176471 0.34117647
v 0.829705 0.028889 -0.045889 0.62352941 0.41960784 0.34117647
v 0.827093 0.029853 -0.045889 0.62352941 0.42352941 0.34117647
v 0.682286 0.048276 -0.045889 0.94509804 0.94117647 0.94509804
v 0.681501 0.048260 -0.045889 0.94509804 0.94117647 0.94509804
v 0.696327 0.050054 -0.045889 0.92549020 0.92156863 0.92156863
v 0.694900 0.049859 -0.045889 0.92941176 0.92549020 0.92941176
v 0.691399 0.049440 -0.045889 0.94509804 0.93725490 0.94117647
v -0.865792 0.022923 -0.045934 0.72549020 0.47843137 0.40784314
v -0.863021 0.020152 -0.046005 0.72549020 0.47843137 0.40784314
v -0.860251 0.022923 -0.046067 0.72549020 0.47843137 0.40392157
v -0.857480 0.020152 -0.046117 0.71764706 0.47843137 0.40000000
v -0.849169 0.022923 -0.046369 0.68235294 0.45882353 0.37647059
v -0.846398 0.025693 -0.046345 0.69019608 0.46666667 0.38431373
v -0.660812 0.056135 -0.048274 0.92941176 0.93333333 0.94117647
v -0.658032 0.058914 -0.049638 0.91372549 0.91764706 0.92549020
v -0.644149 0.006300 -0.046234 0.71372549 0.70980392 0.70980392
v -0.638608 0.006300 -0.046301 0.70588235 0.69803922 0.70196078
v -0.691253 0.009054 -0.047224 0.74509804 0.73333333 0.73725490
v -0.630296 0.003529 -0.049065 0.70196078 0.69411765 0.69803922
v -0.851939 0.020152 -0.046128 0.69019608 0.46274510 0.38431373
v -0.846398 0.020152 -0.046385 0.65490196 0.43921569 0.36078431
v -0.843628 0.022923 -0.046454 0.66666667 0.45098039 0.36862745
v -0.663597 0.053352 -0.046074 0.94509804 0.94509804 0.95294118
v -0.840857 0.020152 -0.046376 0.63921569 0.43529412 0.35294118
v -0.840857 0.025693 -0.046834 0.67843137 0.46274510 0.38039216
v -0.677398 0.006290 -0.048675 0.74117647 0.73333333 0.74117647
v -0.655256 0.056148 -0.046465 0.91764706 0.91764706 0.92941176
v -0.838087 0.022923 -0.047063 0.64705882 0.44313725 0.36078431
v -0.652479 0.058925 -0.049696 0.92941176 0.92941176 0.93725490
v -0.835316 0.020152 -0.046134 0.63529412 0.43529412 0.35686275
v -0.671856 0.006291 -0.047625 0.74901961 0.73725490 0.74117647
v -0.838106 0.028406 -0.046065 0.68627451 0.47058824 0.38431373
v -0.646960 0.058905 -0.049448 0.93333333 0.93333333 0.94117647
v -0.666313 0.006299 -0.047876 0.74901961 0.74117647 0.74117647
v -0.641433 0.058894 -0.046358 0.90588235 0.90196078 0.90588235
v -0.630414 0.064383 -0.046123 0.89411765 0.89019608 0.89803922
v -0.835330 0.025653 -0.047132 0.66666667 0.45882353 0.37647059
v -0.638680 0.061650 -0.049429 0.85882353 0.85098039 0.85882353
v -0.832563 0.028413 -0.046824 0.67843137 0.47058824 0.38431373
v -0.832546 0.022923 -0.047025 0.63529412 0.43921569 0.35686275
v -0.829775 0.020152 -0.046195 0.62745098 0.43529412 0.35294118
v -0.829775 0.025693 -0.047754 0.65490196 0.45490196 0.37254902
v -0.660772 0.006300 -0.047449 0.74509804 0.73725490 0.74117647
v -0.827005 0.022923 -0.047111 0.62745098 0.43529412 0.35294118
v -0.829793 0.031182 -0.046158 0.69411765 0.48235294 0.39607843
v -0.655231 0.006300 -0.047818 0.73333333 0.72941176 0.72941176
v -0.827004 0.028464 -0.047614 0.68627451 0.47843137 0.39215686
v -0.854710 0.022923 -0.046135 0.70588235 0.47058824 0.39215686
v -0.824234 0.025693 -0.048459 0.65098039 0.45490196 0.37254902
v -0.649690 0.006300 -0.047546 0.71372549 0.70588235 0.70980392
v -0.824234 0.031234 -0.046703 0.70588235 0.50196078 0.41568627
v -0.821463 0.028464 -0.048385 0.67843137 0.47843137 0.39607843
v -0.824234 0.020152 -0.046461 0.61960784 0.43137255 0.34901961
v -0.821463 0.022923 -0.047966 0.63921569 0.44705882 0.36470588
v -0.818693 0.020152 -0.046414 0.61960784 0.43137255 0.34901961
v -0.818693 0.025693 -0.048380 0.65882353 0.46274510 0.37647059
v -0.815922 0.022923 -0.048374 0.61568627 0.41960784 0.33333333
v -0.813152 0.020152 -0.046920 0.58039216 0.38431373 0.30196078
v -0.694038 0.050611 -0.046355 0.94509804 0.94117647 0.95294118
v -0.688517 0.050593 -0.047892 0.93725490 0.93333333 0.94117647
v -0.680225 0.053348 -0.047610 0.92549020 0.92941176 0.93333333
v -0.677465 0.056110 -0.048556 0.91764706 0.91372549 0.92549020
v -0.671950 0.056087 -0.047813 0.94117647 0.93725490 0.94901961
v -0.666377 0.056114 -0.048175 0.94117647 0.94509804 0.95294118
v 0.626447 -0.001971 -0.046062 0.76862745 0.76470588 0.77647059
v 0.673547 0.006341 -0.047793 0.79215686 0.78431373 0.79607843
v 0.662531 0.050611 -0.047100 0.89803922 0.89411765 0.90196078
v 0.654187 0.053411 -0.046797 0.88235294 0.87843137 0.88627451
v 0.645855 0.056199 -0.048264 0.87843137 0.87450980 0.88235294
v 0.640300 0.056211 -0.048165 0.92156863 0.91764706 0.92549020
v 0.651382 0.000800 -0.049417 0.74509804 0.73725490 0.74901961
v 0.659694 0.003570 -0.046134 0.72941176 0.72156863 0.73333333
v 0.634759 0.056211 -0.046739 0.90980392 0.90980392 0.91372549
v 0.637529 -0.001971 -0.048640 0.69803922 0.69019608 0.70196078
v 0.645841 0.000800 -0.046045 0.73333333 0.72549020 0.73725490
v 0.631988 -0.001971 -0.047205 0.72941176 0.72549020 0.73333333
v 0.848188 0.019894 -0.046250 0.61176471 0.41176471 0.34509804
v 0.856413 0.017390 -0.046010 0.60000000 0.39607843 0.33725490
v 0.690170 0.050670 -0.049201 0.94901961 0.94509804 0.94901961
v 0.859173 0.020194 -0.046212 0.59215686 0.39215686 0.32941176
v 0.673601 0.050622 -0.049191 0.94901961 0.94509804 0.95294118
v 0.853660 0.020106 -0.046368 0.60392157 0.40392157 0.34117647
v 0.856449 0.022868 -0.046293 0.59215686 0.39607843 0.33333333
v 0.850976 0.022714 -0.046346 0.60784314 0.40784314 0.34509804
v 0.668085 0.050600 -0.047902 0.92941176 0.92549020 0.93333333
v 0.837190 0.019797 -0.046637 0.56470588 0.37647059 0.30980392
v 0.679123 0.050639 -0.049364 0.95686275 0.94901961 0.95686275
v 0.842678 0.019845 -0.046214 0.59215686 0.40000000 0.32941176
v 0.845463 0.022592 -0.046385 0.60392157 0.40784314 0.34117647
v 0.839953 0.022526 -0.046425 0.58039216 0.38823529 0.32156863
v 0.831647 0.019764 -0.046499 0.55686275 0.37254902 0.29803922
v 0.834422 0.022523 -0.047081 0.58039216 0.38823529 0.31372549
v 0.826064 0.019968 -0.047110 0.53725490 0.35686275 0.28235294
v 0.828874 0.022552 -0.047105 0.56862745 0.38039216 0.30588235
v 0.831644 0.025223 -0.046783 0.58823529 0.39607843 0.32156863
v 0.837210 0.025245 -0.046508 0.59215686 0.39607843 0.32549020
v 0.828849 0.028075 -0.046482 0.60000000 0.40392157 0.32549020
v 0.695711 0.050670 -0.047423 0.92549020 0.92156863 0.92549020
v -0.873219 0.021037 -0.041970 0.69411765 0.47058824 0.39607843
v -0.873683 0.025273 -0.041970 0.70588235 0.47843137 0.40392157
v -0.870584 0.027714 -0.041970 0.72941176 0.49803922 0.41960784
v -0.865986 0.028270 -0.041970 0.74509804 0.50980392 0.43529412
v -0.870624 0.018091 -0.041970 0.69019608 0.45490196 0.38431373
v -0.866979 0.016195 -0.041970 0.67843137 0.43921569 0.36862745
v -0.863540 0.015129 -0.041970 0.65882353 0.42745098 0.36078431
v -0.865589 0.028261 -0.041970 0.75294118 0.51764706 0.43921569
v -0.862605 0.015027 -0.041970 0.65882353 0.43137255 0.36078431
v -0.857661 0.014791 -0.041970 0.74509804 0.50588235 0.41960784
v -0.857281 0.014811 -0.041970 0.68235294 0.45098039 0.37647059
v -0.852445 0.015117 -0.041970 0.63921569 0.42352941 0.35294118
v -0.855604 0.029358 -0.041970 0.76862745 0.52941176 0.44313725
v -0.853494 0.029679 -0.041970 0.75294118 0.51764706 0.42745098
v -0.850739 0.030034 -0.041970 0.75686275 0.52156863 0.42745098
v -0.846801 0.030832 -0.041970 0.73333333 0.50196078 0.41176471
v -0.846115 0.030951 -0.041970 0.73725490 0.50588235 0.41176471
v -0.851413 0.015137 -0.041970 0.62745098 0.41568627 0.34509804
v -0.847111 0.015324 -0.041970 0.60000000 0.39607843 0.32549020
v -0.845603 0.015407 -0.041970 0.60000000 0.40000000 0.32549020
v -0.841709 0.015463 -0.041970 0.56862745 0.38039216 0.30588235
v -0.839884 0.015585 -0.041970 0.57254902 0.38431373 0.30980392
v -0.836451 0.015746 -0.041970 0.55686275 0.37647059 0.29803922
v -0.833916 0.016012 -0.041970 0.55294118 0.37254902 0.29803922
v -0.841525 0.031831 -0.041970 0.73725490 0.50588235 0.41176471
v -0.839802 0.032235 -0.041970 0.73333333 0.50196078 0.40784314
v -0.697483 0.008369 -0.041970 0.73725490 0.69803922 0.68627451
v -0.696536 0.008801 -0.041970 0.75294118 0.73333333 0.72941176
v -0.837146 0.032841 -0.041970 0.72549020 0.49803922 0.40392157
v -0.692596 0.010388 -0.041970 0.77647059 0.76470588 0.76862745
v -0.689360 0.010940 -0.041970 0.78823529 0.77254902 0.77254902
v -0.831307 0.016143 -0.041970 0.54117647 0.36862745 0.29019608
v -0.827859 0.016527 -0.041970 0.53333333 0.36470588 0.29019608
v -0.687661 0.010996 -0.041970 0.79215686 0.77647059 0.78039216
v -0.826220 0.016597 -0.041970 0.52549020 0.36078431 0.28627451
v -0.684189 0.010576 -0.041970 0.79607843 0.78039216 0.78823529
v -0.822576 0.016270 -0.041970 0.53725490 0.37254902 0.29411765
v -0.681233 0.010120 -0.041970 0.79215686 0.78431373 0.79215686
v -0.679312 0.009916 -0.041970 0.78431373 0.77647059 0.78431373
v -0.675362 0.009794 -0.041970 0.77254902 0.76862745 0.77647059
v -0.674002 0.009686 -0.041970 0.77254902 0.76862745 0.77254902
v -0.641954 0.008495 -0.041970 0.72941176 0.72549020 0.72941176
v -0.669547 0.009523 -0.041970 0.77254902 0.76470588 0.76862745
v 0.867963 0.016945 -0.041970 0.59607843 0.39215686 0.32549020
v -0.820338 0.016256 -0.041970 0.52549020 0.36470588 0.28627451
v 0.865510 0.015448 -0.041970 0.58823529 0.38431373 0.31764706
v -0.668597 0.009557 -0.041970 0.77647059 0.76470588 0.76862745
v 0.870646 0.019803 -0.041970 0.59215686 0.39215686 0.32549020
v -0.664250 0.009778 -0.041970 0.78039216 0.76862745 0.77254902
v -0.640648 0.008340 -0.041970 0.72549020 0.71764706 0.72156863
v -0.662699 0.009914 -0.041970 0.78039216 0.77254902 0.77647059
v -0.636410 0.008497 -0.041970 0.72156863 0.71372549 0.71764706
v -0.635235 0.008468 -0.041970 0.72156863 0.70980392 0.71372549
v -0.632656 0.061200 -0.041970 0.89019608 0.88235294 0.89411765
v -0.816993 0.016311 -0.041970 0.52156863 0.36078431 0.28235294
v -0.631466 0.007900 -0.041970 0.71764706 0.70980392 0.71372549
v -0.627885 0.061368 -0.041970 0.90980392 0.90588235 0.91372549
v -0.814679 0.016138 -0.041970 0.51372549 0.35294118 0.27843137
v -0.627339 0.061327 -0.041970 0.90980392 0.90980392 0.91764706
v -0.667919 0.049029 -0.041970 0.94509804 0.94509804 0.95294118
v -0.664243 0.048481 -0.041970 0.94117647 0.94117647 0.94901961
v -0.812013 0.015750 -0.041970 0.52941176 0.35686275 0.28235294
v 0.871127 0.021066 -0.041970 0.56862745 0.38039216 0.32156863
v -0.658826 0.009894 -0.041970 0.78039216 0.77254902 0.78039216
v -0.657055 0.010017 -0.041970 0.78039216 0.77254902 0.78039216
v -0.700111 0.050079 -0.041970 0.95294118 0.94509804 0.94901961
v -0.653621 0.010230 -0.041970 0.76470588 0.75686275 0.76078431
v -0.651511 0.010020 -0.041970 0.74509804 0.73725490 0.74117647
v -0.860346 0.028559 -0.041970 0.77254902 0.54117647 0.45882353
v -0.698784 0.049828 -0.041970 0.95294118 0.95294118 0.95686275
v -0.647478 0.009629 -0.041970 0.72941176 0.72156863 0.72549020
v -0.860114 0.028601 -0.041970 0.77647059 0.54117647 0.45490196
v -0.662714 0.048690 -0.041970 0.94117647 0.94509804 0.95294118
v -0.646531 0.009459 -0.041970 0.72941176 0.72156863 0.72549020
v -0.696246 0.048402 -0.041970 0.93725490 0.94117647 0.94509804
v -0.659996 0.049789 -0.041970 0.92941176 0.92941176 0.94117647
v -0.656696 0.052042 -0.041970 0.90196078 0.90196078 0.91372549
v -0.692804 0.046302 -0.041970 0.93333333 0.92941176 0.93333333
v -0.652592 0.053270 -0.041970 0.92549020 0.92549020 0.93333333
v -0.688497 0.045107 -0.041970 0.92156863 0.92156863 0.92941176
v -0.688452 0.045113 -0.041970 0.92549020 0.92941176 0.93333333
v -0.684543 0.046654 -0.041970 0.94117647 0.93725490 0.94509804
v -0.652421 0.053324 -0.041970 0.92549020 0.92549020 0.93333333
v -0.680234 0.047871 -0.041970 0.92941176 0.92941176 0.93725490
v -0.680109 0.047918 -0.041970 0.92549020 0.92549020 0.93725490
v -0.647485 0.053965 -0.041970 0.92156863 0.92549020 0.93333333
v -0.646197 0.054121 -0.041970 0.92156863 0.92156863 0.92941176
v -0.642838 0.054859 -0.041970 0.90588235 0.90196078 0.91372549
v -0.675727 0.048884 -0.041970 0.91764706 0.91764706 0.93333333
v -0.639134 0.056607 -0.041970 0.85882353 0.85490196 0.86274510
v -0.636326 0.059332 -0.041970 0.85098039 0.84313725 0.85098039
v -0.634026 0.060760 -0.041970 0.87450980 0.87058824 0.87450980
v -0.672902 0.049586 -0.041970 0.93333333 0.92941176 0.94117647
v -0.671085 0.049759 -0.041970 0.94117647 0.93725490 0.94901961
v 0.682157 0.008813 -0.041970 0.81176471 0.80784314 0.81568627
v 0.680812 0.007956 -0.041970 0.80392157 0.80000000 0.80784314
v 0.692119 0.008198 -0.041970 0.80784314 0.80000000 0.80784314
v 0.687838 0.009453 -0.041970 0.81568627 0.81176471 0.81960784
v 0.687007 0.009505 -0.041970 0.81568627 0.80784314 0.81960784
v 0.671560 0.008327 -0.041970 0.81568627 0.80784314 0.81960784
v 0.670399 0.008676 -0.041970 0.81960784 0.81176471 0.82352941
v 0.657064 0.006200 -0.041970 0.75686275 0.74901961 0.76470588
v 0.656675 0.006092 -0.041970 0.75686275 0.74901961 0.76470588
v 0.678584 0.006845 -0.041970 0.80784314 0.80392157 0.81176471
v 0.661279 0.007527 -0.041970 0.75294118 0.74901961 0.76078431
v 0.674593 0.007327 -0.041970 0.81176471 0.80784314 0.81568627
v 0.643269 0.003372 -0.041970 0.73725490 0.73333333 0.74509804
v 0.666147 0.008199 -0.041970 0.80392157 0.80000000 0.80784314
v 0.642292 0.002792 -0.041970 0.73333333 0.72941176 0.73725490
v 0.664051 0.007928 -0.041970 0.78431373 0.77647059 0.78823529
v 0.633671 0.001887 -0.041970 0.78039216 0.77254902 0.78431373
v 0.629455 0.001037 -0.041970 0.81568627 0.81176471 0.82352941
v 0.639563 0.001537 -0.041970 0.72549020 0.71764706 0.72941176
v 0.629039 0.000978 -0.041970 0.81568627 0.81176471 0.82352941
v 0.623813 0.000936 -0.041970 0.76470588 0.76078431 0.77254902
v 0.667961 0.045178 -0.041970 0.92941176 0.92549020 0.93333333
v 0.663141 0.045717 -0.041970 0.89019608 0.88627451 0.89803922
v 0.661560 0.046038 -0.041970 0.88235294 0.87843137 0.89019608
v 0.636057 0.002098 -0.041970 0.74509804 0.73725490 0.74901961
v 0.648734 0.003448 -0.041970 0.74509804 0.73725490 0.75294118
v 0.648436 0.003395 -0.041970 0.74901961 0.74117647 0.75294118
v 0.652267 0.005456 -0.041970 0.75686275 0.74901961 0.76862745
v 0.658932 0.047059 -0.041970 0.89019608 0.88235294 0.89411765
v 0.636855 0.052766 -0.041970 0.89019608 0.88235294 0.89411765
v 0.655523 0.049203 -0.041970 0.89411765 0.89019608 0.90196078
v 0.632429 0.053881 -0.041970 0.90196078 0.89803922 0.90588235
v 0.630894 0.054534 -0.041970 0.89411765 0.88627451 0.89411765
v 0.638438 0.052532 -0.041970 0.89019608 0.88627451 0.89803922
v 0.650661 0.051394 -0.041970 0.86274510 0.85882353 0.86666667
v 0.647190 0.051983 -0.041970 0.84313725 0.83921569 0.84705882
v 0.628655 0.055647 -0.041970 0.87843137 0.87058824 0.88235294
v 0.651784 0.051022 -0.041970 0.89019608 0.88627451 0.89803922
v 0.644306 0.052205 -0.041970 0.87450980 0.86666667 0.87843137
v 0.641928 0.052297 -0.041970 0.89803922 0.89411765 0.90196078
v 0.624737 0.057271 -0.041970 0.84313725 0.83921569 0.84705882
v 0.831767 0.014320 -0.041970 0.48235294 0.30980392 0.24705882
v 0.831503 0.014323 -0.041970 0.48627451 0.31372549 0.24705882
v 0.854822 0.013462 -0.041970 0.54901961 0.35294118 0.29803922
v 0.852520 0.013493 -0.041970 0.57647059 0.38039216 0.32549020
v 0.842961 0.014194 -0.041970 0.52156863 0.34509804 0.28235294
v 0.673544 0.045048 -0.041970 0.94117647 0.93725490 0.94509804
v 0.842306 0.014196 -0.041970 0.52156863 0.34509804 0.28235294
v 0.668138 0.045173 -0.041970 0.93333333 0.92549020 0.93333333
v 0.848956 0.013735 -0.041970 0.55686275 0.37254902 0.30980392
v 0.847414 0.013837 -0.041970 0.56470588 0.38431373 0.31764706
v 0.860081 0.013744 -0.041970 0.56078431 0.36078431 0.29411765
v 0.857987 0.013467 -0.041970 0.55294118 0.35294118 0.29019608
v 0.864404 0.014963 -0.041970 0.58431373 0.37647059 0.30980392
v 0.863406 0.027043 -0.041970 0.55686275 0.36862745 0.30980392
v 0.860683 0.027198 -0.041970 0.57254902 0.38039216 0.31764706
v 0.857178 0.027708 -0.041970 0.58431373 0.38823529 0.32549020
v 0.856073 0.027863 -0.041970 0.59215686 0.39607843 0.32941176
v 0.837347 0.014273 -0.041970 0.49411765 0.31764706 0.25882353
v 0.836974 0.014277 -0.041970 0.49411765 0.32156863 0.25882353
v 0.837839 0.030278 -0.041970 0.62745098 0.42352941 0.34901961
v 0.836901 0.030512 -0.041970 0.63529412 0.43137255 0.35294118
v 0.850679 0.028626 -0.041970 0.60000000 0.40392157 0.33333333
v 0.846478 0.029007 -0.041970 0.61176471 0.41176471 0.33725490
v 0.851385 0.028555 -0.041970 0.59215686 0.39607843 0.32941176
v 0.844446 0.029266 -0.041970 0.61960784 0.41568627 0.34117647
v 0.841510 0.029561 -0.041970 0.62745098 0.42352941 0.34901961
v 0.832247 0.031281 -0.041970 0.64705882 0.43529412 0.35686275
v 0.830451 0.032006 -0.041970 0.64705882 0.43921569 0.35686275
v 0.828190 0.032992 -0.041970 0.64705882 0.43921569 0.36078431
v 0.870149 0.025629 -0.041970 0.56470588 0.37254902 0.31372549
v 0.865857 0.026878 -0.041970 0.54901961 0.36078431 0.30588235
v 0.688786 0.046512 -0.041970 0.94509804 0.93725490 0.94509804
v 0.685243 0.045743 -0.041970 0.94117647 0.93725490 0.94117647
v 0.673630 0.045050 -0.041970 0.94117647 0.93725490 0.94509804
v 0.678995 0.045224 -0.041970 0.94509804 0.94117647 0.94901961
v 0.684201 0.045557 -0.041970 0.94117647 0.93333333 0.94117647
v 0.679254 0.045238 -0.041970 0.94509804 0.94117647 0.94509804
v 0.693180 0.047659 -0.041970 0.93333333 0.93333333 0.93725490
v 0.692553 0.047511 -0.041970 0.93333333 0.93333333 0.93725490
v 0.698018 0.048364 -0.041970 0.92156863 0.91764706 0.92156863
v 0.820425 0.014569 -0.041970 0.49803922 0.32941176 0.25490196
v 0.814889 0.014612 -0.041970 0.51372549 0.34117647 0.26666667
v 0.809542 0.014339 -0.041970 0.50588235 0.34117647 0.26274510
v 0.814866 0.014611 -0.041970 0.50588235 0.33725490 0.26274510
v 0.820470 0.014569 -0.041970 0.49411765 0.32156863 0.25098039
v 0.826149 0.014404 -0.041970 0.49411765 0.32156863 0.25098039
v 0.825904 0.014407 -0.041970 0.50588235 0.32941176 0.25882353
v -0.871333 0.022923 -0.044371 0.71372549 0.47450980 0.40392157
v -0.868563 0.025693 -0.044519 0.73333333 0.49411765 0.41960784
v -0.868563 0.020152 -0.045185 0.70980392 0.45882353 0.39215686
v -0.865792 0.017382 -0.044354 0.71372549 0.44313725 0.38823529
v -0.863022 0.025693 -0.044966 0.74509804 0.50588235 0.42745098
v -0.860251 0.017382 -0.045014 0.71764706 0.46666667 0.39215686
v -0.854710 0.017382 -0.044905 0.67058824 0.44313725 0.36862745
v -0.854710 0.028464 -0.043508 0.73725490 0.50196078 0.41568627
v -0.851939 0.025693 -0.045691 0.71764706 0.48627451 0.40392157
v -0.849169 0.028464 -0.044351 0.72941176 0.49803922 0.41176471
v -0.685711 0.009055 -0.045740 0.77254902 0.75686275 0.76078431
v -0.843628 0.028464 -0.045093 0.71764706 0.49411765 0.40392157
v -0.680169 0.009058 -0.043516 0.77254902 0.76470588 0.77254902
v -0.849169 0.017382 -0.044797 0.63921569 0.42745098 0.35294118
v -0.674628 0.009060 -0.042990 0.76470588 0.76078431 0.76470588
v -0.843628 0.017382 -0.044701 0.60000000 0.40392157 0.32941176
v 0.867484 0.017423 -0.043036 0.58431373 0.38431373 0.32156863
v -0.633067 0.006300 -0.045070 0.70980392 0.70196078 0.70196078
v 0.870255 0.020194 -0.042748 0.57647059 0.38039216 0.32156863
v -0.838087 0.017382 -0.044469 0.59215686 0.40000000 0.32156863
v -0.832546 0.017382 -0.043865 0.58431373 0.40000000 0.32156863
v -0.860251 0.028464 -0.042196 0.76078431 0.52549020 0.44313725
v -0.840878 0.031173 -0.043386 0.72156863 0.49411765 0.40392157
v -0.669084 0.009070 -0.042603 0.76862745 0.76078431 0.76470588
v -0.857480 0.025693 -0.045283 0.74509804 0.50588235 0.42745098
v -0.835353 0.031127 -0.045165 0.70588235 0.49019608 0.40000000
v -0.663543 0.009070 -0.043090 0.77254902 0.76470588 0.76470588
v -0.666370 0.050578 -0.043587 0.94509804 0.94509804 0.95294118
v -0.827018 0.033965 -0.044677 0.71372549 0.49803922 0.40784314
v -0.660810 0.050595 -0.042817 0.93725490 0.93725490 0.94509804
v -0.633123 0.061663 -0.042733 0.88235294 0.87450980 0.88235294
v -0.627634 0.061620 -0.042241 0.90980392 0.90588235 0.91764706
v -0.658034 0.053371 -0.043491 0.90980392 0.90980392 0.92156863
v -0.624893 0.064367 -0.045506 0.92549020 0.92549020 0.92941176
v -0.652480 0.053382 -0.042046 0.92941176 0.92941176 0.93725490
v -0.649703 0.056158 -0.044833 0.92941176 0.93333333 0.93725490
v -0.827005 0.017382 -0.043268 0.56470588 0.38823529 0.30980392
v -0.658002 0.009070 -0.042851 0.77254902 0.76862745 0.77254902
v -0.821464 0.017382 -0.043930 0.56470588 0.38823529 0.30980392
v -0.652460 0.009070 -0.043409 0.74117647 0.73725490 0.73725490
v -0.644191 0.056133 -0.043880 0.91764706 0.91764706 0.92549020
v -0.646919 0.009070 -0.042628 0.72549020 0.72156863 0.72156863
v -0.815922 0.017382 -0.044144 0.54509804 0.37254902 0.29411765
v -0.810381 0.017382 -0.045149 0.52941176 0.34901961 0.27058824
v -0.699577 0.050613 -0.043052 0.94509804 0.94509804 0.94509804
v -0.691264 0.047844 -0.044208 0.93725490 0.93333333 0.94117647
v -0.685727 0.047840 -0.043578 0.93725490 0.93333333 0.94117647
v -0.682962 0.050605 -0.045612 0.94117647 0.94117647 0.94901961
v -0.677437 0.050592 -0.043846 0.91372549 0.90980392 0.92549020
v -0.674709 0.053326 -0.045350 0.92941176 0.92549020 0.93725490
v -0.671914 0.050576 -0.042700 0.93333333 0.93333333 0.94509804
v -0.669175 0.053320 -0.045415 0.94901961 0.94901961 0.95294118
v 0.668005 0.006341 -0.045090 0.79215686 0.78823529 0.79607843
v 0.662464 0.006341 -0.043731 0.74901961 0.74509804 0.75686275
v 0.623677 0.000800 -0.042160 0.76470588 0.76078431 0.76862745
v 0.629218 0.000800 -0.042166 0.81568627 0.80784314 0.82352941
v 0.665300 0.047842 -0.044260 0.92156863 0.91764706 0.92941176
v 0.659741 0.047858 -0.043186 0.89019608 0.88235294 0.89411765
v 0.656966 0.050632 -0.045208 0.89411765 0.89019608 0.89803922
v 0.687447 0.009065 -0.042784 0.81568627 0.81176471 0.81568627
v 0.637530 0.053440 -0.043126 0.89411765 0.89019608 0.89803922
v 0.654153 0.003570 -0.044269 0.74901961 0.74117647 0.75294118
v 0.648632 0.053422 -0.044069 0.84705882 0.84313725 0.85098039
v 0.640300 0.000800 -0.043164 0.72156863 0.71372549 0.72549020
v 0.643071 0.053440 -0.043457 0.89411765 0.88627451 0.89803922
v 0.634759 0.000800 -0.043154 0.74117647 0.73333333 0.74509804
v 0.629218 0.056211 -0.043273 0.87843137 0.87058824 0.87843137
v 0.687399 0.047899 -0.045358 0.94901961 0.94509804 0.95294118
v 0.831638 0.014449 -0.042237 0.50980392 0.33333333 0.26666667
v 0.853641 0.014624 -0.043878 0.60392157 0.38823529 0.35294118
v 0.673588 0.045092 -0.042018 0.94117647 0.93725490 0.94509804
v 0.842631 0.014498 -0.042538 0.56078431 0.37647059 0.30980392
v 0.848135 0.014542 -0.043212 0.65882353 0.46274510 0.39215686
v 0.670838 0.047845 -0.044918 0.94117647 0.93333333 0.94117647
v 0.850909 0.017272 -0.045811 0.61568627 0.41568627 0.35686275
v 0.676361 0.047861 -0.045748 0.95294118 0.94509804 0.95294118
v 0.845405 0.017197 -0.045447 0.59607843 0.40784314 0.34117647
v 0.859173 0.014653 -0.043725 0.57647059 0.37254902 0.30980392
v 0.861943 0.017423 -0.045493 0.58039216 0.37647059 0.31372549
v 0.864714 0.020194 -0.045693 0.58039216 0.38039216 0.32156863
v 0.867485 0.022964 -0.044707 0.57647059 0.38039216 0.31764706
v 0.861943 0.022964 -0.045801 0.58039216 0.38431373 0.32156863
v 0.864714 0.025735 -0.043699 0.56862745 0.37647059 0.31764706
v 0.853756 0.025456 -0.044943 0.59215686 0.39607843 0.32941176
v 0.859210 0.025673 -0.044343 0.58431373 0.38823529 0.32549020
v 0.837173 0.014417 -0.042329 0.52549020 0.34509804 0.27843137
v 0.839932 0.017114 -0.045353 0.54509804 0.36470588 0.29803922
v 0.834418 0.017113 -0.045465 0.52941176 0.34901961 0.28235294
v 0.842751 0.025258 -0.045672 0.61176471 0.41176471 0.34117647
v 0.828876 0.017140 -0.045552 0.51372549 0.33725490 0.26666667
v 0.840028 0.028047 -0.044228 0.61568627 0.41568627 0.34117647
v 0.834442 0.027966 -0.045316 0.62352941 0.41960784 0.34509804
v 0.848249 0.025313 -0.045145 0.60784314 0.40784314 0.33725490
v 0.851075 0.028197 -0.042595 0.60000000 0.40000000 0.33333333
v 0.845574 0.028110 -0.043524 0.61568627 0.41568627 0.34117647
v 0.831667 0.030728 -0.043279 0.63137255 0.42745098 0.34901961
v 0.826056 0.030893 -0.045435 0.62745098 0.43137255 0.34509804
v 0.681886 0.047875 -0.045315 0.94509804 0.94117647 0.94509804
v 0.692941 0.047899 -0.042498 0.93333333 0.93333333 0.93333333
v -0.828233 0.035176 -0.041970 0.72156863 0.49803922 0.40392157
v -0.772512 0.010922 -0.041970 0.58431373 0.40000000 0.31372549
v -0.716134 0.000808 -0.041970 0.59215686 0.45490196 0.38431373
v -0.808539 0.015540 -0.041970 0.50588235 0.34509804 0.26666667
v -0.707409 0.003066 -0.041970 0.58039216 0.44313725 0.37254902
v -0.700155 0.006886 -0.041970 0.57647059 0.47058824 0.40784314
v -0.770495 0.010741 -0.041970 0.61568627 0.41960784 0.32941176
v -0.762422 0.009930 -0.041970 0.61960784 0.42352941 0.33333333
v -0.757946 0.009275 -0.041970 0.62745098 0.43137255 0.34117647
v -0.825409 0.035576 -0.041970 0.71764706 0.50588235 0.41176471
v 0.713867 -0.000744 -0.041970 0.66274510 0.50980392 0.42352941
v 0.706921 0.000800 -0.041970 0.70588235 0.60392157 0.55294118
v -0.817678 0.035761 -0.041970 0.72549020 0.51372549 0.42352941
v -0.789068 0.040397 -0.041970 0.74117647 0.50588235 0.38823529
v 0.699349 0.004332 -0.041970 0.79215686 0.78039216 0.78431373
v -0.786766 0.040997 -0.041970 0.74117647 0.50980392 0.39607843
v 0.695524 0.006528 -0.041970 0.80000000 0.79607843 0.80392157
v -0.814073 0.035855 -0.041970 0.74901961 0.52549020 0.42352941
v -0.780164 0.042575 -0.041970 0.74117647 0.50980392 0.40000000
v 0.709524 0.047952 -0.041970 0.92549020 0.90980392 0.91372549
v -0.807165 0.036330 -0.041970 0.74901961 0.52156863 0.41568627
v 0.699002 0.048381 -0.041970 0.91764706 0.91764706 0.92156863
v 0.790057 0.011574 -0.041970 0.51372549 0.35294118 0.27450980
v -0.802438 0.014242 -0.041970 0.50588235 0.34117647 0.26666667
v 0.783339 0.010571 -0.041970 0.54117647 0.37254902 0.28627451
v -0.772406 0.044275 -0.041970 0.74901961 0.50588235 0.38823529
v 0.780202 0.010372 -0.041970 0.55294118 0.37647059 0.29411765
v 0.771503 0.009938 -0.041970 0.57647059 0.39215686 0.30588235
v -0.794822 0.012905 -0.041970 0.51372549 0.34509804 0.27058824
v 0.720733 0.047800 -0.041970 0.72156863 0.56078431 0.46274510
v 0.709844 0.047936 -0.041970 0.92549020 0.90980392 0.90980392
v -0.793011 0.012588 -0.041970 0.52941176 0.35686275 0.27843137
v 0.720886 0.047791 -0.041970 0.70980392 0.49411765 0.38431373
v 0.809237 0.014326 -0.041970 0.50588235 0.34117647 0.26666667
v -0.801546 0.037299 -0.041970 0.75294118 0.51764706 0.40000000
v 0.811446 0.034411 -0.041970 0.63529412 0.43921569 0.34509804
v -0.797881 0.038128 -0.041970 0.74901961 0.50588235 0.38431373
v -0.771025 0.044518 -0.041970 0.74509804 0.50980392 0.39215686
v 0.807669 0.034459 -0.041970 0.65098039 0.43921569 0.34509804
v -0.783130 0.011386 -0.041970 0.54901961 0.37254902 0.29019608
v 0.798958 0.035694 -0.041970 0.66666667 0.44313725 0.34117647
v -0.761325 0.045901 -0.041970 0.76078431 0.52549020 0.41176471
v 0.798068 0.035872 -0.041970 0.70196078 0.46666667 0.36078431
v -0.782144 0.011308 -0.041970 0.56078431 0.38039216 0.29803922
v -0.759496 0.046103 -0.041970 0.76470588 0.53333333 0.41568627
v 0.823153 0.033838 -0.041970 0.65490196 0.45098039 0.36862745
v 0.818158 0.034286 -0.041970 0.64705882 0.45098039 0.36078431
v 0.799739 0.013005 -0.041970 0.49803922 0.34117647 0.26274510
v -0.752994 0.008276 -0.041970 0.62352941 0.43137255 0.34117647
v 0.796615 0.012657 -0.041970 0.49411765 0.34117647 0.26274510
v 0.750587 0.006851 -0.041970 0.62352941 0.43529412 0.34117647
v -0.751767 0.047425 -0.041970 0.76078431 0.52156863 0.40784314
v 0.744501 0.005215 -0.041970 0.62745098 0.44313725 0.34901961
v 0.733762 0.001536 -0.041970 0.63529412 0.46274510 0.36862745
v -0.744259 0.005929 -0.041970 0.61960784 0.43137255 0.34117647
v 0.728366 0.000115 -0.041970 0.64313725 0.47843137 0.38823529
v -0.743084 0.005495 -0.041970 0.61568627 0.43137255 0.34117647
v 0.724768 -0.000553 -0.041970 0.64705882 0.48627451 0.40000000
v -0.736217 0.002889 -0.041970 0.60000000 0.42745098 0.34509804
v 0.716287 -0.000938 -0.041970 0.65490196 0.50196078 0.41568627
v -0.727529 0.001022 -0.041970 0.59607843 0.43137255 0.34901961
v 0.741959 0.004414 -0.041970 0.63137255 0.45098039 0.35686275
v 0.759755 0.008748 -0.041970 0.61960784 0.42352941 0.32941176
v 0.759032 0.008633 -0.041970 0.61960784 0.42745098 0.33333333
v -0.727063 0.000960 -0.041970 0.59215686 0.43529412 0.35686275
v 0.769711 0.009840 -0.041970 0.60000000 0.41176471 0.31764706
v -0.716222 0.000797 -0.041970 0.58823529 0.43921569 0.36470588
v -0.745634 0.048883 -0.041970 0.79215686 0.54509804 0.44313725
v 0.756185 0.045472 -0.041970 0.75686275 0.51764706 0.40000000
v -0.742426 0.049166 -0.041970 0.75686275 0.52941176 0.41960784
v 0.752169 0.045853 -0.041970 0.76470588 0.52549020 0.40392157
v -0.734354 0.049081 -0.041970 0.76078431 0.53725490 0.42745098
v 0.743537 0.047095 -0.041970 0.74901961 0.50980392 0.38431373
v -0.731304 0.049126 -0.041970 0.78039216 0.55686275 0.44705882
v 0.742516 0.047274 -0.041970 0.74117647 0.50196078 0.37647059
v -0.723042 0.049312 -0.041970 0.75686275 0.53725490 0.43921569
v -0.720478 0.049348 -0.041970 0.76470588 0.53725490 0.43921569
v 0.731775 0.047806 -0.041970 0.74509804 0.51764706 0.39607843
v -0.711838 0.049434 -0.041970 0.76862745 0.52941176 0.43529412
v 0.732031 0.047844 -0.041970 0.74509804 0.51764706 0.39607843
v -0.709569 0.049517 -0.041970 0.80392157 0.59607843 0.51372549
v 0.784196 0.039492 -0.041970 0.81960784 0.56862745 0.43137255
v 0.780231 0.040478 -0.041970 0.78823529 0.54509804 0.41568627
v 0.789116 0.038145 -0.041970 0.80392157 0.55686275 0.43137255
v 0.771190 0.042629 -0.041970 0.76862745 0.51764706 0.39607843
v 0.769560 0.043125 -0.041970 0.76078431 0.51764706 0.40000000
v 0.762387 0.044936 -0.041970 0.76470588 0.51372549 0.40000000
v -0.815922 0.034005 -0.045497 0.72549020 0.52941176 0.45490196
v -0.771594 0.045087 -0.046287 0.74901961 0.51372549 0.40000000
v -0.810381 0.028464 -0.049559 0.67058824 0.46274510 0.37254902
v -0.804840 0.034005 -0.047351 0.71764706 0.49803922 0.39607843
v -0.743888 0.006299 -0.043067 0.61568627 0.43137255 0.34117647
v -0.721743 0.050611 -0.045251 0.77647059 0.53725490 0.43529412
v -0.710670 0.050603 -0.043993 0.78431373 0.56470588 0.48627451
v 0.820448 0.014592 -0.042009 0.51372549 0.34117647 0.26666667
v 0.803924 0.030793 -0.048956 0.65098039 0.43529412 0.33725490
v 0.814945 0.030978 -0.047260 0.61176471 0.41568627 0.32941176
v 0.809394 0.014483 -0.042384 0.52549020 0.35294118 0.27450980
v 0.798352 0.014330 -0.047845 0.50588235 0.34509804 0.26666667
v 0.820442 0.025610 -0.048803 0.58431373 0.39607843 0.31372549
v 0.814904 0.020059 -0.048408 0.54117647 0.36078431 0.28235294
v 0.748362 0.009084 -0.049122 0.62352941 0.43921569 0.34901961
v 0.731751 0.003547 -0.047655 0.64313725 0.48235294 0.39215686
v 0.759451 0.009053 -0.043684 0.60784314 0.41960784 0.32549020
v -0.874732 0.025065 -0.038052 0.68627451 0.47843137 0.40000000
v -0.874444 0.026034 -0.038052 0.67450980 0.47058824 0.39215686
v -0.873621 0.020635 -0.038052 0.69803922 0.48627451 0.40392157
v -0.871360 0.028437 -0.038052 0.65882353 0.43529412 0.36078431
v -0.871296 0.028426 -0.038052 0.74509804 0.50980392 0.43137255
v -0.866474 0.029145 -0.038052 0.78431373 0.55294118 0.47058824
v -0.870873 0.017842 -0.038052 0.68235294 0.46274510 0.38431373
v -0.867257 0.015917 -0.038052 0.64313725 0.42745098 0.35294118
v -0.863097 0.014687 -0.038052 0.61568627 0.40392157 0.33333333
v -0.862963 0.014670 -0.038052 0.59215686 0.38823529 0.31764706
v -0.857831 0.014261 -0.038052 0.58823529 0.38431373 0.31764706
v -0.857093 0.014224 -0.038052 0.55686275 0.36470588 0.29803922
v -0.852160 0.014390 -0.038052 0.54117647 0.35294118 0.29411765
v -0.851741 0.014413 -0.038052 0.54117647 0.35294118 0.29019608
v 0.868345 0.016562 -0.038052 0.61960784 0.40784314 0.33333333
v -0.680983 0.043095 -0.038052 0.92941176 0.92941176 0.93725490
v 0.864739 0.014677 -0.038052 0.60392157 0.39215686 0.32156863
v -0.678944 0.043541 -0.038052 0.91372549 0.91764706 0.92549020
v 0.871015 0.019433 -0.038052 0.60392157 0.40392157 0.33725490
v -0.676456 0.044101 -0.038052 0.90980392 0.90588235 0.92156863
v 0.872198 0.022137 -0.038052 0.57254902 0.40000000 0.34901961
v -0.672198 0.044746 -0.038052 0.93333333 0.93333333 0.94509804
v -0.659053 0.013559 -0.038052 0.81176471 0.80392157 0.81960784
v -0.865083 0.029173 -0.038052 0.80000000 0.57647059 0.49411765
v -0.657313 0.013922 -0.038052 0.81176471 0.80784314 0.81960784
v -0.653090 0.013982 -0.038052 0.77647059 0.76862745 0.77254902
v -0.694042 0.011838 -0.038052 0.79607843 0.78823529 0.79607843
v -0.693967 0.011878 -0.038052 0.79215686 0.78431373 0.79215686
v -0.861321 0.029534 -0.038052 0.80392157 0.58039216 0.49803922
v -0.690001 0.013333 -0.038052 0.80784314 0.80000000 0.80392157
v -0.858759 0.029955 -0.038052 0.80000000 0.56862745 0.47843137
v -0.856525 0.030278 -0.038052 0.78431373 0.54901961 0.45490196
v -0.651557 0.013707 -0.038052 0.75294118 0.74901961 0.74901961
v -0.852256 0.030918 -0.038052 0.77647059 0.53725490 0.44313725
v -0.648469 0.013061 -0.038052 0.74509804 0.73333333 0.73725490
v -0.686562 0.013743 -0.038052 0.81960784 0.81176471 0.81568627
v -0.644191 0.011882 -0.038052 0.76078431 0.75294118 0.75686275
v -0.644124 0.011865 -0.038052 0.75686275 0.74901961 0.75294118
v -0.684849 0.013731 -0.038052 0.81960784 0.81176471 0.81568627
v -0.851694 0.030989 -0.038052 0.77254902 0.53333333 0.43921569
v -0.846976 0.031812 -0.038052 0.76862745 0.52941176 0.43529412
v -0.639056 0.011393 -0.038052 0.74901961 0.74117647 0.74509804
v -0.681410 0.013357 -0.038052 0.81960784 0.81568627 0.82352941
v -0.678696 0.013127 -0.038052 0.81176471 0.80784314 0.81568627
v -0.638104 0.011337 -0.038052 0.74509804 0.73725490 0.74117647
v -0.846421 0.014633 -0.038052 0.54509804 0.36078431 0.29411765
v -0.676307 0.012921 -0.038052 0.80784314 0.80000000 0.81176471
v -0.672850 0.012825 -0.038052 0.80000000 0.79607843 0.80392157
v -0.846374 0.014636 -0.038052 0.55294118 0.37254902 0.29803922
v -0.634060 0.010848 -0.038052 0.71764706 0.70980392 0.71764706
v -0.631802 0.010495 -0.038052 0.71764706 0.70980392 0.71372549
v -0.840985 0.014739 -0.038052 0.54901961 0.36470588 0.29411765
v -0.670890 0.012799 -0.038052 0.80392157 0.79215686 0.80392157
v -0.840712 0.014756 -0.038052 0.54509804 0.36470588 0.29019608
v -0.667372 0.012899 -0.038052 0.80392157 0.79607843 0.80000000
v -0.659657 0.043929 -0.038052 0.92549020 0.92549020 0.93725490
v -0.656333 0.046151 -0.038052 0.87450980 0.87450980 0.88627451
v -0.835660 0.014955 -0.038052 0.53725490 0.35686275 0.28235294
v -0.652488 0.047832 -0.038052 0.91764706 0.91764706 0.92941176
v -0.626995 0.056705 -0.038052 0.90196078 0.89803922 0.90588235
v -0.834928 0.014999 -0.038052 0.52549020 0.35294118 0.27843137
v -0.622468 0.055693 -0.038052 0.89803922 0.89411765 0.90588235
v -0.845552 0.032080 -0.038052 0.76862745 0.52549020 0.43137255
v -0.652470 0.047838 -0.038052 0.91764706 0.91764706 0.92941176
v -0.842289 0.032619 -0.038052 0.75294118 0.51764706 0.42352941
v -0.839171 0.032878 -0.038052 0.74509804 0.50980392 0.41176471
v -0.648730 0.049668 -0.038052 0.91764706 0.91372549 0.92549020
v -0.837183 0.032996 -0.038052 0.73333333 0.50588235 0.40392157
v -0.664807 0.013347 -0.038052 0.80784314 0.80000000 0.80392157
v -0.662423 0.013491 -0.038052 0.81176471 0.80392157 0.81568627
v -0.671568 0.044752 -0.038052 0.93333333 0.93725490 0.94509804
v -0.830453 0.015289 -0.038052 0.51372549 0.34901961 0.27450980
v -0.667878 0.043525 -0.038052 0.93725490 0.93725490 0.94509804
v -0.829039 0.015348 -0.038052 0.50980392 0.34509804 0.27058824
v -0.664725 0.041136 -0.038052 0.93333333 0.93333333 0.94117647
v -0.825131 0.015508 -0.038052 0.50588235 0.34509804 0.27058824
v -0.644888 0.051367 -0.038052 0.90980392 0.90588235 0.91372549
v -0.662676 0.041408 -0.038052 0.94117647 0.93725490 0.94509804
v -0.823304 0.015541 -0.038052 0.50980392 0.34901961 0.27450980
v -0.819320 0.015238 -0.038052 0.50588235 0.34901961 0.27450980
v -0.818081 0.015224 -0.038052 0.49803922 0.34509804 0.27058824
v -0.643177 0.051600 -0.038052 0.89411765 0.89411765 0.90196078
v -0.814318 0.015777 -0.038052 0.49019608 0.34117647 0.26666667
v -0.640375 0.052396 -0.038052 0.87843137 0.87450980 0.88235294
v -0.637529 0.055091 -0.038052 0.84705882 0.84313725 0.85098039
v -0.811781 0.015982 -0.038052 0.49019608 0.33725490 0.26274510
v -0.628776 0.057420 -0.038052 0.89803922 0.89803922 0.90588235
v -0.703847 0.046343 -0.038052 0.87058824 0.78823529 0.75686275
v -0.700104 0.045632 -0.038052 0.94509804 0.93333333 0.92941176
v -0.699240 0.045407 -0.038052 0.94117647 0.94117647 0.94117647
v -0.695348 0.043757 -0.038052 0.92156863 0.92156863 0.92549020
v -0.691508 0.042057 -0.038052 0.91764706 0.91764706 0.92549020
v -0.690263 0.041332 -0.038052 0.91764706 0.91764706 0.92549020
v -0.687387 0.040636 -0.038052 0.91372549 0.91764706 0.92549020
v -0.634118 0.057145 -0.038052 0.87450980 0.87058824 0.87843137
v -0.631430 0.057812 -0.038052 0.89019608 0.88627451 0.89803922
v -0.685007 0.041617 -0.038052 0.92156863 0.92156863 0.93333333
v 0.640646 0.005995 -0.038052 0.75686275 0.75294118 0.76470588
v 0.663087 0.038967 -0.038052 0.87843137 0.87450980 0.88627451
v 0.662159 0.039233 -0.038052 0.87843137 0.87058824 0.88235294
v 0.658543 0.041157 -0.038052 0.87058824 0.86666667 0.88235294
v 0.667565 0.039100 -0.038052 0.92549020 0.91764706 0.92941176
v 0.639805 0.005846 -0.038052 0.76078431 0.75686275 0.76862745
v 0.655542 0.043698 -0.038052 0.88627451 0.88235294 0.89411765
v 0.651973 0.045678 -0.038052 0.90588235 0.89803922 0.90980392
v 0.635580 0.005520 -0.038052 0.78039216 0.77254902 0.78823529
v 0.642912 0.048058 -0.038052 0.87450980 0.86666667 0.87843137
v 0.638574 0.048944 -0.038052 0.87843137 0.87058824 0.88235294
v 0.635847 0.049581 -0.038052 0.88235294 0.87843137 0.88627451
v 0.633942 0.005524 -0.038052 0.81176471 0.80392157 0.81568627
v 0.634191 0.050102 -0.038052 0.89019608 0.88627451 0.89411765
v 0.649402 0.008321 -0.038052 0.75686275 0.74901961 0.76470588
v 0.647012 0.007512 -0.038052 0.75686275 0.74901961 0.76078431
v 0.649479 0.047034 -0.038052 0.86666667 0.85882353 0.87450980
v 0.648254 0.047514 -0.038052 0.83529412 0.82745098 0.84313725
v 0.653147 0.010117 -0.038052 0.76862745 0.76470588 0.77647059
v 0.643189 0.048018 -0.038052 0.87058824 0.86274510 0.87843137
v 0.656794 0.012011 -0.038052 0.78431373 0.77647059 0.79215686
v 0.645189 0.006993 -0.038052 0.76078431 0.75294118 0.76862745
v 0.677530 0.013441 -0.038052 0.85490196 0.85098039 0.85882353
v 0.675596 0.013796 -0.038052 0.85490196 0.85098039 0.86274510
v 0.665672 0.014216 -0.038052 0.83529412 0.83137255 0.84313725
v 0.664758 0.014118 -0.038052 0.81960784 0.81568627 0.83137255
v 0.671569 0.013861 -0.038052 0.85882353 0.85490196 0.86274510
v 0.691864 0.010189 -0.038052 0.82352941 0.81568627 0.82352941
v 0.689821 0.011312 -0.038052 0.83137255 0.82352941 0.83529412
v 0.670218 0.013981 -0.038052 0.85490196 0.85098039 0.86274510
v 0.683011 0.013502 -0.038052 0.85098039 0.84313725 0.85490196
v 0.680759 0.013406 -0.038052 0.85098039 0.84313725 0.85490196
v 0.685936 0.013000 -0.038052 0.84705882 0.83921569 0.85098039
v 0.660989 0.013357 -0.038052 0.78039216 0.77254902 0.78823529
v 0.657242 0.012201 -0.038052 0.78823529 0.78039216 0.79607843
v 0.668339 0.039256 -0.038052 0.92941176 0.92156863 0.93333333
v 0.672541 0.040598 -0.038052 0.93725490 0.93333333 0.94117647
v 0.630180 0.005379 -0.038052 0.84705882 0.83921569 0.85098039
v 0.626968 0.052919 -0.038052 0.85882353 0.85098039 0.86274510
v 0.628249 0.005372 -0.038052 0.83921569 0.83529412 0.84705882
v 0.626078 0.053071 -0.038052 0.85098039 0.84313725 0.85490196
v 0.630437 0.051889 -0.038052 0.89019608 0.88627451 0.89411765
v 0.621069 0.053603 -0.038052 0.86274510 0.85882353 0.86666667
v 0.849563 0.029787 -0.038052 0.60000000 0.40000000 0.32549020
v 0.847312 0.029983 -0.038052 0.60784314 0.40392157 0.32941176
v 0.856028 0.028883 -0.038052 0.58039216 0.38823529 0.32156863
v 0.852221 0.029508 -0.038052 0.59215686 0.39607843 0.32549020
v 0.856788 0.028743 -0.038052 0.57254902 0.38039216 0.31372549
v 0.843241 0.030541 -0.038052 0.61960784 0.41568627 0.34117647
v 0.842427 0.030641 -0.038052 0.63137255 0.42745098 0.35294118
v 0.837536 0.031305 -0.038052 0.64705882 0.43921569 0.36470588
v 0.815601 0.013896 -0.038052 0.48627451 0.32156863 0.25098039
v 0.814240 0.013975 -0.038052 0.48627451 0.32549020 0.25098039
v 0.819786 0.014002 -0.038052 0.48627451 0.31764706 0.24705882
v 0.809625 0.014717 -0.038052 0.49019608 0.32941176 0.25490196
v 0.836707 0.031442 -0.038052 0.65490196 0.44705882 0.36862745
v 0.832824 0.032202 -0.038052 0.66274510 0.45098039 0.36862745
v 0.829858 0.032702 -0.038052 0.67058824 0.45490196 0.36862745
v 0.828115 0.033003 -0.038052 0.67058824 0.45882353 0.37647059
v 0.872490 0.023500 -0.038052 0.53333333 0.35294118 0.30588235
v 0.871023 0.026503 -0.038052 0.51764706 0.33333333 0.29019608
v 0.832559 0.013563 -0.038052 0.46666667 0.29411765 0.23529412
v 0.868091 0.027899 -0.038052 0.52156863 0.33725490 0.29411765
v 0.830619 0.013627 -0.038052 0.46666667 0.29803922 0.23137255
v 0.866947 0.027968 -0.038052 0.53725490 0.35294118 0.30196078
v 0.821024 0.014014 -0.038052 0.48627451 0.31372549 0.24313725
v 0.862203 0.028246 -0.038052 0.54901961 0.36078431 0.30588235
v 0.826812 0.013769 -0.038052 0.47450980 0.30588235 0.23921569
v 0.690968 0.044331 -0.038052 0.92549020 0.92156863 0.92941176
v 0.688961 0.043919 -0.038052 0.92156863 0.92156863 0.92941176
v 0.686327 0.043430 -0.038052 0.92549020 0.92549020 0.92941176
v 0.825198 0.013840 -0.038052 0.48235294 0.30980392 0.24313725
v 0.855340 0.012942 -0.038052 0.50980392 0.32549020 0.26666667
v 0.682131 0.042631 -0.038052 0.93725490 0.93333333 0.93725490
v 0.677195 0.041482 -0.038052 0.93725490 0.93333333 0.94117647
v 0.675272 0.041211 -0.038052 0.94117647 0.93333333 0.94117647
v 0.681688 0.042528 -0.038052 0.93725490 0.93333333 0.94117647
v 0.851902 0.012913 -0.038052 0.51372549 0.33333333 0.27058824
v 0.843931 0.013246 -0.038052 0.49411765 0.32156863 0.26274510
v 0.841393 0.013347 -0.038052 0.48627451 0.31372549 0.25490196
v 0.849748 0.012969 -0.038052 0.51372549 0.33333333 0.27450980
v 0.846624 0.013109 -0.038052 0.50588235 0.33333333 0.27450980
v 0.860470 0.013356 -0.038052 0.54117647 0.34117647 0.27450980
v 0.857492 0.012972 -0.038052 0.51764706 0.32941176 0.26666667
v 0.864703 0.014664 -0.038052 0.58039216 0.37254902 0.30196078
v 0.861708 0.028257 -0.038052 0.56078431 0.37254902 0.30980392
v 0.838188 0.013461 -0.038052 0.47450980 0.30196078 0.24313725
v 0.836115 0.013504 -0.038052 0.46666667 0.29803922 0.23529412
v -0.874104 0.025693 -0.041066 0.69019608 0.47058824 0.39607843
v -0.865792 0.028464 -0.041550 0.77254902 0.53725490 0.45882353
v -0.857481 0.014611 -0.041460 0.63529412 0.41960784 0.34901961
v -0.851939 0.014611 -0.040413 0.58823529 0.38431373 0.31764706
v -0.846398 0.031234 -0.041282 0.74901961 0.51372549 0.42352941
v -0.702346 0.047844 -0.039960 0.93725490 0.90196078 0.89019608
v -0.696803 0.047846 -0.041060 0.93333333 0.93725490 0.94117647
v -0.694019 0.045087 -0.039830 0.92549020 0.92549020 0.92941176
v -0.682957 0.045068 -0.039881 0.94117647 0.93725490 0.94509804
v -0.691248 0.042317 -0.038315 0.92156863 0.92156863 0.92941176
v -0.680195 0.047832 -0.041902 0.92549020 0.92549020 0.93725490
v -0.688478 0.045087 -0.041953 0.92549020 0.92549020 0.93333333
v -0.660772 0.011841 -0.039663 0.79607843 0.78823529 0.80000000
v -0.685707 0.042317 -0.038733 0.92156863 0.92549020 0.93333333
v -0.677422 0.045064 -0.038843 0.91372549 0.90980392 0.92549020
v -0.624856 0.058855 -0.040080 0.90588235 0.90196078 0.90980392
v -0.655231 0.011841 -0.040495 0.78823529 0.78431373 0.78823529
v -0.674662 0.047825 -0.040774 0.92549020 0.92156863 0.93725490
v -0.649690 0.011841 -0.039607 0.74117647 0.73333333 0.73333333
v -0.671881 0.045063 -0.038249 0.93333333 0.93333333 0.94509804
v -0.669124 0.047823 -0.040553 0.94117647 0.94117647 0.94901961
v -0.694025 0.011820 -0.038098 0.79215686 0.78823529 0.79215686
v -0.644149 0.011841 -0.038088 0.75686275 0.74901961 0.75294118
v -0.688485 0.011816 -0.040534 0.80000000 0.78823529 0.79215686
v -0.641378 0.009070 -0.041006 0.73725490 0.72941176 0.73333333
v -0.682941 0.011825 -0.039994 0.80784314 0.80000000 0.80784314
v -0.635837 0.009070 -0.041105 0.72549020 0.71372549 0.71764706
v -0.630336 0.058906 -0.039128 0.89803922 0.89411765 0.90196078
v -0.677399 0.011830 -0.039391 0.79607843 0.79215686 0.80000000
v -0.671857 0.011832 -0.039120 0.79215686 0.78431373 0.79215686
v -0.666313 0.011841 -0.039268 0.79215686 0.78431373 0.79215686
v -0.663580 0.047825 -0.041432 0.94117647 0.94117647 0.94901961
v -0.666343 0.045061 -0.039355 0.93725490 0.93725490 0.94509804
v -0.660798 0.045064 -0.039018 0.94117647 0.93725490 0.94901961
v -0.658027 0.047835 -0.039777 0.90196078 0.90196078 0.91372549
v -0.663566 0.042295 -0.038608 0.93725490 0.93725490 0.94509804
v -0.655254 0.050608 -0.040668 0.90196078 0.90588235 0.91372549
v -0.652476 0.047844 -0.038057 0.91764706 0.91764706 0.92941176
v -0.649690 0.050628 -0.038961 0.92156863 0.91764706 0.92941176
v -0.646919 0.053399 -0.041227 0.91764706 0.91764706 0.92549020
v -0.641378 0.053399 -0.039839 0.88627451 0.88627451 0.89411765
v -0.638654 0.056130 -0.040795 0.85098039 0.84705882 0.85490196
v -0.635887 0.058898 -0.040968 0.85882353 0.85098039 0.85882353
v 0.656923 0.006341 -0.041756 0.75686275 0.74901961 0.76470588
v 0.659694 0.009112 -0.040285 0.76078431 0.75294118 0.76862745
v 0.643071 0.003570 -0.041706 0.73725490 0.73333333 0.74509804
v 0.631988 0.003570 -0.039962 0.82352941 0.81568627 0.82745098
v 0.637529 0.003570 -0.040256 0.75294118 0.74117647 0.75686275
v 0.648612 0.003570 -0.041829 0.74117647 0.73333333 0.74509804
v 0.662491 0.039564 -0.038227 0.87843137 0.87058824 0.88235294
v 0.681914 0.009056 -0.041617 0.81176471 0.80784314 0.81960784
v 0.651382 0.006341 -0.040742 0.75686275 0.74901961 0.76470588
v 0.645841 0.006341 -0.038949 0.75294118 0.74901961 0.76078431
v 0.659724 0.042331 -0.038783 0.87450980 0.87058824 0.88627451
v 0.693022 0.009031 -0.038976 0.81568627 0.81176471 0.81960784
v 0.684714 0.011799 -0.039247 0.83529412 0.83137255 0.83921569
v 0.654153 0.009111 -0.038899 0.76470588 0.75686275 0.77254902
v 0.656923 0.011882 -0.038165 0.78431373 0.77647059 0.79215686
v 0.668031 0.039564 -0.038206 0.92549020 0.92156863 0.93333333
v 0.665269 0.042328 -0.039603 0.90980392 0.90588235 0.91764706
v 0.670806 0.009082 -0.041542 0.82352941 0.81568627 0.82745098
v 0.670831 0.042309 -0.039351 0.93725490 0.92941176 0.94117647
v 0.676375 0.009054 -0.040525 0.81960784 0.81568627 0.82352941
v 0.679155 0.011816 -0.038807 0.83921569 0.83529412 0.84313725
v 0.673607 0.011823 -0.039068 0.84313725 0.83921569 0.85098039
v 0.665262 0.009085 -0.041059 0.80392157 0.80000000 0.81176471
v 0.626447 0.053440 -0.038476 0.85490196 0.84705882 0.85882353
v 0.668037 0.011852 -0.039448 0.84313725 0.83529412 0.84705882
v 0.634759 0.050670 -0.038825 0.89411765 0.88627451 0.89803922
v 0.662464 0.011882 -0.039101 0.78039216 0.77647059 0.78823529
v 0.631988 0.053440 -0.041049 0.90196078 0.89803922 0.90588235
v 0.668052 0.045087 -0.041886 0.93333333 0.92549020 0.93725490
v 0.623677 0.056211 -0.040682 0.83137255 0.82745098 0.83529412
v 0.662507 0.045091 -0.041290 0.88235294 0.87843137 0.89019608
v 0.656955 0.045101 -0.039243 0.88235294 0.87843137 0.89019608
v 0.626447 0.003570 -0.039608 0.81568627 0.80784314 0.81960784
v 0.654182 0.047873 -0.040177 0.90196078 0.89803922 0.90980392
v 0.640300 0.050670 -0.040036 0.89411765 0.89019608 0.89803922
v 0.648626 0.047887 -0.038372 0.84705882 0.83921569 0.85490196
v 0.651407 0.050648 -0.041424 0.88627451 0.88627451 0.89411765
v 0.645857 0.050656 -0.040472 0.85098039 0.84313725 0.85490196
v 0.837223 0.030916 -0.040765 0.64313725 0.43529412 0.35686275
v 0.856507 0.028385 -0.040538 0.58039216 0.38823529 0.32156863
v 0.814877 0.014600 -0.041941 0.49803922 0.33333333 0.25882353
v 0.809394 0.014488 -0.041502 0.49803922 0.33333333 0.25882353
v 0.870255 0.025735 -0.041800 0.54117647 0.35686275 0.30588235
v 0.690170 0.045128 -0.039407 0.92941176 0.92156863 0.93333333
v 0.684629 0.045129 -0.041177 0.93725490 0.93333333 0.94117647
v 0.676345 0.042333 -0.038715 0.94509804 0.94117647 0.94901961
v 0.679118 0.045101 -0.041779 0.94509804 0.94117647 0.94509804
v -0.872245 0.022011 -0.034134 0.72549020 0.50196078 0.40392157
v -0.872586 0.024176 -0.034134 0.72156863 0.50196078 0.40784314
v -0.869867 0.026997 -0.034134 0.81568627 0.56470588 0.47450980
v -0.866245 0.028011 -0.034134 0.80000000 0.57647059 0.48627451
v -0.869689 0.019026 -0.034134 0.65098039 0.43921569 0.36470588
v -0.865827 0.017346 -0.034134 0.60784314 0.40392157 0.32941176
v -0.865702 0.017292 -0.034134 0.56862745 0.37647059 0.30196078
v -0.865452 0.028124 -0.034134 0.81176471 0.59215686 0.49803922
v -0.861613 0.016020 -0.034134 0.55294118 0.36862745 0.29803922
v -0.858537 0.015668 -0.034134 0.52549020 0.34117647 0.26666667
v -0.856613 0.015478 -0.034134 0.52156863 0.33333333 0.26666667
v -0.852829 0.015501 -0.034134 0.52156863 0.33725490 0.27058824
v -0.860517 0.028730 -0.034134 0.84313725 0.62352941 0.54117647
v -0.859869 0.028846 -0.034134 0.83921569 0.61568627 0.52941176
v -0.695854 0.013659 -0.034134 0.80784314 0.78823529 0.78431373
v -0.692779 0.016125 -0.034134 0.83137255 0.81960784 0.83137255
v -0.689094 0.017981 -0.034134 0.84313725 0.84313725 0.84313725
v -0.687820 0.018030 -0.034134 0.84313725 0.83921569 0.84313725
v -0.683465 0.017896 -0.034134 0.84705882 0.83921569 0.84313725
v -0.682545 0.017765 -0.034134 0.84705882 0.83921569 0.84313725
v -0.677585 0.017185 -0.034134 0.83921569 0.83137255 0.84313725
v -0.855936 0.029690 -0.034134 0.80000000 0.55686275 0.45098039
v -0.852985 0.030189 -0.034134 0.78431373 0.54901961 0.45098039
v -0.851118 0.030413 -0.034134 0.78431373 0.54901961 0.44705882
v -0.846467 0.031303 -0.034134 0.77254902 0.53333333 0.43921569
v -0.677207 0.017181 -0.034134 0.83921569 0.83137255 0.84313725
v -0.653819 0.018794 -0.034134 0.79607843 0.78823529 0.79607843
v -0.682597 0.034345 -0.034134 0.90588235 0.90588235 0.91372549
v -0.679038 0.035648 -0.034134 0.89411765 0.89803922 0.90588235
v -0.851016 0.015534 -0.034134 0.52156863 0.34117647 0.27450980
v -0.675039 0.037190 -0.034134 0.90588235 0.90196078 0.91764706
v -0.847352 0.015565 -0.034134 0.51372549 0.34901961 0.28235294
v -0.650299 0.017990 -0.034134 0.76078431 0.75294118 0.76078431
v -0.845374 0.015636 -0.034134 0.53333333 0.36078431 0.28627451
v -0.649360 0.017712 -0.034134 0.77254902 0.76470588 0.76862745
v -0.841824 0.015578 -0.034134 0.52549020 0.34901961 0.27843137
v -0.645445 0.016086 -0.034134 0.78823529 0.78039216 0.78823529
v -0.839893 0.015575 -0.034134 0.54117647 0.35686275 0.27843137
v -0.672134 0.017096 -0.034134 0.83137255 0.82352941 0.83529412
v -0.836318 0.015613 -0.034134 0.51372549 0.34117647 0.26666667
v -0.834238 0.015689 -0.034134 0.51764706 0.34509804 0.26666667
v -0.624785 0.047828 -0.034134 0.88235294 0.87843137 0.88627451
v -0.641448 0.014542 -0.034134 0.78431373 0.77647059 0.78431373
v -0.624235 0.047338 -0.034134 0.88235294 0.87843137 0.89019608
v -0.641280 0.014512 -0.034134 0.78039216 0.77254902 0.78039216
v -0.671573 0.017090 -0.034134 0.83137255 0.82352941 0.83529412
v -0.846301 0.031332 -0.034134 0.78431373 0.52941176 0.43921569
v -0.636351 0.014097 -0.034134 0.74509804 0.73725490 0.74117647
v -0.666363 0.017332 -0.034134 0.83529412 0.83137255 0.83529412
v -0.841699 0.032076 -0.034134 0.76862745 0.52549020 0.43137255
v -0.666281 0.017349 -0.034134 0.83137255 0.82745098 0.83529412
v -0.839564 0.032500 -0.034134 0.76078431 0.52156863 0.41568627
v -0.837146 0.033001 -0.034134 0.74117647 0.50588235 0.40000000
v -0.661970 0.018580 -0.034134 0.84313725 0.83529412 0.84705882
v -0.658221 0.019933 -0.034134 0.85490196 0.84705882 0.85882353
v -0.830994 0.015830 -0.034134 0.48235294 0.32549020 0.25098039
v -0.635193 0.013967 -0.034134 0.73333333 0.72549020 0.73333333
v -0.657777 0.019927 -0.034134 0.85490196 0.84705882 0.85882353
v -0.828453 0.015933 -0.034134 0.48627451 0.32549020 0.25098039
v -0.674041 0.037361 -0.034134 0.90588235 0.90588235 0.91764706
v -0.631513 0.013347 -0.034134 0.73333333 0.72549020 0.73333333
v -0.670122 0.035737 -0.034134 0.91372549 0.91764706 0.92549020
v -0.825673 0.016050 -0.034134 0.47843137 0.32549020 0.25490196
v -0.666941 0.033378 -0.034134 0.90980392 0.91372549 0.92156863
v -0.664131 0.030646 -0.034134 0.90588235 0.90588235 0.91764706
v -0.661385 0.029077 -0.034134 0.91764706 0.91764706 0.92549020
v -0.822726 0.016120 -0.034134 0.50196078 0.34509804 0.27058824
v -0.658729 0.031962 -0.034134 0.90980392 0.90588235 0.92156863
v -0.820184 0.016102 -0.034134 0.49019608 0.34117647 0.26666667
v -0.656779 0.035552 -0.034134 0.85490196 0.85490196 0.86274510
v -0.654483 0.038798 -0.034134 0.86274510 0.86274510 0.87058824
v -0.817089 0.016215 -0.034134 0.49019608 0.34509804 0.26666667
v -0.651504 0.041360 -0.034134 0.90980392 0.90588235 0.91372549
v -0.648200 0.043597 -0.034134 0.91372549 0.90980392 0.92156863
v -0.814843 0.016303 -0.034134 0.46274510 0.32156863 0.25098039
v -0.811519 0.016244 -0.034134 0.46274510 0.32156863 0.24705882
v -0.644464 0.045402 -0.034134 0.89803922 0.89411765 0.90588235
v -0.643371 0.045865 -0.034134 0.89019608 0.89019608 0.89803922
v -0.701970 0.041957 -0.034134 0.91372549 0.86666667 0.86274510
v -0.640986 0.047466 -0.034134 0.87450980 0.87450980 0.88235294
v -0.638531 0.050552 -0.034134 0.84313725 0.84313725 0.85490196
v -0.698880 0.040226 -0.034134 0.92156863 0.92156863 0.92549020
v -0.635288 0.052849 -0.034134 0.85882353 0.85882353 0.87058824
v -0.695712 0.037853 -0.034134 0.90588235 0.90588235 0.91372549
v -0.631138 0.052557 -0.034134 0.88627451 0.88235294 0.89019608
v -0.628592 0.051695 -0.034134 0.89019608 0.88627451 0.89411765
v -0.692977 0.035046 -0.034134 0.89019608 0.88627451 0.89411765
v -0.625271 0.048374 -0.034134 0.88235294 0.87843137 0.89019608
v -0.627280 0.050873 -0.034134 0.88627451 0.88235294 0.89411765
v -0.689461 0.033022 -0.034134 0.89019608 0.88627451 0.89411765
v -0.686834 0.032361 -0.034134 0.89019608 0.88627451 0.89019608
v -0.683144 0.034212 -0.034134 0.90196078 0.90588235 0.90980392
v 0.641074 0.011108 -0.034134 0.80000000 0.79215686 0.80392157
v 0.639073 0.010655 -0.034134 0.78431373 0.77647059 0.79215686
v 0.644812 0.012911 -0.034134 0.82352941 0.81960784 0.83137255
v 0.651761 0.017044 -0.034134 0.80000000 0.79607843 0.80784314
v 0.648974 0.015015 -0.034134 0.80000000 0.79215686 0.80784314
v 0.648520 0.014744 -0.034134 0.80000000 0.79607843 0.80784314
v 0.683021 0.021024 -0.034134 0.88235294 0.88627451 0.89411765
v 0.680534 0.024005 -0.034134 0.89411765 0.89019608 0.90196078
v 0.636130 0.010511 -0.034134 0.80392157 0.79607843 0.80784314
v 0.677731 0.026940 -0.034134 0.90588235 0.90196078 0.91372549
v 0.654406 0.019940 -0.034134 0.80784314 0.80000000 0.81568627
v 0.654951 0.020992 -0.034134 0.80784314 0.80000000 0.81568627
v 0.655724 0.024163 -0.034134 0.81960784 0.81568627 0.82745098
v 0.655583 0.027165 -0.034134 0.83529412 0.82745098 0.84313725
v 0.654924 0.030505 -0.034134 0.85098039 0.84313725 0.85882353
v 0.654460 0.031583 -0.034134 0.85882353 0.85098039 0.86666667
v 0.678273 0.029325 -0.034134 0.91372549 0.90980392 0.92156863
v 0.652036 0.034700 -0.034134 0.88627451 0.88235294 0.89803922
v 0.681180 0.031958 -0.034134 0.91764706 0.91372549 0.92549020
v 0.649899 0.038104 -0.034134 0.88235294 0.87843137 0.89411765
v 0.646652 0.040398 -0.034134 0.83529412 0.82745098 0.84313725
v 0.633357 0.010480 -0.034134 0.83529412 0.82745098 0.83921569
v 0.643674 0.041754 -0.034134 0.82745098 0.82352941 0.83529412
v 0.630290 0.010810 -0.034134 0.85098039 0.84705882 0.85882353
v 0.642811 0.042098 -0.034134 0.83529412 0.82745098 0.84313725
v 0.628192 0.010854 -0.034134 0.83921569 0.83137255 0.84705882
v 0.638628 0.043457 -0.034134 0.85882353 0.85490196 0.86666667
v 0.635500 0.044388 -0.034134 0.86666667 0.86274510 0.87450980
v 0.634347 0.044717 -0.034134 0.88235294 0.87450980 0.88627451
v 0.630176 0.046087 -0.034134 0.89803922 0.89019608 0.90196078
v 0.626773 0.048225 -0.034134 0.86274510 0.85882353 0.86666667
v 0.625886 0.048461 -0.034134 0.84705882 0.84313725 0.85098039
v 0.621722 0.048715 -0.034134 0.83137255 0.82352941 0.83137255
v 0.837474 0.030757 -0.034134 0.67450980 0.47058824 0.40392157
v 0.836957 0.030865 -0.034134 0.67843137 0.47058824 0.39607843
v 0.850269 0.029103 -0.034134 0.59607843 0.38823529 0.31372549
v 0.846619 0.029494 -0.034134 0.58823529 0.38823529 0.30196078
v 0.856113 0.028114 -0.034134 0.58039216 0.40392157 0.33333333
v 0.851520 0.028926 -0.034134 0.59215686 0.40000000 0.33333333
v 0.843929 0.029907 -0.034134 0.62352941 0.41568627 0.34117647
v 0.841775 0.030179 -0.034134 0.65490196 0.44313725 0.37254902
v 0.820329 0.014710 -0.034134 0.47450980 0.28627451 0.22745098
v 0.815118 0.014796 -0.034134 0.50196078 0.33333333 0.25098039
v 0.814707 0.014792 -0.034134 0.50196078 0.33333333 0.25098039
v 0.809938 0.015123 -0.034134 0.48235294 0.32941176 0.25490196
v 0.820519 0.014702 -0.034134 0.47058824 0.28627451 0.22745098
v 0.832170 0.031677 -0.034134 0.68235294 0.46274510 0.37254902
v 0.830410 0.032206 -0.034134 0.69019608 0.46666667 0.37647059
v 0.828060 0.033030 -0.034134 0.71372549 0.48235294 0.40784314
v 0.869909 0.020540 -0.034134 0.68235294 0.44705882 0.36862745
v 0.869554 0.025034 -0.034134 0.49411765 0.33725490 0.30196078
v 0.865921 0.026942 -0.034134 0.50588235 0.32549020 0.29019608
v 0.863014 0.027435 -0.034134 0.54509804 0.35686275 0.30196078
v 0.684351 0.034327 -0.034134 0.92156863 0.91764706 0.92549020
v 0.686259 0.037959 -0.034134 0.90980392 0.90980392 0.91764706
v 0.689858 0.039275 -0.034134 0.91372549 0.91764706 0.92549020
v 0.831909 0.014213 -0.034134 0.45098039 0.28235294 0.22352941
v 0.831211 0.014254 -0.034134 0.42352941 0.25882353 0.19607843
v 0.826150 0.014431 -0.034134 0.46274510 0.29411765 0.22745098
v 0.825852 0.014431 -0.034134 0.47058824 0.29803922 0.23137255
v 0.854107 0.014174 -0.034134 0.46274510 0.29019608 0.22745098
v 0.853065 0.014077 -0.034134 0.46666667 0.29019608 0.23137255
v 0.843011 0.014188 -0.034134 0.46274510 0.29803922 0.24313725
v 0.842162 0.014206 -0.034134 0.46666667 0.29803922 0.24313725
v 0.848446 0.014282 -0.034134 0.47450980 0.30588235 0.24705882
v 0.847795 0.014302 -0.034134 0.46666667 0.30196078 0.24313725
v 0.859227 0.014599 -0.034134 0.48235294 0.30196078 0.23137255
v 0.859095 0.014575 -0.034134 0.48235294 0.30196078 0.23137255
v 0.863371 0.015995 -0.034134 0.55686275 0.34901961 0.27450980
v 0.867211 0.017697 -0.034134 0.63921569 0.41176471 0.32549020
v 0.861057 0.027600 -0.034134 0.55686275 0.36862745 0.29803922
v 0.856906 0.028002 -0.034134 0.57647059 0.40392157 0.32941176
v 0.837482 0.014181 -0.034134 0.44705882 0.27843137 0.21960784
v 0.836732 0.014174 -0.034134 0.44313725 0.27450980 0.21568627
v -0.826333 0.034676 -0.034134 0.71764706 0.50588235 0.41568627
v -0.822169 0.034711 -0.034134 0.72156863 0.50980392 0.41568627
v -0.820688 0.034780 -0.034134 0.72549020 0.51372549 0.41568627
v -0.816986 0.035068 -0.034134 0.73725490 0.51764706 0.41568627
v -0.832796 0.033729 -0.034134 0.73725490 0.50588235 0.40000000
v -0.832400 0.033807 -0.034134 0.74117647 0.50196078 0.39607843
v -0.827714 0.034714 -0.034134 0.72156863 0.50588235 0.41176471
v 0.823530 0.033479 -0.034134 0.67450980 0.46666667 0.39215686
v 0.822906 0.033404 -0.034134 0.66274510 0.46666667 0.38823529
v 0.818151 0.033366 -0.034134 0.66666667 0.47058824 0.37254902
v 0.817357 0.033504 -0.034134 0.66666667 0.47058824 0.36862745
v -0.874104 0.025693 -0.036320 0.67058824 0.49411765 0.41960784
v -0.865792 0.028464 -0.034851 0.84313725 0.63137255 0.54901961
v -0.857480 0.014611 -0.036136 0.50196078 0.32156863 0.25882353
v -0.851939 0.014611 -0.036528 0.48627451 0.30980392 0.25882353
v 0.867485 0.017423 -0.034653 0.64313725 0.42352941 0.34117647
v 0.870255 0.020194 -0.034860 0.67058824 0.43921569 0.35294118
v -0.705114 0.045075 -0.036505 0.83137255 0.70980392 0.66274510
v -0.680186 0.042298 -0.037492 0.91764706 0.92156863 0.92941176
v -0.702330 0.042317 -0.034303 0.89803922 0.83529412 0.82352941
v -0.699560 0.045087 -0.037678 0.94117647 0.93725490 0.93725490
v -0.696789 0.042317 -0.036349 0.91764706 0.91764706 0.92941176
v -0.677395 0.039546 -0.035600 0.90196078 0.90196078 0.91372549
v -0.674646 0.042297 -0.036723 0.90980392 0.90980392 0.92156863
v -0.694019 0.039546 -0.035722 0.90980392 0.90980392 0.91764706
v -0.658002 0.014611 -0.037349 0.81960784 0.81568627 0.83137255
v -0.691254 0.014592 -0.036246 0.81568627 0.80784314 0.81568627
v -0.691248 0.036775 -0.035495 0.90196078 0.89803922 0.90588235
v -0.655231 0.017382 -0.035259 0.81960784 0.81176471 0.82352941
v -0.688477 0.039546 -0.037450 0.90980392 0.91372549 0.91764706
v -0.652460 0.014611 -0.037370 0.76862745 0.76078431 0.76470588
v -0.688477 0.034005 -0.034536 0.89803922 0.89411765 0.90196078
v -0.627526 0.056169 -0.037453 0.89803922 0.89803922 0.90588235
v -0.685707 0.036776 -0.035089 0.90196078 0.90980392 0.91764706
v -0.649690 0.017382 -0.034486 0.76078431 0.75686275 0.76078431
v -0.624755 0.053399 -0.036385 0.89411765 0.89019608 0.90196078
v -0.688482 0.017367 -0.034607 0.84313725 0.83921569 0.83921569
v -0.646919 0.014611 -0.036052 0.76078431 0.75294118 0.75686275
v -0.685712 0.014594 -0.037130 0.82352941 0.81960784 0.82352941
v -0.682936 0.039546 -0.036256 0.92156863 0.92549020 0.93725490
v -0.682940 0.017370 -0.034362 0.84705882 0.83921569 0.83921569
v -0.680166 0.036776 -0.034672 0.90588235 0.90588235 0.91764706
v -0.680169 0.014599 -0.036609 0.82745098 0.82352941 0.83137255
v -0.674628 0.014602 -0.036368 0.81960784 0.81176471 0.82352941
v -0.638608 0.011841 -0.037434 0.74901961 0.74117647 0.74509804
v -0.669086 0.014604 -0.036332 0.81568627 0.80784314 0.81960784
v -0.633067 0.011841 -0.036529 0.71764706 0.70980392 0.71764706
v -0.663543 0.014611 -0.037201 0.81568627 0.81176471 0.81960784
v -0.658021 0.042299 -0.036713 0.88627451 0.88627451 0.89803922
v -0.655249 0.045071 -0.037048 0.87843137 0.87843137 0.89019608
v -0.660772 0.017382 -0.035193 0.83921569 0.82745098 0.83921569
v -0.655231 0.039546 -0.034714 0.85490196 0.85490196 0.86666667
v -0.652461 0.042317 -0.034895 0.90980392 0.90588235 0.91372549
v -0.671870 0.039532 -0.035174 0.91764706 0.92156863 0.92941176
v -0.649690 0.045087 -0.035509 0.91372549 0.91372549 0.92549020
v -0.646919 0.047858 -0.036444 0.90588235 0.90588235 0.91372549
v -0.669084 0.036776 -0.034808 0.91764706 0.91764706 0.92549020
v -0.644149 0.050628 -0.037252 0.89019608 0.89019608 0.90196078
v -0.669105 0.042297 -0.037055 0.93333333 0.93333333 0.94117647
v -0.641378 0.047858 -0.034687 0.88235294 0.88235294 0.89019608
v -0.666332 0.039529 -0.036836 0.92549020 0.92941176 0.93725490
v -0.638608 0.050628 -0.034274 0.85098039 0.84705882 0.85490196
v -0.635837 0.053399 -0.034720 0.85490196 0.85098039 0.85882353
v -0.666313 0.034005 -0.034656 0.91372549 0.91372549 0.92156863
v -0.633067 0.056169 -0.036831 0.88235294 0.87843137 0.88627451
v -0.663543 0.031234 -0.034534 0.91372549 0.91372549 0.92549020
v -0.630296 0.053399 -0.034801 0.88627451 0.88627451 0.89411765
v -0.663543 0.036776 -0.036415 0.92941176 0.92941176 0.93725490
v -0.660772 0.034005 -0.035253 0.92941176 0.92549020 0.93333333
v -0.660791 0.039529 -0.036645 0.93725490 0.93333333 0.94509804
v -0.658002 0.036775 -0.035058 0.89019608 0.89019608 0.89803922
v 0.690292 0.011762 -0.037064 0.83921569 0.83137255 0.83921569
v 0.640300 0.006341 -0.037679 0.76078431 0.75686275 0.76862745
v 0.687520 0.014535 -0.036042 0.85882353 0.85490196 0.86666667
v 0.637530 0.009112 -0.035115 0.78431373 0.77647059 0.79215686
v 0.634759 0.006341 -0.037293 0.80392157 0.79607843 0.81176471
v 0.648612 0.009112 -0.037258 0.76078431 0.75294118 0.76862745
v 0.651382 0.011882 -0.036600 0.77254902 0.76470588 0.78039216
v 0.654153 0.014653 -0.035859 0.78823529 0.78039216 0.79607843
v 0.656923 0.028505 -0.034530 0.83529412 0.83137255 0.84705882
v 0.659694 0.031276 -0.035332 0.85490196 0.85098039 0.86274510
v 0.656923 0.034046 -0.035349 0.85490196 0.84705882 0.86274510
v 0.643071 0.009112 -0.035842 0.78431373 0.77647059 0.79215686
v 0.654153 0.036817 -0.035237 0.88235294 0.87450980 0.89019608
v 0.651382 0.039587 -0.035123 0.89803922 0.89019608 0.90196078
v 0.648612 0.042358 -0.035442 0.86666667 0.85882353 0.87058824
v 0.645841 0.011882 -0.034845 0.79215686 0.78431373 0.80000000
v 0.662464 0.034046 -0.036407 0.86666667 0.86274510 0.87450980
v 0.648612 0.014653 -0.034203 0.80000000 0.79215686 0.80784314
v 0.659694 0.036817 -0.036767 0.87058824 0.86274510 0.87843137
v 0.676390 0.014582 -0.037624 0.86274510 0.85882353 0.86666667
v 0.665255 0.036798 -0.037306 0.89803922 0.89019608 0.90196078
v 0.665265 0.014624 -0.037820 0.83137255 0.82352941 0.83921569
v 0.670836 0.014594 -0.037690 0.85882353 0.85490196 0.86666667
v 0.656947 0.039567 -0.037085 0.87058824 0.86666667 0.87843137
v 0.654175 0.042338 -0.037097 0.89411765 0.89019608 0.90196078
v 0.673622 0.017351 -0.036514 0.87843137 0.87450980 0.88627451
v 0.651403 0.045110 -0.037569 0.90196078 0.89411765 0.90588235
v 0.668041 0.017389 -0.036702 0.87450980 0.87058824 0.88627451
v 0.643071 0.042358 -0.034317 0.83529412 0.82745098 0.83921569
v 0.670822 0.020150 -0.035880 0.89411765 0.88627451 0.89803922
v 0.631988 0.047899 -0.035569 0.89803922 0.89019608 0.90196078
v 0.645841 0.045129 -0.036358 0.81960784 0.81176471 0.82352941
v 0.640300 0.045129 -0.035428 0.87058824 0.86274510 0.87450980
v 0.681941 0.014572 -0.037437 0.85882353 0.85098039 0.86274510
v 0.643071 0.047899 -0.037949 0.87450980 0.86666667 0.87843137
v 0.629218 0.050670 -0.036493 0.88627451 0.88235294 0.89019608
v 0.634759 0.045129 -0.034450 0.87843137 0.87058824 0.88235294
v 0.637529 0.047899 -0.036949 0.87058824 0.86274510 0.87450980
v 0.623677 0.050670 -0.035604 0.83137255 0.82352941 0.83137255
v 0.684762 0.017294 -0.035059 0.87058824 0.87058824 0.87843137
v 0.679188 0.017326 -0.035935 0.87450980 0.87058824 0.88235294
v 0.682019 0.020039 -0.034768 0.88235294 0.88235294 0.89019608
v 0.676421 0.020094 -0.035519 0.88627451 0.88235294 0.89411765
v 0.679265 0.022796 -0.034608 0.89411765 0.88627451 0.89803922
v 0.673632 0.022883 -0.035055 0.89803922 0.89411765 0.90588235
v 0.676423 0.025635 -0.034323 0.90588235 0.90196078 0.91372549
v 0.659719 0.014628 -0.037164 0.78431373 0.77647059 0.79607843
v 0.662492 0.017397 -0.036449 0.80000000 0.79215686 0.80784314
v 0.656923 0.017423 -0.035446 0.80392157 0.79607843 0.81176471
v 0.659719 0.020170 -0.035268 0.81176471 0.80392157 0.81960784
v 0.665265 0.020165 -0.035925 0.85098039 0.84313725 0.85882353
v 0.668040 0.022932 -0.035386 0.89411765 0.89019608 0.90588235
v 0.662490 0.022940 -0.035283 0.81568627 0.80784314 0.82352941
v 0.665256 0.025715 -0.034948 0.86274510 0.85490196 0.87058824
v 0.656923 0.022964 -0.034501 0.81960784 0.81176471 0.82745098
v 0.659717 0.025713 -0.034823 0.83921569 0.83137255 0.85098039
v 0.662486 0.028485 -0.035094 0.83921569 0.83137255 0.84705882
v 0.670819 0.025694 -0.034862 0.90980392 0.90588235 0.91764706
v 0.673598 0.028457 -0.034824 0.92156863 0.91764706 0.92941176
v 0.668032 0.028481 -0.034978 0.90588235 0.90196078 0.91372549
v 0.670810 0.031244 -0.035463 0.92156863 0.91372549 0.92549020
v 0.676368 0.031229 -0.034452 0.92941176 0.92549020 0.93725490
v 0.679127 0.034010 -0.034508 0.92941176 0.92549020 0.93333333
v 0.673583 0.034013 -0.035487 0.92941176 0.92549020 0.93725490
v 0.676351 0.036786 -0.035990 0.93725490 0.93333333 0.94509804
v 0.665258 0.031255 -0.035587 0.88235294 0.87843137 0.89019608
v 0.668030 0.034024 -0.036294 0.92156863 0.91764706 0.92941176
v 0.670823 0.036774 -0.036832 0.93333333 0.92941176 0.94117647
v 0.673599 0.039540 -0.037359 0.93725490 0.92941176 0.94117647
v 0.629218 0.006341 -0.037149 0.84705882 0.84313725 0.85490196
v 0.837171 0.031057 -0.034898 0.66666667 0.45490196 0.37647059
v 0.820428 0.014611 -0.034403 0.47843137 0.30588235 0.23921569
v 0.856473 0.028437 -0.035216 0.58039216 0.39215686 0.32156863
v 0.631988 0.009112 -0.035018 0.84313725 0.83529412 0.84705882
v 0.814908 0.014591 -0.034620 0.46666667 0.30980392 0.23921569
v 0.870255 0.025735 -0.035168 0.47058824 0.29411765 0.25882353
v 0.681889 0.036789 -0.035051 0.91764706 0.91764706 0.92549020
v 0.684653 0.039566 -0.035308 0.91764706 0.91372549 0.92156863
v 0.679117 0.039561 -0.036718 0.92941176 0.92549020 0.93333333
v 0.681858 0.042358 -0.037828 0.92941176 0.92549020 0.93333333
v 0.690170 0.039587 -0.034334 0.91764706 0.91764706 0.92549020
v 0.687400 0.042358 -0.036726 0.91372549 0.91372549 0.92156863
v 0.692941 0.042358 -0.035652 0.91764706 0.91764706 0.92549020
v -0.809290 0.016291 -0.034134 0.47843137 0.32941176 0.25882353
v -0.725302 -0.001205 -0.034134 0.56862745 0.40392157 0.32156863
v -0.716974 -0.000032 -0.034134 0.56078431 0.39607843 0.31372549
v -0.814907 0.035020 -0.034134 0.75686275 0.52156863 0.41176471
v -0.737303 0.046132 -0.034134 0.74117647 0.52156863 0.41176471
v -0.727278 0.045074 -0.034134 0.76078431 0.52941176 0.41568627
v -0.806147 0.035306 -0.034134 0.79215686 0.54509804 0.41568627
v -0.727252 0.045075 -0.034134 0.76078431 0.53333333 0.41568627
v 0.688695 0.015657 -0.034134 0.86666667 0.86274510 0.87058824
v 0.714988 -0.001876 -0.034134 0.64705882 0.47450980 0.36862745
v -0.716780 0.044489 -0.034134 0.77647059 0.53333333 0.43137255
v 0.707145 0.000849 -0.034134 0.63921569 0.44705882 0.34509804
v -0.801058 0.015623 -0.034134 0.48627451 0.32941176 0.26274510
v 0.700251 0.005026 -0.034134 0.74901961 0.70980392 0.69019608
v 0.694498 0.010359 -0.034134 0.83137255 0.81960784 0.82745098
v -0.797287 0.015370 -0.034134 0.49803922 0.33725490 0.26666667
v 0.787594 0.014033 -0.034134 0.54901961 0.38039216 0.29019608
v -0.790839 0.014760 -0.034134 0.54117647 0.36862745 0.28235294
v -0.715454 0.044358 -0.034134 0.78039216 0.54117647 0.43529412
v 0.786681 0.013893 -0.034134 0.55686275 0.38823529 0.29411765
v 0.760406 0.041225 -0.034134 0.74509804 0.51764706 0.40392157
v 0.777922 0.012669 -0.034134 0.54117647 0.36470588 0.28235294
v -0.706949 0.043239 -0.034134 0.82352941 0.64705882 0.57647059
v 0.773528 0.011930 -0.034134 0.57647059 0.39215686 0.30196078
v 0.758856 0.041409 -0.034134 0.73725490 0.51372549 0.40000000
v -0.803295 0.035546 -0.034134 0.78431373 0.54509804 0.40000000
v -0.715727 0.000303 -0.034134 0.55294118 0.38823529 0.30980392
v 0.715367 -0.001959 -0.034134 0.64313725 0.47450980 0.36862745
v -0.707700 0.003358 -0.034134 0.54509804 0.37647059 0.29411765
v -0.701334 0.008062 -0.034134 0.60392157 0.44705882 0.37254902
v 0.735015 0.044574 -0.034134 0.74509804 0.52941176 0.40000000
v -0.796055 0.036292 -0.034134 0.76078431 0.51764706 0.39215686
v 0.808780 0.015157 -0.034134 0.49411765 0.33333333 0.25490196
v 0.727889 0.043615 -0.034134 0.74117647 0.51764706 0.39215686
v -0.790541 0.037217 -0.034134 0.75294118 0.51372549 0.37647059
v 0.798905 0.014979 -0.034134 0.49019608 0.33725490 0.26274510
v 0.725097 0.043444 -0.034134 0.74509804 0.52941176 0.41568627
v -0.786563 0.037884 -0.034134 0.75686275 0.52156863 0.39607843
v 0.716616 0.043470 -0.034134 0.80392157 0.67450980 0.60392157
v 0.797877 0.014925 -0.034134 0.52156863 0.36470588 0.28235294
v -0.784859 0.014024 -0.034134 0.46274510 0.32156863 0.25490196
v 0.788400 0.035240 -0.034134 0.77254902 0.51372549 0.38823529
v 0.786540 0.035592 -0.034134 0.78431373 0.52549020 0.39215686
v 0.812343 0.033619 -0.034134 0.65490196 0.47058824 0.36862745
v 0.806367 0.033355 -0.034134 0.66666667 0.45490196 0.36470588
v 0.777469 0.037672 -0.034134 0.81568627 0.55294118 0.42745098
v 0.801122 0.033617 -0.034134 0.65098039 0.41176471 0.31764706
v 0.796083 0.034012 -0.034134 0.66666667 0.42745098 0.32941176
v -0.780903 0.013613 -0.034134 0.59607843 0.41176471 0.32549020
v 0.774141 0.038496 -0.034134 0.81176471 0.54509804 0.41960784
v 0.768456 0.039858 -0.034134 0.78431373 0.52941176 0.40000000
v -0.771878 0.012125 -0.034134 0.66274510 0.45098039 0.35686275
v -0.771418 0.012016 -0.034134 0.66666667 0.45098039 0.35686275
v 0.744314 0.002058 -0.034134 0.63529412 0.44313725 0.34509804
v -0.762938 0.009415 -0.034134 0.64313725 0.43921569 0.34509804
v 0.739538 0.000233 -0.034134 0.63529412 0.45098039 0.35294118
v 0.694440 0.040859 -0.034134 0.90980392 0.90980392 0.91764706
v -0.755633 0.006962 -0.034134 0.63921569 0.43529412 0.34509804
v 0.752274 0.005168 -0.034134 0.63529412 0.44313725 0.34509804
v 0.704193 0.042194 -0.034134 0.89803922 0.89803922 0.90196078
v 0.703963 0.042174 -0.034134 0.90588235 0.90588235 0.91372549
v 0.726844 -0.002641 -0.034134 0.63529412 0.45490196 0.35294118
v 0.714347 0.043135 -0.034134 0.80784314 0.70196078 0.65098039
v -0.777353 0.039764 -0.034134 0.75686275 0.52941176 0.41568627
v 0.725634 -0.002727 -0.034134 0.63529412 0.46274510 0.36078431
v 0.736171 -0.000874 -0.034134 0.63529412 0.45882353 0.35686275
v -0.776780 0.039901 -0.034134 0.76470588 0.54117647 0.42352941
v 0.760342 0.008166 -0.034134 0.63529412 0.43529412 0.33725490
v 0.757553 0.007150 -0.034134 0.63529412 0.43921569 0.34117647
v -0.768236 0.041729 -0.034134 0.75294118 0.54509804 0.43529412
v 0.768728 0.010835 -0.034134 0.60784314 0.41176471 0.31764706
v -0.762785 0.042813 -0.034134 0.74117647 0.54117647 0.41960784
v -0.754645 0.006625 -0.034134 0.63137255 0.43529412 0.34509804
v -0.758957 0.043532 -0.034134 0.76078431 0.54901961 0.43921569
v -0.749623 0.045281 -0.034134 0.74509804 0.50980392 0.40000000
v -0.746610 0.003577 -0.034134 0.62745098 0.43137255 0.34117647
v -0.738455 0.000650 -0.034134 0.61960784 0.43137255 0.33725490
v -0.738149 0.000560 -0.034134 0.60784314 0.42352941 0.33333333
v -0.729100 -0.001077 -0.034134 0.59607843 0.41960784 0.33333333
v -0.727265 0.000758 -0.041334 0.58823529 0.41960784 0.34117647
v -0.788217 0.039546 -0.038147 0.74901961 0.51372549 0.39607843
v -0.716183 0.000758 -0.041705 0.57254902 0.41568627 0.33725490
v -0.782676 0.011841 -0.039294 0.54509804 0.37254902 0.29019608
v -0.727265 0.045087 -0.034157 0.76470588 0.54509804 0.42745098
v -0.771594 0.011841 -0.034965 0.62745098 0.42745098 0.33725490
v -0.716183 0.045087 -0.035137 0.78039216 0.53725490 0.43529412
v -0.760512 0.045087 -0.038892 0.78431373 0.55686275 0.43137255
v -0.738347 0.000758 -0.034584 0.61176471 0.42745098 0.33725490
v 0.798360 0.014443 -0.034929 0.44705882 0.31764706 0.24705882
v 0.759541 0.042087 -0.035467 0.73333333 0.51372549 0.40000000
v 0.731886 0.047696 -0.041549 0.74509804 0.53333333 0.42352941
v 0.742828 0.003543 -0.039181 0.63137255 0.44705882 0.34901961
v 0.720815 0.047719 -0.041764 0.71764706 0.54117647 0.44313725
v 0.726252 -0.002047 -0.036752 0.64313725 0.47058824 0.37647059
v 0.787301 0.036345 -0.035607 0.80392157 0.54509804 0.41568627
v 0.770628 0.042041 -0.039771 0.75686275 0.52156863 0.41176471
v 0.704089 0.042298 -0.034252 0.89803922 0.89803922 0.90196078
v 0.709682 0.047795 -0.041704 0.92549020 0.90980392 0.91372549
v 0.698501 0.047882 -0.041254 0.92156863 0.92156863 0.92549020
v -0.830710 0.019217 -0.030216 0.60000000 0.38431373 0.29411765
v -0.828908 0.019285 -0.030216 0.60000000 0.38823529 0.29803922
v -0.825000 0.019386 -0.030216 0.60784314 0.40000000 0.31372549
v -0.823539 0.019457 -0.030216 0.60000000 0.39607843 0.30980392
v -0.819131 0.019715 -0.030216 0.57254902 0.37647059 0.28235294
v -0.818236 0.019695 -0.030216 0.56470588 0.37254902 0.27843137
v -0.813155 0.020155 -0.030216 0.54509804 0.35294118 0.27450980
v -0.824258 0.031258 -0.030216 0.76470588 0.53333333 0.40784314
v -0.824209 0.031259 -0.030216 0.76470588 0.52941176 0.40784314
v -0.646957 0.025656 -0.030216 0.86274510 0.85490196 0.86274510
v -0.647206 0.025980 -0.030216 0.86666667 0.85882353 0.86666667
v -0.818911 0.031017 -0.030216 0.75294118 0.50196078 0.38039216
v -0.857147 0.020485 -0.030216 0.63137255 0.41568627 0.32941176
v -0.647322 0.030832 -0.030216 0.88235294 0.87450980 0.88627451
v -0.857198 0.025411 -0.030216 0.76078431 0.50196078 0.40392157
v -0.647015 0.031330 -0.030216 0.88627451 0.87843137 0.88627451
v -0.818446 0.030987 -0.030216 0.75294118 0.49803922 0.37647059
v -0.851958 0.020171 -0.030216 0.62352941 0.41176471 0.30196078
v -0.852612 0.026366 -0.030216 0.75686275 0.50196078 0.38823529
v -0.813818 0.030569 -0.030216 0.74901961 0.50588235 0.38039216
v -0.644154 0.022918 -0.030216 0.85882353 0.84705882 0.85490196
v -0.812511 0.030593 -0.030216 0.74117647 0.50196078 0.38431373
v -0.644132 0.022906 -0.030216 0.85882353 0.84705882 0.85490196
v -0.702815 0.036291 -0.030216 0.85490196 0.77254902 0.72549020
v -0.699809 0.033755 -0.030216 0.88627451 0.86666667 0.85098039
v -0.699527 0.033972 -0.030216 0.92549020 0.91372549 0.90196078
v -0.851921 0.020170 -0.030216 0.62352941 0.41176471 0.30588235
v -0.851103 0.026529 -0.030216 0.76862745 0.51372549 0.39607843
v -0.640153 0.021378 -0.030216 0.83921569 0.83137255 0.83921569
v -0.696314 0.031709 -0.030216 0.89019608 0.88235294 0.88627451
v -0.847595 0.026890 -0.030216 0.79215686 0.53725490 0.41960784
v -0.844273 0.027818 -0.030216 0.80392157 0.56470588 0.44313725
v -0.636702 0.019287 -0.030216 0.78431373 0.77254902 0.78039216
v -0.846497 0.020250 -0.030216 0.69803922 0.47450980 0.37647059
v -0.695467 0.027015 -0.030216 0.87843137 0.87058824 0.87058824
v -0.695591 0.030037 -0.030216 0.88627451 0.87843137 0.87843137
v -0.846322 0.020228 -0.030216 0.69803922 0.47450980 0.37647059
v -0.841432 0.019577 -0.030216 0.67058824 0.44313725 0.34509804
v -0.633785 0.018100 -0.030216 0.74901961 0.74117647 0.74509804
v -0.843133 0.027969 -0.030216 0.81176471 0.56862745 0.43921569
v -0.840153 0.019448 -0.030216 0.66666667 0.43921569 0.34117647
v -0.695357 0.024251 -0.030216 0.86274510 0.85490196 0.86274510
v -0.836503 0.018965 -0.030216 0.62352941 0.41568627 0.32156863
v -0.644517 0.034373 -0.030216 0.88235294 0.87450980 0.88235294
v -0.642078 0.037475 -0.030216 0.86666667 0.86274510 0.87058824
v -0.834066 0.018902 -0.030216 0.60000000 0.40000000 0.30588235
v -0.838912 0.029289 -0.030216 0.80000000 0.54509804 0.41960784
v -0.698229 0.016040 -0.030216 0.76078431 0.68235294 0.64705882
v -0.836686 0.029864 -0.030216 0.79215686 0.54117647 0.41568627
v -0.696322 0.019675 -0.030216 0.82745098 0.80000000 0.80000000
v -0.630334 0.042279 -0.030216 0.87058824 0.86666667 0.87450980
v -0.834238 0.030156 -0.030216 0.78431373 0.53725490 0.41176471
v -0.695826 0.021110 -0.030216 0.83921569 0.82352941 0.83137255
v -0.639009 0.039947 -0.030216 0.85490196 0.85098039 0.86274510
v -0.636223 0.042703 -0.030216 0.85490196 0.84705882 0.85490196
v -0.830060 0.030949 -0.030216 0.78431373 0.54901961 0.42745098
v -0.627700 0.039372 -0.030216 0.87450980 0.86666667 0.87450980
v -0.634683 0.043471 -0.030216 0.85882353 0.85098039 0.86274510
v -0.625083 0.037104 -0.030216 0.87843137 0.87450980 0.88235294
v -0.829559 0.031018 -0.030216 0.78431373 0.54901961 0.43137255
v 0.637943 0.019780 -0.030216 0.82745098 0.81960784 0.83529412
v 0.636954 0.019618 -0.030216 0.83921569 0.83529412 0.84705882
v 0.641448 0.021816 -0.030216 0.81176471 0.80392157 0.81960784
v 0.642632 0.025297 -0.030216 0.81568627 0.80784314 0.82352941
v 0.632214 0.020419 -0.030216 0.85490196 0.84705882 0.86274510
v 0.631780 0.020402 -0.030216 0.85490196 0.84705882 0.86274510
v 0.631446 0.036275 -0.030216 0.87058824 0.86274510 0.87450980
v 0.626792 0.020536 -0.030216 0.83529412 0.83137255 0.83921569
v 0.640621 0.028185 -0.030216 0.83137255 0.82352941 0.83921569
v 0.627253 0.037623 -0.030216 0.86666667 0.85882353 0.87058824
v 0.625876 0.020764 -0.030216 0.82745098 0.81960784 0.83137255
v 0.623902 0.039361 -0.030216 0.81568627 0.81176471 0.82352941
v 0.640332 0.028538 -0.030216 0.83137255 0.82352941 0.83921569
v 0.638192 0.031939 -0.030216 0.84313725 0.83529412 0.85098039
v 0.635462 0.034750 -0.030216 0.84705882 0.84313725 0.85490196
v 0.633129 0.035676 -0.030216 0.85882353 0.85490196 0.86666667
v 0.822577 0.017992 -0.030216 0.52156863 0.32156863 0.25098039
v 0.818755 0.018345 -0.030216 0.54901961 0.34901961 0.27058824
v 0.823800 0.017847 -0.030216 0.51372549 0.31372549 0.25098039
v 0.816245 0.018783 -0.030216 0.56862745 0.36470588 0.29019608
v 0.816622 0.029416 -0.030216 0.68627451 0.47843137 0.36862745
v 0.812375 0.028594 -0.030216 0.68235294 0.45490196 0.34901961
v 0.827913 0.029163 -0.030216 0.67058824 0.46274510 0.38823529
v 0.824484 0.029500 -0.030216 0.67058824 0.47450980 0.41176471
v 0.834163 0.028248 -0.030216 0.67450980 0.47843137 0.38823529
v 0.829312 0.028817 -0.030216 0.67058824 0.46274510 0.38039216
v 0.822145 0.029382 -0.030216 0.68235294 0.48235294 0.40784314
v 0.818730 0.029358 -0.030216 0.68627451 0.48235294 0.38431373
v 0.692055 0.030348 -0.030216 0.90588235 0.90588235 0.92156863
v 0.692656 0.031562 -0.030216 0.90196078 0.90196078 0.91764706
v 0.828464 0.017660 -0.030216 0.51764706 0.32941176 0.26666667
v 0.849522 0.018759 -0.030216 0.56078431 0.36862745 0.29019608
v 0.846584 0.018639 -0.030216 0.52941176 0.34117647 0.28235294
v 0.854665 0.019159 -0.030216 0.58823529 0.40000000 0.31764706
v 0.852200 0.018752 -0.030216 0.58823529 0.40392157 0.31372549
v 0.858824 0.020543 -0.030216 0.61960784 0.41960784 0.34117647
v 0.854757 0.024607 -0.030216 0.64313725 0.43921569 0.35686275
v 0.852495 0.024541 -0.030216 0.66274510 0.45490196 0.36078431
v 0.857280 0.023823 -0.030216 0.64705882 0.44313725 0.36470588
v 0.839288 0.017916 -0.030216 0.47843137 0.29803922 0.23921569
v 0.834524 0.017576 -0.030216 0.49803922 0.32549020 0.24705882
v 0.844245 0.018497 -0.030216 0.49803922 0.31764706 0.27058824
v 0.840447 0.017978 -0.030216 0.47450980 0.29411765 0.23921569
v 0.834121 0.017542 -0.030216 0.49803922 0.32549020 0.24705882
v 0.829104 0.017609 -0.030216 0.51372549 0.32941176 0.26666667
v 0.841507 0.026780 -0.030216 0.64313725 0.41960784 0.34117647
v 0.838379 0.027030 -0.030216 0.65882353 0.45098039 0.35686275
v 0.834566 0.028146 -0.030216 0.67450980 0.47843137 0.38431373
v 0.848332 0.025494 -0.030216 0.63529412 0.44313725 0.34509804
v 0.848032 0.025567 -0.030216 0.63529412 0.44313725 0.34901961
v 0.843425 0.026496 -0.030216 0.63529412 0.41176471 0.33333333
v 0.813940 0.019122 -0.030216 0.57647059 0.37647059 0.30196078
v -0.871333 0.022923 -0.033200 0.71764706 0.48235294 0.39215686
v -0.868563 0.025693 -0.032669 0.78431373 0.52156863 0.43529412
v -0.868563 0.020152 -0.032608 0.65098039 0.43921569 0.35686275
v -0.865792 0.017382 -0.034071 0.57254902 0.37647059 0.29803922
v -0.865792 0.022923 -0.031014 0.69411765 0.45882353 0.35686275
v -0.863022 0.020152 -0.031000 0.61568627 0.41568627 0.32549020
v -0.863022 0.025693 -0.031170 0.79607843 0.53725490 0.43137255
v -0.860251 0.022923 -0.030233 0.72549020 0.48627451 0.39215686
v -0.860251 0.017382 -0.032457 0.57647059 0.38431373 0.30980392
v -0.857480 0.020152 -0.030314 0.61960784 0.40784314 0.32156863
v -0.854710 0.017382 -0.031710 0.54117647 0.34117647 0.27058824
v -0.832546 0.017382 -0.031560 0.55294118 0.36470588 0.28235294
v -0.671854 0.034005 -0.033178 0.90980392 0.90588235 0.91764706
v -0.827005 0.017382 -0.031834 0.55686275 0.36862745 0.28627451
v -0.669084 0.031234 -0.032604 0.90980392 0.90588235 0.91764706
v -0.633067 0.017382 -0.030562 0.74901961 0.74117647 0.74901961
v -0.666313 0.028464 -0.032447 0.89803922 0.89411765 0.90588235
v -0.821464 0.017382 -0.032054 0.54901961 0.37254902 0.28627451
v -0.630315 0.014543 -0.032515 0.75294118 0.74509804 0.75294118
v -0.815922 0.017382 -0.032184 0.53725490 0.36470588 0.28235294
v -0.663543 0.025693 -0.032742 0.89019608 0.88235294 0.89803922
v -0.860251 0.028464 -0.033603 0.80392157 0.58823529 0.49803922
v -0.857480 0.025693 -0.030307 0.76470588 0.50588235 0.40392157
v -0.813152 0.020152 -0.030218 0.55294118 0.35686275 0.27843137
v -0.660772 0.028464 -0.033950 0.91764706 0.91372549 0.92549020
v -0.660772 0.022923 -0.033102 0.87450980 0.87058824 0.88235294
v -0.810381 0.017382 -0.032311 0.52156863 0.34901961 0.27450980
v -0.658001 0.025693 -0.032915 0.88627451 0.88235294 0.89019608
v -0.854710 0.028464 -0.031896 0.75686275 0.52549020 0.43137255
v -0.658002 0.031234 -0.033681 0.89019608 0.88235294 0.89803922
v -0.851939 0.020152 -0.030222 0.62352941 0.41176471 0.30588235
v -0.827004 0.034005 -0.033015 0.70588235 0.50588235 0.41960784
v -0.655231 0.028464 -0.032324 0.81960784 0.81568627 0.82352941
v -0.821463 0.034005 -0.032879 0.71764706 0.50588235 0.41568627
v -0.630296 0.042317 -0.030241 0.87058824 0.86666667 0.87450980
v -0.658002 0.020152 -0.034047 0.85882353 0.84705882 0.85882353
v -0.655231 0.022923 -0.032515 0.83137255 0.82352941 0.83137255
v -0.849169 0.028464 -0.031325 0.78431373 0.53725490 0.43137255
v -0.652460 0.020152 -0.033086 0.77254902 0.76862745 0.77647059
v -0.846398 0.031234 -0.033951 0.75686275 0.53725490 0.44705882
v -0.652461 0.025693 -0.031341 0.81568627 0.80784314 0.81568627
v -0.843628 0.028464 -0.030490 0.80784314 0.56470588 0.45490196
v -0.818693 0.031234 -0.030360 0.75686275 0.50588235 0.38823529
v -0.649690 0.022923 -0.031380 0.82745098 0.81568627 0.82352941
v -0.627526 0.039546 -0.030325 0.87450980 0.86666667 0.87450980
v -0.815922 0.034005 -0.032511 0.75686275 0.52156863 0.40784314
v -0.627526 0.045087 -0.032089 0.87450980 0.87450980 0.88235294
v -0.624755 0.042317 -0.032149 0.87450980 0.87058824 0.88235294
v -0.655231 0.034005 -0.033010 0.82745098 0.82745098 0.83921569
v -0.849169 0.017382 -0.031773 0.58431373 0.39607843 0.30588235
v -0.813152 0.031234 -0.030593 0.76078431 0.51372549 0.38431373
v -0.652461 0.031234 -0.031466 0.85882353 0.85490196 0.86274510
v -0.846398 0.020152 -0.030253 0.69019608 0.47058824 0.37254902
v -0.652461 0.036775 -0.032731 0.88627451 0.88235294 0.89411765
v -0.843628 0.017382 -0.031731 0.61176471 0.40784314 0.32156863
v -0.649690 0.034005 -0.031189 0.89019608 0.88627451 0.89411765
v -0.702330 0.036775 -0.030682 0.89411765 0.82352941 0.78431373
v -0.699560 0.034005 -0.030442 0.89411765 0.87843137 0.86666667
v -0.838087 0.017382 -0.031533 0.59215686 0.39215686 0.30588235
v -0.649690 0.028464 -0.030509 0.86666667 0.86274510 0.87058824
v -0.699560 0.039546 -0.033426 0.92156863 0.91764706 0.91764706
v -0.840857 0.031234 -0.032450 0.78039216 0.54509804 0.43921569
v -0.696789 0.036775 -0.033043 0.90196078 0.90196078 0.90588235
v -0.646919 0.020152 -0.031893 0.82745098 0.81960784 0.82745098
v -0.835316 0.031234 -0.031061 0.78039216 0.53725490 0.42352941
v -0.694019 0.034005 -0.032704 0.88627451 0.87843137 0.89019608
v -0.644149 0.017382 -0.032784 0.81176471 0.80392157 0.81176471
v -0.641378 0.014611 -0.034051 0.78823529 0.78039216 0.78431373
v -0.694019 0.028464 -0.030998 0.87843137 0.87450980 0.87843137
v -0.641378 0.020152 -0.030826 0.83921569 0.82745098 0.83529412
v -0.829775 0.031234 -0.030358 0.78823529 0.54901961 0.43529412
v -0.694021 0.022915 -0.030962 0.85882353 0.85490196 0.86666667
v -0.638608 0.017382 -0.031576 0.79607843 0.78823529 0.79215686
v -0.691251 0.025685 -0.031955 0.86666667 0.86274510 0.87058824
v -0.635837 0.014611 -0.033503 0.74117647 0.73725490 0.74117647
v -0.691248 0.031234 -0.032935 0.88235294 0.87843137 0.88627451
v -0.649690 0.039546 -0.032869 0.90196078 0.89803922 0.90980392
v -0.688480 0.028457 -0.032990 0.87450980 0.87058824 0.88235294
v -0.646919 0.036775 -0.031465 0.89803922 0.89411765 0.90196078
v -0.646919 0.042317 -0.033090 0.90588235 0.90196078 0.91372549
v -0.644149 0.039546 -0.031202 0.89019608 0.88235294 0.89411765
v -0.685707 0.031234 -0.033780 0.88627451 0.88235294 0.89019608
v -0.644149 0.045087 -0.033844 0.89411765 0.89019608 0.90196078
v -0.682936 0.034005 -0.034044 0.90196078 0.90588235 0.91372549
v -0.641378 0.042317 -0.031328 0.87058824 0.86666667 0.87450980
v -0.638608 0.045087 -0.031560 0.85882353 0.85490196 0.86274510
v -0.635837 0.047858 -0.031609 0.85490196 0.85098039 0.86274510
v -0.696792 0.014600 -0.032475 0.78823529 0.75294118 0.74117647
v -0.694021 0.017374 -0.032604 0.84705882 0.83921569 0.84313725
v -0.691251 0.020143 -0.032668 0.85098039 0.84705882 0.85490196
v -0.633067 0.050628 -0.032804 0.87450980 0.87450980 0.88235294
v -0.688480 0.022914 -0.032783 0.86274510 0.85490196 0.86666667
v -0.633067 0.045087 -0.030726 0.86666667 0.86274510 0.87058824
v -0.685710 0.020142 -0.033380 0.85098039 0.84705882 0.85098039
v -0.630296 0.047858 -0.032117 0.87450980 0.87058824 0.88235294
v -0.685709 0.025687 -0.033250 0.87058824 0.86274510 0.87450980
v -0.682938 0.022917 -0.033414 0.86666667 0.85882353 0.87058824
v -0.627526 0.050628 -0.033936 0.88235294 0.88235294 0.89019608
v -0.680169 0.020143 -0.032995 0.85490196 0.85098039 0.85882353
v -0.677398 0.017372 -0.034000 0.83921569 0.83529412 0.84705882
v -0.682936 0.028464 -0.032967 0.88627451 0.88627451 0.89019608
v -0.680166 0.025693 -0.032540 0.87058824 0.87058824 0.87843137
v -0.680166 0.031234 -0.033137 0.88627451 0.89411765 0.89803922
v -0.677395 0.028464 -0.032338 0.86666667 0.87058824 0.87843137
v -0.677398 0.022915 -0.032153 0.85490196 0.85490196 0.86666667
v -0.674627 0.020144 -0.032359 0.84705882 0.84313725 0.85098039
v -0.674625 0.025693 -0.031785 0.85882353 0.86274510 0.87058824
v -0.671854 0.022923 -0.031223 0.86274510 0.85882353 0.86666667
v -0.677395 0.034005 -0.033319 0.88235294 0.88235294 0.89411765
v -0.674625 0.031234 -0.032455 0.87450980 0.87450980 0.89019608
v -0.674625 0.036776 -0.033924 0.89803922 0.89803922 0.91372549
v -0.671854 0.028464 -0.031773 0.88627451 0.88627451 0.89803922
v -0.669084 0.025693 -0.031452 0.88627451 0.88235294 0.89411765
v -0.671857 0.017374 -0.033900 0.83529412 0.82745098 0.83921569
v -0.669084 0.020152 -0.032014 0.85882353 0.85098039 0.85882353
v -0.666313 0.017382 -0.034100 0.83529412 0.83137255 0.83529412
v -0.666313 0.022923 -0.031565 0.87450980 0.87058824 0.87450980
v -0.663543 0.020152 -0.033003 0.85098039 0.84705882 0.85490196
v 0.631988 0.036817 -0.030432 0.87058824 0.86274510 0.87450980
v 0.640300 0.011882 -0.033524 0.79215686 0.78431373 0.79607843
v 0.629218 0.039587 -0.031139 0.88235294 0.87450980 0.88627451
v 0.643071 0.014653 -0.032921 0.81176471 0.81176471 0.82352941
v 0.623677 0.039586 -0.030257 0.81568627 0.81176471 0.82352941
v 0.626447 0.042358 -0.031737 0.85490196 0.84705882 0.85882353
v 0.651382 0.017423 -0.033860 0.80392157 0.80000000 0.81176471
v 0.648612 0.020194 -0.032165 0.84705882 0.84313725 0.85490196
v 0.651382 0.022964 -0.032443 0.84313725 0.83921569 0.85490196
v 0.645841 0.017423 -0.032354 0.83921569 0.83529412 0.84705882
v 0.645841 0.022964 -0.030994 0.83921569 0.83529412 0.84705882
v 0.648612 0.025735 -0.031574 0.86666667 0.86274510 0.87843137
v 0.654153 0.025735 -0.033609 0.83529412 0.82745098 0.84313725
v 0.684781 0.022820 -0.033060 0.89019608 0.89019608 0.89803922
v 0.682005 0.025596 -0.033487 0.90196078 0.89803922 0.90588235
v 0.651382 0.028505 -0.032827 0.87450980 0.86666667 0.88235294
v 0.687514 0.025626 -0.031718 0.89803922 0.89803922 0.91372549
v 0.643071 0.025735 -0.030341 0.81568627 0.80784314 0.82352941
v 0.684715 0.028425 -0.032603 0.90980392 0.90196078 0.91372549
v 0.645841 0.028505 -0.030870 0.83529412 0.82745098 0.84313725
v 0.679186 0.028413 -0.034004 0.90980392 0.90196078 0.91764706
v 0.648612 0.031276 -0.032212 0.87058824 0.86274510 0.87843137
v 0.681925 0.031214 -0.033939 0.91764706 0.91372549 0.92156863
v 0.654153 0.020194 -0.033994 0.80784314 0.80000000 0.81568627
v 0.654153 0.031276 -0.033971 0.85882353 0.85098039 0.86666667
v 0.634759 0.011882 -0.033322 0.82745098 0.82352941 0.83529412
v 0.651382 0.034046 -0.033752 0.88627451 0.88235294 0.89411765
v 0.629218 0.011882 -0.033616 0.84705882 0.84313725 0.85490196
v 0.643071 0.031276 -0.030948 0.81960784 0.81568627 0.82745098
v 0.631988 0.014653 -0.032174 0.84705882 0.84313725 0.85490196
v 0.645841 0.034046 -0.032031 0.83137255 0.82745098 0.84313725
v 0.640300 0.034046 -0.030649 0.83921569 0.83529412 0.84705882
v 0.643071 0.036817 -0.032125 0.82745098 0.82352941 0.83529412
v 0.648612 0.036817 -0.033349 0.87058824 0.86274510 0.87843137
v 0.645841 0.039587 -0.033624 0.82745098 0.82352941 0.83529412
v 0.637529 0.036817 -0.030894 0.83921569 0.83529412 0.84705882
v 0.640300 0.039588 -0.032405 0.84313725 0.83921569 0.85098039
v 0.634759 0.039587 -0.031605 0.85882353 0.85098039 0.86274510
v 0.637530 0.042358 -0.033297 0.85490196 0.84705882 0.85882353
v 0.626448 0.014651 -0.032355 0.81568627 0.81176471 0.82352941
v 0.631988 0.042358 -0.032524 0.89411765 0.88627451 0.89803922
v 0.629218 0.017421 -0.030986 0.85098039 0.84313725 0.85490196
v 0.629218 0.045129 -0.033464 0.89411765 0.88627451 0.89411765
v 0.626448 0.020192 -0.030348 0.83529412 0.82745098 0.83921569
v 0.637529 0.014653 -0.031993 0.80000000 0.79607843 0.80784314
v 0.623677 0.045129 -0.032271 0.82352941 0.81568627 0.82745098
v 0.640300 0.017423 -0.031258 0.79215686 0.78823529 0.80000000
v 0.634759 0.017423 -0.030998 0.84705882 0.84313725 0.85490196
v 0.643071 0.020194 -0.030923 0.80784314 0.80000000 0.81568627
v 0.631988 0.020194 -0.030285 0.85490196 0.84705882 0.86274510
v 0.823253 0.017316 -0.030595 0.50196078 0.30588235 0.24313725
v 0.817683 0.017357 -0.030893 0.53725490 0.33725490 0.26274510
v 0.814905 0.031113 -0.031058 0.66274510 0.47058824 0.37254902
v 0.831544 0.014578 -0.033413 0.43921569 0.28235294 0.21568627
v 0.825991 0.014589 -0.033800 0.46274510 0.29019608 0.23137255
v 0.828802 0.017321 -0.030425 0.50588235 0.32156863 0.25882353
v 0.826019 0.031032 -0.031073 0.66666667 0.47058824 0.41568627
v 0.853634 0.014646 -0.033319 0.46274510 0.28627451 0.22352941
v 0.842591 0.014609 -0.033394 0.45098039 0.29411765 0.23529412
v 0.834312 0.028397 -0.030333 0.67058824 0.46666667 0.37647059
v 0.831562 0.031045 -0.032807 0.66274510 0.46274510 0.38431373
v 0.848108 0.014621 -0.033633 0.47058824 0.30196078 0.24313725
v 0.850875 0.017405 -0.030839 0.54509804 0.36078431 0.28627451
v 0.820477 0.031039 -0.031336 0.67058824 0.48627451 0.41176471
v 0.845352 0.017388 -0.030785 0.50196078 0.32549020 0.26666667
v 0.859173 0.014653 -0.034037 0.47058824 0.30196078 0.22745098
v 0.861943 0.017423 -0.032101 0.56078431 0.36078431 0.27450980
v 0.867485 0.022964 -0.032096 0.62745098 0.45098039 0.38431373
v 0.856402 0.017423 -0.031225 0.52156863 0.34117647 0.26666667
v 0.626447 0.047899 -0.033882 0.86274510 0.85490196 0.86666667
v 0.864714 0.025735 -0.032498 0.53725490 0.38039216 0.34117647
v 0.859175 0.020192 -0.030319 0.61176471 0.41568627 0.33725490
v 0.864714 0.020194 -0.031456 0.65490196 0.42352941 0.32549020
v 0.861946 0.022962 -0.030458 0.63921569 0.44705882 0.36862745
v 0.690225 0.028453 -0.030836 0.90588235 0.90196078 0.92156863
v 0.853661 0.025700 -0.030713 0.62745098 0.43921569 0.35686275
v 0.687458 0.031221 -0.032342 0.91764706 0.90980392 0.92549020
v 0.859183 0.025723 -0.031444 0.59215686 0.41960784 0.35686275
v 0.690216 0.034004 -0.031613 0.91764706 0.90980392 0.92549020
v 0.837114 0.014550 -0.033369 0.43921569 0.26666667 0.21176471
v 0.684661 0.034017 -0.033922 0.92156863 0.91764706 0.92549020
v 0.687426 0.036792 -0.033297 0.90588235 0.90588235 0.91372549
v 0.839831 0.017370 -0.030507 0.47450980 0.29019608 0.23529412
v 0.834309 0.017354 -0.030338 0.49019608 0.31764706 0.24313725
v 0.839824 0.028452 -0.031420 0.64705882 0.45098039 0.37647059
v 0.848135 0.025691 -0.030267 0.61568627 0.42745098 0.33333333
v 0.850976 0.028394 -0.032964 0.58039216 0.41176471 0.35294118
v 0.845396 0.028432 -0.032122 0.59215686 0.40392157 0.32549020
v 0.812158 0.017341 -0.031109 0.55686275 0.36470588 0.28627451
v -0.829775 0.020152 -0.029731 0.62352941 0.40000000 0.30588235
v -0.646919 0.025693 -0.030202 0.86274510 0.85882353 0.86666667
v -0.827005 0.022923 -0.028659 0.67843137 0.44705882 0.34117647
v -0.646919 0.031234 -0.030184 0.88235294 0.87450980 0.88235294
v -0.824234 0.020152 -0.029793 0.62352941 0.40784314 0.32156863
v -0.824234 0.025693 -0.028494 0.73725490 0.49019608 0.38039216
v -0.821463 0.022923 -0.028786 0.65882353 0.43529412 0.33333333
v -0.633067 0.028464 -0.027600 0.82352941 0.81568627 0.81960784
v -0.644149 0.028464 -0.029465 0.87058824 0.86274510 0.87058824
v -0.854710 0.022923 -0.029763 0.69019608 0.45490196 0.34509804
v -0.818693 0.020152 -0.029988 0.58039216 0.38039216 0.28235294
v -0.644149 0.022923 -0.030213 0.85882353 0.85098039 0.85490196
v -0.851939 0.025693 -0.029904 0.75294118 0.49803922 0.37647059
v -0.821463 0.028464 -0.028990 0.73333333 0.48235294 0.36862745
v -0.641378 0.025693 -0.029256 0.85490196 0.84313725 0.85098039
v -0.630296 0.025693 -0.027443 0.82745098 0.82352941 0.82745098
v -0.818693 0.025693 -0.028683 0.69411765 0.45490196 0.35294118
v -0.815922 0.022923 -0.028832 0.63137255 0.41176471 0.31764706
v -0.638608 0.022923 -0.029451 0.82745098 0.81960784 0.82745098
v -0.630296 0.031234 -0.027954 0.84705882 0.84313725 0.85098039
v -0.627526 0.028464 -0.027741 0.84705882 0.83921569 0.84705882
v -0.824234 0.031234 -0.030201 0.75686275 0.52941176 0.40392157
v -0.635837 0.020152 -0.029557 0.77647059 0.76470588 0.77254902
v -0.627545 0.022857 -0.027442 0.82352941 0.81568627 0.82352941
v -0.815922 0.028464 -0.029177 0.72941176 0.47843137 0.36862745
v -0.644149 0.034005 -0.030031 0.88235294 0.87450980 0.88235294
v -0.641378 0.031234 -0.029202 0.85882353 0.85098039 0.86274510
v -0.627526 0.034005 -0.028932 0.86274510 0.85882353 0.86666667
v -0.641378 0.036775 -0.029875 0.86666667 0.86274510 0.87058824
v -0.849169 0.022923 -0.029570 0.72941176 0.49019608 0.38431373
v -0.638608 0.034005 -0.028671 0.84313725 0.83921569 0.84705882
v -0.813152 0.025693 -0.029050 0.68627451 0.45882353 0.36862745
v -0.638608 0.039546 -0.030033 0.85490196 0.84705882 0.85882353
v -0.810381 0.028464 -0.029292 0.70980392 0.47843137 0.37647059
v -0.635837 0.036775 -0.028650 0.84313725 0.83921569 0.84705882
v -0.846398 0.025693 -0.029657 0.78039216 0.53725490 0.41568627
v -0.635837 0.042317 -0.029997 0.85098039 0.84705882 0.85490196
v -0.705101 0.034005 -0.027818 0.77647059 0.61960784 0.53333333
v -0.633067 0.039546 -0.028945 0.85882353 0.85490196 0.86274510
v -0.702330 0.031234 -0.027960 0.81176471 0.72156863 0.66666667
v -0.843628 0.022923 -0.029237 0.76078431 0.51764706 0.40784314
v -0.638608 0.028464 -0.028553 0.83529412 0.82745098 0.83921569
v -0.840857 0.020152 -0.029919 0.69019608 0.45490196 0.35686275
v -0.635837 0.025693 -0.028326 0.80392157 0.79607843 0.80392157
v -0.840857 0.025693 -0.029338 0.78039216 0.53725490 0.41176471
v -0.635837 0.031234 -0.028243 0.82352941 0.81960784 0.82745098
v -0.838087 0.022923 -0.028877 0.73333333 0.49803922 0.38039216
v -0.630315 0.020088 -0.028472 0.79607843 0.78823529 0.79215686
v -0.835316 0.020152 -0.029532 0.65490196 0.43921569 0.33725490
v -0.699560 0.028464 -0.028457 0.86666667 0.82352941 0.80000000
v -0.696789 0.031234 -0.029903 0.88627451 0.87843137 0.87843137
v -0.838087 0.028464 -0.029633 0.78823529 0.53333333 0.40392157
v -0.696789 0.025693 -0.029538 0.86274510 0.84313725 0.83529412
v -0.633067 0.022923 -0.027868 0.79215686 0.78431373 0.78823529
v -0.835316 0.025693 -0.028640 0.75294118 0.50588235 0.38431373
v -0.699562 0.017376 -0.028109 0.77647059 0.67058824 0.62352941
v -0.696792 0.020145 -0.029785 0.81960784 0.79215686 0.79215686
v -0.633067 0.034005 -0.028530 0.84313725 0.83529412 0.84705882
v -0.630296 0.036775 -0.028951 0.86274510 0.85882353 0.86666667
v -0.832546 0.028464 -0.029261 0.76862745 0.51372549 0.38039216
v -0.832546 0.022923 -0.028761 0.70196078 0.45882353 0.35294118
v -0.829775 0.025693 -0.028497 0.73333333 0.48235294 0.35686275
v -0.827005 0.028464 -0.029061 0.77254902 0.51372549 0.38039216
v 0.637529 0.020194 -0.030070 0.83529412 0.82745098 0.84313725
v 0.640300 0.022964 -0.029817 0.81960784 0.81568627 0.82745098
v 0.634759 0.022964 -0.029566 0.85882353 0.85098039 0.86666667
v 0.629218 0.022962 -0.029472 0.85882353 0.85490196 0.86666667
v 0.631989 0.025733 -0.029147 0.86666667 0.85882353 0.87450980
v 0.637529 0.025735 -0.029378 0.83921569 0.83529412 0.84705882
v 0.640300 0.028505 -0.030207 0.82352941 0.81960784 0.83529412
v 0.634759 0.028505 -0.029324 0.86274510 0.85882353 0.87450980
v 0.637529 0.031276 -0.030096 0.84313725 0.83921569 0.85098039
v 0.626448 0.031274 -0.028918 0.84705882 0.83921569 0.85098039
v 0.629218 0.034046 -0.029451 0.86666667 0.86274510 0.87058824
v 0.623677 0.034045 -0.028904 0.81960784 0.81176471 0.82352941
v 0.626447 0.036817 -0.029831 0.85490196 0.84705882 0.85882353
v 0.634759 0.034046 -0.030027 0.85098039 0.84705882 0.85882353
v 0.626448 0.025733 -0.029219 0.83529412 0.82745098 0.83921569
v 0.629218 0.028504 -0.029043 0.86666667 0.86274510 0.87450980
v 0.623677 0.028503 -0.028922 0.81960784 0.81568627 0.82352941
v 0.631988 0.031276 -0.029402 0.86666667 0.85882353 0.87058824
v 0.620907 0.031274 -0.028741 0.80784314 0.80000000 0.81176471
v 0.826075 0.020022 -0.029153 0.56862745 0.35686275 0.29019608
v 0.820520 0.020047 -0.029416 0.57254902 0.37254902 0.28627451
v 0.848108 0.020173 -0.029759 0.56078431 0.36078431 0.29019608
v 0.853635 0.020189 -0.029811 0.61960784 0.42745098 0.33725490
v 0.823292 0.022781 -0.028643 0.61960784 0.41568627 0.32156863
v 0.856407 0.022958 -0.029903 0.65098039 0.43921569 0.35294118
v 0.850864 0.022960 -0.029785 0.63921569 0.42745098 0.32156863
v 0.814933 0.020099 -0.029799 0.59215686 0.38431373 0.30980392
v 0.817715 0.022847 -0.028866 0.62352941 0.42352941 0.32549020
v 0.837058 0.020146 -0.029249 0.54117647 0.36078431 0.27058824
v 0.820489 0.025560 -0.028790 0.65882353 0.45098039 0.34509804
v 0.842586 0.020159 -0.029553 0.51764706 0.32941176 0.27843137
v 0.845333 0.022952 -0.029508 0.60000000 0.38823529 0.31372549
v 0.812142 0.022883 -0.029296 0.62352941 0.41568627 0.33333333
v 0.839805 0.022940 -0.029063 0.60392157 0.39215686 0.29803922
v 0.814896 0.025655 -0.029231 0.65490196 0.44313725 0.32941176
v 0.842607 0.025680 -0.029719 0.63921569 0.41176471 0.32941176
v 0.817688 0.028349 -0.029752 0.68627451 0.47843137 0.36470588
v 0.831580 0.020069 -0.028988 0.56470588 0.37254902 0.29411765
v 0.834309 0.022877 -0.028638 0.62352941 0.43529412 0.32549020
v 0.809351 0.025640 -0.029332 0.66666667 0.45098039 0.36078431
v 0.828802 0.022830 -0.028643 0.62745098 0.41176471 0.32941176
v 0.831536 0.025603 -0.028910 0.66666667 0.45882353 0.34901961
v 0.812134 0.028353 -0.030155 0.68627451 0.45490196 0.34901961
v 0.837040 0.025687 -0.029411 0.65882353 0.44705882 0.34509804
v 0.826032 0.025548 -0.028748 0.66666667 0.43921569 0.34509804
v 0.828799 0.028288 -0.029850 0.67450980 0.45490196 0.37254902
v 0.823243 0.028286 -0.029654 0.69019608 0.47843137 0.39607843
v 0.692972 0.031246 -0.030065 0.90196078 0.90196078 0.91764706
v -0.778739 0.026860 -0.026298 0.74509804 0.50980392 0.39607843
v -0.725022 -0.001485 -0.026298 0.54509804 0.38431373 0.30196078
v -0.777623 0.028952 -0.026298 0.73725490 0.50196078 0.38431373
v -0.716454 0.001030 -0.026298 0.55294118 0.38431373 0.30196078
v -0.774139 0.020377 -0.026298 0.74901961 0.50588235 0.40000000
v -0.768119 0.015315 -0.026298 0.70980392 0.47450980 0.37647059
v -0.715514 0.001427 -0.026298 0.55686275 0.38431373 0.29803922
v -0.762101 0.010251 -0.026298 0.69019608 0.46666667 0.36862745
v 0.770600 0.030952 -0.026298 0.75294118 0.49803922 0.37254902
v -0.755381 0.005889 -0.026298 0.66274510 0.45098039 0.35686275
v 0.737810 -0.002512 -0.026298 0.63137255 0.43921569 0.33725490
v 0.763070 0.034540 -0.026298 0.78431373 0.52941176 0.40000000
v -0.741380 0.042055 -0.026298 0.77254902 0.55294118 0.43921569
v 0.736537 -0.002801 -0.026298 0.62745098 0.43921569 0.33333333
v -0.735233 0.041973 -0.026298 0.76078431 0.52549020 0.41568627
v 0.745989 0.000386 -0.026298 0.63529412 0.44313725 0.34509804
v 0.754994 0.037625 -0.026298 0.77254902 0.52156863 0.38823529
v 0.713608 -0.000552 -0.026298 0.64313725 0.46274510 0.34117647
v 0.753035 0.004420 -0.026298 0.64313725 0.44705882 0.34509804
v -0.730777 0.041575 -0.026298 0.76470588 0.52941176 0.40784314
v 0.727849 -0.003637 -0.026298 0.63137255 0.44313725 0.34117647
v 0.708561 0.002236 -0.026298 0.69019608 0.52941176 0.42352941
v -0.721978 0.039800 -0.026298 0.78039216 0.52549020 0.41960784
v 0.725015 -0.003477 -0.026298 0.63137255 0.45098039 0.34117647
v 0.702956 0.007710 -0.026298 0.74901961 0.60784314 0.54901961
v 0.715956 -0.001461 -0.026298 0.62745098 0.44705882 0.32549020
v 0.699055 0.014065 -0.026298 0.80784314 0.77254902 0.75294118
v -0.721578 0.039692 -0.026298 0.78431373 0.52549020 0.41960784
v 0.698851 0.014591 -0.026298 0.81960784 0.79607843 0.78823529
v 0.759576 0.008935 -0.026298 0.65490196 0.44705882 0.34509804
v -0.753543 0.004872 -0.026298 0.64705882 0.44313725 0.34901961
v -0.702163 0.014778 -0.026298 0.67058824 0.51764706 0.42352941
v 0.758626 0.008245 -0.026298 0.65882353 0.45490196 0.35294118
v -0.700967 0.018789 -0.026298 0.76862745 0.64313725 0.59215686
v 0.699132 0.025077 -0.026298 0.87058824 0.83921569 0.83921569
v -0.772824 0.032775 -0.026298 0.76862745 0.54509804 0.41960784
v 0.765540 0.014017 -0.026298 0.66274510 0.45098039 0.34901961
v 0.700133 0.027294 -0.026298 0.87058824 0.84705882 0.85490196
v -0.713373 0.036814 -0.026298 0.76078431 0.53333333 0.40784314
v -0.770946 0.033357 -0.026298 0.78431373 0.56078431 0.43137255
v 0.771452 0.019129 -0.026298 0.72156863 0.49411765 0.38431373
v 0.710855 0.035529 -0.026298 0.72941176 0.63137255 0.60000000
v 0.775644 0.024925 -0.026298 0.78823529 0.55686275 0.43137255
v -0.763421 0.036914 -0.026298 0.79215686 0.56078431 0.43137255
v -0.706402 0.032704 -0.026298 0.80784314 0.60784314 0.51372549
v 0.706528 0.033544 -0.026298 0.88235294 0.85882353 0.86274510
v -0.701788 0.026236 -0.026298 0.79215686 0.67450980 0.61960784
v 0.719257 0.038193 -0.026298 0.65490196 0.47058824 0.38431373
v -0.755135 0.039710 -0.026298 0.76862745 0.54117647 0.41960784
v -0.754636 0.039881 -0.026298 0.76862745 0.54117647 0.42352941
v 0.728575 0.039949 -0.026298 0.65490196 0.46666667 0.36470588
v 0.723485 0.039238 -0.026298 0.65098039 0.46274510 0.37254902
v -0.746333 0.041991 -0.026298 0.74509804 0.53725490 0.42745098
v 0.735449 0.040192 -0.026298 0.76078431 0.51764706 0.38039216
v -0.709490 0.005148 -0.026298 0.58039216 0.40000000 0.30196078
v -0.748128 0.002060 -0.026298 0.63529412 0.43529412 0.34117647
v -0.704286 0.011026 -0.026298 0.63529412 0.44313725 0.33333333
v -0.739961 -0.000855 -0.026298 0.62352941 0.43137255 0.33725490
v -0.735850 -0.001738 -0.026298 0.61176471 0.42352941 0.33333333
v 0.703737 0.031568 -0.026298 0.87058824 0.87058824 0.87450980
v -0.730045 -0.002021 -0.026298 0.58823529 0.41176471 0.32549020
v 0.739418 0.040133 -0.026298 0.76862745 0.51372549 0.38039216
v 0.752165 0.038431 -0.026298 0.76862745 0.50980392 0.37647059
v 0.745879 0.039575 -0.026298 0.77647059 0.52549020 0.39607843
v -0.716183 0.000758 -0.028028 0.54117647 0.37254902 0.29019608
v -0.804842 0.022918 -0.028875 0.62352941 0.40784314 0.32156863
v -0.738347 0.045087 -0.031876 0.72941176 0.51372549 0.40784314
v -0.804842 0.034000 -0.032264 0.77254902 0.52941176 0.38823529
v 0.693085 0.020055 -0.029454 0.88235294 0.87843137 0.88627451
v 0.698695 0.014435 -0.026491 0.81960784 0.78823529 0.76862745
v -0.799305 0.028445 -0.028772 0.69803922 0.47450980 0.35686275
v -0.710642 0.039546 -0.029729 0.79215686 0.58039216 0.47843137
v -0.799301 0.017376 -0.031852 0.52941176 0.34509804 0.27058824
v -0.793761 0.022914 -0.028578 0.59607843 0.40000000 0.30980392
v 0.770617 0.030969 -0.026311 0.75686275 0.50196078 0.37647059
v -0.788217 0.017382 -0.030876 0.62352941 0.43137255 0.33333333
v 0.787210 0.014420 -0.033561 0.58823529 0.40784314 0.30980392
v 0.765069 0.036540 -0.028773 0.78039216 0.52156863 0.39215686
v -0.793762 0.033994 -0.031285 0.74901961 0.49803922 0.38039216
v 0.776114 0.014463 -0.031224 0.58823529 0.39215686 0.29803922
v 0.781679 0.019934 -0.028483 0.69411765 0.47843137 0.37254902
v -0.788219 0.028459 -0.028007 0.68627451 0.45098039 0.34117647
v 0.698538 0.025681 -0.026751 0.88235294 0.86274510 0.87058824
v -0.782676 0.022923 -0.027404 0.69019608 0.48235294 0.36862745
v 0.803843 0.020077 -0.029960 0.58431373 0.36862745 0.27843137
v 0.709798 0.036602 -0.027703 0.82352941 0.76078431 0.74901961
v -0.782678 0.033999 -0.029557 0.75294118 0.51764706 0.41176471
v 0.792768 0.019947 -0.029923 0.68627451 0.47843137 0.38039216
v -0.777135 0.017382 -0.028895 0.70196078 0.49411765 0.38823529
v 0.798307 0.025514 -0.029226 0.69019608 0.47450980 0.37254902
v -0.754970 0.006299 -0.031353 0.64705882 0.44313725 0.34901961
v 0.787254 0.025381 -0.028374 0.75294118 0.52156863 0.39215686
v 0.792822 0.030851 -0.030823 0.62745098 0.39607843 0.29803922
v -0.777135 0.039546 -0.033770 0.76862745 0.54117647 0.41960784
v 0.803861 0.030983 -0.031333 0.68235294 0.43529412 0.33333333
v -0.771594 0.034005 -0.026892 0.78039216 0.55686275 0.42745098
v 0.715283 0.042187 -0.032619 0.78431373 0.63921569 0.56078431
v -0.766053 0.039546 -0.030243 0.78039216 0.55686275 0.43921569
v 0.737305 -0.002008 -0.029189 0.63137255 0.44705882 0.34509804
v 0.726400 0.042134 -0.031432 0.74117647 0.53725490 0.43137255
v 0.737413 0.042154 -0.029830 0.76470588 0.52941176 0.39607843
v -0.749429 0.045087 -0.033470 0.73333333 0.50588235 0.40000000
v 0.776155 0.025431 -0.026405 0.78823529 0.55686275 0.43137255
v 0.781728 0.030886 -0.029060 0.74901961 0.50196078 0.36470588
v 0.776187 0.036436 -0.032208 0.81568627 0.54509804 0.41568627
v 0.698509 0.036791 -0.030855 0.88627451 0.88627451 0.88627451
v -0.746984 0.036450 -0.018462 0.78039216 0.54901961 0.41960784
v -0.741208 0.036866 -0.018462 0.77254902 0.52549020 0.40000000
v -0.751017 0.002347 -0.018462 0.64313725 0.43921569 0.34509804
v -0.748939 0.001248 -0.018462 0.63529412 0.43529412 0.34117647
v -0.740576 -0.001470 -0.018462 0.62745098 0.43529412 0.33725490
v -0.760618 0.011735 -0.018462 0.71372549 0.48235294 0.38039216
v -0.735682 -0.001907 -0.018462 0.61176471 0.42745098 0.32941176
v -0.760816 0.012145 -0.018462 0.74117647 0.50588235 0.39215686
v -0.728961 -0.000937 -0.018462 0.58823529 0.41568627 0.32549020
v 0.760208 0.020892 -0.018462 0.76862745 0.53333333 0.40392157
v 0.738542 -0.003247 -0.018462 0.62745098 0.43137255 0.33333333
v -0.755647 0.005623 -0.018462 0.65882353 0.44705882 0.35294118
v -0.726270 -0.000237 -0.018462 0.58431373 0.40000000 0.31372549
v 0.735962 -0.003536 -0.018462 0.62352941 0.43137255 0.32549020
v 0.756787 0.028440 -0.018462 0.76078431 0.50588235 0.37647059
v -0.718901 0.003477 -0.018462 0.61960784 0.41960784 0.31764706
v 0.749977 0.032588 -0.018462 0.77647059 0.52941176 0.39215686
v 0.746883 -0.000506 -0.018462 0.63137255 0.43137255 0.33725490
v -0.762411 0.021024 -0.018462 0.77254902 0.54509804 0.41568627
v -0.713424 0.009082 -0.018462 0.63137255 0.43529412 0.33725490
v -0.762003 0.024414 -0.018462 0.81960784 0.58823529 0.45490196
v 0.753420 0.004038 -0.018462 0.65882353 0.45490196 0.35686275
v 0.718182 0.000580 -0.018462 0.66666667 0.47058824 0.35294118
v 0.712230 0.005828 -0.018462 0.69411765 0.49803922 0.37647059
v -0.735541 0.036811 -0.018462 0.78823529 0.54117647 0.42745098
v 0.726824 -0.002628 -0.018462 0.62352941 0.43529412 0.32941176
v 0.708259 0.013033 -0.018462 0.72549020 0.57647059 0.50196078
v -0.728878 0.035618 -0.018462 0.76470588 0.53725490 0.42745098
v 0.726071 -0.002498 -0.018462 0.61568627 0.42745098 0.32156863
v 0.708049 0.016059 -0.018462 0.74901961 0.61176471 0.54901961
v -0.757679 0.031173 -0.018462 0.80392157 0.57647059 0.44705882
v -0.726467 0.034803 -0.018462 0.77254902 0.53333333 0.41960784
v 0.710966 0.024259 -0.018462 0.70588235 0.54901961 0.47058824
v 0.758408 0.010126 -0.018462 0.69411765 0.47843137 0.37254902
v -0.719126 0.031062 -0.018462 0.79215686 0.55294118 0.44313725
v 0.716645 0.029665 -0.018462 0.76078431 0.55686275 0.44705882
v -0.713562 0.025544 -0.018462 0.76862745 0.55294118 0.44705882
v 0.724218 0.033186 -0.018462 0.67450980 0.45882353 0.35686275
v 0.760213 0.019385 -0.018462 0.75686275 0.52549020 0.39607843
v -0.750787 0.035362 -0.018462 0.78823529 0.54901961 0.42352941
v -0.710599 0.017339 -0.018462 0.72156863 0.49803922 0.36862745
v 0.745297 0.034181 -0.018462 0.76862745 0.53725490 0.40000000
v -0.710602 0.017422 -0.018462 0.72156863 0.49411765 0.36862745
v 0.741246 0.034950 -0.018462 0.76470588 0.51764706 0.38823529
v 0.733402 0.035011 -0.018462 0.57254902 0.40392157 0.30980392
v 0.729939 0.034614 -0.018462 0.63137255 0.43137255 0.33333333
v -0.743888 0.039546 -0.022616 0.77254902 0.54117647 0.41176471
v -0.777135 0.028464 -0.026048 0.74117647 0.50588235 0.38823529
v -0.771594 0.022923 -0.024472 0.78823529 0.54509804 0.41960784
v -0.710642 0.006300 -0.023463 0.59607843 0.40000000 0.29411765
v -0.766053 0.017382 -0.023063 0.76862745 0.52156863 0.41176471
v 0.709703 0.003344 -0.023340 0.67450980 0.51372549 0.41568627
v 0.704168 0.008884 -0.023957 0.76078431 0.64705882 0.60392157
v -0.732806 0.039546 -0.022665 0.78431373 0.53725490 0.41568627
v -0.766053 0.028464 -0.022093 0.81960784 0.59607843 0.45882353
v -0.760512 0.034005 -0.022237 0.78431373 0.55686275 0.42352941
v -0.721724 0.039546 -0.026059 0.78431373 0.52549020 0.41960784
v 0.765035 0.025547 -0.022366 0.78039216 0.53333333 0.40784314
v -0.754970 0.039546 -0.026017 0.77254902 0.54509804 0.42352941
v -0.716183 0.034005 -0.022320 0.77254902 0.53333333 0.41960784
v 0.759501 0.031072 -0.021984 0.76862745 0.52156863 0.38823529
v -0.710642 0.028464 -0.021634 0.80000000 0.56862745 0.47450980
v 0.759448 0.009064 -0.025921 0.67058824 0.45882353 0.35294118
v -0.705101 0.011841 -0.024831 0.63137255 0.43529412 0.32156863
v 0.753972 0.036617 -0.024563 0.77254902 0.52156863 0.38039216
v 0.765003 0.014556 -0.025398 0.66666667 0.45098039 0.34901961
v -0.705101 0.022923 -0.023322 0.74509804 0.52549020 0.43137255
v 0.704109 0.020048 -0.021781 0.83137255 0.73333333 0.70588235
v 0.770573 0.020010 -0.025529 0.76078431 0.53333333 0.41176471
v 0.709667 0.025576 -0.019844 0.73725490 0.62745098 0.57254902
v 0.704112 0.031193 -0.025892 0.86666667 0.86666667 0.87450980
v 0.715260 0.031099 -0.020277 0.76078431 0.55294118 0.46666667
v 0.720859 0.036587 -0.023675 0.65882353 0.45882353 0.35294118
v 0.742899 0.036587 -0.021191 0.76470588 0.51764706 0.39215686
v 0.731862 0.036569 -0.020874 0.58039216 0.40784314 0.31764706
v -0.761815 0.010535 -0.010625 0.71372549 0.48627451 0.39215686
v -0.762170 0.013495 -0.010625 0.76470588 0.50196078 0.39215686
v -0.754012 0.027505 -0.010625 0.81176471 0.58431373 0.45098039
v -0.757305 0.003965 -0.010625 0.58039216 0.38431373 0.30980392
v -0.746330 0.030905 -0.010625 0.77647059 0.54509804 0.41568627
v -0.749753 0.000435 -0.010625 0.60392157 0.40784314 0.31764706
v -0.740606 0.031746 -0.010625 0.69411765 0.49411765 0.38431373
v -0.748885 0.000214 -0.010625 0.62352941 0.42745098 0.32941176
v -0.735430 0.031087 -0.010625 0.69803922 0.49019608 0.38431373
v -0.759394 0.021802 -0.010625 0.76862745 0.53725490 0.41176471
v -0.739907 -0.000802 -0.010625 0.63921569 0.44313725 0.34117647
v -0.736987 -0.000602 -0.010625 0.64313725 0.44705882 0.33725490
v -0.728789 0.002283 -0.010625 0.64313725 0.44313725 0.33725490
v -0.723043 0.007618 -0.010625 0.66274510 0.44705882 0.33725490
v 0.758192 0.018880 -0.010625 0.72549020 0.50196078 0.39607843
v -0.720423 0.016081 -0.010625 0.72941176 0.49411765 0.38823529
v 0.752969 0.024549 -0.010625 0.74117647 0.47843137 0.37254902
v 0.745888 0.028409 -0.010625 0.52941176 0.38039216 0.29803922
v -0.731481 0.029789 -0.010625 0.76862745 0.54117647 0.42352941
v 0.737905 -0.002610 -0.010625 0.61568627 0.41960784 0.32549020
v 0.721948 0.004323 -0.010625 0.71372549 0.49411765 0.38431373
v 0.736981 -0.002581 -0.010625 0.60392157 0.40392157 0.30980392
v -0.724823 0.025365 -0.010625 0.76470588 0.51764706 0.40392157
v 0.718238 0.011747 -0.010625 0.73333333 0.52941176 0.41176471
v 0.755151 0.002304 -0.010625 0.56470588 0.38039216 0.30980392
v -0.720772 0.018334 -0.010625 0.74117647 0.50196078 0.39215686
v 0.718439 0.016691 -0.010625 0.76862745 0.56078431 0.45882353
v 0.722584 0.023628 -0.010625 0.76862745 0.56862745 0.45490196
v 0.729320 0.028010 -0.010625 0.69803922 0.47843137 0.36470588
v 0.749798 -0.000594 -0.010625 0.61176471 0.41568627 0.32941176
v 0.738519 0.029836 -0.010625 0.52156863 0.38431373 0.30588235
v 0.736039 0.029690 -0.010625 0.65098039 0.45882353 0.35686275
v 0.747670 -0.001294 -0.010625 0.61568627 0.41568627 0.32156863
v 0.728386 -0.000367 -0.010625 0.64313725 0.44313725 0.32549020
v 0.759794 0.008741 -0.010625 0.73333333 0.52549020 0.43137255
v 0.760008 0.009664 -0.010625 0.67058824 0.46666667 0.38039216
v -0.754970 0.028464 -0.013774 0.81960784 0.58823529 0.45882353
v -0.749429 0.034005 -0.016317 0.78039216 0.54901961 0.42352941
v -0.738347 0.034005 -0.014102 0.73725490 0.50980392 0.40000000
v -0.749429 0.000758 -0.013979 0.62745098 0.42745098 0.33333333
v -0.727265 0.000758 -0.015105 0.61176471 0.41960784 0.32549020
v -0.760512 0.022923 -0.016098 0.78431373 0.55686275 0.42352941
v -0.721724 0.006300 -0.012858 0.65882353 0.44313725 0.33333333
v -0.716183 0.011841 -0.014679 0.67843137 0.45490196 0.35686275
v -0.727265 0.034005 -0.017201 0.77647059 0.53725490 0.41960784
v -0.721724 0.028464 -0.014920 0.78823529 0.54509804 0.43921569
v -0.716183 0.022923 -0.015448 0.74509804 0.52941176 0.41568627
v -0.710642 0.017382 -0.018427 0.72156863 0.49411765 0.36862745
v 0.759452 0.020135 -0.017308 0.73333333 0.50980392 0.38431373
v 0.753899 0.003556 -0.015436 0.64705882 0.44705882 0.35686275
v 0.753938 0.025595 -0.013791 0.74901961 0.49803922 0.36862745
v 0.748427 0.031046 -0.016056 0.78039216 0.53333333 0.40392157
v 0.726393 -0.002221 -0.017218 0.61568627 0.42745098 0.31764706
v 0.720843 0.003295 -0.012643 0.70588235 0.49019608 0.37647059
v 0.715229 0.008795 -0.013916 0.72549020 0.50980392 0.38823529
v 0.759441 0.009093 -0.011505 0.69019608 0.47843137 0.38039216
v 0.709662 0.014435 -0.017196 0.69803922 0.53333333 0.45098039
v 0.715198 0.019940 -0.013843 0.75294118 0.53725490 0.43137255
v 0.720753 0.025486 -0.013016 0.76470588 0.56470588 0.45882353
v 0.726305 0.031029 -0.015219 0.70588235 0.47843137 0.35686275
v 0.737350 0.031031 -0.012434 0.58039216 0.41568627 0.32549020
v -0.770069 0.013359 -0.002789 0.72549020 0.49411765 0.38823529
v -0.766682 0.017960 -0.002789 0.75686275 0.51764706 0.40392157
v -0.767371 0.004981 -0.002789 0.60000000 0.41176471 0.31372549
v -0.770536 0.010775 -0.002789 0.70588235 0.48235294 0.38039216
v -0.761177 0.001424 -0.002789 0.55294118 0.36470588 0.28627451
v -0.760145 0.001125 -0.002789 0.58039216 0.38823529 0.30588235
v -0.749982 0.000206 -0.002789 0.60000000 0.40392157 0.31372549
v -0.748921 0.000250 -0.002789 0.60392157 0.40784314 0.31764706
v -0.762482 0.020942 -0.002789 0.76862745 0.53333333 0.41568627
v 0.765569 0.002976 -0.002789 0.50980392 0.33333333 0.25490196
v -0.759809 0.022205 -0.002789 0.78431373 0.54901961 0.43137255
v 0.757998 -0.000536 -0.002789 0.55686275 0.37254902 0.29411765
v -0.751990 0.025483 -0.002789 0.78431373 0.55294118 0.44705882
v 0.762381 0.000959 -0.002789 0.48627451 0.31372549 0.24705882
v 0.749101 -0.001437 -0.002789 0.59215686 0.39607843 0.31372549
v -0.745830 0.026522 -0.002789 0.64705882 0.45490196 0.36470588
v 0.768842 0.007438 -0.002789 0.66274510 0.47450980 0.36862745
v -0.741432 0.026007 -0.002789 0.69803922 0.49019608 0.38039216
v 0.747781 -0.001402 -0.002789 0.59215686 0.38823529 0.30588235
v -0.736910 0.024361 -0.002789 0.78823529 0.55686275 0.43529412
v 0.739375 -0.000405 -0.002789 0.64313725 0.44313725 0.33725490
v -0.739697 0.002108 -0.002789 0.68235294 0.47843137 0.36862745
v -0.733065 0.006559 -0.002789 0.70588235 0.49019608 0.36862745
v 0.732311 0.003542 -0.002789 0.70980392 0.49019608 0.37254902
v -0.730263 0.014839 -0.002789 0.72549020 0.50588235 0.39607843
v 0.728260 0.010652 -0.002789 0.76470588 0.53333333 0.41960784
v -0.731483 0.018705 -0.002789 0.78431373 0.54901961 0.43137255
v 0.768873 0.010751 -0.002789 0.73725490 0.52549020 0.41960784
v 0.760317 0.019252 -0.002789 0.74901961 0.52549020 0.41568627
v 0.759105 0.019740 -0.002789 0.73333333 0.49803922 0.38823529
v 0.765850 0.015515 -0.002789 0.75686275 0.54117647 0.43529412
v 0.751485 0.023019 -0.002789 0.73333333 0.49803922 0.38431373
v 0.743920 0.024432 -0.002789 0.52549020 0.38431373 0.30980392
v 0.741783 0.024263 -0.002789 0.68627451 0.48235294 0.37254902
v 0.729448 0.016792 -0.002789 0.77647059 0.56470588 0.44313725
v 0.734909 0.022394 -0.002789 0.72941176 0.52156863 0.40000000
v -0.766058 0.017364 -0.003906 0.75686275 0.51764706 0.40392157
v -0.766053 0.006298 -0.004575 0.62352941 0.43137255 0.33725490
v -0.743888 0.028464 -0.005949 0.65490196 0.45098039 0.36862745
v -0.732806 0.028464 -0.008716 0.79607843 0.56470588 0.43921569
v 0.737432 -0.002137 -0.008836 0.60784314 0.41176471 0.31372549
v -0.738347 0.000758 -0.006432 0.67450980 0.48235294 0.35686275
v 0.764975 0.003570 -0.003585 0.54117647 0.36078431 0.28235294
v 0.732016 0.003253 -0.003284 0.70588235 0.49019608 0.37254902
v -0.732806 0.006300 -0.003193 0.70588235 0.49411765 0.37254902
v 0.726313 0.008823 -0.004599 0.75686275 0.52156863 0.40392157
v -0.727265 0.011841 -0.005307 0.70196078 0.47058824 0.35686275
v 0.764977 0.014647 -0.004194 0.79607843 0.58823529 0.48627451
v -0.727265 0.022923 -0.007645 0.74901961 0.50588235 0.39215686
v 0.742918 0.025396 -0.004395 0.56078431 0.40784314 0.32156863
v -0.721724 0.017382 -0.009731 0.73725490 0.49803922 0.39215686
v 0.720815 0.014330 -0.008567 0.75686275 0.56078431 0.44705882
v 0.726313 0.019854 -0.006271 0.78431373 0.56470588 0.43137255
v 0.731815 0.025458 -0.007078 0.77254902 0.53725490 0.40392157
v -0.781483 0.007446 0.005047 0.63529412 0.43137255 0.35294118
v -0.781391 0.010404 0.005047 0.69411765 0.46666667 0.38039216
v -0.779732 0.003703 0.005047 0.54901961 0.36078431 0.27843137
v -0.776799 0.001094 0.005047 0.52156863 0.33333333 0.24705882
v -0.773363 -0.001011 0.005047 0.50196078 0.32941176 0.25882353
v 0.771015 -0.002470 0.005047 0.44705882 0.33725490 0.29803922
v 0.774683 -0.000597 0.005047 0.40000000 0.32156863 0.30588235
v 0.777922 0.001705 0.005047 0.38823529 0.27450980 0.22745098
v 0.779837 0.005331 0.005047 0.51764706 0.33725490 0.27450980
v 0.780271 0.007784 0.005047 0.60000000 0.41568627 0.34509804
v 0.780054 0.010655 0.005047 0.67843137 0.48627451 0.40784314
v 0.779281 0.012336 0.005047 0.69019608 0.48627451 0.40000000
v 0.776744 0.015340 0.005047 0.70588235 0.49803922 0.40392157
v -0.769344 -0.001491 0.005047 0.55686275 0.37254902 0.29019608
v -0.777004 0.016929 0.005047 0.72549020 0.49019608 0.39215686
v -0.769262 0.020328 0.005047 0.75294118 0.50980392 0.40000000
v -0.762565 -0.001295 0.005047 0.57254902 0.38431373 0.30196078
v -0.759152 -0.000601 0.005047 0.54117647 0.36470588 0.29019608
v -0.751305 0.002634 0.005047 0.60784314 0.40784314 0.31372549
v 0.760204 -0.002742 0.005047 0.51764706 0.35294118 0.27843137
v 0.758985 -0.002540 0.005047 0.54117647 0.36470588 0.28627451
v -0.761957 0.021407 0.005047 0.78039216 0.53725490 0.41960784
v 0.750995 0.000322 0.005047 0.60784314 0.41176471 0.31372549
v -0.758992 0.021335 0.005047 0.81960784 0.58431373 0.45098039
v 0.769800 -0.002705 0.005047 0.48627451 0.34509804 0.28627451
v 0.744535 0.004638 0.005047 0.71372549 0.49411765 0.38039216
v -0.751801 0.020546 0.005047 0.75294118 0.53725490 0.42352941
v -0.744744 0.016526 0.005047 0.77647059 0.56862745 0.44313725
v 0.743199 0.014221 0.005047 0.73725490 0.52941176 0.41176471
v -0.745173 0.007584 0.005047 0.72549020 0.49803922 0.37647059
v 0.759881 0.019674 0.005047 0.75294118 0.52156863 0.40784314
v 0.759003 0.019622 0.005047 0.72549020 0.49411765 0.36470588
v 0.774116 0.016582 0.005047 0.72941176 0.50588235 0.40784314
v 0.768952 0.018591 0.005047 0.74901961 0.52549020 0.41960784
v 0.749910 0.018550 0.005047 0.65882353 0.46666667 0.36078431
v -0.777143 0.006270 0.002286 0.63137255 0.43529412 0.35294118
v -0.771594 0.000758 0.002666 0.55294118 0.36470588 0.27058824
v -0.771595 0.011835 -0.002122 0.72941176 0.49411765 0.39607843
v -0.760512 0.000758 -0.002015 0.56862745 0.38039216 0.29803922
v -0.749429 0.000758 -0.000589 0.58823529 0.39215686 0.30588235
v 0.759466 -0.002004 0.001180 0.53333333 0.36078431 0.28235294
v 0.743106 0.003266 0.003345 0.69803922 0.48627451 0.36470588
v 0.737591 0.008768 0.002797 0.74509804 0.51372549 0.39607843
v 0.743012 0.014382 0.004904 0.75294118 0.54117647 0.41960784
v 0.731941 0.014334 -0.000579 0.75686275 0.54509804 0.42745098
v 0.737398 0.019968 -0.000003 0.76470588 0.54509804 0.41568627
v 0.770516 0.009112 -0.001951 0.69803922 0.50196078 0.38823529
v 0.770526 -0.001982 0.004206 0.41960784 0.33333333 0.30980392
v -0.749431 0.022918 0.001883 0.75686275 0.53725490 0.42352941
v 0.776060 0.014643 0.004109 0.75294118 0.53725490 0.43921569
v 0.776057 0.003570 0.002795 0.49411765 0.32941176 0.27058824
v -0.743888 0.017382 0.004381 0.78039216 0.56862745 0.44313725
v 0.748451 0.019974 0.003110 0.67843137 0.47843137 0.36862745
v -0.738347 0.022923 -0.001087 0.77647059 0.55294118 0.43137255
v -0.743888 0.006299 0.003683 0.71372549 0.49019608 0.36862745
v -0.738347 0.011841 0.002538 0.76470588 0.54117647 0.41960784
v -0.732806 0.017382 -0.001508 0.78431373 0.55294118 0.43921569
v -0.786361 0.008134 0.008965 0.63921569 0.42352941 0.33725490
v -0.786365 0.009927 0.008965 0.67450980 0.44705882 0.35686275
v -0.784958 0.013865 0.008965 0.69411765 0.46274510 0.37254902
v -0.784818 0.004147 0.008965 0.56470588 0.35686275 0.29019608
v -0.782443 0.000991 0.008965 0.50588235 0.32941176 0.25098039
v -0.779142 -0.001249 0.008965 0.47843137 0.32549020 0.26666667
v -0.774596 -0.002243 0.008965 0.53725490 0.35686275 0.28235294
v -0.781805 0.016098 0.008965 0.70588235 0.47450980 0.38039216
v -0.778101 0.017889 0.008965 0.72156863 0.48627451 0.38823529
v 0.776844 -0.002758 0.008965 0.45490196 0.33333333 0.28235294
v 0.774478 -0.003566 0.008965 0.45098039 0.33725490 0.29411765
v 0.780189 -0.000562 0.008965 0.43529412 0.31372549 0.26274510
v 0.772469 -0.003924 0.008965 0.48627451 0.34901961 0.29411765
v 0.782727 0.002441 0.008965 0.42352941 0.28627451 0.22745098
v 0.784729 0.005980 0.008965 0.54509804 0.36078431 0.27450980
v 0.784935 0.006907 0.008965 0.56862745 0.37254902 0.29019608
v 0.784214 0.011728 0.008965 0.68627451 0.48627451 0.39607843
v 0.781557 0.014612 0.008965 0.68627451 0.48235294 0.39215686
v 0.778092 0.016688 0.008965 0.69803922 0.48235294 0.38431373
v -0.785462 0.009019 0.008090 0.65882353 0.43529412 0.34509804
v -0.782718 0.011702 0.006062 0.69019608 0.45882353 0.36862745
v -0.782693 0.006242 0.006140 0.60784314 0.40784314 0.33333333
v -0.779905 0.003529 0.005305 0.54509804 0.35686275 0.27450980
v -0.777135 0.000758 0.005501 0.51372549 0.32549020 0.24313725
v -0.774364 -0.002012 0.008056 0.52549020 0.34509804 0.27058824
v -0.779978 0.014377 0.006030 0.71372549 0.47843137 0.38431373
v -0.777222 0.017103 0.005828 0.73333333 0.49411765 0.39215686
v 0.776063 -0.001977 0.007298 0.41568627 0.31372549 0.27450980
v 0.778827 0.000800 0.006640 0.38823529 0.29411765 0.25098039
v 0.781598 0.003570 0.007244 0.45490196 0.29803922 0.22352941
v 0.784368 0.006341 0.008526 0.55294118 0.36078431 0.27843137
v 0.781598 0.009112 0.006003 0.63137255 0.44313725 0.36862745
v -0.788966 0.005551 0.012883 0.56078431 0.36862745 0.29803922
v -0.789668 0.007719 0.012883 0.62745098 0.42352941 0.34117647
v -0.787183 0.001793 0.012883 0.50980392 0.30980392 0.25882353
v -0.784358 -0.000924 0.012883 0.47058824 0.32549020 0.26666667
v -0.789890 0.010146 0.012883 0.67058824 0.45098039 0.36862745
v -0.789273 0.012759 0.012883 0.69019608 0.46274510 0.37647059
v -0.786923 0.015788 0.012883 0.70588235 0.47450980 0.38039216
v -0.780556 -0.002663 0.012883 0.52156863 0.34901961 0.27843137
v -0.778829 -0.003088 0.012883 0.54901961 0.36078431 0.29019608
v -0.775704 -0.003352 0.012883 0.54901961 0.36078431 0.29019608
v -0.783196 0.017479 0.012883 0.71764706 0.48235294 0.38431373
v -0.782008 0.017804 0.012883 0.72941176 0.49411765 0.39215686
v -0.778623 0.018326 0.012883 0.72941176 0.49411765 0.39215686
v 0.781936 -0.002309 0.012883 0.46274510 0.33725490 0.28627451
v 0.780457 -0.003111 0.012883 0.47058824 0.34509804 0.29019608
v 0.784948 0.000221 0.012883 0.45490196 0.32941176 0.27843137
v 0.786416 0.002848 0.012883 0.42352941 0.29803922 0.24705882
v 0.778061 -0.003975 0.012883 0.51372549 0.37254902 0.30980392
v 0.773362 -0.004699 0.012883 0.50588235 0.36470588 0.30196078
v 0.773260 -0.004716 0.012883 0.51372549 0.36470588 0.29803922
v 0.786851 0.003858 0.012883 0.45882353 0.31372549 0.25098039
v 0.788331 0.007920 0.012883 0.58823529 0.40000000 0.31372549
v 0.788261 0.010234 0.012883 0.63137255 0.43137255 0.34117647
v 0.786482 0.013996 0.012883 0.65882353 0.45098039 0.35686275
v 0.783081 0.016136 0.012883 0.67843137 0.46274510 0.36470588
v 0.778921 0.017322 0.012883 0.69019608 0.46666667 0.36862745
v 0.778762 0.017345 0.012883 0.69411765 0.46666667 0.36470588
v -0.773149 -0.003227 0.012883 0.56470588 0.37254902 0.29411765
v -0.769764 -0.002953 0.012883 0.56862745 0.37647059 0.29411765
v -0.768320 -0.002516 0.012883 0.58823529 0.40000000 0.32156863
v -0.775635 0.018620 0.012883 0.73725490 0.49803922 0.39607843
v -0.773351 0.018647 0.012883 0.75294118 0.50980392 0.40000000
v -0.770225 0.018385 0.012883 0.76862745 0.51372549 0.40000000
v -0.767616 0.018538 0.012883 0.77647059 0.52156863 0.41176471
v 0.768028 -0.004555 0.012883 0.50980392 0.35294118 0.28627451
v 0.772893 0.017789 0.012883 0.72549020 0.49803922 0.39215686
v 0.767998 0.017513 0.012883 0.74117647 0.51372549 0.40784314
v 0.773666 0.017757 0.012883 0.70980392 0.48235294 0.38039216
v -0.788225 0.006273 0.011354 0.59215686 0.38823529 0.31372549
v -0.785446 0.003529 0.009859 0.55294118 0.34117647 0.28235294
v -0.782676 0.000758 0.009347 0.50588235 0.32941176 0.25098039
v -0.788248 0.011740 0.011142 0.70980392 0.47450980 0.38823529
v -0.785513 0.014397 0.009942 0.70196078 0.47058824 0.37647059
v -0.779905 -0.002012 0.010932 0.50980392 0.34117647 0.27058824
v -0.782776 0.017063 0.011251 0.71764706 0.48235294 0.38431373
v 0.781598 -0.001971 0.011953 0.43921569 0.31764706 0.26666667
v 0.784368 0.000800 0.011578 0.39607843 0.30588235 0.27058824
v 0.787139 0.009112 0.011274 0.61960784 0.42352941 0.33725490
v 0.784368 0.011882 0.009179 0.66666667 0.46274510 0.36862745
v 0.781598 0.014653 0.009057 0.67843137 0.46666667 0.37254902
v -0.761239 0.001486 0.012883 0.60784314 0.39607843 0.30980392
v -0.757197 0.008526 0.012883 0.70980392 0.48235294 0.36862745
v -0.765211 0.018095 0.012883 0.79607843 0.54901961 0.43921569
v -0.758527 0.013789 0.012883 0.76470588 0.52549020 0.41176471
v 0.760485 -0.001006 0.012883 0.52156863 0.34509804 0.25882353
v 0.755825 0.005300 0.012883 0.67058824 0.45882353 0.34509804
v 0.756582 0.011910 0.012883 0.72549020 0.50196078 0.38823529
v 0.762884 0.016688 0.012883 0.78431373 0.54117647 0.43529412
v -0.760512 0.000758 0.011255 0.59215686 0.39607843 0.31372549
v -0.754970 0.006299 0.010701 0.67843137 0.45882353 0.34117647
v -0.754974 0.017371 0.008875 0.79215686 0.56078431 0.43137255
v -0.749429 0.011841 0.008167 0.78823529 0.56470588 0.44705882
v 0.759497 -0.002035 0.009708 0.51372549 0.34117647 0.26274510
v 0.754029 0.003426 0.010686 0.65098039 0.45098039 0.34117647
v 0.748565 0.008865 0.008515 0.73725490 0.50588235 0.38823529
v 0.753996 0.014489 0.009960 0.76862745 0.54901961 0.43137255
v -0.791096 0.014441 0.016802 0.68235294 0.45882353 0.37254902
v -0.791037 0.014540 0.016802 0.69411765 0.46274510 0.37254902
v -0.788522 0.016916 0.016802 0.70196078 0.47058824 0.37647059
v -0.792152 0.007906 0.016802 0.61176471 0.40392157 0.32941176
v -0.792325 0.010407 0.016802 0.67058824 0.45490196 0.37647059
v -0.790650 0.003866 0.016802 0.50588235 0.31764706 0.25882353
v -0.788293 0.000682 0.016802 0.55686275 0.36078431 0.29019608
v -0.788951 0.001492 0.016802 0.54901961 0.35294118 0.28627451
v -0.785465 -0.002031 0.016802 0.56470588 0.37254902 0.29803922
v -0.788092 0.016926 0.016802 0.70588235 0.47450980 0.38039216
v -0.785361 -0.002097 0.016802 0.55686275 0.36862745 0.29411765
v -0.781425 -0.003531 0.016802 0.55686275 0.36470588 0.29411765
v -0.778194 -0.003724 0.016802 0.57647059 0.37647059 0.30196078
v -0.775818 -0.003466 0.016802 0.58823529 0.38039216 0.30196078
v -0.773453 -0.002924 0.016802 0.60784314 0.39607843 0.30980392
v -0.769546 -0.001290 0.016802 0.61568627 0.40392157 0.30980392
v -0.783690 0.017960 0.016802 0.71764706 0.48235294 0.38431373
v -0.781749 0.018060 0.016802 0.73725490 0.50196078 0.39607843
v -0.778093 0.017806 0.016802 0.74117647 0.50196078 0.39607843
v -0.776549 0.017702 0.016802 0.74901961 0.50980392 0.40000000
v -0.771871 0.016852 0.016802 0.77647059 0.52549020 0.41568627
v -0.771467 0.016805 0.016802 0.78039216 0.52549020 0.41568627
v -0.767680 0.015615 0.016802 0.77254902 0.51764706 0.41568627
v 0.782929 -0.003302 0.016802 0.49411765 0.35294118 0.29803922
v 0.778958 -0.004610 0.016802 0.52941176 0.38039216 0.32156863
v 0.785985 -0.000816 0.016802 0.49803922 0.34901961 0.29019608
v 0.788518 0.002191 0.016802 0.51372549 0.35294118 0.29019608
v 0.790279 0.005971 0.016802 0.56078431 0.38039216 0.30588235
v 0.790553 0.006985 0.016802 0.60000000 0.40784314 0.32549020
v 0.772998 -0.004453 0.016802 0.55294118 0.39215686 0.30980392
v 0.769183 -0.003327 0.016802 0.48627451 0.34901961 0.29411765
v 0.778730 -0.004644 0.016802 0.55686275 0.40784314 0.34117647
v 0.773498 -0.004547 0.016802 0.56078431 0.40392157 0.33333333
v 0.790791 0.011001 0.016802 0.63921569 0.43921569 0.34901961
v 0.784893 0.016898 0.016802 0.68627451 0.46666667 0.36862745
v 0.783974 0.017029 0.016802 0.69019608 0.46274510 0.36470588
v 0.779020 0.017230 0.016802 0.69019608 0.45882353 0.35686275
v 0.778614 0.017210 0.016802 0.68235294 0.44313725 0.34117647
v 0.790423 0.012396 0.016802 0.66274510 0.45490196 0.36078431
v 0.787969 0.015483 0.016802 0.67450980 0.45882353 0.36470588
v 0.773898 0.016789 0.016802 0.70196078 0.46666667 0.34901961
v 0.772358 0.016445 0.016802 0.70980392 0.47450980 0.36078431
v 0.765458 0.014115 0.016802 0.70196078 0.47450980 0.38039216
v 0.769576 0.015557 0.016802 0.71372549 0.47843137 0.37254902
v -0.791016 0.014519 0.016744 0.69411765 0.46666667 0.37647059
v -0.790990 0.009060 0.014407 0.65490196 0.44313725 0.36078431
v -0.788217 0.000758 0.016492 0.53725490 0.34117647 0.27843137
v -0.785446 -0.002012 0.016692 0.53333333 0.34509804 0.28235294
v -0.768823 -0.002012 0.015265 0.59215686 0.38431373 0.29803922
v -0.771703 0.017030 0.016500 0.77254902 0.51764706 0.41176471
v -0.766111 0.017193 0.014577 0.78823529 0.53725490 0.43137255
v 0.787139 0.003570 0.013492 0.44313725 0.30588235 0.25098039
v 0.789909 0.006341 0.015837 0.53725490 0.35294118 0.28627451
v 0.789909 0.011882 0.015652 0.65882353 0.44705882 0.35686275
v 0.787139 0.014653 0.014369 0.67058824 0.45882353 0.36078431
v 0.773298 0.017386 0.014871 0.70196078 0.47058824 0.35686275
v 0.765010 0.014563 0.016329 0.71372549 0.48627451 0.38823529
v 0.767779 0.017314 0.013314 0.75294118 0.51372549 0.41176471
v -0.794097 0.011501 0.020720 0.65882353 0.43921569 0.35686275
v -0.794011 0.012091 0.020720 0.67058824 0.44705882 0.36078431
v -0.792029 0.015603 0.020720 0.68627451 0.45490196 0.36470588
v -0.788474 0.017376 0.020720 0.70196078 0.46274510 0.36862745
v -0.787981 0.017472 0.020720 0.71372549 0.47058824 0.37647059
v -0.791644 0.002872 0.020720 0.62745098 0.41568627 0.33333333
v -0.792970 0.005511 0.020720 0.63137255 0.41960784 0.33725490
v -0.793445 0.006612 0.020720 0.64705882 0.43529412 0.35294118
v -0.789218 -0.000242 0.020720 0.59607843 0.39215686 0.31372549
v -0.785703 -0.002269 0.020720 0.58823529 0.38823529 0.30588235
v -0.784819 -0.002640 0.020720 0.59215686 0.38823529 0.30588235
v -0.781318 -0.003424 0.020720 0.59607843 0.39215686 0.30588235
v -0.778767 -0.003150 0.020720 0.61176471 0.39215686 0.32156863
v -0.774769 -0.001607 0.020720 0.63137255 0.40000000 0.30588235
v -0.773181 -0.000828 0.020720 0.64313725 0.41176471 0.30588235
v -0.771353 0.000518 0.020720 0.64705882 0.42352941 0.30980392
v -0.783037 0.017356 0.020720 0.72549020 0.48627451 0.38823529
v -0.782573 0.017274 0.020720 0.74117647 0.50196078 0.39607843
v -0.778180 0.016110 0.020720 0.76862745 0.52941176 0.41568627
v -0.774966 0.014859 0.020720 0.76078431 0.52156863 0.40784314
v -0.774233 0.014560 0.020720 0.75686275 0.51764706 0.40392157
v -0.770775 0.012542 0.020720 0.73333333 0.49019608 0.37647059
v -0.770156 0.002196 0.020720 0.65098039 0.43529412 0.32156863
v -0.769456 0.004132 0.020720 0.65882353 0.45490196 0.34509804
v -0.769244 0.008627 0.020720 0.66666667 0.45098039 0.35294118
v -0.769465 0.009594 0.020720 0.67843137 0.45098039 0.34901961
v 0.783074 -0.003447 0.020720 0.52941176 0.36862745 0.30980392
v 0.779277 -0.004291 0.020720 0.56078431 0.39607843 0.33333333
v 0.786729 -0.001560 0.020720 0.53333333 0.36862745 0.30588235
v 0.789344 0.001365 0.020720 0.54901961 0.37647059 0.30980392
v 0.791460 0.004790 0.020720 0.59215686 0.40392157 0.32941176
v 0.792605 0.009036 0.020720 0.61960784 0.42352941 0.34117647
v 0.778377 -0.004290 0.020720 0.63137255 0.47450980 0.39215686
v 0.774518 -0.003509 0.020720 0.59607843 0.41176471 0.33725490
v 0.770885 -0.001612 0.020720 0.52549020 0.36862745 0.30588235
v 0.792621 0.009170 0.020720 0.64313725 0.43921569 0.34901961
v 0.784806 0.016985 0.020720 0.69803922 0.47450980 0.37647059
v 0.783892 0.016947 0.020720 0.70196078 0.47450980 0.37254902
v 0.779853 0.016397 0.020720 0.69803922 0.45098039 0.34901961
v 0.776878 0.015474 0.020720 0.68235294 0.43921569 0.32941176
v 0.791647 0.013620 0.020720 0.67843137 0.46274510 0.36862745
v 0.788718 0.016232 0.020720 0.69411765 0.47450980 0.37647059
v 0.768922 0.010682 0.020720 0.63529412 0.41960784 0.32549020
v 0.772117 0.013033 0.020720 0.65490196 0.43529412 0.32941176
v 0.775608 0.015101 0.020720 0.67843137 0.44313725 0.32941176
v 0.767992 0.001034 0.020720 0.51372549 0.35294118 0.26666667
v 0.766525 0.005105 0.020720 0.60000000 0.39607843 0.28627451
v -0.793758 0.011840 0.020016 0.67058824 0.44705882 0.36470588
v -0.788289 0.017154 0.018224 0.70588235 0.47058824 0.37647059
v -0.790987 0.003529 0.018026 0.58823529 0.38431373 0.30980392
v -0.774364 -0.002012 0.019772 0.63137255 0.40000000 0.30980392
v -0.777252 0.017005 0.018518 0.76078431 0.52549020 0.41176471
v -0.768889 0.014396 0.018427 0.75686275 0.50196078 0.40000000
v -0.768829 0.003508 0.019878 0.66274510 0.45490196 0.34117647
v -0.768849 0.008985 0.020282 0.67450980 0.45098039 0.34901961
v -0.766057 0.006283 0.019025 0.67450980 0.47058824 0.36078431
v 0.770521 -0.001976 0.019919 0.51764706 0.35294118 0.28627451
v 0.767758 0.011838 0.019365 0.64705882 0.42745098 0.34117647
v 0.770528 0.014612 0.018548 0.67843137 0.45490196 0.34901961
v -0.760530 0.011779 0.014949 0.74509804 0.50196078 0.40000000
v 0.764983 0.003554 0.019791 0.60000000 0.39607843 0.28627451
v 0.759489 0.009020 0.015796 0.68627451 0.45882353 0.35294118
v -0.795128 0.010470 0.024638 0.64705882 0.43137255 0.35294118
v -0.794655 0.012736 0.024638 0.66274510 0.44313725 0.35686275
v -0.792387 0.015964 0.024638 0.69019608 0.44705882 0.34901961
v -0.788302 0.017349 0.024638 0.69803922 0.45490196 0.36078431
v -0.788182 0.017354 0.024638 0.70588235 0.45882353 0.36470588
v -0.794142 0.005916 0.024638 0.66666667 0.44705882 0.36078431
v -0.794549 0.007091 0.024638 0.65098039 0.43529412 0.35686275
v -0.792141 0.002375 0.024638 0.65490196 0.43921569 0.35294118
v -0.789291 -0.000315 0.024638 0.67058824 0.45098039 0.35686275
v -0.785518 -0.001941 0.024638 0.67450980 0.44705882 0.32549020
v -0.785399 -0.001964 0.024638 0.67058824 0.44705882 0.32156863
v -0.780218 -0.001700 0.024638 0.64313725 0.41176471 0.30588235
v -0.778787 -0.000894 0.024638 0.65882353 0.42352941 0.31764706
v -0.776982 0.000606 0.024638 0.68627451 0.44705882 0.34509804
v -0.776113 0.001769 0.024638 0.70980392 0.46666667 0.36470588
v -0.775223 0.004367 0.024638 0.71764706 0.49803922 0.39607843
v -0.783651 0.016282 0.024638 0.72941176 0.48235294 0.38039216
v -0.780106 0.014283 0.024638 0.76862745 0.52156863 0.40392157
v -0.777663 0.011216 0.024638 0.74901961 0.50196078 0.38431373
v -0.775080 0.008309 0.024638 0.71372549 0.47450980 0.36078431
v 0.780566 -0.003003 0.024638 0.57254902 0.37647059 0.33333333
v 0.776261 -0.001767 0.024638 0.56470588 0.38039216 0.33333333
v 0.773487 0.001001 0.024638 0.52941176 0.37254902 0.31372549
v 0.772478 0.005533 0.024638 0.57647059 0.37254902 0.27843137
v 0.772744 0.006883 0.024638 0.58823529 0.38039216 0.28235294
v 0.775046 0.010122 0.024638 0.61568627 0.40784314 0.31372549
v 0.777551 0.013159 0.024638 0.65490196 0.43921569 0.34509804
v 0.785017 0.016774 0.024638 0.70980392 0.49019608 0.38823529
v 0.782993 0.016048 0.024638 0.70980392 0.49019608 0.38823529
v 0.781048 0.015202 0.024638 0.70980392 0.47843137 0.37647059
v 0.793550 0.008242 0.024638 0.65490196 0.44705882 0.36470588
v 0.793597 0.010029 0.024638 0.69803922 0.47450980 0.38431373
v 0.792039 0.014012 0.024638 0.71764706 0.48627451 0.39215686
v 0.788838 0.016352 0.024638 0.72941176 0.49019608 0.38823529
v 0.782538 -0.002911 0.024638 0.54901961 0.37254902 0.31372549
v 0.786708 -0.001540 0.024638 0.54901961 0.37647059 0.30980392
v 0.789698 0.001011 0.024638 0.56470588 0.38823529 0.31764706
v 0.792050 0.004200 0.024638 0.59215686 0.40392157 0.32941176
v -0.793758 0.006300 0.022209 0.65098039 0.43529412 0.35294118
v -0.785446 -0.002012 0.024320 0.63137255 0.41568627 0.31764706
v -0.779905 -0.002012 0.023939 0.63529412 0.40784314 0.31372549
v -0.774368 0.003517 0.023843 0.70196078 0.47843137 0.37647059
v -0.771594 0.000758 0.021083 0.64313725 0.41568627 0.30588235
v -0.782766 0.017093 0.021339 0.73725490 0.49411765 0.39215686
v -0.779964 0.014420 0.024325 0.76470588 0.51764706 0.40392157
v -0.777186 0.011673 0.023842 0.74901961 0.49803922 0.38039216
v -0.774387 0.008995 0.024053 0.72156863 0.47058824 0.35686275
v -0.774434 0.014384 0.021001 0.75686275 0.51764706 0.40000000
v -0.771644 0.011674 0.021716 0.72549020 0.47843137 0.36470588
v -0.771603 0.006268 0.022755 0.69019608 0.47450980 0.36470588
v 0.776057 -0.001971 0.024244 0.57254902 0.38039216 0.32549020
v 0.773286 0.000800 0.024392 0.53725490 0.37647059 0.31764706
v 0.770516 0.003570 0.023280 0.54117647 0.36862745 0.27843137
v 0.767749 0.006328 0.021536 0.60784314 0.39607843 0.29019608
v 0.770519 0.009100 0.022464 0.62352941 0.40784314 0.30980392
v 0.792680 0.009112 0.020897 0.64705882 0.44313725 0.35686275
v 0.773288 0.011875 0.022075 0.64313725 0.42745098 0.32941176
v 0.776057 0.014653 0.021620 0.65882353 0.43529412 0.32941176
v -0.794982 0.010617 0.028556 0.61960784 0.41176471 0.34117647
v -0.794524 0.012605 0.028556 0.67450980 0.45882353 0.37647059
v -0.791950 0.015558 0.028556 0.70588235 0.43921569 0.34901961
v -0.789260 0.016323 0.028556 0.67450980 0.41960784 0.32941176
v -0.793984 0.006073 0.028556 0.67843137 0.45490196 0.36862745
v -0.794261 0.006802 0.028556 0.65490196 0.43529412 0.35686275
v -0.791670 0.002846 0.028556 0.68627451 0.46274510 0.37254902
v -0.788284 0.000691 0.028556 0.72156863 0.49019608 0.40000000
v -0.788079 0.000621 0.028556 0.76470588 0.53725490 0.44705882
v -0.782722 0.000804 0.028556 0.75686275 0.52156863 0.40000000
v -0.786897 0.015996 0.028556 0.70196078 0.45490196 0.36078431
v -0.780286 0.003909 0.028556 0.75294118 0.53725490 0.42352941
v -0.780118 0.008841 0.028556 0.78039216 0.54117647 0.41960784
v -0.780550 0.009659 0.028556 0.77647059 0.53333333 0.41568627
v -0.784851 0.015164 0.028556 0.75294118 0.51372549 0.41176471
v -0.782209 0.012279 0.028556 0.76470588 0.51764706 0.40000000
v 0.782874 -0.000694 0.028556 0.54901961 0.37647059 0.29803922
v 0.779003 0.000975 0.028556 0.54117647 0.38039216 0.30980392
v 0.777519 0.005033 0.028556 0.57647059 0.35686275 0.27843137
v 0.777668 0.007500 0.028556 0.58431373 0.37647059 0.29019608
v 0.779543 0.011167 0.028556 0.59215686 0.40392157 0.32156863
v 0.782088 0.014162 0.028556 0.67058824 0.47058824 0.36862745
v 0.786143 0.015648 0.028556 0.73333333 0.53333333 0.42352941
v 0.793261 0.008531 0.028556 0.67450980 0.45882353 0.37254902
v 0.793289 0.009721 0.028556 0.78823529 0.54117647 0.44705882
v 0.791795 0.013767 0.028556 0.71372549 0.46666667 0.37647059
v 0.788072 0.015586 0.028556 0.73725490 0.52941176 0.42352941
v 0.785627 -0.000459 0.028556 0.54901961 0.37647059 0.30980392
v 0.789197 0.001513 0.028556 0.54901961 0.38039216 0.30980392
v 0.791863 0.004387 0.028556 0.59607843 0.40784314 0.32941176
v -0.788245 0.017294 0.024954 0.68627451 0.42745098 0.33725490
v -0.782676 0.000758 0.028490 0.76470588 0.53333333 0.40784314
v -0.779905 0.003529 0.028142 0.75294118 0.53333333 0.41960784
v -0.779918 0.009028 0.028266 0.77647059 0.53725490 0.41568627
v -0.777142 0.006277 0.026203 0.71764706 0.50196078 0.39215686
v -0.777135 0.000758 0.024849 0.69411765 0.45098039 0.34509804
v 0.781598 -0.001971 0.026531 0.53725490 0.33725490 0.29019608
v 0.778827 0.000800 0.028325 0.55294118 0.38431373 0.31372549
v 0.776057 0.003570 0.027253 0.54509804 0.34117647 0.26666667
v 0.773286 0.006341 0.025095 0.58431373 0.37254902 0.27843137
v 0.776057 0.009112 0.026230 0.60000000 0.39215686 0.30588235
v 0.778827 0.011882 0.026893 0.61960784 0.42352941 0.33333333
v 0.781598 0.014653 0.026617 0.69803922 0.48627451 0.38039216
v -0.792426 0.007632 0.032474 0.71764706 0.48235294 0.39607843
v -0.792492 0.010574 0.032474 0.65882353 0.43529412 0.34117647
v -0.789721 0.004796 0.032474 0.79607843 0.54901961 0.45490196
v -0.786678 0.004761 0.032474 0.83137255 0.59215686 0.49019608
v -0.789620 0.013242 0.032474 0.69803922 0.47058824 0.36078431
v -0.787441 0.012610 0.032474 0.73725490 0.50588235 0.39607843
v -0.784907 0.009608 0.032474 0.81176471 0.57647059 0.46666667
v -0.784666 0.008286 0.032474 0.83921569 0.60784314 0.49411765
v 0.790123 0.006127 0.032474 0.55294118 0.36862745 0.29803922
v 0.787463 0.003894 0.032474 0.52941176 0.36862745 0.30196078
v 0.790615 0.007046 0.032474 0.59607843 0.40392157 0.32549020
v 0.786970 0.003739 0.032474 0.52156863 0.35686275 0.29019608
v 0.783077 0.005049 0.032474 0.56862745 0.38823529 0.28627451
v 0.782276 0.008433 0.032474 0.56078431 0.38823529 0.30196078
v 0.790137 0.011654 0.032474 0.67058824 0.45882353 0.36470588
v 0.784535 0.011715 0.032474 0.59607843 0.41960784 0.32156863
v 0.789883 0.011908 0.032474 0.68235294 0.46666667 0.37254902
v 0.789910 0.011883 0.032474 0.67450980 0.45490196 0.36470588
v -0.793758 0.011841 0.030654 0.62352941 0.40784314 0.31372549
v -0.790989 0.014605 0.031053 0.65490196 0.41960784 0.32156863
v -0.793758 0.006300 0.029495 0.67058824 0.44705882 0.36470588
v -0.790987 0.003529 0.030501 0.74117647 0.50196078 0.40392157
v -0.788217 0.000758 0.028695 0.74117647 0.50196078 0.41176471
v -0.785446 0.003529 0.031509 0.78823529 0.56078431 0.45490196
v -0.785461 0.014564 0.029768 0.74509804 0.50588235 0.40392157
v -0.782684 0.011813 0.029357 0.76078431 0.51372549 0.40000000
v -0.782676 0.006298 0.031025 0.81960784 0.60000000 0.48627451
v 0.784368 0.000800 0.030258 0.54509804 0.40000000 0.32156863
v 0.787139 0.003570 0.032312 0.50588235 0.34509804 0.27843137
v 0.792680 0.009112 0.030292 0.65098039 0.44313725 0.35294118
v 0.781598 0.003570 0.031235 0.54509804 0.37647059 0.27843137
v 0.778827 0.006341 0.029791 0.58823529 0.38039216 0.29411765
v 0.781598 0.009112 0.031823 0.56470588 0.38823529 0.30196078
v 0.784368 0.011882 0.032276 0.61960784 0.43529412 0.33725490
v 0.787139 0.014653 0.030502 0.72156863 0.52156863 0.40784314
v -0.790987 0.009070 0.033430 0.74901961 0.50588235 0.41176471
v -0.788217 0.006300 0.033287 0.84705882 0.60392157 0.50196078
v -0.788217 0.011839 0.033039 0.74901961 0.51372549 0.40392157
v -0.785447 0.009068 0.032838 0.82745098 0.59215686 0.48235294
v 0.789909 0.006341 0.032689 0.55686275 0.37254902 0.29803922
v 0.784368 0.006341 0.033291 0.56862745 0.38823529 0.29411765
v 0.787139 0.009112 0.033784 0.58039216 0.38823529 0.29803922
v 0.789909 0.011882 0.032475 0.63529412 0.43137255 0.34117647
f 6946 6869 6873
f 6946 6873 6872
f 6872 6945 6946
f 6925 6945 6872
f 6927 6925 6872
f 6927 6872 6871
f 6926 6927 6871
f 6871 6870 6926
f 6922 6926 6870
f 6870 6858 6942
f 6922 6870 6942
f 6947 6867 6868
f 6944 6947 6868
f 6946 6944 6868
f 6869 6946 6868
f 6947 6866 6867
f 6943 6865 6866
f 6944 6943 6866
f 6943 6864 6865
f 6942 6857 6856
f 6915 6942 6856
f 6914 6915 6856
f 6913 6914 6856
f 6856 6855 6913
f 6912 6913 6855
f 6855 6854 6912
f 6858 6857 6942
f 6860 6859 6916
f 6859 6861 6918
f 6923 6944 6946
f 6924 6923 6946
f 6924 6946 6945
f 6924 6945 6925
f 6943 6944 6921
f 6921 6944 6923
f 6922 6942 6915
f 6863 6864 6943
f 6920 6863 6943
f 6921 6920 6943
f 6920 6919 6862
f 6862 6863 6920
f 6861 6862 6918
f 6918 6862 6919
f 6854 6860 6912
f 6912 6860 6917
f 6918 6916 6859
f 6916 6917 6860
f 6947 6944 6866
f 5823 5820 6378
f 6380 5823 6378
f 5820 5817 6376
f 6318 6378 6376
f 6318 6376 6369
f 6285 6318 6369
f 6376 5817 5791
f 5791 6369 6376
f 6292 6373 6313
f 5808 5811 6373
f 6290 5808 6373
f 6292 6290 6373
f 6290 6288 5806
f 5806 5808 6290
f 6288 6287 6371
f 6288 6371 5805
f 6288 5805 5806
f 5820 6376 6378
f 6287 6283 6366
f 5825 5823 6380
f 6380 6378 6322
f 5831 5832 6343
f 5830 5831 6340
f 6340 5831 6341
f 5829 5830 6338
f 6338 5830 6340
f 6338 6313 6373
f 6373 5826 5829
f 6338 6373 5829
f 6335 6384 6332
f 6384 5828 5827
f 6332 6384 5827
f 6331 6332 5827
f 6326 6331 5827
f 6326 5827 5825
f 6326 5825 6380
f 6373 5811 5826
f 6322 6326 6380
f 6322 6378 6318
f 6366 6371 6287
f 6371 5802 5805
f 6371 6366 6358
f 6348 6355 6356
f 6355 5766 5769
f 6348 5991 5754
f 6348 5754 5766
f 6355 6348 5766
f 6205 6348 6350
f 6350 6348 6353
f 5757 6010 6015
f 5760 5757 6015
f 5760 6015 5874
f 6350 5760 5874
f 6350 5874 6205
f 6348 6205 6203
f 6203 6189 5859
f 6203 5859 5988
f 6348 6203 5988
f 6348 5988 5991
f 6356 6353 6348
f 6358 6356 5771
f 6356 5769 5771
f 6356 6355 5769
f 6371 6358 5794
f 6371 5794 5802
f 6358 5771 5794
f 6283 6285 6369
f 6283 6369 6364
f 6283 6364 6366
f 6369 5791 5788
f 6369 5788 6361
f 6343 6341 5831
f 6369 6361 6364
f 6356 6358 6366
f 6353 6356 6361
f 6361 6356 6364
f 5788 5785 6361
f 5779 6350 6353
f 5785 5779 6353
f 6361 5785 6353
f 5779 5760 6350
f 6366 6364 6356
f 5757 5603 6010
f 6343 5755 6284
f 6335 6349 6384
f 5843 5141 5123
f 6335 6295 6349
f 5758 5126 5124
f 6349 5758 5124
f 5122 5106 5828
f 5124 5122 5828
f 6349 5124 5828
f 6349 5828 6384
f 5832 5755 6343
f 5600 5606 5996
f 5991 5509 5754
f 5943 5931 6137
f 5943 6137 6138
f 5585 6137 5571
f 5571 6137 6133
f 6137 5584 5583
f 6137 5583 6136
f 6138 6137 6136
f 5585 5584 6137
f 5583 5582 6136
f 5931 6133 6137
f 5587 5586 6140
f 5589 5588 6141
f 5591 5590 6144
f 5956 5957 6136
f 5956 6136 6166
f 5952 6165 5955
f 5954 6147 5945
f 5955 6165 6141
f 5954 5955 6141
f 5954 6141 6147
f 5953 6166 6162
f 5952 5953 6162
f 5952 6162 6165
f 6136 5582 5599
f 6136 5599 6162
f 6166 6136 6162
f 6162 5598 5589
f 6162 5589 6141
f 6165 6162 6141
f 5599 5598 6162
f 5957 6138 6136
f 6160 5596 5597
f 5956 6166 5953
f 5958 6167 5959
f 6169 5564 5561
f 5564 6169 6158
f 6158 5563 5564
f 6170 6168 6169
f 5562 6170 6169
f 5562 6169 5561
f 5963 5962 6168
f 6168 6170 5963
f 5950 6158 6169
f 5961 5950 6169
f 5961 6169 6168
f 5961 6168 5962
f 5959 6167 5559
f 5960 5959 5559
f 5960 5559 5560
f 5960 5560 6142
f 5960 6142 5937
f 5943 6138 5957
f 5949 5951 6160
f 5949 6160 5597
f 5949 5597 5563
f 6154 6151 6148
f 6148 6149 6154
f 6151 6140 5586
f 6151 5586 5593
f 6151 5593 6148
f 6149 6148 5592
f 5592 5594 6149
f 5593 5592 6148
f 5945 6147 6144
f 5944 5945 6144
f 5944 6144 6145
f 6147 6141 5588
f 6147 5588 5591
f 6147 5591 6144
f 6145 6144 5590
f 6145 5590 5587
f 6145 5587 6140
f 5594 5595 6155
f 6155 6149 5594
f 6155 5575 6150
f 5595 5575 6155
f 5949 5563 6158
f 6160 6156 6153
f 6160 6153 5578
f 5596 6160 5578
f 5948 6154 6156
f 5951 5948 6156
f 5951 6156 6160
f 5949 6158 5950
f 5944 6145 5947
f 6151 6154 5948
f 5947 6145 6140
f 5947 6140 6151
f 5946 5947 6151
f 6155 6150 6156
f 6156 6150 6153
f 6156 6154 6149
f 6149 6155 6156
f 5948 5946 6151
f 5924 5922 6088
f 5924 6088 6087
f 5922 5919 6083
f 6083 6085 5922
f 5922 6085 6088
f 5958 5566 6167
f 6093 6091 6094
f 6094 6095 6098
f 6121 5552 5553
f 5555 6125 6123
f 6123 5554 5555
f 6085 6123 6088
f 6088 6123 6125
f 6120 6121 5553
f 6123 6120 5553
f 5554 6123 5553
f 6083 6120 6085
f 6085 6120 6123
f 5552 6121 6119
f 6119 5550 5552
f 6117 5546 5548
f 6115 6117 5548
f 6119 6115 5548
f 5550 6119 5548
f 6102 6104 6113
f 5921 6100 6102
f 5921 6102 6111
f 5925 5921 6111
f 6107 5541 6109
f 6109 5541 5543
f 6098 6107 6104
f 6104 6107 6109
f 6107 5540 5541
f 6098 6095 5539
f 6098 5539 5540
f 6107 6098 5540
f 6094 6098 6102
f 6102 6098 6104
f 6102 6100 6093
f 6093 6094 6102
f 6091 6095 6094
f 6113 6111 6102
f 6111 6114 5926
f 5926 5925 6111
f 6114 6113 6115
f 6118 6119 6120
f 6120 6119 6121
f 5928 5927 6118
f 5928 6118 6120
f 5928 6120 6083
f 6114 6115 6118
f 6118 6115 6119
f 5927 5926 6114
f 6090 6091 6093
f 6114 6118 5927
f 6116 5545 5546
f 6113 6116 6115
f 6115 6116 6117
f 6109 5543 6116
f 6116 5543 5545
f 6116 6113 6104
f 6104 6109 6116
f 6111 6113 6114
f 5546 6117 6116
f 5958 5565 5566
f 5958 6170 5565
f 5958 5963 6170
f 5932 5964 6171
f 6171 5569 5568
f 5932 6171 5568
f 5932 5568 6134
f 5570 5569 6171
f 5568 5567 6134
f 6167 5566 5559
f 6170 5562 5565
f 4927 4926 5343
f 5343 4926 5342
f 4923 4924 5426
f 5341 4923 5426
f 5303 5341 5426
f 5426 4924 4925
f 5341 5322 4922
f 4922 4923 5341
f 5175 5340 4921
f 4921 4819 5175
f 5339 5328 4911
f 4911 4920 5339
f 5340 5338 4919
f 4919 4921 5340
f 4920 4919 5339
f 5339 4919 5338
f 5337 5334 4913
f 4926 4915 5335
f 4913 4918 5337
f 5335 5342 4926
f 5343 5317 4909
f 4909 4927 5343
f 5333 5336 4917
f 4917 4912 5333
f 4918 4917 5337
f 5337 4917 5336
f 4915 4913 5335
f 5335 4913 5334
f 4912 4911 5333
f 5333 4911 5328
f 5327 5321 4953
f 4953 4955 5327
f 5319 5323 4954
f 4954 4910 5319
f 5327 4954 5323
f 4949 4953 5309
f 5309 4953 5321
f 4910 4909 5319
f 5319 4909 5317
f 4955 4954 5327
f 4815 4847 4997
f 4815 4997 4591
f 4815 4591 4542
f 4844 4997 4847
f 4997 4589 4591
f 4841 4995 4588
f 4841 4588 4589
f 4844 4841 4589
f 4844 4589 4997
f 4995 4584 4588
f 4840 4995 4841
f 4838 4993 4578
f 4838 4578 4584
f 4840 4838 4584
f 4950 5155 5149
f 4950 5149 4949
f 5102 5153 4385
f 4385 4472 5152
f 5102 4385 5152
f 5088 5102 5152
f 5104 5153 5102
f 5088 5152 4951
f 4955 4953 5149
f 4955 5149 4768
f 4955 4768 4670
f 5024 4910 4954
f 5045 5024 4954
f 4670 5045 4954
f 4955 4670 4954
f 4949 5149 4953
f 5079 5081 4465
f 4950 5152 5155
f 4465 4455 5079
f 4950 4951 5152
f 4768 5149 5155
f 4384 4385 4382
f 4382 4385 5153
f 5077 4383 4381
f 5077 4381 4380
f 5104 5077 4380
f 4380 4382 5153
f 5104 4380 5153
f 5154 5155 4481
f 5151 5154 4481
f 4460 5151 4481
f 4481 5155 5152
f 5152 4472 4481
f 5155 5154 4768
f 4950 4952 4951
f 4467 4465 5082
f 5082 4465 5081
f 4455 4383 5079
f 5079 4383 5077
f 5120 5082 5824
f 5975 5974 5973
f 5975 5973 5443
f 5975 5443 5444
f 5974 5972 5970
f 5970 5973 5974
f 5973 5442 5443
f 5970 5968 5440
f 5970 5440 5442
f 5973 5970 5442
f 5969 5970 5971
f 5971 5970 5972
f 5971 5441 5437
f 5971 5437 5966
f 5971 5966 5969
f 5970 5969 5967
f 5967 5968 5970
f 5965 5967 5966
f 5975 5444 5445
f 5966 5967 5969
f 5968 5439 5440
f 5968 5967 5438
f 5438 5439 5968
f 5434 5438 5965
f 5965 5438 5967
f 5437 5436 5966
f 5435 5965 5436
f 5436 5965 5966
f 5435 5434 5965
f 5824 5082 5777
f 5822 5812 5105
f 5105 5118 5822
f 5824 5821 5117
f 5607 5574 5314
f 5314 4937 5100
f 5607 5314 5100
f 5608 5607 5100
f 5608 5100 5101
f 5609 5608 5101
f 5609 5101 5610
f 5800 5798 5093
f 5093 5095 5800
f 5095 5097 5800
f 5800 5097 5801
f 5090 5093 5797
f 5797 5093 5798
f 5793 5842 5789
f 5077 5104 5842
f 5770 5077 5842
f 5793 5770 5842
f 5101 5090 5797
f 5428 5310 5786
f 5797 5610 5101
f 5812 5845 5105
f 5117 5120 5824
f 5118 5117 5822
f 5822 5117 5821
f 5116 5107 5845
f 5809 5819 5108
f 5108 5116 5845
f 5809 5108 5845
f 5112 5110 5847
f 5114 5112 5847
f 5781 5114 5847
f 5818 5781 5847
f 5819 5815 5847
f 5847 5110 5108
f 5819 5847 5108
f 5818 5847 5815
f 5812 5807 5845
f 5845 5107 5105
f 5809 5845 5807
f 5786 5310 5570
f 5789 5842 5102
f 5786 5789 5102
f 5102 5088 5428
f 5786 5102 5428
f 5104 5102 5842
f 5088 4951 5428
f 5081 5079 5775
f 5775 5079 5773
f 5775 5777 5082
f 5082 5081 5775
f 5770 5773 5079
f 5079 5077 5770
f 6465 6464 6562
f 6525 6465 6562
f 6528 6525 6562
f 6527 6562 6529
f 6528 6562 6527
f 6526 6561 6525
f 6525 6561 6465
f 6530 6529 6467
f 6562 6464 6467
f 6542 6472 6470
f 6542 6470 6563
f 6470 6468 6563
f 6542 6563 6540
f 6537 6540 6563
f 6537 6563 6468
f 6537 6468 6466
f 6466 6473 6537
f 6537 6473 6535
f 6533 6535 6473
f 6473 6465 6561
f 6533 6473 6561
f 6533 6561 6526
f 6469 6471 6531
f 6531 6471 6532
f 6467 6469 6530
f 6530 6469 6531
f 6529 6562 6467
f 6542 6544 6472
f 6544 6564 6472
f 6532 6471 6566
f 6479 6575 6571
f 6571 6477 6479
f 6477 6571 6569
f 6569 6476 6477
f 6571 6575 6573
f 6549 6571 6573
f 6551 6549 6573
f 6544 6551 6573
f 6573 6564 6544
f 6569 6571 6547
f 6547 6571 6549
f 6566 6475 6569
f 6569 6475 6476
f 6566 6474 6475
f 6547 6546 6566
f 6566 6569 6547
f 6471 6474 6566
f 6482 6472 6564
f 6486 6564 6573
f 6482 6564 6486
f 6486 6573 6575
f 6546 6532 6566
f 6575 6479 6489
f 6575 6489 6486
f 6540 6537 6627
f 6605 6606 6630
f 6630 6627 6605
f 6605 6627 6537
f 6602 6605 6537
f 6602 6537 6535
f 6600 6602 6535
f 6535 6533 6600
f 6533 6526 6600
f 6600 6526 6594
f 6618 6531 6532
f 6530 6531 6618
f 6617 6530 6618
f 6596 6617 6618
f 6597 6596 6618
f 6595 6617 6596
f 6617 6529 6530
f 6632 6627 6630
f 6525 6528 6616
f 6632 6542 6627
f 6544 6542 6632
f 6635 6549 6551
f 6635 6551 6544
f 6544 6632 6635
f 6549 6635 6634
f 6634 6547 6549
f 6635 6632 6630
f 6630 6634 6635
f 6633 6546 6634
f 6634 6546 6547
f 6608 6633 6634
f 6606 6608 6634
f 6606 6634 6630
f 6618 6532 6633
f 6633 6532 6546
f 6608 6597 6618
f 6618 6633 6608
f 6542 6540 6627
f 6592 6615 6527
f 6595 6592 6527
f 6595 6527 6529
f 6595 6529 6617
f 6527 6615 6614
f 6528 6527 6614
f 6616 6528 6614
f 6594 6526 6525
f 6593 6594 6525
f 6593 6525 6616
f 6580 6593 6616
f 6616 6614 6580
f 6582 6581 6614
f 6582 6614 6615
f 6583 6582 6615
f 6581 6579 6580
f 6580 6614 6581
f 6583 6615 6592
f 6657 6658 6640
f 6639 6636 6655
f 6655 6657 6639
f 6637 6638 6656
f 6656 6655 6637
f 6637 6655 6636
f 6640 6639 6657
f 6656 6580 6655
f 6579 6657 6655
f 6662 6661 6644
f 6644 6661 6643
f 6661 6656 6643
f 6643 6656 6638
f 6659 6582 6660
f 6660 6582 6583
f 6658 6581 6659
f 6659 6581 6582
f 6659 6660 6641
f 6641 6660 6642
f 6658 6659 6640
f 6640 6659 6641
f 6581 6658 6657
f 6657 6579 6581
f 6580 6579 6655
f 6304 6300 6440
f 6304 6440 6441
f 6441 6307 6304
f 6309 6307 6441
f 6295 6335 6435
f 6511 6429 6431
f 6511 6431 6425
f 6425 6510 6511
f 6429 6511 6507
f 6507 6408 6429
f 6507 6511 6510
f 6479 6507 6510
f 6489 6479 6510
f 6510 6425 6423
f 6423 6509 6510
f 6475 6395 6504
f 6476 6475 6504
f 6475 6474 6393
f 6393 6395 6475
f 6474 6471 6503
f 6503 6392 6393
f 6474 6503 6393
f 6503 6391 6392
f 6472 6502 6470
f 6468 6470 6502
f 6468 6502 6390
f 6468 6390 6389
f 6468 6389 6501
f 6501 6500 6468
f 6468 6500 6466
f 6395 6397 6504
f 6504 6397 6401
f 6504 6506 6477
f 6477 6476 6504
f 6420 6508 6423
f 6423 6508 6509
f 6510 6509 6489
f 6489 6509 6486
f 6482 6486 6509
f 6509 6508 6482
f 6420 6416 6508
f 6482 6508 6416
f 6472 6482 6416
f 6472 6413 6502
f 6413 6390 6502
f 6408 6507 6506
f 6506 6404 6408
f 6506 6507 6477
f 6477 6507 6479
f 6504 6401 6506
f 6506 6401 6404
f 6472 6416 6413
f 1325 1307 1305
f 1305 1324 1325
f 1143 1145 1144
f 1144 1140 1143
f 1143 1140 786
f 1143 786 784
f 1142 1143 784
f 1148 1142 1147
f 1143 1142 1148
f 1148 1150 1145
f 1117 1158 1116
f 1105 1155 1103
f 1105 1092 1150
f 1150 1155 1105
f 1155 1153 1103
f 1103 1153 1101
f 1101 1153 1098
f 1153 1155 1150
f 1150 1148 1153
f 1153 1148 1147
f 1098 1153 1147
f 1096 1098 1147
f 1096 1147 1095
f 1145 1150 1089
f 1089 1150 1092
f 1144 1145 1087
f 1087 1145 1089
f 1145 1143 1148
f 1121 1160 1119
f 1120 1119 790
f 1160 791 790
f 1125 1163 1135
f 1136 1173 1137
f 1137 1173 1169
f 1138 1137 1169
f 1138 1169 1171
f 1135 1163 1162
f 1136 1135 1162
f 1136 1162 1173
f 1173 1162 795
f 1169 1173 795
f 1169 795 799
f 1133 1172 1131
f 1171 1170 1134
f 1134 1170 1132
f 1133 1132 1170
f 1133 1170 1167
f 1133 1167 1172
f 1138 1171 1134
f 1131 1172 1130
f 1031 1022 1085
f 1022 895 904
f 683 699 904
f 895 683 904
f 1022 904 1085
f 1130 1172 1167
f 1129 1130 1167
f 1129 1167 1166
f 1122 797 1164
f 1123 1122 1164
f 1164 797 798
f 796 794 1163
f 1163 794 1162
f 1162 794 795
f 1122 1032 906
f 906 704 793
f 1122 906 793
f 789 696 903
f 1118 789 903
f 1030 1118 903
f 1161 792 791
f 791 1160 1161
f 1158 1161 1160
f 1116 1158 1160
f 1121 1116 1160
f 1122 793 797
f 1125 798 1163
f 798 796 1163
f 1125 1164 798
f 1129 1166 1128
f 1169 1168 1171
f 1171 1168 1170
f 1167 1170 1168
f 1168 1165 1167
f 1168 1169 799
f 1168 799 792
f 1168 792 1161
f 1119 1160 790
f 1165 1168 1161
f 1127 1166 1167
f 1127 1167 1165
f 1126 1127 1165
f 1128 1166 1127
f 1165 1158 1126
f 1126 1158 1117
f 1123 1164 1124
f 1125 1124 1164
f 1161 1158 1165
f 642 730 643
f 502 503 730
f 641 502 730
f 642 641 730
f 641 640 501
f 501 502 641
f 500 501 639
f 639 501 640
f 639 637 496
f 496 500 639
f 498 497 729
f 636 638 499
f 499 498 729
f 636 499 729
f 635 729 497
f 637 635 497
f 637 497 496
f 636 729 635
f 628 446 445
f 628 445 624
f 625 628 624
f 624 617 625
f 624 445 443
f 443 621 624
f 546 617 624
f 553 546 624
f 553 624 621
f 550 621 443
f 535 550 443
f 535 443 441
f 535 441 602
f 553 621 550
f 548 617 546
f 459 611 609
f 609 463 459
f 628 629 446
f 543 541 609
f 628 625 631
f 629 628 632
f 561 559 454
f 561 454 453
f 561 453 634
f 633 634 453
f 633 453 451
f 633 451 629
f 451 446 629
f 557 555 449
f 449 450 557
f 441 444 602
f 632 633 629
f 631 632 628
f 609 611 543
f 606 462 609
f 609 462 463
f 537 605 606
f 541 537 606
f 541 606 609
f 2221 2226 2381
f 2221 2381 1883
f 1883 1878 2379
f 1878 1875 2379
f 2221 2379 2215
f 2213 2215 2379
f 2213 2379 1875
f 2213 1875 1872
f 2221 1883 2379
f 2297 2292 1954
f 2297 1954 1937
f 2297 1937 2444
f 2296 2451 2293
f 2294 1955 1953
f 2294 1953 2451
f 2296 2294 2451
f 2292 2293 2451
f 2292 2451 1952
f 2292 1952 1954
f 1953 1952 2451
f 2449 1948 1951
f 2449 2447 2446
f 2446 1943 1948
f 2449 2446 1948
f 2447 2445 1938
f 2447 1938 1942
f 2298 2445 2452
f 2447 1942 2446
f 2298 2444 2445
f 2298 2452 2299
f 1959 2458 2455
f 2455 1957 1959
f 2303 2302 2455
f 2455 2458 2303
f 2454 1958 1956
f 1958 2454 2449
f 2449 1951 1958
f 2453 2454 1956
f 2455 2453 1956
f 1957 2455 1956
f 2299 2452 2453
f 2302 2299 2453
f 2302 2453 2455
f 2447 2449 2453
f 2453 2449 2454
f 2445 2447 2452
f 2452 2447 2453
f 2298 2297 2444
f 2446 1940 1943
f 1942 1940 2446
f 2445 2444 1936
f 2281 2437 2280
f 2282 2437 2281
f 2438 2437 2282
f 2203 2439 2348
f 2203 2280 2439
f 1936 1938 2445
f 1937 1936 2444
f 2288 2443 2286
f 2442 2441 2289
f 2289 2441 2287
f 2287 2441 2438
f 2288 2287 2438
f 2288 2438 2443
f 2286 2443 2284
f 2284 2438 2282
f 2440 2439 2442
f 2442 2439 2441
f 2438 2441 2439
f 2439 2437 2438
f 2439 2440 2350
f 2350 2348 2439
f 2280 2437 2439
f 2443 2438 2284
f 2251 2413 2252
f 2252 2416 2256
f 2413 2416 2252
f 2416 2418 2259
f 1901 1899 2426
f 2268 2261 2419
f 1902 1901 2426
f 2419 1902 2426
f 2271 2265 2426
f 2426 1899 1896
f 2426 1896 2429
f 2271 2426 2429
f 2268 2426 2265
f 2418 2419 2259
f 2259 2419 2261
f 2259 2256 2416
f 2268 2419 2426
f 2304 2303 1961
f 2303 1960 1961
f 2303 2458 1960
f 2458 1959 1960
f 2756 2214 2227
f 2754 2775 2211
f 2756 2754 2211
f 2214 2756 2211
f 2775 2207 2211
f 2639 2772 2775
f 2577 2639 2775
f 2180 2178 2764
f 2763 2764 2178
f 2763 2178 2175
f 2763 2175 2761
f 2175 2173 2761
f 2603 2609 2763
f 2763 2761 2603
f 2603 2761 2173
f 2601 2603 2173
f 2173 2172 2755
f 2601 2173 2755
f 2601 2755 2594
f 2172 2210 2755
f 2755 2210 2208
f 2755 2208 2753
f 2594 2755 2753
f 2591 2594 2753
f 2612 2763 2609
f 2208 2204 2753
f 2612 2764 2763
f 2614 2766 2764
f 2577 2775 2754
f 2207 2775 2772
f 2772 2197 2207
f 2637 2772 2639
f 2633 2193 2197
f 2637 2633 2197
f 2637 2197 2772
f 2602 2769 2625
f 2769 2768 2625
f 2625 2768 2619
f 2617 2619 2768
f 2188 2186 2766
f 2768 2188 2766
f 2617 2768 2766
f 2617 2766 2614
f 2180 2764 2186
f 2186 2764 2766
f 2612 2614 2764
f 2591 2753 2588
f 2753 2204 2202
f 2588 2753 2202
f 2571 2167 2570
f 2170 2167 2571
f 2572 2170 2571
f 2586 2588 2202
f 2586 2202 2752
f 2586 2752 2585
f 2581 2582 2198
f 2198 2192 2581
f 2192 2189 2581
f 2581 2189 2579
f 2189 2171 2579
f 2579 2171 2572
f 2182 2184 2576
f 2575 2574 2177
f 2177 2182 2575
f 2574 2573 2174
f 2174 2177 2574
f 2167 2174 2570
f 2570 2174 2573
f 2171 2170 2572
f 2576 2575 2182
f 2748 2149 2150
f 2563 2748 2564
f 2563 2562 2166
f 2563 2166 2149
f 2563 2149 2748
f 2165 2166 2561
f 2561 2166 2562
f 2561 2555 2160
f 2160 2165 2561
f 2560 2747 2151
f 2560 2151 2164
f 2559 2560 2164
f 2559 2164 2163
f 2559 2163 2746
f 2558 2559 2746
f 2163 2162 2746
f 2558 2746 2557
f 2152 2151 2747
f 2565 2153 2749
f 2565 2564 2153
f 2564 2150 2153
f 2567 2751 2568
f 2566 2749 2750
f 2566 2750 2751
f 2567 2566 2751
f 2154 2750 2749
f 2749 2153 2154
f 2565 2749 2566
f 2564 2748 2150
f 2556 2557 2746
f 2556 2746 2162
f 2161 2158 2556
f 2556 2162 2161
f 2556 2158 2552
f 2745 2159 2160
f 2554 2745 2160
f 2555 2554 2160
f 2553 2551 2157
f 2157 2159 2745
f 2553 2157 2745
f 2158 2156 2552
f 2552 2156 2550
f 2551 2549 2155
f 2155 2157 2551
f 2156 2155 2550
f 2550 2155 2549
f 2041 2055 2031
f 2052 2049 2061
f 2061 2049 2059
f 2049 2039 2059
f 2059 2039 2055
f 1856 1860 2031
f 1856 2031 2055
f 1856 2055 2053
f 1856 2053 1853
f 2039 2037 2055
f 2055 2037 2053
f 1853 2053 2037
f 1853 2037 1971
f 1822 1853 1971
f 2049 2052 2046
f 2046 2045 2049
f 2039 2049 2045
f 2059 2055 2041
f 2045 2035 2039
f 2047 2059 2041
f 1850 2046 1863
f 2060 1375 2072
f 2072 2061 2060
f 2060 2061 2047
f 2072 2073 2068
f 2068 2065 2072
f 2061 2072 2065
f 2065 2052 2061
f 2070 1974 1876
f 1876 1974 1833
f 2068 2070 1874
f 1874 2070 1876
f 2065 2068 1864
f 1864 2068 1874
f 1864 1863 2046
f 2046 2052 2065
f 1864 2046 2065
f 2030 2046 1850
f 2061 2059 2047
f 2030 2028 2046
f 2046 2028 2045
f 2035 2045 2028
f 2024 2011 2022
f 2013 2020 2005
f 2005 2002 2013
f 2011 2013 2002
f 2002 2000 2011
f 1842 2008 1844
f 1840 1997 2005
f 1842 1840 2005
f 1842 2005 2008
f 1838 1997 1840
f 2002 2005 1997
f 1997 1995 2002
f 2000 2002 1995
f 1995 1992 2000
f 1838 1836 1986
f 1986 1995 1997
f 1838 1986 1997
f 2013 2011 2024
f 2020 2013 2024
f 2024 2026 2020
f 2008 2005 2020
f 2028 2026 2035
f 2037 2039 2035
f 2035 2033 2037
f 2033 2032 2037
f 2037 2032 1971
f 2033 2035 2026
f 2026 2024 2033
f 2032 2033 2024
f 1375 2073 2072
f 2024 2022 2032
f 1846 2027 2028
f 1848 1846 2028
f 1848 2028 2030
f 2026 2028 2027
f 2027 2020 2026
f 2008 2027 1844
f 1844 2027 1846
f 2020 2027 2008
f 1848 2030 1850
f 1992 1995 1986
f 1375 1372 2073
f 2073 2074 2070
f 1984 2074 1999
f 1999 2074 2062
f 1377 2062 2074
f 2074 2073 1372
f 1377 2074 1372
f 2074 1984 1974
f 1974 2070 2074
f 2070 2068 2073
f 1986 1983 1992
f 1834 1986 1836
f 1980 1986 1834
f 1980 1423 1424
f 1986 1980 1424
f 1983 1986 1424
f 1976 1980 1831
f 1831 1980 1834
f 1976 1422 1980
f 1980 1422 1423
f 1973 1976 1829
f 1829 1976 1831
f 1973 1505 1976
f 1976 1505 1422
f 1972 1973 1826
f 1826 1973 1829
f 1505 1973 1972
f 1972 1504 1505
f 1822 1971 1821
f 4840 4584 4995
f 433 430 471
f 471 474 433
f 470 471 427
f 427 471 430
f 425 470 427
f 473 474 471
f 471 365 370
f 473 471 370
f 472 473 370
f 370 369 472
f 470 363 471
f 471 363 365
f 4837 4993 4838
f 4993 4576 4578
f 4824 4982 4573
f 6713 6647 6649
f 6686 6687 6648
f 6648 6646 6686
f 6682 6685 6645
f 6682 6645 6647
f 6682 6647 6713
f 6646 6645 6686
f 6686 6645 6685
f 6683 6714 6684
f 6713 6714 6681
f 6681 6714 6683
f 6649 6714 6713
f 6688 6684 6650
f 6684 6649 6650
f 6684 6714 6649
f 6692 6717 6693
f 6717 6653 6654
f 6693 6717 6654
f 6694 6693 6654
f 6716 6717 6691
f 6691 6717 6692
f 6653 6717 6716
f 6691 6690 6715
f 6715 6716 6691
f 6652 6716 6715
f 6715 6651 6652
f 6689 6715 6690
f 6688 6650 6651
f 6688 6651 6715
f 6689 6688 6715
f 6716 6652 6653
f 6523 6434 6426
f 6515 6405 6430
f 6524 6432 6433
f 6492 6495 6524
f 6524 6433 6434
f 6412 6518 6520
f 6518 6517 6487
f 6487 6517 6484
f 6518 6412 6411
f 6411 6517 6518
f 6405 6515 6514
f 6514 6403 6405
f 6512 6398 6514
f 6514 6398 6403
f 6514 6515 6480
f 6480 6515 6481
f 6480 6478 6512
f 6512 6514 6480
f 6520 6415 6412
f 6487 6521 6518
f 6521 6520 6518
f 6487 6490 6521
f 6492 6524 6434
f 6492 6434 6523
f 6481 6515 6430
f 6430 6432 6524
f 6481 6430 6524
f 6494 6481 6524
f 6494 6524 6495
f 6523 6426 6424
f 6424 6522 6523
f 6424 6521 6522
f 6418 6520 6421
f 6421 6520 6521
f 6418 6415 6520
f 6491 6492 6523
f 6523 6522 6491
f 6522 6521 6491
f 6491 6521 6490
f 6421 6521 6424
f 6997 6972 6971
f 6997 6969 6972
f 6997 6971 6970
f 6970 6996 6997
f 6968 6995 6970
f 6970 6995 6996
f 6996 6994 6965
f 6996 6965 6969
f 6997 6996 6969
f 6995 6966 6964
f 6996 6995 6964
f 6968 6967 6995
f 6967 6966 6995
f 6994 6963 6965
f 6964 6963 6994
f 6996 6964 6994
f 6993 6962 6961
f 6962 6993 6991
f 6991 6958 6962
f 6993 6961 6960
f 6960 6992 6993
f 6960 6959 6992
f 6990 6991 6992
f 6992 6991 6993
f 6992 6959 6956
f 6956 6990 6992
f 6991 6957 6958
f 6955 6957 6990
f 6990 6957 6991
f 6956 6955 6990
f 6799 6839 6738
f 6799 6738 6737
f 6798 6841 6797
f 6796 6840 6795
f 6794 6795 6840
f 6840 6736 6735
f 6794 6840 6735
f 6794 6735 6734
f 6794 6734 6839
f 6793 6794 6839
f 6793 6839 6792
f 6799 6792 6839
f 6798 6737 6841
f 6798 6799 6737
f 6804 6746 6747
f 6804 6747 6842
f 6805 6804 6842
f 6804 6803 6745
f 6745 6746 6804
f 6803 6802 6744
f 6744 6745 6803
f 6742 6744 6801
f 6801 6744 6802
f 6743 6736 6840
f 6734 6738 6839
f 6739 6741 6841
f 6740 6742 6800
f 6800 6742 6801
f 6800 6797 6841
f 6800 6841 6741
f 6800 6741 6740
f 6737 6739 6841
f 6805 6842 6806
f 6842 6747 6748
f 6806 6748 6749
f 6812 6813 6844
f 6812 6844 6755
f 6812 6755 6754
f 6811 6812 6754
f 6754 6753 6843
f 6811 6754 6843
f 6753 6752 6843
f 6811 6843 6810
f 6843 6752 6751
f 6810 6843 6751
f 6809 6810 6751
f 6808 6809 6751
f 6751 6750 6808
f 6750 6743 6840
f 6808 6750 6840
f 6796 6808 6840
f 6806 6842 6748
f 6756 6755 6844
f 6814 6845 6815
f 6816 6846 6817
f 6816 6847 6846
f 6807 6806 6749
f 6815 6845 6847
f 6816 6815 6847
f 6934 6938 6887
f 6887 6881 6934
f 6886 6887 6937
f 6937 6887 6938
f 6885 6886 6936
f 6936 6886 6937
f 6936 6935 6884
f 6884 6885 6936
f 6951 6877 6876
f 6876 6950 6951
f 6950 6876 6875
f 6875 6949 6950
f 6874 6948 6875
f 6875 6948 6949
f 6878 6877 6951
f 6949 6948 6928
f 6928 6929 6949
f 6930 6949 6929
f 6954 6882 6883
f 6954 6883 6880
f 6880 6953 6954
f 6934 6881 6882
f 6934 6882 6954
f 6933 6934 6954
f 6954 6953 6933
f 6933 6953 6932
f 6879 6952 6880
f 6878 6951 6879
f 6879 6951 6952
f 6953 6952 6932
f 6932 6952 6931
f 6930 6931 6952
f 6952 6951 6950
f 6930 6952 6950
f 6950 6949 6930
f 6880 6952 6953
f 6886 6885 6832
f 6884 6909 6885
f 6883 6882 6829
f 6829 6830 6883
f 6880 6883 6830
f 6880 6830 6831
f 6880 6831 6911
f 6828 6829 6881
f 6881 6829 6882
f 6911 6910 6880
f 6880 6910 6879
f 6910 6908 6879
f 6879 6908 6878
f 6909 6823 6827
f 6877 6878 6908
f 6908 6907 6906
f 6877 6908 6906
f 6885 6909 6832
f 6907 6838 6837
f 6909 6827 6832
f 6832 6833 6886
f 6911 6831 6836
f 6911 6836 6835
f 6835 6910 6911
f 6910 6835 6834
f 6834 6908 6910
f 6881 6887 6833
f 6833 6828 6881
f 6886 6833 6887
f 6837 6906 6907
f 6906 6905 6877
f 6877 6905 6876
f 6906 6837 6826
f 6826 6905 6906
f 6875 6876 6905
f 6905 6904 6875
f 6825 6904 6826
f 6826 6904 6905
f 6874 6875 6904
f 6874 6904 6824
f 6874 6824 6819
f 6825 6824 6904
f 2930 3096 2612
f 2927 2930 2612
f 2927 2612 2609
f 2925 2927 2609
f 2609 2603 3092
f 2925 2609 3092
f 2925 3092 2919
f 2603 2601 3092
f 2601 2594 3089
f 3092 2601 3089
f 2919 3092 3089
f 2916 2919 3089
f 2594 2591 3089
f 2916 3089 2913
f 3089 2591 2588
f 2913 3089 2588
f 2913 2588 3084
f 2933 3096 2930
f 2911 2913 3084
f 2614 2612 3096
f 2933 2617 2614
f 3055 2639 2577
f 2891 2956 3103
f 2891 3103 2637
f 2637 2639 3055
f 2891 2637 3055
f 3103 2633 2637
f 2910 3060 2951
f 2951 3060 2602
f 2947 2951 2602
f 2947 2602 2625
f 2941 2947 2625
f 2625 2619 3098
f 2941 2625 3098
f 2941 3098 2936
f 2619 2617 3098
f 2936 3098 2617
f 2933 2936 2617
f 2933 2614 3096
f 2911 3084 2909
f 2588 2586 3084
f 2905 2909 3084
f 3072 3061 3074
f 2885 3072 3074
f 2888 2885 3074
f 2884 3072 2885
f 2571 3058 2572
f 2572 3058 3064
f 2880 3064 3058
f 2878 2880 3058
f 2878 3058 3056
f 2570 3061 3054
f 2571 2570 3054
f 3058 2571 3054
f 3054 3053 3058
f 3058 3053 3056
f 2888 3076 2889
f 3074 3076 2888
f 2889 3076 2890
f 3074 2570 2573
f 2905 3084 2586
f 2905 2586 2585
f 2582 2581 3081
f 2898 2901 3081
f 3081 2581 2579
f 2898 3081 2579
f 2896 2898 2579
f 2579 2572 3064
f 2896 2579 3064
f 2575 2576 2892
f 2892 2576 2893
f 3076 2574 2575
f 2890 3076 2575
f 2892 2890 2575
f 3074 2573 3076
f 3076 2573 2574
f 3061 2570 3074
f 2896 3064 2880
f 3051 2569 2554
f 2553 2569 3051
f 3324 2946 3438
f 2944 2945 3320
f 3320 2945 3323
f 3320 3319 2940
f 2940 2944 3320
f 2937 2940 3315
f 3315 2940 3319
f 3315 3313 2935
f 2935 2937 3315
f 2932 2935 3311
f 3311 2935 3313
f 2928 2932 3308
f 3308 2932 3311
f 3308 3305 3434
f 3434 2917 2928
f 3308 3434 2928
f 3434 2907 2917
f 3324 2945 2946
f 3302 3434 3305
f 3324 3323 2945
f 3438 2946 2950
f 3265 3330 2957
f 2957 2895 3265
f 2954 2957 3329
f 3329 2957 3330
f 3329 3328 2952
f 2952 2954 3329
f 3327 3438 2950
f 3327 2950 2952
f 3328 3327 2952
f 3324 3438 3327
f 2906 2907 3434
f 3301 2906 3434
f 3302 3301 3434
f 3268 2941 2936
f 3266 3268 2936
f 3266 2936 3423
f 3266 3423 3264
f 2936 2933 3423
f 3264 3423 2933
f 3264 2933 2930
f 3262 3264 2930
f 3262 2930 3422
f 3262 3422 3261
f 2927 3421 2930
f 2930 3421 3422
f 3422 3421 3261
f 3261 3421 3260
f 3268 3425 2941
f 2947 2941 3425
f 3426 3425 3268
f 3268 3286 3426
f 3301 3299 2903
f 2903 2906 3301
f 2894 2903 3297
f 3297 2903 3299
f 2891 2894 3296
f 3296 2894 3297
f 3296 3294 2956
f 2956 2891 3296
f 3278 3431 3293
f 3431 3428 3292
f 3292 3428 2910
f 3292 2910 2951
f 3289 3292 2951
f 3289 2951 3426
f 3289 3426 3286
f 2947 3425 2951
f 2951 3425 3426
f 3292 3293 3431
f 2703 2701 3119
f 3000 2703 3119
f 3001 3000 3119
f 3119 2701 2702
f 3118 2699 2700
f 3115 2698 2696
f 2696 3114 3115
f 2695 2697 3113
f 2998 2999 3114
f 2998 3114 2696
f 2998 2696 2695
f 2998 2695 3113
f 2694 2693 3112
f 3112 2693 2692
f 2997 3112 2692
f 2996 2997 2692
f 3003 2699 3118
f 3003 2702 2699
f 3003 3002 3119
f 3228 3227 3152
f 3152 3227 3150
f 3150 3227 3139
f 3099 3100 3148
f 3148 3100 2942
f 3148 3146 3226
f 3148 3226 3228
f 3148 3228 3099
f 3097 3226 3144
f 3144 3226 3146
f 2938 3097 3144
f 3226 3225 3228
f 3228 3225 3227
f 3139 3227 3225
f 3137 3139 3225
f 3137 3225 3224
f 3226 3097 3095
f 3152 3154 3228
f 3154 3101 3228
f 3101 3099 3228
f 3154 3053 3101
f 3138 3160 3230
f 3230 2468 2464
f 3138 3230 2464
f 3158 3230 3160
f 3230 2465 2468
f 2576 2184 2465
f 2576 2465 3230
f 3158 2893 3230
f 2462 2198 2582
f 3151 2462 2582
f 3156 3151 2582
f 3156 2582 3081
f 3156 3081 2901
f 3056 3053 2878
f 2878 3053 3154
f 2893 2576 3230
f 3226 3095 2652
f 3003 3119 2702
f 3225 3226 2652
f 3225 2808 2807
f 3027 2727 3034
f 2704 2698 3115
f 3020 3132 3023
f 3132 2722 2723
f 3023 3132 2723
f 3024 3023 2723
f 3017 3131 3130
f 3020 3017 3130
f 3020 3130 3132
f 3130 2720 3132
f 3132 2720 2722
f 3129 3128 3131
f 3131 3128 3130
f 2720 3130 3128
f 3128 2718 2720
f 3128 3129 2719
f 3128 2719 2709
f 2726 2727 3027
f 3128 2709 3125
f 3035 2729 2733
f 3035 2883 3079
f 3041 3134 2739
f 2739 2736 3133
f 3041 2739 3133
f 3039 3038 2740
f 2740 2738 3134
f 3039 2740 3134
f 3134 2738 2739
f 3133 2736 2737
f 2735 2732 3037
f 3037 2732 3031
f 2727 2734 3034
f 3034 2734 3036
f 3037 3036 2734
f 2734 2735 3037
f 3027 3035 2733
f 2733 2726 3027
f 3079 2623 2729
f 3035 3079 2729
f 2718 3128 3125
f 2718 3125 3120
f 2718 3120 2715
f 3010 3125 3123
f 3009 3123 3124
f 3009 3124 3122
f 3011 3009 3122
f 3010 3123 3009
f 2706 2705 3121
f 3122 2707 2706
f 3122 2706 3121
f 3008 3122 3121
f 3007 3008 3121
f 3121 2705 2704
f 2704 3115 3116
f 3121 2704 3116
f 3121 3116 3007
f 3007 3116 3006
f 3005 3120 3004
f 3001 3119 3002
f 3010 3004 3125
f 3004 3120 3125
f 3125 2709 3123
f 2709 2708 3123
f 2717 2716 3127
f 3127 2714 2717
f 3005 3016 3127
f 3005 3127 2716
f 2716 2715 3120
f 3005 2716 3120
f 3014 2710 2714
f 3014 2714 3127
f 3041 3040 3134
f 3016 3014 3127
f 3013 3015 2712
f 2712 2713 3126
f 3013 2712 3126
f 3014 3012 3126
f 3014 3126 2711
f 3014 2711 2710
f 3013 3126 3012
f 2708 3124 3123
f 2713 2711 3126
f 3225 2652 2808
f 3039 3134 3040
f 3038 3135 2741
f 3224 3225 2807
f 3224 2807 2798
f 3137 3224 3136
f 3224 2798 2646
f 3136 3224 2646
f 3136 2646 3090
f 2920 3136 3090
f 3048 3109 2964
f 3048 3047 2744
f 2744 2659 3109
f 3048 2744 3109
f 3041 3133 3044
f 2742 2743 3045
f 3045 2743 3046
f 3047 3046 2743
f 2743 2744 3047
f 3133 2737 2742
f 3044 3133 2742
f 3045 3044 2742
f 3043 3135 3042
f 3038 3042 3135
f 3038 2741 2740
f 2315 2314 2316
f 2152 2316 2314
f 2152 2314 2313
f 2151 2152 2313
f 2150 2149 2312
f 2312 2314 2315
f 2150 2312 2315
f 2313 2314 2312
f 2312 2311 2313
f 2316 2317 2315
f 2150 2315 2153
f 2315 2317 2153
f 2153 2317 2154
f 2196 2345 2194
f 2203 2348 2200
f 2196 2200 2350
f 2317 2316 2224
f 2224 2316 2222
f 2222 2316 2152
f 2216 2364 2218
f 2209 2359 2363
f 2216 2209 2363
f 2216 2363 2364
f 2206 2359 2209
f 2359 2353 2363
f 2363 2353 2361
f 2350 2361 2353
f 2353 2345 2350
f 2206 2205 2353
f 2353 2359 2206
f 2345 2353 2194
f 2194 2353 2205
f 2200 2348 2350
f 2196 2350 2345
f 2154 2317 2224
f 1892 1894 2080
f 2080 2081 2077
f 1892 2080 2077
f 1895 2080 1894
f 1427 2081 2080
f 2080 1425 1427
f 1426 1425 2080
f 1925 1426 2080
f 1895 1925 2080
f 1892 2077 1891
f 1909 2087 1930
f 1893 1907 2410
f 1905 1909 2417
f 2242 2241 2410
f 2410 1907 1905
f 2410 1905 2417
f 2242 2410 2417
f 1897 1893 2410
f 2415 1897 2410
f 2415 2410 2409
f 2409 2408 2415
f 2415 2408 2411
f 2241 2240 2409
f 2409 2410 2241
f 2408 2409 2238
f 2238 2409 2240
f 2244 2421 2243
f 2247 1911 2246
f 2244 1911 2421
f 2488 1741 2538
f 2483 2488 2538
f 2483 2538 2480
f 2488 1745 1741
f 2271 2429 2492
f 2488 2492 1745
f 2492 1748 1745
f 1748 2429 1896
f 1748 1896 2084
f 1466 1748 2084
f 2088 1466 2084
f 2492 2429 1748
f 1912 1911 2247
f 1921 1897 2415
f 1921 2415 2411
f 1923 1921 2411
f 2424 1923 2411
f 2247 2237 1891
f 1891 1912 2247
f 1920 2424 2423
f 2423 1917 1920
f 1917 2423 2421
f 2421 1914 1917
f 2411 2412 2424
f 2424 2412 2423
f 2243 2421 2423
f 2248 2243 2423
f 2248 2423 2412
f 2244 2246 1911
f 1911 1914 2421
f 1920 1923 2424
f 2251 2428 2413
f 2251 2254 2428
f 2254 2414 2428
f 1935 1902 2419
f 1935 2419 2418
f 1934 2418 2416
f 2416 1924 1934
f 1933 1927 2428
f 1933 2428 2414
f 2414 1930 1933
f 1924 2416 2413
f 1927 1924 2413
f 2428 1927 2413
f 2418 1934 1935
f 4282 3999 3990
f 4287 3992 3995
f 4248 4247 4287
f 4287 3995 3997
f 4248 4287 3997
f 4282 3990 3992
f 4228 4282 3992
f 4228 3992 4287
f 4246 4228 4287
f 4246 4287 4247
f 3986 3987 4244
f 4244 3987 4245
f 3984 3986 4243
f 4243 3986 4244
f 3997 3984 4243
f 4243 4248 3997
f 4226 4234 4007
f 4007 3999 4282
f 4226 4007 4282
f 4231 4224 4005
f 4005 4006 4231
f 4006 4007 4231
f 4231 4007 4234
f 4226 4282 4228
f 4224 4222 4004
f 4004 4005 4224
f 4221 4004 4222
f 3715 3722 4119
f 3721 3719 4117
f 4117 3719 4115
f 3717 3715 4113
f 4113 3715 4111
f 4158 3711 3692
f 4156 3680 3704
f 4070 3706 3707
f 4158 4064 4069
f 3711 4158 4069
f 4069 4070 3707
f 3711 4069 3707
f 3706 4070 4068
f 4068 4059 4156
f 4068 4156 3704
f 3706 4068 3704
f 4159 3696 3699
f 4119 4111 3715
f 4101 4097 4159
f 3722 3721 4117
f 3726 3724 4121
f 4132 4096 3682
f 3682 3731 4132
f 3674 3730 4153
f 4113 4129 3729
f 3729 3717 4113
f 4129 4089 4153
f 4153 3730 3729
f 4129 4153 3729
f 4126 4115 3719
f 3719 3728 4126
f 3724 3697 4121
f 4121 3697 4107
f 3727 3726 4125
f 4125 3726 4123
f 4125 4126 3728
f 3728 3727 4125
f 4121 4123 3726
f 4117 4119 3722
f 4101 4159 3699
f 4101 3699 3701
f 4159 4157 4158
f 4156 4059 4057
f 3860 3916 3919
f 4057 3860 3919
f 4156 4057 3919
f 4156 3919 3920
f 3680 3924 3565
f 3680 4156 3924
f 4156 3920 3924
f 3572 3683 3926
f 3696 4159 4158
f 3696 4158 3692
f 4021 4066 4157
f 4097 4021 4157
f 4097 4157 4159
f 4157 4062 4063
f 4158 4157 4063
f 4158 4063 4064
f 4160 3732 3733
f 3685 3687 4062
f 4157 4066 4062
f 3687 3569 3925
f 3687 3925 3867
f 4062 3687 3867
f 3872 3926 3683
f 3872 3683 3685
f 4065 3872 3685
f 4066 4065 3685
f 4066 3685 4062
f 4134 4132 4160
f 3731 3732 4160
f 3740 3681 4095
f 4145 4143 3737
f 3737 3739 4145
f 3738 3736 4144
f 4144 3736 4141
f 4144 4101 3701
f 3701 3738 4144
f 4143 4141 3736
f 3736 3737 4143
f 3735 3734 4139
f 4139 3734 4136
f 4134 4160 4138
f 4139 4138 4160
f 4160 3733 3735
f 4139 4160 3735
f 4109 4136 3734
f 3734 3703 4109
f 4095 4146 3740
f 4145 3740 4146
f 3739 3740 4145
f 4132 3731 4160
f 4002 4004 4221
f 4813 4549 4970
f 4811 4968 4812
f 4968 4541 4547
f 4966 4540 4541
f 4809 4966 4541
f 4809 4541 4968
f 4811 4809 4968
f 4966 4539 4540
f 4807 4966 4809
f 4807 4804 4538
f 4538 4539 4966
f 4807 4538 4966
f 4537 4538 4803
f 4803 4538 4804
f 4803 4801 4536
f 4536 4537 4803
f 4801 4800 4535
f 4813 4968 4549
f 4535 4536 4801
f 4968 4547 4549
f 4813 4970 4814
f 4837 4824 4573
f 4837 4573 4576
f 4837 4576 4993
f 4982 4561 4573
f 4834 4983 4833
f 4822 4982 4824
f 4820 4979 4556
f 4822 4820 4556
f 4822 4556 4561
f 4822 4561 4982
f 4816 4979 4820
f 4979 4554 4556
f 4816 4814 4970
f 4816 4970 4551
f 4551 4554 4979
f 4816 4551 4979
f 4970 4549 4551
f 4813 4812 4968
f 4074 4076 4510
f 4442 4074 4510
f 4448 4442 4510
f 4085 4084 4439
f 4439 4084 4444
f 4436 4444 4084
f 4084 4075 4436
f 4442 4440 4081
f 4081 4074 4442
f 4078 4081 4437
f 4437 4081 4440
f 4437 4431 4071
f 4071 4078 4437
f 4434 4436 4075
f 4075 4073 4434
f 4431 4434 4073
f 4073 4071 4431
f 4448 4510 4451
f 4510 4076 4079
f 4430 4510 4508
f 4510 4079 4508
f 4508 4082 4083
f 4430 4451 4510
f 4079 4082 4508
f 4417 4267 4221
f 4397 4266 4267
f 4397 4267 4417
f 4348 4397 4417
f 4396 4393 4262
f 4262 4265 4396
f 4265 4266 4396
f 4396 4266 4397
f 4392 4395 4264
f 4384 4382 4251
f 4251 4253 4384
f 4381 4383 4252
f 4252 4250 4381
f 4249 4251 4380
f 4380 4251 4382
f 4250 4249 4381
f 4381 4249 4380
f 4385 4253 4426
f 4253 4254 4426
f 4385 4384 4253
f 4386 4427 4387
f 4264 4261 4392
f 4394 4388 4256
f 4256 4263 4394
f 4263 4264 4394
f 4394 4264 4395
f 4261 4262 4392
f 4392 4262 4393
f 4427 4260 4255
f 4391 4390 4258
f 4259 4260 4427
f 4391 4259 4427
f 4386 4391 4427
f 4257 4258 4389
f 4389 4258 4390
f 4388 4387 4427
f 4427 4255 4256
f 4388 4427 4256
f 4258 4259 4391
f 4562 4695 4723
f 4562 4723 4559
f 4525 4686 4723
f 4529 4525 4723
f 4529 4723 4695
f 4559 4723 4686
f 4557 4559 4686
f 4557 4686 4685
f 4557 4685 4522
f 4562 4687 4695
f 4562 4526 4687
f 4012 4013 3869
f 3869 3868 4012
f 4064 4063 4060
f 4060 4061 4064
f 4063 4062 3867
f 4063 3867 3865
f 4063 3865 4060
f 4061 4060 3864
f 3864 3866 4061
f 3865 3864 4060
f 4059 4058 3862
f 4059 3862 3861
f 4059 3861 4057
f 3863 3862 4058
f 3861 3860 4057
f 3868 3870 4016
f 4016 4012 3868
f 3871 3869 4018
f 3874 3875 4024
f 4010 4022 3873
f 3873 3854 4010
f 4067 4068 4069
f 4069 4068 4070
f 4061 4067 4064
f 4064 4067 4069
f 4068 4067 4058
f 4058 4059 4068
f 4067 4061 3866
f 4067 3866 3863
f 4067 3863 4058
f 4021 4020 4065
f 4065 4066 4021
f 4016 3870 3872
f 4016 3872 4065
f 4020 4016 4065
f 4018 3869 4013
f 4024 4023 3874
f 3876 3877 4026
f 4024 3876 4025
f 3855 3856 4011
f 4011 3856 4014
f 3877 3873 4026
f 4026 3873 4022
f 3875 3876 4024
f 4026 4025 3876
f 3537 3536 3838
f 3838 3841 3537
f 3531 3539 3842
f 3539 3537 3842
f 3842 3537 3841
f 495 474 473
f 494 495 473
f 494 473 472
f 494 472 492
f 433 474 495
f 583 581 586
f 586 581 584
f 512 584 581
f 512 581 580
f 511 512 580
f 581 583 578
f 578 577 581
f 577 575 581
f 581 575 580
f 580 579 511
f 511 579 509
f 509 579 504
f 575 574 580
f 580 574 579
f 579 574 504
f 504 574 499
f 513 584 512
f 513 586 584
f 515 589 586
f 593 589 523
f 523 589 516
f 593 594 592
f 592 591 593
f 591 586 593
f 593 586 589
f 521 592 522
f 519 590 591
f 521 519 591
f 521 591 592
f 586 591 590
f 590 583 586
f 518 590 519
f 518 503 578
f 578 583 590
f 518 578 590
f 516 589 515
f 513 515 586
f 523 524 593
f 524 594 593
f 522 594 525
f 524 595 594
f 599 598 530
f 530 598 529
f 599 424 423
f 423 598 599
f 598 596 597
f 529 598 597
f 528 529 597
f 421 596 423
f 423 596 598
f 420 422 596
f 596 422 597
f 421 420 596
f 526 595 527
f 527 595 524
f 526 525 594
f 594 595 526
f 592 594 522
f 424 599 600
f 600 426 424
f 600 599 530
f 530 531 600
f 505 533 431
f 532 601 429
f 532 429 431
f 533 532 431
f 597 601 528
f 528 601 532
f 601 428 429
f 601 597 422
f 422 428 601
f 431 432 505
f 67 86 9
f 50 67 9
f 68 86 67
f 66 85 65
f 62 60 18
f 18 19 62
f 16 18 57
f 57 18 60
f 55 46 7
f 7 14 55
f 12 16 53
f 53 16 57
f 14 12 55
f 55 12 53
f 9 7 50
f 50 7 46
f 86 20 9
f 68 87 86
f 65 85 87
f 74 23 22
f 74 22 90
f 75 74 90
f 22 21 90
f 90 21 88
f 72 89 73
f 73 89 70
f 72 71 88
f 72 88 87
f 72 87 89
f 89 87 85
f 70 89 85
f 69 70 85
f 69 85 66
f 87 88 21
f 87 21 20
f 87 20 86
f 68 65 87
f 19 24 76
f 76 62 19
f 76 23 74
f 24 23 76
f 75 90 77
f 90 88 77
f 77 88 71
f 218 223 159
f 159 160 218
f 268 158 159
f 222 268 159
f 223 222 159
f 268 157 158
f 222 220 267
f 267 268 222
f 215 261 264
f 220 215 264
f 220 264 267
f 268 267 156
f 156 157 268
f 153 156 264
f 264 156 267
f 154 264 155
f 155 264 261
f 154 153 264
f 335 223 218
f 335 334 222
f 222 223 335
f 220 222 332
f 332 222 334
f 215 220 332
f 1332 1294 1235
f 1235 1294 1206
f 1233 1342 1234
f 1234 1342 1318
f 1234 1318 1332
f 1235 1234 1332
f 1230 1340 1231
f 1341 1342 1233
f 1306 1335 1305
f 1211 1294 1333
f 1226 1211 1333
f 1226 1333 1336
f 1333 1330 1336
f 1336 1330 1335
f 1324 1305 1335
f 1335 1334 1324
f 1334 1335 1330
f 1330 1329 1334
f 1326 1334 1329
f 1329 1323 1326
f 1332 1331 1294
f 1294 1331 1333
f 1330 1333 1331
f 1336 1335 1306
f 1233 1232 1341
f 1336 1306 1218
f 1310 1337 1227
f 1341 1316 1342
f 1342 1316 1318
f 1231 1340 1339
f 1231 1339 1341
f 1232 1231 1341
f 1316 1341 1339
f 1339 1311 1316
f 1230 1229 1338
f 1338 1340 1230
f 1228 1338 1229
f 1338 1337 1340
f 1340 1337 1339
f 1311 1339 1337
f 1337 1310 1311
f 1228 1227 1337
f 1337 1338 1228
f 1227 1216 1310
f 1218 1226 1336
f 1331 1328 1330
f 1318 1317 1332
f 1332 1317 1331
f 1317 1314 1331
f 1293 1290 1295
f 1295 1290 1292
f 1210 1293 1212
f 1290 1293 1207
f 1207 1293 1210
f 1208 1209 1291
f 1208 1291 1292
f 1208 1292 1290
f 1209 1204 1289
f 1289 1291 1209
f 1208 1290 1207
f 1213 1293 1296
f 1293 1295 1296
f 1322 1323 1321
f 1321 1320 1322
f 1320 1321 1304
f 1304 1303 1320
f 1319 1320 1303
f 1303 1300 1319
f 1331 1314 1328
f 1329 1330 1328
f 1328 1327 1329
f 1323 1329 1327
f 1327 1321 1323
f 1314 1313 1328
f 1328 1313 1327
f 1321 1327 1313
f 1313 1304 1321
f 1323 1322 1326
f 1214 1213 1296
f 1296 1309 1214
f 1303 1304 1302
f 1302 1301 1303
f 1300 1303 1301
f 1301 1298 1300
f 1296 1295 1302
f 1302 1295 1301
f 1295 1292 1301
f 1301 1292 1298
f 1299 1300 1298
f 1298 1297 1299
f 1297 1298 1292
f 1292 1291 1297
f 1214 1309 1215
f 1217 1310 1216
f 1311 1310 1217
f 1217 1219 1311
f 1317 1318 1316
f 1316 1315 1317
f 1223 1314 1317
f 1223 1317 1315
f 1225 1223 1315
f 1224 1315 1316
f 1219 1224 1316
f 1219 1316 1311
f 1213 1212 1293
f 1225 1315 1224
f 1223 1222 1313
f 1223 1313 1314
f 1312 1302 1313
f 1313 1302 1304
f 1309 1312 1215
f 1215 1312 1222
f 1309 1296 1312
f 1312 1296 1302
f 1222 1312 1313
f 1109 1108 1743
f 1743 1108 1740
f 1738 1740 1108
f 1108 1107 1796
f 1738 1108 1796
f 1738 1796 1736
f 1107 1106 1796
f 1736 1796 1106
f 1734 1736 1106
f 1734 1106 1104
f 1734 1104 1794
f 1097 1787 1104
f 1104 1787 1794
f 1734 1794 1732
f 1794 1787 1732
f 1732 1787 1722
f 1730 1728 1100
f 1743 1110 1109
f 1743 1786 1110
f 1095 1110 1786
f 1115 1087 1751
f 1751 1087 1721
f 1751 1749 1114
f 1114 1115 1751
f 1112 1114 1747
f 1747 1114 1749
f 1102 1112 1730
f 1730 1112 1747
f 1743 1729 1786
f 1100 1102 1730
f 1728 1727 1791
f 1791 1099 1100
f 1728 1791 1100
f 1494 1490 1710
f 1710 1262 1263
f 1494 1710 1263
f 1492 1479 1236
f 1236 1258 1492
f 1491 1256 1260
f 1491 1260 1703
f 1493 1491 1703
f 1258 1256 1492
f 1492 1256 1491
f 1489 1710 1490
f 1471 1701 1478
f 1485 1709 1486
f 1480 1705 1484
f 1485 1482 1708
f 1485 1708 1698
f 1485 1698 1709
f 1264 1265 1496
f 1705 1253 1254
f 1496 1495 1264
f 1495 1494 1263
f 1498 1271 1710
f 1489 1498 1710
f 1712 1268 1269
f 1498 1497 1712
f 1498 1712 1269
f 1498 1269 1270
f 1700 1244 1266
f 1268 1712 1711
f 1711 1267 1268
f 1486 1709 1711
f 1497 1486 1711
f 1497 1711 1712
f 1267 1711 1699
f 1699 1700 1266
f 1267 1699 1266
f 1698 1699 1709
f 1709 1699 1711
f 1263 1264 1495
f 1484 1705 1254
f 1484 1254 1708
f 1482 1484 1708
f 1699 1697 1242
f 1700 1699 1242
f 1698 1241 1238
f 1699 1698 1238
f 1699 1238 1697
f 1697 1237 1239
f 1238 1237 1697
f 1697 1239 1242
f 1700 1242 1244
f 1247 1246 1701
f 1249 1248 1702
f 1480 1475 1704
f 1704 1705 1480
f 1475 1478 1701
f 1475 1701 1246
f 1246 1252 1704
f 1475 1246 1704
f 1705 1704 1251
f 1251 1253 1705
f 1498 1270 1271
f 1252 1251 1704
f 1474 1473 1703
f 1250 1249 1702
f 1703 1250 1702
f 1474 1703 1702
f 1471 1472 1702
f 1702 1248 1247
f 1702 1247 1701
f 1471 1702 1701
f 1474 1702 1472
f 1713 1679 1685
f 1715 1713 1714
f 1511 1512 1090
f 1090 1041 1286
f 1511 1090 1286
f 1511 1286 1197
f 1197 1409 1510
f 1511 1197 1510
f 1088 1287 1198
f 1086 1088 1198
f 1086 1198 1549
f 1782 1086 1549
f 1509 1782 1549
f 1411 1509 1549
f 1782 968 1086
f 1508 1782 1509
f 1506 1386 1189
f 1507 1506 1189
f 1189 965 966
f 1512 1513 1090
f 1189 966 967
f 1513 1785 1090
f 1785 1093 1091
f 1725 1791 1727
f 1791 982 1099
f 1725 1417 1203
f 1203 977 979
f 1203 979 981
f 981 982 1791
f 1203 981 1791
f 1725 1203 1791
f 1097 1094 1787
f 1722 1787 1094
f 1720 1722 1094
f 1094 1093 1785
f 1720 1094 1785
f 1720 1785 1513
f 970 1287 1088
f 1093 970 1088
f 1093 1088 1091
f 1785 1091 1090
f 1507 1189 967
f 967 968 1782
f 1507 967 1782
f 1502 1658 1432
f 1503 1718 1499
f 1500 1719 1501
f 1501 1719 1656
f 1502 1501 1656
f 1502 1656 1658
f 1499 1718 1717
f 1500 1499 1717
f 1500 1717 1719
f 1717 1655 1719
f 1719 1655 1656
f 1716 1714 1718
f 1718 1714 1717
f 1714 1685 1717
f 1717 1685 1655
f 1714 1716 1715
f 1508 1507 1782
f 1685 1714 1713
f 1371 1530 1376
f 1536 1184 1185
f 1536 1530 1183
f 1183 1184 1536
f 1530 1523 1520
f 1530 1520 1182
f 1530 1182 1183
f 1520 1178 1182
f 1373 1374 1528
f 1528 1526 1373
f 1528 1181 1180
f 1180 1526 1528
f 1371 1373 1526
f 1371 1526 1521
f 1371 1521 1523
f 1526 1180 1179
f 1179 1521 1526
f 1523 1530 1371
f 1519 1520 1521
f 1530 1536 1378
f 1379 1378 1186
f 1400 1192 1544
f 1396 1400 1544
f 1396 1544 1392
f 1192 1191 1544
f 1392 1544 1191
f 1374 1392 1191
f 1374 1191 1190
f 1374 1190 1528
f 1190 1181 1528
f 1386 1384 1188
f 1188 1189 1386
f 1187 1188 1382
f 1382 1188 1384
f 1382 1379 1186
f 1186 1187 1382
f 1378 1536 1185
f 1378 1185 1186
f 1378 1376 1530
f 1521 1520 1523
f 1521 1179 1176
f 1176 1518 1519
f 1521 1176 1519
f 1520 1519 1177
f 1177 1178 1520
f 1174 1177 1518
f 1518 1177 1519
f 1176 1175 1518
f 1175 1174 1518
f 1400 1193 1192
f 1194 1193 1400
f 1407 1194 1405
f 1552 1201 1202
f 1415 1552 1202
f 1416 1415 1202
f 1552 1200 1201
f 1414 1552 1415
f 1414 1413 1199
f 1199 1200 1552
f 1414 1199 1552
f 1549 1198 1199
f 1412 1549 1199
f 1413 1412 1199
f 1411 1549 1412
f 1408 1409 1197
f 1197 1196 1408
f 1407 1408 1196
f 1196 1195 1407
f 1195 1194 1407
f 1416 1203 1417
f 1202 1203 1416
f 1419 1556 1559
f 1419 1557 1556
f 1400 1405 1194
f 1423 1566 1424
f 1423 1422 1564
f 1564 1566 1423
f 1419 1559 1421
f 1420 1557 1418
f 1419 1418 1557
f 1470 1469 1629
f 1629 1630 1470
f 1453 1624 1468
f 1468 1624 1623
f 1468 1623 1629
f 1469 1468 1629
f 1629 1220 1630
f 1630 1220 1221
f 1220 1629 1623
f 1623 1218 1220
f 801 800 779
f 779 800 778
f 778 800 776
f 495 494 801
f 801 494 800
f 775 776 800
f 775 800 494
f 775 494 492
f 774 559 561
f 704 701 772
f 704 772 555
f 704 555 557
f 699 772 701
f 546 553 766
f 677 698 550
f 550 535 677
f 698 691 766
f 698 766 553
f 698 553 550
f 769 548 546
f 801 802 495
f 802 587 495
f 802 588 587
f 543 457 555
f 543 555 772
f 683 543 772
f 699 683 772
f 795 808 799
f 799 808 792
f 798 810 796
f 793 774 797
f 797 774 561
f 797 561 634
f 798 797 634
f 634 633 810
f 798 634 810
f 810 809 796
f 796 809 794
f 795 794 809
f 795 809 807
f 457 449 555
f 795 807 808
f 543 611 457
f 611 459 455
f 611 455 457
f 810 633 632
f 809 810 632
f 809 632 631
f 787 761 758
f 700 787 758
f 786 805 784
f 803 805 785
f 785 805 786
f 781 803 785
f 805 804 784
f 784 804 783
f 783 804 782
f 804 805 803
f 803 802 804
f 804 802 801
f 782 804 801
f 779 782 801
f 781 780 588
f 781 588 802
f 781 802 803
f 761 754 758
f 787 765 761
f 788 765 787
f 687 765 788
f 807 809 631
f 631 806 807
f 793 704 557
f 557 450 454
f 557 454 559
f 793 557 559
f 793 559 774
f 806 631 625
f 587 433 495
f 789 806 625
f 625 548 769
f 789 625 769
f 696 789 769
f 791 792 808
f 808 807 791
f 807 806 791
f 791 806 790
f 790 806 789
f 625 617 548
f 769 546 766
f 695 769 766
f 692 695 766
f 696 769 695
f 692 766 691
f 689 763 684
f 685 762 686
f 686 762 761
f 687 686 761
f 687 761 765
f 684 763 756
f 685 684 756
f 685 756 762
f 761 762 756
f 756 754 761
f 753 541 543
f 681 753 543
f 683 681 543
f 753 537 541
f 4591 4589 4691
f 4588 4725 4589
f 4725 4340 4341
f 4588 4584 4721
f 4721 4339 4340
f 4588 4721 4340
f 4588 4340 4725
f 4578 4721 4584
f 4721 4338 4339
f 4578 4576 4718
f 4337 4338 4721
f 4718 4337 4721
f 4578 4718 4721
f 4573 4718 4576
f 4718 4336 4337
f 4709 4335 4336
f 4709 4336 4718
f 4589 4290 4691
f 4561 4709 4718
f 4589 4725 4290
f 4691 4290 4293
f 4591 4691 4542
f 4725 4341 4290
f 4573 4561 4718
f 4556 4709 4561
f 4709 4334 4335
f 4537 4693 4538
f 4693 4325 4326
f 4324 4325 4693
f 4536 4324 4693
f 4537 4536 4693
f 4536 4535 4323
f 4323 4324 4536
f 4305 4321 4690
f 4690 4321 4317
f 4317 4689 4690
f 4539 4693 4327
f 4693 4326 4327
f 4539 4538 4693
f 4327 4328 4540
f 4556 4554 4706
f 4706 4333 4334
f 4706 4334 4709
f 4556 4706 4709
f 4551 4706 4554
f 4706 4332 4333
f 4701 4331 4332
f 4701 4332 4706
f 4549 4701 4706
f 4547 4701 4549
f 4701 4330 4331
f 4329 4330 4701
f 4541 4329 4701
f 4547 4541 4701
f 4328 4329 4540
f 4540 4329 4541
f 4540 4539 4327
f 4551 4549 4706
f 4309 4412 4182
f 4307 4309 4182
f 4307 4182 4411
f 4307 4411 4305
f 4304 4303 4183
f 4183 4187 4304
f 4303 4301 4404
f 4303 4404 4181
f 4303 4181 4183
f 4404 4179 4181
f 4299 4404 4301
f 4402 4176 4179
f 4297 4402 4179
f 4297 4179 4404
f 4299 4297 4404
f 4412 4194 4182
f 4293 4402 4297
f 4311 4412 4309
f 4311 4315 4412
f 4298 4408 4322
f 4408 4184 4202
f 4322 4408 4202
f 4320 4322 4202
f 4318 4320 4202
f 4202 4197 4413
f 4318 4202 4413
f 4197 4196 4413
f 4318 4413 4315
f 4413 4196 4195
f 4413 4195 4412
f 4315 4413 4412
f 4195 4194 4412
f 4402 4175 4176
f 4293 4290 4400
f 4173 4175 4402
f 4400 4173 4402
f 4293 4400 4402
f 4400 4171 4173
f 4825 4555 4973
f 4826 4825 4973
f 4543 4555 4823
f 4823 4555 4825
f 4823 4815 4542
f 4542 4543 4823
f 4555 4558 4973
f 4988 4985 4849
f 4988 4577 4575
f 4575 4985 4988
f 4849 4985 4846
f 4985 4575 4572
f 4985 4572 4983
f 4846 4985 4983
f 4834 4846 4983
f 4849 4850 4988
f 4580 4577 4988
f 4850 4852 4580
f 4863 4592 4590
f 4863 4590 4996
f 4861 4863 4996
f 4590 4586 4996
f 4861 4996 4860
f 4586 4585 4991
f 4996 4586 4991
f 4860 4996 4991
f 4859 4860 4991
f 4585 4583 4991
f 4856 4859 4991
f 4991 4990 4856
f 4856 4990 4852
f 4991 4583 4582
f 4582 4990 4991
f 4852 4990 4582
f 4852 4582 4580
f 4595 4592 4863
f 4863 4864 4595
f 4864 4865 4595
f 4865 4563 4595
f 4850 4580 4988
f 4827 4986 4865
f 4865 4986 4563
f 5093 5150 5095
f 5150 4459 4461
f 5095 5150 4461
f 5097 5095 4461
f 5151 4460 4454
f 5090 5151 4454
f 5093 5090 4454
f 5093 4454 5150
f 5150 4454 4459
f 4456 4453 5071
f 5071 4453 5069
f 5071 4870 4616
f 4616 4347 4456
f 5071 4616 4456
f 5066 5069 4453
f 4453 4450 5066
f 4450 4446 5066
f 5154 4769 4768
f 5066 4446 5065
f 5154 4772 4769
f 5154 4677 4772
f 5107 4468 5156
f 5108 5157 4469
f 5108 4469 4468
f 5116 5108 4468
f 5110 5112 4463
f 4463 4466 5157
f 5110 4463 5157
f 4464 4463 5114
f 5114 4463 5112
f 5110 5157 5108
f 5107 5156 5105
f 5101 5151 5090
f 4937 5052 5100
f 5101 5100 5052
f 5052 5154 5151
f 5101 5052 5151
f 5154 5052 4677
f 4772 4770 4769
f 5056 5098 4451
f 4451 4430 5056
f 4448 4451 5094
f 4431 4587 4733
f 4434 4431 4733
f 4434 4733 4732
f 5144 4434 4732
f 5144 4732 4731
f 5142 5144 4731
f 5142 4731 4727
f 5072 5142 5067
f 5142 4727 4726
f 5067 5142 4726
f 5064 5067 4726
f 5064 4726 4567
f 5064 4567 4984
f 5064 4984 5055
f 4835 4999 5058
f 5055 4984 4565
f 4720 4714 4552
f 4431 4999 4587
f 5072 5075 5142
f 5075 5145 5142
f 5145 5144 5142
f 5094 4451 5098
f 4442 4448 5086
f 5086 4448 5094
f 4439 4444 5068
f 5068 4444 5091
f 5089 5091 4444
f 4444 4436 5145
f 5089 4444 5145
f 4468 4470 5156
f 5089 5145 5075
f 4440 4442 5086
f 4437 4440 5078
f 5078 4440 5083
f 5078 5058 4999
f 4999 4431 4437
f 5078 4999 4437
f 4434 5144 4436
f 4436 5144 5145
f 5086 5083 4440
f 4720 4552 4981
f 5107 5116 4468
f 5118 5158 5117
f 4491 4493 5127
f 5127 4493 5129
f 4486 4489 5123
f 5123 4489 5125
f 5114 5065 4446
f 4446 4464 5114
f 4470 4480 5156
f 5082 5120 4473
f 4473 4467 5082
f 4478 4476 5158
f 5105 5156 4480
f 5105 4480 4478
f 5105 4478 5158
f 5118 5105 5158
f 5120 5117 5158
f 5158 4476 4473
f 5120 5158 4473
f 4489 4491 5127
f 5127 5125 4489
f 5132 4483 5087
f 4495 4483 5132
f 5123 5141 4507
f 4507 4486 5123
f 5140 5139 4505
f 4505 4506 5140
f 4506 4507 5140
f 5140 4507 5141
f 5139 5137 4502
f 4502 4505 5139
f 4466 4469 5157
f 5136 5138 4504
f 4461 4504 5097
f 5097 4504 5138
f 4500 4502 5136
f 5136 4502 5137
f 5132 5134 4498
f 4498 4495 5132
f 4493 4498 5129
f 5129 4498 5134
f 4504 4500 5136
f 4565 4720 4981
f 4802 5055 4981
f 4908 4904 5022
f 4908 5022 4636
f 4900 4899 4631
f 4900 4631 4634
f 4900 4634 5022
f 4900 5022 4904
f 4899 4897 5016
f 4899 5016 4630
f 4899 4630 4631
f 5022 4634 4636
f 5016 4639 4630
f 5055 4565 4981
f 4638 4637 4744
f 4744 4353 4354
f 4744 4354 4745
f 4640 4744 4745
f 4641 4640 4745
f 4641 4745 4639
f 4638 4744 4640
f 4743 4350 4351
f 4637 4635 4743
f 4637 4743 4351
f 4637 4351 4352
f 4632 4628 4349
f 4632 4349 4350
f 4632 4350 4743
f 4632 4743 4635
f 4627 4742 4348
f 4628 4627 4348
f 4637 4352 4744
f 4628 4348 4349
f 4352 4355 4744
f 4744 4355 4353
f 4625 4742 4627
f 4361 4376 4617
f 4617 4376 4607
f 4610 4741 4615
f 4612 4611 4377
f 4377 4343 4612
f 4611 4615 4741
f 4741 4373 4377
f 4611 4741 4377
f 4375 4374 4741
f 4606 4375 4741
f 4606 4607 4376
f 4376 4375 4606
f 4374 4373 4741
f 4610 4606 4741
f 3927 4027 4161
f 4161 4027 4168
f 4236 4237 4003
f 4003 3998 4236
f 4215 3983 4032
f 4212 3994 3989
f 4212 3989 4280
f 4214 4212 4280
f 4281 3978 3994
f 4213 4281 3994
f 4212 4213 3994
f 3989 3983 4280
f 4215 4216 3983
f 4216 4280 3983
f 4214 4280 4216
f 3975 3820 4055
f 3977 3975 4055
f 3975 3976 3821
f 3821 3820 3975
f 3819 3818 4055
f 3973 3974 3817
f 3817 3816 3973
f 3820 3819 4055
f 3826 3825 4056
f 3979 4056 3825
f 3837 3817 3996
f 3996 3817 3974
f 3996 3985 3832
f 3832 3837 3996
f 3835 3834 3991
f 3991 3834 3988
f 3991 3993 3836
f 3836 3835 3991
f 3985 3988 3834
f 3834 3832 3985
f 3828 3821 3979
f 3979 3821 3976
f 3982 4056 3981
f 3973 3816 3826
f 3973 3826 4056
f 3982 3973 4056
f 3979 3981 4056
f 3979 3825 3828
f 3998 3836 3993
f 3838 3836 3998
f 4055 3818 3844
f 3851 3833 4007
f 4007 3833 3999
f 4006 4005 3849
f 3849 3850 4006
f 3850 3851 4006
f 4006 3851 4007
f 3848 3849 4004
f 4004 3849 4005
f 4004 4002 3847
f 3847 3848 4004
f 3977 4055 4001
f 3844 3840 4000
f 4000 3840 3980
f 4000 4001 4055
f 4000 4055 3844
f 4095 3682 4096
f 3681 3682 4095
f 3684 3688 4099
f 4099 4098 3684
f 4106 3684 4098
f 3703 3695 4109
f 4109 3695 4100
f 4106 4100 3695
f 3695 3700 4106
f 3688 3601 3874
f 4099 3688 3874
f 4023 4099 3874
f 3700 3684 4106
f 6234 6177 6193
f 6193 6177 6185
f 6193 5860 5912
f 5912 6234 6193
f 6233 6174 6234
f 6234 6174 6177
f 6234 5912 5908
f 5908 6231 6233
f 6234 5908 6233
f 5908 5904 6231
f 6174 6233 6232
f 6232 6172 6174
f 6226 6232 6231
f 6231 6232 6233
f 6232 6220 5898
f 6232 5898 5853
f 5889 5890 6214
f 6207 6201 5886
f 6212 6207 5886
f 6212 5886 5889
f 6201 5879 5886
f 5884 5883 6207
f 5880 6184 6201
f 5883 5880 6201
f 6207 5883 6201
f 5880 5871 6184
f 6184 6181 5870
f 6201 6184 5870
f 6201 5870 5879
f 6184 5871 5867
f 5867 6181 6184
f 6181 5865 5870
f 5867 5865 6181
f 6214 6212 5889
f 6216 5884 6212
f 5884 6207 6212
f 6216 5892 5884
f 6172 6232 5853
f 6232 6226 6218
f 6218 6220 6232
f 5901 6223 6226
f 5904 5901 6226
f 6231 5904 6226
f 5901 5899 6223
f 6216 6218 6223
f 6223 6218 6226
f 5892 6216 6223
f 6220 5895 5898
f 6218 6214 5893
f 6218 5893 5895
f 6220 6218 5895
f 6214 5890 5893
f 6218 6216 6212
f 6212 6214 6218
f 6223 5899 5892
f 6266 5962 5963
f 6260 5950 5961
f 6256 6260 5961
f 6266 6256 5961
f 5962 6266 5961
f 6278 5959 5960
f 6273 6278 5960
f 6276 6273 5960
f 5937 6276 5960
f 5959 6278 6268
f 6268 6270 5958
f 5959 6268 5958
f 6263 6268 6273
f 6273 6268 6278
f 6276 6275 6272
f 6272 6273 6276
f 6275 6254 5943
f 5963 6270 6266
f 5943 5957 6272
f 6270 5963 5958
f 5964 5932 6261
f 6275 5943 6272
f 6272 5956 5953
f 6272 5953 6263
f 5947 5946 6257
f 5945 5944 6256
f 5931 5943 6254
f 5946 5948 6259
f 6259 6257 5946
f 6260 5947 6257
f 6260 5944 5947
f 6273 6272 6263
f 5957 5956 6272
f 6265 6266 6268
f 6268 6266 6270
f 6268 6263 5952
f 6268 5952 5955
f 6268 5955 6265
f 6266 6265 5954
f 6266 5954 5945
f 5955 5954 6265
f 5953 5952 6263
f 6259 5951 5949
f 6259 5948 5951
f 5950 6260 6257
f 6257 6259 5949
f 5950 6257 5949
f 6260 6256 5944
f 6266 5945 6256
f 6351 5762 5768
f 5768 6352 6351
f 6309 6352 5768
f 6307 6309 5768
f 6307 5768 5767
f 6304 6307 5767
f 5767 5765 6304
f 6300 6304 5765
f 5765 5763 6300
f 6250 6242 6252
f 6244 6251 6249
f 6249 6250 6244
f 6250 6249 6238
f 6238 6239 6250
f 5923 5920 6238
f 6249 5923 6238
f 6239 6242 6250
f 6242 6243 6248
f 6244 6252 6245
f 6251 6244 6253
f 6253 6244 6246
f 6252 6248 5928
f 6245 6252 5928
f 5919 6245 5928
f 6250 6252 6244
f 6248 6252 6242
f 5917 6235 6237
f 6236 5915 5916
f 6236 6235 5913
f 5913 5915 6236
f 5914 5913 6235
f 5914 6235 5917
f 5920 5918 6238
f 6239 5917 6237
f 6239 6238 5917
f 6243 6242 6240
f 6242 6239 6237
f 6237 6240 6242
f 6240 6236 5916
f 6240 5916 5921
f 6241 6240 5921
f 6240 6237 6235
f 6235 6236 6240
f 6238 5918 5917
f 6240 6241 6243
f 6099 6157 6159
f 6153 5577 5578
f 5577 6153 6150
f 6150 5576 5577
f 6150 5575 5576
f 6146 5608 5609
f 5933 5940 6146
f 5609 5610 6135
f 6146 5609 6135
f 5933 6146 6135
f 6139 5607 5608
f 6139 5608 6146
f 5936 6139 6146
f 5939 5936 6146
f 5939 6146 5940
f 6143 5572 5573
f 5935 5938 6143
f 6159 6101 6099
f 5941 6159 6157
f 5941 5942 6161
f 5579 6163 5580
f 5580 6163 6164
f 6163 5579 5544
f 5544 6105 6163
f 6164 6163 6159
f 6159 6161 6164
f 6163 6105 6101
f 6101 6159 6163
f 5941 6161 6159
f 5935 6143 5573
f 5935 5573 5574
f 5935 5574 6139
f 5572 6143 6142
f 5914 6127 6129
f 5913 5914 6129
f 6130 6112 6108
f 6108 6127 6130
f 6084 6086 6127
f 6127 6086 6129
f 6127 6108 5534
f 6127 5534 5527
f 6127 5527 6084
f 6122 6124 6126
f 6124 6122 6110
f 6110 6112 6124
f 5914 6130 6127
f 6122 5551 6110
f 6086 6092 6131
f 6092 6090 6093
f 5916 6100 5921
f 5918 6132 5917
f 5920 6126 6124
f 5918 5920 6124
f 5918 6124 6132
f 5914 5917 6132
f 6132 6130 5914
f 6132 6124 6112
f 6112 6130 6132
f 5915 6131 6093
f 5916 5915 6093
f 5916 6093 6100
f 5915 5913 6129
f 6129 6131 5915
f 6093 6131 6092
f 6131 6129 6086
f 5533 6097 6103
f 6101 6097 6096
f 6096 6099 6101
f 6097 5533 5532
f 5532 6096 6097
f 6092 5531 5530
f 6090 6092 5530
f 6090 5530 6089
f 6092 6086 5528
f 5528 5531 6092
f 5530 5529 6089
f 6086 6084 5526
f 5526 5528 6086
f 5527 5526 6084
f 6103 5535 5533
f 6097 6101 6105
f 6105 6103 6097
f 6089 5536 6106
f 6112 6110 5549
f 6112 5549 5547
f 6112 5547 6108
f 5551 5549 6110
f 5547 5534 6108
f 6105 5544 5542
f 5542 6103 6105
f 6095 5538 5539
f 6091 6106 5537
f 6091 5537 5538
f 6095 6091 5538
f 6089 6106 6090
f 6090 6106 6091
f 6106 5536 5537
f 5529 5536 6089
f 5542 5535 6103
f 6142 5560 5572
f 5938 5937 6142
f 6142 6143 5938
f 5935 6139 5936
f 5933 6135 5934
f 5932 6134 5930
f 5929 6133 5931
f 5930 6134 5567
f 5929 5930 5567
f 5929 5567 5571
f 5929 5571 6133
f 5928 6083 5919
f 5265 5424 5421
f 5423 4905 4902
f 4905 5423 5420
f 5420 4898 4905
f 5422 5423 4902
f 5424 5422 4902
f 4903 5424 4902
f 5275 5273 5422
f 5422 5424 5275
f 5272 5263 5420
f 5272 5420 5423
f 5272 5423 5422
f 5272 5422 5273
f 5267 5266 5421
f 5267 5421 4901
f 5267 4901 4897
f 5267 4897 5412
f 5424 4906 5421
f 4906 4907 5421
f 5265 5275 5424
f 5424 4903 4906
f 5421 4907 4901
f 5326 4940 4941
f 5326 4941 5431
f 5326 5431 5329
f 5324 5430 5325
f 4939 4922 5320
f 5320 4922 5322
f 5316 5429 5318
f 5429 4938 4939
f 5318 5429 4939
f 5320 5318 4939
f 5315 5429 5316
f 5315 5179 4836
f 4836 4938 5429
f 5315 4836 5429
f 5306 5425 5311
f 4935 4936 5312
f 5312 4936 5313
f 5326 5325 4940
f 5314 5313 4936
f 5325 5430 4940
f 5433 5432 5330
f 5415 4916 4889
f 4916 5415 5405
f 5405 4914 4916
f 5433 4945 4943
f 5431 4941 4944
f 5431 4944 4945
f 5431 4945 5433
f 5329 5431 5433
f 5332 5329 5433
f 5433 4943 4942
f 4942 5432 5433
f 5331 5432 4942
f 4942 4914 5405
f 5331 4942 5405
f 5292 5331 5405
f 5330 5332 5433
f 5330 5432 5331
f 4936 4937 5314
f 5312 5311 5425
f 5425 4929 4935
f 5302 5426 4932
f 5300 5299 4930
f 4930 4931 5300
f 5425 4928 4929
f 5426 4925 4932
f 5302 5301 5426
f 5303 5426 5301
f 5302 4930 5299
f 5312 5425 4935
f 4952 4950 5427
f 5308 5310 5428
f 4951 4952 5427
f 5428 4951 5427
f 5308 5428 5427
f 5427 4950 4949
f 5307 5427 4949
f 5309 5307 4949
f 5306 5305 4934
f 4934 4928 5425
f 5306 4934 5425
f 4931 4933 5300
f 5300 4933 5304
f 5305 5304 4933
f 4933 4934 5305
f 4932 4930 5302
f 5308 5427 5307
f 5237 5238 5502
f 5234 5237 5496
f 5496 5237 5500
f 5496 5492 5232
f 5232 5234 5496
f 5230 5232 5489
f 5489 5232 5492
f 5489 5474 5219
f 5219 5230 5489
f 5226 5224 5486
f 5486 5224 5485
f 5483 5485 5224
f 5224 5223 5483
f 5223 5221 5483
f 5483 5221 5480
f 5458 5480 5221
f 5221 5199 5458
f 5502 5500 5237
f 5216 5219 5473
f 5502 5239 5505
f 5239 5241 5508
f 5250 5621 5624
f 5517 5520 5627
f 5627 5624 5517
f 5515 5517 5624
f 5624 5621 5515
f 5248 5620 5249
f 5249 5620 5621
f 5248 5247 5620
f 5512 5515 5621
f 5512 5621 5620
f 5512 5620 5619
f 5247 5246 5617
f 5247 5617 5619
f 5620 5247 5619
f 5241 5244 5508
f 5508 5244 5509
f 5508 5505 5239
f 5238 5239 5502
f 5473 5219 5474
f 5473 5471 5212
f 5212 5216 5473
f 5441 5446 5612
f 5182 5164 5612
f 5616 5177 5179
f 5616 5615 5173
f 5173 5177 5616
f 5175 5173 5615
f 5446 5187 5612
f 5187 5182 5612
f 5189 5187 5446
f 5446 5447 5189
f 5210 5212 5469
f 5469 5212 5471
f 5469 5467 5207
f 5207 5210 5469
f 5204 5207 5465
f 5465 5207 5467
f 5465 5463 5614
f 5614 5172 5204
f 5465 5614 5204
f 5457 5458 5199
f 5199 5198 5457
f 5198 5192 5457
f 5457 5192 5456
f 5455 5456 5192
f 5192 5190 5455
f 5190 5189 5455
f 5455 5189 5447
f 5445 5614 5463
f 5267 5412 5269
f 5249 5621 5250
f 5265 5421 5266
f 5418 4896 4898
f 5257 5393 5258
f 5393 5397 5259
f 5257 5403 5393
f 5417 4890 4891
f 5397 5417 4891
f 5418 5397 4891
f 4896 5418 4891
f 5263 5262 5418
f 5418 5420 5263
f 5262 5259 5397
f 5397 5418 5262
f 4890 5417 5403
f 5403 5415 4889
f 4890 5403 4889
f 5393 5403 5397
f 5397 5403 5417
f 5402 5405 5403
f 5403 5405 5415
f 5260 5402 5403
f 5257 5260 5403
f 5259 5258 5393
f 4898 5420 5418
f 5221 5348 5199
f 5219 5216 4796
f 4796 4797 5219
f 4795 4796 5212
f 5212 4796 5216
f 5212 5210 4794
f 4794 4795 5212
f 4793 4794 5207
f 5207 4794 5210
f 5207 5204 4792
f 4792 4793 5207
f 5204 5172 5347
f 5347 4791 4792
f 5204 5347 4792
f 5347 4785 4791
f 4790 4789 5348
f 5348 4789 4788
f 5221 5223 5348
f 5199 5348 4788
f 5223 4798 5348
f 5224 4798 5223
f 4828 4831 5239
f 5239 4831 5241
f 5239 5238 4818
f 4818 4828 5239
f 4810 4818 5237
f 5237 4818 5238
f 5237 5234 4808
f 4808 4810 5237
f 4806 4808 5232
f 5232 4808 5234
f 5232 5230 4805
f 4805 4806 5232
f 4797 4805 5219
f 5219 4805 5230
f 5224 5226 4802
f 4802 4799 5224
f 4799 4798 5224
f 4798 4790 5348
f 5198 5199 4788
f 5192 5198 4788
f 4788 4787 5192
f 4787 4786 5192
f 5192 4786 5190
f 5189 5190 4786
f 4786 4845 5189
f 4845 4842 5189
f 5189 4842 5187
f 4842 4781 5345
f 5187 4842 5345
f 4831 4835 5244
f 5182 5187 5345
f 4821 4836 5177
f 5177 4836 5179
f 4817 4821 5173
f 5173 4821 5177
f 4819 4817 5175
f 5175 4817 5173
f 5182 5345 5164
f 5244 5241 4831
f 5247 5350 5349
f 5251 5252 5357
f 5251 5357 5355
f 5251 5355 5353
f 4851 5351 5353
f 4853 4851 5353
f 5355 4853 5353
f 5251 5353 5250
f 5249 5250 5353
f 5353 5351 5249
f 4848 5350 4851
f 4851 5350 5351
f 4848 4843 5350
f 5351 5350 5249
f 5249 5350 5248
f 5247 5248 5350
f 4843 4839 5349
f 5350 4843 5349
f 4854 4853 5355
f 5352 4855 5357
f 4855 4854 5357
f 4854 5355 5357
f 5247 5349 5246
f 5352 5357 5174
f 5174 5357 5255
f 5255 5357 5252
f 5629 5251 5627
f 5251 5624 5627
f 5251 5250 5624
f 6000 5990 5488
f 6080 5484 6082
f 6082 5484 5487
f 5990 5985 6081
f 6081 6082 5990
f 6077 6081 5981
f 5981 6081 5985
f 6082 6081 6079
f 6079 6080 6082
f 6081 6077 6072
f 6072 6079 6081
f 6080 5482 5484
f 6079 6078 5479
f 6079 5479 5482
f 6080 6079 5482
f 6079 6072 6070
f 6070 6078 6079
f 5990 5487 5488
f 5990 6082 5487
f 6000 5488 5491
f 5493 5464 6075
f 5493 6075 5495
f 5495 6075 5977
f 6078 5472 5479
f 6070 6064 5459
f 6078 6070 5472
f 5984 5988 5859
f 5984 5505 5508
f 5858 5857 5982
f 5502 5505 5984
f 5982 5502 5984
f 5858 5982 5984
f 5856 5982 5857
f 5982 5500 5502
f 5856 5855 5978
f 5978 5496 5500
f 5978 5500 5982
f 5856 5978 5982
f 5854 5978 5855
f 5978 5492 5496
f 5489 5492 5978
f 5976 5489 5978
f 5853 5976 5978
f 5859 5858 5984
f 5854 5853 5978
f 5991 5984 5509
f 5991 5988 5984
f 5876 5877 6022
f 6022 6021 5876
f 5874 6015 5872
f 5872 6015 6010
f 5869 5872 6010
f 5869 6010 6007
f 5869 6007 5864
f 5603 5602 5998
f 6010 5603 5998
f 6010 5998 6007
f 5602 5601 5998
f 5861 5864 6007
f 6007 5998 5861
f 5998 5601 5600
f 5998 5600 5996
f 5861 5998 5996
f 5860 5861 5996
f 5984 5508 5509
f 5976 5474 5489
f 5878 6022 5877
f 6070 5459 5472
f 6025 6022 6027
f 5878 5882 6022
f 6070 6069 6063
f 6063 6064 6070
f 6069 6066 6061
f 6061 6063 6069
f 6065 6066 6067
f 6067 6066 6068
f 6046 6065 6048
f 6048 6065 6067
f 6060 6061 6065
f 6065 6061 6066
f 6042 6060 6046
f 6046 6060 6065
f 6064 5454 5459
f 6064 6063 5453
f 5453 5454 6064
f 6061 6058 5452
f 6063 6061 5452
f 6068 6069 6071
f 6063 5452 5453
f 6066 6069 6068
f 6069 6070 6071
f 5981 5979 6076
f 6076 6077 5981
f 5979 5977 6074
f 6074 6076 5979
f 6077 6076 6071
f 6071 6072 6077
f 6068 6071 6074
f 6074 6071 6076
f 5977 6075 6073
f 6073 6074 5977
f 6075 5464 5462
f 5462 6073 6075
f 6067 6068 6073
f 6073 6068 6074
f 5461 6048 6067
f 5462 5461 6067
f 6073 5462 6067
f 6071 6070 6072
f 6058 5451 5452
f 6061 6060 6056
f 6056 6058 6061
f 5520 6030 5523
f 5523 6030 6040
f 5517 6027 5520
f 5520 6027 6030
f 5515 6025 5517
f 5517 6025 6027
f 6042 6040 6033
f 6033 6038 6042
f 5888 6033 6040
f 5888 6040 6030
f 5882 5888 6030
f 5894 6036 6038
f 5887 5894 6038
f 5887 6038 6033
f 5887 6033 5888
f 5882 6030 6027
f 5882 6027 6022
f 6046 5524 6042
f 5524 5523 6042
f 5523 6040 6042
f 5524 6046 6048
f 6060 6042 6038
f 6038 6056 6060
f 6056 6054 5450
f 6056 5450 5451
f 6058 6056 5451
f 6056 6038 6036
f 6036 6054 6056
f 6053 5449 6054
f 6021 6022 6025
f 6054 5449 5450
f 5905 6053 6054
f 5905 6054 6036
f 6052 5448 6053
f 6053 5448 5449
f 6052 6053 5900
f 5900 6053 5902
f 5461 5525 6048
f 6048 5525 5524
f 5905 5902 6053
f 5682 5672 5256
f 5256 5277 5682
f 5274 5276 5677
f 5677 5276 5678
f 5677 5676 5270
f 5270 5274 5677
f 5271 5270 5676
f 5674 5675 5264
f 5674 5264 5261
f 5674 5261 5672
f 5268 5264 5675
f 5261 5256 5672
f 5686 5271 5676
f 5686 5682 5271
f 5526 5527 5682
f 5721 5722 5724
f 5723 5720 5718
f 5718 5721 5723
f 5722 5721 5698
f 5698 5700 5722
f 5721 5718 5692
f 5692 5698 5721
f 5720 5719 5717
f 5717 5718 5720
f 5678 5276 5290
f 5678 5290 5717
f 5719 5678 5717
f 5718 5717 5289
f 5718 5289 5281
f 5718 5281 5692
f 5290 5289 5717
f 5533 5535 5716
f 5724 5723 5721
f 5716 5714 5533
f 5678 5719 5536
f 5537 5720 5725
f 5722 5728 5730
f 5729 5728 5715
f 5715 5716 5729
f 5728 5722 5700
f 5700 5715 5728
f 5726 5727 5679
f 5679 5727 5680
f 5538 5725 5726
f 5539 5538 5726
f 5539 5726 5679
f 5727 5726 5723
f 5723 5724 5727
f 5720 5723 5725
f 5725 5723 5726
f 5537 5725 5538
f 5537 5536 5719
f 5537 5719 5720
f 5536 5529 5678
f 5532 5533 5714
f 5714 5712 5532
f 5716 5715 5713
f 5696 5282 5279
f 5696 5279 5690
f 5285 5282 5693
f 5281 5280 5692
f 5279 5278 5690
f 5531 5688 5530
f 5686 5688 5528
f 5528 5688 5531
f 5530 5688 5677
f 5530 5677 5678
f 5529 5530 5678
f 5688 5686 5676
f 5676 5677 5688
f 5528 5526 5682
f 5682 5686 5528
f 5674 5672 5682
f 5527 5674 5682
f 5696 5693 5282
f 5698 5285 5693
f 5698 5280 5285
f 5698 5692 5280
f 5713 5714 5716
f 5715 5700 5696
f 5696 5713 5715
f 5714 5713 5711
f 5711 5712 5714
f 5713 5696 5690
f 5690 5711 5713
f 5712 5711 5704
f 5682 5277 5271
f 5704 5710 5712
f 5711 5278 5287
f 5711 5287 5704
f 5710 5704 5286
f 5710 5286 5288
f 5710 5288 5673
f 5287 5286 5704
f 5700 5698 5693
f 5693 5696 5700
f 5711 5690 5278
f 5730 5724 5722
f 5618 5641 5622
f 5618 5174 5255
f 5255 5639 5618
f 5525 5461 5641
f 5641 5639 5633
f 5525 5641 5633
f 5639 5255 5252
f 5252 5629 5633
f 5639 5252 5633
f 5252 5251 5629
f 5524 5525 5633
f 5633 5631 5524
f 5627 5631 5629
f 5629 5631 5633
f 5524 5631 5523
f 5520 5523 5631
f 5631 5627 5520
f 5639 5641 5618
f 5730 5729 5731
f 5535 5729 5716
f 5058 5078 5754
f 5754 5078 5766
f 5075 5072 5760
f 5760 5072 5757
f 5603 5757 5072
f 5072 5067 5603
f 5602 5603 5067
f 5064 5600 5601
f 5067 5064 5601
f 5602 5067 5601
f 5606 5600 5064
f 5064 5055 5606
f 5754 5509 5244
f 5244 4835 5058
f 5754 5244 5058
f 5605 5606 5055
f 5055 4802 5226
f 5078 5083 5769
f 5605 5055 5226
f 5769 5766 5078
f 5083 5086 5769
f 5836 5098 5056
f 5802 5836 5056
f 5802 5056 5838
f 5805 5802 5838
f 5794 5836 5802
f 5836 5094 5098
f 5086 5094 5836
f 5771 5086 5836
f 5794 5771 5836
f 5791 5834 5788
f 5834 5068 5091
f 5788 5834 5091
f 5785 5788 5091
f 5091 5089 5785
f 5785 5089 5779
f 5760 5779 5089
f 5089 5075 5760
f 5769 5086 5771
f 5226 5486 5604
f 5605 5226 5604
f 5805 5838 5806
f 5838 5056 5061
f 5808 5838 5061
f 5826 5811 5063
f 5063 5103 5826
f 5099 5096 5840
f 5823 5825 5840
f 5840 5096 5092
f 5823 5840 5092
f 5092 5080 5823
f 5823 5080 5820
f 5817 5820 5080
f 5080 5073 5817
f 5791 5817 5073
f 5073 5070 5834
f 5791 5073 5834
f 5070 5068 5834
f 5062 5063 5808
f 5808 5063 5811
f 5808 5806 5838
f 5827 5840 5825
f 5827 5106 5840
f 5106 5099 5840
f 5827 5828 5106
f 5832 5833 5755
f 5832 5831 5841
f 5808 5061 5062
f 5832 5841 5113
f 5832 5113 5833
f 5830 5841 5831
f 5841 5111 5113
f 5829 5109 5111
f 5829 5111 5841
f 5830 5829 5841
f 5829 5826 5103
f 5103 5109 5829
f 5113 5115 5833
f 5728 5729 5730
f 5549 5744 5547
f 5737 5734 5738
f 5736 5737 5687
f 5687 5737 5691
f 5727 5736 5680
f 5680 5736 5687
f 5730 5731 5736
f 5736 5731 5737
f 5724 5730 5727
f 5727 5730 5736
f 5732 5733 5734
f 5734 5733 5735
f 5734 5731 5729
f 5729 5732 5734
f 5542 5544 5733
f 5733 5732 5542
f 5542 5732 5729
f 5535 5542 5729
f 5731 5734 5737
f 5738 5735 5739
f 5734 5735 5738
f 5260 5738 5291
f 5549 5551 5740
f 5549 5740 5744
f 5547 5744 5675
f 5534 5547 5675
f 5534 5675 5674
f 5744 5740 5293
f 5744 5293 5268
f 5744 5268 5675
f 5739 5292 5291
f 5291 5738 5739
f 5260 5691 5737
f 5260 5737 5738
f 5317 5343 5582
f 5582 5343 5599
f 5342 5335 5598
f 5598 5335 5589
f 5598 5599 5343
f 5343 5342 5598
f 5596 5341 5303
f 5596 5303 5743
f 5335 5334 5588
f 5586 5587 5333
f 5333 5328 5586
f 5585 5571 5742
f 5742 5321 5327
f 5585 5742 5327
f 5323 5319 5584
f 5584 5319 5583
f 5584 5585 5327
f 5327 5323 5584
f 5309 5321 5742
f 5582 5583 5319
f 5319 5317 5582
f 5588 5589 5335
f 5337 5336 5590
f 5590 5591 5337
f 5590 5333 5587
f 5597 5596 5743
f 5597 5743 5563
f 5322 5341 5578
f 5578 5341 5596
f 5575 5595 5615
f 5615 5616 5575
f 5340 5175 5615
f 5594 5340 5615
f 5595 5594 5615
f 5586 5339 5593
f 5594 5592 5338
f 5338 5340 5594
f 5592 5593 5339
f 5339 5338 5592
f 5334 5337 5588
f 5588 5337 5591
f 5336 5333 5590
f 5328 5339 5586
f 1851 1849 1994
f 1851 1994 1509
f 1851 1509 1411
f 1847 1994 1849
f 1843 1841 1991
f 1843 1991 1507
f 1843 1507 1508
f 1839 1991 1841
f 1991 1506 1507
f 1970 1386 1506
f 1828 1970 1506
f 1839 1828 1506
f 1839 1506 1991
f 1835 1409 1408
f 1835 1408 1987
f 1832 1835 1987
f 1832 1987 1830
f 1510 1409 1835
f 1408 1407 1987
f 1835 1857 1510
f 1511 1510 1859
f 2023 2016 2017
f 1868 2017 2016
f 1866 1868 2016
f 1866 2016 2012
f 2009 2000 1992
f 1992 2004 2009
f 2009 2004 1419
f 2009 1419 1421
f 2007 2009 1421
f 1992 1983 1420
f 1992 1420 1418
f 2004 1992 1418
f 2004 1418 1419
f 1513 1512 1862
f 1862 1512 1861
f 1859 1861 1512
f 1512 1511 1859
f 1859 1510 1857
f 1830 1987 1407
f 1825 1830 1407
f 1407 1405 1981
f 1968 1379 1382
f 1968 1965 1378
f 1378 1379 1968
f 1964 1965 1966
f 1966 1965 1967
f 1962 1964 1963
f 1963 1964 1966
f 1376 1378 1964
f 1964 1378 1965
f 1371 1376 1962
f 1962 1376 1964
f 1373 1962 1374
f 1374 1962 1963
f 1373 1371 1962
f 1965 1968 1969
f 1969 1967 1965
f 1970 1969 1384
f 1969 1382 1384
f 1825 1407 1981
f 1405 1400 1981
f 1828 1827 1969
f 1969 1970 1828
f 1967 1969 1823
f 1823 1969 1827
f 1824 1825 1981
f 1981 1978 1824
f 1981 1400 1396
f 1824 1978 1966
f 1823 1824 1966
f 1823 1966 1967
f 1978 1396 1392
f 1392 1963 1966
f 1978 1392 1966
f 1392 1374 1963
f 1969 1968 1382
f 1396 1978 1981
f 2007 2016 2023
f 1869 2017 1868
f 1869 2023 2017
f 1869 1871 2023
f 1884 1821 2042
f 1884 2042 1882
f 2022 2038 2032
f 2032 2038 2042
f 1880 1882 2042
f 1880 2042 2038
f 1880 2038 2025
f 1880 2025 1871
f 2038 2022 2011
f 2011 2034 2038
f 2034 2023 2038
f 2038 2023 2025
f 2034 2011 2000
f 2000 2009 2034
f 2009 2007 2034
f 2034 2007 2023
f 1871 2025 2023
f 1821 1971 2042
f 1971 2032 2042
f 1868 1866 2346
f 1862 1861 2198
f 2198 1861 2192
f 2189 2192 1861
f 1861 1859 2189
f 2171 2189 1859
f 1859 1857 2337
f 2171 1859 2337
f 1857 1835 2337
f 2184 2182 1849
f 1849 1851 2184
f 2182 2177 2340
f 2182 2340 1847
f 2182 1847 1849
f 2338 2340 2174
f 2174 2340 2177
f 2174 2167 2334
f 2349 2354 2346
f 2354 1868 2346
f 2354 1869 1868
f 1871 1869 2354
f 1821 1884 2333
f 2332 2333 1884
f 2332 1884 1882
f 2332 1882 2360
f 1882 1880 2360
f 2210 2172 2332
f 2332 2360 2358
f 2210 2358 2208
f 2358 2360 1880
f 1880 1871 2354
f 2358 1880 2354
f 2208 2358 2354
f 2204 2208 2354
f 2204 2354 2349
f 2204 2349 2202
f 2210 2332 2358
f 2334 2338 2174
f 2340 2338 1841
f 2338 2334 2330
f 1841 1843 2340
f 2327 1827 2329
f 2328 1825 1824
f 1824 2327 2328
f 1824 1823 2327
f 1823 1827 2327
f 1827 1828 2330
f 2328 2329 2331
f 2338 2330 1839
f 2338 1839 1841
f 2330 1828 1839
f 2170 2171 2337
f 2337 2336 2170
f 2337 1835 1832
f 1832 2336 2337
f 2170 2336 2331
f 2167 2170 2331
f 2167 2331 2334
f 2336 1832 1830
f 2336 1830 2328
f 2336 2328 2331
f 1830 1825 2328
f 2334 2331 2329
f 2329 2330 2334
f 2327 2329 2328
f 2330 2329 1827
f 1427 1429 2081
f 2129 1433 1435
f 2085 2129 1435
f 2082 2085 1435
f 2082 1435 1443
f 2129 1432 1433
f 1437 1462 2094
f 1465 1467 2128
f 2128 1467 1466
f 1466 2088 2128
f 1465 2128 2127
f 2127 1464 1465
f 1464 2127 2124
f 2124 1455 1464
f 2127 2128 2088
f 2123 2124 1935
f 1934 1924 2120
f 2120 2123 1934
f 1927 1933 2121
f 2121 2122 2120
f 1927 2121 2120
f 1933 1930 2087
f 2087 2121 1933
f 1927 2120 1924
f 1451 1441 2116
f 1434 1448 2109
f 1451 2116 2113
f 2113 1446 1451
f 1446 2113 2103
f 1448 1446 2103
f 2109 1448 2103
f 1440 1439 2117
f 1935 1934 2123
f 2123 2120 2122
f 2122 2125 2123
f 2125 1455 2123
f 2088 2086 2127
f 1935 2124 2127
f 1902 1935 2127
f 1902 2127 2086
f 1463 1457 2125
f 1463 2125 2122
f 2122 1459 1463
f 1461 1460 2126
f 1461 2126 2089
f 2094 1462 2089
f 1459 2122 2121
f 1460 1459 2121
f 2126 1460 2121
f 2121 2087 2126
f 2126 2087 2089
f 2125 1457 1455
f 1455 2124 2123
f 1462 1461 2089
f 1440 2117 2111
f 1441 1440 2111
f 1437 2094 2093
f 2116 1441 2111
f 1430 2107 2105
f 2105 1428 1430
f 1429 1428 2105
f 1429 2105 2077
f 2081 1429 2077
f 2097 2096 2107
f 2107 2096 2105
f 1891 2077 2105
f 1912 1891 2105
f 1912 2105 2096
f 2102 2103 1917
f 1917 2103 1920
f 2097 2102 1914
f 1914 2102 1917
f 1914 1911 2096
f 2096 2097 1914
f 1912 2096 1911
f 2108 2097 2107
f 2093 2094 2089
f 2102 2097 2108
f 2108 2109 2103
f 1439 1437 2093
f 2117 1439 2093
f 2111 2117 2093
f 2093 2076 2111
f 2113 2116 2111
f 2111 2110 2113
f 1923 1920 2103
f 2103 2113 2110
f 1923 2103 2110
f 1921 2110 2111
f 1897 1921 2111
f 1897 2111 2076
f 1923 2110 1921
f 1434 2109 2108
f 2108 1431 1434
f 1431 2108 2107
f 2107 1430 1431
f 2103 2102 2108
f 2089 2079 2093
f 1893 2076 2093
f 1907 1893 2093
f 1907 2093 2079
f 1905 2079 2089
f 1909 1905 2089
f 1909 2089 2087
f 1907 2079 1905
f 1897 2076 1893
f 1043 1042 1156
f 1043 1156 949
f 1044 1043 949
f 1044 949 1159
f 1044 1159 1045
f 1159 949 948
f 1157 1159 948
f 1157 948 942
f 1019 1111 1157
f 1157 1084 1019
f 1015 1084 1157
f 1157 942 889
f 1157 889 1082
f 1015 1157 1082
f 1011 1015 1082
f 787 945 947
f 788 787 947
f 1113 1157 1111
f 1156 788 947
f 1159 1157 1113
f 1047 1156 1048
f 790 789 1120
f 1120 789 1118
f 1048 1156 1042
f 1046 1024 897
f 1046 897 951
f 1047 1046 951
f 951 687 788
f 951 788 1156
f 1047 951 1156
f 1045 1159 1113
f 949 1156 947
f 862 1068 890
f 700 862 890
f 700 890 943
f 787 700 943
f 945 787 943
f 1348 1347 1000
f 1001 1348 1000
f 1345 1347 1346
f 1346 1347 1348
f 1239 1346 1242
f 1241 1344 1238
f 1237 1343 1345
f 1239 1237 1345
f 1239 1345 1346
f 1238 1344 993
f 1238 993 997
f 1238 997 1343
f 1237 1238 1343
f 1347 1351 1000
f 1244 1242 1353
f 1242 1346 1348
f 1014 1013 1251
f 1010 1007 1358
f 1011 1010 1358
f 1250 1011 1358
f 1249 1250 1358
f 1247 1248 1358
f 1358 1007 1006
f 1247 1358 1006
f 1249 1358 1248
f 1006 1005 1247
f 1247 1005 1246
f 1351 1004 1000
f 1004 1351 1356
f 1356 1003 1004
f 1356 999 1003
f 1002 1353 1348
f 1348 1001 1002
f 1242 1348 1353
f 1251 1252 1014
f 1253 1251 1355
f 1013 990 1355
f 1370 1031 1032
f 1369 1046 1047
f 1271 1270 1369
f 1369 1047 1048
f 1271 1369 1048
f 1268 1024 1046
f 1268 1046 1369
f 1269 1268 1369
f 1364 1365 1019
f 1364 1019 1017
f 1364 1017 1363
f 1354 1364 1363
f 1363 1349 1354
f 1363 1017 1015
f 1363 1015 1361
f 1363 1361 1360
f 1236 1349 1363
f 1258 1236 1363
f 1258 1363 1360
f 1360 1361 1256
f 1256 1361 1260
f 1258 1360 1256
f 1253 1355 1254
f 1005 1014 1246
f 1246 1014 1252
f 1022 1364 1021
f 1364 1354 1021
f 1022 1366 1364
f 1367 1364 1366
f 1269 1369 1270
f 1368 1026 1023
f 1353 1002 1025
f 1266 1244 1353
f 1353 1025 1026
f 1266 1353 1026
f 1266 1026 1368
f 1268 1267 1368
f 1251 1013 1355
f 1268 1368 1023
f 1266 1368 1267
f 1043 1044 1263
f 1263 1044 1264
f 1265 1264 1044
f 1044 1045 1265
f 1042 1043 1262
f 1262 1043 1263
f 1365 1364 1367
f 1268 1023 1024
f 2646 2645 3090
f 2920 3090 2645
f 2914 2920 2645
f 2914 2645 2644
f 2914 2644 3087
f 2644 2643 3087
f 2914 3087 2908
f 2908 3087 2643
f 2908 2643 2642
f 2904 2908 2642
f 2904 2642 3086
f 2904 3086 2899
f 2642 2641 3086
f 2641 2635 3083
f 3086 2641 3083
f 2899 3086 3083
f 2887 2899 3083
f 2922 2568 3091
f 2635 2629 3083
f 2568 2647 3091
f 2922 3091 2923
f 3094 3095 3097
f 2934 3094 3097
f 2938 2934 3097
f 2652 3095 3094
f 3094 2651 2652
f 2931 3094 2934
f 2929 3093 2650
f 2650 2651 3094
f 2929 2650 3094
f 2931 2929 3094
f 3093 2649 2650
f 2926 3093 2929
f 2923 3091 2648
f 2923 2648 2649
f 2923 2649 3093
f 2926 2923 3093
f 3091 2647 2648
f 2922 2873 2568
f 2887 3083 2886
f 2865 2886 3083
f 3083 2629 2560
f 2595 2592 3069
f 2599 2598 2874
f 2874 2875 2599
f 2865 3083 2560
f 3073 2620 3079
f 3079 2620 2623
f 3073 3079 2882
f 2882 3079 2883
f 3073 2611 2620
f 2882 2881 2607
f 2607 2611 3073
f 3100 3099 3101
f 2882 2607 3073
f 2879 2607 2881
f 2879 2874 2598
f 2598 2606 2879
f 2600 2599 2876
f 2876 2599 2875
f 2876 2877 3069
f 2876 3069 2592
f 2876 2592 2600
f 2606 2607 2879
f 3101 3102 3100
f 2884 2942 3102
f 3054 3061 3072
f 3072 3102 3054
f 3053 3054 3102
f 3102 3101 3053
f 2942 3100 3102
f 2884 3102 3072
f 3222 3189 2521
f 2521 2527 3242
f 3222 2521 3242
f 3218 3243 3220
f 2300 2855 2741
f 2530 2300 2741
f 3243 2530 2741
f 3243 2741 3135
f 3220 3243 3135
f 3043 3220 3135
f 3218 3215 3242
f 3218 3242 2528
f 2528 2529 3243
f 3218 2528 3243
f 3243 2529 2530
f 3242 2527 2528
f 3207 3237 3171
f 3222 3242 3215
f 3204 2526 2514
f 3204 2514 3237
f 3207 3204 3237
f 3198 3239 3201
f 3235 2504 2511
f 3179 3235 2511
f 3173 3171 3237
f 3173 3237 2507
f 2507 2501 3235
f 3173 2507 3235
f 3235 2501 2504
f 3176 2963 2658
f 2810 2261 2268
f 2810 2268 2265
f 2658 2810 2265
f 3176 2658 2265
f 3176 2265 2271
f 3170 3174 2492
f 2492 2488 3170
f 2271 2492 3176
f 3176 2492 3174
f 3179 3178 3235
f 3173 3235 3178
f 2516 2518 3184
f 3184 3183 2516
f 3239 2525 2526
f 3201 3239 2526
f 3204 3201 2526
f 3194 3024 2723
f 2723 2304 2522
f 3194 2723 2522
f 3198 3195 2523
f 2523 2524 3239
f 3198 2523 3239
f 3195 3194 2522
f 2522 2523 3195
f 2511 2516 3179
f 3179 2516 3183
f 2518 2520 3184
f 3184 2520 3187
f 3189 3187 2520
f 2520 2521 3189
f 3239 2524 2525
f 2488 2483 3170
f 3170 2483 3166
f 3166 2480 3163
f 3006 3116 3019
f 3018 3114 2999
f 3018 3116 3114
f 3116 3115 3114
f 3022 2721 3021
f 3030 3021 2721
f 2721 2731 3030
f 3029 3069 2877
f 2730 2728 3117
f 2731 2730 3117
f 3030 2731 3117
f 3028 3030 3117
f 3117 2728 2595
f 3117 2595 3069
f 3026 3117 3069
f 3029 3026 3069
f 3028 3117 3026
f 3022 3025 2725
f 2725 2724 3022
f 2692 2725 2996
f 2996 2725 3025
f 2724 2721 3022
f 3018 3019 3116
f 2732 2703 3000
f 2483 2480 3166
f 3000 3031 2732
f 2998 3113 3033
f 3033 3113 2697
f 3032 3033 2697
f 3032 2697 2694
f 3032 2694 3112
f 3032 3112 2997
f 3149 2956 3294
f 3660 3149 3294
f 3660 3294 3617
f 3481 3660 3617
f 3660 3657 3147
f 3147 3149 3660
f 3142 3147 3654
f 3654 3147 3657
f 3654 3652 3140
f 3140 3142 3654
f 3006 3019 3374
f 3374 3019 3393
f 3018 2999 3391
f 3391 2999 3369
f 3019 3018 3391
f 3391 3393 3019
f 3395 3397 3022
f 3395 3030 3408
f 3409 3427 3259
f 3403 3029 2877
f 3403 2877 3427
f 3409 3403 3427
f 3407 3449 3406
f 3407 3408 3030
f 3030 3028 3449
f 3407 3030 3449
f 3449 3026 3029
f 3406 3449 3029
f 3403 3406 3029
f 3028 3026 3449
f 3025 3022 3400
f 3400 3022 3397
f 3400 3401 2996
f 2996 3025 3400
f 3022 3021 3395
f 3021 3030 3395
f 3386 3000 3372
f 3032 2997 3410
f 2997 2996 3410
f 3410 2996 3401
f 3033 3032 3412
f 3412 3032 3411
f 2998 3033 3368
f 3368 3033 3412
f 3410 3411 3032
f 3031 3000 3386
f 3612 3256 3257
f 3611 3610 3255
f 3611 3255 3256
f 3612 3611 3256
f 3248 3247 3602
f 3248 3602 3603
f 3603 3249 3248
f 3249 3603 3604
f 3611 3609 3607
f 3607 3610 3611
f 3610 3254 3255
f 3610 3607 3253
f 3253 3254 3610
f 3606 3607 3608
f 3608 3607 3609
f 3603 3606 3604
f 3604 3606 3608
f 3607 3606 3252
f 3607 3252 3253
f 3602 3605 3603
f 3603 3605 3606
f 3605 3251 3252
f 3605 3602 3247
f 3247 3251 3605
f 3604 3250 3249
f 3606 3605 3252
f 1851 1412 1413
f 2465 1851 1413
f 2465 1413 1414
f 1722 1720 2533
f 1720 1513 1862
f 2533 1720 1862
f 2462 2533 1862
f 2198 2462 1862
f 1847 2340 1843
f 1843 1508 1509
f 1847 1843 1509
f 1847 1509 1994
f 1970 1384 1386
f 1851 1411 1412
f 2465 2184 1851
f 1414 1415 2468
f 2468 2465 1414
f 2468 1415 1416
f 2464 2468 1416
f 2464 1416 1417
f 2223 2795 2797
f 2797 2795 2605
f 2605 2795 2604
f 2219 2793 2220
f 2220 2793 2795
f 2602 2604 2795
f 2602 2795 2793
f 2602 2793 2769
f 2219 2217 2793
f 2769 2793 2217
f 2769 2217 2212
f 2769 2212 2768
f 2212 2188 2768
f 2788 2201 2179
f 2596 2593 2784
f 2784 2199 2201
f 2596 2784 2201
f 2220 2795 2223
f 2596 2201 2788
f 2608 2797 2605
f 2608 2610 2223
f 2596 2788 2622
f 2213 2231 2789
f 2789 2231 2229
f 2618 2789 2229
f 2616 2618 2229
f 2615 2616 2229
f 2229 2228 2799
f 2615 2229 2799
f 2615 2799 2610
f 2228 2225 2799
f 2610 2799 2225
f 2610 2225 2223
f 2608 2223 2797
f 2784 2195 2199
f 2590 2784 2593
f 2781 2191 2195
f 2589 2781 2195
f 2590 2589 2195
f 2590 2195 2784
f 2778 2190 2781
f 2781 2190 2191
f 2774 2187 2778
f 2778 2187 2190
f 2251 2252 2654
f 2654 2252 2653
f 2653 2256 2655
f 2252 2256 2653
f 2809 2810 2658
f 2261 2810 2809
f 2809 2259 2261
f 2657 2655 2256
f 2256 2259 2809
f 2657 2256 2809
f 2658 2656 2809
f 2657 2809 2656
f 2684 2685 2245
f 2245 2239 2684
f 2685 2681 2812
f 2812 2257 2245
f 2685 2812 2245
f 2684 2237 2683
f 2239 2237 2684
f 6610 6609 6553
f 6553 6554 6610
f 6625 6541 6552
f 6536 6538 6619
f 6624 6623 6621
f 6621 6622 6624
f 6623 6550 6548
f 6548 6621 6623
f 6607 6622 6621
f 6604 6607 6621
f 6604 6621 6620
f 6545 6620 6548
f 6548 6620 6621
f 6601 6604 6620
f 6601 6620 6543
f 6601 6543 6539
f 6545 6543 6620
f 6612 6552 6555
f 6601 6539 6536
f 6612 6611 6552
f 6628 6625 6552
f 6624 6558 6560
f 6559 6623 6560
f 6560 6623 6624
f 6559 6550 6623
f 6631 6556 6557
f 6624 6622 6631
f 6558 6624 6631
f 6558 6631 6557
f 6610 6554 6556
f 6613 6610 6556
f 6613 6556 6631
f 6607 6613 6631
f 6631 6622 6607
f 6555 6553 6612
f 6612 6553 6609
f 6591 6628 6611
f 6611 6628 6552
f 6601 6536 6619
f 6599 6601 6619
f 6457 6323 6325
f 6457 6454 6319
f 6319 6323 6457
f 6451 6454 6422
f 6422 6454 6427
f 6410 6301 6315
f 6422 6410 6315
f 6422 6315 6451
f 6454 6451 6312
f 6312 6319 6454
f 6315 6312 6451
f 6417 6411 6308
f 6308 6306 6417
f 6303 6296 6414
f 6414 6296 6402
f 6414 6417 6306
f 6306 6303 6414
f 6398 6427 6446
f 6427 6454 6446
f 6454 6457 6446
f 6446 6325 6291
f 6457 6325 6446
f 6410 6406 6298
f 6298 6301 6410
f 6399 6298 6406
f 6293 6298 6399
f 6423 6425 6450
f 6450 6448 6423
f 6420 6423 6448
f 6448 6445 6420
f 6310 6305 6445
f 6420 6445 6305
f 6416 6420 6305
f 6416 6305 6302
f 6416 6302 6442
f 6302 6297 6442
f 6416 6442 6413
f 6413 6442 6297
f 6413 6297 6295
f 6390 6413 6295
f 6390 6295 6435
f 6404 6286 6289
f 6404 6289 6438
f 6408 6452 6429
f 6408 6404 6438
f 6438 6452 6408
f 6455 6450 6431
f 6296 6293 6402
f 6402 6293 6399
f 6452 6339 6314
f 6339 6452 6438
f 6438 6337 6339
f 6438 6289 6337
f 6455 6316 6329
f 6455 6329 6327
f 6327 6450 6455
f 6321 6448 6327
f 6327 6448 6450
f 6310 6445 6321
f 6321 6445 6448
f 6314 6316 6455
f 6452 6314 6455
f 6429 6452 6455
f 6431 6429 6455
f 6431 6450 6425
f 6404 6401 6284
f 6284 6286 6404
f 6401 6397 6343
f 6343 6284 6401
f 6341 6343 6395
f 6395 6343 6397
f 6340 6341 6393
f 6393 6341 6395
f 6338 6340 6392
f 6392 6340 6393
f 6392 6391 6313
f 6313 6338 6392
f 6390 6435 6389
f 6838 6907 6834
f 6834 6907 6908
f 6884 6891 6822
f 6822 6823 6909
f 6884 6822 6909
f 6891 6890 6821
f 6821 6822 6891
f 6820 6821 6889
f 6889 6821 6890
f 6818 6820 6888
f 6888 6820 6889
f 6888 6874 6819
f 6819 6818 6888
f 6682 6713 6681
f 6733 6610 6613
f 6733 6613 6607
f 6607 6732 6733
f 6702 6722 6730
f 6702 6730 6598
f 6702 6598 6603
f 6603 6584 6648
f 6702 6603 6648
f 6687 6702 6648
f 6599 6598 6730
f 6667 6588 6589
f 6601 6730 6731
f 6599 6730 6601
f 6601 6731 6732
f 6725 6704 6612
f 6612 6609 6725
f 6705 6694 6654
f 6654 6591 6611
f 6705 6654 6611
f 6703 6705 6611
f 6704 6703 6611
f 6611 6612 6704
f 6725 6609 6610
f 6724 6725 6733
f 6724 6733 6732
f 6723 6724 6732
f 6723 6732 6731
f 6731 6730 6723
f 6723 6730 6722
f 6607 6604 6732
f 6732 6604 6601
f 6725 6610 6733
f 6646 6663 6645
f 6663 6664 6645
f 6645 6664 6647
f 6652 6651 6666
f 6666 6667 6652
f 6650 6666 6651
f 6588 6667 6666
f 6588 6666 6665
f 6588 6665 6587
f 6664 6586 6665
f 6665 6586 6587
f 6650 6649 6665
f 6665 6666 6650
f 6649 6647 6664
f 6664 6665 6649
f 6586 6664 6663
f 6663 6585 6586
f 6646 6648 6584
f 6646 6584 6585
f 6646 6585 6663
f 6653 6589 6590
f 6653 6652 6589
f 6652 6667 6589
f 6653 6591 6654
f 6590 6591 6653
f 5477 5475 6011
f 5477 6011 6012
f 6012 6011 5999
f 5999 6009 6012
f 6009 5999 5909
f 5909 5999 5903
f 5784 6383 5129
f 5134 5132 5844
f 5129 5134 5844
f 5784 5129 5844
f 6345 6299 5778
f 5843 5123 5125
f 5778 5843 5125
f 6345 5778 5125
f 6346 6345 5125
f 6346 5125 5127
f 5127 5129 6383
f 6346 5127 6383
f 6344 6346 6383
f 6344 6383 6336
f 6729 6608 6606
f 6608 6729 6727
f 6727 6597 6608
f 6605 6728 6606
f 6606 6728 6729
f 6605 6602 6728
f 6719 6727 6729
f 6721 6719 6729
f 6721 6729 6728
f 6720 6728 6602
f 6720 6721 6728
f 6695 6677 6642
f 6696 6695 6642
f 6696 6642 6660
f 6660 6583 6592
f 6696 6660 6592
f 6697 6696 6592
f 6662 6593 6661
f 6593 6580 6661
f 6698 6644 6680
f 6720 6602 6600
f 6701 6720 6600
f 6600 6594 6701
f 6726 6596 6727
f 6727 6596 6597
f 6726 6595 6596
f 6726 6727 6718
f 6718 6727 6719
f 6697 6592 6595
f 6697 6595 6726
f 6718 6697 6726
f 6700 6701 6594
f 6594 6593 6662
f 6662 6698 6699
f 6594 6662 6699
f 6700 6594 6699
f 6662 6644 6698
f 6580 6656 6661
f 6791 6704 6790
f 6790 6704 6725
f 6790 6725 6724
f 6724 6853 6790
f 6724 6723 6853
f 6838 6834 6849
f 6776 6790 6853
f 6849 6776 6853
f 6838 6849 6853
f 6838 6853 6852
f 6853 6723 6722
f 6722 6852 6853
f 6837 6838 6852
f 6837 6852 6848
f 6837 6848 6826
f 6722 6702 6764
f 6852 6722 6764
f 6852 6764 6848
f 6534 6567 6541
f 6538 6567 6534
f 3213 3211 3724
f 3722 3753 3721
f 3197 3205 3753
f 3715 3197 3753
f 3722 3715 3753
f 3719 3721 3753
f 3753 3202 3209
f 3719 3753 3209
f 3205 3202 3753
f 3715 3717 3199
f 3199 3197 3715
f 3192 3180 3711
f 3711 3180 3692
f 3704 3680 3177
f 3177 3186 3704
f 3188 3191 3706
f 3706 3191 3707
f 3724 3726 3213
f 3711 3707 3191
f 3216 3214 3727
f 3727 3213 3726
f 3173 3178 3731
f 3731 3178 3732
f 3733 3732 3178
f 3178 3179 3733
f 3731 3682 3171
f 3171 3173 3731
f 3674 3751 3730
f 3219 3199 3729
f 3729 3199 3717
f 3729 3730 3751
f 3751 3163 3219
f 3729 3751 3219
f 3209 3216 3719
f 3719 3216 3728
f 3211 3169 3724
f 3724 3169 3697
f 3214 3213 3727
f 3727 3728 3216
f 3754 3183 3184
f 3191 3192 3711
f 3704 3188 3706
f 3572 3632 3683
f 3373 3003 3630
f 3630 3003 3175
f 3680 3565 3630
f 3630 3175 3177
f 3680 3630 3177
f 3685 3448 3004
f 3186 3188 3704
f 3448 3005 3004
f 3685 3632 3380
f 3182 3017 3696
f 3696 3017 3699
f 3699 3017 3020
f 3699 3020 3023
f 3701 3699 3023
f 3701 3023 3024
f 3696 3692 3180
f 3180 3182 3696
f 3685 3004 3010
f 3685 3010 3009
f 3687 3685 3009
f 3687 3009 3011
f 3011 3008 3447
f 3011 3447 3375
f 3687 3011 3375
f 3569 3687 3375
f 3685 3683 3632
f 3685 3380 3448
f 3752 3187 3189
f 3703 3184 3752
f 3184 3187 3752
f 3737 3198 3756
f 3739 3737 3756
f 3756 3201 3204
f 3738 3755 3736
f 3738 3701 3024
f 3738 3024 3194
f 3738 3194 3755
f 3755 3195 3198
f 3736 3755 3198
f 3737 3736 3198
f 3755 3194 3195
f 3735 3754 3734
f 3179 3183 3754
f 3733 3179 3754
f 3735 3733 3754
f 3703 3734 3754
f 3703 3754 3184
f 3198 3201 3756
f 3681 3204 3207
f 3681 3756 3204
f 3681 3740 3756
f 3739 3756 3740
f 3637 3384 3385
f 3634 3382 3383
f 3384 3637 3633
f 3633 3634 3383
f 3384 3633 3383
f 3634 3381 3382
f 3633 3613 3263
f 3634 3633 3263
f 3634 3263 3381
f 3378 3380 3632
f 3379 3377 3573
f 3573 3377 3571
f 3376 3378 3632
f 3570 3376 3632
f 3572 3570 3632
f 3570 3571 3377
f 3377 3376 3570
f 3385 3640 3637
f 3375 3374 3569
f 3640 3385 3386
f 3643 3389 3390
f 3582 3396 3579
f 3575 3643 3581
f 3582 3581 3643
f 3643 3390 3399
f 3582 3643 3399
f 3580 3579 3396
f 3396 3398 3580
f 3577 3642 3574
f 3394 3392 3578
f 3578 3392 3576
f 3392 3387 3642
f 3576 3392 3642
f 3577 3576 3642
f 3642 3388 3389
f 3642 3389 3643
f 3574 3642 3643
f 3575 3574 3643
f 3642 3387 3388
f 3569 3374 3568
f 3564 3567 3371
f 3371 3373 3630
f 3564 3371 3630
f 3631 3372 3370
f 3567 3566 3631
f 3567 3631 3370
f 3567 3370 3371
f 3564 3630 3565
f 3562 3629 3563
f 3562 3561 3369
f 3399 3396 3582
f 3562 3369 3368
f 3562 3368 3629
f 3402 3404 3584
f 3580 3402 3583
f 3405 3338 3585
f 3585 3338 3532
f 3404 3405 3584
f 3584 3405 3585
f 3398 3402 3580
f 3584 3583 3402
f 3284 3281 3479
f 3479 3281 3477
f 3281 3279 3477
f 3477 3279 3470
f 3468 3470 3279
f 3279 3278 3468
f 3271 3276 3459
f 3459 3276 3462
f 3459 3456 3269
f 3269 3271 3459
f 3265 3269 3455
f 3455 3269 3456
f 3343 3341 3539
f 3539 3341 3537
f 3539 3531 3332
f 3332 3343 3539
f 3536 3537 3341
f 3341 3336 3536
f 3336 3363 3536
f 3536 3363 3560
f 3358 3350 3557
f 3557 3350 3549
f 3362 3359 3559
f 3559 3359 3558
f 3559 3560 3363
f 3363 3362 3559
f 3557 3558 3359
f 3350 3349 3548
f 3359 3358 3557
f 3351 3357 3550
f 3550 3357 3556
f 3356 3353 3555
f 3555 3353 3552
f 3555 3556 3357
f 3357 3356 3555
f 3355 3354 3554
f 3554 3354 3553
f 3352 3355 3554
f 3530 3553 3354
f 3354 3337 3530
f 3551 3552 3353
f 3353 3352 3551
f 3349 3351 3548
f 3548 3351 3550
f 3548 3549 3350
f 3554 3551 3352
f 3465 3619 3521
f 3521 3619 3270
f 3520 3521 3270
f 3520 3270 3310
f 3310 3307 3520
f 3520 3307 3518
f 3479 3518 3307
f 3307 3284 3479
f 3824 3823 3543
f 3543 3544 3824
f 3542 3543 3822
f 3822 3543 3823
f 3829 3904 3545
f 3904 3538 3545
f 3829 3827 3904
f 3546 3547 3831
f 3822 3831 3547
f 3547 3542 3822
f 3833 3904 3827
f 3545 3546 3829
f 3829 3546 3830
f 3831 3830 3546
f 3107 2668 2670
f 2966 3107 2670
f 2967 2966 2670
f 3107 2667 2668
f 2967 2671 2971
f 3108 2672 2673
f 2476 2475 3159
f 3159 2475 3157
f 2475 2474 3229
f 3157 2475 3229
f 3155 3157 3229
f 3155 3229 3153
f 2474 2473 3229
f 3151 3153 3229
f 3229 2473 2462
f 3151 3229 2462
f 3145 3143 2469
f 2469 2470 3145
f 2466 2469 3141
f 3141 2469 3143
f 3141 3138 2464
f 2464 2466 3141
f 2977 3107 2966
f 2975 3108 2976
f 2977 2976 3108
f 2977 3108 2673
f 2977 2673 2667
f 2977 2667 3107
f 2974 2669 2672
f 2974 2672 3108
f 2975 2974 3108
f 2670 2671 2967
f 3145 2477 3161
f 2697 2826 2694
f 2842 2840 2843
f 2732 2842 2843
f 2703 2732 2843
f 2843 2840 2288
f 2843 2288 2286
f 2838 2843 2286
f 2725 2824 2832
f 2724 2725 2832
f 2692 2822 2725
f 2724 2832 2721
f 2725 2822 2824
f 2595 2728 2758
f 2728 2280 2758
f 2728 2281 2280
f 2289 2287 2842
f 2842 2287 2840
f 2840 2287 2288
f 2835 2838 2286
f 2835 2286 2284
f 2835 2284 2837
f 2824 2835 2837
f 2837 2832 2824
f 2837 2284 2282
f 2832 2837 2834
f 2721 2832 2834
f 2731 2721 2834
f 2280 2203 2758
f 2730 2834 2282
f 2728 2730 2282
f 2728 2282 2281
f 2731 2834 2730
f 2282 2834 2837
f 2470 2477 3145
f 2478 2476 3159
f 3159 3162 2478
f 3343 3443 3341
f 2986 2989 3443
f 3332 2986 3443
f 3343 3332 3443
f 3336 3341 3443
f 3443 2988 2991
f 3350 2978 3349
f 2979 2978 3350
f 3336 3443 2991
f 2989 2988 3443
f 2978 2980 3351
f 3351 3349 2978
f 2982 2981 3352
f 2995 2994 3363
f 3363 2994 3362
f 3358 3359 2993
f 2993 2992 3358
f 2980 2990 3351
f 3351 2990 3357
f 2987 2982 3356
f 3356 2982 3353
f 3356 3357 2990
f 2990 2987 3356
f 2985 2984 3355
f 3355 2984 3354
f 2981 2985 3352
f 3352 2985 3355
f 2984 2983 3354
f 3354 2983 3337
f 3352 3353 2982
f 2994 2993 3359
f 3359 3362 2994
f 2992 2979 3350
f 3350 3358 2992
f 2991 2995 3336
f 3336 2995 3363
f 3223 2905 2585
f 2752 2202 2519
f 2752 2519 3238
f 2585 2752 3238
f 3223 2585 3238
f 3223 3238 3221
f 2519 2517 3238
f 3221 3238 2517
f 3221 2517 2515
f 3221 2515 3234
f 3217 3221 3234
f 2493 2496 3193
f 3190 3185 3232
f 3232 2491 2493
f 3190 3232 2493
f 3181 3232 3185
f 3232 2490 2491
f 3172 2487 2490
f 3172 2490 3232
f 3181 3172 3232
f 2485 2487 3168
f 3168 2487 3172
f 3168 3161 2477
f 2477 2485 3168
f 2482 2479 3231
f 3162 3165 3231
f 3231 2479 2478
f 3162 3231 2478
f 3193 3190 2493
f 3193 2463 3140
f 2496 2463 3193
f 3196 3231 3165
f 3217 3234 3212
f 2515 2513 3234
f 3210 3212 3234
f 3210 3234 2513
f 3210 2513 2512
f 3208 3210 2512
f 2512 2509 3208
f 2509 2506 3208
f 3208 2506 3206
f 3206 2506 3233
f 3203 3206 3233
f 2502 2499 3233
f 3203 3233 3200
f 3233 2499 2482
f 3200 3233 2482
f 3200 2482 3231
f 3196 3200 3231
f 2506 2502 3233
f 4868 4869 4612
f 4612 4608 4868
f 4614 4613 5015
f 4870 4613 4616
f 4870 4871 5015
f 4872 5015 4871
f 4608 4614 5015
f 4868 4608 5015
f 4872 4868 5015
f 4870 5015 4613
f 4784 4962 4785
f 4784 4783 4961
f 4961 4524 4525
f 4961 4525 4962
f 4784 4961 4962
f 4961 4523 4524
f 4782 4961 4783
f 4959 4520 4523
f 4959 4523 4961
f 4780 4959 4961
f 4782 4780 4961
f 4776 4956 4775
f 4522 4521 4960
f 4521 4519 4957
f 4960 4521 4957
f 4781 4960 4957
f 4777 4781 4957
f 4958 4518 4959
f 4959 4518 4520
f 4957 4519 4518
f 4518 4958 4956
f 4957 4518 4956
f 4779 4959 4780
f 4958 4959 4778
f 4778 4959 4779
f 4778 4774 4956
f 4956 4958 4778
f 4777 4957 4776
f 4957 4956 4776
f 4775 4956 4774
f 4526 4562 4964
f 4963 4964 4562
f 4963 4562 4559
f 4963 4559 4980
f 4962 4525 4529
f 4559 4557 4980
f 4786 4963 4980
f 4786 4980 4977
f 4845 4977 4842
f 4845 4786 4977
f 4557 4522 4960
f 4980 4557 4960
f 4977 4980 4960
f 4977 4960 4842
f 4842 4960 4781
f 4821 4974 4836
f 4821 4817 4972
f 4972 4974 4821
f 4819 4972 4817
f 5220 5632 5635
f 5218 5632 5220
f 5701 5269 5297
f 5557 5556 5706
f 5294 5296 5709
f 5706 5294 5709
f 5557 5706 5709
f 5557 5709 5558
f 5556 5555 5701
f 5701 5706 5556
f 5297 5706 5701
f 5706 5297 5294
f 5709 5296 5298
f 5284 5671 5288
f 5288 5671 5673
f 5284 5283 5671
f 5284 5288 5399
f 5284 5399 4872
f 5284 4872 4871
f 5399 5394 4868
f 4868 4872 5399
f 5283 5284 4871
f 5283 4871 4870
f 5283 4870 5398
f 4869 4868 5394
f 3988 3985 4285
f 4227 4284 4218
f 3979 3976 4284
f 4219 3979 4284
f 4227 4219 4284
f 3982 3981 4223
f 4223 3981 4220
f 4223 4225 4283
f 4223 4283 3973
f 4223 3973 3982
f 4219 4220 3981
f 3981 3979 4219
f 4217 4218 4284
f 4284 3975 3977
f 4217 4284 3977
f 3976 3975 4284
f 3974 3973 4283
f 3993 3991 4286
f 4229 3991 4285
f 4229 4286 3991
f 4240 4241 4000
f 4000 3980 4281
f 4240 4000 4281
f 4001 4000 4288
f 4235 4283 4225
f 4239 4286 4230
f 3998 3993 4286
f 4236 3998 4286
f 4239 4236 4286
f 4229 4285 4233
f 4232 3996 3974
f 4232 3974 4283
f 4235 4232 4283
f 4285 3985 3996
f 4233 4285 3996
f 4232 4233 3996
f 4229 4230 4286
f 3991 3988 4285
f 4241 4288 4000
f 4242 4217 4288
f 4217 4001 4288
f 4217 3977 4001
f 4240 4281 4213
f 4242 4288 4241
f 3668 3666 4150
f 4154 3668 4150
f 4154 4150 4152
f 4073 4152 4049
f 4071 4073 4049
f 4071 4049 4149
f 4150 4046 4048
f 4152 4150 4048
f 4152 4048 4049
f 3666 3664 4150
f 3895 3778 4045
f 3663 3895 4045
f 3664 3663 4045
f 4150 3664 4045
f 4150 4045 4046
f 3663 3655 3895
f 4149 3661 3497
f 4154 4152 4073
f 4149 4049 3786
f 4073 4075 4154
f 4078 3499 3501
f 4084 4085 3665
f 3665 3672 4084
f 4084 3672 3670
f 4084 3670 4154
f 4075 4084 4154
f 3670 3668 4154
f 3508 3510 4081
f 4081 3510 4074
f 4078 3503 3507
f 4081 4078 3507
f 4081 3507 3508
f 4149 3497 3499
f 4071 4149 3499
f 4078 4071 3499
f 4078 3501 3503
f 4149 3786 3898
f 3898 3897 3658
f 3898 3658 3661
f 3476 3466 3879
f 3892 3480 3888
f 3480 3478 3888
f 3478 3884 3888
f 4149 3898 3661
f 3897 3600 3658
f 4148 4039 4042
f 3651 4148 4042
f 3655 3651 4042
f 3655 4042 3777
f 3895 3655 3777
f 4148 3892 3758
f 4148 3758 4033
f 4148 4033 4036
f 4039 4148 4036
f 3651 3649 4148
f 4148 3649 3480
f 3480 3892 4148
f 3478 3476 3879
f 3478 3879 3884
f 3884 3886 3888
f 4033 4034 4036
f 4568 4308 4711
f 4566 4568 4711
f 4566 4711 4564
f 4308 4300 4711
f 4563 4564 4711
f 4563 4711 4300
f 4563 4300 4298
f 4291 4398 4319
f 4398 4161 4168
f 4319 4398 4168
f 4319 4168 4403
f 4316 4319 4403
f 4316 4403 4313
f 4093 4092 4453
f 4456 4347 4418
f 4215 4032 4093
f 4418 4215 4093
f 4456 4418 4093
f 4450 4453 4092
f 4092 4090 4450
f 4090 4089 4450
f 4450 4089 4446
f 4453 4456 4093
f 4457 4099 4462
f 4389 4462 4257
f 4457 4477 4106
f 4106 4098 4457
f 4475 4483 4109
f 4109 4100 4475
f 4100 4106 4475
f 4475 4106 4477
f 4099 4023 4257
f 4462 4099 4257
f 4098 4099 4457
f 4524 4686 4525
f 4523 4684 4685
f 4524 4523 4685
f 4524 4685 4686
f 4520 4684 4523
f 4522 4685 4684
f 4521 4522 4684
f 4521 4684 4683
f 4521 4683 4519
f 4520 4518 4683
f 4683 4684 4520
f 4519 4683 4518
f 4237 4236 4425
f 4370 4238 4425
f 4370 4420 4238
f 4370 4346 4420
f 4238 4237 4425
f 4214 4216 4342
f 4342 4216 4345
f 4344 4418 4347
f 4216 4215 4418
f 4345 4216 4418
f 4344 4345 4418
f 4343 4416 4212
f 4342 4343 4212
f 4342 4212 4214
f 4213 4212 4416
f 318 310 238
f 238 237 318
f 306 339 356
f 356 339 299
f 343 339 306
f 770 757 754
f 770 771 566
f 770 566 565
f 770 565 768
f 757 770 768
f 768 755 757
f 563 547 760
f 768 565 564
f 564 767 768
f 717 690 755
f 717 755 768
f 717 768 767
f 706 716 767
f 767 564 563
f 706 767 563
f 706 563 760
f 717 767 716
f 754 756 770
f 558 560 713
f 763 770 756
f 773 566 771
f 724 568 718
f 562 569 715
f 715 569 721
f 570 571 722
f 722 571 723
f 724 723 571
f 571 572 724
f 722 721 569
f 569 570 722
f 719 773 720
f 689 720 773
f 773 771 763
f 689 773 763
f 719 718 568
f 719 568 567
f 719 567 773
f 567 566 773
f 771 770 763
f 572 568 724
f 713 560 714
f 560 562 715
f 708 764 707
f 706 760 705
f 703 759 702
f 697 758 754
f 694 697 754
f 694 754 757
f 700 758 697
f 757 755 694
f 694 755 693
f 693 755 690
f 688 753 681
f 688 682 540
f 688 540 537
f 688 537 753
f 682 680 539
f 539 540 682
f 534 538 676
f 703 707 759
f 715 714 560
f 707 764 759
f 544 542 759
f 713 712 556
f 556 558 713
f 542 551 759
f 554 556 711
f 711 556 712
f 711 710 552
f 552 554 711
f 710 709 549
f 549 552 710
f 709 702 759
f 759 551 549
f 709 759 549
f 545 544 764
f 708 705 760
f 708 760 547
f 547 545 764
f 708 547 764
f 764 544 759
f 676 538 679
f 680 678 536
f 536 539 680
f 678 679 538
f 538 536 678
f 535 534 677
f 677 534 676
f 672 751 675
f 752 731 674
f 674 731 644
f 674 675 751
f 674 751 750
f 674 750 752
f 731 533 505
f 731 752 532
f 532 533 731
f 528 532 750
f 750 532 752
f 672 673 531
f 667 744 743
f 666 667 743
f 666 743 742
f 666 742 665
f 743 527 524
f 742 743 524
f 742 524 738
f 742 738 736
f 665 742 736
f 664 665 736
f 664 736 657
f 663 662 739
f 739 740 741
f 663 739 741
f 526 740 739
f 739 525 526
f 661 739 662
f 743 526 527
f 661 660 522
f 743 745 526
f 741 740 745
f 531 530 751
f 672 531 751
f 529 750 530
f 530 750 751
f 529 528 750
f 670 749 671
f 670 669 746
f 746 748 749
f 670 746 749
f 741 746 668
f 668 746 669
f 663 741 668
f 747 748 746
f 746 745 747
f 745 743 747
f 747 743 744
f 745 746 741
f 745 740 526
f 522 525 739
f 661 522 739
f 524 523 738
f 654 732 653
f 512 511 732
f 649 653 732
f 649 732 511
f 649 511 509
f 509 504 649
f 649 504 648
f 638 648 504
f 504 499 638
f 654 655 732
f 655 734 732
f 734 512 732
f 734 513 512
f 523 516 738
f 738 516 736
f 660 659 737
f 660 737 521
f 660 521 522
f 658 737 659
f 737 519 521
f 730 518 519
f 730 519 737
f 658 643 737
f 730 503 518
f 736 516 515
f 736 515 734
f 657 736 734
f 656 657 734
f 656 734 655
f 515 513 734
f 643 730 737
f 849 816 667
f 667 666 849
f 666 665 849
f 849 665 846
f 844 846 665
f 665 664 844
f 664 657 844
f 844 657 835
f 821 842 662
f 662 663 821
f 661 662 841
f 826 827 925
f 925 653 649
f 925 649 923
f 826 925 923
f 649 648 923
f 812 826 923
f 923 909 812
f 923 648 638
f 638 909 923
f 829 925 827
f 654 653 925
f 829 831 925
f 831 655 925
f 841 662 842
f 660 661 839
f 839 661 841
f 839 838 926
f 926 659 660
f 839 926 660
f 926 658 659
f 837 926 838
f 911 643 658
f 836 911 926
f 837 836 926
f 815 911 836
f 834 835 657
f 657 656 834
f 656 655 834
f 834 655 831
f 655 654 925
f 911 658 926
f 478 385 386
f 385 478 476
f 476 381 385
f 443 480 441
f 481 480 443
f 446 481 445
f 446 451 484
f 446 484 481
f 449 393 392
f 450 449 392
f 450 392 489
f 392 391 489
f 489 391 488
f 484 488 391
f 484 391 390
f 484 390 482
f 481 484 482
f 482 480 481
f 390 389 482
f 480 482 389
f 480 389 388
f 441 480 388
f 444 441 388
f 443 445 481
f 451 490 484
f 488 484 490
f 490 491 488
f 453 490 451
f 396 393 457
f 457 393 449
f 399 394 459
f 459 394 455
f 457 455 394
f 394 396 457
f 491 490 454
f 454 490 453
f 454 450 489
f 489 488 491
f 454 489 491
f 492 472 369
f 493 492 369
f 493 369 406
f 493 406 306
f 493 306 356
f 356 299 368
f 493 356 368
f 493 368 469
f 426 493 469
f 406 403 306
f 6891 6884 6941
f 6941 6884 6935
f 6941 6940 6890
f 6890 6891 6941
f 6889 6890 6939
f 6939 6890 6940
f 6939 6928 6948
f 6939 6948 6888
f 6939 6888 6889
f 6874 6888 6948
f 6541 6625 6629
f 6541 6629 6626
f 6541 6626 6534
f 6603 6598 6619
f 6603 6619 6538
f 6538 6534 6626
f 6603 6538 6626
f 6585 6584 6626
f 6585 6626 6629
f 6586 6585 6629
f 6603 6626 6584
f 6599 6619 6598
f 6586 6629 6588
f 6588 6587 6586
f 6629 6625 6628
f 6591 6590 6589
f 6589 6628 6591
f 6589 6588 6629
f 6589 6629 6628
f 6554 6553 6478
f 6567 6498 6499
f 6567 6499 6572
f 6541 6567 6572
f 6552 6541 6572
f 6538 6536 6488
f 6538 6488 6498
f 6538 6498 6567
f 6570 6568 6550
f 6550 6568 6548
f 6545 6548 6568
f 6568 6565 6545
f 6570 6484 6497
f 6497 6568 6570
f 6485 6565 6497
f 6497 6565 6568
f 6539 6543 6496
f 6553 6572 6478
f 6496 6493 6539
f 6572 6499 6478
f 6555 6572 6553
f 6491 6577 6578
f 6490 6576 6491
f 6491 6576 6577
f 6559 6560 6578
f 6578 6577 6559
f 6559 6577 6576
f 6550 6559 6576
f 6550 6576 6570
f 6490 6487 6576
f 6576 6487 6484
f 6484 6570 6576
f 6556 6480 6481
f 6556 6481 6574
f 6557 6556 6574
f 6557 6574 6558
f 6478 6480 6554
f 6554 6480 6556
f 6552 6572 6555
f 6565 6483 6496
f 6545 6565 6496
f 6543 6545 6496
f 6493 6488 6539
f 6539 6488 6536
f 6485 6483 6565
f 6578 6492 6491
f 6560 6495 6578
f 6560 6574 6495
f 6574 6494 6495
f 6578 6495 6492
f 6574 6481 6494
f 6560 6558 6574
f 6855 6792 6854
f 6862 6861 6797
f 6797 6800 6862
f 6799 6798 6892
f 6792 6799 6892
f 6854 6792 6892
f 6860 6854 6892
f 6861 6859 6892
f 6861 6892 6798
f 6861 6798 6797
f 6860 6892 6859
f 6857 6858 6796
f 6796 6795 6857
f 6795 6794 6857
f 6857 6794 6856
f 6855 6856 6794
f 6794 6793 6855
f 6793 6792 6855
f 6863 6862 6893
f 6862 6800 6893
f 6800 6801 6893
f 6863 6893 6864
f 6903 6815 6816
f 6902 6900 6903
f 6817 6902 6903
f 6817 6903 6816
f 6895 6896 6814
f 6903 6895 6814
f 6815 6903 6814
f 6858 6870 6796
f 6896 6806 6807
f 6868 6867 6805
f 6868 6805 6806
f 6806 6896 6895
f 6868 6806 6895
f 6868 6895 6869
f 6866 6894 6804
f 6866 6804 6805
f 6867 6866 6805
f 6865 6894 6866
f 6894 6803 6804
f 6865 6864 6893
f 6893 6802 6803
f 6893 6803 6894
f 6865 6893 6894
f 6893 6801 6802
f 6870 6897 6796
f 6897 6808 6796
f 6898 6897 6870
f 6870 6871 6898
f 6869 6895 6903
f 6873 6869 6903
f 6873 6903 6900
f 6812 6901 6813
f 6813 6901 6902
f 6812 6811 6901
f 6899 6900 6901
f 6901 6900 6902
f 6810 6898 6899
f 6901 6811 6899
f 6872 6873 6900
f 6900 6899 6872
f 6899 6898 6872
f 6872 6898 6871
f 6809 6897 6810
f 6810 6897 6898
f 6809 6808 6897
f 6811 6810 6899
f 6720 6784 6721
f 6721 6784 6851
f 6720 6701 6784
f 6719 6851 6847
f 6847 6718 6719
f 6846 6847 6851
f 6851 6784 6756
f 6851 6756 6844
f 6846 6851 6844
f 6817 6846 6844
f 6813 6817 6844
f 6814 6807 6749
f 6782 6697 6718
f 6782 6718 6847
f 6749 6782 6847
f 6749 6847 6845
f 6814 6749 6845
f 6851 6719 6721
f 6776 6849 6850
f 6836 6774 6775
f 6836 6775 6850
f 6835 6836 6850
f 6834 6835 6850
f 6850 6849 6834
f 6773 6768 6833
f 6833 6768 6828
f 6833 6832 6772
f 6772 6773 6833
f 6767 6772 6827
f 6827 6772 6832
f 6830 6829 6769
f 6769 6770 6830
f 6770 6771 6830
f 6830 6771 6831
f 6829 6828 6768
f 6850 6777 6776
f 6768 6769 6829
f 6850 6775 6777
f 6836 6831 6771
f 6771 6774 6836
f 6827 6823 6762
f 6762 6767 6827
f 6825 6826 6848
f 6825 6848 6763
f 6825 6763 6766
f 6765 6758 6824
f 6824 6758 6819
f 6824 6825 6766
f 6766 6765 6824
f 6764 6763 6848
f 6761 6762 6822
f 6822 6762 6823
f 6760 6761 6822
f 6821 6820 6759
f 6759 6760 6821
f 6757 6759 6818
f 6818 6759 6820
f 6818 6819 6758
f 6758 6757 6818
f 6822 6821 6760
f 6902 6817 6813
f 6896 6807 6814
f 6773 6788 6768
f 6773 6772 6787
f 6787 6788 6773
f 6767 6787 6772
f 6692 6693 6769
f 6769 6693 6770
f 6693 6694 6770
f 6770 6694 6771
f 6788 6691 6692
f 6768 6788 6692
f 6769 6768 6692
f 6691 6788 6787
f 6787 6690 6691
f 6767 6762 6786
f 6767 6786 6689
f 6767 6689 6690
f 6767 6690 6787
f 6774 6789 6775
f 6785 6688 6786
f 6791 6790 6776
f 6777 6789 6791
f 6789 6705 6703
f 6694 6705 6789
f 6771 6694 6789
f 6774 6771 6789
f 6777 6775 6789
f 6703 6704 6791
f 6789 6703 6791
f 6776 6777 6791
f 6786 6688 6689
f 6785 6684 6688
f 6687 6686 6763
f 6763 6686 6766
f 6758 6765 6685
f 6685 6682 6758
f 6686 6685 6766
f 6766 6685 6765
f 6763 6764 6702
f 6702 6687 6763
f 6761 6786 6762
f 6785 6786 6760
f 6759 6683 6684
f 6760 6759 6684
f 6760 6684 6785
f 6681 6683 6757
f 6757 6683 6759
f 6682 6681 6758
f 6758 6681 6757
f 6760 6786 6761
f 5776 5772 6354
f 6321 6327 6209
f 6209 6354 6321
f 6354 5772 5764
f 6321 6354 5764
f 6310 6321 5764
f 6314 6227 6316
f 6305 6310 5764
f 5764 5761 6305
f 5761 5759 6305
f 6305 5759 6302
f 6302 5759 5758
f 6302 5758 6349
f 6297 6302 6349
f 6297 6349 6295
f 6286 6347 6289
f 5755 5756 6347
f 6025 5512 6021
f 6284 5755 6347
f 5512 5776 6021
f 6354 5876 6021
f 5782 5783 6339
f 6337 6289 6347
f 6347 5780 5782
f 6337 6347 5782
f 6347 5756 5780
f 5515 5512 6025
f 6316 6227 6228
f 6329 6316 6228
f 5905 6036 5894
f 5905 5894 6224
f 6228 5905 6224
f 6329 6228 6224
f 6329 6224 6221
f 6329 6221 6211
f 6327 6329 6211
f 6327 6211 6209
f 6354 6209 5876
f 5776 6354 6021
f 6339 6337 5782
f 6286 6284 6347
f 6314 5900 6227
f 6314 6339 5900
f 6339 5783 5900
f 6096 5532 5762
f 6096 5762 6351
f 6099 6096 6351
f 5783 5448 6052
f 5783 6052 5900
f 6243 5926 6248
f 6248 5926 5927
f 6241 5925 6243
f 6243 5925 5926
f 6241 5921 5925
f 6247 5922 5924
f 6246 6247 5924
f 5922 6247 6245
f 6245 5919 5922
f 6244 6245 6246
f 6246 6245 6247
f 6248 5927 5928
f 6199 6230 6229
f 6229 6191 6199
f 6230 6210 6206
f 6206 6229 6230
f 5990 6000 6001
f 5989 5992 5994
f 5994 5992 5997
f 5499 5989 5501
f 5501 5989 5994
f 5985 5990 5989
f 5989 5990 5992
f 5498 5981 5985
f 5499 5498 5985
f 5989 5499 5985
f 5497 5979 5498
f 5498 5979 5981
f 5495 5977 5497
f 5497 5977 5979
f 6001 5992 5990
f 6003 6001 5460
f 6001 5491 5460
f 6001 6000 5491
f 6043 6020 5868
f 6041 6043 6044
f 6044 6043 6045
f 6044 5507 5506
f 5506 6041 6044
f 6043 6041 6018
f 6018 6020 6043
f 6041 5506 5504
f 5504 6018 6041
f 5980 6039 5490
f 5983 5980 5490
f 5983 5490 5494
f 6039 5481 5490
f 5891 5885 6037
f 5891 6037 6039
f 5891 6039 5980
f 5868 5896 6043
f 5885 5881 6034
f 6045 6043 5896
f 5507 6044 6047
f 5910 6051 6050
f 5907 5910 6050
f 6055 5516 5514
f 5514 6051 6055
f 5513 6050 5514
f 5514 6050 6051
f 5906 5907 6050
f 6050 6049 5906
f 6049 6045 5906
f 5906 6045 5897
f 6050 5513 5511
f 5511 6047 6049
f 6050 5511 6049
f 5511 5510 6047
f 6044 6045 6047
f 6047 6045 6049
f 6047 5510 5507
f 5896 5897 6045
f 6034 6037 5885
f 6037 6032 5478
f 6037 5478 5481
f 5863 6024 6005
f 5863 6005 6008
f 5862 5863 6008
f 6024 6016 5997
f 5997 6005 6024
f 6020 6018 6013
f 6013 6016 6020
f 5503 6013 5504
f 5504 6013 6018
f 5994 5997 6013
f 6013 5997 6016
f 5501 5994 5503
f 5503 5994 6013
f 6008 6005 6001
f 6001 6003 6008
f 5992 6001 5997
f 5997 6001 6005
f 5866 6016 6024
f 5866 6020 6016
f 5866 5868 6020
f 5866 6024 5863
f 6039 6037 5481
f 6037 6034 6031
f 6031 6032 6037
f 5875 6034 5881
f 6028 6031 6034
f 5873 6028 6034
f 5875 5873 6034
f 5873 5862 6008
f 5910 6057 6051
f 6008 6028 5873
f 6032 6031 5470
f 5470 5476 6032
f 6031 6028 5468
f 5468 5470 6031
f 6028 6008 6003
f 6028 6003 5466
f 6028 5466 5468
f 6003 5460 5466
f 6032 5476 5478
f 5903 6057 5910
f 6051 6057 6059
f 5522 5519 6062
f 5521 6062 6059
f 5521 6059 6011
f 5521 6011 5475
f 5518 6055 6059
f 5519 5518 6059
f 6062 5519 6059
f 5518 5516 6055
f 6011 6059 6057
f 6057 5999 6011
f 6059 6055 6051
f 5999 6057 5903
f 5179 5315 5746
f 5576 5179 5746
f 5741 5306 5311
f 5573 5572 5312
f 5312 5313 5573
f 5313 5314 5573
f 5573 5314 5574
f 5572 5560 5741
f 5741 5311 5312
f 5572 5741 5312
f 5567 5742 5571
f 5569 5745 5568
f 5570 5310 5308
f 5570 5308 5745
f 5569 5570 5745
f 5745 5307 5309
f 5745 5309 5742
f 5576 5616 5179
f 5568 5745 5742
f 5576 5575 5616
f 5577 5318 5320
f 5325 5753 5324
f 5581 5751 5752
f 5580 5581 5752
f 5580 5752 5748
f 5747 5748 5749
f 5749 5748 5750
f 5733 5747 5735
f 5735 5747 5749
f 5748 5747 5580
f 5580 5747 5579
f 5544 5579 5747
f 5747 5733 5544
f 5578 5577 5320
f 5320 5322 5578
f 5746 5316 5318
f 5577 5576 5746
f 5577 5746 5318
f 5746 5315 5316
f 5567 5568 5742
f 5308 5307 5745
f 5566 5305 5306
f 5566 5306 5741
f 5559 5566 5741
f 5565 5562 5300
f 5300 5304 5565
f 5304 5305 5565
f 5565 5305 5566
f 5561 5564 5302
f 5302 5299 5561
f 5325 5752 5753
f 5743 5303 5301
f 5743 5301 5302
f 5564 5743 5302
f 5299 5300 5561
f 5561 5300 5562
f 5559 5741 5560
f 5564 5563 5743
f 5752 5751 5753
f 5748 5752 5326
f 5750 5329 5332
f 5739 5331 5292
f 5750 5332 5330
f 5330 5749 5750
f 5331 5739 5735
f 5735 5749 5330
f 5331 5735 5330
f 5752 5325 5326
f 5329 5750 5748
f 5329 5748 5326
f 5765 5065 5763
f 5705 5275 5265
f 5275 5705 5702
f 5702 5273 5275
f 5697 5263 5272
f 5685 5697 5272
f 5702 5685 5272
f 5273 5702 5272
f 5708 5266 5267
f 5701 5707 5708
f 5701 5708 5267
f 5269 5701 5267
f 5266 5708 5703
f 5703 5705 5265
f 5266 5703 5265
f 5066 5065 5765
f 5765 5767 5069
f 5069 5066 5765
f 5762 5673 5671
f 5768 5762 5671
f 5768 5671 5283
f 5768 5283 5398
f 5767 5768 5398
f 5767 5398 5071
f 5767 5071 5069
f 4870 5071 5398
f 5910 6208 5903
f 5903 6208 6210
f 5910 5907 6208
f 6210 6208 6204
f 6204 6206 6210
f 6208 5907 5906
f 5906 6204 6208
f 6200 6202 6204
f 6204 6202 6206
f 6204 5906 5897
f 5897 6200 6204
f 6197 6198 6200
f 6200 6198 6202
f 5896 6197 5897
f 5897 6197 6200
f 6175 6180 6197
f 6197 6180 6198
f 6198 6186 6213
f 5868 6175 5896
f 6180 6186 6198
f 6186 6190 6213
f 6191 6229 6217
f 6217 6179 6191
f 6229 6206 6202
f 6202 6217 6229
f 6195 6187 6225
f 6225 6219 6195
f 6187 6179 6215
f 6215 6225 6187
f 6225 6194 5891
f 6219 6225 5891
f 6190 6194 6215
f 6215 6194 6225
f 6213 6215 6217
f 6217 6215 6179
f 6217 6202 6198
f 6198 6213 6217
f 6213 6190 6215
f 5896 6175 6197
f 6194 5885 5891
f 6194 6190 5881
f 5881 5885 6194
f 6186 6183 5875
f 6186 5875 5881
f 6190 6186 5881
f 6173 6183 6180
f 6180 6183 6186
f 6183 5873 5875
f 6183 6173 5862
f 5862 5873 6183
f 6180 5866 5863
f 6180 5863 6173
f 5868 5866 6175
f 5863 5862 6173
f 6180 6175 5866
f 6512 6427 6398
f 6478 6499 6519
f 6478 6519 6422
f 6422 6427 6512
f 6478 6422 6512
f 6513 6410 6519
f 6519 6410 6422
f 6498 6519 6499
f 6498 6488 6513
f 6513 6519 6498
f 6497 6484 6517
f 6517 6516 6497
f 6417 6516 6411
f 6411 6516 6517
f 6516 6414 6402
f 6497 6516 6402
f 6485 6497 6402
f 6417 6414 6516
f 6493 6496 6406
f 6406 6410 6513
f 6493 6406 6513
f 6399 6406 6483
f 6483 6406 6496
f 6493 6513 6488
f 6483 6485 6402
f 6402 6399 6483
f 6299 6453 6449
f 6449 6294 6299
f 6405 6403 6449
f 6449 6453 6405
f 6294 6449 6446
f 6446 6291 6294
f 6446 6449 6398
f 6398 6449 6403
f 6411 6300 6308
f 6411 6440 6300
f 6415 6440 6412
f 6459 6328 6342
f 6328 6458 6460
f 6328 6460 6324
f 6424 6426 6461
f 6461 6460 6424
f 6421 6424 6460
f 6460 6458 6421
f 6320 6317 6456
f 6320 6456 6458
f 6459 6320 6458
f 6317 6311 6456
f 6458 6456 6421
f 6421 6456 6418
f 6456 6311 6309
f 6456 6309 6441
f 6418 6456 6441
f 6415 6418 6441
f 6441 6440 6415
f 6328 6459 6458
f 6324 6460 6461
f 6461 6330 6324
f 6430 6462 6432
f 6342 6320 6459
f 6461 6334 6330
f 6463 6336 6333
f 6434 6463 6333
f 6434 6333 6334
f 6426 6434 6334
f 6426 6334 6461
f 6462 6346 6344
f 6411 6412 6440
f 6453 6299 6345
f 6430 6405 6345
f 6430 6345 6346
f 6430 6346 6462
f 6462 6344 6336
f 6462 6336 6463
f 6432 6462 6463
f 6433 6432 6463
f 6433 6463 6434
f 6405 6453 6345
f 173 124 123
f 183 173 123
f 178 182 122
f 122 114 178
f 123 122 183
f 183 122 182
f 113 116 177
f 177 116 180
f 179 115 103
f 179 103 209
f 181 179 209
f 179 180 116
f 116 115 179
f 177 178 114
f 114 113 177
f 211 109 112
f 106 109 210
f 173 207 124
f 210 109 211
f 212 125 126
f 209 210 181
f 208 213 132
f 132 124 207
f 208 132 207
f 188 131 125
f 188 125 212
f 189 188 212
f 187 186 129
f 129 130 187
f 130 131 187
f 187 131 188
f 211 112 127
f 186 185 128
f 128 129 186
f 210 211 127
f 184 210 127
f 184 127 128
f 185 184 128
f 181 210 184
f 210 209 100
f 100 106 210
f 103 100 209
f 176 208 175
f 208 207 175
f 175 207 174
f 174 207 173
f 133 132 213
f 213 214 133
f 176 190 213
f 236 270 229
f 234 272 235
f 236 235 272
f 236 272 269
f 236 269 270
f 271 272 233
f 233 272 234
f 271 172 169
f 272 271 169
f 269 272 169
f 232 271 233
f 232 231 171
f 171 172 271
f 232 171 271
f 170 171 230
f 230 171 231
f 164 170 219
f 219 170 230
f 229 270 228
f 217 162 262
f 216 217 262
f 262 261 216
f 216 261 215
f 162 161 262
f 262 161 155
f 155 261 262
f 189 212 194
f 193 214 191
f 192 194 212
f 212 126 134
f 192 212 134
f 193 192 134
f 134 133 214
f 193 134 214
f 214 213 191
f 191 213 190
f 217 163 162
f 218 164 219
f 160 164 218
f 217 165 163
f 228 270 269
f 228 269 266
f 227 228 266
f 266 265 227
f 227 265 226
f 226 265 225
f 266 269 169
f 169 168 266
f 213 208 176
f 168 167 266
f 167 166 263
f 265 167 263
f 225 265 263
f 224 225 263
f 224 263 221
f 166 165 263
f 217 221 263
f 217 263 165
f 266 167 265
f 19 18 34
f 34 36 19
f 16 34 18
f 35 36 34
f 34 33 35
f 7 32 35
f 14 7 35
f 14 35 33
f 33 34 12
f 12 34 16
f 14 33 12
f 9 32 7
f 20 32 9
f 37 32 20
f 35 32 37
f 24 39 23
f 24 19 36
f 36 39 24
f 39 38 23
f 23 38 22
f 38 37 22
f 22 37 21
f 36 35 39
f 39 35 38
f 37 38 35
f 21 37 20
f 5552 5703 5708
f 5553 5552 5708
f 5553 5708 5707
f 5555 5554 5707
f 1282 978 980
f 1282 1280 969
f 969 978 1282
f 976 974 1281
f 1281 974 971
f 971 1280 1281
f 971 969 1280
f 1281 1282 1283
f 1280 1282 1281
f 1272 1283 980
f 1283 1272 1277
f 1277 1272 1274
f 1277 984 976
f 976 1281 1283
f 1277 976 1283
f 1283 1282 980
f 1272 980 983
f 1004 1003 1079
f 1004 1079 885
f 1004 885 886
f 884 1079 1075
f 1075 1076 883
f 884 1075 883
f 999 1072 1075
f 1003 999 1075
f 1003 1075 1079
f 1002 1001 1078
f 1078 881 882
f 1002 1078 882
f 1000 1078 1001
f 993 1067 997
f 999 998 1071
f 1071 1072 999
f 998 994 1069
f 1079 884 885
f 1069 1071 998
f 1076 878 883
f 1000 1004 887
f 1014 893 892
f 1014 892 1083
f 990 1013 1083
f 990 1083 891
f 990 891 890
f 990 890 1068
f 1014 1083 1013
f 1082 889 888
f 1010 1082 888
f 1007 1010 888
f 1007 888 1081
f 1011 1082 1010
f 1081 1080 1007
f 1007 1080 1006
f 1006 1080 1005
f 1078 887 881
f 1004 886 887
f 1000 887 1078
f 996 1077 995
f 996 997 1067
f 996 1067 858
f 863 868 1071
f 866 865 1070
f 864 863 1069
f 989 1068 862
f 989 862 861
f 992 989 861
f 991 860 859
f 991 859 1067
f 993 991 1067
f 991 992 861
f 861 860 991
f 990 1068 989
f 859 858 1067
f 1071 1069 863
f 1072 1071 1070
f 1071 866 1070
f 1071 868 866
f 858 880 1077
f 996 858 1077
f 879 864 1069
f 1077 879 1069
f 995 1077 1069
f 994 995 1069
f 880 879 1077
f 878 1076 1074
f 1074 876 878
f 1073 1074 1075
f 1075 1074 1076
f 1075 1072 1070
f 1070 1073 1075
f 870 874 1073
f 1073 874 1074
f 1073 1070 865
f 865 870 1073
f 1074 874 876
f 1014 1080 893
f 1014 1005 1080
f 892 891 1083
f 893 1080 1081
f 1030 902 1029
f 901 900 1028
f 1028 900 1027
f 899 896 1026
f 1026 896 1023
f 1025 1002 882
f 882 898 1025
f 898 899 1025
f 1025 899 1026
f 1024 1023 896
f 896 897 1024
f 877 895 1021
f 1021 895 1022
f 1019 1084 1017
f 1017 1084 1015
f 888 894 1081
f 1081 894 893
f 903 902 1030
f 902 901 1028
f 1028 1029 902
f 900 869 1009
f 1085 905 906
f 1031 1085 906
f 1032 1031 906
f 1085 904 905
f 1009 1027 900
f 1306 1305 1307
f 1221 1220 1308
f 1220 1218 1306
f 1306 1308 1220
f 1307 1308 1306
f 861 862 929
f 859 860 929
f 859 929 694
f 859 694 693
f 861 929 860
f 693 690 859
f 859 690 858
f 862 697 929
f 862 700 697
f 697 694 929
f 703 702 930
f 892 944 943
f 891 892 943
f 893 944 892
f 891 943 890
f 889 942 888
f 887 937 881
f 887 886 724
f 724 718 937
f 887 724 937
f 883 878 715
f 715 721 883
f 885 884 722
f 722 723 885
f 886 885 723
f 723 724 886
f 721 722 883
f 883 722 884
f 944 945 943
f 882 881 937
f 894 944 893
f 945 944 946
f 898 689 684
f 899 898 684
f 899 684 950
f 896 950 685
f 896 685 686
f 896 686 951
f 897 896 951
f 951 686 687
f 950 684 685
f 895 877 681
f 681 683 895
f 947 946 949
f 949 946 948
f 888 942 948
f 888 948 946
f 894 888 946
f 946 947 945
f 946 944 894
f 719 720 939
f 937 719 939
f 882 937 939
f 710 711 933
f 933 711 934
f 933 932 709
f 709 710 933
f 932 930 702
f 702 709 932
f 868 931 866
f 705 708 931
f 863 705 931
f 868 863 931
f 866 931 707
f 865 866 707
f 707 703 930
f 865 707 930
f 708 707 931
f 863 864 706
f 706 705 863
f 934 711 712
f 930 932 870
f 870 865 930
f 932 933 874
f 939 720 689
f 937 718 719
f 880 858 690
f 690 717 880
f 716 706 879
f 879 706 864
f 879 880 717
f 717 716 879
f 898 939 689
f 936 713 714
f 936 714 715
f 878 936 715
f 934 712 936
f 936 712 713
f 874 933 934
f 876 874 934
f 876 934 936
f 874 870 932
f 878 876 936
f 882 939 898
f 901 691 900
f 906 905 701
f 701 704 906
f 699 701 904
f 904 701 905
f 698 677 935
f 691 698 935
f 900 691 935
f 869 900 935
f 901 902 695
f 695 692 901
f 696 695 903
f 903 695 902
f 692 691 901
f 899 950 896
f 973 972 847
f 847 850 973
f 972 970 1057
f 972 1057 848
f 972 848 847
f 1055 1056 967
f 967 1056 968
f 845 1056 1055
f 1055 843 845
f 966 1055 967
f 966 965 1054
f 966 1054 840
f 840 843 1055
f 966 840 1055
f 1054 833 840
f 964 1054 965
f 964 963 832
f 851 848 1057
f 832 833 1054
f 850 852 975
f 852 853 977
f 1060 856 857
f 855 856 1060
f 981 855 1060
f 982 981 1060
f 981 979 854
f 854 855 981
f 853 854 977
f 977 854 979
f 977 975 852
f 975 973 850
f 964 832 1054
f 830 832 962
f 962 832 963
f 952 1052 816
f 1052 817 816
f 952 953 1052
f 954 1052 953
f 962 961 828
f 828 830 962
f 825 828 960
f 960 828 961
f 960 959 824
f 824 825 960
f 823 824 958
f 958 824 959
f 822 823 957
f 957 956 821
f 821 822 957
f 820 819 1053
f 955 1053 819
f 819 818 1052
f 955 819 1052
f 954 955 1052
f 818 817 1052
f 957 823 958
f 1937 2131 1474
f 1936 1937 1474
f 1472 1471 2130
f 2131 1473 1474
f 1938 1472 2130
f 1938 1474 1472
f 1938 1936 1474
f 2143 1499 1500
f 2139 1498 1489
f 1498 2139 2136
f 2136 1497 1498
f 2136 1486 1497
f 1960 1959 1515
f 1515 1516 1960
f 1516 1517 1960
f 1960 1517 1961
f 1957 2141 1514
f 1957 1514 1515
f 1959 1957 1515
f 2142 1494 1495
f 2142 1495 1496
f 1958 2142 1496
f 1956 1958 1496
f 1956 1496 2141
f 2144 1501 1502
f 1494 2142 2140
f 1941 1939 2144
f 2143 1500 2144
f 1950 1949 2129
f 1950 2129 2085
f 1947 1941 2144
f 2144 2148 1947
f 2129 2148 2144
f 2144 1502 1432
f 2129 2144 1432
f 1945 2146 1946
f 1939 1946 2146
f 2146 2143 1939
f 1944 2147 2145
f 1945 1944 2145
f 1945 2145 2146
f 2146 2145 1503
f 2146 1503 1499
f 2143 2146 1499
f 1500 1501 2144
f 1939 2143 2144
f 2140 1490 1494
f 1958 1951 2140
f 2140 2142 1958
f 1940 2133 2137
f 1943 1940 2137
f 2130 1471 1478
f 2130 1478 2132
f 1942 2130 2132
f 1940 1942 2132
f 2135 2134 1485
f 2136 2135 1485
f 2136 1485 1486
f 2135 2133 1480
f 2135 1480 1484
f 2135 1484 2134
f 2134 1482 1485
f 1484 1482 2134
f 2133 2132 1475
f 1475 1480 2133
f 1478 1475 2132
f 1940 2132 2133
f 1938 2130 1942
f 1943 2137 1948
f 2133 2135 2138
f 1956 2141 1957
f 1954 2131 1937
f 1953 1955 1479
f 1479 1492 1953
f 1954 1952 1491
f 1491 1493 2131
f 1954 1491 2131
f 1492 1491 1953
f 1953 1491 1952
f 2140 2139 1489
f 1490 2140 1489
f 1948 2137 2138
f 1951 1948 2138
f 1951 2138 2140
f 2135 2136 2138
f 2138 2136 2139
f 2138 2137 2133
f 2140 2138 2139
f 1949 2148 2129
f 1947 2148 1949
f 1950 2085 1898
f 1901 2086 2088
f 1899 1901 2088
f 1899 2088 2084
f 1902 2086 1901
f 1899 2084 1896
f 1458 1616 1436
f 1444 1617 1445
f 1622 1624 1447
f 1447 1624 1453
f 1622 1620 1624
f 1624 1620 1623
f 1447 1445 1617
f 1617 1618 1622
f 1447 1617 1622
f 1622 1618 1206
f 1622 1206 1211
f 1620 1622 1211
f 1438 1615 1442
f 1615 1613 1617
f 1442 1615 1617
f 1444 1442 1617
f 1436 1616 1612
f 1438 1436 1612
f 1438 1612 1615
f 1612 1608 1615
f 1615 1608 1613
f 1375 1522 1372
f 1372 1522 1377
f 1387 1524 1381
f 1375 1381 1525
f 1540 1527 1538
f 1388 1395 1538
f 1538 1527 1388
f 1535 1537 1533
f 1533 1531 1535
f 1531 1525 1535
f 1535 1525 1529
f 1394 1390 1531
f 1531 1533 1394
f 1377 1522 1525
f 1377 1525 1531
f 1390 1377 1531
f 1525 1524 1529
f 1529 1524 1527
f 1387 1388 1527
f 1527 1524 1387
f 1381 1524 1525
f 1375 1525 1522
f 1529 1527 1540
f 1380 1538 1395
f 1539 1538 1532
f 1547 1551 1543
f 1543 1542 1547
f 1542 1540 1547
f 1547 1540 1539
f 1542 1543 1537
f 1537 1535 1542
f 1540 1542 1535
f 1535 1529 1540
f 1540 1538 1539
f 1532 1538 1380
f 2071 1401 1988
f 1988 1401 1402
f 2069 1399 2071
f 2071 1399 1401
f 1982 2015 1988
f 1988 2015 2071
f 2015 2006 2071
f 2071 2006 2069
f 2069 1398 1399
f 2069 2006 2001
f 2069 2001 1397
f 1398 2069 1397
f 1886 1887 2063
f 2063 2057 1886
f 2058 1380 1395
f 1395 2056 2058
f 2056 1395 1388
f 1388 2051 2056
f 2062 1390 1999
f 1999 1390 1394
f 2062 1377 1390
f 2051 1388 1387
f 1387 2048 2051
f 1381 1375 2060
f 2048 1387 1381
f 1381 2060 2047
f 2048 1381 2047
f 2056 2054 2058
f 2058 2054 2057
f 2058 2057 2063
f 2063 2064 2058
f 1888 2063 1887
f 1888 2066 2063
f 1999 1394 2001
f 2001 1394 1397
f 1393 1391 2040
f 2029 2040 1391
f 2029 1391 1389
f 2029 1389 2067
f 1385 2066 1389
f 1389 2066 2067
f 1383 2064 1385
f 2064 1383 1380
f 1380 2058 2064
f 2029 2067 1872
f 1872 2067 1890
f 2067 2066 1890
f 1890 2066 1889
f 1888 1889 2066
f 2066 2064 2063
f 1385 2064 2066
f 2057 2054 1886
f 1886 2054 1885
f 2056 2050 2054
f 2051 2050 2056
f 2021 2019 1985
f 2019 2014 1985
f 1985 2014 1982
f 1867 1865 2019
f 2019 2021 1867
f 2014 2019 1858
f 1858 2019 1865
f 2015 1982 2014
f 2014 2010 2015
f 2010 1993 2015
f 2015 1993 2006
f 1858 1855 1979
f 1979 2010 2014
f 1858 1979 2014
f 1979 1977 2010
f 2010 1977 1993
f 1993 1989 2006
f 1985 1996 2021
f 2006 1989 2001
f 1867 2021 1870
f 1870 2021 2003
f 2054 2050 1885
f 1885 2050 1881
f 2048 2044 2051
f 2051 2044 2050
f 1881 2050 2044
f 1879 1881 2044
f 1879 2044 2036
f 2047 2041 2048
f 2048 2041 2044
f 2041 2031 2044
f 2044 2031 2036
f 1879 2036 1877
f 2036 2031 1877
f 1877 2031 1860
f 2003 2018 1873
f 1873 2018 1837
f 2021 1996 2003
f 1873 1870 2003
f 1989 1984 2001
f 2001 1984 1999
f 1989 1993 1977
f 1977 1975 1989
f 1984 1989 1975
f 1975 1974 1984
f 1854 1979 1855
f 1854 1852 1977
f 1977 1979 1854
f 1975 1977 1845
f 1845 1977 1852
f 1974 1975 1833
f 1833 1975 1845
f 1487 1243 1259
f 1487 1259 1706
f 1477 1487 1706
f 1257 1245 1707
f 1255 1257 1707
f 1488 1255 1707
f 1483 1488 1707
f 1487 1481 1707
f 1707 1245 1243
f 1487 1707 1243
f 1483 1707 1481
f 1479 1476 1706
f 1479 1706 1240
f 1479 1240 1236
f 1477 1706 1476
f 1259 1240 1706
f 1254 1261 1708
f 1698 1708 1261
f 1261 1241 1698
f 1814 1132 1133
f 1813 1131 1130
f 1812 1813 1130
f 1812 1130 1811
f 1671 1812 1811
f 1811 1800 1671
f 1130 1129 1811
f 1800 1811 1129
f 1129 1128 1798
f 1800 1129 1798
f 1127 1126 1810
f 1798 1128 1127
f 1741 1798 1127
f 1767 1741 1127
f 1767 1127 1810
f 1810 1126 1117
f 1117 1806 1810
f 1815 1132 1814
f 1810 1806 1767
f 1134 1132 1815
f 1813 1816 1133
f 1138 1134 1815
f 1818 1138 1815
f 1774 1818 1815
f 1772 1817 1770
f 1772 1766 1125
f 1125 1135 1817
f 1772 1125 1817
f 1771 1770 1817
f 1136 1137 1818
f 1817 1136 1818
f 1771 1817 1818
f 1818 1137 1138
f 1817 1135 1136
f 1769 1768 1815
f 1815 1814 1816
f 1769 1815 1816
f 1816 1814 1133
f 1813 1133 1131
f 1767 1806 1757
f 1123 1124 1764
f 1764 1124 1765
f 1755 1806 1117
f 1117 1116 1804
f 1755 1117 1804
f 1757 1806 1756
f 1755 1804 1754
f 1755 1756 1806
f 1759 1804 1119
f 1804 1121 1119
f 1759 1754 1804
f 1766 1765 1124
f 1124 1125 1766
f 1763 1809 1122
f 1764 1763 1122
f 1764 1122 1123
f 1370 1032 1809
f 1809 1032 1122
f 1118 1030 1758
f 1774 1773 1818
f 1758 1030 1762
f 1761 1009 1752
f 1762 1030 1029
f 1761 1762 1029
f 1761 1029 1028
f 1761 1028 1027
f 1116 1121 1804
f 1760 1759 1119
f 1119 1120 1760
f 1027 1009 1761
f 1771 1818 1773
f 1370 1819 1031
f 1820 1812 1715
f 1713 1715 1812
f 1812 1671 1672
f 1713 1812 1672
f 1713 1672 1679
f 1778 1809 1763
f 1517 1808 1775
f 1776 1819 1777
f 1819 1370 1809
f 1777 1819 1809
f 1778 1777 1809
f 1775 1808 1367
f 1776 1775 1367
f 1776 1367 1819
f 1819 1367 1366
f 1366 1022 1031
f 1819 1366 1031
f 1813 1812 1820
f 1503 1716 1718
f 1503 1779 1716
f 1779 1820 1716
f 1774 1815 1768
f 1781 1820 1779
f 1769 1816 1780
f 1780 1816 1813
f 1781 1780 1813
f 1781 1813 1820
f 1820 1715 1716
f 418 416 393
f 393 416 392
f 416 412 392
f 392 412 391
f 330 329 418
f 418 329 416
f 412 416 329
f 412 329 315
f 412 315 410
f 391 412 390
f 389 390 412
f 412 410 409
f 389 412 409
f 389 409 388
f 328 326 385
f 385 326 386
f 385 381 325
f 396 394 418
f 394 330 418
f 394 331 330
f 399 331 394
f 396 418 393
f 327 331 399
f 325 328 385
f 299 298 367
f 298 297 367
f 367 297 366
f 364 366 297
f 297 296 364
f 362 364 296
f 296 295 362
f 361 362 295
f 295 294 361
f 361 294 293
f 361 293 401
f 358 361 401
f 293 289 401
f 360 359 402
f 360 402 291
f 360 291 292
f 400 402 357
f 367 368 299
f 357 402 359
f 292 300 371
f 371 301 372
f 404 405 377
f 377 405 363
f 405 404 307
f 405 307 305
f 403 405 305
f 376 404 377
f 375 304 307
f 376 375 307
f 376 307 404
f 403 305 306
f 303 304 374
f 374 304 375
f 374 373 302
f 302 303 374
f 373 372 301
f 301 302 373
f 300 301 371
f 371 360 292
f 402 290 291
f 402 400 286
f 286 290 402
f 288 287 400
f 401 288 400
f 358 401 400
f 357 358 400
f 289 288 401
f 287 286 400
f 296 225 295
f 295 225 224
f 295 224 337
f 294 295 337
f 224 221 337
f 294 337 293
f 289 293 337
f 289 337 221
f 289 221 217
f 291 336 292
f 335 218 219
f 290 335 219
f 290 219 336
f 291 290 336
f 290 286 334
f 334 335 290
f 288 333 287
f 226 225 296
f 288 289 217
f 296 297 226
f 338 227 226
f 303 302 233
f 303 233 234
f 303 234 340
f 232 233 301
f 301 233 302
f 301 300 231
f 231 232 301
f 300 292 336
f 336 230 231
f 300 336 231
f 336 219 230
f 339 229 228
f 299 339 228
f 298 299 228
f 298 228 338
f 298 338 297
f 228 227 338
f 297 338 226
f 288 217 216
f 288 216 333
f 287 333 332
f 286 287 332
f 286 332 334
f 215 332 216
f 216 332 333
f 303 340 304
f 341 235 236
f 342 234 235
f 307 342 305
f 307 304 340
f 340 342 307
f 305 342 341
f 306 305 341
f 306 341 343
f 343 341 236
f 339 343 236
f 339 236 229
f 342 340 234
f 341 342 235
f 180 179 276
f 245 246 178
f 178 177 245
f 244 275 243
f 242 243 275
f 275 274 273
f 242 275 273
f 242 273 241
f 273 274 176
f 273 176 175
f 240 273 175
f 239 240 175
f 241 273 240
f 175 174 239
f 239 174 238
f 174 173 238
f 238 173 237
f 179 181 277
f 277 276 179
f 247 177 180
f 277 280 278
f 278 280 281
f 280 184 185
f 181 184 277
f 277 184 280
f 252 279 253
f 248 278 251
f 250 237 173
f 173 183 250
f 182 178 249
f 249 178 246
f 249 250 183
f 183 182 249
f 247 276 277
f 248 247 277
f 248 277 278
f 247 245 177
f 247 180 276
f 281 185 186
f 280 185 281
f 251 187 188
f 256 191 283
f 257 256 283
f 255 253 279
f 194 192 284
f 279 194 284
f 255 279 284
f 284 192 193
f 191 190 283
f 283 190 282
f 274 282 190
f 190 176 274
f 188 189 279
f 254 188 279
f 252 254 279
f 281 186 187
f 278 281 187
f 251 278 187
f 256 284 191
f 284 193 191
f 255 284 256
f 282 274 275
f 254 251 188
f 257 283 258
f 259 285 260
f 285 275 260
f 260 275 244
f 259 258 283
f 259 283 282
f 259 282 285
f 275 285 282
f 279 189 194
f 92 195 94
f 94 195 197
f 196 195 91
f 91 93 196
f 92 91 195
f 197 196 198
f 195 196 197
f 199 95 94
f 157 156 200
f 157 200 101
f 157 101 102
f 156 153 198
f 198 200 156
f 200 99 101
f 198 196 98
f 198 98 99
f 200 198 99
f 196 93 98
f 155 97 96
f 155 96 199
f 154 155 199
f 96 95 199
f 154 199 197
f 153 154 197
f 153 197 198
f 94 197 199
f 119 148 121
f 120 121 148
f 148 144 120
f 102 104 158
f 120 144 117
f 158 157 102
f 104 105 158
f 165 117 201
f 165 201 163
f 202 118 203
f 203 118 119
f 160 107 118
f 160 118 202
f 164 160 202
f 117 111 201
f 201 111 110
f 163 201 110
f 162 163 110
f 110 108 162
f 162 108 161
f 155 161 108
f 108 97 155
f 105 107 159
f 159 107 160
f 165 120 117
f 165 204 120
f 165 166 204
f 167 204 166
f 172 206 169
f 172 171 203
f 203 206 172
f 202 203 170
f 170 203 171
f 158 105 159
f 164 202 170
f 206 205 168
f 205 204 168
f 168 204 167
f 205 206 203
f 205 203 119
f 205 119 121
f 121 120 205
f 205 120 204
f 168 169 206
f 119 118 146
f 144 148 146
f 40 4 43
f 41 42 3
f 3 2 41
f 2 1 41
f 41 1 40
f 1 4 40
f 4 5 44
f 45 3 42
f 80 15 17
f 52 80 54
f 52 51 13
f 13 15 80
f 52 13 80
f 5 13 44
f 44 13 51
f 79 11 10
f 49 79 10
f 48 49 10
f 48 10 78
f 48 78 47
f 10 8 78
f 78 8 6
f 47 78 6
f 45 47 6
f 6 3 45
f 44 43 4
f 4 28 5
f 4 1 25
f 25 27 4
f 26 25 3
f 3 25 2
f 2 25 1
f 27 28 4
f 29 25 26
f 27 25 29
f 28 27 29
f 17 31 11
f 17 15 30
f 30 31 17
f 28 30 13
f 17 81 80
f 13 30 15
f 11 31 10
f 10 31 30
f 10 30 29
f 8 10 29
f 29 26 8
f 8 26 6
f 6 26 3
f 29 30 28
f 5 28 13
f 146 148 119
f 56 81 82
f 54 80 81
f 104 58 137
f 105 104 137
f 56 58 102
f 102 58 104
f 102 101 54
f 54 56 102
f 101 99 52
f 52 54 101
f 51 52 98
f 98 52 99
f 98 93 44
f 44 51 98
f 96 97 49
f 49 48 96
f 48 47 96
f 96 47 95
f 95 47 45
f 58 59 137
f 95 45 136
f 105 137 107
f 97 138 61
f 146 142 144
f 137 146 107
f 107 146 118
f 146 137 59
f 146 59 64
f 142 146 64
f 144 142 141
f 117 144 141
f 111 117 141
f 141 138 111
f 111 138 110
f 64 63 142
f 142 63 141
f 63 61 141
f 141 61 138
f 110 138 108
f 97 108 138
f 97 61 49
f 94 95 136
f 45 42 136
f 136 135 94
f 59 84 64
f 63 64 84
f 84 83 63
f 83 79 63
f 63 79 61
f 61 79 49
f 82 84 58
f 58 84 59
f 56 82 58
f 83 84 82
f 82 81 83
f 83 81 17
f 83 17 11
f 79 83 11
f 94 135 92
f 93 91 43
f 43 44 93
f 92 135 40
f 91 92 40
f 91 40 43
f 136 42 41
f 41 135 136
f 56 54 81
f 41 40 135
f 309 344 308
f 310 308 238
f 308 344 238
f 344 239 238
f 309 240 344
f 329 347 315
f 328 354 326
f 257 258 354
f 325 257 354
f 328 325 354
f 326 354 259
f 327 326 259
f 259 260 355
f 327 259 355
f 260 244 355
f 355 244 348
f 354 258 259
f 324 323 255
f 255 256 324
f 325 324 256
f 256 257 325
f 323 322 253
f 348 347 329
f 253 255 323
f 329 330 348
f 355 348 331
f 327 355 331
f 331 348 330
f 353 254 252
f 353 251 254
f 321 352 353
f 246 245 349
f 347 348 244
f 347 244 243
f 347 243 346
f 314 315 347
f 314 347 346
f 314 346 345
f 243 242 346
f 345 346 242
f 312 345 242
f 312 242 241
f 311 312 241
f 314 345 313
f 313 345 312
f 240 239 344
f 309 311 241
f 309 241 240
f 245 247 350
f 350 349 245
f 350 247 248
f 250 249 351
f 321 353 252
f 322 321 252
f 322 252 253
f 320 352 321
f 352 350 248
f 352 248 251
f 353 352 251
f 320 316 349
f 320 349 350
f 319 351 317
f 318 237 250
f 318 250 351
f 319 318 351
f 317 351 249
f 317 249 246
f 316 317 246
f 316 246 349
f 320 350 352
f 645 644 505
f 645 505 506
f 644 731 505
f 506 507 646
f 646 508 647
f 735 517 520
f 733 514 517
f 651 733 517
f 652 651 517
f 652 517 735
f 733 510 514
f 650 733 651
f 650 647 508
f 508 510 733
f 650 508 733
f 507 508 646
f 646 645 506
f 811 907 908
f 636 907 638
f 638 907 909
f 908 907 635
f 635 637 908
f 636 635 907
f 811 812 907
f 812 909 907
f 910 908 637
f 911 642 643
f 815 814 641
f 641 642 911
f 815 641 911
f 814 813 910
f 814 910 640
f 814 640 641
f 813 811 908
f 908 910 813
f 910 639 640
f 637 639 910
f 502 578 503
f 501 576 577
f 501 577 578
f 502 501 578
f 575 577 576
f 576 573 575
f 500 576 501
f 573 576 496
f 496 576 500
f 497 498 574
f 574 575 573
f 497 574 573
f 499 574 498
f 497 573 496
f 517 585 587
f 520 517 587
f 520 587 588
f 433 587 585
f 585 430 433
f 514 585 517
f 514 510 427
f 427 430 585
f 514 427 585
f 508 582 425
f 510 508 425
f 510 425 427
f 507 582 508
f 582 435 425
f 506 434 435
f 506 435 582
f 507 506 582
f 432 434 505
f 505 434 506
f 459 463 478
f 459 478 386
f 459 386 399
f 463 462 476
f 476 478 463
f 487 398 476
f 442 387 479
f 437 440 479
f 479 384 379
f 437 479 379
f 442 479 440
f 439 438 475
f 475 477 439
f 378 382 475
f 436 378 475
f 438 436 475
f 477 475 380
f 380 383 477
f 382 380 475
f 436 437 379
f 379 378 436
f 442 444 387
f 444 388 387
f 387 384 479
f 448 483 447
f 476 398 381
f 487 397 398
f 461 486 487
f 462 461 487
f 462 487 476
f 477 486 439
f 439 486 461
f 395 397 486
f 486 397 487
f 383 395 486
f 460 485 458
f 452 485 460
f 485 483 458
f 458 483 456
f 456 483 448
f 483 485 447
f 447 485 452
f 486 477 383
f 547 563 622
f 547 622 608
f 620 619 565
f 565 619 564
f 564 619 563
f 558 618 560
f 562 560 618
f 460 458 616
f 618 460 616
f 562 618 616
f 558 556 614
f 614 618 558
f 614 613 452
f 618 614 452
f 460 618 452
f 458 456 616
f 616 456 615
f 563 619 622
f 610 615 456
f 610 608 622
f 622 619 620
f 570 630 571
f 571 630 623
f 572 571 623
f 572 623 627
f 569 616 615
f 570 569 615
f 570 615 630
f 615 610 630
f 630 610 623
f 627 626 568
f 568 626 567
f 626 620 567
f 567 620 566
f 566 620 565
f 623 622 627
f 627 622 626
f 620 626 622
f 622 623 610
f 456 448 607
f 610 456 607
f 452 613 612
f 538 534 442
f 440 437 603
f 536 440 603
f 539 536 603
f 442 440 538
f 538 440 536
f 605 604 438
f 438 439 605
f 604 603 436
f 436 438 604
f 437 436 603
f 535 602 534
f 534 602 442
f 602 444 442
f 603 604 540
f 540 539 603
f 612 447 452
f 551 542 607
f 607 448 447
f 607 447 612
f 551 607 612
f 554 614 556
f 554 552 613
f 613 614 554
f 562 616 569
f 612 613 549
f 551 612 549
f 608 610 607
f 545 608 607
f 544 545 607
f 547 608 545
f 544 607 542
f 604 605 540
f 540 605 537
f 549 613 552
f 572 627 568
f 439 461 605
f 606 461 462
f 605 461 606
f 4295 4296 4165
f 4295 4165 4401
f 4294 4295 4401
f 4401 4399 4294
f 4294 4399 4292
f 4165 4164 4401
f 4401 4164 4163
f 4163 4399 4401
f 4292 4399 4163
f 4291 4292 4163
f 4163 4162 4398
f 4291 4163 4398
f 4162 4161 4398
f 4296 4166 4165
f 4296 4302 4166
f 4405 4167 4166
f 4317 4177 4409
f 4174 4407 4177
f 4177 4407 4409
f 4174 4172 4407
f 4317 4409 4314
f 4312 4314 4409
f 4409 4407 4406
f 4312 4409 4406
f 4312 4406 4310
f 4407 4172 4170
f 4170 4406 4407
f 4406 4170 4169
f 4310 4406 4169
f 4310 4169 4405
f 4306 4310 4405
f 4169 4167 4405
f 4306 4405 4302
f 4302 4405 4166
f 4317 4178 4177
f 3980 3978 4281
f 4259 4258 4024
f 4024 4025 4259
f 4025 4026 4259
f 4259 4026 4260
f 4023 4024 4257
f 4257 4024 4258
f 4022 4010 4255
f 4255 4010 4256
f 4020 4021 4253
f 4253 4021 4254
f 4253 4251 4016
f 4016 4020 4253
f 4250 4252 4018
f 4018 4013 4250
f 4251 4249 4012
f 4012 4016 4251
f 4013 4012 4250
f 4026 4022 4255
f 4250 4012 4249
f 4255 4260 4026
f 4262 4261 4011
f 4221 4267 4019
f 4019 4002 4221
f 4289 4015 4017
f 4267 4266 4289
f 4289 4017 4019
f 4267 4289 4019
f 4014 4015 4289
f 4262 4014 4289
f 4265 4262 4289
f 4265 4289 4266
f 4009 4011 4264
f 4264 4011 4261
f 4010 4008 4256
f 4256 4008 4263
f 4264 4263 4008
f 4008 4009 4264
f 4011 4014 4262
f 4317 4321 4178
f 4321 4305 4178
f 4305 4411 4178
f 4124 4072 4428
f 4122 4124 4485
f 4485 4124 4487
f 4484 4512 4120
f 4485 4484 4120
f 4485 4120 4122
f 4512 4118 4120
f 4482 4512 4484
f 4479 4116 4118
f 4479 4118 4512
f 4482 4479 4512
f 4479 4474 4511
f 4511 4112 4116
f 4479 4511 4116
f 4458 4511 4474
f 4114 4104 4471
f 4471 4104 4452
f 4428 4487 4124
f 4511 4110 4112
f 4127 4114 4471
f 4490 4127 4488
f 4142 4140 4503
f 4503 4140 4501
f 4499 4501 4140
f 4140 4137 4499
f 4137 4135 4499
f 4499 4135 4497
f 4496 4497 4135
f 4135 4133 4496
f 4496 4133 4131
f 4496 4131 4514
f 4494 4496 4514
f 4131 4130 4514
f 4494 4514 4492
f 4490 4492 4514
f 4490 4514 4130
f 4490 4130 4128
f 4128 4127 4490
f 4471 4488 4127
f 4503 4168 4142
f 4458 4435 4509
f 4509 4108 4511
f 4108 4110 4511
f 4430 4508 4432
f 4432 4508 4509
f 4458 4509 4511
f 4509 4086 4108
f 4449 4452 4104
f 4104 4102 4449
f 4102 4094 4449
f 4449 4094 4447
f 4445 4447 4094
f 4094 4091 4445
f 4091 4088 4445
f 4445 4088 4443
f 4441 4443 4088
f 4088 4087 4441
f 4439 4441 4087
f 4087 4085 4439
f 4433 4509 4435
f 4508 4083 4086
f 4508 4086 4509
f 4433 4432 4509
f 4168 4027 4142
f 4503 4403 4168
f 4503 4313 4403
f 4481 4513 4460
f 4426 4513 4472
f 4472 4513 4481
f 4385 4426 4472
f 4455 4465 4105
f 4105 4103 4455
f 4107 4105 4467
f 4467 4105 4465
f 4103 4018 4252
f 4455 4103 4252
f 4383 4455 4252
f 4341 4400 4290
f 4415 4211 4171
f 4415 4171 4400
f 4340 4415 4400
f 4341 4340 4400
f 4330 4414 4199
f 4330 4199 4200
f 4328 4414 4329
f 4414 4198 4199
f 4327 4192 4198
f 4327 4198 4414
f 4328 4327 4414
f 4191 4192 4326
f 4326 4192 4327
f 4326 4325 4190
f 4190 4191 4326
f 4189 4190 4324
f 4324 4190 4325
f 4324 4323 4186
f 4186 4189 4324
f 4182 4180 4411
f 4411 4180 4178
f 4330 4329 4414
f 4200 4201 4331
f 4331 4330 4200
f 4331 4203 4332
f 4339 4415 4340
f 4415 4210 4211
f 4339 4338 4209
f 4209 4210 4415
f 4339 4209 4415
f 4208 4209 4337
f 4337 4209 4338
f 4337 4336 4207
f 4207 4208 4337
f 4335 4207 4336
f 4335 4334 4205
f 4205 4206 4335
f 4204 4205 4333
f 4333 4205 4334
f 4333 4332 4203
f 4203 4204 4333
f 4201 4203 4331
f 4206 4207 4335
f 4372 4371 4423
f 4423 4243 4244
f 4372 4423 4244
f 4368 4423 4371
f 4244 4245 4372
f 4246 4247 4378
f 4423 4248 4243
f 4247 4248 4423
f 4379 4247 4423
f 4368 4379 4423
f 4378 4354 4228
f 4228 4246 4378
f 4378 4247 4379
f 4234 4226 4353
f 4419 4224 4231
f 4355 4352 4419
f 4419 4231 4234
f 4355 4419 4234
f 4226 4228 4353
f 4353 4228 4354
f 4222 4224 4419
f 4350 4222 4419
f 4351 4350 4419
f 4351 4419 4352
f 4350 4349 4417
f 4350 4417 4221
f 4350 4221 4222
f 4348 4417 4349
f 4353 4355 4234
f 3796 3795 3959
f 3959 3795 3972
f 3971 3972 3795
f 3795 3793 3971
f 3971 3793 3788
f 3971 3788 4038
f 3970 3971 4038
f 3788 3787 4038
f 3944 3941 3768
f 3768 3770 3944
f 3767 3768 3939
f 3939 3768 3941
f 3939 3935 3766
f 3766 3767 3939
f 3765 3766 3933
f 3933 3766 3935
f 3933 3931 3764
f 3764 3765 3933
f 3762 3764 3929
f 3929 3764 3931
f 3929 3928 3760
f 3760 3762 3929
f 3944 3771 3948
f 3770 3771 3944
f 3771 3772 3952
f 3952 3948 3771
f 3970 4038 3969
f 3951 3969 4038
f 4038 3787 3785
f 3951 4038 3785
f 3968 3967 4035
f 4035 3781 3783
f 3968 4035 3783
f 3966 4035 3967
f 4035 3780 3781
f 3963 3776 4035
f 3966 3963 4035
f 3775 3776 3957
f 3957 3776 3963
f 3957 3955 3773
f 3773 3775 3957
f 3772 3773 3952
f 3952 3773 3955
f 3776 3780 4035
f 3568 3587 3910
f 3586 3561 3909
f 3911 3586 3909
f 3911 3587 3586
f 3589 3588 3912
f 3916 3594 3596
f 3916 3596 3917
f 3919 3916 3917
f 3918 3917 3595
f 3918 3595 3589
f 3918 3589 3912
f 3596 3595 3917
f 3563 3594 3916
f 3913 3593 3915
f 3915 3593 3566
f 3913 3590 3593
f 3914 3592 3591
f 3915 3914 3591
f 3915 3591 3913
f 3914 3912 3588
f 3588 3592 3914
f 3591 3590 3913
f 3911 3910 3587
f 3917 3918 3920
f 3920 3919 3917
f 3921 3909 3561
f 3856 3855 3579
f 3579 3580 3856
f 3577 3574 3877
f 3877 3574 3873
f 3578 3576 3875
f 3875 3576 3876
f 3877 3876 3576
f 3576 3577 3877
f 3875 3874 3601
f 3565 3924 3922
f 3922 3923 3564
f 3565 3922 3564
f 3918 3922 3920
f 3920 3922 3924
f 3914 3915 3922
f 3922 3915 3923
f 3922 3918 3912
f 3912 3914 3922
f 3862 3921 3861
f 3863 3911 3909
f 3863 3909 3921
f 3862 3863 3921
f 3562 3563 3916
f 3921 3562 3916
f 3861 3921 3916
f 3860 3861 3916
f 3915 3566 3567
f 3567 3923 3915
f 3923 3567 3564
f 3864 3865 3910
f 3601 3578 3875
f 3854 3873 3574
f 3574 3575 3854
f 3866 3911 3863
f 3870 3926 3872
f 3869 3871 3573
f 3573 3571 3869
f 3570 3572 3926
f 3561 3562 3921
f 3868 3570 3926
f 3571 3570 3869
f 3869 3570 3868
f 3867 3925 3865
f 3866 3864 3910
f 3910 3911 3866
f 3925 3569 3568
f 3925 3568 3910
f 3865 3925 3910
f 3870 3868 3926
f 4275 3971 3970
f 4197 4275 3970
f 4196 4197 3970
f 3970 3969 4196
f 4196 3969 4195
f 4194 4195 3969
f 3969 3951 4274
f 4194 3969 4274
f 4194 4274 4182
f 4187 4183 3967
f 3967 3968 4271
f 4187 3967 4271
f 3966 3967 4181
f 4181 3967 4183
f 4181 4179 3963
f 3963 3966 4181
f 3972 3971 4275
f 4202 4275 4197
f 4202 3972 4275
f 4202 3959 3972
f 4202 4184 3959
f 3957 3963 4176
f 4176 3963 4179
f 3955 3957 4176
f 4176 4175 3955
f 3952 3955 4173
f 4173 3955 4175
f 4173 4171 3948
f 3948 3952 4173
f 3984 3823 3986
f 3822 3823 3984
f 3984 3997 3831
f 3831 3822 3984
f 3990 3999 3833
f 3833 3827 3990
f 3995 3992 3829
f 3829 3830 3995
f 3830 3831 3995
f 3995 3831 3997
f 3827 3829 3990
f 3990 3829 3992
f 3987 3986 3823
f 4090 4153 4089
f 4092 3676 4153
f 4032 3983 3843
f 3843 3529 3679
f 4032 3843 3679
f 3678 3676 4093
f 4093 3676 4092
f 4093 4032 3679
f 3679 3678 4093
f 3676 3674 4153
f 4090 4092 4153
f 5208 5370 4829
f 5209 5208 4829
f 5203 5370 5208
f 5370 4825 4826
f 5203 5200 5368
f 4823 4825 5370
f 5368 4823 5370
f 5203 5368 5370
f 5368 4815 4823
f 5366 5368 5196
f 5196 5368 5200
f 5195 5366 5196
f 5368 5366 4847
f 4847 4815 5368
f 5193 5362 4844
f 5193 4844 4847
f 5370 4826 4829
f 5195 5193 4847
f 4852 4850 5380
f 5222 5381 5217
f 5215 5217 5381
f 5215 5381 5380
f 5215 5380 5378
f 5214 5215 5378
f 5378 5377 5214
f 5380 4850 4849
f 4849 5378 5380
f 5378 4849 4846
f 4846 5375 5377
f 5378 4846 5377
f 4846 4834 5375
f 5195 4847 5366
f 5191 5362 5193
f 5362 4841 4844
f 5191 5184 5360
f 4840 4841 5362
f 5360 4840 5362
f 5191 5360 5362
f 5183 5360 5184
f 5360 4838 4840
f 5356 4837 4838
f 5356 4838 5360
f 5382 5380 5381
f 5181 5356 5360
f 5356 4824 4837
f 5183 5181 5360
f 5382 4852 5380
f 5382 5381 5222
f 5385 5384 5242
f 5242 5384 5240
f 4865 4864 5386
f 5386 4864 4863
f 4863 5385 5386
f 5385 4863 4861
f 4861 5384 5385
f 5240 5384 4861
f 5240 4861 4860
f 5235 5240 4860
f 5235 4860 5383
f 4860 4859 5383
f 5225 5235 5383
f 5383 5382 5225
f 5383 4859 4856
f 4856 5382 5383
f 5222 5225 5382
f 5242 5243 5385
f 5253 5385 5243
f 5386 5385 5253
f 5253 4865 5386
f 5382 4856 4852
f 5245 5371 5254
f 5371 4827 4865
f 5254 5371 4865
f 5253 5254 4865
f 5293 5390 5268
f 5419 4887 4885
f 5419 4885 5390
f 5295 5419 5390
f 5293 5295 5390
f 4888 4887 5419
f 5291 5292 5405
f 5405 5402 5291
f 5411 5409 4881
f 5411 4881 4874
f 5411 4874 5404
f 4883 4881 5409
f 5278 5279 5408
f 5278 5408 5406
f 5278 5406 5407
f 5408 5404 4873
f 4873 4879 5406
f 5408 4873 5406
f 5406 4877 4869
f 5407 5406 4869
f 5407 4869 5394
f 4879 4877 5406
f 4874 4873 5404
f 5277 5396 5271
f 5277 5256 5389
f 5413 4883 5409
f 5413 4878 4883
f 5413 5388 4878
f 5280 5281 5411
f 5291 5402 5260
f 5276 5401 5290
f 5289 5413 5281
f 5290 5401 5388
f 5289 5290 5388
f 5289 5388 5413
f 5278 5407 5287
f 5286 5399 5288
f 5407 5394 5399
f 5286 5287 5399
f 5280 5411 5285
f 5282 5408 5279
f 5282 5285 5411
f 5411 5404 5408
f 5282 5411 5408
f 5413 5409 5411
f 5281 5413 5411
f 5287 5407 5399
f 5389 5396 5277
f 5400 5401 5274
f 5274 5270 5395
f 5274 5401 5276
f 5261 5391 4882
f 5256 5261 4882
f 5256 4882 5389
f 4892 4886 5391
f 4885 4884 5390
f 4882 4880 5389
f 5388 5387 4875
f 4875 4878 5388
f 4876 4875 5387
f 5391 4886 4882
f 5264 5390 5391
f 5390 4884 4892
f 5395 5400 5274
f 5401 5400 5387
f 5387 5388 5401
f 5400 5395 4895
f 5400 4895 4876
f 5400 4876 5387
f 5396 5392 5395
f 5271 5396 5395
f 5270 5271 5395
f 5396 5389 4880
f 5396 4880 4894
f 5396 4894 5392
f 4893 4895 5392
f 5392 4895 5395
f 4894 4893 5392
f 5264 5391 5261
f 5264 5268 5390
f 5390 4892 5391
f 4682 4647 5023
f 4940 4682 5023
f 4948 4680 4681
f 4948 4681 5054
f 4946 4948 5054
f 4946 5054 4947
f 5053 4678 4679
f 5053 4679 4662
f 4945 5053 4662
f 4943 4945 4662
f 4943 4662 5031
f 5023 4649 4678
f 4941 5023 4678
f 4941 4678 5053
f 4944 4941 5053
f 4944 5053 4945
f 4942 4943 5031
f 4940 4947 4682
f 4947 5054 4682
f 5054 4681 4682
f 5504 5506 5652
f 5652 5651 5504
f 5657 5235 5225
f 5225 5655 5657
f 5655 5225 5222
f 5222 5654 5655
f 5654 5222 5217
f 5654 5217 5649
f 5654 5649 5652
f 5217 5215 5649
f 5648 5651 5649
f 5649 5651 5652
f 5649 5215 5214
f 5214 5648 5649
f 5494 5646 5209
f 5654 5652 5506
f 5506 5507 5654
f 5507 5510 5655
f 5516 5664 5662
f 5664 5253 5243
f 5243 5662 5664
f 5662 5661 5516
f 5516 5661 5514
f 5662 5243 5242
f 5242 5661 5662
f 5661 5659 5514
f 5514 5659 5513
f 5240 5657 5659
f 5242 5240 5659
f 5661 5242 5659
f 5240 5235 5657
f 5513 5659 5511
f 5511 5659 5657
f 5511 5657 5655
f 5510 5511 5655
f 5655 5654 5507
f 5516 5518 5664
f 5646 5208 5209
f 5466 5630 5634
f 5630 5184 5191
f 5628 5625 5183
f 5628 5183 5184
f 5630 5628 5184
f 5625 5181 5183
f 5466 5460 5630
f 5490 5646 5494
f 5460 5628 5630
f 5637 5634 5191
f 5490 5481 5644
f 5490 5644 5203
f 5490 5203 5208
f 5490 5208 5646
f 5644 5200 5203
f 5478 5644 5481
f 5478 5476 5196
f 5478 5196 5200
f 5478 5200 5644
f 5476 5470 5637
f 5476 5637 5195
f 5476 5195 5196
f 5637 5193 5195
f 5470 5468 5634
f 5634 5637 5470
f 5466 5634 5468
f 5634 5630 5191
f 5637 5191 5193
f 5518 5666 5664
f 5254 5253 5664
f 5632 5245 5666
f 5519 5522 5635
f 5519 5635 5632
f 5519 5632 5666
f 5519 5666 5518
f 5245 5254 5664
f 5245 5664 5666
f 5681 5689 5683
f 5683 5689 5694
f 5687 5691 5257
f 5689 5687 5257
f 5258 5689 5257
f 5680 5687 5681
f 5681 5687 5689
f 5546 5545 5684
f 5684 5685 5546
f 5683 5684 5543
f 5543 5684 5545
f 5681 5683 5541
f 5541 5683 5543
f 5540 5679 5680
f 5540 5680 5681
f 5541 5540 5681
f 5539 5679 5540
f 5689 5258 5259
f 5259 5694 5689
f 5684 5694 5695
f 5707 5701 5555
f 5553 5707 5554
f 5699 5702 5703
f 5703 5702 5705
f 5552 5550 5699
f 5699 5703 5552
f 5546 5685 5702
f 5548 5546 5702
f 5548 5702 5699
f 5548 5699 5550
f 5263 5697 5695
f 5695 5262 5263
f 5684 5695 5685
f 5685 5695 5697
f 5262 5695 5694
f 5694 5259 5262
f 5683 5694 5684
f 5691 5260 5257
f 5534 5674 5527
f 5031 5026 4942
f 4942 5026 4914
f 4940 5023 4941
f 4939 5038 4922
f 4626 4750 4644
f 4643 4746 4619
f 4643 4750 4364
f 4621 4747 4620
f 4618 4358 4360
f 4618 4360 4747
f 4621 4618 4747
f 4617 4620 4747
f 4617 4747 4359
f 4617 4359 4361
f 4360 4359 4747
f 4746 4356 4358
f 4619 4746 4358
f 4618 4619 4358
f 4357 4356 4746
f 4363 4362 4749
f 4643 4644 4750
f 4365 4364 4750
f 4624 4749 4366
f 4364 4357 4746
f 4643 4364 4746
f 4629 4749 4624
f 4642 4751 4633
f 4642 4623 4740
f 4642 4740 4370
f 4370 4369 4751
f 4642 4370 4751
f 4629 4633 4751
f 4629 4751 4367
f 4367 4363 4749
f 4629 4367 4749
f 4369 4367 4751
f 4622 4366 4365
f 4622 4365 4750
f 4626 4622 4750
f 4749 4362 4366
f 4622 4624 4366
f 4346 4370 4740
f 4664 4763 4764
f 4646 4664 4764
f 4646 4764 4752
f 4665 4763 4664
f 4663 4761 4661
f 4657 4758 4654
f 4755 4758 4652
f 4652 4758 4657
f 4654 4758 4757
f 4655 4654 4757
f 4655 4757 4759
f 4645 4752 4759
f 4645 4759 4757
f 4653 4645 4757
f 4757 4758 4755
f 4755 4753 4757
f 4757 4753 4653
f 4665 4765 4763
f 4653 4753 4650
f 4665 4661 4765
f 4667 4763 4765
f 4673 4672 4767
f 4673 4767 4770
f 4765 4771 4667
f 4667 4771 4671
f 4765 4761 4771
f 4771 4761 4767
f 4769 4770 4767
f 4767 4766 4769
f 4669 4670 4768
f 4669 4768 4769
f 4669 4769 4766
f 4668 4766 4767
f 4668 4767 4761
f 4663 4668 4761
f 4669 4766 4668
f 4666 4764 4763
f 4667 4666 4763
f 4661 4761 4765
f 4651 4755 4652
f 4753 4755 4648
f 4648 4755 4651
f 4650 4753 4648
f 4646 4752 4645
f 4672 4771 4767
f 4671 4771 4672
f 4675 4674 4752
f 4682 4773 4389
f 4682 4389 4390
f 4682 4390 4754
f 4682 4754 4647
f 4680 4773 4681
f 4679 4678 4387
f 4679 4387 4388
f 4679 4388 4762
f 4679 4762 4662
f 4386 4387 4649
f 4649 4387 4678
f 4676 4772 4677
f 4770 4772 4673
f 4673 4772 4676
f 4675 4764 4666
f 4655 4759 4674
f 4674 4759 4752
f 4682 4681 4773
f 4675 4752 4764
f 4727 4722 4726
f 4567 4726 4722
f 4565 4567 4722
f 4565 4722 4720
f 4719 4717 4724
f 4724 4717 4722
f 4717 4714 4722
f 4722 4714 4720
f 4717 4719 4716
f 4716 4715 4717
f 4715 4712 4717
f 4717 4712 4714
f 4546 4705 4715
f 4553 4546 4715
f 4553 4715 4716
f 4712 4715 4705
f 4705 4703 4712
f 4724 4722 4727
f 4552 4714 4712
f 4553 4716 4569
f 4570 4569 4719
f 4593 4316 4313
f 4581 4733 4587
f 4579 4730 4732
f 4581 4579 4732
f 4581 4732 4733
f 4574 4730 4579
f 4731 4732 4730
f 4730 4729 4731
f 4727 4731 4729
f 4729 4724 4727
f 4574 4571 4728
f 4574 4728 4729
f 4574 4729 4730
f 4724 4729 4728
f 4728 4719 4724
f 4570 4728 4571
f 4569 4716 4719
f 4570 4719 4728
f 4550 4552 4712
f 4550 4712 4707
f 4550 4707 4548
f 4531 4687 4696
f 4529 4695 4530
f 4528 4688 4527
f 4688 4687 4527
f 4527 4687 4526
f 4531 4530 4687
f 4530 4695 4687
f 4531 4696 4532
f 4697 4687 4688
f 4703 4700 4712
f 4712 4700 4707
f 4707 4700 4548
f 4548 4700 4534
f 4545 4705 4546
f 4544 4699 4703
f 4545 4544 4703
f 4545 4703 4705
f 4533 4699 4544
f 4703 4697 4700
f 4534 4700 4697
f 4528 4534 4697
f 4528 4697 4688
f 4532 4696 4697
f 4533 4532 4697
f 4533 4697 4699
f 4696 4687 4697
f 4699 4697 4703
f 4593 4734 4316
f 4593 4594 4734
f 4319 4316 4734
f 4596 4734 4594
f 4737 4736 4602
f 4602 4736 4601
f 4737 4296 4295
f 4295 4736 4737
f 4601 4736 4600
f 4736 4295 4294
f 4600 4736 4294
f 4599 4600 4294
f 4599 4294 4292
f 4598 4599 4292
f 4598 4292 4735
f 4292 4291 4735
f 4598 4735 4597
f 4597 4735 4291
f 4597 4291 4319
f 4596 4597 4319
f 4596 4319 4734
f 4302 4296 4737
f 4602 4738 4737
f 4738 4302 4737
f 4738 4306 4302
f 4689 4317 4314
f 4689 4314 4739
f 4689 4739 4698
f 4314 4312 4739
f 4698 4739 4605
f 4604 4605 4739
f 4312 4310 4738
f 4739 4312 4738
f 4604 4739 4738
f 4310 4306 4738
f 4604 4738 4603
f 4602 4603 4738
f 4605 4572 4698
f 4910 5024 4909
f 4915 5027 4913
f 4650 4648 5033
f 5025 4650 5033
f 4911 5025 5033
f 4920 4911 5033
f 5033 5034 4919
f 4919 5034 4921
f 4920 5033 4919
f 4645 5030 5028
f 4646 4645 5028
f 5032 4646 5028
f 4918 4913 5027
f 4918 5027 5032
f 4918 5032 5028
f 4912 4917 5028
f 5028 5030 5025
f 4912 5028 5025
f 4918 5028 4917
f 4912 5025 4911
f 5033 4648 4651
f 4651 5034 5033
f 5034 5035 4972
f 4930 5049 5048
f 4931 4930 5048
f 4931 5048 5050
f 5050 5048 4675
f 5050 4675 4666
f 5044 5050 4666
f 5049 5039 4655
f 5049 4655 4674
f 5048 5049 4674
f 5048 4674 4675
f 5046 4671 4672
f 4928 5046 4672
f 4928 4672 5047
f 4929 4928 5047
f 5047 4672 4673
f 5044 4667 5046
f 5046 4667 4671
f 4925 5049 4932
f 4670 4669 5045
f 5039 5049 4925
f 4934 5050 5046
f 5036 5038 4938
f 4938 5038 4939
f 4938 4836 4974
f 4974 5036 4938
f 4935 5051 4936
f 4936 5051 4676
f 4936 4676 4677
f 4937 4936 4677
f 4937 4677 5052
f 5047 5051 4929
f 4929 5051 4935
f 5047 4673 5051
f 5051 4673 4676
f 4934 5046 4928
f 4931 5050 4933
f 4934 4933 5050
f 5050 5044 5046
f 4932 5049 4930
f 4668 4663 5043
f 4668 5043 5024
f 4669 4668 5024
f 4923 4922 5038
f 5038 5037 5040
f 4923 5038 5040
f 5037 4652 5040
f 5040 4652 4657
f 5039 4654 4655
f 4645 4653 5030
f 5030 4653 4650
f 4650 5025 5030
f 5036 5035 5038
f 5038 5035 5037
f 4652 5037 5035
f 5035 5034 4651
f 4652 5035 4651
f 4974 4972 5036
f 5036 4972 5035
f 4819 4921 5034
f 4925 4924 5039
f 4924 5040 5039
f 5040 4654 5039
f 5040 4657 4654
f 5045 4669 5024
f 5044 4666 4667
f 4661 4665 5042
f 4664 4646 5032
f 4664 5032 5027
f 4665 4664 5027
f 5042 4665 5027
f 4661 5042 5041
f 4819 5034 4972
f 4663 4661 5041
f 4927 4909 5024
f 5024 5043 5041
f 4927 5024 5041
f 4915 4926 5041
f 4915 5041 5042
f 4915 5042 5027
f 4927 5041 4926
f 4923 5040 4924
f 5043 4663 5041
f 4625 4627 5013
f 4891 4625 5013
f 4891 5013 4896
f 4889 5012 4890
f 4887 5011 4885
f 4887 4888 5010
f 4887 5010 4609
f 4609 4623 5011
f 4887 4609 5011
f 4878 5009 4883
f 4881 5008 4874
f 4883 5009 4617
f 4881 4883 4617
f 4881 4617 4607
f 4881 4607 5008
f 4610 4615 4873
f 4891 5012 4625
f 4873 4615 4879
f 4891 4890 5012
f 4898 4896 5013
f 4901 4639 5016
f 4903 5018 4638
f 4906 4903 4638
f 4906 4638 4640
f 4906 4640 5020
f 4906 5020 4907
f 4902 4905 4635
f 4902 4635 4637
f 4902 4637 5018
f 5014 4628 4632
f 4898 5014 4632
f 4905 4898 4632
f 4905 4632 4635
f 4902 5018 4903
f 4901 5016 4897
f 4628 5014 5013
f 5013 4627 4628
f 5013 5014 4898
f 4611 4612 4877
f 4877 4612 4869
f 4877 4879 4615
f 4615 4611 4877
f 4873 4874 5008
f 5008 4606 4610
f 4873 5008 4610
f 4607 4606 5008
f 4901 4907 4639
f 4907 4641 4639
f 5020 4640 4641
f 5018 4637 4638
f 4907 5020 4641
f 4810 4808 4992
f 4992 4570 4571
f 4992 4571 4994
f 4810 4992 4994
f 4992 4569 4570
f 4806 4992 4808
f 4976 4553 4569
f 4976 4569 4992
f 4805 4976 4992
f 4806 4805 4992
f 4797 4976 4805
f 4567 4565 4984
f 4976 4546 4553
f 4552 4550 4981
f 4802 4981 4550
f 4550 4548 4978
f 4802 4550 4978
f 4810 4994 4818
f 4799 4802 4978
f 4994 4571 4574
f 4818 4994 4998
f 4853 5001 4851
f 4597 4596 5001
f 4848 4851 5001
f 4848 5001 4596
f 4848 4596 4594
f 4848 4594 4593
f 4843 4848 4593
f 4843 4593 5000
f 4843 5000 4839
f 4835 4831 4998
f 4835 4998 4581
f 4835 4581 4587
f 4835 4587 4999
f 4998 4579 4581
f 4828 4998 4831
f 4994 4574 4579
f 4994 4579 4998
f 4828 4818 4998
f 4534 4967 4548
f 4548 4967 4978
f 4799 4978 4798
f 4962 4529 4530
f 4962 4530 4969
f 4791 4962 4969
f 4789 4790 4967
f 4789 4967 4528
f 4528 4527 4965
f 4789 4528 4965
f 4789 4965 4788
f 4526 4964 4527
f 4527 4964 4965
f 4787 4788 4965
f 4965 4964 4963
f 4787 4965 4963
f 4787 4963 4786
f 4791 4785 4962
f 4791 4969 4792
f 4969 4530 4531
f 4793 4532 4971
f 4978 4967 4798
f 4798 4967 4790
f 4545 4546 4976
f 4975 4545 4976
f 4796 4975 4976
f 4797 4796 4976
f 4975 4544 4545
f 4795 4975 4796
f 4853 4854 5001
f 4795 4794 4971
f 4971 4544 4975
f 4795 4971 4975
f 4534 4528 4967
f 4971 4532 4533
f 4793 4971 4794
f 4792 4969 4531
f 4793 4792 4531
f 4793 4531 4532
f 4971 4533 4544
f 4854 5002 5001
f 5002 4598 4597
f 4866 5006 5005
f 4866 5005 5004
f 4862 4866 5004
f 4603 4602 5005
f 5005 4602 4601
f 4601 5004 5005
f 4862 5004 4858
f 5004 4601 4600
f 4858 5004 4600
f 4858 4600 5003
f 4857 4858 5003
f 4600 4599 5003
f 5003 5002 4857
f 4857 5002 4855
f 5003 4599 4598
f 4598 5002 5003
f 4855 5002 4854
f 4867 5006 4866
f 5007 4604 5006
f 4604 4603 5006
f 4603 5005 5006
f 5002 4597 5001
f 4605 5007 4572
f 4572 5007 4983
f 4605 4604 5007
f 4867 4833 4983
f 4867 4983 5007
f 4867 5007 5006
f 2654 2682 2254
f 2254 2251 2654
f 2691 2683 2237
f 2237 2247 2691
f 2821 2278 2254
f 2682 2821 2254
f 2680 2821 2679
f 2678 2820 2677
f 2676 2674 2277
f 2277 2276 2816
f 2676 2277 2816
f 2674 2675 2248
f 2248 2277 2674
f 2276 2238 2816
f 2682 2679 2821
f 2680 2677 2821
f 2677 2242 2821
f 2242 2279 2821
f 2243 2248 2688
f 2688 2248 2675
f 2246 2244 2690
f 2690 2244 2689
f 2690 2691 2247
f 2247 2246 2690
f 2688 2689 2244
f 2244 2243 2688
f 2241 2242 2820
f 2678 2686 2240
f 2678 2240 2241
f 2678 2241 2820
f 2816 2238 2240
f 2687 2816 2240
f 2686 2687 2240
f 2279 2278 2821
f 2677 2820 2242
f 2676 2816 2687
f 2744 2811 2659
f 2742 2856 2743
f 2744 2743 2856
f 2856 2310 2249
f 2744 2856 2249
f 2744 2249 2811
f 2306 2309 2856
f 2737 2306 2856
f 2742 2737 2856
f 2856 2309 2310
f 2741 2855 2740
f 2308 2305 2739
f 2739 2305 2736
f 2738 2740 2855
f 2855 2301 2307
f 2738 2855 2307
f 2853 2850 2852
f 2846 2852 2850
f 2850 2844 2846
f 2850 2851 2833
f 2833 2831 2850
f 2704 2844 2850
f 2704 2850 2831
f 2698 2704 2831
f 2303 2304 2722
f 2722 2304 2723
f 2302 2303 2720
f 2720 2303 2722
f 2718 2849 2299
f 2718 2299 2302
f 2720 2718 2302
f 2719 2847 2709
f 2715 2849 2718
f 2851 2850 2853
f 2854 2283 2285
f 2727 2283 2854
f 2727 2726 2283
f 2739 2738 2307
f 2307 2308 2739
f 2737 2736 2305
f 2305 2306 2737
f 2855 2300 2301
f 2735 2842 2732
f 2727 2854 2734
f 2735 2734 2854
f 2285 2289 2842
f 2735 2854 2842
f 2295 2290 2733
f 2733 2290 2726
f 2218 2291 2623
f 2623 2291 2729
f 2733 2729 2291
f 2291 2295 2733
f 2726 2290 2283
f 2854 2285 2842
f 2716 2717 2848
f 2298 2299 2849
f 2716 2848 2849
f 2848 2298 2849
f 2701 2843 2839
f 2702 2701 2839
f 2700 2699 2839
f 2839 2836 2841
f 2700 2839 2841
f 2836 2825 2841
f 2841 2825 2828
f 2838 2835 2839
f 2839 2835 2836
f 2825 2836 2835
f 2835 2824 2825
f 2831 2833 2830
f 2830 2829 2831
f 2831 2829 2698
f 2698 2829 2696
f 2695 2829 2830
f 2695 2830 2826
f 2843 2838 2839
f 2697 2695 2826
f 2703 2843 2701
f 2705 2844 2704
f 2714 2848 2717
f 2848 2297 2298
f 2716 2849 2715
f 2714 2710 2292
f 2292 2297 2848
f 2714 2292 2848
f 2296 2293 2713
f 2713 2293 2711
f 2713 2712 2294
f 2294 2296 2713
f 2710 2711 2293
f 2293 2292 2710
f 2709 2847 2708
f 2706 2845 2846
f 2705 2706 2846
f 2705 2846 2844
f 2707 2845 2706
f 2702 2839 2699
f 2696 2829 2695
f 2827 2828 2825
f 2825 2823 2827
f 2826 2827 2823
f 2694 2826 2823
f 2693 2694 2823
f 2823 2825 2824
f 2824 2822 2823
f 2823 2822 2693
f 2693 2822 2692
f 2682 2654 2983
f 2983 2654 2961
f 2683 2691 2991
f 2680 2679 3105
f 2981 2982 2678
f 2678 2677 2981
f 2674 2676 2978
f 2978 2676 2980
f 2978 2979 2675
f 2675 2674 2978
f 2983 2679 2682
f 2983 3105 2679
f 2983 2984 3105
f 2985 2981 3105
f 2991 2691 2995
f 2688 2675 2992
f 2992 2675 2979
f 2690 2689 2994
f 2994 2689 2993
f 2994 2995 2691
f 2691 2690 2994
f 2992 2993 2689
f 2689 2688 2992
f 2676 2687 2990
f 2686 2678 2987
f 2987 2678 2982
f 2687 2686 2990
f 2990 2686 2987
f 2985 3105 2984
f 2981 2677 2680
f 2981 2680 3105
f 2990 2980 2676
f 2943 2902 2596
f 2596 2622 2943
f 2924 2939 2618
f 2618 2616 3067
f 2924 2618 3067
f 2616 2615 3067
f 2895 2590 2897
f 2589 2590 2895
f 2924 3067 2921
f 3067 2615 2610
f 2921 3067 2610
f 2921 2610 3063
f 2918 2921 3063
f 2918 3063 2915
f 2610 2608 3063
f 2912 2915 3063
f 2912 3063 2608
f 2910 2912 2605
f 2910 2605 2604
f 2910 2604 3060
f 2604 2602 3060
f 2593 2596 2900
f 2900 2596 2902
f 2900 2897 2590
f 2590 2593 2900
f 2912 2608 2605
f 2016 2007 1421
f 2016 1421 1750
f 2016 1750 2012
f 2519 2202 2349
f 2519 2349 2346
f 2519 2346 1866
f 2519 1866 2012
f 2517 2519 2012
f 2012 1750 1746
f 2012 1746 2542
f 2517 2012 2542
f 2517 2542 2515
f 1983 1424 1420
f 1746 1744 2542
f 2542 1744 1742
f 2542 1742 2540
f 2513 2515 2540
f 1721 1723 2491
f 2491 1723 2493
f 2491 2490 1751
f 1751 1721 2491
f 2490 2487 2537
f 2490 2537 1749
f 2490 1749 1751
f 2485 2537 2487
f 2537 1747 1749
f 2531 1730 1747
f 2477 2531 1747
f 2477 1747 2537
f 2485 2477 2537
f 1729 1743 2536
f 2482 2536 1743
f 1743 1740 2535
f 2482 1743 2535
f 2493 1724 2496
f 2515 2542 2540
f 1723 1724 2493
f 2496 1724 2532
f 1742 1737 2540
f 2532 1726 1739
f 2513 2540 2512
f 2540 1737 1735
f 2512 2540 1735
f 2512 1735 2539
f 2509 2512 2539
f 2509 2539 2506
f 1735 1733 2539
f 2502 2506 2539
f 2502 2539 1733
f 2502 1733 1731
f 2499 2502 1731
f 1731 1729 2536
f 2499 1731 2536
f 2499 2536 2482
f 1724 1726 2532
f 2463 2496 2532
f 2479 2482 2535
f 2479 2535 2478
f 1740 1738 2535
f 2535 1738 1736
f 1417 1725 2466
f 2466 2464 1417
f 1725 1727 2466
f 2478 2535 1736
f 2478 1736 2534
f 2476 2478 2534
f 2470 2531 2477
f 1736 1734 2534
f 2476 2534 2475
f 2474 2475 2534
f 2474 2534 1734
f 2474 1734 1732
f 2473 2474 1732
f 1732 1722 2533
f 2473 1732 2533
f 2473 2533 2462
f 2531 1728 1730
f 1727 1728 2531
f 2469 1727 2531
f 2470 2469 2531
f 2466 1727 2469
f 2431 2432 2269
f 2269 2432 2272
f 2263 2436 2264
f 2264 2436 1931
f 2264 1931 1913
f 2269 2264 1913
f 2269 1913 2431
f 2258 2425 2260
f 2435 2436 2262
f 2262 2436 2263
f 2435 1929 2436
f 2436 1929 1931
f 2260 2425 1908
f 2260 1908 1926
f 2262 2260 1926
f 2262 1926 2435
f 2435 1926 1929
f 2431 1915 2432
f 2432 1915 1918
f 2431 1913 1915
f 2253 2427 2255
f 2427 1910 1906
f 2255 2427 1906
f 2258 2255 1906
f 2258 1906 2425
f 2253 2250 2422
f 2422 2427 2253
f 2427 1904 1910
f 2425 1906 1908
f 2249 2420 1900
f 2250 2249 1900
f 2250 1900 1903
f 2250 1903 2422
f 2422 1903 1904
f 2420 1898 1900
f 2422 1904 2427
f 2295 2450 2290
f 2218 2364 2291
f 2291 2364 2363
f 2295 2291 2363
f 2295 2363 2450
f 2450 2448 2290
f 2290 2448 2283
f 2283 2448 2440
f 2285 2283 2440
f 2285 2440 2442
f 2363 2361 2450
f 2450 2361 2448
f 2361 2350 2448
f 2448 2350 2440
f 2285 2442 2289
f 2456 1939 1941
f 2459 1939 2456
f 2308 2460 2305
f 2301 2459 2307
f 2459 2456 2460
f 2307 2459 2460
f 2308 2307 2460
f 2306 2305 2460
f 2306 2460 1947
f 1947 1949 2461
f 2306 1947 2461
f 2461 1949 1950
f 2456 1941 2460
f 2460 1941 1947
f 2300 2457 1945
f 2301 2300 1945
f 2301 1945 1946
f 2301 1946 2459
f 1946 1939 2459
f 2457 1944 1945
f 2310 2309 2420
f 2309 1898 2420
f 2461 1950 1898
f 2310 2420 2249
f 2306 2461 2309
f 2309 2461 1898
f 2806 2808 2651
f 2651 2808 2652
f 2650 2806 2651
f 2807 2808 2806
f 2806 2805 2807
f 2798 2807 2805
f 2805 2794 2798
f 2649 2804 2805
f 2650 2649 2805
f 2650 2805 2806
f 2794 2805 2804
f 2804 2790 2794
f 2648 2804 2649
f 2785 2790 2804
f 2647 2785 2804
f 2751 2785 2568
f 2642 2779 2770
f 2641 2642 2770
f 2641 2770 2635
f 2224 2222 2771
f 2771 2222 2770
f 2629 2635 2770
f 2770 2222 2152
f 2629 2770 2152
f 2629 2152 2747
f 2629 2747 2560
f 2623 2620 2765
f 2623 2765 2216
f 2623 2216 2218
f 2765 2209 2216
f 2611 2765 2620
f 2607 2206 2209
f 2607 2209 2765
f 2779 2771 2770
f 2648 2647 2804
f 2771 2782 2224
f 2782 2750 2154
f 2568 2785 2647
f 2645 2646 2798
f 2798 2794 2792
f 2645 2798 2792
f 2645 2792 2644
f 2790 2787 2794
f 2794 2787 2792
f 2643 2644 2792
f 2792 2787 2779
f 2643 2792 2779
f 2643 2779 2642
f 2787 2790 2785
f 2785 2782 2787
f 2782 2771 2787
f 2787 2771 2779
f 2782 2785 2751
f 2751 2750 2782
f 2782 2154 2224
f 2611 2607 2765
f 2607 2606 2205
f 2205 2206 2607
f 2606 2598 2194
f 2194 2205 2606
f 2599 2600 2200
f 2200 2196 2599
f 2600 2592 2758
f 2600 2758 2203
f 2600 2203 2200
f 2196 2194 2599
f 2599 2194 2598
f 2595 2758 2592
f 2942 2884 3303
f 3154 3152 3746
f 3666 3746 3664
f 3746 3152 3150
f 3664 3746 3150
f 3663 3664 3150
f 3150 3139 3663
f 3663 3139 3655
f 3661 3625 3497
f 3743 3148 2942
f 3743 2942 3625
f 3658 3743 3625
f 3661 3658 3625
f 3743 3146 3148
f 3600 3743 3658
f 3598 3597 3624
f 3624 3144 3146
f 3303 3625 2942
f 3598 3624 3146
f 3666 3154 3746
f 3666 3668 2878
f 3176 3174 3678
f 3170 3166 3751
f 3676 3170 3751
f 3674 3676 3751
f 3166 3163 3751
f 3151 3156 3744
f 3672 3665 3744
f 3672 3744 3156
f 3672 3156 2901
f 3672 2901 2898
f 3670 3672 2898
f 3670 2898 2896
f 2896 2880 3748
f 3670 2896 3748
f 3670 3748 3668
f 2880 2878 3748
f 3668 3748 2878
f 3666 2878 3154
f 3599 3598 3146
f 3599 3146 3743
f 3600 3599 3743
f 3300 2938 3624
f 3624 2938 3144
f 3651 3655 3139
f 3139 3137 3651
f 3492 3624 3597
f 3137 3136 3651
f 3651 3136 3649
f 3136 2920 3283
f 3678 3679 3176
f 3649 3136 3283
f 3480 3649 3283
f 3678 3170 3676
f 3679 3342 3176
f 3222 3215 3700
f 3700 3215 3684
f 3703 3752 3695
f 3752 3189 3222
f 3695 3752 3222
f 3700 3695 3222
f 3218 3220 3688
f 3688 3220 3601
f 3220 3043 3394
f 3601 3220 3394
f 3578 3601 3394
f 3688 3684 3215
f 3215 3218 3688
f 3207 3171 3681
f 3681 3171 3682
f 3679 3529 3342
f 3342 2963 3176
f 3174 3170 3678
f 3499 3625 3304
f 3492 3490 3623
f 3298 3300 3624
f 3623 3298 3624
f 3492 3623 3624
f 3489 3623 3490
f 3623 3295 3298
f 3291 3295 3623
f 3622 3291 3623
f 3488 3622 3623
f 3489 3488 3623
f 3487 3622 3488
f 3622 3290 3291
f 3288 3290 3622
f 3621 3288 3622
f 3483 3621 3622
f 3487 3483 3622
f 3625 3303 3304
f 3482 3621 3483
f 3499 3497 3625
f 3304 3306 3499
f 3522 3322 3519
f 3322 3321 3519
f 3519 3321 3517
f 3516 3517 3321
f 3321 3318 3516
f 3318 3317 3626
f 3516 3318 3626
f 3515 3516 3626
f 3515 3626 3512
f 3510 3508 3314
f 3314 3316 3510
f 3312 3314 3507
f 3507 3314 3508
f 3309 3312 3503
f 3503 3312 3507
f 3503 3501 3306
f 3306 3309 3503
f 3499 3306 3501
f 3621 3287 3288
f 3482 3473 3612
f 3612 3257 3287
f 3460 3608 3609
f 3615 3272 3267
f 3267 3604 3608
f 3615 3267 3608
f 3267 3250 3604
f 3613 3258 3263
f 3259 3258 3613
f 3460 3463 3608
f 3463 3615 3608
f 3272 3615 3616
f 3616 3274 3272
f 3482 3612 3287
f 3482 3287 3621
f 3480 3283 3282
f 3480 3282 3618
f 3478 3480 3618
f 3478 3618 3476
f 3282 3280 3618
f 3476 3618 3280
f 3466 3476 3280
f 3466 3280 3616
f 3277 3274 3616
f 3473 3469 3611
f 3611 3612 3473
f 3469 3460 3609
f 3609 3611 3469
f 3463 3466 3616
f 3616 3615 3463
f 3280 3277 3616
f 3325 3322 3522
f 3326 3325 3522
f 3522 3523 3326
f 3454 3326 3523
f 3465 3275 3273
f 3465 3273 3619
f 3273 3270 3619
f 3260 3326 3454
f 3757 3758 3888
f 3757 3888 3890
f 3891 3890 3887
f 3891 3887 3487
f 3891 3487 3488
f 3890 3888 3886
f 3886 3887 3890
f 3887 3483 3487
f 3886 3882 3482
f 3886 3482 3483
f 3887 3886 3483
f 3882 3473 3482
f 3886 3884 3881
f 3881 3882 3886
f 3878 3881 3879
f 3879 3881 3884
f 3882 3881 3469
f 3758 3892 3888
f 3469 3473 3882
f 3890 3891 3759
f 3891 3488 3489
f 3774 3894 3598
f 3774 3598 3599
f 3779 3774 3599
f 3779 3599 3896
f 3894 3597 3598
f 3778 3895 3777
f 3769 3894 3774
f 3769 3763 3893
f 3769 3893 3492
f 3769 3492 3597
f 3769 3597 3894
f 3761 3893 3763
f 3893 3490 3492
f 3761 3759 3891
f 3489 3490 3893
f 3891 3489 3893
f 3761 3891 3893
f 3759 3757 3890
f 3460 3469 3878
f 3878 3469 3881
f 3463 3878 3466
f 3466 3878 3879
f 3463 3460 3878
f 3599 3600 3897
f 3897 3896 3599
f 3784 3897 3898
f 3760 3815 3494
f 3494 3495 3760
f 3493 3494 3814
f 3814 3494 3815
f 3491 3493 3813
f 3813 3493 3814
f 3813 3812 3486
f 3486 3491 3813
f 3812 3811 3485
f 3485 3486 3812
f 3811 3810 3902
f 3902 3484 3485
f 3811 3902 3485
f 3902 3481 3484
f 3468 3475 3883
f 3809 3785 3883
f 3899 3457 3454
f 3801 3899 3454
f 3454 3523 3801
f 3801 3523 3798
f 3794 3798 3523
f 3523 3522 3794
f 3522 3519 3794
f 3794 3519 3792
f 3519 3517 3792
f 3792 3517 3791
f 3790 3791 3517
f 3517 3516 3790
f 3516 3515 3790
f 3790 3515 3789
f 3784 3898 3786
f 3782 3896 3897
f 3784 3782 3897
f 3801 3802 3899
f 3803 3899 3802
f 3458 3457 3899
f 3803 3804 3899
f 3809 3883 3475
f 3475 3474 3901
f 3809 3475 3901
f 3474 3472 3901
f 3809 3901 3808
f 3808 3901 3472
f 3808 3472 3471
f 3807 3808 3471
f 3779 3896 3782
f 3806 3807 3471
f 3806 3471 3900
f 3467 3464 3900
f 3806 3900 3805
f 3900 3464 3461
f 3805 3900 3461
f 3804 3805 3461
f 3461 3458 3899
f 3804 3461 3899
f 3471 3467 3900
f 2923 2926 3288
f 3288 2926 3290
f 3288 3287 2922
f 2922 2923 3288
f 2873 2922 3257
f 3257 2922 3287
f 2920 2914 3283
f 3283 2914 3282
f 3280 3282 2914
f 2914 2908 3280
f 2908 2904 3280
f 3280 2904 3277
f 3274 3277 2904
f 2904 2899 3274
f 2899 2887 3436
f 3274 2899 3436
f 3272 3274 3436
f 2926 2929 3291
f 3272 3436 3267
f 3291 3290 2926
f 3295 3291 2929
f 3441 2890 2892
f 3312 3441 3314
f 3309 2889 2890
f 3309 2890 3441
f 3312 3309 3441
f 3440 2888 2889
f 3306 3440 2889
f 3309 3306 2889
f 3440 2885 2888
f 3304 3440 3306
f 3304 3303 2884
f 3304 2884 2885
f 3304 2885 3440
f 3300 3298 2934
f 2934 2938 3300
f 2931 2934 3295
f 3295 2934 3298
f 2929 2931 3295
f 2887 2886 3436
f 3250 3267 3436
f 3250 3436 2886
f 2875 2874 3424
f 3250 2886 2865
f 3432 2882 3435
f 3435 2882 2883
f 3432 2881 2882
f 3429 3432 3433
f 3433 3432 3435
f 3263 3258 3424
f 3263 3424 3429
f 3316 3441 2893
f 3263 3429 3433
f 3429 2881 3432
f 3429 3424 2874
f 2874 2879 3429
f 3259 3427 2876
f 3259 2876 2875
f 3259 2875 3424
f 3258 3259 3424
f 2877 2876 3427
f 2879 2881 3429
f 3441 2892 2893
f 3318 2905 3317
f 2927 2925 3421
f 3260 3421 2925
f 3326 3260 2925
f 3326 2925 2919
f 3326 2919 3442
f 2919 2916 3442
f 3326 3442 3325
f 3442 2916 2913
f 3325 3442 2913
f 3322 3325 2913
f 3321 3322 2913
f 2913 2911 3321
f 2911 2909 3321
f 3321 2909 3318
f 2909 2905 3318
f 3316 3314 3441
f 3140 2467 3142
f 3142 2471 3147
f 2472 2193 2633
f 3149 2472 2633
f 3149 2633 3103
f 2956 3149 3103
f 3149 3147 2471
f 2471 2472 3149
f 2467 2471 3142
f 2463 2467 3140
f 3250 2865 2864
f 3250 2864 3418
f 3249 3250 3418
f 2864 2863 3418
f 3248 3249 3418
f 3418 3417 3248
f 3418 2863 2862
f 3418 2862 3414
f 3418 3414 3417
f 2862 2859 3414
f 3248 3417 3415
f 3247 3248 3415
f 3247 3415 3416
f 3413 3415 3414
f 3414 3415 3417
f 2860 2861 3415
f 3415 2861 3416
f 2861 2866 3419
f 2857 2860 3413
f 3419 3416 2861
f 3416 3419 3251
f 3257 3256 2872
f 2872 2873 3257
f 2871 2872 3255
f 3255 2872 3256
f 3255 3254 2870
f 2870 2871 3255
f 3253 3420 2869
f 3253 2869 2870
f 3254 3253 2870
f 3252 3420 3253
f 3420 2868 2869
f 3252 3251 3419
f 3252 3419 2867
f 3252 2867 2868
f 3252 2868 3420
f 3251 3247 3416
f 3419 2866 2867
f 3413 2860 3415
f 3414 2859 2858
f 2858 3413 3414
f 2858 2857 3413
f 3361 3360 2966
f 2966 2967 3361
f 3361 2971 3364
f 2967 2971 3361
f 2977 2966 3367
f 3367 2966 3360
f 2975 2976 3365
f 3365 2976 3366
f 3367 3366 2976
f 2976 2977 3367
f 2974 2975 3347
f 3347 2975 3365
f 3334 3337 2983
f 2983 2961 3334
f 3444 2964 2965
f 3340 2965 2968
f 3340 3338 3444
f 3348 3445 3346
f 3348 3345 2970
f 3348 2970 2972
f 3348 2972 3445
f 3445 2973 2974
f 3346 3445 2974
f 3347 3346 2974
f 3445 2972 2973
f 2968 2969 3340
f 3340 2969 3344
f 3345 3344 2969
f 2969 2970 3345
f 3340 3444 2965
f 365 407 370
f 369 370 407
f 407 406 369
f 365 363 405
f 405 407 365
f 406 407 405
f 405 403 406
f 312 311 411
f 387 409 410
f 387 410 314
f 384 387 314
f 384 314 313
f 388 409 387
f 384 313 312
f 379 384 312
f 379 312 411
f 411 311 309
f 378 411 309
f 382 378 309
f 383 380 308
f 308 310 408
f 383 308 408
f 380 382 309
f 309 308 380
f 315 314 410
f 379 411 378
f 317 316 413
f 414 408 318
f 417 322 419
f 419 322 323
f 397 415 417
f 398 397 417
f 398 417 419
f 414 415 395
f 395 415 397
f 395 383 408
f 408 414 395
f 417 321 322
f 415 413 320
f 415 320 321
f 417 415 321
f 413 316 320
f 414 319 317
f 415 414 317
f 415 317 413
f 318 319 414
f 310 318 408
f 381 324 325
f 381 419 324
f 419 323 324
f 399 386 326
f 326 327 399
f 381 398 419
f 961 962 1185
f 1185 962 1186
f 1185 1184 960
f 960 961 1185
f 1184 1183 1285
f 1184 1285 959
f 1184 959 960
f 1182 1285 1183
f 1285 958 959
f 1178 1276 957
f 1178 957 958
f 1182 1178 958
f 1182 958 1285
f 1276 956 957
f 1180 1181 955
f 955 954 1284
f 1180 955 1284
f 962 963 1187
f 1179 1180 1284
f 1187 1186 962
f 1188 1187 963
f 1196 1286 1039
f 1039 1038 1196
f 1196 1038 1195
f 1194 1195 1038
f 1038 1037 1194
f 1037 1036 1194
f 1194 1036 1193
f 1192 1193 1036
f 1036 1035 1192
f 1035 1034 1192
f 1192 1034 1191
f 1034 1033 1191
f 1191 1033 1190
f 1181 1190 1033
f 1033 955 1181
f 964 965 1188
f 1188 965 1189
f 963 964 1188
f 1286 1040 1039
f 1284 1279 1179
f 1284 953 952
f 1273 985 986
f 1273 1272 983
f 983 985 1273
f 1272 1273 1275
f 954 953 1284
f 1275 1274 1272
f 1276 1275 986
f 952 1279 1284
f 1179 1279 1176
f 1178 1177 1275
f 1275 1276 1178
f 1274 1275 1174
f 1174 1275 1177
f 1176 1279 952
f 1176 952 988
f 1176 988 1278
f 1175 1176 1278
f 988 987 1278
f 1174 1175 1278
f 1174 1278 1277
f 1174 1277 1274
f 1278 987 984
f 984 1277 1278
f 1275 1273 986
f 1276 986 956
f 1196 1197 1286
f 1041 1040 1286
f 1198 1288 1199
f 975 977 1202
f 1202 977 1203
f 973 975 1201
f 1201 975 1202
f 1288 972 973
f 1200 1288 973
f 1201 1200 973
f 1287 970 1288
f 1288 970 972
f 1199 1288 1200
f 1287 1288 1198
f 1035 1036 920
f 920 918 913
f 1035 920 913
f 1034 1035 913
f 1034 913 820
f 1053 955 1033
f 820 1053 1033
f 1034 820 1033
f 916 915 671
f 916 671 728
f 918 916 728
f 913 918 728
f 1036 924 920
f 1038 924 1037
f 924 1036 1037
f 1038 1039 924
f 1115 1114 1144
f 786 1140 1154
f 1154 785 786
f 1112 1154 1114
f 1112 1102 1146
f 1146 781 785
f 1146 785 1154
f 1112 1146 1154
f 1110 1095 1147
f 1147 1142 1152
f 1110 1147 1152
f 1152 1151 1110
f 1110 1151 1109
f 784 783 1142
f 1142 783 1152
f 1151 1152 783
f 1151 783 782
f 1114 1154 1144
f 1151 782 1149
f 1154 1140 1144
f 1115 1144 1087
f 1109 1151 1108
f 1107 1108 1151
f 1151 1149 1107
f 1093 673 851
f 1093 851 1057
f 970 1093 1057
f 1141 1139 1091
f 1091 1139 1090
f 1090 1139 1041
f 1086 1141 1088
f 1086 968 1056
f 845 928 1139
f 1056 845 1139
f 1056 1139 1141
f 1086 1056 1141
f 1040 1041 1139
f 1040 1139 928
f 1040 928 927
f 927 924 1039
f 1040 927 1039
f 673 672 851
f 1091 1088 1141
f 1094 673 1093
f 777 673 1094
f 782 779 1149
f 1146 780 781
f 1106 1107 1149
f 1149 779 778
f 1106 1149 778
f 778 776 1106
f 1106 776 1104
f 1097 1104 776
f 776 775 1097
f 1100 1099 1060
f 1100 1060 857
f 857 652 780
f 857 780 1146
f 1100 857 1146
f 982 1060 1099
f 1094 1097 775
f 775 777 1094
f 1100 1146 1102
f 1563 1558 1567
f 1567 1558 1560
f 1558 1550 1560
f 1560 1550 1555
f 1404 1555 1403
f 1555 1550 1403
f 1403 1550 1393
f 725 744 667
f 727 747 726
f 747 725 726
f 780 652 735
f 780 735 520
f 780 520 588
f 492 493 775
f 775 493 777
f 493 600 531
f 777 493 531
f 673 777 531
f 749 748 671
f 671 748 728
f 727 728 748
f 727 748 747
f 747 744 725
f 493 426 600
f 1061 1051 815
f 1065 1061 815
f 1065 815 836
f 976 1064 835
f 974 976 835
f 835 834 1063
f 974 835 1063
f 834 831 1063
f 971 974 1063
f 1063 1062 971
f 1063 831 829
f 829 1062 1063
f 971 1062 1059
f 969 971 1059
f 969 1059 1061
f 1062 829 827
f 827 1058 1059
f 1065 836 837
f 1062 827 1059
f 1061 1065 978
f 980 838 1066
f 987 846 844
f 987 844 1064
f 984 987 1064
f 844 835 1064
f 842 821 986
f 986 821 956
f 986 985 841
f 841 842 986
f 983 1066 839
f 985 983 839
f 985 839 841
f 984 1064 976
f 980 1066 983
f 1066 838 839
f 980 978 1065
f 980 1065 837
f 980 837 838
f 978 969 1061
f 849 846 987
f 1061 1059 1050
f 1049 1050 1058
f 1050 1051 1061
f 1058 1050 1059
f 827 826 1058
f 1058 826 812
f 812 1049 1058
f 987 988 849
f 952 849 988
f 816 849 952
f 875 941 688
f 877 875 688
f 877 688 681
f 940 941 873
f 873 941 875
f 941 682 688
f 680 682 940
f 940 682 941
f 873 872 938
f 938 940 873
f 676 679 938
f 871 676 938
f 872 871 938
f 940 938 678
f 678 680 940
f 679 678 938
f 871 867 935
f 935 677 676
f 871 935 676
f 869 935 867
f 116 113 65
f 65 68 116
f 67 50 115
f 115 50 103
f 68 67 116
f 116 67 115
f 66 65 114
f 114 65 113
f 109 140 60
f 109 60 62
f 112 109 62
f 140 57 60
f 139 140 106
f 106 140 109
f 100 46 55
f 100 55 139
f 106 100 139
f 123 143 122
f 140 139 53
f 114 122 66
f 143 69 66
f 129 152 74
f 129 74 75
f 127 152 128
f 125 150 72
f 126 125 72
f 72 73 151
f 126 72 151
f 149 151 73
f 149 73 70
f 149 70 145
f 150 71 72
f 70 69 145
f 147 149 145
f 145 143 147
f 123 124 147
f 147 143 123
f 143 145 69
f 122 143 66
f 129 128 152
f 53 57 140
f 100 103 50
f 55 53 139
f 50 46 100
f 127 112 152
f 112 76 152
f 112 62 76
f 126 151 134
f 151 149 134
f 134 149 133
f 132 133 149
f 149 147 132
f 132 147 124
f 131 150 125
f 75 77 129
f 129 77 130
f 131 130 77
f 77 71 150
f 131 77 150
f 152 76 74
f 4895 5017 4876
f 4626 4644 4880
f 4880 4644 4894
f 4895 4893 4643
f 4643 4619 5017
f 4895 4643 5017
f 4893 4894 4644
f 4644 4643 4893
f 4884 5021 4892
f 4886 5019 4882
f 4892 4629 4624
f 4892 5021 4629
f 4619 4618 5017
f 4875 4618 4621
f 4892 4624 5019
f 4886 4892 5019
f 4885 5011 4642
f 4884 4885 4642
f 4884 4642 4633
f 4884 4633 5021
f 4623 4642 5011
f 4633 4629 5021
f 4882 5019 4622
f 4882 4622 4626
f 4880 4882 4626
f 4624 4622 5019
f 4875 4621 4620
f 4875 4620 5009
f 4878 4875 5009
f 4876 5017 4618
f 4875 4876 4618
f 4620 4617 5009
f 5012 4660 4625
f 5031 4662 4656
f 5029 4658 4659
f 4659 4660 5012
f 5029 4659 5012
f 4916 5029 5012
f 4889 4916 5012
f 5029 5026 5031
f 4658 5029 5031
f 4658 5031 4656
f 4916 4914 5026
f 5026 5029 4916
f 5023 4647 4649
f 5165 5161 4774
f 4774 4778 5165
f 5345 4777 4776
f 5164 5345 4776
f 5163 5164 4776
f 5162 5163 4776
f 4776 4775 5344
f 5162 4776 5344
f 5162 5344 5160
f 5344 4775 4774
f 5159 5344 4774
f 5161 5159 4774
f 5160 5344 5159
f 4778 4779 5166
f 5166 5165 4778
f 5166 4780 5167
f 4779 4780 5166
f 5171 5347 5172
f 5346 4784 4785
f 5346 4785 5347
f 5170 5346 5347
f 5169 5346 5170
f 5346 4783 4784
f 5169 5168 4782
f 4782 4783 5346
f 5169 4782 5346
f 5168 5167 4780
f 4780 4782 5168
f 4781 4777 5345
f 5171 5170 5347
f 5092 5143 5080
f 5073 5080 5143
f 5143 4445 4443
f 5073 5143 4443
f 4443 4441 5073
f 5073 4441 5070
f 5068 5070 4441
f 4441 4439 5068
f 4433 4435 5062
f 5062 4435 5063
f 5062 5061 4432
f 4432 4433 5062
f 4430 4432 5056
f 5056 4432 5061
f 4447 4445 5143
f 5092 5096 5143
f 4449 4447 5143
f 5074 5085 4477
f 4477 4457 5074
f 5084 5087 4483
f 4483 4475 5084
f 4475 4477 5084
f 5084 4477 5085
f 4462 4389 4773
f 4462 4773 4680
f 5076 4462 4680
f 4948 5076 4680
f 4457 4462 5074
f 5074 4462 5076
f 5000 4593 4313
f 4313 4503 5000
f 5135 4839 5000
f 5135 5000 4503
f 4503 4501 5148
f 5135 4503 5148
f 4501 4499 5148
f 5135 5148 5133
f 4484 4485 5119
f 4482 4484 5113
f 5113 4484 5115
f 5111 5146 4479
f 5113 5111 4479
f 5113 4479 4482
f 5146 4474 4479
f 5109 5146 5111
f 5103 4458 4474
f 5103 4474 5146
f 5109 5103 5146
f 4471 4452 5106
f 5106 4452 5099
f 5103 5063 4435
f 4435 4458 5103
f 5096 5099 4452
f 4452 4449 5096
f 5119 5115 4484
f 5119 4487 5121
f 4485 4487 5119
f 4487 4428 5057
f 4499 4497 5147
f 5148 4499 5147
f 5133 5148 5147
f 5131 5133 5147
f 4497 4496 5147
f 5131 5147 5130
f 5128 5130 5147
f 5128 5147 4496
f 5096 4449 5143
f 5128 4496 4494
f 5128 4492 5126
f 5124 5126 4492
f 4492 4490 5124
f 4490 4488 5124
f 5124 4488 5122
f 5106 5122 4488
f 4488 4471 5106
f 5057 5121 4487
f 4494 4492 5128
f 4989 4568 4566
f 4566 4987 4989
f 4830 4987 4566
f 4830 4566 4564
f 4830 4564 4986
f 4827 4830 4986
f 4564 4563 4986
f 5379 5376 5231
f 5231 5376 5364
f 5229 5231 5364
f 5229 5364 5363
f 5229 5363 5180
f 5228 5356 5181
f 5374 4822 4824
f 5227 5374 4824
f 5227 4824 5356
f 5228 5227 5356
f 5213 5374 5227
f 5374 4820 4822
f 5213 5211 5373
f 5373 4816 4820
f 5373 4820 5374
f 5213 5373 5374
f 5206 5373 5211
f 5231 5233 5379
f 5373 4814 4816
f 5375 4834 5376
f 4833 5364 5376
f 5236 5214 5377
f 5377 5379 5236
f 5236 5379 5233
f 5376 5379 5375
f 5375 5379 5377
f 4834 4833 5376
f 5206 5205 5372
f 5206 5372 4813
f 4813 4814 5373
f 5364 4866 5361
f 5364 5361 5363
f 4866 4862 5361
f 5180 5363 5361
f 5178 5180 5361
f 5178 5361 5358
f 4858 5354 5358
f 4862 4858 5358
f 5361 4862 5358
f 5178 5358 5176
f 5358 5354 5352
f 5176 5358 5352
f 5174 5176 5352
f 4858 4857 5354
f 5354 4857 4855
f 4855 5352 5354
f 5364 4867 4866
f 4833 4867 5364
f 5185 5365 5186
f 5188 4803 5367
f 5206 4813 5373
f 5202 5372 5205
f 5372 4812 4813
f 5202 5201 5369
f 5202 5369 4811
f 4811 4812 5372
f 5202 4811 5372
f 5369 4809 4811
f 5197 5369 5201
f 5367 4809 5369
f 5194 5367 5369
f 5197 5194 5369
f 5188 5367 5194
f 5367 4804 4807
f 5186 5365 4803
f 5188 5186 4803
f 4803 4804 5367
f 5367 4807 4809
f 4908 5416 5410
f 5410 4904 4908
f 5410 5416 5296
f 5296 5416 5298
f 5414 4899 4900
f 5297 5414 4900
f 5294 5297 4900
f 5294 4900 4904
f 5294 4904 5410
f 4899 5414 5412
f 5412 4897 4899
f 5297 5269 5412
f 5412 5414 5297
f 5294 5410 5296
f 4161 4268 3927
f 4170 4269 4169
f 4269 3940 3938
f 4169 4269 3938
f 4167 4169 3938
f 4166 4167 3938
f 3938 3937 4166
f 3937 3936 4166
f 4166 3936 4165
f 4164 4165 3936
f 3936 3934 4164
f 4163 4164 3934
f 3934 3932 4268
f 4163 3934 4268
f 3932 3930 4268
f 4163 4268 4162
f 4161 4162 4268
f 4268 3930 3927
f 3942 3940 4269
f 4170 3943 4269
f 4170 4172 3943
f 3944 3948 4211
f 4211 3948 4171
f 4211 4210 3941
f 3941 3944 4211
f 4210 4209 4279
f 4279 3939 3941
f 4210 4279 3941
f 4279 3935 3939
f 4208 4279 4209
f 4278 3933 3935
f 4278 3935 4279
f 4207 4278 4279
f 4208 4207 4279
f 4206 4278 4207
f 4278 3931 3933
f 4277 3929 3931
f 4277 3931 4278
f 4205 4277 4278
f 4206 4205 4278
f 4277 3928 3929
f 4204 4277 4205
f 3950 3949 4273
f 4274 3950 4273
f 4182 4274 4273
f 4180 4182 4273
f 3949 3947 4273
f 4178 4180 4273
f 4273 4272 4178
f 3946 4270 4272
f 3947 3946 4272
f 4273 3947 4272
f 4178 4272 4177
f 4174 4177 4272
f 4272 4270 4174
f 3946 3945 4270
f 4270 3945 3943
f 4174 4270 3943
f 4172 4174 3943
f 3951 3950 4274
f 4028 4029 4189
f 4189 4186 4028
f 4189 4030 4190
f 4204 4203 3964
f 3964 3928 4277
f 4204 3964 4277
f 3961 3964 4201
f 4201 3964 4203
f 4201 4200 3958
f 3958 3961 4201
f 3956 3958 4199
f 3943 3942 4269
f 4199 3958 4200
f 3954 3956 4199
f 4198 4192 3953
f 3953 3954 4198
f 4031 3953 4191
f 4191 3953 4192
f 4191 4190 4030
f 4030 4031 4191
f 4029 4030 4189
f 4199 4198 3954
f 4634 4371 4372
f 4636 4634 4372
f 4634 4631 4748
f 4634 4748 4368
f 4634 4368 4371
f 4630 4748 4631
f 4630 4379 4748
f 4748 4379 4368
f 4745 4354 4378
f 4745 4378 4379
f 4639 4745 4379
f 4630 4639 4379
f 4742 4397 4348
f 4649 4647 4386
f 4647 4754 4386
f 4754 4391 4386
f 4760 4393 4396
f 4625 4660 4760
f 4760 4396 4397
f 4625 4760 4397
f 4625 4397 4742
f 4756 4395 4392
f 4762 4388 4394
f 4762 4394 4395
f 4762 4395 4756
f 4656 4662 4756
f 4659 4658 4756
f 4756 4392 4393
f 4659 4756 4393
f 4659 4393 4760
f 4659 4760 4660
f 4656 4756 4658
f 4754 4390 4391
f 4662 4762 4756
f 4072 4077 4428
f 4428 4077 4429
f 4077 4080 4438
f 4438 4429 4077
f 4438 4080 4186
f 4516 4117 4115
f 4468 4516 4115
f 4470 4468 4115
f 4469 4516 4468
f 4466 4463 4515
f 4515 4113 4111
f 4466 4515 4111
f 4464 4515 4463
f 4461 4459 4097
f 4097 4101 4461
f 4460 4513 4454
f 4513 4426 4254
f 4454 4513 4254
f 4254 4021 4097
f 4454 4254 4097
f 4459 4454 4097
f 4080 4028 4186
f 4323 4438 4186
f 4469 4111 4516
f 4361 4421 4376
f 4377 4373 4240
f 4377 4416 4343
f 4364 4365 4424
f 4364 4424 4232
f 4364 4232 4235
f 4233 4232 4424
f 4362 4363 4230
f 4230 4229 4362
f 4358 4422 4360
f 4359 4227 4218
f 4359 4218 4421
f 4361 4359 4421
f 4422 4219 4227
f 4360 4422 4227
f 4359 4360 4227
f 4358 4356 4223
f 4223 4220 4422
f 4358 4223 4422
f 4356 4357 4225
f 4366 4362 4424
f 4225 4223 4356
f 4362 4229 4424
f 4366 4424 4365
f 4377 4240 4213
f 4377 4213 4416
f 4242 4241 4375
f 4375 4241 4374
f 4375 4376 4421
f 4375 4421 4217
f 4375 4217 4242
f 4373 4374 4241
f 4241 4240 4373
f 4235 4225 4364
f 4364 4225 4357
f 4370 4425 4369
f 4239 4230 4367
f 4367 4230 4363
f 4367 4369 4425
f 4425 4236 4239
f 4367 4425 4239
f 4229 4233 4424
f 4220 4219 4422
f 4218 4217 4421
f 4111 4119 4516
f 4119 4117 4516
f 4469 4466 4111
f 4486 4507 4095
f 4095 4096 4486
f 4506 4505 4145
f 4491 4517 4493
f 4096 4132 4486
f 4486 4132 4489
f 4129 4113 4515
f 4446 4089 4129
f 4446 4129 4515
f 4464 4446 4515
f 4480 4470 4115
f 4115 4126 4480
f 4467 4473 4121
f 4121 4107 4467
f 4476 4478 4125
f 4125 4123 4476
f 4126 4125 4480
f 4480 4125 4478
f 4123 4121 4476
f 4476 4121 4473
f 4491 4134 4517
f 4491 4489 4134
f 4489 4132 4134
f 4495 4109 4483
f 4145 4146 4506
f 4146 4095 4506
f 4506 4095 4507
f 4143 4145 4502
f 4502 4145 4505
f 4500 4504 4144
f 4144 4141 4500
f 4101 4144 4461
f 4461 4144 4504
f 4141 4143 4502
f 4495 4498 4139
f 4139 4136 4495
f 4517 4134 4138
f 4498 4493 4517
f 4498 4517 4138
f 4498 4138 4139
f 4136 4109 4495
f 4502 4500 4141
f 6325 6323 6363
f 6325 6363 6385
f 5824 5777 6362
f 6319 5824 6362
f 6323 6319 6362
f 5812 5822 6301
f 6301 5822 6315
f 6319 6312 5821
f 5821 5824 6319
f 6312 6315 5822
f 5822 5821 6312
f 5819 5809 6381
f 6306 6308 5781
f 5781 5818 6306
f 5815 5819 6381
f 6303 5815 6381
f 6296 6303 6381
f 6323 6362 6363
f 5818 5815 6306
f 6325 6357 6291
f 6385 6357 6325
f 6306 5815 6303
f 6301 6298 5807
f 5807 5812 6301
f 6370 5789 6367
f 6372 6370 6367
f 6370 6359 5770
f 5770 5793 6370
f 5786 5570 6171
f 6367 5786 6171
f 5964 6261 6267
f 6171 5964 6267
f 6367 6171 6267
f 6274 6367 6267
f 5789 5786 6367
f 6363 6362 5775
f 6363 5775 5773
f 6363 5773 6359
f 5777 5775 6362
f 5773 5770 6359
f 6370 5793 5789
f 6359 6370 6374
f 6374 6363 6359
f 6374 6372 6375
f 6298 6293 6381
f 6298 6381 5809
f 6298 5809 5807
f 6296 6381 6293
f 6135 5610 5797
f 6139 5574 5607
f 6377 5798 5800
f 5801 6375 6372
f 6372 6377 5800
f 6377 6274 6277
f 5798 6377 6277
f 5798 6277 5934
f 5934 6135 5797
f 5798 5934 5797
f 6367 6274 6372
f 6372 6274 6377
f 6370 6372 6374
f 5801 6372 5800
f 6332 6331 6447
f 6419 6428 6447
f 6447 6444 6419
f 6447 6331 6326
f 6326 6444 6447
f 6407 6439 6396
f 6444 6443 6419
f 6419 6443 6409
f 6444 6326 6322
f 6322 6443 6444
f 6407 6409 6443
f 6443 6437 6439
f 6407 6443 6439
f 6443 6322 6318
f 6318 6436 6437
f 6443 6318 6437
f 6318 6285 6436
f 6428 6332 6447
f 6292 6313 6400
f 6428 6335 6332
f 6389 6435 6335
f 6428 6389 6335
f 6400 6313 6391
f 6290 6292 6400
f 6400 6394 6290
f 6439 6288 6290
f 6396 6439 6290
f 6394 6396 6290
f 6287 6288 6437
f 6437 6288 6439
f 6283 6287 6436
f 6436 6287 6437
f 6285 6283 6436
f 5904 6029 5901
f 5901 6029 5486
f 5901 5486 5485
f 5901 5485 6026
f 5899 5901 6026
f 5892 5899 6026
f 6026 6006 5892
f 5485 5483 6026
f 5483 5480 6004
f 5483 6004 6006
f 6026 5483 6006
f 5480 5458 6004
f 5895 6023 5473
f 5895 5473 5474
f 5898 5895 5474
f 5898 5474 5976
f 5893 6023 5895
f 5898 5976 5853
f 5604 5486 6029
f 5904 5604 6029
f 5904 5605 5604
f 5912 5860 5996
f 5996 6035 5912
f 5912 6035 5908
f 5996 5606 5605
f 5605 6035 5996
f 5908 6035 5605
f 5904 5908 5605
f 6023 5471 5473
f 5893 5890 6019
f 6019 5471 6023
f 6019 5469 5471
f 5883 6002 5880
f 6002 5457 5456
f 6002 5456 5993
f 5880 6002 5993
f 5871 5880 5993
f 5456 5455 5993
f 5870 5995 5879
f 5867 5871 5993
f 5993 5987 5867
f 5865 5974 5975
f 5870 5865 5975
f 5870 5975 5995
f 5867 5987 5972
f 5865 5867 5972
f 5865 5972 5974
f 5455 5447 5986
f 5993 5455 5986
f 5457 6002 6004
f 5993 5986 5987
f 6004 5458 5457
f 5884 6004 6002
f 5893 6019 6023
f 5892 6006 5884
f 5890 5889 6017
f 6017 6019 5890
f 5886 6017 5889
f 6019 5467 5469
f 6019 6017 6014
f 6014 5465 5467
f 6019 6014 5467
f 5879 5995 6014
f 5886 5879 6014
f 5886 6014 6017
f 6014 5463 5465
f 6014 5995 5975
f 6014 5975 5445
f 6014 5445 5463
f 5884 6006 6004
f 5883 5884 6002
f 5447 5446 5986
f 5971 5972 5986
f 5986 5972 5987
f 5986 5446 5441
f 5441 5971 5986
f 5218 5245 5632
f 5851 5085 5074
f 5846 5087 5084
f 5846 5084 5085
f 5792 5846 5085
f 5792 5085 5851
f 5816 5792 5851
f 5852 5076 4948
f 5852 4948 4946
f 4947 4940 5430
f 4947 5430 5324
f 4946 4947 5324
f 5852 4946 5324
f 5852 5324 5753
f 5076 5852 5850
f 5795 5138 5848
f 5799 5796 5848
f 5799 5848 5136
f 5799 5136 5137
f 5795 5848 5796
f 5844 5132 5087
f 5844 5087 5846
f 5787 5844 5846
f 5790 5787 5846
f 5790 5846 5792
f 5784 5844 5787
f 5781 5763 5065
f 5065 5114 5781
f 5774 5843 5778
f 5532 5712 5710
f 5762 5532 5710
f 5762 5710 5673
f 5795 5801 5138
f 5801 5097 5138
f 5848 5138 5136
f 5803 5849 5804
f 5076 5850 5851
f 5076 5851 5074
f 5810 5814 5850
f 5810 5850 5852
f 5810 5852 5753
f 5813 5816 5851
f 5851 5850 5813
f 5813 5850 5814
f 5753 5751 5810
f 5849 5139 5140
f 5849 5140 5141
f 5804 5849 5141
f 5804 5141 5843
f 5774 5804 5843
f 5803 5799 5137
f 5137 5139 5849
f 5803 5137 5849
f 5810 5751 5581
f 6179 6187 6191
f 6191 6187 6192
f 6191 6192 6199
f 5911 5909 6230
f 5911 6230 6199
f 6230 5909 5903
f 5903 6210 6230
f 6087 6088 6128
f 6128 6152 5557
f 5558 6128 5557
f 5556 6152 6125
f 6125 5555 5556
f 6152 6128 6088
f 6088 6125 6152
f 6152 5556 5557
f 2270 2267 2430
f 2430 2433 2270
f 2430 1919 2433
f 2433 1919 1922
f 2432 1918 1916
f 2266 2432 1916
f 2267 2266 1916
f 2267 1916 2430
f 2430 1916 1919
f 2434 1928 1932
f 2270 2433 2274
f 2433 1922 1928
f 2274 2433 1928
f 2274 1928 2434
f 2275 2274 2434
f 2272 2432 2266
f 2521 1774 2546
f 2518 2516 2543
f 2518 2543 1771
f 1771 1773 2545
f 2518 1771 2545
f 2545 1773 1774
f 2504 1772 1770
f 2504 1770 2543
f 2511 2504 2543
f 2507 2541 2501
f 2541 1766 1772
f 2501 2541 1772
f 2504 2501 1772
f 2472 2343 2193
f 1753 1504 1972
f 2471 1753 1972
f 2471 1972 1826
f 1774 1768 2546
f 2472 2471 1826
f 2521 2545 1774
f 2518 2545 2520
f 2548 1780 1781
f 2145 2147 1779
f 1779 1503 2145
f 2526 2547 2514
f 2526 2525 1778
f 1778 1763 2547
f 2526 1778 2547
f 2522 2304 1961
f 1961 1517 1775
f 2522 1961 1775
f 1776 1777 2523
f 2523 1777 2524
f 2525 2524 1777
f 1777 1778 2525
f 2523 2522 1775
f 1775 1776 2523
f 2511 2543 2516
f 2521 2520 2545
f 2472 1826 2343
f 2471 2467 2532
f 2471 2532 1739
f 2471 1739 1753
f 2463 2532 2467
f 2528 2527 2548
f 2527 2546 2548
f 1769 1780 2548
f 2521 2546 2527
f 2530 2147 1944
f 2530 1944 2457
f 2300 2530 2457
f 2528 2548 2529
f 2548 1781 1779
f 2548 1779 2147
f 2529 2548 2147
f 2530 2529 2147
f 2546 1769 2548
f 2858 3049 2549
f 2857 2858 2549
f 2857 2549 2551
f 2550 2549 3049
f 2550 3049 3050
f 3050 2552 2550
f 2858 2859 3050
f 2560 2559 2864
f 2863 2864 2559
f 2559 2558 3052
f 2863 2559 3052
f 2863 3052 2862
f 2558 2557 3052
f 2859 2862 3052
f 3052 2557 2556
f 3052 2556 3050
f 2859 3052 3050
f 2556 2552 3050
f 2861 2860 3051
f 2861 3051 2554
f 2861 2554 2555
f 2551 2553 3051
f 2857 2551 3051
f 2860 2857 3051
f 3050 3049 2858
f 2864 2865 2560
f 2555 2561 2866
f 2866 2861 2555
f 2561 2562 2867
f 2567 2568 2872
f 2872 2568 2873
f 2872 2871 2566
f 2566 2567 2872
f 2565 2566 2870
f 2870 2566 2871
f 2870 2869 2564
f 2564 2565 2870
f 2869 2868 2563
f 2563 2564 2869
f 2562 2563 2867
f 2867 2563 2868
f 2867 2866 2561
f 2226 2221 2634
f 2221 2215 2634
f 2634 2215 2631
f 2627 2631 2215
f 2215 2213 2789
f 2627 2215 2789
f 2627 2789 2618
f 2673 2815 2667
f 2669 2819 2672
f 2819 2272 2266
f 2819 2266 2815
f 2672 2819 2815
f 2673 2672 2815
f 2670 2818 2671
f 2818 2275 2273
f 2671 2818 2273
f 2668 2270 2274
f 2668 2274 2818
f 2670 2668 2818
f 2818 2274 2275
f 2667 2815 2267
f 2667 2267 2270
f 2668 2667 2270
f 2815 2266 2267
f 2003 1996 1998
f 1410 1998 1990
f 1990 1406 1410
f 1406 1990 1988
f 1988 1402 1406
f 1996 1985 1998
f 1998 1985 1990
f 1988 1990 1985
f 1985 1982 1988
f 1431 1636 1434
f 1633 1634 1430
f 1430 1634 1431
f 1430 1428 1632
f 1632 1633 1430
f 1429 1632 1428
f 1205 1204 1600
f 1602 1205 1600
f 1602 1600 1596
f 1427 1425 1596
f 1596 1600 1427
f 1634 1636 1431
f 1439 1637 1437
f 1439 1607 1637
f 1684 1682 1645
f 1679 1675 1685
f 1685 1675 1684
f 1682 1684 1675
f 1675 1664 1682
f 1682 1680 1645
f 1645 1680 1635
f 1601 1635 1680
f 1680 1661 1601
f 1680 1682 1664
f 1664 1663 1680
f 1663 1650 1680
f 1680 1650 1661
f 1675 1679 1672
f 1672 1670 1675
f 1465 1664 1675
f 1467 1465 1675
f 1645 1651 1684
f 1467 1675 1670
f 1685 1684 1651
f 1462 1686 1654
f 1609 1604 1598
f 1598 1686 1609
f 1607 1609 1686
f 1686 1637 1607
f 1686 1598 1595
f 1595 1654 1686
f 1437 1637 1686
f 1462 1437 1686
f 1651 1655 1685
f 1670 1672 1671
f 1671 1668 1670
f 1670 1668 1467
f 1642 1647 1643
f 1643 1640 1642
f 1643 1610 1607
f 1607 1638 1643
f 1640 1643 1638
f 1451 1640 1638
f 1441 1451 1638
f 1641 1642 1640
f 1640 1639 1641
f 1448 1434 1636
f 1448 1636 1641
f 1448 1641 1639
f 1451 1446 1639
f 1639 1640 1451
f 1448 1639 1446
f 1439 1440 1638
f 1439 1638 1607
f 1610 1643 1647
f 1647 1619 1610
f 1457 1650 1455
f 1460 1652 1459
f 1467 1668 1466
f 1465 1464 1663
f 1663 1664 1465
f 1464 1455 1650
f 1650 1663 1464
f 1661 1659 1601
f 1601 1659 1597
f 1595 1597 1659
f 1441 1638 1440
f 1659 1652 1595
f 1457 1659 1661
f 1457 1661 1650
f 1463 1459 1652
f 1652 1659 1463
f 1461 1654 1595
f 1460 1461 1595
f 1460 1595 1652
f 1462 1654 1461
f 1457 1463 1659
f 2405 1876 2362
f 2362 1876 1833
f 2404 1874 2405
f 2405 1874 1876
f 2405 2362 2355
f 2355 2400 2405
f 2404 2405 2400
f 2400 2397 2404
f 2404 1864 1874
f 2335 1822 1821
f 2335 1821 2333
f 2173 2175 2335
f 2335 2333 2332
f 2173 2335 2332
f 2173 2332 2172
f 2335 2339 1822
f 2402 1864 2404
f 2178 2335 2175
f 2341 2339 2335
f 1850 2394 2390
f 2390 2377 1848
f 1850 2390 1848
f 2390 2393 2387
f 2387 2385 2390
f 2377 2390 2385
f 2385 2375 2377
f 2235 2388 2236
f 2234 2383 2387
f 2235 2234 2387
f 2235 2387 2388
f 2233 2383 2234
f 2385 2387 2383
f 2383 2382 2385
f 2375 2385 2382
f 2382 2374 2375
f 2233 2232 2382
f 2393 2390 2394
f 2382 2383 2233
f 2394 2397 2393
f 2393 2399 2388
f 2402 1863 1864
f 2402 2404 2397
f 2397 2394 2402
f 1863 2402 2394
f 2394 1850 1863
f 1860 1856 2391
f 2341 2391 1856
f 2341 1856 1853
f 2341 1853 2339
f 1853 1822 2339
f 2352 2399 2355
f 2355 2399 2400
f 2397 2400 2399
f 2399 2393 2397
f 2236 2388 2399
f 2168 2236 2399
f 2168 2399 2352
f 2388 2387 2393
f 2230 2368 2374
f 2230 2374 2382
f 2232 2230 2382
f 2211 2351 2357
f 1836 2356 2351
f 2351 1834 1836
f 1834 2351 2347
f 2347 1831 1834
f 2344 2347 2197
f 2197 2347 2207
f 2343 2344 2193
f 2193 2344 2197
f 1831 2347 2344
f 2344 1829 1831
f 1829 2344 2343
f 2343 1826 1829
f 2188 2342 2186
f 2342 2341 2186
f 2186 2341 2180
f 2178 2180 2341
f 2211 2347 2351
f 2211 2207 2347
f 2211 2357 2214
f 2357 2351 2356
f 2377 1846 1848
f 1846 2377 2375
f 2375 1844 1846
f 2374 2372 1842
f 2375 2374 1842
f 1844 2375 1842
f 2372 1840 1842
f 2372 2374 2368
f 2178 2341 2335
f 2368 2366 2372
f 2366 2356 1838
f 1840 2366 1838
f 2356 1836 1838
f 2227 2368 2230
f 2214 2357 2366
f 2227 2214 2366
f 2227 2366 2368
f 2356 2366 2357
f 1840 2372 2366
f 1922 2118 1928
f 1928 2118 2115
f 1932 1928 2115
f 1932 2115 2119
f 2115 1470 2119
f 2114 2118 1919
f 1919 2118 1922
f 1918 2106 1916
f 1916 2106 2101
f 1919 1916 2101
f 1919 2101 2114
f 2114 2112 2118
f 2118 2112 2115
f 2112 1469 2115
f 2115 1469 1470
f 2101 1453 1468
f 2114 2101 1468
f 2112 2114 1468
f 2112 1468 1469
f 2326 2312 2166
f 2166 2312 2149
f 2159 2157 2319
f 2319 2322 2159
f 2320 2321 2319
f 2319 2318 2320
f 2320 2318 2158
f 2158 2318 2156
f 2157 2155 2318
f 2318 2319 2157
f 2156 2318 2155
f 2159 2323 2160
f 2322 2323 2159
f 2324 2319 2321
f 2322 2319 2324
f 2311 2312 2326
f 2326 2323 2311
f 2165 2326 2166
f 2323 2326 2160
f 2160 2326 2165
f 2313 2325 2151
f 2151 2325 2164
f 2164 2325 2163
f 2311 2324 2313
f 2163 2325 2324
f 2162 2163 2324
f 2162 2324 2321
f 2321 2320 2162
f 2162 2320 2161
f 2161 2320 2158
f 2324 2311 2323
f 2323 2322 2324
f 2313 2324 2325
f 3465 3521 3800
f 3800 3521 3799
f 3797 3799 3521
f 3521 3520 3797
f 3520 3518 3889
f 3797 3520 3889
f 3796 3797 3889
f 3518 3479 3889
f 3589 3400 3397
f 3589 3397 3635
f 3588 3589 3635
f 3401 3400 3636
f 3397 3395 3635
f 3393 3391 3587
f 3587 3391 3586
f 3587 3568 3374
f 3374 3393 3587
f 3561 3586 3391
f 3391 3369 3561
f 3589 3636 3400
f 3526 3627 3528
f 3339 3342 3527
f 3527 3342 3529
f 3627 3331 3339
f 3528 3627 3339
f 3527 3528 3339
f 3526 3524 3335
f 3335 3333 3627
f 3526 3335 3627
f 3524 3525 3334
f 3334 3335 3524
f 3333 3331 3627
f 3406 3403 3638
f 3641 3406 3638
f 3167 3164 3693
f 3693 3164 3690
f 3693 3697 3169
f 3169 3167 3693
f 3164 3015 3379
f 3690 3164 3379
f 3408 3407 3639
f 3573 3690 3379
f 2905 3223 3626
f 3594 3648 3596
f 3595 3636 3589
f 3596 3648 3410
f 3591 3646 3639
f 3591 3639 3641
f 3590 3591 3641
f 3635 3395 3408
f 3635 3408 3639
f 3646 3635 3639
f 3644 3633 3645
f 3645 3633 3637
f 3645 3641 3638
f 3638 3644 3645
f 3633 3644 3409
f 3633 3409 3259
f 3633 3259 3613
f 3644 3638 3403
f 3403 3409 3644
f 3641 3639 3407
f 3641 3407 3406
f 3635 3646 3592
f 3592 3588 3635
f 3592 3646 3591
f 3593 3645 3647
f 3595 3596 3410
f 3595 3410 3401
f 3595 3401 3636
f 3594 3563 3629
f 3594 3629 3412
f 3594 3412 3411
f 3594 3411 3648
f 3368 3412 3629
f 3411 3410 3648
f 3631 3647 3386
f 3372 3631 3386
f 3566 3593 3647
f 3647 3631 3566
f 3645 3637 3647
f 3647 3637 3640
f 3593 3590 3641
f 3593 3641 3645
f 3647 3640 3386
f 3626 3317 2905
f 3196 3165 3710
f 3710 3165 3694
f 3652 3709 3749
f 3749 3193 3140
f 3652 3749 3140
f 3708 3749 3709
f 3749 3190 3193
f 3185 3190 3749
f 3705 3185 3749
f 3708 3705 3749
f 3181 3185 3702
f 3702 3185 3705
f 3702 3698 3172
f 3172 3181 3702
f 3698 3691 3747
f 3747 3168 3172
f 3698 3747 3172
f 3200 3196 3710
f 3747 3161 3168
f 3710 3712 3200
f 3203 3200 3713
f 3725 3512 3626
f 3626 3223 3221
f 3725 3626 3221
f 3723 3725 3221
f 3221 3217 3723
f 3217 3212 3723
f 3723 3212 3720
f 3212 3210 3750
f 3720 3212 3750
f 3718 3720 3750
f 3718 3750 3716
f 3210 3208 3750
f 3714 3716 3750
f 3750 3208 3206
f 3714 3750 3206
f 3713 3714 3206
f 3206 3203 3713
f 3713 3200 3712
f 3165 3162 3745
f 3694 3165 3745
f 3677 3694 3745
f 3741 3141 3742
f 3662 3741 3742
f 3741 3138 3141
f 3656 3741 3659
f 3160 3138 3741
f 3653 3160 3741
f 3656 3653 3741
f 3158 3160 3650
f 3650 3160 3653
f 3650 3510 3316
f 3316 2893 3158
f 3650 3316 3158
f 3141 3143 3742
f 3662 3659 3741
f 3742 3143 3145
f 3667 3744 3665
f 3162 3159 3745
f 3689 3747 3691
f 3742 3145 3161
f 3742 3161 3747
f 3686 3742 3747
f 3689 3686 3747
f 3662 3742 3686
f 3677 3745 3675
f 3745 3159 3157
f 3673 3675 3157
f 3671 3673 3157
f 3157 3155 3671
f 3155 3153 3671
f 3671 3153 3669
f 3669 3153 3151
f 3669 3151 3744
f 3667 3669 3744
f 3675 3745 3157
f 3549 3548 3903
f 3903 3548 3550
f 3983 3989 3845
f 3845 3843 3983
f 3978 3980 3840
f 3840 3839 3978
f 3978 3846 3994
f 3839 3846 3978
f 3846 3845 3994
f 3994 3845 3989
f 3800 3799 3965
f 3965 3799 3962
f 3960 3962 3799
f 3799 3797 3960
f 3797 3796 3959
f 3959 3960 3797
f 4008 3853 4009
f 3852 3853 4008
f 4010 3852 4008
f 3853 3855 4011
f 3859 3847 4019
f 4019 3847 4002
f 3857 3858 4015
f 4015 3858 4017
f 4019 4017 3858
f 3858 3859 4019
f 4015 4014 3856
f 3856 3857 4015
f 4011 4009 3853
f 3854 3852 4010
f 3660 3481 3902
f 4029 3660 3902
f 4030 4029 3902
f 4031 4030 3902
f 4028 4080 3657
f 3657 3660 4028
f 4080 4077 3654
f 3654 3657 4080
f 3652 3654 4072
f 4072 3654 4077
f 4029 4028 3660
f 4031 3810 3953
f 4018 4103 3871
f 4103 4105 3693
f 3693 3690 4103
f 4105 4107 3697
f 3697 3693 4105
f 3690 3573 3871
f 4103 3690 3871
f 3902 3810 4031
f 3541 3535 3904
f 3851 3541 3904
f 3833 3851 3904
f 3534 3540 3849
f 3849 3540 3850
f 3851 3850 3540
f 3828 3905 3821
f 3550 3556 3816
f 3816 3556 3826
f 3555 3552 3905
f 3825 3555 3905
f 3828 3825 3905
f 3825 3826 3556
f 3556 3555 3825
f 3554 3553 3820
f 3820 3553 3819
f 3820 3821 3905
f 3820 3905 3551
f 3820 3551 3554
f 3818 3819 3553
f 3553 3530 3818
f 3552 3551 3905
f 3816 3817 3903
f 3558 3557 3832
f 3832 3834 3558
f 3560 3559 3835
f 3835 3836 3560
f 3540 3541 3851
f 3904 3535 3538
f 3849 3848 3533
f 3533 3534 3849
f 3848 3847 3532
f 3532 3533 3848
f 3844 3906 3840
f 3530 3525 3906
f 3818 3530 3906
f 3536 3560 3838
f 3838 3560 3836
f 3837 3903 3817
f 3837 3832 3557
f 3837 3557 3549
f 3837 3549 3903
f 3559 3558 3835
f 3835 3558 3834
f 3844 3818 3906
f 3816 3903 3550
f 2895 2957 2640
f 2640 2589 2895
f 3082 2638 2640
f 2954 3082 2640
f 2957 2954 2640
f 3082 2636 2638
f 2952 3082 2954
f 2952 2950 3080
f 2621 3071 2613
f 3070 2597 2613
f 2935 3071 2937
f 2935 2932 3068
f 3068 3070 3071
f 2935 3068 3071
f 2928 3068 2932
f 2597 3070 3068
f 3068 3066 2587
f 2597 3068 2587
f 3066 2584 2587
f 3066 3068 2917
f 2917 3068 2928
f 2907 3065 2583
f 2917 2907 2583
f 2917 2583 2584
f 2917 2584 3066
f 3071 3070 2613
f 2621 3075 3071
f 2940 2937 3077
f 2937 3071 3077
f 2952 3080 2632
f 2952 2632 2636
f 2952 2636 3082
f 2946 3080 2950
f 3078 2630 3080
f 3080 2630 2632
f 3078 2628 2630
f 3078 3080 2945
f 2945 3080 2946
f 2945 2944 2626
f 2626 2628 3078
f 2945 2626 3078
f 2940 3077 2944
f 3075 2624 3077
f 3077 2624 2626
f 3075 2621 2624
f 3071 3075 3077
f 2944 3077 2626
f 3062 2580 3065
f 3065 2580 2583
f 3059 3065 2906
f 3062 2578 2580
f 2906 3065 2907
f 2903 3059 2906
f 3059 3057 3065
f 3065 3057 3062
f 2578 3062 3057
f 3057 3055 2577
f 2578 3057 2577
f 3057 3059 2894
f 2894 3059 2903
f 3055 3057 2891
f 2891 3057 2894
f 3111 2664 2665
f 3110 2662 2663
f 2965 2964 3109
f 2965 3109 2660
f 2965 2660 2661
f 3109 2659 2660
f 2968 2965 3111
f 2965 2664 3111
f 2970 2662 3110
f 2970 3110 2972
f 2666 2669 2973
f 2973 2669 2974
f 3110 2663 2666
f 2972 3110 2666
f 2973 2972 2666
f 2968 3111 2969
f 2970 2969 3111
f 2970 3111 2665
f 2970 2665 2662
f 2965 2661 2664
f 2955 2953 3430
f 3275 2955 3430
f 3273 3275 3430
f 3273 3430 3270
f 3042 3038 3392
f 3392 3038 3387
f 3039 3040 3388
f 3388 3040 3389
f 3390 3389 3040
f 3040 3041 3390
f 3388 3387 3038
f 3038 3039 3388
f 3386 3385 3037
f 3037 3031 3386
f 3451 3034 3036
f 3385 3384 3451
f 3385 3451 3036
f 3385 3036 3037
f 3450 3035 3027
f 3035 3450 3435
f 3435 2883 3035
f 3394 3042 3392
f 3383 3382 3450
f 3043 3042 3394
f 3453 3046 3047
f 3405 3444 3338
f 3404 3048 2964
f 3404 2964 3444
f 3405 3404 3444
f 3398 3453 3402
f 3453 3047 3048
f 3402 3453 3048
f 3404 3402 3048
f 3399 3452 3396
f 3390 3041 3044
f 3390 3044 3452
f 3399 3390 3452
f 3398 3396 3452
f 3398 3452 3045
f 3045 3046 3453
f 3398 3045 3453
f 3452 3044 3045
f 3383 3450 3027
f 3383 3027 3034
f 3383 3034 3451
f 3373 3446 3003
f 3372 3000 3001
f 3372 3001 3446
f 3370 3372 3446
f 3370 3446 3371
f 3368 3369 2999
f 2999 2998 3368
f 3446 3002 3003
f 3373 3371 3446
f 3446 3001 3002
f 3374 3447 3006
f 3383 3451 3384
f 3381 3433 3435
f 3382 3381 3435
f 3382 3435 3450
f 3263 3433 3381
f 3016 3005 3448
f 3380 3378 3014
f 3014 3016 3448
f 3380 3014 3448
f 3015 3013 3377
f 3012 3014 3376
f 3376 3014 3378
f 3013 3012 3377
f 3377 3012 3376
f 3008 3007 3447
f 3374 3375 3447
f 3447 3007 3006
f 3377 3379 3015
f 2961 2960 3334
f 3334 2960 3335
f 3331 3333 2959
f 2959 2958 3331
f 3335 2959 3333
f 2960 2959 3335
f 2958 2962 3331
f 2962 2963 3339
f 3339 2963 3342
f 3331 2962 3339
f 2783 2780 2786
f 2786 2780 2777
f 2786 2777 2168
f 2169 2786 2168
f 2626 2783 2628
f 2626 2624 2780
f 2780 2783 2626
f 2776 2777 2780
f 2621 2776 2780
f 2624 2621 2780
f 2613 2776 2621
f 2777 2236 2168
f 2776 2773 2235
f 2777 2776 2235
f 2236 2777 2235
f 2773 2234 2235
f 2613 2597 2767
f 2786 2791 2783
f 2767 2773 2776
f 2786 2169 2176
f 2791 2786 2796
f 2640 2781 2589
f 2778 2781 2638
f 2638 2781 2640
f 2636 2802 2774
f 2636 2774 2778
f 2638 2636 2778
f 2632 2802 2636
f 2803 2774 2802
f 2802 2801 2803
f 2800 2803 2801
f 2801 2791 2800
f 2632 2630 2801
f 2801 2802 2632
f 2628 2783 2791
f 2630 2628 2791
f 2630 2791 2801
f 2796 2800 2791
f 2176 2796 2786
f 2613 2767 2776
f 2234 2773 2767
f 2234 2767 2762
f 2577 2754 2578
f 2580 2578 2757
f 2234 2762 2233
f 2760 2232 2762
f 2762 2232 2233
f 2760 2230 2232
f 2587 2767 2597
f 2587 2584 2759
f 2759 2762 2767
f 2587 2759 2767
f 2583 2759 2584
f 2762 2757 2760
f 2230 2760 2757
f 2757 2756 2227
f 2230 2757 2227
f 2583 2580 2757
f 2757 2759 2583
f 2754 2756 2757
f 2578 2754 2757
f 2759 2757 2762
f 2796 2176 2181
f 2796 2181 2183
f 2183 2800 2796
f 2800 2183 2185
f 2803 2185 2774
f 2774 2185 2187
f 2185 2803 2800
f 2569 2745 2554
f 2553 2745 2569
f 1757 1756 2498
f 2498 1756 2497
f 1755 1754 2544
f 2494 2495 1760
f 1760 1758 2494
f 2141 1496 1514
f 1493 1473 2131
f 2486 2489 1487
f 1487 1477 2486
f 2481 1488 1483
f 2489 2481 1483
f 2489 1483 1481
f 2489 1481 1487
f 2486 1477 1476
f 1476 1479 1955
f 2486 1476 1955
f 2294 2486 1955
f 2500 2497 2544
f 2481 2484 1752
f 2497 1755 2544
f 2503 1754 1759
f 2507 2514 2547
f 2507 2547 1764
f 2507 1764 1765
f 2507 1765 2541
f 2541 1765 1766
f 2547 1763 1764
f 1758 1762 2494
f 2494 1762 2510
f 1761 1752 2508
f 2508 1752 2484
f 2508 2510 1762
f 1762 1761 2508
f 2500 2544 2505
f 1759 1760 2503
f 2503 1760 2495
f 2503 2505 2544
f 2503 2544 1754
f 2497 1756 1755
f 1752 1488 2481
f 2498 2538 1757
f 2538 1767 1757
f 1741 1767 2538
f 2543 1770 1771
f 2546 1768 1769
f 2498 2480 2538
f 2939 3085 2627
f 2939 2627 2618
f 2939 2948 3085
f 2631 2627 3085
f 2949 3085 2948
f 2949 2953 3085
f 3088 2634 2631
f 2953 3088 2631
f 2953 2631 3085
f 2654 2653 2961
f 2961 2653 2960
f 2959 3104 2958
f 2959 2653 3104
f 2653 2655 3104
f 2962 2657 2656
f 2685 2684 3106
f 2681 2685 3106
f 2986 2681 3106
f 2989 2986 3106
f 2991 2988 3106
f 3106 2684 2683
f 2991 3106 2683
f 2989 3106 2988
f 2655 2657 3104
f 2656 2658 2962
f 2962 2658 2963
f 2958 3104 2657
f 2962 2958 2657
f 2959 2960 2653
f 2669 2666 2817
f 2817 2819 2669
f 2817 2269 2819
f 2819 2269 2272
f 2666 2663 2263
f 2666 2263 2264
f 2666 2264 2817
f 2817 2264 2269
f 2665 2814 2662
f 2661 2813 2664
f 2664 2813 2258
f 2665 2664 2258
f 2665 2258 2260
f 2665 2260 2814
f 2814 2262 2263
f 2662 2814 2263
f 2663 2662 2263
f 2814 2260 2262
f 2660 2253 2255
f 2660 2255 2813
f 2661 2660 2813
f 2813 2255 2258
f 2811 2250 2253
f 2659 2811 2253
f 2660 2659 2253
f 2811 2249 2250
f 1906 2091 2092
f 1908 1906 2092
f 2090 1456 2092
f 2092 1456 1458
f 2091 2078 1452
f 2091 1452 1454
f 2090 2091 1454
f 2090 1454 1456
f 1900 2083 1903
f 2083 2075 2078
f 1903 2083 2078
f 1904 1903 2078
f 1898 2085 2082
f 1900 1898 2082
f 1900 2082 2083
f 2083 2082 1443
f 2083 1443 1449
f 2091 2090 2092
f 2075 2083 1449
f 1904 2091 1910
f 1910 2091 1906
f 1915 2106 1918
f 2104 2100 2106
f 2106 2100 2101
f 2099 2098 2104
f 1913 2099 2104
f 1915 1913 2104
f 2104 2098 1444
f 2104 1444 1445
f 2100 2104 1445
f 2100 1447 2101
f 2101 1447 1453
f 2100 1445 1447
f 2099 2095 1438
f 2099 1438 1442
f 2098 2099 1442
f 2098 1442 1444
f 2095 1436 1438
f 2078 2091 1904
f 2104 2106 1915
f 2075 1450 2078
f 2075 1449 1450
f 2078 1450 1452
f 1929 1926 2095
f 1926 1436 2095
f 1926 2092 1436
f 1931 2099 1913
f 1931 1929 2095
f 2095 2099 1931
f 1908 2092 1926
f 2092 1458 1436
f 1875 2040 2029
f 1875 2029 1872
f 1875 2043 2040
f 1875 1878 2043
f 1393 2040 1403
f 1883 1404 1403
f 1883 1403 2043
f 1883 2043 1878
f 1403 2040 2043
f 2278 2279 2417
f 1909 1930 2414
f 2417 1909 2414
f 2278 2417 2414
f 2242 2417 2279
f 2278 2414 2254
f 2277 2412 2411
f 2276 2277 2411
f 2276 2411 2408
f 2248 2412 2277
f 2276 2408 2238
f 2239 2245 1894
f 1894 1892 2239
f 1895 1894 2257
f 2257 1894 2245
f 1892 1891 2239
f 2239 1891 2237
f 2187 2376 2190
f 2373 1855 1858
f 1855 2373 2371
f 2371 2369 1854
f 1855 2371 1854
f 1854 2369 2367
f 2367 1852 1854
f 2369 2371 2185
f 2185 2371 2187
f 2367 2369 2183
f 2183 2369 2185
f 1852 2367 2365
f 2365 1845 1852
f 1845 2365 2362
f 2362 1833 1845
f 2183 2181 2365
f 2365 2367 2183
f 2371 2376 2187
f 2176 2355 2362
f 2190 2378 2191
f 2376 2371 2373
f 2201 2386 2370
f 2179 2201 2370
f 1870 2389 2386
f 2386 2384 1867
f 1870 2386 1867
f 2380 1865 2384
f 2384 1865 1867
f 2373 1858 2380
f 2380 1858 1865
f 2199 2386 2201
f 2195 2378 2384
f 2199 2195 2384
f 2199 2384 2386
f 2191 2378 2195
f 2380 2384 2378
f 2378 2376 2380
f 2373 2380 2376
f 2376 2378 2190
f 2176 2362 2365
f 2181 2176 2365
f 2352 2355 2169
f 2169 2355 2176
f 2168 2352 2169
f 2386 2389 2370
f 2389 1870 1873
f 2389 1873 2370
f 2401 2398 2220
f 2220 2398 2219
f 2217 2219 2398
f 2398 2396 2395
f 2217 2398 2395
f 2217 2395 2212
f 1881 1879 2396
f 1879 1877 2392
f 2396 1879 2392
f 2395 2396 2392
f 2212 2395 2392
f 2188 2212 2392
f 2188 2392 2342
f 1860 2391 1877
f 1877 2391 2392
f 2391 2341 2392
f 2392 2341 2342
f 1885 2396 2398
f 1881 2396 1885
f 1886 2398 2401
f 1885 2398 1886
f 2213 1872 1890
f 2231 2213 1890
f 2231 1890 2407
f 2231 2407 2229
f 1889 2406 1890
f 1890 2406 2407
f 2407 2406 2229
f 2229 2406 2228
f 2370 1873 1837
f 1889 1888 2406
f 2225 2228 1888
f 2225 1888 1887
f 2225 1887 2403
f 1886 2401 1887
f 1887 2401 2403
f 2225 2403 2223
f 2403 2401 2223
f 2223 2401 2220
f 2228 2406 1888
f 3857 3856 3580
f 3580 3583 3908
f 3857 3580 3908
f 3908 3583 3584
f 3582 3579 3853
f 3853 3579 3855
f 3575 3581 3854
f 3854 3581 3852
f 3853 3852 3581
f 3581 3582 3853
f 3859 3858 3585
f 3858 3908 3585
f 3908 3584 3585
f 3857 3908 3858
f 3585 3532 3859
f 3859 3532 3847
f 3945 3946 3806
f 3806 3805 3945
f 3805 3804 3945
f 3945 3804 3943
f 3804 3803 4052
f 3943 3804 4052
f 3942 3943 4052
f 3942 4052 3940
f 3803 3802 4052
f 3938 3940 4052
f 4052 3802 3801
f 3938 4052 3801
f 3938 3801 3798
f 3938 3798 4051
f 3937 3938 4051
f 3937 4051 3936
f 3798 3794 4051
f 3947 3806 3946
f 3934 3936 4051
f 3807 3806 3947
f 3947 3949 3808
f 3961 4054 3964
f 4054 3814 3815
f 4053 3813 3814
f 3958 4053 3814
f 3958 3814 4054
f 3961 3958 4054
f 4053 3812 3813
f 3956 4053 3958
f 3956 3954 3811
f 3811 3812 4053
f 3956 3811 4053
f 3810 3811 3953
f 3953 3811 3954
f 3950 3951 3785
f 3785 3809 3950
f 3809 3808 3950
f 3950 3808 3949
f 3808 3807 3947
f 3934 4051 3794
f 3934 3794 3792
f 3792 3791 3934
f 4040 4041 4044
f 4039 4040 4042
f 4042 4040 4043
f 4040 4037 3769
f 4040 3769 3774
f 4041 4040 3774
f 4040 4039 4036
f 4036 4037 4040
f 4037 3763 3769
f 4036 4034 3761
f 4036 3761 3763
f 4037 4036 3763
f 4034 3759 3761
f 4034 4033 3757
f 3757 3759 4034
f 3758 3757 4033
f 4044 4043 4040
f 4045 4042 4043
f 4045 3778 4042
f 3778 3777 4042
f 3934 3791 3932
f 3930 3932 3791
f 3791 3790 3930
f 3790 3789 4050
f 3930 3790 4050
f 3927 3930 4050
f 4049 4048 4047
f 4049 4047 3784
f 4049 3784 3786
f 4044 4047 4048
f 4047 3782 3784
f 4047 4044 4041
f 4047 4041 3779
f 4047 3779 3782
f 4041 3774 3779
f 4043 4044 4045
f 4045 4044 4046
f 4048 4046 4044
f 3495 3496 3762
f 3796 3889 3795
f 3793 3795 3889
f 3889 3479 3477
f 3889 3477 3885
f 3772 3771 3509
f 3509 3511 3772
f 3506 3509 3770
f 3770 3509 3771
f 3770 3768 3505
f 3505 3506 3770
f 3504 3505 3767
f 3767 3505 3768
f 3767 3766 3502
f 3502 3504 3767
f 3500 3502 3765
f 3765 3502 3766
f 3765 3764 3498
f 3498 3500 3765
f 3496 3498 3762
f 3762 3498 3764
f 3762 3760 3495
f 3772 3513 3773
f 3511 3513 3772
f 3775 3773 3880
f 3773 3513 3880
f 3793 3889 3885
f 3477 3470 3885
f 3793 3885 3788
f 3787 3788 3885
f 3470 3468 3883
f 3885 3470 3883
f 3787 3885 3883
f 3787 3883 3785
f 3459 3462 3781
f 3781 3780 3456
f 3456 3459 3781
f 3780 3776 3880
f 3880 3455 3456
f 3780 3880 3456
f 3775 3880 3776
f 3880 3514 3455
f 3513 3514 3880
f 3781 3462 3783
f 3928 4054 3760
f 3846 3907 3845
f 3839 3526 3528
f 3839 3528 3907
f 3846 3839 3907
f 3843 3845 3907
f 3907 3527 3529
f 3843 3907 3529
f 3528 3527 3907
f 3839 3840 3906
f 3906 3524 3526
f 3839 3906 3526
f 3525 3524 3906
f 4054 3815 3760
f 4184 4185 3959
f 4188 4193 3965
f 3965 3962 4276
f 4188 3965 4276
f 3962 3960 4276
f 4188 4276 4185
f 4276 3960 3959
f 4185 4276 3959
f 3998 4003 3841
f 3841 3838 3998
f 3928 3964 4054
f 3659 3662 4086
f 3656 3659 4082
f 4082 3659 4083
f 4082 4079 3653
f 3653 3656 4082
f 4079 4076 3650
f 3650 3653 4079
f 3510 3650 4074
f 4074 3650 4076
f 4086 4083 3659
f 4087 3665 4085
f 3669 3667 4087
f 3515 3512 3789
f 3789 3512 4050
f 3927 4050 4027
f 4142 4027 4050
f 4050 3512 3725
f 4142 4050 3725
f 4140 4142 3725
f 3725 3723 4140
f 3723 3720 4140
f 4140 3720 4137
f 4135 4137 3720
f 3720 3718 4135
f 3718 3716 4135
f 4135 3716 4133
f 3716 3714 4155
f 4133 3716 4155
f 4131 4133 4155
f 4131 4155 4130
f 3714 3713 4155
f 4128 4130 4155
f 3689 3691 4110
f 4110 3691 4112
f 4110 4108 3686
f 3686 3689 4110
f 3662 3686 4086
f 4086 3686 4108
f 3677 3675 4104
f 4104 3675 4102
f 3675 3673 4147
f 4102 3675 4147
f 4094 4102 4147
f 4094 4147 4091
f 3673 3671 4147
f 4088 4091 4147
f 4147 3671 3669
f 4088 4147 3669
f 4087 4088 3669
f 3694 3677 4104
f 4104 4114 3694
f 3691 3698 4116
f 4116 4112 3691
f 4155 3713 3712
f 4128 4155 3712
f 4127 4128 3712
f 3712 3710 4127
f 3710 3694 4127
f 4127 3694 4114
f 4072 4124 4151
f 4072 4151 3709
f 3667 3665 4087
f 4072 3709 3652
f 4122 4151 4124
f 4120 3705 3708
f 4120 3708 4151
f 4122 4120 4151
f 4120 4118 3702
f 3702 3705 4120
f 3698 3702 4116
f 4116 3702 4118
f 4151 3708 3709
f 2902 2943 3285
f 3285 3276 2902
f 3265 2897 3269
f 2897 2900 3271
f 2939 2924 3439
f 3284 3439 2924
f 3284 2924 2921
f 3281 3284 2921
f 3281 2921 3437
f 3281 3437 3279
f 2921 2918 3437
f 3278 3279 3437
f 3278 3437 2918
f 2918 2915 3431
f 3278 2918 3431
f 2912 3428 2915
f 2915 3428 3431
f 2912 2910 3428
f 2900 2902 3271
f 3271 2902 3276
f 3271 3269 2897
f 2895 2897 3265
f 2953 2949 3430
f 3310 3270 3430
f 3310 3430 2949
f 3310 2949 2948
f 3307 3310 2948
f 3307 2948 2939
f 3307 2939 3439
f 3307 3439 3284
f 3191 2853 2852
f 3192 3191 2852
f 2852 2846 3241
f 3192 2852 3241
f 3240 2833 2851
f 3186 3240 2851
f 3188 3186 2851
f 3188 2851 2853
f 3182 3131 3017
f 3241 2847 2719
f 3180 3241 2719
f 3180 2719 3129
f 3182 3180 3129
f 3182 3129 3131
f 3241 2846 2845
f 2707 3122 3124
f 2707 3124 2708
f 3188 2853 3191
f 2845 2707 2708
f 3177 3240 3186
f 2495 2494 3244
f 3214 3244 3246
f 3211 3213 3246
f 2508 2484 3236
f 3246 2508 3236
f 3211 3246 3236
f 2510 2508 3246
f 2500 2505 3197
f 3197 2505 3205
f 3202 2503 2495
f 3202 2495 3244
f 3209 3202 3244
f 3202 3205 2505
f 2505 2503 3202
f 3197 3199 3245
f 3197 3245 2497
f 3197 2497 2500
f 2498 2497 3245
f 3192 3241 3180
f 3241 2845 2708
f 2847 3241 2708
f 3011 3122 3008
f 2484 2481 3236
f 3003 3118 3175
f 3175 3118 2700
f 3177 3175 2700
f 3177 2700 2841
f 2841 2828 3240
f 3177 2841 3240
f 3240 2828 2827
f 2827 2826 2830
f 3244 2494 3246
f 3240 2827 2830
f 2489 2486 3167
f 3167 2486 3164
f 3236 2481 2489
f 3169 3236 2489
f 3167 3169 2489
f 2486 2294 2712
f 3164 2486 2712
f 3015 3164 2712
f 2833 3240 2830
f 2494 2510 3246
f 3214 3246 3213
f 3219 3245 3199
f 2480 2498 3245
f 3163 2480 3245
f 3219 3163 3245
f 3237 2514 2507
f 3209 3244 3216
f 3211 3236 3169
f 3214 3216 3244
f 3541 3540 3628
f 3628 3345 3348
f 3541 3628 3348
f 3538 3535 3346
f 3346 3347 3538
f 3340 3344 3628
f 3533 3340 3628
f 3534 3533 3628
f 3628 3344 3345
f 3533 3532 3338
f 3338 3340 3533
f 3337 3334 3530
f 3530 3334 3525
f 3534 3628 3540
f 3541 3346 3535
f 3348 3346 3541
f 3367 3360 3547
f 3547 3360 3542
f 3365 3366 3545
f 3545 3366 3546
f 3547 3546 3366
f 3366 3367 3547
f 3347 3365 3538
f 3361 3364 3543
f 3543 3364 3544
f 3543 3542 3360
f 3360 3361 3543
f 3538 3365 3545
f 3266 3264 3464
f 3464 3264 3461
f 3264 3262 3461
f 3461 3262 3458
f 3457 3458 3262
f 3262 3261 3457
f 3454 3457 3261
f 3261 3260 3454
f 3268 3266 3464
f 3464 3467 3268
f 3467 3471 3286
f 3455 3514 3330
f 3330 3265 3455
f 3620 3329 3330
f 3513 3620 3330
f 3514 3513 3330
f 3511 3620 3513
f 3620 3328 3329
f 3511 3509 3327
f 3327 3328 3620
f 3511 3327 3620
f 3324 3327 3506
f 3506 3327 3509
f 3486 3485 3297
f 3297 3299 3486
f 3485 3484 3617
f 3617 3296 3297
f 3485 3617 3297
f 3617 3294 3296
f 3481 3617 3484
f 3278 3293 3468
f 3468 3293 3475
f 3475 3293 3292
f 3475 3292 3614
f 3474 3475 3614
f 3474 3614 3472
f 3292 3289 3614
f 3471 3472 3614
f 3471 3614 3289
f 3471 3289 3286
f 3486 3301 3491
f 3299 3301 3486
f 3301 3302 3493
f 3493 3491 3301
f 3506 3505 3323
f 3323 3324 3506
f 3320 3323 3504
f 3504 3323 3505
f 3319 3320 3502
f 3502 3320 3504
f 3502 3500 3315
f 3315 3319 3502
f 3286 3268 3467
f 3313 3315 3498
f 3498 3496 3311
f 3311 3313 3498
f 3308 3311 3495
f 3495 3311 3496
f 3495 3494 3305
f 3305 3308 3495
f 3302 3305 3493
f 3493 3305 3494
f 3498 3315 3500
f 368 367 469
f 424 426 469
f 424 469 367
f 424 367 366
f 424 366 364
f 424 364 468
f 423 424 468
f 364 362 468
f 468 467 423
f 423 467 421
f 465 466 420
f 420 466 422
f 467 464 465
f 421 467 465
f 420 421 465
f 468 362 361
f 361 467 468
f 466 360 371
f 428 371 372
f 428 422 371
f 422 466 371
f 435 377 363
f 425 435 363
f 425 363 470
f 376 377 434
f 434 432 375
f 375 376 434
f 432 431 374
f 374 375 432
f 373 374 429
f 429 374 431
f 429 428 372
f 372 373 429
f 434 377 435
f 358 464 361
f 361 464 467
f 466 465 359
f 359 360 466
f 357 359 464
f 464 359 465
f 358 357 464
f 1261 989 1357
f 1344 1357 991
f 991 993 1344
f 992 991 1357
f 990 989 1355
f 1352 1020 1354
f 1354 1020 1021
f 1020 1352 1350
f 1350 1018 1020
f 1259 1352 1354
f 1240 1259 1354
f 1240 1354 1349
f 1350 1352 1243
f 1243 1352 1259
f 1245 1257 1016
f 1016 1018 1350
f 1245 1016 1350
f 989 992 1357
f 1012 1016 1255
f 1261 1254 989
f 1357 1344 1241
f 1362 1356 1347
f 1347 1356 1351
f 1359 1362 1345
f 1345 1362 1347
f 998 999 1362
f 1362 999 1356
f 1362 1359 994
f 994 998 1362
f 1345 1343 996
f 1345 996 995
f 1345 995 1359
f 997 996 1343
f 995 994 1359
f 1241 1261 1357
f 1254 1355 989
f 1255 1016 1257
f 1240 1349 1236
f 1245 1350 1243
f 1206 1294 1211
f 1692 1691 1608
f 1690 1689 1693
f 1693 1689 1692
f 1691 1692 1689
f 1689 1230 1231
f 1691 1689 1231
f 1691 1232 1608
f 1608 1232 1233
f 1691 1231 1232
f 1689 1690 1688
f 1688 1687 1689
f 1687 1229 1689
f 1689 1229 1230
f 1631 1628 1688
f 1688 1628 1687
f 1628 1625 1228
f 1687 1628 1228
f 1608 1612 1692
f 1229 1687 1228
f 1616 1692 1612
f 1694 1631 1688
f 1696 1613 1234
f 1696 1234 1235
f 1693 1616 1456
f 1456 1616 1458
f 1452 1695 1454
f 1695 1690 1693
f 1454 1695 1693
f 1456 1454 1693
f 1443 1666 1449
f 1694 1695 1450
f 1450 1695 1452
f 1690 1695 1694
f 1694 1688 1690
f 1449 1666 1665
f 1449 1665 1694
f 1450 1449 1694
f 1665 1631 1694
f 1693 1692 1616
f 1621 1227 1625
f 1625 1227 1228
f 1227 1621 1619
f 1677 1676 1214
f 1215 1677 1214
f 1673 1213 1674
f 1674 1213 1214
f 1674 1676 1642
f 1642 1641 1674
f 1641 1636 1674
f 1674 1636 1673
f 1673 1212 1213
f 1212 1673 1636
f 1636 1634 1210
f 1212 1636 1210
f 1210 1634 1633
f 1633 1207 1210
f 1209 1208 1669
f 1209 1669 1600
f 1600 1204 1209
f 1676 1674 1214
f 1647 1642 1676
f 1676 1678 1647
f 1678 1217 1647
f 1619 1216 1227
f 1620 1226 1623
f 1623 1226 1218
f 1620 1211 1226
f 1223 1225 1683
f 1224 1219 1681
f 1224 1681 1677
f 1225 1224 1677
f 1613 1608 1234
f 1683 1225 1677
f 1222 1683 1677
f 1677 1215 1222
f 1681 1219 1217
f 1217 1678 1681
f 1677 1681 1678
f 1678 1676 1677
f 1216 1619 1647
f 1217 1216 1647
f 1683 1222 1223
f 1608 1233 1234
f 1696 1235 1618
f 1613 1696 1617
f 1617 1696 1618
f 1618 1235 1206
f 1208 1207 1633
f 1737 1790 1735
f 1790 1789 1788
f 1735 1790 1788
f 1733 1735 1788
f 1733 1788 1731
f 1788 1789 1096
f 1788 1096 1095
f 1788 1095 1786
f 1788 1786 1731
f 1731 1786 1729
f 1783 1784 1724
f 1724 1784 1726
f 1092 1784 1783
f 1783 1089 1092
f 1723 1783 1724
f 1721 1087 1089
f 1721 1089 1783
f 1098 1096 1789
f 1723 1721 1783
f 1790 1098 1789
f 1790 1792 1101
f 1793 1792 1803
f 1803 1792 1802
f 1742 1802 1792
f 1737 1742 1792
f 1737 1792 1790
f 1799 1801 1797
f 1797 1795 1799
f 1799 1795 1105
f 1799 1105 1103
f 1793 1799 1103
f 1739 1726 1784
f 1739 1784 1795
f 1739 1795 1797
f 1784 1092 1795
f 1795 1092 1105
f 1103 1101 1793
f 1793 1101 1792
f 1790 1101 1098
f 1744 1802 1742
f 1744 1803 1802
f 1746 1805 1803
f 1758 1760 1120
f 1120 1118 1758
f 1262 1710 1271
f 1262 1271 1048
f 1042 1262 1048
f 1514 1496 1265
f 1265 1045 1113
f 1514 1265 1113
f 1515 1514 1113
f 1515 1113 1111
f 1516 1515 1111
f 1516 1111 1808
f 1516 1808 1517
f 1753 1801 1504
f 1739 1797 1753
f 1750 1421 1559
f 1750 1559 1556
f 1750 1556 1805
f 1750 1805 1746
f 1566 1564 1807
f 1807 1556 1557
f 1566 1807 1557
f 1424 1566 1557
f 1420 1424 1557
f 1807 1803 1556
f 1556 1803 1805
f 1807 1564 1801
f 1801 1799 1807
f 1803 1807 1799
f 1799 1793 1803
f 1797 1801 1753
f 1422 1505 1564
f 1505 1801 1564
f 1505 1504 1801
f 1367 1808 1111
f 1111 1019 1365
f 1367 1111 1365
f 1361 1015 1011
f 1250 1703 1260
f 1011 1250 1260
f 1361 1011 1260
f 1493 1703 1473
f 1744 1746 1803
f 1752 1009 1008
f 1752 1008 1255
f 1488 1752 1255
f 1748 1466 1668
f 1748 1668 1671
f 1748 1671 1800
f 1800 1798 1748
f 1748 1798 1745
f 1745 1798 1741
f 1008 1012 1255
f 1208 1633 1632
f 1669 1208 1632
f 1429 1427 1600
f 1592 1583 1582
f 1582 1579 1592
f 1592 1579 1589
f 1590 1591 1589
f 1589 1588 1590
f 1561 1590 1588
f 1588 1553 1561
f 1588 1589 1579
f 1579 1578 1588
f 1578 1551 1588
f 1588 1551 1553
f 1593 1561 1569
f 1593 1569 1572
f 1572 1569 1563
f 1591 1590 1594
f 1594 1590 1593
f 1590 1561 1593
f 1575 1574 1581
f 1581 1574 1580
f 1577 1580 1574
f 1574 1573 1577
f 1578 1579 1577
f 1577 1576 1578
f 1551 1578 1576
f 1576 1543 1551
f 1573 1571 1577
f 1577 1571 1576
f 1571 1537 1576
f 1576 1537 1543
f 1574 1575 1401
f 1401 1575 1402
f 1573 1574 1399
f 1399 1574 1401
f 1399 1398 1570
f 1580 1577 1579
f 1399 1570 1571
f 1579 1582 1580
f 1581 1580 1583
f 1585 1584 1587
f 1587 1584 1586
f 1584 1575 1586
f 1586 1575 1581
f 1584 1585 1406
f 1406 1585 1410
f 1406 1402 1575
f 1575 1584 1406
f 1583 1580 1582
f 1399 1571 1573
f 1537 1571 1570
f 1570 1533 1537
f 1548 1541 1546
f 1551 1547 1553
f 1553 1547 1548
f 1547 1539 1548
f 1548 1539 1541
f 1545 1546 1541
f 1541 1534 1545
f 1383 1385 1545
f 1545 1534 1383
f 1534 1541 1539
f 1539 1532 1534
f 1534 1532 1383
f 1383 1532 1380
f 1546 1554 1548
f 1553 1548 1554
f 1554 1561 1553
f 1389 1545 1385
f 1397 1570 1398
f 1397 1394 1533
f 1533 1570 1397
f 1569 1568 1563
f 1563 1568 1558
f 1568 1565 1558
f 1558 1565 1550
f 1561 1554 1569
f 1569 1554 1568
f 1554 1546 1565
f 1550 1565 1562
f 1393 1550 1562
f 1391 1393 1562
f 1391 1562 1389
f 1546 1545 1565
f 1565 1545 1562
f 1562 1545 1389
f 1565 1568 1554
f 1653 1646 1657
f 1657 1646 1649
f 1655 1651 1656
f 1656 1651 1653
f 1651 1645 1653
f 1653 1645 1646
f 1646 1644 1649
f 1649 1644 1648
f 1606 1648 1644
f 1644 1603 1606
f 1644 1646 1645
f 1645 1635 1644
f 1635 1601 1644
f 1644 1601 1603
f 1627 1626 1631
f 1631 1626 1628
f 1626 1614 1628
f 1658 1653 1657
f 1628 1614 1625
f 1656 1653 1658
f 1648 1606 1660
f 1429 1600 1669
f 1429 1669 1632
f 1433 1667 1435
f 1435 1667 1662
f 1443 1435 1662
f 1443 1662 1666
f 1432 1658 1657
f 1433 1432 1657
f 1433 1657 1667
f 1657 1649 1667
f 1667 1649 1662
f 1662 1660 1666
f 1666 1660 1665
f 1660 1627 1665
f 1665 1627 1631
f 1649 1648 1662
f 1662 1648 1660
f 1660 1606 1627
f 1606 1605 1627
f 1627 1605 1626
f 1614 1626 1605
f 1605 1604 1614
f 1614 1611 1625
f 1625 1611 1621
f 1611 1610 1621
f 1621 1610 1619
f 1611 1614 1604
f 1604 1609 1611
f 1609 1607 1611
f 1611 1607 1610
f 1603 1599 1605
f 1604 1605 1599
f 1599 1598 1604
f 1599 1603 1601
f 1601 1597 1599
f 1597 1595 1599
f 1599 1595 1598
f 1605 1606 1603
f 819 913 728
f 819 728 727
f 819 727 912
f 819 912 818
f 727 726 912
f 818 912 726
f 817 818 726
f 817 726 725
f 725 667 817
f 817 667 816
f 819 820 913
f 821 668 822
f 823 668 914
f 857 856 651
f 651 652 857
f 650 651 855
f 855 651 856
f 855 854 647
f 647 650 855
f 854 853 646
f 646 647 854
f 917 919 832
f 832 919 833
f 918 919 917
f 917 916 918
f 830 917 832
f 828 915 916
f 830 828 916
f 830 916 917
f 825 915 828
f 824 914 670
f 824 670 671
f 824 671 915
f 825 824 915
f 914 669 670
f 823 914 824
f 823 822 668
f 668 669 914
f 919 918 920
f 920 921 919
f 840 921 922
f 840 919 921
f 853 852 645
f 645 646 853
f 852 850 644
f 644 645 852
f 672 675 851
f 851 675 848
f 674 644 847
f 847 644 850
f 663 668 821
f 847 848 675
f 922 928 843
f 843 928 845
f 840 922 843
f 927 928 922
f 922 921 927
f 924 927 921
f 921 920 924
f 840 833 919
f 675 674 847
f 1008 871 1012
f 869 867 1009
f 1009 867 1008
f 867 871 1008
f 871 872 1016
f 1016 1012 871
f 872 873 1018
f 1021 1020 875
f 875 877 1021
f 1020 1018 873
f 873 875 1020
f 1018 1016 872
f 1049 813 1050
f 1051 814 815
f 1051 1050 813
f 813 814 1051
f 811 813 1049
f 812 811 1049
f 6755 6783 6754
f 6753 6754 6783
f 6753 6783 6699
f 6753 6699 6698
f 6752 6753 6698
f 6698 6680 6752
f 6680 6679 6752
f 6752 6679 6751
f 6679 6678 6751
f 6751 6678 6750
f 6678 6674 6750
f 6750 6674 6743
f 6782 6696 6697
f 6748 6695 6696
f 6748 6696 6782
f 6749 6748 6782
f 6748 6747 6677
f 6700 6699 6783
f 6677 6695 6748
f 6755 6700 6783
f 6756 6701 6700
f 6756 6784 6701
f 6755 6756 6700
f 6747 6746 6676
f 6676 6677 6747
f 6675 6676 6745
f 6737 6669 6668
f 6739 6737 6668
f 6738 6779 6737
f 6736 6778 6735
f 6735 6778 6734
f 6737 6779 6669
f 6741 6780 6740
f 6740 6781 6742
f 6780 6781 6740
f 6745 6676 6746
f 6744 6781 6671
f 6745 6744 6671
f 6745 6671 6675
f 6742 6781 6744
f 6736 6743 6674
f 6674 6673 6778
f 6736 6674 6778
f 6672 6669 6779
f 6738 6734 6673
f 6738 6673 6672
f 6738 6672 6779
f 6780 6670 6781
f 6781 6670 6671
f 6741 6739 6668
f 6741 6668 6670
f 6741 6670 6780
f 6734 6778 6673
f 6669 6709 6706
f 6673 6709 6672
f 6671 6670 6707
f 6707 6708 6671
f 6706 6707 6668
f 6668 6707 6670
f 6669 6706 6668
f 6709 6636 6706
f 6709 6637 6636
f 6710 6709 6673
f 6712 6710 6678
f 6678 6710 6674
f 6677 6676 6711
f 6677 6711 6641
f 6677 6641 6642
f 6708 6640 6711
f 6711 6640 6641
f 6675 6711 6676
f 6708 6711 6671
f 6671 6711 6675
f 6640 6708 6707
f 6707 6639 6640
f 6639 6707 6706
f 6706 6636 6639
f 6710 6638 6637
f 6637 6709 6710
f 6673 6674 6710
f 6669 6672 6709
f 6643 6710 6712
f 6638 6710 6643
f 6679 6680 6712
f 6679 6712 6678
f 6644 6643 6712
f 6680 6644 6712
f 6389 6428 6501
f 6501 6428 6419
f 6419 6500 6501
f 6473 6466 6500
f 6500 6505 6473
f 6473 6505 6407
f 6465 6473 6407
f 6465 6407 6396
f 6409 6505 6419
f 6419 6505 6500
f 6409 6407 6505
f 6469 6503 6471
f 6400 6391 6503
f 6467 6400 6503
f 6469 6467 6503
f 6394 6400 6464
f 6464 6400 6467
f 6396 6394 6465
f 6465 6394 6464
f 6988 6987 6970
f 6970 6987 6968
f 6965 6984 6969
f 6966 6983 6964
f 6968 6987 6986
f 6967 6968 6986
f 6967 6986 6985
f 6986 6930 6929
f 6929 6985 6986
f 6967 6985 6982
f 6966 6967 6982
f 6966 6982 6983
f 6928 6982 6929
f 6929 6982 6985
f 6965 6963 6941
f 6941 6935 6984
f 6965 6941 6984
f 6971 6988 6970
f 6964 6983 6940
f 6989 6988 6971
f 6932 6986 6987
f 6989 6938 6934
f 6971 6972 6937
f 6937 6938 6989
f 6971 6937 6989
f 6984 6936 6937
f 6969 6984 6937
f 6972 6969 6937
f 6984 6935 6936
f 6989 6934 6933
f 6933 6988 6989
f 6932 6987 6933
f 6933 6987 6988
f 6931 6986 6932
f 6931 6930 6986
f 6964 6940 6941
f 6963 6964 6941
f 6939 6940 6982
f 6982 6940 6983
f 6928 6939 6982
f 6980 6927 6926
f 6926 6979 6980
f 6926 6922 6979
f 6981 6923 6924
f 6981 6924 6925
f 6981 6925 6980
f 6962 6981 6980
f 6961 6962 6980
f 6923 6981 6978
f 6978 6921 6923
f 6978 6981 6958
f 6958 6981 6962
f 6960 6961 6980
f 6980 6979 6960
f 6959 6960 6979
f 6959 6979 6922
f 6959 6922 6915
f 6980 6925 6927
f 6959 6915 6974
f 6956 6959 6974
f 6974 6973 6956
f 6977 6920 6978
f 6913 6912 6973
f 6914 6973 6974
f 6978 6920 6921
f 6958 6957 6976
f 6976 6977 6978
f 6958 6976 6978
f 6977 6919 6920
f 6918 6919 6976
f 6976 6919 6977
f 6957 6955 6975
f 6975 6976 6957
f 6955 6973 6912
f 6912 6917 6975
f 6955 6912 6975
f 6976 6975 6916
f 6916 6918 6976
f 6917 6916 6975
f 6915 6914 6974
f 6913 6973 6914
f 6955 6956 6973
f 5245 5218 5359
f 4832 4830 5371
f 5359 4832 5371
f 5245 5359 5371
f 4830 4827 5371
f 4438 4323 4535
f 5060 4438 4535
f 4800 5060 4535
f 5060 5059 4429
f 4429 4438 5060
f 4428 4429 5057
f 5057 4429 5059
f 5833 5119 5835
f 5755 5833 5835
f 5756 5755 5835
f 5833 5115 5119
f 5119 5121 5835
f 5835 5121 5057
f 5758 5837 5128
f 5246 5349 5135
f 5617 5246 5135
f 5619 5617 5512
f 5512 5617 5776
f 5617 5135 5133
f 5776 5617 5133
f 5776 5133 5839
f 5772 5776 5839
f 5772 5839 5764
f 5133 5131 5839
f 5839 5131 5130
f 5764 5839 5130
f 5761 5764 5130
f 5761 5130 5837
f 5130 5128 5837
f 5761 5837 5759
f 5758 5759 5837
f 5758 5128 5126
f 5349 4839 5135
f 5756 5835 5780
f 5835 5057 5059
f 4800 4801 5365
f 5365 4801 4803
f 5783 5060 4800
f 4800 5365 5185
f 5783 4800 5185
f 5448 5783 5185
f 5783 5782 5059
f 5059 5060 5783
f 5782 5780 5835
f 5782 5835 5059
f 5161 5165 5434
f 5434 5165 5438
f 5436 5437 5612
f 5436 5612 5164
f 5436 5164 5163
f 5436 5163 5162
f 5436 5162 5611
f 5435 5436 5611
f 5162 5160 5611
f 5611 5159 5161
f 5435 5611 5161
f 5434 5435 5161
f 5160 5159 5611
f 5438 5166 5439
f 5165 5166 5438
f 5440 5439 5166
f 5614 5171 5172
f 5445 5444 5613
f 5170 5171 5614
f 5613 5170 5614
f 5445 5613 5614
f 5613 5169 5170
f 5443 5613 5444
f 5168 5169 5613
f 5442 5168 5613
f 5443 5442 5613
f 5167 5168 5440
f 5440 5168 5442
f 5441 5612 5437
f 5166 5167 5440
f 5233 5658 5660
f 5231 5229 5658
f 5663 5665 5667
f 5667 5665 5668
f 5656 5663 5660
f 5660 5663 5667
f 5497 5498 5665
f 5665 5663 5497
f 5663 5656 5497
f 5497 5656 5495
f 5660 5658 5653
f 5653 5656 5660
f 5658 5229 5180
f 5658 5180 5623
f 5658 5623 5653
f 5656 5653 5495
f 5495 5653 5493
f 5231 5658 5233
f 5669 5236 5667
f 5236 5233 5667
f 5233 5660 5667
f 5651 5670 5504
f 5504 5670 5503
f 5670 5668 5503
f 5503 5668 5501
f 5491 5628 5460
f 5668 5665 5499
f 5499 5665 5498
f 5669 5670 5648
f 5648 5670 5651
f 5648 5214 5236
f 5236 5669 5648
f 5667 5668 5669
f 5669 5668 5670
f 5499 5501 5668
f 5653 5623 5622
f 5493 5653 5622
f 5491 5488 5650
f 5464 5493 5622
f 5622 5641 5462
f 5462 5641 5461
f 5643 5205 5206
f 5459 5454 5642
f 5202 5205 5643
f 5642 5202 5643
f 5459 5642 5643
f 5642 5201 5202
f 5454 5453 5640
f 5640 5642 5454
f 5452 5640 5453
f 5642 5640 5638
f 5642 5638 5197
f 5642 5197 5201
f 5451 5636 5638
f 5452 5451 5638
f 5452 5638 5640
f 5462 5464 5622
f 5450 5636 5451
f 5459 5643 5472
f 5472 5643 5645
f 5650 5625 5628
f 5491 5650 5628
f 5487 5650 5488
f 5650 5647 5228
f 5650 5228 5181
f 5625 5650 5181
f 5487 5484 5647
f 5647 5650 5487
f 5647 5227 5228
f 5484 5482 5645
f 5645 5213 5227
f 5645 5227 5647
f 5484 5645 5647
f 5645 5211 5213
f 5479 5645 5482
f 5206 5211 5645
f 5643 5206 5645
f 5479 5472 5645
f 5638 5194 5197
f 5626 5188 5194
f 5636 5626 5194
f 5638 5636 5194
f 5626 5186 5188
f 5450 5449 5626
f 5626 5636 5450
f 5185 5186 5626
f 5448 5185 5626
f 5449 5448 5626
f 5180 5178 5623
f 5623 5178 5176
f 5623 5176 5622
f 5176 5174 5618
f 5176 5618 5622
f 4300 4308 4410
f 4300 4410 4193
f 4300 4193 4188
f 4300 4188 4185
f 4298 4300 4185
f 4298 4185 4408
f 4185 4184 4408
f 4322 4320 4713
f 4592 4595 4713
f 4713 4710 4592
f 4713 4320 4318
f 4318 4710 4713
f 4592 4710 4590
f 4590 4710 4318
f 4586 4590 4318
f 4318 4315 4708
f 4586 4318 4708
f 4586 4708 4585
f 4315 4311 4708
f 4585 4708 4311
f 4585 4311 4309
f 4583 4585 4309
f 4583 4309 4704
f 4309 4307 4704
f 4595 4322 4713
f 4595 4298 4322
f 4595 4563 4298
f 4582 4583 4704
f 4704 4702 4582
f 4307 4305 4702
f 4305 4690 4702
f 4543 4692 4555
f 4692 4297 4299
f 4293 4297 4692
f 4691 4293 4692
f 4542 4691 4692
f 4543 4542 4692
f 4558 4299 4301
f 4558 4692 4299
f 4560 4301 4694
f 4704 4307 4702
f 4582 4702 4580
f 4580 4702 4690
f 4580 4690 4689
f 4577 4580 4689
f 4575 4577 4689
f 4689 4698 4575
f 4575 4698 4572
f 4560 4558 4301
f 4301 4303 4694
f 4558 4555 4692
f 4613 4347 4616
f 4613 4614 4345
f 4345 4344 4613
f 4608 4612 4343
f 4343 4342 4608
f 4344 4347 4613
f 4608 4345 4614
f 4342 4345 4608
f 6203 6196 6188
f 6188 6189 6203
f 5869 5864 6185
f 5869 6185 6188
f 6196 5869 6188
f 5861 6193 5864
f 5864 6193 6185
f 5861 5860 6193
f 6182 5858 6189
f 6189 5858 5859
f 6182 5857 5858
f 6189 6188 6178
f 6178 6182 6189
f 6177 6178 6185
f 6185 6178 6188
f 6178 6176 5856
f 6178 5856 5857
f 6182 6178 5857
f 6205 5874 6203
f 5872 6196 6203
f 6228 5902 5905
f 5902 6228 6227
f 6227 5900 5902
f 6222 5888 5882
f 6224 5894 5887
f 5888 6222 6221
f 6221 6224 5887
f 5888 6221 5887
f 5882 5878 6222
f 6222 5878 5877
f 5877 6211 6221
f 6222 5877 6221
f 5876 6209 5877
f 5877 6209 6211
f 5874 5872 6203
f 6178 6177 6174
f 6174 6176 6178
f 6176 5855 5856
f 6174 6172 5854
f 6174 5854 5855
f 6176 6174 5855
f 6172 5853 5854
f 5872 5869 6196
f 6357 6360 6294
f 6294 6291 6357
f 6330 5792 6379
f 6333 6336 6383
f 6333 6383 5784
f 5784 5787 6382
f 6333 5784 6382
f 6333 6382 6334
f 6324 6330 6379
f 6379 6368 6324
f 6324 6368 6328
f 6320 6365 6317
f 6317 6365 6351
f 6311 6317 6351
f 6311 6351 6352
f 6311 6352 6309
f 5763 5781 6300
f 6300 5781 6308
f 6299 6294 6360
f 6299 6360 5774
f 6299 5774 5778
f 5942 5941 6282
f 6271 5940 5933
f 6281 5936 5939
f 5940 6271 6264
f 6264 6281 5939
f 5940 6264 5939
f 6280 5938 5935
f 5938 6280 6276
f 6276 5937 5938
f 6279 6280 5935
f 5936 6279 5935
f 6258 6279 6264
f 6264 6279 6281
f 6275 6276 6279
f 6279 6276 6280
f 6279 6258 6254
f 6254 6275 6279
f 6330 6334 5792
f 5934 6277 6269
f 6334 6382 5792
f 6382 5787 5790
f 6157 6099 6351
f 6157 6351 6365
f 5941 6157 6365
f 6282 5941 6365
f 6360 5804 5774
f 6387 5799 5803
f 6360 6357 6387
f 6360 6387 5803
f 5804 6360 5803
f 6375 5801 5795
f 5799 6387 6386
f 6386 5796 5799
f 6385 6386 6357
f 6357 6386 6387
f 6386 6374 6375
f 6386 6375 5795
f 5796 6386 5795
f 6363 6374 6385
f 6385 6374 6386
f 6320 6282 6365
f 6382 5790 5792
f 6320 6388 6282
f 5581 6161 5810
f 6379 5792 5816
f 6164 5581 5580
f 6388 5814 5810
f 6379 5816 5813
f 5813 6368 6379
f 6368 5813 5814
f 6368 5814 6388
f 6328 6368 6388
f 6342 6328 6388
f 5581 6164 6161
f 5942 6282 6388
f 6161 5942 6388
f 6161 6388 5810
f 6320 6342 6388
f 6269 6271 5933
f 5936 6281 6279
f 5934 6269 5933
f 5930 5929 6255
f 5929 5931 6254
f 6258 6255 5929
f 6262 5930 6255
f 6262 5932 5930
f 6262 6261 5932
f 6255 6258 6264
f 6264 6262 6255
f 6261 6262 6269
f 6269 6267 6261
f 6269 6264 6271
f 6262 6264 6269
f 6274 6269 6277
f 6267 6269 6274
f 6258 5929 6254
