# GF5 hand-only SMPL-X avatar mesh subset
v 0.782821 0.005249 -0.135141 0.72941176 0.56078431 0.54901961
v 0.786010 0.007519 -0.135141 0.76078431 0.57647059 0.56078431
v -0.788694 0.008609 -0.135141 0.66274510 0.53333333 0.51372549
v 0.786936 0.010490 -0.135141 0.77647059 0.57647059 0.56078431
v -0.788378 0.013424 -0.135141 0.67843137 0.54117647 0.52156863
v -0.785857 0.005988 -0.135141 0.65098039 0.52941176 0.50980392
v 0.784960 0.013972 -0.135141 0.78823529 0.56078431 0.55294118
v 0.779883 0.013640 -0.135141 0.83529412 0.60000000 0.59215686
v -0.784518 0.014872 -0.135141 0.72941176 0.56470588 0.54117647
v 0.778413 0.012854 -0.135141 0.83137255 0.59607843 0.58431373
v -0.782498 0.014632 -0.135141 0.78823529 0.59607843 0.57254902
v 0.776209 0.011833 -0.135141 0.80000000 0.56862745 0.54509804
v -0.778815 0.012615 -0.135141 0.80784314 0.60392157 0.58431373
v -0.781482 0.004900 -0.135141 0.64313725 0.52549020 0.50588235
v -0.779766 0.004756 -0.135141 0.62745098 0.51372549 0.49803922
v -0.775535 0.005718 -0.135141 0.60784314 0.50588235 0.49411765
v -0.776524 0.011650 -0.135141 0.78823529 0.58039216 0.57254902
v -0.772990 0.008247 -0.135141 0.61960784 0.50196078 0.49411765
v -0.774985 0.010963 -0.135141 0.76078431 0.56078431 0.54901961
v 0.781072 0.004626 -0.135141 0.71764706 0.54901961 0.54117647
v 0.778226 0.004383 -0.135141 0.69411765 0.53725490 0.52941176
v 0.775744 0.004729 -0.135141 0.62745098 0.49803922 0.49411765
v 0.772420 0.006779 -0.135141 0.71372549 0.54117647 0.52156863
v 0.772777 0.009770 -0.135141 0.78823529 0.56862745 0.53725490
v -0.786136 0.011122 -0.137907 0.65882353 0.54117647 0.51764706
v -0.783414 0.008366 -0.138081 0.66274510 0.53725490 0.51372549
v 0.782258 0.005812 -0.136305 0.68235294 0.53333333 0.52941176
v -0.783460 0.013684 -0.136538 0.81568627 0.61568627 0.58431373
v -0.780760 0.010858 -0.137347 0.69803922 0.55294118 0.52549020
v 0.784987 0.008541 -0.137028 0.80000000 0.60784314 0.59215686
v -0.780677 0.005661 -0.136314 0.64313725 0.52941176 0.50588235
v 0.779531 0.008535 -0.137575 0.78431373 0.57647059 0.57254902
v -0.778038 0.008100 -0.137034 0.58039216 0.50588235 0.49019608
v 0.782258 0.011270 -0.137577 0.80000000 0.57647059 0.57647059
v -0.775391 0.010567 -0.135526 0.73725490 0.54901961 0.54509804
v 0.776810 0.011237 -0.135869 0.80784314 0.58039216 0.56078431
v 0.776806 0.005791 -0.136276 0.66666667 0.51764706 0.51372549
v 0.774094 0.008464 -0.136007 0.76470588 0.55686275 0.53333333
v -0.788719 0.008585 -0.131282 0.66666667 0.52941176 0.50980392
v -0.788274 0.013348 -0.131282 0.68627451 0.54117647 0.51764706
v 0.763754 0.008978 -0.131282 0.82352941 0.62352941 0.58431373
v -0.785993 0.005852 -0.131282 0.65490196 0.52549020 0.50588235
v 0.765737 0.011305 -0.131282 0.85098039 0.65098039 0.61176471
v -0.784784 0.015219 -0.131282 0.72156863 0.55686275 0.53333333
v -0.781910 0.015209 -0.131282 0.75294118 0.57254902 0.54901961
v 0.767057 0.012247 -0.131282 0.86274510 0.65882353 0.62745098
v -0.779499 0.014891 -0.131282 0.78823529 0.59215686 0.56862745
v 0.783158 0.004913 -0.131282 0.70588235 0.54901961 0.52941176
v -0.776691 0.014742 -0.131282 0.80784314 0.60000000 0.58039216
v 0.786146 0.007383 -0.131282 0.73333333 0.56470588 0.54509804
v 0.787314 0.010867 -0.131282 0.76470588 0.57647059 0.55686275
v -0.782181 0.004206 -0.131282 0.64313725 0.52156863 0.50588235
v -0.778621 0.003678 -0.131282 0.63529412 0.51764706 0.50196078
v 0.784948 0.013960 -0.131282 0.77647059 0.56862745 0.55294118
v 0.780053 0.014520 -0.131282 0.77647059 0.57254902 0.54901961
v -0.777222 0.003674 -0.131282 0.63137255 0.51372549 0.49803922
v 0.779045 0.014482 -0.131282 0.79215686 0.57647059 0.55294118
v -0.773559 0.003841 -0.131282 0.62352941 0.50588235 0.49411765
v 0.774177 0.014021 -0.131282 0.79215686 0.57254902 0.54509804
v -0.770976 0.004292 -0.131282 0.62352941 0.50588235 0.49019608
v 0.774012 0.014013 -0.131282 0.79215686 0.56862745 0.54117647
v -0.769253 0.004860 -0.131282 0.62352941 0.50588235 0.48235294
v -0.773898 0.014539 -0.131282 0.84705882 0.62745098 0.59607843
v -0.771589 0.014351 -0.131282 0.83921569 0.61568627 0.58431373
v -0.767842 0.012611 -0.131282 0.82352941 0.59215686 0.56470588
v -0.765844 0.006825 -0.131282 0.59607843 0.49803922 0.46274510
v -0.764877 0.010222 -0.131282 0.74901961 0.54509804 0.50588235
v 0.779942 0.003496 -0.131282 0.69803922 0.54901961 0.52941176
v 0.774057 0.003089 -0.131282 0.66666667 0.53333333 0.50588235
v 0.769553 0.003914 -0.131282 0.64313725 0.54901961 0.50980392
v 0.779266 0.003346 -0.131282 0.68627451 0.54117647 0.52549020
v 0.774089 0.003086 -0.131282 0.67450980 0.53725490 0.51764706
v 0.766706 0.004912 -0.131282 0.69803922 0.56078431 0.52156863
v 0.765669 0.005454 -0.131282 0.70196078 0.55686275 0.51372549
v 0.763387 0.008220 -0.131282 0.77254902 0.59607843 0.54901961
v 0.769170 0.013351 -0.131282 0.86666667 0.65882353 0.63529412
v -0.778133 0.013265 -0.134008 0.83137255 0.61568627 0.60000000
v 0.765932 0.011112 -0.131482 0.85098039 0.65490196 0.61176471
v -0.775273 0.005481 -0.134814 0.61960784 0.50588235 0.49411765
v -0.772641 0.007898 -0.134949 0.60392157 0.49803922 0.49019608
v -0.769857 0.005340 -0.132261 0.64705882 0.50980392 0.49411765
v -0.772689 0.013219 -0.132587 0.82745098 0.60392157 0.57647059
v 0.779533 0.013988 -0.133850 0.80000000 0.58039216 0.56470588
v -0.769929 0.010579 -0.133557 0.75294118 0.54901961 0.53333333
v 0.774092 0.013932 -0.131440 0.79215686 0.56862745 0.54117647
v -0.767151 0.008000 -0.132408 0.63137255 0.49803922 0.47058824
v 0.771365 0.005733 -0.134164 0.65098039 0.53333333 0.51372549
v 0.765917 0.005699 -0.131597 0.70980392 0.56078431 0.52941176
v 0.768654 0.008404 -0.133758 0.79607843 0.61176471 0.57647059
v 0.771386 0.011125 -0.133746 0.81960784 0.60000000 0.56470588
v -0.786135 0.011168 -0.127422 0.64705882 0.51372549 0.49411765
v -0.786127 0.011201 -0.127422 0.67058824 0.52549020 0.50588235
v 0.761843 0.004369 -0.127422 0.67843137 0.50196078 0.48627451
v -0.784519 0.007326 -0.127422 0.65490196 0.52156863 0.50196078
v 0.781920 0.006150 -0.127422 0.64705882 0.54509804 0.51372549
v 0.759798 0.005150 -0.127422 0.67843137 0.50588235 0.48235294
v -0.786105 0.011199 -0.127422 0.69803922 0.54117647 0.51764706
v 0.784250 0.009278 -0.127422 0.69019608 0.53725490 0.49803922
v 0.773710 0.003443 -0.127422 0.68235294 0.54509804 0.50980392
v -0.783247 0.013732 -0.127422 0.74901961 0.56078431 0.52941176
v 0.768796 0.003236 -0.127422 0.71372549 0.54117647 0.49803922
v -0.779346 0.015041 -0.127422 0.76078431 0.57254902 0.54901961
v 0.783033 0.012045 -0.127422 0.74901961 0.56078431 0.53333333
v 0.778259 0.004353 -0.127422 0.68235294 0.54509804 0.52549020
v 0.774574 0.003585 -0.127422 0.67843137 0.54509804 0.52156863
v -0.775752 0.015823 -0.127422 0.78823529 0.59215686 0.56862745
v 0.779625 0.013904 -0.127422 0.74509804 0.56078431 0.52941176
v 0.768434 0.003245 -0.127422 0.70980392 0.53725490 0.49411765
v 0.779472 0.013943 -0.127422 0.76078431 0.56862745 0.54117647
v 0.763968 0.003836 -0.127422 0.69411765 0.50196078 0.48627451
v -0.780952 0.005435 -0.127422 0.65098039 0.52156863 0.50588235
v -0.780062 0.005136 -0.127422 0.64705882 0.51764706 0.50196078
v 0.775016 0.014919 -0.127422 0.78431373 0.58039216 0.55294118
v 0.772771 0.015265 -0.127422 0.81176471 0.60392157 0.58039216
v -0.776644 0.004280 -0.127422 0.63921569 0.51764706 0.50196078
v 0.770119 0.015413 -0.127422 0.82745098 0.62745098 0.60000000
v -0.773450 0.003916 -0.127422 0.63137255 0.51372549 0.49803922
v 0.757365 0.008181 -0.127422 0.74901961 0.54901961 0.51372549
v -0.771593 0.003840 -0.127422 0.62352941 0.50588235 0.49019608
v 0.757157 0.009061 -0.127422 0.78823529 0.58039216 0.55294118
v -0.768220 0.004081 -0.127422 0.61176471 0.50588235 0.48235294
v 0.759169 0.012474 -0.127422 0.83137255 0.61960784 0.59607843
v -0.775043 0.015948 -0.127422 0.81176471 0.60392157 0.58039216
v 0.762528 0.014569 -0.127422 0.82745098 0.60784314 0.58823529
v -0.769916 0.016310 -0.127422 0.80392157 0.60392157 0.58039216
v -0.765419 0.004489 -0.127422 0.60784314 0.50588235 0.49019608
v -0.769804 0.016315 -0.127422 0.82352941 0.61960784 0.59607843
v -0.764786 0.015810 -0.127422 0.84313725 0.63529412 0.61176471
v -0.763559 0.015240 -0.127422 0.83921569 0.63137255 0.60784314
v -0.761121 0.014018 -0.127422 0.83529412 0.61568627 0.59215686
v -0.758482 0.011373 -0.127422 0.78823529 0.56470588 0.54117647
v -0.763630 0.004840 -0.127422 0.60784314 0.50980392 0.50196078
v -0.760086 0.006673 -0.127422 0.69019608 0.49411765 0.49411765
v 0.767128 0.015428 -0.127422 0.83137255 0.63137255 0.60784314
v -0.758370 0.010447 -0.127422 0.75294118 0.52156863 0.50980392
v 0.764302 0.015031 -0.127422 0.83529412 0.61960784 0.60000000
v -0.783398 0.013878 -0.127704 0.73725490 0.56078431 0.53725490
v 0.782258 0.005812 -0.128013 0.68235294 0.54509804 0.52156863
v 0.760437 0.005772 -0.128414 0.70980392 0.53333333 0.50588235
v 0.784987 0.008541 -0.128150 0.67843137 0.53725490 0.50588235
v -0.769869 0.016243 -0.127577 0.83529412 0.62352941 0.60392157
v -0.767208 0.013289 -0.130544 0.82745098 0.60392157 0.57647059
v 0.763191 0.008418 -0.131156 0.80000000 0.60784314 0.56470588
v -0.764357 0.005478 -0.129109 0.59215686 0.50588235 0.48235294
v 0.779529 0.014000 -0.127635 0.76862745 0.56862745 0.54117647
v -0.764438 0.010683 -0.130922 0.76862745 0.55686275 0.52156863
v 0.768652 0.013871 -0.130465 0.87058824 0.66274510 0.63921569
v -0.761671 0.008068 -0.129269 0.67450980 0.49411765 0.47843137
v 0.757706 0.008506 -0.127714 0.77647059 0.57254902 0.54509804
v -0.761710 0.013416 -0.128004 0.82745098 0.60784314 0.58431373
v 0.760451 0.011185 -0.128709 0.81568627 0.60392157 0.57647059
v -0.758910 0.010906 -0.127732 0.77647059 0.55686275 0.53725490
v 0.763184 0.013904 -0.128387 0.82745098 0.61568627 0.59215686
v -0.777913 0.008474 -0.123562 0.67843137 0.52941176 0.51372549
v 0.762722 0.003507 -0.123562 0.70980392 0.49019608 0.46274510
v 0.777412 0.010659 -0.123562 0.72549020 0.55686275 0.52549020
v 0.777082 0.011553 -0.123562 0.74901961 0.56470588 0.53725490
v 0.758618 0.003979 -0.123562 0.63529412 0.47058824 0.43529412
v 0.774232 0.014146 -0.123562 0.76470588 0.57647059 0.54901961
v 0.772169 0.004985 -0.123562 0.68235294 0.55686275 0.51764706
v 0.769933 0.004403 -0.123562 0.70196078 0.55294118 0.49803922
v -0.777749 0.013677 -0.123562 0.75294118 0.55686275 0.54117647
v 0.773542 0.014518 -0.123562 0.79215686 0.59607843 0.56862745
v 0.775702 0.006910 -0.123562 0.70196078 0.55294118 0.54117647
v -0.774708 0.006221 -0.123562 0.64313725 0.51764706 0.50196078
v 0.767776 0.003919 -0.123562 0.72156863 0.53333333 0.48235294
v -0.770674 0.004795 -0.123562 0.63137255 0.51372549 0.49411765
v 0.763650 0.003528 -0.123562 0.71764706 0.49803922 0.47058824
v -0.768486 0.004475 -0.123562 0.61960784 0.50980392 0.49019608
v 0.770431 0.015798 -0.123562 0.79607843 0.60392157 0.58039216
v -0.774491 0.015750 -0.123562 0.76078431 0.57647059 0.55294118
v 0.755972 0.004807 -0.123562 0.66274510 0.49019608 0.45490196
v 0.754609 0.005455 -0.123562 0.70196078 0.50980392 0.47450980
v -0.770607 0.017255 -0.123562 0.78431373 0.59215686 0.56862745
v 0.751906 0.008210 -0.123562 0.76470588 0.54901961 0.52156863
v -0.765691 0.004305 -0.123562 0.61568627 0.50588235 0.49019608
v 0.751383 0.009396 -0.123562 0.79215686 0.58039216 0.55686275
v -0.768577 0.017637 -0.123562 0.80784314 0.60784314 0.58431373
v 0.752679 0.013558 -0.123562 0.84705882 0.64705882 0.62745098
v -0.765849 0.017801 -0.123562 0.81568627 0.61568627 0.59215686
v -0.762651 0.018041 -0.123562 0.82745098 0.62745098 0.60000000
v 0.760523 0.016606 -0.123562 0.84313725 0.62352941 0.60000000
v 0.760335 0.016592 -0.123562 0.84313725 0.63137255 0.60392157
v -0.760534 0.017810 -0.123562 0.85490196 0.65098039 0.61568627
v 0.766026 0.016554 -0.123562 0.81176471 0.61568627 0.59215686
v -0.762960 0.004377 -0.123562 0.64313725 0.50588235 0.49803922
v 0.765772 0.016556 -0.123562 0.82352941 0.62352941 0.60000000
v -0.759420 0.005075 -0.123562 0.65098039 0.52156863 0.50980392
v -0.758543 0.005349 -0.123562 0.65490196 0.50588235 0.49803922
v 0.755954 0.015730 -0.123562 0.87058824 0.67058824 0.65098039
v -0.754912 0.007217 -0.123562 0.67058824 0.45882353 0.45490196
v -0.752730 0.010393 -0.123562 0.71764706 0.51372549 0.48235294
v -0.757970 0.017260 -0.123562 0.85882353 0.64705882 0.61568627
v -0.754458 0.015372 -0.123562 0.83529412 0.62745098 0.58823529
v -0.752498 0.011934 -0.123562 0.78039216 0.57254902 0.52549020
v -0.786115 0.011189 -0.127408 0.64705882 0.51372549 0.49411765
v -0.783386 0.008460 -0.125910 0.67843137 0.52941176 0.50980392
v 0.776800 0.005812 -0.124948 0.67450980 0.55294118 0.54117647
v -0.780665 0.011160 -0.124171 0.67450980 0.52156863 0.51764706
v 0.779529 0.008541 -0.124712 0.70980392 0.55294118 0.52549020
v -0.777945 0.013862 -0.123831 0.74901961 0.56078431 0.54509804
v 0.782258 0.011270 -0.126378 0.71372549 0.53725490 0.49803922
v -0.780656 0.005730 -0.126889 0.65882353 0.52156863 0.50588235
v 0.754966 0.005812 -0.124303 0.72156863 0.52941176 0.49803922
v -0.777927 0.008460 -0.123576 0.65882353 0.52156863 0.50588235
v 0.752237 0.008541 -0.123961 0.78431373 0.56862745 0.53725490
v -0.775198 0.005730 -0.124376 0.63921569 0.51764706 0.50196078
v 0.754970 0.011258 -0.125860 0.82745098 0.61568627 0.59607843
v 0.757710 0.013954 -0.125909 0.85882353 0.65490196 0.63137255
v -0.764432 0.016176 -0.126752 0.84705882 0.63921569 0.61176471
v -0.758943 0.016270 -0.124918 0.85490196 0.64313725 0.61176471
v -0.756172 0.013667 -0.125327 0.81960784 0.60000000 0.56470588
v -0.758851 0.005635 -0.124641 0.66666667 0.49411765 0.49803922
v -0.756123 0.008362 -0.125416 0.67843137 0.47058824 0.47450980
v -0.753401 0.011070 -0.124174 0.76862745 0.56078431 0.52549020
v -0.771944 0.008984 -0.119703 0.55294118 0.50980392 0.49019608
v -0.772428 0.013852 -0.119703 0.72549020 0.54901961 0.52549020
v -0.769690 0.016485 -0.119703 0.72941176 0.55686275 0.53333333
v -0.768815 0.006656 -0.119703 0.60000000 0.50196078 0.48627451
v -0.764716 0.005296 -0.119703 0.61568627 0.50196078 0.49019608
v 0.761954 0.004283 -0.119703 0.61960784 0.45490196 0.43137255
v 0.758728 0.004079 -0.119703 0.61568627 0.44705882 0.41960784
v 0.766227 0.005469 -0.119703 0.65490196 0.50980392 0.47058824
v 0.765195 0.005077 -0.119703 0.64313725 0.49019608 0.45882353
v 0.769581 0.007573 -0.119703 0.70196078 0.55686275 0.50588235
v 0.771111 0.011040 -0.119703 0.70196078 0.52941176 0.49019608
v 0.770964 0.011648 -0.119703 0.75294118 0.57647059 0.54509804
v 0.769048 0.014423 -0.119703 0.78039216 0.60000000 0.57254902
v 0.766411 0.016197 -0.119703 0.79607843 0.61176471 0.58823529
v 0.756623 0.004156 -0.119703 0.63921569 0.47058824 0.43921569
v 0.765654 0.016488 -0.119703 0.81176471 0.62352941 0.60000000
v 0.753750 0.004595 -0.119703 0.67450980 0.49019608 0.46274510
v -0.766066 0.018207 -0.119703 0.78431373 0.59607843 0.56862745
v -0.761834 0.019271 -0.119703 0.79607843 0.60000000 0.57647059
v 0.761453 0.017744 -0.119703 0.82745098 0.63137255 0.60784314
v 0.759075 0.018075 -0.119703 0.83921569 0.64313725 0.61960784
v -0.763644 0.005093 -0.119703 0.62745098 0.50588235 0.49411765
v 0.756512 0.018270 -0.119703 0.85490196 0.65490196 0.63137255
v 0.749702 0.006006 -0.119703 0.72549020 0.52156863 0.49803922
v -0.759604 0.004946 -0.119703 0.63137255 0.51372549 0.49411765
v 0.753396 0.018299 -0.119703 0.85490196 0.64313725 0.62352941
v -0.758183 0.005084 -0.119703 0.58431373 0.51764706 0.48627451
v 0.749657 0.016877 -0.119703 0.86274510 0.65098039 0.63921569
v 0.748187 0.007133 -0.119703 0.74509804 0.54117647 0.51372549
v 0.746735 0.008497 -0.119703 0.76078431 0.55294118 0.52549020
v 0.746436 0.008884 -0.119703 0.78431373 0.58039216 0.54509804
v -0.753665 0.005934 -0.119703 0.67843137 0.52941176 0.50196078
v 0.745685 0.012906 -0.119703 0.87058824 0.67058824 0.64705882
v -0.752777 0.006237 -0.119703 0.69019608 0.52549020 0.50196078
v 0.746416 0.014362 -0.119703 0.89019608 0.69019608 0.66666667
v 0.749464 0.016773 -0.119703 0.86666667 0.65098039 0.63921569
v -0.749947 0.007548 -0.119703 0.71372549 0.50980392 0.49019608
v -0.761395 0.019313 -0.119703 0.80784314 0.61176471 0.58431373
v -0.756802 0.019688 -0.119703 0.82745098 0.61960784 0.59215686
v -0.755663 0.019629 -0.119703 0.85882353 0.63921569 0.61568627
v -0.751389 0.018383 -0.119703 0.84705882 0.63921569 0.60000000
v -0.748271 0.016107 -0.119703 0.85490196 0.63529412 0.60392157
v -0.746731 0.012162 -0.119703 0.80784314 0.58039216 0.55294118
v -0.747341 0.010279 -0.119703 0.76470588 0.54117647 0.51372549
v -0.772469 0.008460 -0.120332 0.61568627 0.51372549 0.49803922
v -0.769740 0.005731 -0.121404 0.62352941 0.50980392 0.49411765
v -0.769768 0.016560 -0.119883 0.76078431 0.57647059 0.55294118
v -0.775204 0.011170 -0.121254 0.66274510 0.52941176 0.50588235
v -0.761660 0.019042 -0.120883 0.82745098 0.62352941 0.59607843
v -0.750685 0.008296 -0.120937 0.69019608 0.49803922 0.47843137
v -0.772475 0.013899 -0.119758 0.72941176 0.55686275 0.53333333
v -0.756194 0.019066 -0.120767 0.86274510 0.64313725 0.61568627
v -0.753487 0.016262 -0.122441 0.83921569 0.63137255 0.59215686
v -0.750716 0.013659 -0.122183 0.81960784 0.59607843 0.55294118
v -0.747983 0.010937 -0.120347 0.78431373 0.57254902 0.54509804
v 0.771342 0.005812 -0.122307 0.68235294 0.56470588 0.52549020
v 0.760436 0.016693 -0.123386 0.83921569 0.63921569 0.61568627
v 0.774071 0.008541 -0.121938 0.71764706 0.55294118 0.52549020
v 0.752237 0.014000 -0.123102 0.84705882 0.64705882 0.62745098
v 0.776800 0.011271 -0.123298 0.74117647 0.56470588 0.53725490
v 0.754971 0.016715 -0.122122 0.86666667 0.66666667 0.64313725
v 0.749508 0.016729 -0.119758 0.86666667 0.65098039 0.63921569
v 0.771342 0.011270 -0.119874 0.73725490 0.56078431 0.52941176
v 0.774074 0.013991 -0.123254 0.76470588 0.58039216 0.55294118
v 0.746779 0.008541 -0.119759 0.78431373 0.58039216 0.54901961
v 0.746779 0.014000 -0.120055 0.88627451 0.68627451 0.66274510
v 0.749508 0.011271 -0.122412 0.82352941 0.62352941 0.59607843
v -0.767181 0.013741 -0.115843 0.72941176 0.54509804 0.52549020
v -0.766014 0.009456 -0.115843 0.59607843 0.47058824 0.45490196
v -0.767121 0.014015 -0.115843 0.74509804 0.56470588 0.54117647
v -0.762838 0.007173 -0.115843 0.62745098 0.49803922 0.47843137
v -0.764957 0.017209 -0.115843 0.76470588 0.58039216 0.55686275
v -0.761649 0.019357 -0.115843 0.79215686 0.59607843 0.57254902
v -0.759153 0.006055 -0.115843 0.76078431 0.61568627 0.58039216
v -0.758627 0.005923 -0.115843 0.70588235 0.57254902 0.54509804
v -0.753467 0.005594 -0.115843 0.60784314 0.50588235 0.49019608
v -0.753293 0.005594 -0.115843 0.61568627 0.50980392 0.49411765
v -0.748361 0.006032 -0.115843 0.76862745 0.55686275 0.52941176
v -0.761395 0.019467 -0.115843 0.80392157 0.60784314 0.58039216
v -0.757616 0.020750 -0.115843 0.80392157 0.60784314 0.58039216
v -0.754300 0.021066 -0.115843 0.82352941 0.61960784 0.59215686
v -0.752521 0.021044 -0.115843 0.83137255 0.62352941 0.59215686
v -0.749264 0.020664 -0.115843 0.83529412 0.62745098 0.59607843
v -0.746944 0.006592 -0.115843 0.76862745 0.53725490 0.51372549
v -0.744722 0.007757 -0.115843 0.78039216 0.54901961 0.52549020
v -0.742056 0.010538 -0.115843 0.80000000 0.58039216 0.55294118
v -0.745395 0.019040 -0.115843 0.85490196 0.64313725 0.61960784
v -0.744689 0.018650 -0.115843 0.85882353 0.64705882 0.62745098
v -0.742315 0.016662 -0.115843 0.86274510 0.64313725 0.62745098
v -0.741284 0.012219 -0.115843 0.83137255 0.61960784 0.58823529
v -0.741628 0.015585 -0.115843 0.85882353 0.63921569 0.61960784
v 0.760986 0.006345 -0.115843 0.70588235 0.54117647 0.50196078
v 0.760225 0.006012 -0.115843 0.70980392 0.54117647 0.50196078
v 0.765112 0.010499 -0.115843 0.68627451 0.52156863 0.48627451
v 0.765213 0.011940 -0.115843 0.75686275 0.61960784 0.61960784
v 0.763975 0.014814 -0.115843 0.78823529 0.61568627 0.59607843
v 0.761096 0.017400 -0.115843 0.81568627 0.62745098 0.60392157
v 0.758493 0.018661 -0.115843 0.82352941 0.63529412 0.61176471
v 0.757306 0.019068 -0.115843 0.83921569 0.64705882 0.62352941
v 0.752647 0.019868 -0.115843 0.84313725 0.65098039 0.62745098
v 0.763589 0.008106 -0.115843 0.69803922 0.53333333 0.49411765
v 0.741535 0.008755 -0.115843 0.80392157 0.58823529 0.56078431
v 0.740092 0.012771 -0.115843 0.85098039 0.65490196 0.62352941
v 0.740759 0.014562 -0.115843 0.87058824 0.67843137 0.63921569
v 0.750513 0.004807 -0.115843 0.69019608 0.50196078 0.47450980
v 0.747041 0.019196 -0.115843 0.88235294 0.68235294 0.65882353
v 0.745966 0.018645 -0.115843 0.88627451 0.69803922 0.66666667
v 0.743657 0.017122 -0.115843 0.88235294 0.70196078 0.66666667
v 0.751787 0.019908 -0.115843 0.85098039 0.66274510 0.63529412
v 0.748642 0.004946 -0.115843 0.68235294 0.49019608 0.47450980
v 0.755844 0.004934 -0.115843 0.67058824 0.49803922 0.46274510
v 0.753927 0.004773 -0.115843 0.68627451 0.50588235 0.47450980
v 0.744553 0.006315 -0.115843 0.73333333 0.53333333 0.50196078
v -0.769741 0.011184 -0.117559 0.62352941 0.50588235 0.48627451
v -0.767010 0.008460 -0.117016 0.55686275 0.46274510 0.45490196
v -0.764281 0.005730 -0.118580 0.60784314 0.49803922 0.48235294
v -0.758824 0.005727 -0.116497 0.66274510 0.54117647 0.51764706
v -0.753385 0.005660 -0.117742 0.65882353 0.54117647 0.51372549
v -0.750729 0.019086 -0.118708 0.84313725 0.63529412 0.59215686
v -0.747980 0.016415 -0.119340 0.85490196 0.63529412 0.60784314
v -0.745259 0.013656 -0.118606 0.83921569 0.61568627 0.59607843
v -0.745231 0.008282 -0.116799 0.75294118 0.54117647 0.51764706
v -0.742511 0.010982 -0.116342 0.80784314 0.59215686 0.56470588
v -0.742527 0.016397 -0.116039 0.86274510 0.64705882 0.62745098
v 0.760440 0.005797 -0.116281 0.66274510 0.49803922 0.46274510
v 0.765899 0.005797 -0.119120 0.68235294 0.55294118 0.51372549
v 0.768613 0.008541 -0.118557 0.73333333 0.56470588 0.52156863
v 0.765883 0.011271 -0.116242 0.79607843 0.64313725 0.63529412
v 0.768614 0.013995 -0.118992 0.77254902 0.60392157 0.58431373
v 0.749508 0.005812 -0.119119 0.70588235 0.50588235 0.47843137
v 0.744050 0.011270 -0.118667 0.81960784 0.62745098 0.60000000
v 0.752237 0.019458 -0.117231 0.85490196 0.65490196 0.63529412
v 0.741321 0.014000 -0.116403 0.85882353 0.67058824 0.63529412
v 0.744050 0.016729 -0.116535 0.88235294 0.70196078 0.66666667
v -0.762271 0.013199 -0.111983 0.74509804 0.57254902 0.54509804
v -0.762277 0.014643 -0.111983 0.74901961 0.57254902 0.54509804
v -0.760378 0.009634 -0.111983 0.80392157 0.62352941 0.58431373
v -0.760314 0.018138 -0.111983 0.78039216 0.59215686 0.56470588
v -0.756963 0.007588 -0.111983 0.81960784 0.65882353 0.62352941
v -0.754186 0.006539 -0.111983 0.75686275 0.59607843 0.56470588
v -0.752929 0.006152 -0.111983 0.72941176 0.56078431 0.53333333
v -0.747924 0.005707 -0.111983 0.68627451 0.53333333 0.49803922
v -0.757063 0.020346 -0.111983 0.80392157 0.60784314 0.58039216
v -0.754142 0.021288 -0.111983 0.81176471 0.61568627 0.58431373
v -0.752821 0.021480 -0.111983 0.81568627 0.61568627 0.58431373
v -0.748245 0.021767 -0.111983 0.81960784 0.61568627 0.58823529
v -0.747907 0.005710 -0.111983 0.68627451 0.53333333 0.49803922
v -0.743339 0.006464 -0.111983 0.80000000 0.56470588 0.53725490
v -0.741016 0.007068 -0.111983 0.78039216 0.55686275 0.53725490
v -0.747514 0.021714 -0.111983 0.81960784 0.61568627 0.58823529
v -0.743684 0.020805 -0.111983 0.81960784 0.61176471 0.58823529
v -0.740741 0.020240 -0.111983 0.81176471 0.60392157 0.58039216
v -0.734376 0.013728 -0.111983 0.86666667 0.64705882 0.61568627
v -0.734387 0.013899 -0.111983 0.86666667 0.65098039 0.61568627
v -0.739215 0.007742 -0.111983 0.71372549 0.54901961 0.51372549
v -0.736147 0.010229 -0.111983 0.79607843 0.60392157 0.56470588
v -0.739173 0.019853 -0.111983 0.85098039 0.63529412 0.61176471
v -0.736167 0.017253 -0.111983 0.87450980 0.67450980 0.62745098
v 0.750229 0.005091 -0.111983 0.70196078 0.52156863 0.49019608
v 0.748477 0.004781 -0.111983 0.71372549 0.52549020 0.49803922
v 0.736924 0.007456 -0.111983 0.77254902 0.57254902 0.54509804
v 0.757979 0.008258 -0.111983 0.69019608 0.52549020 0.46666667
v 0.756318 0.007163 -0.111983 0.68235294 0.52156863 0.47450980
v 0.754416 0.006362 -0.111983 0.70588235 0.53333333 0.49411765
v 0.735664 0.008297 -0.111983 0.79215686 0.60000000 0.57647059
v 0.733697 0.010689 -0.111983 0.84705882 0.65882353 0.62745098
v 0.744994 0.004868 -0.111983 0.71764706 0.52549020 0.49803922
v 0.739211 0.006432 -0.111983 0.74509804 0.53333333 0.50980392
v 0.733510 0.011591 -0.111983 0.85882353 0.66274510 0.63529412
v 0.743377 0.005140 -0.111983 0.74117647 0.54509804 0.51764706
v 0.741852 0.018926 -0.111983 0.87058824 0.69411765 0.65882353
v 0.759736 0.010582 -0.111983 0.69411765 0.52156863 0.47843137
v 0.740476 0.018614 -0.111983 0.87450980 0.69411765 0.66274510
v 0.760027 0.011668 -0.111983 0.85490196 0.64313725 0.60000000
v 0.746105 0.020132 -0.111983 0.85882353 0.67450980 0.64313725
v 0.759457 0.015761 -0.111983 0.81568627 0.63137255 0.60000000
v 0.734535 0.015306 -0.111983 0.85882353 0.65490196 0.63137255
v 0.756662 0.018425 -0.111983 0.81960784 0.63529412 0.60784314
v 0.737315 0.017981 -0.111983 0.87843137 0.67450980 0.65490196
v 0.752758 0.019978 -0.111983 0.83137255 0.64705882 0.61960784
v 0.751442 0.020253 -0.111983 0.83921569 0.65490196 0.62745098
v 0.747687 0.020366 -0.111983 0.84705882 0.65882353 0.63137255
v -0.767014 0.013908 -0.115730 0.71372549 0.54117647 0.52156863
v -0.764281 0.011189 -0.113961 0.69019608 0.52549020 0.50588235
v -0.761552 0.008460 -0.113852 0.70980392 0.55294118 0.52549020
v -0.764301 0.016585 -0.114602 0.74509804 0.56862745 0.54117647
v -0.761581 0.019287 -0.115544 0.78039216 0.59215686 0.56470588
v -0.753377 0.005691 -0.114553 0.71372549 0.56470588 0.54117647
v -0.739763 0.008310 -0.112842 0.72941176 0.55686275 0.52156863
v -0.745233 0.019201 -0.115573 0.83921569 0.62745098 0.60392157
v -0.739764 0.019234 -0.112795 0.87058824 0.65490196 0.63529412
v -0.739776 0.013733 -0.115017 0.84313725 0.63137255 0.59215686
v -0.737012 0.011115 -0.112894 0.81176471 0.61568627 0.57254902
v -0.737061 0.016420 -0.112842 0.87058824 0.66666667 0.62352941
v 0.763166 0.008530 -0.115294 0.69803922 0.53333333 0.49019608
v 0.735873 0.008505 -0.112225 0.82352941 0.62352941 0.59607843
v 0.754966 0.005812 -0.113351 0.69019608 0.51764706 0.47843137
v 0.741321 0.008541 -0.115526 0.77647059 0.56470588 0.53725490
v 0.738591 0.011271 -0.114793 0.81960784 0.62745098 0.60392157
v 0.735874 0.013960 -0.113143 0.85490196 0.65490196 0.63137255
v 0.738591 0.016729 -0.113364 0.87450980 0.67843137 0.65098039
v 0.744050 0.005812 -0.114481 0.70588235 0.50980392 0.48235294
v 0.760425 0.011271 -0.112400 0.75294118 0.57254902 0.53333333
v 0.763154 0.014000 -0.114644 0.76862745 0.59607843 0.56470588
v 0.760425 0.016729 -0.113893 0.80392157 0.62352941 0.59607843
v 0.746779 0.019458 -0.115072 0.86666667 0.67450980 0.64705882
v -0.823044 0.017927 -0.108124 0.83529412 0.59215686 0.60784314
v -0.819687 0.015825 -0.108124 0.84313725 0.56470588 0.57254902
v -0.817739 0.015521 -0.108124 0.83921569 0.58431373 0.57254902
v -0.816152 0.019360 -0.108124 0.76078431 0.51372549 0.52156863
v -0.822787 0.020570 -0.108124 0.77647059 0.55294118 0.54901961
v -0.819999 0.020971 -0.108124 0.77254902 0.53725490 0.53333333
v -0.757095 0.012917 -0.108124 0.78039216 0.60392157 0.57254902
v -0.757310 0.015134 -0.108124 0.78431373 0.60392157 0.57254902
v -0.754873 0.009681 -0.108124 0.76470588 0.59607843 0.56470588
v -0.751512 0.007580 -0.108124 0.74509804 0.58039216 0.54901961
v -0.748871 0.006689 -0.108124 0.69803922 0.54509804 0.51372549
v -0.755339 0.018622 -0.108124 0.79215686 0.60392157 0.57254902
v -0.752166 0.020907 -0.108124 0.80392157 0.60784314 0.58039216
v -0.748257 0.021755 -0.108124 0.80392157 0.60392157 0.57647059
v -0.747250 0.006373 -0.108124 0.58823529 0.47450980 0.45490196
v -0.742541 0.005773 -0.108124 0.70588235 0.53333333 0.50588235
v -0.742389 0.005763 -0.108124 0.73333333 0.54901961 0.52156863
v -0.747645 0.021844 -0.108124 0.80000000 0.59607843 0.56862745
v -0.742717 0.022316 -0.108124 0.76862745 0.56862745 0.53725490
v -0.737443 0.006112 -0.108124 0.70980392 0.54901961 0.51372549
v -0.736271 0.006409 -0.108124 0.67843137 0.53725490 0.50196078
v -0.733359 0.007515 -0.108124 0.74117647 0.57254902 0.53725490
v -0.729750 0.009380 -0.108124 0.80392157 0.59607843 0.57647059
v -0.737024 0.022033 -0.108124 0.77254902 0.56862745 0.53333333
v -0.736983 0.022025 -0.108124 0.87843137 0.66274510 0.61176471
v -0.732973 0.020619 -0.108124 0.81960784 0.62745098 0.58431373
v -0.729274 0.018872 -0.108124 0.87843137 0.69019608 0.65098039
v -0.726972 0.012088 -0.108124 0.83921569 0.64705882 0.60392157
v -0.727283 0.015417 -0.108124 0.87058824 0.69411765 0.64313725
v 0.820637 0.016559 -0.108124 0.78431373 0.54509804 0.52156863
v 0.819114 0.015376 -0.108124 0.74117647 0.50196078 0.47843137
v 0.739669 0.004735 -0.108124 0.76862745 0.56862745 0.54117647
v 0.821700 0.017961 -0.108124 0.82352941 0.61176471 0.58823529
v 0.737583 0.004804 -0.108124 0.77647059 0.57647059 0.54901961
v 0.817168 0.014569 -0.108124 0.70588235 0.48235294 0.46666667
v 0.819698 0.021419 -0.108124 0.68235294 0.54901961 0.54117647
v 0.812525 0.019118 -0.108124 0.78039216 0.57254902 0.55294118
v 0.816484 0.020694 -0.108124 0.74901961 0.58823529 0.58039216
v 0.752582 0.008197 -0.108124 0.72156863 0.55294118 0.51372549
v 0.750605 0.006909 -0.108124 0.73725490 0.55686275 0.52156863
v 0.733316 0.005599 -0.108124 0.79215686 0.59607843 0.56862745
v 0.733058 0.005679 -0.108124 0.83137255 0.63529412 0.60784314
v 0.729339 0.007396 -0.108124 0.81176471 0.63529412 0.61176471
v 0.755052 0.011185 -0.108124 0.73725490 0.56862745 0.52941176
v 0.726096 0.009587 -0.108124 0.87058824 0.67450980 0.64313725
v 0.744631 0.005231 -0.108124 0.74117647 0.54901961 0.52156863
v 0.743256 0.005019 -0.108124 0.76078431 0.56470588 0.53725490
v 0.725363 0.013555 -0.108124 0.87843137 0.69019608 0.65098039
v 0.749056 0.006265 -0.108124 0.74509804 0.56078431 0.52941176
v 0.725259 0.014264 -0.108124 0.87843137 0.68627451 0.65098039
v 0.755180 0.011484 -0.108124 0.76862745 0.60392157 0.56862745
v 0.754613 0.016376 -0.108124 0.74509804 0.60784314 0.59215686
v 0.745886 0.020351 -0.108124 0.84313725 0.65882353 0.62745098
v 0.751703 0.018924 -0.108124 0.80000000 0.63137255 0.60392157
v 0.812822 0.014415 -0.108124 0.68235294 0.48235294 0.47450980
v 0.742451 0.020588 -0.108124 0.85490196 0.66274510 0.63921569
v 0.731098 0.018733 -0.108124 0.87450980 0.67058824 0.63921569
v 0.729109 0.018099 -0.108124 0.87058824 0.67058824 0.63137255
v 0.734947 0.020352 -0.108124 0.85882353 0.66274510 0.63529412
v 0.747479 0.020158 -0.108124 0.82745098 0.65098039 0.61960784
v -0.821594 0.019376 -0.108536 0.78431373 0.56078431 0.56470588
v -0.818865 0.016647 -0.108528 0.82745098 0.56470588 0.56470588
v -0.761552 0.013918 -0.111327 0.77647059 0.59607843 0.56470588
v -0.758823 0.011189 -0.109906 0.78431373 0.60784314 0.57254902
v -0.758823 0.016647 -0.109646 0.78431373 0.60000000 0.57254902
v -0.756096 0.008455 -0.110232 0.78039216 0.60784314 0.57647059
v -0.756094 0.019376 -0.109415 0.79607843 0.60392157 0.57647059
v -0.742464 0.022057 -0.108997 0.79607843 0.58823529 0.56078431
v -0.734294 0.013809 -0.111943 0.86666667 0.65098039 0.61568627
v -0.734275 0.008410 -0.109592 0.76078431 0.58431373 0.54901961
v -0.731539 0.011161 -0.109680 0.83529412 0.61960784 0.59215686
v -0.734302 0.019246 -0.110133 0.86274510 0.67058824 0.61568627
v -0.731552 0.016581 -0.110098 0.87058824 0.68235294 0.64705882
v -0.728811 0.013888 -0.108874 0.86274510 0.67058824 0.62745098
v 0.738591 0.005812 -0.110755 0.76078431 0.56078431 0.53333333
v 0.820467 0.016729 -0.108285 0.78431373 0.54509804 0.52156863
v 0.749508 0.005812 -0.109226 0.72941176 0.54117647 0.51372549
v 0.757696 0.008541 -0.111546 0.73333333 0.56470588 0.52549020
v 0.815028 0.016669 -0.109022 0.73333333 0.49803922 0.47843137
v 0.757696 0.014000 -0.109780 0.83529412 0.65490196 0.62352941
v 0.754966 0.016729 -0.108591 0.80392157 0.63137255 0.60392157
v 0.817738 0.019458 -0.108783 0.80392157 0.61176471 0.59215686
v 0.752237 0.019458 -0.109511 0.82352941 0.64705882 0.61568627
v 0.733146 0.005768 -0.108289 0.76862745 0.57254902 0.54901961
v 0.730436 0.008431 -0.109302 0.82352941 0.65098039 0.62352941
v 0.733147 0.011225 -0.111757 0.85098039 0.65882353 0.63137255
v 0.727713 0.011143 -0.108996 0.88235294 0.68627451 0.65882353
v 0.730426 0.013927 -0.110492 0.87843137 0.67843137 0.65098039
v 0.727691 0.016675 -0.108643 0.86666667 0.66666667 0.62745098
v 0.741321 0.019458 -0.110879 0.86666667 0.67843137 0.65098039
v 0.733143 0.016697 -0.110648 0.86274510 0.65490196 0.63137255
v 0.735873 0.019423 -0.110119 0.85882353 0.65882353 0.64705882
v 0.727190 0.017179 -0.108124 0.86274510 0.66274510 0.61960784
v -0.827224 0.019205 -0.104264 0.80784314 0.56862745 0.56862745
v -0.827298 0.019622 -0.104264 0.81960784 0.58039216 0.57647059
v -0.825226 0.015745 -0.104264 0.76862745 0.53725490 0.53725490
v -0.822061 0.013451 -0.104264 0.68235294 0.48627451 0.48235294
v -0.820331 0.012655 -0.104264 0.52156863 0.40000000 0.39607843
v -0.809225 0.022860 -0.104264 0.80784314 0.53725490 0.54117647
v -0.806736 0.023189 -0.104264 0.84313725 0.58039216 0.56862745
v -0.803224 0.022735 -0.104264 0.81176471 0.53725490 0.54117647
v -0.826040 0.023823 -0.104264 0.81960784 0.57647059 0.56470588
v -0.821828 0.025069 -0.104264 0.81176471 0.56470588 0.54509804
v -0.802043 0.022525 -0.104264 0.80784314 0.53725490 0.54901961
v -0.800320 0.014478 -0.104264 0.84313725 0.64705882 0.64313725
v -0.798468 0.015211 -0.104264 0.80000000 0.60392157 0.59607843
v -0.797765 0.021373 -0.104264 0.78431373 0.54117647 0.55294118
v -0.795286 0.018393 -0.104264 0.85098039 0.63137255 0.61568627
v -0.821364 0.025064 -0.104264 0.80784314 0.55686275 0.53725490
v -0.796638 0.016254 -0.104264 0.87058824 0.65098039 0.63137255
v -0.751666 0.012888 -0.104264 0.76470588 0.59607843 0.56470588
v -0.752061 0.015344 -0.104264 0.78039216 0.60392157 0.57254902
v -0.816921 0.024034 -0.104264 0.80784314 0.54509804 0.53333333
v -0.749388 0.009707 -0.104264 0.75294118 0.58431373 0.55294118
v -0.750096 0.018837 -0.104264 0.78823529 0.60392157 0.57254902
v -0.814780 0.023392 -0.104264 0.80784314 0.51372549 0.52156863
v -0.812351 0.023094 -0.104264 0.79215686 0.51372549 0.52941176
v -0.746076 0.007561 -0.104264 0.70588235 0.54901961 0.52156863
v -0.818068 0.011985 -0.104264 0.46666667 0.38039216 0.37254902
v -0.813988 0.011770 -0.104264 0.37254902 0.30980392 0.29803922
v -0.812717 0.011878 -0.104264 0.42745098 0.34901961 0.33333333
v -0.742911 0.006171 -0.104264 0.70588235 0.54117647 0.51764706
v -0.742238 0.005928 -0.104264 0.72549020 0.55294118 0.52549020
v -0.808940 0.012180 -0.104264 0.54901961 0.43529412 0.43137255
v -0.746779 0.020979 -0.104264 0.78823529 0.58823529 0.55686275
v -0.742709 0.022327 -0.104264 0.75686275 0.54901961 0.52549020
v -0.806598 0.012539 -0.104264 0.61176471 0.47843137 0.46666667
v -0.737612 0.005086 -0.104264 0.72156863 0.55686275 0.52549020
v -0.804412 0.013111 -0.104264 0.62352941 0.48627451 0.47450980
v -0.736408 0.005111 -0.104264 0.72156863 0.55686275 0.52549020
v -0.731704 0.005557 -0.104264 0.71764706 0.55294118 0.52156863
v -0.731350 0.005549 -0.104264 0.70196078 0.54117647 0.51764706
v -0.726148 0.005806 -0.104264 0.74509804 0.56078431 0.53725490
v -0.735728 0.023341 -0.104264 0.73333333 0.51372549 0.49803922
v -0.732328 0.022863 -0.104264 0.78823529 0.57647059 0.55686275
v -0.725972 0.005831 -0.104264 0.74509804 0.56470588 0.53725490
v -0.721839 0.006955 -0.104264 0.76078431 0.59607843 0.54117647
v -0.718667 0.007677 -0.104264 0.77254902 0.61568627 0.55686275
v 0.739682 0.004721 -0.104264 0.78039216 0.58431373 0.55686275
v 0.736841 0.004062 -0.104264 0.78823529 0.58823529 0.56078431
v 0.747103 0.008217 -0.104264 0.75686275 0.57254902 0.54117647
v 0.745238 0.007000 -0.104264 0.76862745 0.57647059 0.54901961
v 0.743645 0.006217 -0.104264 0.77647059 0.58039216 0.55294118
v 0.819192 0.012546 -0.104264 0.74901961 0.53333333 0.50588235
v 0.749640 0.011139 -0.104264 0.76470588 0.58431373 0.54901961
v 0.749891 0.011654 -0.104264 0.78431373 0.60784314 0.56862745
v 0.749238 0.016458 -0.104264 0.81568627 0.63529412 0.59215686
v 0.809615 0.011152 -0.104264 0.81176471 0.63137255 0.56470588
v 0.809536 0.011152 -0.104264 0.81568627 0.63529412 0.56862745
v 0.822340 0.014855 -0.104264 0.76862745 0.55294118 0.52941176
v 0.815017 0.011260 -0.104264 0.75294118 0.53333333 0.50196078
v 0.814997 0.011257 -0.104264 0.76078431 0.57254902 0.54117647
v 0.824743 0.017912 -0.104264 0.78823529 0.60392157 0.57647059
v 0.796627 0.013167 -0.104264 0.76078431 0.54117647 0.50980392
v 0.825030 0.021292 -0.104264 0.77254902 0.61176471 0.58823529
v 0.822447 0.024167 -0.104264 0.75294118 0.60000000 0.58039216
v 0.795586 0.013444 -0.104264 0.75686275 0.54117647 0.51372549
v 0.792205 0.015434 -0.104264 0.75294118 0.51372549 0.50980392
v 0.818198 0.024449 -0.104264 0.73333333 0.58431373 0.57254902
v 0.816963 0.024121 -0.104264 0.72156863 0.58039216 0.56862745
v 0.804576 0.011479 -0.104264 0.77254902 0.60000000 0.57254902
v 0.813691 0.023430 -0.104264 0.74509804 0.59607843 0.58823529
v 0.803566 0.011641 -0.104264 0.77254902 0.58823529 0.56862745
v 0.810366 0.022673 -0.104264 0.76862745 0.60784314 0.59607843
v 0.799988 0.012442 -0.104264 0.77254902 0.57254902 0.54901961
v 0.799179 0.021367 -0.104264 0.83921569 0.62352941 0.59607843
v 0.809017 0.022513 -0.104264 0.79607843 0.61176471 0.59607843
v 0.798109 0.021138 -0.104264 0.83921569 0.61960784 0.58431373
v 0.804674 0.022236 -0.104264 0.82352941 0.63137255 0.61176471
v 0.803825 0.022174 -0.104264 0.81960784 0.62352941 0.60784314
v 0.791841 0.017823 -0.104264 0.79607843 0.54117647 0.54117647
v 0.794940 0.020182 -0.104264 0.83137255 0.59215686 0.57254902
v 0.729351 0.004115 -0.104264 0.82745098 0.63137255 0.60392157
v 0.725992 0.004088 -0.104264 0.83137255 0.63529412 0.60392157
v 0.735068 0.003877 -0.104264 0.80000000 0.60784314 0.58039216
v 0.731414 0.004069 -0.104264 0.81568627 0.61960784 0.59607843
v 0.723589 0.004417 -0.104264 0.84313725 0.64313725 0.60392157
v 0.721353 0.004911 -0.104264 0.85098039 0.65098039 0.60784314
v 0.717092 0.006146 -0.104264 0.86666667 0.66666667 0.63921569
v 0.746211 0.018890 -0.104264 0.82745098 0.64313725 0.60784314
v 0.742209 0.020347 -0.104264 0.84313725 0.65490196 0.62745098
v 0.733752 0.021564 -0.104264 0.84705882 0.65882353 0.62745098
v 0.732479 0.021486 -0.104264 0.85882353 0.65490196 0.63137255
v -0.827052 0.019376 -0.104769 0.87450980 0.63137255 0.63529412
v -0.824323 0.016647 -0.106848 0.84705882 0.58039216 0.59215686
v -0.821594 0.013918 -0.105816 0.83529412 0.55294118 0.56078431
v -0.824323 0.022106 -0.107326 0.81176471 0.55294118 0.54509804
v -0.821594 0.024835 -0.104799 0.83921569 0.57647059 0.54509804
v -0.818865 0.022106 -0.107160 0.79215686 0.53725490 0.53333333
v -0.808012 0.021917 -0.105463 0.80000000 0.54117647 0.53725490
v -0.816136 0.019376 -0.108106 0.76078431 0.51372549 0.52156863
v -0.805236 0.019325 -0.106346 0.85490196 0.60784314 0.59607843
v -0.813430 0.022037 -0.105661 0.77254902 0.49803922 0.51764706
v -0.816136 0.013918 -0.107177 0.80392157 0.58823529 0.57647059
v -0.802505 0.022060 -0.104607 0.81176471 0.54509804 0.55294118
v -0.813407 0.016647 -0.107894 0.84705882 0.60392157 0.58039216
v -0.802490 0.016647 -0.105536 0.87843137 0.65490196 0.64705882
v -0.799761 0.019376 -0.105159 0.85490196 0.60392157 0.60784314
v -0.797031 0.016647 -0.104462 0.87450980 0.65098039 0.63137255
v -0.810677 0.013918 -0.106266 0.74509804 0.58431373 0.55686275
v -0.810696 0.019320 -0.107278 0.80000000 0.54509804 0.54117647
v -0.807960 0.016610 -0.106914 0.86666667 0.63529412 0.61568627
v -0.805219 0.013918 -0.105124 0.77647059 0.60784314 0.58823529
v -0.756094 0.013918 -0.107208 0.78039216 0.60000000 0.56862745
v -0.753366 0.011188 -0.106127 0.76862745 0.59215686 0.56470588
v -0.750637 0.008457 -0.106417 0.74117647 0.57647059 0.54901961
v -0.753364 0.016647 -0.105505 0.78823529 0.60392157 0.57254902
v -0.750635 0.019376 -0.105236 0.79607843 0.60000000 0.57254902
v -0.737002 0.005687 -0.106758 0.71764706 0.55294118 0.52156863
v -0.731531 0.005730 -0.104553 0.70196078 0.54117647 0.51764706
v -0.728808 0.008440 -0.107208 0.78823529 0.58431373 0.56862745
v -0.737007 0.022050 -0.108085 0.70588235 0.50980392 0.48235294
v -0.731544 0.022066 -0.105337 0.82745098 0.62352941 0.58823529
v -0.728816 0.019332 -0.107657 0.87450980 0.68627451 0.64313725
v -0.726073 0.011189 -0.107744 0.82352941 0.63921569 0.58823529
v -0.726083 0.016616 -0.107393 0.86666667 0.69803922 0.65490196
v -0.723343 0.013918 -0.107187 0.84705882 0.67843137 0.62352941
v -0.723343 0.008460 -0.105873 0.78823529 0.61176471 0.56078431
v -0.720614 0.011189 -0.105874 0.82745098 0.65490196 0.59607843
v -0.717885 0.008460 -0.104587 0.79215686 0.62352941 0.57254902
v 0.752237 0.008541 -0.107564 0.75294118 0.58039216 0.54509804
v 0.754966 0.011270 -0.108019 0.75686275 0.58823529 0.55294118
v 0.744050 0.005812 -0.105664 0.76470588 0.57254902 0.54117647
v 0.752237 0.014000 -0.105569 0.76862745 0.60392157 0.56862745
v 0.817738 0.014000 -0.107630 0.70196078 0.48235294 0.46666667
v 0.823196 0.019458 -0.107514 0.80000000 0.63921569 0.61568627
v 0.820467 0.022187 -0.107772 0.74901961 0.59607843 0.58039216
v 0.749508 0.016729 -0.104590 0.79607843 0.62745098 0.58823529
v 0.812334 0.019290 -0.107939 0.78039216 0.57647059 0.55686275
v 0.815036 0.022103 -0.106617 0.67058824 0.54901961 0.54509804
v 0.809650 0.021885 -0.105189 0.75294118 0.60784314 0.60000000
v 0.809579 0.011179 -0.104334 0.77647059 0.57254902 0.54117647
v 0.815009 0.011269 -0.104293 0.76078431 0.55294118 0.53725490
v 0.812312 0.013897 -0.107772 0.68235294 0.49411765 0.48235294
v 0.793268 0.016437 -0.104571 0.75294118 0.50980392 0.50196078
v 0.796021 0.019098 -0.104854 0.80000000 0.56470588 0.54117647
v 0.795961 0.013819 -0.104523 0.75686275 0.52549020 0.49803922
v 0.727688 0.005767 -0.106305 0.81176471 0.61960784 0.59607843
v 0.806900 0.013749 -0.106695 0.70588235 0.50196078 0.48627451
v 0.801430 0.013785 -0.105421 0.74117647 0.52941176 0.50980392
v 0.804217 0.016340 -0.106883 0.74901961 0.51764706 0.50196078
v 0.722225 0.005780 -0.105155 0.83529412 0.64705882 0.60784314
v 0.809625 0.016497 -0.108052 0.71764706 0.49019608 0.48235294
v 0.724961 0.008489 -0.107479 0.85098039 0.65882353 0.62745098
v 0.719496 0.008513 -0.105707 0.85882353 0.66666667 0.63137255
v 0.722230 0.011224 -0.107305 0.86666667 0.67843137 0.63921569
v 0.724958 0.013960 -0.107892 0.87843137 0.68627451 0.65098039
v 0.806956 0.019042 -0.107106 0.82352941 0.58431373 0.56862745
v 0.746779 0.019458 -0.105713 0.82745098 0.64705882 0.61176471
v 0.798730 0.016428 -0.105583 0.72941176 0.49411765 0.46666667
v 0.801496 0.019047 -0.105793 0.79607843 0.56862745 0.55294118
v 0.804232 0.021762 -0.104719 0.82745098 0.62745098 0.60784314
v 0.730419 0.019409 -0.106926 0.87058824 0.67058824 0.63529412
v -0.827177 0.019252 -0.100404 0.78823529 0.56078431 0.55294118
v -0.827219 0.019543 -0.100404 0.80000000 0.56470588 0.55294118
v -0.824995 0.015976 -0.100404 0.74901961 0.53333333 0.52549020
v -0.821960 0.013553 -0.100404 0.69411765 0.49803922 0.49019608
v -0.820340 0.012664 -0.100404 0.58823529 0.43529412 0.42745098
v -0.810474 0.024887 -0.100404 0.79607843 0.56470588 0.54901961
v -0.806128 0.025526 -0.100404 0.81176471 0.56470588 0.55294118
v -0.804198 0.025790 -0.100404 0.81176471 0.57254902 0.55686275
v -0.800912 0.025938 -0.100404 0.80784314 0.56862745 0.55686275
v -0.798617 0.025978 -0.100404 0.81960784 0.56078431 0.56078431
v -0.794979 0.025511 -0.100404 0.80392157 0.58431373 0.57254902
v -0.793667 0.025470 -0.100404 0.80392157 0.58431373 0.55686275
v -0.789329 0.025320 -0.100404 0.83137255 0.59215686 0.54901961
v -0.797562 0.011719 -0.100404 0.73725490 0.57254902 0.60784314
v -0.796326 0.011894 -0.100404 0.72549020 0.56862745 0.59607843
v -0.792795 0.012410 -0.100404 0.74901961 0.57254902 0.55686275
v -0.789751 0.013011 -0.100404 0.75686275 0.60392157 0.58431373
v -0.825893 0.023675 -0.100404 0.79215686 0.55686275 0.54117647
v -0.821692 0.024932 -0.100404 0.80000000 0.55686275 0.53725490
v -0.821480 0.024949 -0.100404 0.79607843 0.55294118 0.53333333
v -0.788230 0.013304 -0.100404 0.78039216 0.61176471 0.59607843
v -0.816236 0.024710 -0.100404 0.79607843 0.54901961 0.53333333
v -0.783821 0.014353 -0.100404 0.82745098 0.62352941 0.58823529
v -0.816056 0.024703 -0.100404 0.79607843 0.54509804 0.53333333
v -0.810950 0.024827 -0.100404 0.79607843 0.55686275 0.54117647
v -0.818237 0.011817 -0.100404 0.31764706 0.27843137 0.27450980
v -0.813413 0.011195 -0.100404 0.50980392 0.41568627 0.40784314
v -0.782502 0.014801 -0.100404 0.84313725 0.63137255 0.60000000
v -0.813401 0.011194 -0.100404 0.58039216 0.43529412 0.42352941
v -0.780178 0.016169 -0.100404 0.86274510 0.64313725 0.62352941
v -0.808048 0.011089 -0.100404 0.63921569 0.47058824 0.47058824
v -0.807861 0.011102 -0.100404 0.68235294 0.49803922 0.50196078
v -0.778408 0.018895 -0.100404 0.86666667 0.66274510 0.63137255
v -0.778231 0.019681 -0.100404 0.86274510 0.65882353 0.62352941
v -0.779645 0.023116 -0.100404 0.78823529 0.57647059 0.55294118
v -0.802695 0.011394 -0.100404 0.78431373 0.56078431 0.58039216
v -0.802238 0.011440 -0.100404 0.78039216 0.56470588 0.58431373
v -0.747307 0.011788 -0.100404 0.77647059 0.59607843 0.56078431
v -0.747819 0.016560 -0.100404 0.79215686 0.60392157 0.57254902
v -0.744905 0.008731 -0.100404 0.75686275 0.58039216 0.54901961
v -0.742001 0.006176 -0.100404 0.73725490 0.56470588 0.53725490
v -0.747667 0.016887 -0.100404 0.79607843 0.60000000 0.56470588
v -0.745699 0.019899 -0.100404 0.78039216 0.57647059 0.54509804
v -0.742710 0.022368 -0.100404 0.76862745 0.55294118 0.52156863
v -0.737739 0.004978 -0.100404 0.72941176 0.56078431 0.52941176
v -0.735808 0.004545 -0.100404 0.72549020 0.55686275 0.52549020
v -0.733336 0.003925 -0.100404 0.71372549 0.54901961 0.51764706
v -0.729187 0.003386 -0.100404 0.68627451 0.52549020 0.49411765
v -0.728507 0.003296 -0.100404 0.69411765 0.52549020 0.49803922
v -0.723710 0.003367 -0.100404 0.69803922 0.53725490 0.49411765
v -0.734523 0.024572 -0.100404 0.74901961 0.51764706 0.49803922
v -0.734076 0.024650 -0.100404 0.77254902 0.54509804 0.52156863
v -0.722836 0.003509 -0.100404 0.69411765 0.53333333 0.49019608
v 0.818882 0.012855 -0.100404 0.77254902 0.56470588 0.53333333
v 0.822134 0.015062 -0.100404 0.78039216 0.58823529 0.55686275
v 0.824450 0.018204 -0.100404 0.78823529 0.60784314 0.57647059
v 0.824610 0.020872 -0.100404 0.78039216 0.61176471 0.58431373
v 0.821846 0.023566 -0.100404 0.76470588 0.60784314 0.58823529
v 0.818418 0.024237 -0.100404 0.74901961 0.60000000 0.58431373
v 0.817040 0.024202 -0.100404 0.75686275 0.61176471 0.59607843
v 0.813102 0.024047 -0.100404 0.76470588 0.60784314 0.60000000
v 0.739518 0.004885 -0.100404 0.79607843 0.60000000 0.56862745
v 0.811584 0.024054 -0.100404 0.78431373 0.61176471 0.60000000
v 0.807254 0.024307 -0.100404 0.80392157 0.61568627 0.60392157
v 0.736668 0.003888 -0.100404 0.80000000 0.60392157 0.57647059
v 0.787529 0.011306 -0.100404 0.84313725 0.63529412 0.61176471
v 0.742696 0.007166 -0.100404 0.78823529 0.59607843 0.56470588
v 0.783400 0.012057 -0.100404 0.80000000 0.58039216 0.57647059
v 0.780193 0.013166 -0.100404 0.83529412 0.60000000 0.59215686
v 0.779408 0.013574 -0.100404 0.80784314 0.58039216 0.56470588
v 0.787960 0.011234 -0.100404 0.84313725 0.63529412 0.61568627
v 0.744960 0.010360 -0.100404 0.79607843 0.60392157 0.57254902
v 0.746399 0.013617 -0.100404 0.80784314 0.61568627 0.58039216
v 0.776365 0.015850 -0.100404 0.78431373 0.54901961 0.53725490
v 0.810294 0.010511 -0.100404 0.78039216 0.54509804 0.48627451
v 0.808684 0.010322 -0.100404 0.78823529 0.56470588 0.49803922
v 0.775583 0.017646 -0.100404 0.76470588 0.52941176 0.51764706
v 0.774695 0.019496 -0.100404 0.77254902 0.54117647 0.52156863
v 0.796105 0.024495 -0.100404 0.82745098 0.64313725 0.61960784
v 0.795888 0.024456 -0.100404 0.83137255 0.64313725 0.61960784
v 0.791078 0.024028 -0.100404 0.85490196 0.64313725 0.62352941
v 0.790057 0.024015 -0.100404 0.84705882 0.63529412 0.61960784
v 0.801437 0.024620 -0.100404 0.83529412 0.63137255 0.61176471
v 0.801507 0.024615 -0.100404 0.83137255 0.62745098 0.60784314
v 0.815068 0.011211 -0.100404 0.76862745 0.54509804 0.50588235
v 0.786156 0.023443 -0.100404 0.82745098 0.61960784 0.59215686
v 0.814910 0.011172 -0.100404 0.75294118 0.48235294 0.43529412
v 0.730960 0.002527 -0.100404 0.81960784 0.62745098 0.60000000
v 0.729609 0.002288 -0.100404 0.82352941 0.63137255 0.60392157
v 0.799563 0.010319 -0.100404 0.78431373 0.61176471 0.57647059
v 0.797749 0.010321 -0.100404 0.78823529 0.60000000 0.56862745
v 0.793911 0.010500 -0.100404 0.79607843 0.60000000 0.57254902
v 0.726113 0.001916 -0.100404 0.83137255 0.63529412 0.60392157
v 0.792560 0.010602 -0.100404 0.81176471 0.61176471 0.58431373
v 0.723723 0.001860 -0.100404 0.83921569 0.64313725 0.60784314
v 0.735363 0.003582 -0.100404 0.81176471 0.61960784 0.59215686
v 0.805064 0.010243 -0.100404 0.77254902 0.57647059 0.54117647
v 0.803203 0.010280 -0.100404 0.77647059 0.60000000 0.56470588
v 0.806602 0.024341 -0.100404 0.81960784 0.62352941 0.60784314
v 0.720496 0.002075 -0.100404 0.84313725 0.65098039 0.62352941
v 0.745949 0.014812 -0.100404 0.82745098 0.62352941 0.58431373
v 0.744294 0.016945 -0.100404 0.84313725 0.65882353 0.63529412
v 0.742036 0.020149 -0.100404 0.84313725 0.65490196 0.62745098
v -0.788508 0.025170 -0.100404 0.83921569 0.59607843 0.55686275
v -0.784127 0.024093 -0.100404 0.81960784 0.58823529 0.57254902
v -0.782492 0.023941 -0.100404 0.79607843 0.57647059 0.56078431
v 0.783672 0.022942 -0.100404 0.82352941 0.61176471 0.58431373
v 0.781555 0.022587 -0.100404 0.82745098 0.60000000 0.58039216
v 0.776978 0.021729 -0.100404 0.81568627 0.57647059 0.56078431
v -0.810746 0.024633 -0.101283 0.80000000 0.54117647 0.53725490
v -0.805269 0.024687 -0.102530 0.83921569 0.56470588 0.55294118
v -0.799783 0.024768 -0.102180 0.80784314 0.53333333 0.54509804
v -0.799761 0.013918 -0.103826 0.63921569 0.49803922 0.50196078
v -0.797032 0.022106 -0.103769 0.76470588 0.52549020 0.53725490
v -0.794302 0.019376 -0.103915 0.84705882 0.62352941 0.61176471
v -0.794302 0.024835 -0.101166 0.78039216 0.56470588 0.54509804
v -0.791573 0.022106 -0.103120 0.77647059 0.56078431 0.52941176
v -0.788844 0.024835 -0.100877 0.82352941 0.58823529 0.54509804
v -0.794302 0.013918 -0.102572 0.80000000 0.63137255 0.60000000
v -0.791573 0.016647 -0.103442 0.82745098 0.62352941 0.59607843
v -0.788844 0.013918 -0.101192 0.80392157 0.62745098 0.60392157
v -0.788844 0.019376 -0.103165 0.86274510 0.64313725 0.62745098
v -0.786115 0.016647 -0.102109 0.87058824 0.64705882 0.62352941
v -0.786115 0.022106 -0.102083 0.83137255 0.60784314 0.58431373
v -0.807948 0.011189 -0.101682 0.62745098 0.47450980 0.47058824
v -0.783385 0.019376 -0.101740 0.87843137 0.65882353 0.64313725
v -0.780656 0.016647 -0.100754 0.86666667 0.64705882 0.62745098
v -0.780656 0.022106 -0.100970 0.80784314 0.59607843 0.57647059
v -0.750635 0.013918 -0.103018 0.78823529 0.61568627 0.58823529
v -0.747906 0.011189 -0.101778 0.76470588 0.59215686 0.56078431
v -0.747906 0.016647 -0.100620 0.79215686 0.60392157 0.57254902
v -0.745177 0.008459 -0.101629 0.74117647 0.57254902 0.54509804
v -0.726073 0.005730 -0.104179 0.74509804 0.56078431 0.53333333
v -0.720614 0.005730 -0.102803 0.74117647 0.58431373 0.52941176
v 0.785075 0.013720 -0.102148 0.78823529 0.56078431 0.55294118
v 0.779604 0.013759 -0.100609 0.83529412 0.60000000 0.59215686
v 0.746779 0.008541 -0.103644 0.77647059 0.58823529 0.55686275
v 0.749508 0.011271 -0.104102 0.78823529 0.60392157 0.56862745
v 0.782380 0.016345 -0.102827 0.80000000 0.56862745 0.56078431
v 0.746781 0.013998 -0.100815 0.80392157 0.61568627 0.58039216
v 0.790514 0.013782 -0.103480 0.78823529 0.56862745 0.55686275
v 0.787831 0.016368 -0.103670 0.76862745 0.52549020 0.51764706
v 0.798645 0.011232 -0.102661 0.80000000 0.60784314 0.58039216
v 0.790574 0.019063 -0.103833 0.82352941 0.57647059 0.56862745
v 0.793195 0.011207 -0.101688 0.82352941 0.62352941 0.58823529
v 0.785129 0.019020 -0.102989 0.80000000 0.57647059 0.55294118
v 0.804143 0.011106 -0.103587 0.77254902 0.59215686 0.56078431
v 0.787853 0.021771 -0.102235 0.81176471 0.59215686 0.56862745
v 0.776912 0.016374 -0.100727 0.78823529 0.54509804 0.54117647
v 0.779658 0.019057 -0.101956 0.80392157 0.56078431 0.55686275
v 0.798768 0.021778 -0.103928 0.83921569 0.62745098 0.60000000
v 0.776957 0.021707 -0.100411 0.81568627 0.57647059 0.56078431
v 0.801475 0.024581 -0.100493 0.83137255 0.62745098 0.60392157
v 0.793296 0.021818 -0.102909 0.84705882 0.61568627 0.59607843
v 0.730404 0.003083 -0.102072 0.82352941 0.62745098 0.60000000
v 0.724945 0.003083 -0.102753 0.82352941 0.63137255 0.59215686
v 0.719487 0.003083 -0.101867 0.85098039 0.64705882 0.60784314
v 0.716758 0.005812 -0.104048 0.86666667 0.66666667 0.63921569
v 0.733135 0.022181 -0.102809 0.84313725 0.65490196 0.62745098
v -0.723511 0.025003 -0.100404 0.83921569 0.67450980 0.62352941
v -0.723182 0.024996 -0.100404 0.85490196 0.68235294 0.63137255
v -0.713929 0.004503 -0.100404 0.77254902 0.61176471 0.56862745
v -0.709974 0.005454 -0.100404 0.79607843 0.62745098 0.58039216
v -0.705276 0.006767 -0.100404 0.82352941 0.65490196 0.59607843
v -0.713397 0.023865 -0.100404 0.90588235 0.72156863 0.66666667
v -0.710961 0.023369 -0.100404 0.89803922 0.72941176 0.67058824
v -0.704563 0.021782 -0.100404 0.89803922 0.73725490 0.67058824
v 0.776950 0.021714 -0.100404 0.81568627 0.57647059 0.56078431
v 0.713774 0.002829 -0.100404 0.85098039 0.65098039 0.63529412
v -0.698389 0.010797 -0.100404 0.89019608 0.72156863 0.69019608
v -0.697584 0.017844 -0.100404 0.90196078 0.74117647 0.67843137
v 0.707431 0.004222 -0.100404 0.85490196 0.67058824 0.62745098
v 0.704883 0.004854 -0.100404 0.85882353 0.67450980 0.63921569
v 0.697285 0.008173 -0.100404 0.90588235 0.87450980 0.90588235
v 0.720695 0.023667 -0.100404 0.87450980 0.67843137 0.63137255
v 0.711669 0.022504 -0.100404 0.85882353 0.67450980 0.63529412
v 0.733816 0.022844 -0.100404 0.83921569 0.65882353 0.62745098
v 0.732122 0.023184 -0.100404 0.82352941 0.65490196 0.62352941
v 0.723821 0.023712 -0.100404 0.87058824 0.67843137 0.63529412
v 0.695192 0.016461 -0.100404 0.89803922 0.90980392 0.93725490
v 0.702104 0.020460 -0.100404 0.82352941 0.71372549 0.68627451
v 0.711035 0.022426 -0.100404 0.85882353 0.67450980 0.63529412
v -0.723343 0.024835 -0.100619 0.85882353 0.68235294 0.63137255
v -0.717885 0.019376 -0.104298 0.89411765 0.71372549 0.66274510
v -0.712427 0.013918 -0.104446 0.89019608 0.71372549 0.66274510
v -0.706968 0.008460 -0.101886 0.83137255 0.65882353 0.59215686
v -0.706968 0.019376 -0.101959 0.89803922 0.73725490 0.66666667
v -0.701510 0.013918 -0.101812 0.88627451 0.73333333 0.68627451
v 0.705841 0.005812 -0.101357 0.86274510 0.67450980 0.63529412
v 0.711300 0.011271 -0.104627 0.87843137 0.68627451 0.65882353
v 0.700383 0.011271 -0.102066 0.83921569 0.72549020 0.74117647
v 0.705844 0.016721 -0.102657 0.87058824 0.69411765 0.66274510
v 0.716762 0.016717 -0.105130 0.87058824 0.68235294 0.64313725
v 0.722229 0.022146 -0.102394 0.87058824 0.67450980 0.63921569
v 0.711311 0.022150 -0.100655 0.85490196 0.67450980 0.63529412
v -0.801456 0.026530 -0.096545 0.79215686 0.58431373 0.56470588
v -0.797659 0.026937 -0.096545 0.79215686 0.58039216 0.56470588
v -0.796482 0.027015 -0.096545 0.79607843 0.58431373 0.56078431
v -0.791737 0.027400 -0.096545 0.80392157 0.58823529 0.55686275
v -0.791431 0.027421 -0.096545 0.82745098 0.60392157 0.56862745
v -0.822789 0.018181 -0.096545 0.74117647 0.55686275 0.51764706
v -0.797352 0.011509 -0.096545 0.70588235 0.49411765 0.49803922
v -0.796715 0.011505 -0.096545 0.70196078 0.50196078 0.49803922
v -0.822790 0.020572 -0.096545 0.75294118 0.54509804 0.51764706
v -0.820122 0.015391 -0.096545 0.64313725 0.47058824 0.44705882
v -0.791849 0.011465 -0.096545 0.71372549 0.52549020 0.50588235
v -0.819342 0.022582 -0.096545 0.76862745 0.54901961 0.52156863
v -0.791279 0.011482 -0.096545 0.72156863 0.54509804 0.52156863
v -0.818033 0.022937 -0.096545 0.78039216 0.55294118 0.52549020
v -0.786332 0.011406 -0.096545 0.73333333 0.55686275 0.53333333
v -0.815048 0.023714 -0.096545 0.78823529 0.56078431 0.53725490
v -0.785890 0.011413 -0.096545 0.74117647 0.55686275 0.53333333
v -0.781394 0.011927 -0.096545 0.75294118 0.55686275 0.52941176
v -0.810723 0.024727 -0.096545 0.78823529 0.58039216 0.55294118
v -0.779686 0.012159 -0.096545 0.78039216 0.57647059 0.55294118
v -0.816364 0.013690 -0.096545 0.58431373 0.41960784 0.39607843
v -0.815707 0.013490 -0.096545 0.68627451 0.47058824 0.43529412
v -0.786156 0.027605 -0.096545 0.83529412 0.61176471 0.58039216
v -0.811972 0.012624 -0.096545 0.69411765 0.49411765 0.48235294
v -0.809150 0.012390 -0.096545 0.69411765 0.49803922 0.49411765
v -0.786078 0.027600 -0.096545 0.85098039 0.61568627 0.59607843
v -0.780911 0.027309 -0.096545 0.84705882 0.61568627 0.60392157
v -0.780403 0.027311 -0.096545 0.84705882 0.61568627 0.59607843
v -0.810700 0.024730 -0.096545 0.78431373 0.59215686 0.56470588
v -0.806948 0.012189 -0.096545 0.68627451 0.47843137 0.48235294
v -0.803319 0.012018 -0.096545 0.65098039 0.43529412 0.42745098
v -0.801748 0.011931 -0.096545 0.68235294 0.45098039 0.44313725
v -0.776687 0.012678 -0.096545 0.76862745 0.56078431 0.53725490
v -0.806232 0.025740 -0.096545 0.78431373 0.58039216 0.56078431
v -0.803810 0.026220 -0.096545 0.79215686 0.58823529 0.56470588
v -0.773095 0.013292 -0.096545 0.78431373 0.57647059 0.54901961
v -0.772160 0.013609 -0.096545 0.77647059 0.56862745 0.54117647
v -0.768774 0.015682 -0.096545 0.81176471 0.60392157 0.57254902
v -0.748794 0.015759 -0.096545 0.80392157 0.60784314 0.57254902
v -0.748512 0.017253 -0.096545 0.81176471 0.61176471 0.56862745
v -0.747289 0.011805 -0.096545 0.78823529 0.60000000 0.56470588
v -0.744755 0.008882 -0.096545 0.76470588 0.58431373 0.54901961
v -0.741599 0.006579 -0.096545 0.74901961 0.57254902 0.54117647
v -0.746095 0.020294 -0.096545 0.80392157 0.59215686 0.54901961
v -0.743279 0.022936 -0.096545 0.79607843 0.58039216 0.54117647
v -0.738116 0.004603 -0.096545 0.73725490 0.56470588 0.53333333
v -0.734831 0.003571 -0.096545 0.72941176 0.56078431 0.52941176
v -0.733880 0.003381 -0.096545 0.72549020 0.56078431 0.52549020
v -0.729150 0.002652 -0.096545 0.72549020 0.56078431 0.52549020
v -0.728401 0.002599 -0.096545 0.72941176 0.56470588 0.52941176
v -0.723847 0.002498 -0.096545 0.72941176 0.56862745 0.52941176
v 0.801049 0.025075 -0.096545 0.83921569 0.63137255 0.61176471
v 0.796680 0.025424 -0.096545 0.84313725 0.63137255 0.61176471
v 0.801719 0.025003 -0.096545 0.83529412 0.62745098 0.61176471
v 0.795153 0.025527 -0.096545 0.84313725 0.63529412 0.61960784
v 0.739065 0.005339 -0.096545 0.80784314 0.61176471 0.58431373
v 0.789330 0.025864 -0.096545 0.84705882 0.63137255 0.60784314
v 0.736817 0.004035 -0.096545 0.80784314 0.61568627 0.58823529
v 0.786513 0.025992 -0.096545 0.83921569 0.62745098 0.60392157
v 0.776875 0.011143 -0.096545 0.77254902 0.57254902 0.54509804
v 0.776788 0.011160 -0.096545 0.78431373 0.57647059 0.54901961
v 0.772283 0.012090 -0.096545 0.81176471 0.58823529 0.55686275
v 0.791557 0.025696 -0.096545 0.85098039 0.63529412 0.61568627
v 0.783671 0.025989 -0.096545 0.84313725 0.63137255 0.60392157
v 0.769270 0.013288 -0.096545 0.86666667 0.65490196 0.63137255
v 0.768485 0.013717 -0.096545 0.83921569 0.63529412 0.61176471
v 0.742282 0.007580 -0.096545 0.80392157 0.60784314 0.58039216
v 0.744515 0.010787 -0.096545 0.81568627 0.61960784 0.58823529
v 0.745251 0.012422 -0.096545 0.82352941 0.62352941 0.59607843
v 0.731438 0.002049 -0.096545 0.82352941 0.63137255 0.60392157
v 0.728935 0.001614 -0.096545 0.82745098 0.63529412 0.60392157
v 0.813152 0.013127 -0.096545 0.78431373 0.57254902 0.53725490
v 0.726782 0.001246 -0.096545 0.83137255 0.64313725 0.61568627
v 0.722845 0.000982 -0.096545 0.83529412 0.64705882 0.61960784
v 0.810578 0.012295 -0.096545 0.76862745 0.55686275 0.52549020
v 0.816930 0.014807 -0.096545 0.79607843 0.59607843 0.55686275
v 0.735602 0.003343 -0.096545 0.81568627 0.61960784 0.59215686
v 0.799095 0.010807 -0.096545 0.77254902 0.58431373 0.55294118
v 0.798046 0.010680 -0.096545 0.77647059 0.58431373 0.55294118
v 0.788801 0.010120 -0.096545 0.79607843 0.59607843 0.57254902
v 0.786706 0.010144 -0.096545 0.79215686 0.58823529 0.56862745
v 0.721594 0.000976 -0.096545 0.83921569 0.65882353 0.63529412
v 0.794148 0.010290 -0.096545 0.77647059 0.58039216 0.55294118
v 0.792120 0.010186 -0.096545 0.78823529 0.59215686 0.56470588
v 0.808928 0.011889 -0.096545 0.76470588 0.56470588 0.52941176
v 0.745531 0.015217 -0.096545 0.84313725 0.63921569 0.61176471
v 0.804229 0.011374 -0.096545 0.75686275 0.56470588 0.53333333
v 0.804010 0.011334 -0.096545 0.76078431 0.56862745 0.53725490
v 0.744800 0.017347 -0.096545 0.85490196 0.65882353 0.63137255
v 0.807559 0.024083 -0.096545 0.81568627 0.61960784 0.60784314
v 0.742651 0.020621 -0.096545 0.84705882 0.66274510 0.62745098
v 0.806369 0.024284 -0.096545 0.83137255 0.62745098 0.61176471
v 0.819725 0.017471 -0.096545 0.82745098 0.66666667 0.61176471
v 0.818892 0.020612 -0.096545 0.79215686 0.65490196 0.61960784
v 0.815093 0.022097 -0.096545 0.73725490 0.60784314 0.60784314
v 0.814946 0.022111 -0.096545 0.73725490 0.61176471 0.61568627
v 0.810827 0.023403 -0.096545 0.78823529 0.61568627 0.60392157
v 0.783336 0.010087 -0.096545 0.78039216 0.57647059 0.55686275
v 0.781444 0.010268 -0.096545 0.79215686 0.58039216 0.56078431
v 0.780999 0.025846 -0.096545 0.83529412 0.64705882 0.62745098
v -0.827052 0.019376 -0.100123 0.77254902 0.54901961 0.53333333
v -0.824323 0.016647 -0.098620 0.72941176 0.52941176 0.50588235
v -0.821594 0.013918 -0.099162 0.68235294 0.49411765 0.47843137
v -0.783386 0.013918 -0.099973 0.78823529 0.59607843 0.56862745
v -0.777927 0.013918 -0.098266 0.83137255 0.61568627 0.60000000
v -0.786115 0.027564 -0.096631 0.89411765 0.62352941 0.60784314
v -0.783386 0.024835 -0.099764 0.81568627 0.58431373 0.56862745
v -0.777927 0.024835 -0.099010 0.79607843 0.56862745 0.54117647
v -0.777927 0.019376 -0.100245 0.86274510 0.65882353 0.62352941
v -0.775198 0.016647 -0.099224 0.84705882 0.63529412 0.60392157
v -0.775198 0.022106 -0.099012 0.83137255 0.61568627 0.58431373
v -0.772469 0.019376 -0.099115 0.86274510 0.65098039 0.61960784
v -0.772469 0.013918 -0.096971 0.82745098 0.60392157 0.57647059
v -0.824323 0.022106 -0.097823 0.76470588 0.54509804 0.52549020
v -0.821594 0.024835 -0.100136 0.78039216 0.54901961 0.52941176
v -0.769740 0.016647 -0.097293 0.83529412 0.62352941 0.60392157
v -0.810710 0.024739 -0.096577 0.78823529 0.57254902 0.54901961
v -0.807948 0.011189 -0.099349 0.67450980 0.48235294 0.48235294
v -0.747906 0.016647 -0.100368 0.80000000 0.60392157 0.56862745
v -0.728802 0.003001 -0.098963 0.71372549 0.55294118 0.51764706
v -0.723343 0.003001 -0.098957 0.73725490 0.58039216 0.53725490
v 0.776824 0.011193 -0.096623 0.80000000 0.58039216 0.55686275
v 0.796014 0.024589 -0.100206 0.83529412 0.63529412 0.61568627
v 0.790571 0.024541 -0.099667 0.85098039 0.63529412 0.61960784
v 0.785131 0.024486 -0.099104 0.83529412 0.63529412 0.60784314
v 0.774115 0.013859 -0.098759 0.79215686 0.56862745 0.54117647
v 0.768654 0.013866 -0.096746 0.87058824 0.66274510 0.63921569
v 0.771438 0.016423 -0.099281 0.81176471 0.60000000 0.56470588
v 0.809558 0.011246 -0.097570 0.77647059 0.56078431 0.51764706
v 0.815009 0.011271 -0.100137 0.78039216 0.55686275 0.51372549
v 0.817738 0.014000 -0.097541 0.78823529 0.58823529 0.54901961
v 0.787782 0.011058 -0.100056 0.81568627 0.61176471 0.59215686
v 0.804100 0.011243 -0.096725 0.76862745 0.58039216 0.54509804
v 0.820467 0.016729 -0.097186 0.79215686 0.60784314 0.56862745
v 0.823196 0.019458 -0.098527 0.79215686 0.62745098 0.59215686
v 0.820467 0.022187 -0.098257 0.77254902 0.61960784 0.59607843
v 0.815012 0.022177 -0.096633 0.75686275 0.61176471 0.60392157
v 0.782324 0.011057 -0.098861 0.80000000 0.58431373 0.56862745
v 0.774200 0.019056 -0.099796 0.76862745 0.54117647 0.51764706
v 0.779686 0.024442 -0.098348 0.84313725 0.62745098 0.60392157
v -0.800231 0.025305 -0.092685 0.78431373 0.59215686 0.56862745
v -0.798892 0.025703 -0.092685 0.75294118 0.60000000 0.58823529
v -0.795904 0.026436 -0.092685 0.78039216 0.57647059 0.54901961
v -0.791734 0.027403 -0.092685 0.79607843 0.59215686 0.55294118
v -0.791475 0.027466 -0.092685 0.80784314 0.60392157 0.56470588
v -0.799370 0.013527 -0.092685 0.63137255 0.37647059 0.34901961
v -0.795530 0.012690 -0.092685 0.66666667 0.44705882 0.41960784
v -0.792588 0.012204 -0.092685 0.67843137 0.47843137 0.45490196
v -0.790811 0.011951 -0.092685 0.67450980 0.48627451 0.45882353
v -0.786493 0.011567 -0.092685 0.69411765 0.50980392 0.48235294
v -0.807462 0.017134 -0.092685 0.69803922 0.47450980 0.45490196
v -0.785812 0.011491 -0.092685 0.69803922 0.50980392 0.48235294
v -0.807643 0.021759 -0.092685 0.76470588 0.56078431 0.52941176
v -0.780717 0.011249 -0.092685 0.70588235 0.51372549 0.48627451
v -0.803879 0.015258 -0.092685 0.65882353 0.42352941 0.40000000
v -0.780599 0.011246 -0.092685 0.70980392 0.51372549 0.49019608
v -0.799964 0.013714 -0.092685 0.65490196 0.40784314 0.38823529
v -0.786859 0.028309 -0.092685 0.80392157 0.61176471 0.56862745
v -0.804375 0.023991 -0.092685 0.80000000 0.61960784 0.57647059
v -0.785060 0.028619 -0.092685 0.82745098 0.61568627 0.58431373
v -0.782084 0.028991 -0.092685 0.83137255 0.61568627 0.59215686
v -0.775222 0.011213 -0.092685 0.70980392 0.50980392 0.48627451
v -0.775168 0.011219 -0.092685 0.70980392 0.50980392 0.48627451
v -0.770425 0.011874 -0.092685 0.71764706 0.51764706 0.49411765
v -0.768932 0.011997 -0.092685 0.72549020 0.52549020 0.49803922
v -0.755841 0.014171 -0.092685 0.81568627 0.60784314 0.57254902
v -0.751730 0.012823 -0.092685 0.79215686 0.59607843 0.56078431
v -0.748313 0.010782 -0.092685 0.78431373 0.58823529 0.55686275
v -0.746185 0.009468 -0.092685 0.77254902 0.58431373 0.55294118
v -0.744984 0.008653 -0.092685 0.76470588 0.58039216 0.54509804
v -0.742087 0.006091 -0.092685 0.75294118 0.57254902 0.54117647
v -0.747036 0.022976 -0.092685 0.83137255 0.61176471 0.55686275
v -0.743962 0.023620 -0.092685 0.81568627 0.60000000 0.55686275
v -0.738215 0.004504 -0.092685 0.74117647 0.56862745 0.53333333
v -0.734922 0.003663 -0.092685 0.73333333 0.56470588 0.52941176
v -0.733869 0.003392 -0.092685 0.73333333 0.56862745 0.53333333
v -0.729336 0.002466 -0.092685 0.72941176 0.56862745 0.52941176
v -0.728015 0.002214 -0.092685 0.73725490 0.57647059 0.53725490
v -0.724596 0.001749 -0.092685 0.73725490 0.58039216 0.54117647
v 0.739345 0.005058 -0.092685 0.81568627 0.61960784 0.59215686
v 0.736634 0.003851 -0.092685 0.81568627 0.61960784 0.59215686
v 0.777775 0.010284 -0.092685 0.74117647 0.55294118 0.52549020
v 0.775877 0.010328 -0.092685 0.76078431 0.56862745 0.53725490
v 0.772161 0.010425 -0.092685 0.76862745 0.58039216 0.54901961
v 0.770705 0.010591 -0.092685 0.78431373 0.59607843 0.56862745
v 0.766104 0.011393 -0.092685 0.81568627 0.61960784 0.59215686
v 0.799924 0.023360 -0.092685 0.86274510 0.63137255 0.61568627
v 0.796498 0.024259 -0.092685 0.85490196 0.62352941 0.60784314
v 0.789316 0.025899 -0.092685 0.85490196 0.63137255 0.61176471
v 0.786847 0.026450 -0.092685 0.85098039 0.62745098 0.60392157
v 0.742315 0.007547 -0.092685 0.81568627 0.61960784 0.59215686
v 0.791202 0.025461 -0.092685 0.84705882 0.63137255 0.61960784
v 0.782358 0.027358 -0.092685 0.85098039 0.63137255 0.60000000
v 0.745596 0.009704 -0.092685 0.83137255 0.63137255 0.60392157
v 0.731377 0.002110 -0.092685 0.82352941 0.63529412 0.60392157
v 0.748350 0.012381 -0.092685 0.84705882 0.64313725 0.62352941
v 0.751551 0.014529 -0.092685 0.85098039 0.65098039 0.63137255
v 0.728533 0.001212 -0.092685 0.82352941 0.63921569 0.60784314
v 0.727068 0.000960 -0.092685 0.82745098 0.64705882 0.61960784
v 0.788248 0.010724 -0.092685 0.77254902 0.57647059 0.55294118
v 0.722634 0.000772 -0.092685 0.83137255 0.65882353 0.63137255
v 0.787102 0.010581 -0.092685 0.76862745 0.57254902 0.54901961
v 0.735393 0.003552 -0.092685 0.81960784 0.62745098 0.60000000
v 0.797271 0.012633 -0.092685 0.75294118 0.56078431 0.53333333
v 0.793504 0.011600 -0.092685 0.76078431 0.56862745 0.54117647
v 0.792951 0.011495 -0.092685 0.76470588 0.57254902 0.54509804
v 0.721843 0.000728 -0.092685 0.83921569 0.67450980 0.65490196
v 0.804619 0.016192 -0.092685 0.70196078 0.51764706 0.49803922
v 0.746827 0.019232 -0.092685 0.88235294 0.68235294 0.65490196
v 0.743454 0.021342 -0.092685 0.86274510 0.67843137 0.63921569
v 0.802053 0.014690 -0.092685 0.74509804 0.55294118 0.52549020
v 0.806286 0.018900 -0.092685 0.80000000 0.58039216 0.56078431
v 0.801100 0.014262 -0.092685 0.74901961 0.55686275 0.52941176
v 0.803795 0.021803 -0.092685 0.82745098 0.61176471 0.59607843
v 0.783197 0.010307 -0.092685 0.75294118 0.56470588 0.53725490
v 0.781249 0.010190 -0.092685 0.76078431 0.56470588 0.54117647
v 0.782351 0.027360 -0.092685 0.85490196 0.63921569 0.60784314
v 0.795580 0.024460 -0.092685 0.85490196 0.62745098 0.61568627
v -0.779172 0.029048 -0.092685 0.82745098 0.61568627 0.58823529
v -0.776728 0.029094 -0.092685 0.82745098 0.61176471 0.57647059
v -0.773812 0.028950 -0.092685 0.86274510 0.61960784 0.57647059
v -0.770516 0.028340 -0.092685 0.86274510 0.60784314 0.58039216
v 0.777432 0.027916 -0.092685 0.85098039 0.63921569 0.61176471
v 0.765552 0.011513 -0.092685 0.81568627 0.61960784 0.59215686
v 0.776273 0.027963 -0.092685 0.84705882 0.63921569 0.61568627
v 0.772394 0.028213 -0.092685 0.84705882 0.63921569 0.61176471
v -0.780656 0.027564 -0.096146 0.83921569 0.61568627 0.59215686
v -0.767010 0.013918 -0.095086 0.78431373 0.58039216 0.54901961
v -0.753365 0.016647 -0.093658 0.82745098 0.61960784 0.58431373
v -0.750635 0.013918 -0.093788 0.80784314 0.60784314 0.57254902
v -0.747906 0.011189 -0.093825 0.78431373 0.59215686 0.56078431
v -0.750635 0.019376 -0.093360 0.84313725 0.63529412 0.59215686
v -0.747906 0.022106 -0.093367 0.83137255 0.61568627 0.56078431
v -0.821594 0.019376 -0.095771 0.73333333 0.54509804 0.50588235
v -0.818865 0.016647 -0.095286 0.71764706 0.49411765 0.46666667
v -0.818865 0.022105 -0.096007 0.75686275 0.54117647 0.50980392
v -0.816136 0.019376 -0.094113 0.78823529 0.56078431 0.52549020
v -0.813407 0.022105 -0.094221 0.76862745 0.56470588 0.52941176
v -0.816136 0.013918 -0.096263 0.69411765 0.46666667 0.43529412
v -0.813407 0.016647 -0.093880 0.68627451 0.45490196 0.42745098
v -0.810677 0.013918 -0.094987 0.67058824 0.45882353 0.42352941
v -0.810677 0.019376 -0.092998 0.72156863 0.50196078 0.47843137
v -0.807948 0.016647 -0.092943 0.67058824 0.45490196 0.43137255
v -0.807959 0.022073 -0.092874 0.81176471 0.61568627 0.58039216
v -0.805219 0.013918 -0.094022 0.65490196 0.41960784 0.40784314
v -0.805220 0.024831 -0.093770 0.74117647 0.60784314 0.57647059
v 0.801424 0.024733 -0.095287 0.84705882 0.63137255 0.61568627
v 0.771365 0.011195 -0.094858 0.79607843 0.59607843 0.56862745
v 0.795944 0.024798 -0.093430 0.83921569 0.62352941 0.61176471
v 0.746807 0.013913 -0.094259 0.84313725 0.63921569 0.61568627
v 0.749584 0.016485 -0.094085 0.86666667 0.65098039 0.63921569
v 0.746862 0.019197 -0.092701 0.88235294 0.68235294 0.65490196
v 0.812279 0.014000 -0.095567 0.78823529 0.57647059 0.55686275
v 0.815009 0.016729 -0.094972 0.79607843 0.59607843 0.58039216
v 0.798634 0.011268 -0.095238 0.76470588 0.57254902 0.54509804
v 0.793175 0.011270 -0.093136 0.77254902 0.57647059 0.55294118
v 0.806822 0.013997 -0.094266 0.74509804 0.54901961 0.52549020
v 0.801363 0.014000 -0.092935 0.75686275 0.56862745 0.53725490
v 0.809550 0.016729 -0.093576 0.74509804 0.54509804 0.53333333
v 0.812279 0.019458 -0.094044 0.83921569 0.61176471 0.60392157
v 0.806827 0.019441 -0.092845 0.83137255 0.60392157 0.58431373
v 0.809567 0.022135 -0.094511 0.81960784 0.62745098 0.60784314
v 0.804123 0.022092 -0.092925 0.84705882 0.63137255 0.61960784
v 0.817738 0.019458 -0.095648 0.82352941 0.65098039 0.60784314
v -0.764549 0.027296 -0.092685 0.83529412 0.60392157 0.57647059
v -0.765529 0.012437 -0.092685 0.75294118 0.54901961 0.51764706
v -0.702852 0.001659 -0.092685 0.81568627 0.67843137 0.64313725
v -0.756264 0.014088 -0.092685 0.82745098 0.60784314 0.57254902
v -0.700371 0.001862 -0.092685 0.83529412 0.71372549 0.68627451
v -0.756508 0.024420 -0.092685 0.84705882 0.61176471 0.58039216
v -0.753757 0.022499 -0.092685 0.84705882 0.63137255 0.60000000
v -0.691345 0.003753 -0.092685 0.84313725 0.71372549 0.67450980
v -0.688999 0.004595 -0.092685 0.84313725 0.75686275 0.73725490
v -0.722100 0.001758 -0.092685 0.75294118 0.59607843 0.56078431
v -0.683788 0.007113 -0.092685 0.93725490 0.93333333 0.96862745
v -0.736040 0.026614 -0.092685 0.80392157 0.59607843 0.56470588
v -0.678025 0.012267 -0.092685 0.93333333 0.92549020 0.95686275
v -0.730861 0.028234 -0.092685 0.68627451 0.58823529 0.55294118
v -0.675601 0.017993 -0.092685 0.94509804 0.93333333 0.98039216
v -0.727736 0.029227 -0.092685 0.67450980 0.58039216 0.55294118
v -0.675941 0.021094 -0.092685 0.94117647 0.93333333 0.97647059
v -0.717918 0.030261 -0.092685 0.84313725 0.65490196 0.61568627
v 0.700403 0.000333 -0.092685 0.83921569 0.70980392 0.69803922
v -0.678976 0.025536 -0.092685 0.94117647 0.92941176 0.96862745
v 0.700364 0.000335 -0.092685 0.84313725 0.73725490 0.72941176
v -0.714134 0.001294 -0.092685 0.76862745 0.61960784 0.58039216
v -0.710657 0.001232 -0.092685 0.79607843 0.65098039 0.60784314
v 0.711546 0.000107 -0.092685 0.83921569 0.68627451 0.66666667
v -0.717856 0.030265 -0.092685 0.85490196 0.65882353 0.61960784
v 0.756762 0.012761 -0.092685 0.85098039 0.64705882 0.62745098
v 0.690951 0.001839 -0.092685 0.86666667 0.80000000 0.81176471
v 0.711043 0.000097 -0.092685 0.83921569 0.69411765 0.67843137
v -0.707376 0.030701 -0.092685 0.85882353 0.69019608 0.63137255
v 0.686688 0.003132 -0.092685 0.88627451 0.88627451 0.92156863
v 0.735742 0.024607 -0.092685 0.82745098 0.65882353 0.62352941
v -0.706551 0.030710 -0.092685 0.86274510 0.69411765 0.63921569
v 0.682879 0.004681 -0.092685 0.89803922 0.90196078 0.94117647
v 0.753851 0.022994 -0.092685 0.81568627 0.60784314 0.56470588
v 0.761590 0.026137 -0.092685 0.84705882 0.63921569 0.60784314
v -0.696493 0.030728 -0.092685 0.87843137 0.70980392 0.65490196
v 0.676526 0.009237 -0.092685 0.90196078 0.90196078 0.94901961
v 0.758338 0.024921 -0.092685 0.82745098 0.61960784 0.59215686
v -0.695686 0.030659 -0.092685 0.87450980 0.70980392 0.65882353
v 0.728342 0.026897 -0.092685 0.75294118 0.62352941 0.59607843
v 0.672913 0.016538 -0.092685 0.91764706 0.92156863 0.96078431
v 0.727370 0.027184 -0.092685 0.77647059 0.64313725 0.61960784
v -0.686330 0.029098 -0.092685 0.93333333 0.93333333 0.96078431
v 0.770730 0.028003 -0.092685 0.84313725 0.62745098 0.60000000
v 0.672883 0.016937 -0.092685 0.91372549 0.91764706 0.96078431
v -0.682775 0.027919 -0.092685 0.93725490 0.92941176 0.96470588
v 0.676564 0.024173 -0.092685 0.88627451 0.89803922 0.93333333
v 0.717972 0.028726 -0.092685 0.81568627 0.67058824 0.63921569
v 0.715401 0.028941 -0.092685 0.82352941 0.72549020 0.70980392
v 0.707618 0.029370 -0.092685 0.80784314 0.72549020 0.71372549
v 0.704124 0.029350 -0.092685 0.77647059 0.67450980 0.65490196
v 0.696629 0.029342 -0.092685 0.87058824 0.91372549 0.96862745
v 0.693379 0.029191 -0.092685 0.90196078 0.92549020 0.96078431
v 0.684120 0.027758 -0.092685 0.90980392 0.92549020 0.96078431
v 0.683943 0.027711 -0.092685 0.90980392 0.92549020 0.96470588
v -0.767010 0.024835 -0.096076 0.81176471 0.58039216 0.56078431
v -0.761552 0.019376 -0.095710 0.85490196 0.65098039 0.60784314
v -0.701510 0.003001 -0.095253 0.80784314 0.66274510 0.61568627
v -0.696052 0.008460 -0.098699 0.87843137 0.71764706 0.68627451
v -0.690593 0.013918 -0.098598 0.87450980 0.75686275 0.73333333
v -0.734260 0.024835 -0.099596 0.75686275 0.52549020 0.49803922
v -0.685135 0.008460 -0.094344 0.93725490 0.92941176 0.96078431
v -0.685138 0.019373 -0.096563 0.94117647 0.93333333 0.96470588
v -0.712427 0.003001 -0.097887 0.77647059 0.61568627 0.57647059
v -0.679677 0.013918 -0.094083 0.93333333 0.92941176 0.95686275
v -0.679680 0.024831 -0.093209 0.94117647 0.92941176 0.96470588
v -0.712427 0.024835 -0.099400 0.88627451 0.70588235 0.65490196
v -0.706968 0.030293 -0.093203 0.86666667 0.69411765 0.64313725
v -0.701510 0.024835 -0.098135 0.88627451 0.72549020 0.67450980
v -0.696052 0.019376 -0.099608 0.90196078 0.73725490 0.67843137
v 0.700383 0.000354 -0.092740 0.81568627 0.66274510 0.63921569
v -0.696055 0.030290 -0.093103 0.87843137 0.70980392 0.65882353
v -0.690596 0.024832 -0.096248 0.89411765 0.82352941 0.85098039
v 0.694924 0.005812 -0.098397 0.91372549 0.91372549 0.95686275
v 0.684009 0.005811 -0.094224 0.90588235 0.90980392 0.94509804
v 0.689466 0.011271 -0.098911 0.89411765 0.89803922 0.92941176
v 0.711300 0.000354 -0.094171 0.83921569 0.67450980 0.65490196
v 0.760531 0.016392 -0.095616 0.83137255 0.62352941 0.59607843
v 0.766045 0.021689 -0.097520 0.81176471 0.58431373 0.55686275
v 0.678550 0.011269 -0.094566 0.89019608 0.89803922 0.93333333
v 0.755111 0.021739 -0.093634 0.81176471 0.60392157 0.56862745
v 0.716782 0.027571 -0.094601 0.83529412 0.69803922 0.65882353
v 0.684008 0.016729 -0.097299 0.88627451 0.90196078 0.93725490
v 0.771486 0.027214 -0.094461 0.83529412 0.65882353 0.63921569
v 0.673097 0.016723 -0.092788 0.91372549 0.91764706 0.96078431
v 0.678550 0.022187 -0.094138 0.89019608 0.90196078 0.93725490
v 0.694925 0.016729 -0.100258 0.89803922 0.90980392 0.93725490
v 0.700385 0.022180 -0.099159 0.90196078 0.84313725 0.83529412
v 0.689466 0.022187 -0.097195 0.90196078 0.90588235 0.93333333
v 0.694924 0.027645 -0.094368 0.89019608 0.92156863 0.96078431
v 0.705851 0.027615 -0.094886 0.83137255 0.68235294 0.64705882
v 0.684008 0.027646 -0.092750 0.90980392 0.92549020 0.96078431
v -0.795296 0.018382 -0.088825 0.71372549 0.50196078 0.46666667
v -0.795692 0.020766 -0.088825 0.73725490 0.51372549 0.47843137
v -0.793228 0.023760 -0.088825 0.75294118 0.54117647 0.49019608
v -0.789751 0.025742 -0.088825 0.77647059 0.59607843 0.54117647
v -0.792405 0.015815 -0.088825 0.68235294 0.47450980 0.43529412
v -0.789838 0.014912 -0.088825 0.63921569 0.44313725 0.40392157
v -0.788366 0.014396 -0.088825 0.57254902 0.40000000 0.35686275
v -0.784310 0.012993 -0.088825 0.63921569 0.45490196 0.42352941
v -0.781999 0.012532 -0.088825 0.66274510 0.47450980 0.44705882
v -0.779808 0.012037 -0.088825 0.65882353 0.46274510 0.43921569
v -0.786527 0.027152 -0.088825 0.78431373 0.61960784 0.57254902
v -0.785930 0.027379 -0.088825 0.77647059 0.61568627 0.57254902
v -0.781690 0.028597 -0.088825 0.81176471 0.61960784 0.58431373
v -0.779173 0.029047 -0.088825 0.81568627 0.61960784 0.58431373
v -0.776879 0.029245 -0.088825 0.81960784 0.61960784 0.58039216
v -0.773710 0.029052 -0.088825 0.83137255 0.61568627 0.58039216
v -0.770687 0.028512 -0.088825 0.83529412 0.61176471 0.57647059
v -0.775238 0.011229 -0.088825 0.65098039 0.45490196 0.43529412
v -0.775162 0.011224 -0.088825 0.61960784 0.42745098 0.41176471
v -0.770434 0.011884 -0.088825 0.66274510 0.46666667 0.44313725
v -0.768900 0.012028 -0.088825 0.65882353 0.46274510 0.43921569
v -0.758998 0.011014 -0.088825 0.75294118 0.54901961 0.51764706
v -0.758592 0.010958 -0.088825 0.75686275 0.55686275 0.52156863
v -0.753939 0.010614 -0.088825 0.76862745 0.56862745 0.53333333
v -0.752558 0.010382 -0.088825 0.76862745 0.56862745 0.53725490
v -0.749563 0.009532 -0.088825 0.77254902 0.58039216 0.54509804
v -0.745664 0.007973 -0.088825 0.76078431 0.57254902 0.53725490
v -0.743580 0.006863 -0.088825 0.75294118 0.57254902 0.53725490
v -0.742135 0.006043 -0.088825 0.74509804 0.56862745 0.53725490
v 0.776869 0.011202 -0.088825 0.70980392 0.53725490 0.50588235
v 0.776708 0.011179 -0.088825 0.72549020 0.55294118 0.52156863
v 0.771999 0.010613 -0.088825 0.72941176 0.56078431 0.52549020
v 0.770680 0.010609 -0.088825 0.74117647 0.57254902 0.53725490
v 0.766299 0.010837 -0.088825 0.74509804 0.57254902 0.54117647
v 0.789140 0.023472 -0.088825 0.82745098 0.58431373 0.58039216
v 0.785578 0.025303 -0.088825 0.84705882 0.62352941 0.58823529
v 0.755298 0.010888 -0.088825 0.81960784 0.62745098 0.60392157
v 0.754636 0.010806 -0.088825 0.82352941 0.62745098 0.60392157
v 0.783635 0.026173 -0.088825 0.86274510 0.63137255 0.59215686
v 0.739362 0.005041 -0.088825 0.81568627 0.62352941 0.59607843
v 0.781726 0.026920 -0.088825 0.87450980 0.64313725 0.60000000
v 0.777309 0.027919 -0.088825 0.85882353 0.63921569 0.60784314
v 0.743016 0.006846 -0.088825 0.81960784 0.62745098 0.60000000
v 0.746695 0.008608 -0.088825 0.82745098 0.63137255 0.60392157
v 0.750734 0.010005 -0.088825 0.82352941 0.62745098 0.60784314
v 0.776320 0.027984 -0.088825 0.85490196 0.63921569 0.60784314
v 0.746993 0.008723 -0.088825 0.83137255 0.63137255 0.60784314
v 0.771956 0.027882 -0.088825 0.85490196 0.62745098 0.60000000
v 0.785963 0.013023 -0.088825 0.73333333 0.55294118 0.52156863
v 0.783031 0.012024 -0.088825 0.70980392 0.53725490 0.50588235
v 0.781789 0.011729 -0.088825 0.70196078 0.53333333 0.50196078
v 0.789944 0.014498 -0.088825 0.74509804 0.55686275 0.52941176
v 0.792933 0.016965 -0.088825 0.74901961 0.54901961 0.52549020
v 0.792224 0.021173 -0.088825 0.75686275 0.52941176 0.51764706
v -0.805219 0.019376 -0.091682 0.70196078 0.47843137 0.45882353
v -0.802490 0.016647 -0.091473 0.70588235 0.47843137 0.45882353
v -0.799761 0.013918 -0.092403 0.63921569 0.38431373 0.35686275
v -0.802490 0.022106 -0.091188 0.72156863 0.49803922 0.46666667
v -0.799761 0.024835 -0.092016 0.76862745 0.58823529 0.56078431
v -0.799761 0.019376 -0.090068 0.71764706 0.49411765 0.46274510
v -0.797031 0.016647 -0.089818 0.69019608 0.46274510 0.43529412
v -0.797032 0.022106 -0.089476 0.74509804 0.50980392 0.47058824
v -0.794302 0.024835 -0.089960 0.77647059 0.58431373 0.54117647
v -0.794302 0.013918 -0.090758 0.62745098 0.40392157 0.36470588
v -0.788844 0.013918 -0.089415 0.64313725 0.45882353 0.42352941
v -0.786115 0.027564 -0.089282 0.80000000 0.61568627 0.57647059
v -0.758823 0.011189 -0.089262 0.78039216 0.57254902 0.54117647
v -0.756094 0.013918 -0.092503 0.80392157 0.59215686 0.56078431
v -0.753365 0.011189 -0.090103 0.78823529 0.58431373 0.54901961
v -0.745177 0.008460 -0.091422 0.76470588 0.57647059 0.54509804
v -0.745177 0.024835 -0.090776 0.83137255 0.60784314 0.56078431
v 0.765906 0.011195 -0.091942 0.77254902 0.59215686 0.56078431
v 0.755000 0.011161 -0.089505 0.83137255 0.63529412 0.61176471
v 0.749526 0.011215 -0.091478 0.83921569 0.63921569 0.61568627
v 0.752304 0.013784 -0.091998 0.83921569 0.63921569 0.61960784
v 0.787723 0.011250 -0.091448 0.75686275 0.56470588 0.53725490
v 0.795904 0.014000 -0.091064 0.74509804 0.55294118 0.52941176
v 0.798655 0.022121 -0.091473 0.85098039 0.60392157 0.58039216
v 0.790447 0.013996 -0.089259 0.75686275 0.56078431 0.53333333
v 0.793178 0.016721 -0.088955 0.74117647 0.54509804 0.52156863
v 0.790483 0.024806 -0.090872 0.87450980 0.62352941 0.60784314
v 0.804096 0.016715 -0.092367 0.71764706 0.52941176 0.50588235
v 0.798639 0.016713 -0.090696 0.72549020 0.53333333 0.50588235
v 0.744130 0.021939 -0.091817 0.86666667 0.67058824 0.62745098
v 0.801370 0.019435 -0.091340 0.78039216 0.57254902 0.54509804
v 0.795909 0.019443 -0.089713 0.74117647 0.51764706 0.49411765
v 0.782264 0.011253 -0.089705 0.73333333 0.54901961 0.52156863
v 0.793191 0.022139 -0.089649 0.81960784 0.56470588 0.56078431
v -0.784012 0.018750 -0.084966 0.72549020 0.50980392 0.49019608
v -0.784379 0.020370 -0.084966 0.76078431 0.53725490 0.52549020
v -0.616022 0.012072 -0.084966 0.92941176 0.92549020 0.96470588
v -0.781320 0.015984 -0.084966 0.67450980 0.47450980 0.45098039
v -0.615641 0.015383 -0.084966 0.92941176 0.92941176 0.96078431
v -0.616330 0.006304 -0.084966 0.85490196 0.85098039 0.89803922
v -0.593438 0.034669 -0.084966 0.90588235 0.89803922 0.94901961
v -0.778248 0.014239 -0.084966 0.63921569 0.44313725 0.41960784
v -0.782888 0.024337 -0.084966 0.79607843 0.58431373 0.55294118
v -0.779857 0.026764 -0.084966 0.79215686 0.59215686 0.54117647
v -0.777762 0.014083 -0.084966 0.55294118 0.35686275 0.33333333
v -0.775713 0.028079 -0.084966 0.80000000 0.63137255 0.58039216
v -0.616518 0.010802 -0.084966 0.92941176 0.92941176 0.96862745
v -0.774484 0.028278 -0.084966 0.81568627 0.61960784 0.57647059
v -0.612457 0.004720 -0.084966 0.78039216 0.77254902 0.81960784
v -0.613569 0.018770 -0.084966 0.93333333 0.93725490 0.95686275
v -0.770533 0.028358 -0.084966 0.82352941 0.61568627 0.58039216
v -0.609920 0.020579 -0.084966 0.94117647 0.94901961 0.95686275
v -0.773219 0.013168 -0.084966 0.54117647 0.35686275 0.34117647
v -0.606132 0.016503 -0.084966 0.93725490 0.94117647 0.95686275
v -0.771519 0.012969 -0.084966 0.53725490 0.34901961 0.34117647
v -0.607001 0.017660 -0.084966 0.93333333 0.93725490 0.95294118
v -0.768274 0.012655 -0.084966 0.60000000 0.41176471 0.38823529
v -0.594355 0.028285 -0.084966 0.90196078 0.89411765 0.94901961
v -0.605809 0.016468 -0.084966 0.93333333 0.94117647 0.95686275
v -0.593939 0.031778 -0.084966 0.90588235 0.89803922 0.94901961
v -0.608519 0.019575 -0.084966 0.93725490 0.94509804 0.95294118
v -0.759480 0.010532 -0.084966 0.74509804 0.54509804 0.50980392
v -0.601089 0.017206 -0.084966 0.93333333 0.93725490 0.96078431
v -0.757506 0.009872 -0.084966 0.74901961 0.54901961 0.51372549
v -0.610004 0.004288 -0.084966 0.78431373 0.77647059 0.81960784
v -0.598421 0.019997 -0.084966 0.91764706 0.91764706 0.95294118
v -0.607570 0.004149 -0.084966 0.79215686 0.78823529 0.81960784
v -0.596519 0.023553 -0.084966 0.90196078 0.89411765 0.94901961
v -0.755202 0.009351 -0.084966 0.75294118 0.55686275 0.52156863
v -0.751009 0.008833 -0.084966 0.75686275 0.56078431 0.52549020
v -0.603712 0.003454 -0.084966 0.76078431 0.76078431 0.79607843
v -0.750381 0.008714 -0.084966 0.76078431 0.56862745 0.53333333
v -0.602934 0.003326 -0.084966 0.76470588 0.76078431 0.80000000
v -0.746159 0.007478 -0.084966 0.75294118 0.56470588 0.52941176
v -0.743042 0.006325 -0.084966 0.74901961 0.56862745 0.53333333
v -0.597870 0.003071 -0.084966 0.74901961 0.74509804 0.78431373
v -0.742189 0.005990 -0.084966 0.74509804 0.56862745 0.53333333
v -0.597728 0.003074 -0.084966 0.76470588 0.76078431 0.80000000
v -0.659924 0.017296 -0.084966 0.93725490 0.92941176 0.97254902
v -0.659112 0.020546 -0.084966 0.94117647 0.93725490 0.97647059
v -0.660324 0.016348 -0.084966 0.93333333 0.92941176 0.96862745
v -0.658991 0.023689 -0.084966 0.94509804 0.93725490 0.97647059
v 0.591761 0.010725 -0.084966 0.89019608 0.89019608 0.93725490
v 0.596801 0.016602 -0.084966 0.90980392 0.91372549 0.95686275
v 0.594074 0.013871 -0.084966 0.90196078 0.90196078 0.94901961
v 0.599496 0.019365 -0.084966 0.91372549 0.91764706 0.95686275
v 0.602187 0.022133 -0.084966 0.90980392 0.91372549 0.96078431
v 0.602443 0.022498 -0.084966 0.90980392 0.91372549 0.96078431
v 0.610578 0.030116 -0.084966 0.89019608 0.89019608 0.94509804
v 0.608725 0.028780 -0.084966 0.89411765 0.89411765 0.94901961
v 0.610418 0.030473 -0.084966 0.88627451 0.89019608 0.94509804
v 0.615898 0.035713 -0.084966 0.89411765 0.90196078 0.94509804
v 0.615040 0.035095 -0.084966 0.89019608 0.89803922 0.94117647
v 0.615879 0.035934 -0.084966 0.89411765 0.90196078 0.94509804
v 0.604503 0.025275 -0.084966 0.90196078 0.90588235 0.95686275
v 0.607289 0.027947 -0.084966 0.89411765 0.89411765 0.94901961
v 0.613003 0.033150 -0.084966 0.88235294 0.89019608 0.94117647
v 0.613514 0.038098 -0.084966 0.90588235 0.91372549 0.95294118
v 0.612763 0.038276 -0.084966 0.90588235 0.91764706 0.95294118
v 0.608336 0.039308 -0.084966 0.91764706 0.92156863 0.95686275
v 0.606581 0.039572 -0.084966 0.92156863 0.92941176 0.96078431
v 0.603613 0.040043 -0.084966 0.92941176 0.93333333 0.97254902
v 0.600546 0.040148 -0.084966 0.93333333 0.93333333 0.97647059
v 0.659374 0.013772 -0.084966 0.91372549 0.92156863 0.94901961
v 0.598530 0.040419 -0.084966 0.93333333 0.93333333 0.97254902
v 0.658582 0.014866 -0.084966 0.82352941 0.83529412 0.85882353
v 0.657452 0.017319 -0.084966 0.85490196 0.86666667 0.88627451
v 0.656318 0.021740 -0.084966 0.83921569 0.84705882 0.88235294
v 0.656280 0.022625 -0.084966 0.85490196 0.85882353 0.89803922
v 0.657298 0.027065 -0.084966 0.89411765 0.90196078 0.94509804
v 0.657367 0.028296 -0.084966 0.89019608 0.89411765 0.93725490
v 0.657937 0.031882 -0.084966 0.87843137 0.89019608 0.93333333
v 0.593026 0.042211 -0.084966 0.93333333 0.93725490 0.97254902
v 0.594423 0.041770 -0.084966 0.93333333 0.94117647 0.97647059
v 0.774784 0.013286 -0.084966 0.70980392 0.54901961 0.51372549
v 0.772899 0.012828 -0.084966 0.68235294 0.53725490 0.49803922
v 0.770338 0.012274 -0.084966 0.63921569 0.50588235 0.46666667
v 0.766410 0.011797 -0.084966 0.64705882 0.52156863 0.47450980
v 0.756243 0.009974 -0.084966 0.79607843 0.61176471 0.58431373
v 0.779176 0.025213 -0.084966 0.80784314 0.58039216 0.54117647
v 0.753093 0.009357 -0.084966 0.81176471 0.61960784 0.59607843
v 0.775824 0.026544 -0.084966 0.84313725 0.60392157 0.58039216
v 0.747543 0.007778 -0.084966 0.81176471 0.61960784 0.59607843
v 0.745178 0.006909 -0.084966 0.81568627 0.62352941 0.59607843
v 0.739408 0.004996 -0.084966 0.81568627 0.62352941 0.59607843
v 0.779646 0.024923 -0.084966 0.79607843 0.56470588 0.52941176
v 0.743537 0.006325 -0.084966 0.81176471 0.62352941 0.59607843
v 0.751699 0.009060 -0.084966 0.80784314 0.61960784 0.59215686
v 0.771481 0.027664 -0.084966 0.86274510 0.62352941 0.59607843
v 0.765469 0.011685 -0.084966 0.72549020 0.56862745 0.53333333
v 0.778643 0.014883 -0.084966 0.71764706 0.55294118 0.51764706
v 0.781760 0.017222 -0.084966 0.74901961 0.57254902 0.53333333
v 0.782470 0.021942 -0.084966 0.75686275 0.54117647 0.50196078
v 0.782318 0.022179 -0.084966 0.77254902 0.54117647 0.50588235
v -0.661605 0.031995 -0.084966 0.92941176 0.92156863 0.97254902
v -0.659770 0.028372 -0.084966 0.93725490 0.92941176 0.97647059
v -0.768899 0.028404 -0.084966 0.82352941 0.61568627 0.58039216
v -0.659215 0.026107 -0.084966 0.94117647 0.93725490 0.97647059
v -0.765416 0.028699 -0.084966 0.82745098 0.61176471 0.57647059
v -0.762789 0.029056 -0.084966 0.82745098 0.61176471 0.58039216
v -0.765166 0.012074 -0.084966 0.67843137 0.48235294 0.45098039
v -0.763768 0.011702 -0.084966 0.72549020 0.52549020 0.49411765
v -0.760602 0.029343 -0.084966 0.83137255 0.60784314 0.57647059
v 0.771241 0.027681 -0.084966 0.85490196 0.62352941 0.59607843
v 0.760776 0.010899 -0.084966 0.78039216 0.60000000 0.57254902
v 0.766188 0.027604 -0.084966 0.84705882 0.62352941 0.59215686
v 0.759905 0.010708 -0.084966 0.80392157 0.61568627 0.58823529
v 0.765658 0.027709 -0.084966 0.84313725 0.62745098 0.59215686
v 0.761834 0.028547 -0.084966 0.84313725 0.64705882 0.60392157
v 0.759155 0.028655 -0.084966 0.84313725 0.63137255 0.59607843
v 0.756298 0.028394 -0.084966 0.83529412 0.62745098 0.59215686
v 0.753912 0.028376 -0.084966 0.83529412 0.63137255 0.59607843
v 0.751140 0.028463 -0.084966 0.83921569 0.63921569 0.60784314
v -0.794302 0.019376 -0.088363 0.72941176 0.51764706 0.48235294
v -0.791573 0.022106 -0.087679 0.72941176 0.51764706 0.47058824
v -0.788844 0.024835 -0.087767 0.76862745 0.55686275 0.50196078
v -0.791573 0.016647 -0.088208 0.71764706 0.50980392 0.47058824
v -0.614176 0.013918 -0.085467 0.93725490 0.93725490 0.96470588
v -0.614176 0.008460 -0.086041 0.91764706 0.91372549 0.95686275
v -0.788844 0.019376 -0.086777 0.75686275 0.53725490 0.50588235
v -0.611447 0.005730 -0.085733 0.81960784 0.81176471 0.85490196
v -0.611447 0.011189 -0.086406 0.94117647 0.94509804 0.96862745
v -0.608718 0.008460 -0.086617 0.92941176 0.93333333 0.95686275
v -0.786115 0.016647 -0.086254 0.67843137 0.47058824 0.44313725
v -0.611447 0.016647 -0.085389 0.93725490 0.94117647 0.95686275
v -0.786115 0.022106 -0.085661 0.79607843 0.56862745 0.54509804
v -0.608718 0.019376 -0.085006 0.93725490 0.94509804 0.95294118
v -0.783386 0.013918 -0.087612 0.56078431 0.38823529 0.35294118
v -0.608718 0.013918 -0.085964 0.94117647 0.94509804 0.95686275
v -0.605988 0.011189 -0.086488 0.94509804 0.94901961 0.96470588
v -0.777927 0.013918 -0.085178 0.60784314 0.41568627 0.39215686
v -0.603259 0.013918 -0.085933 0.94509804 0.94509804 0.96862745
v -0.783386 0.024835 -0.085414 0.80392157 0.58823529 0.54901961
v -0.600530 0.016647 -0.085094 0.93725490 0.93725490 0.96078431
v -0.780656 0.027564 -0.086157 0.80392157 0.62745098 0.58431373
v -0.597801 0.019376 -0.085140 0.91764706 0.91764706 0.95294118
v -0.595072 0.022106 -0.085515 0.89803922 0.89411765 0.94509804
v -0.663301 0.019376 -0.087146 0.93725490 0.92549020 0.97254902
v -0.660590 0.016630 -0.085172 0.93333333 0.92941176 0.97254902
v -0.660616 0.022064 -0.085935 0.94509804 0.93333333 0.98039216
v -0.605988 0.005730 -0.085917 0.85098039 0.84705882 0.87843137
v -0.603259 0.008460 -0.086619 0.93333333 0.93725490 0.95294118
v -0.600530 0.005730 -0.086159 0.86274510 0.85882353 0.89019608
v -0.600530 0.011189 -0.086419 0.94901961 0.94509804 0.97254902
v -0.597801 0.008460 -0.086472 0.93725490 0.93333333 0.96078431
v -0.595072 0.005730 -0.086087 0.87450980 0.87058824 0.90588235
v -0.597801 0.013918 -0.085769 0.93725490 0.93333333 0.96078431
v -0.595072 0.011189 -0.086137 0.93333333 0.93333333 0.96470588
v -0.595072 0.016647 -0.085346 0.91372549 0.90980392 0.94901961
v -0.592343 0.013918 -0.085808 0.91764706 0.91372549 0.95294118
v -0.592342 0.019376 -0.085913 0.89803922 0.89411765 0.94901961
v 0.591215 0.011271 -0.085166 0.89019608 0.89019608 0.93725490
v 0.593945 0.014000 -0.085007 0.90196078 0.90196078 0.95294118
v 0.596674 0.016729 -0.084996 0.90980392 0.91372549 0.95686275
v 0.599403 0.019458 -0.084987 0.91372549 0.91764706 0.95686275
v 0.602132 0.022187 -0.084980 0.90980392 0.91372549 0.96078431
v 0.610320 0.030375 -0.085042 0.88627451 0.89019608 0.94509804
v 0.615778 0.035833 -0.084985 0.89803922 0.90588235 0.94509804
v 0.593945 0.019458 -0.085639 0.90196078 0.90588235 0.96078431
v 0.596674 0.022187 -0.085777 0.90980392 0.91372549 0.96078431
v 0.599403 0.024916 -0.085579 0.90980392 0.91372549 0.96078431
v 0.591215 0.022187 -0.086814 0.89019608 0.89019608 0.94901961
v 0.593945 0.024916 -0.086549 0.89411765 0.89411765 0.94509804
v 0.596674 0.027646 -0.086625 0.89411765 0.89411765 0.94509804
v 0.602132 0.027646 -0.085740 0.89803922 0.89803922 0.94901961
v 0.604861 0.030375 -0.085754 0.89019608 0.89019608 0.94509804
v 0.588486 0.014000 -0.085895 0.88235294 0.88235294 0.94117647
v 0.599403 0.030375 -0.087014 0.88627451 0.88627451 0.94117647
v 0.602132 0.033104 -0.086794 0.89019608 0.89411765 0.94509804
v 0.588486 0.024916 -0.087989 0.88627451 0.89019608 0.94509804
v 0.591215 0.016729 -0.085992 0.89411765 0.89411765 0.95294118
v 0.591215 0.027646 -0.087855 0.88627451 0.89019608 0.94117647
v 0.593945 0.030375 -0.087726 0.88235294 0.88627451 0.93725490
v 0.659522 0.013925 -0.085115 0.83529412 0.83921569 0.86666667
v 0.596674 0.033104 -0.087602 0.89019608 0.89411765 0.94509804
v 0.662224 0.016681 -0.087701 0.91372549 0.92156863 0.94901961
v 0.659476 0.019429 -0.086546 0.90588235 0.91372549 0.93725490
v 0.656737 0.022167 -0.085602 0.92549020 0.93333333 0.97254902
v 0.659462 0.024901 -0.086459 0.90980392 0.91372549 0.95294118
v 0.599403 0.035833 -0.086968 0.90980392 0.91372549 0.95686275
v 0.662174 0.027646 -0.087545 0.90588235 0.91372549 0.94901961
v 0.659445 0.030375 -0.085694 0.89019608 0.90196078 0.94117647
v 0.593945 0.035833 -0.087345 0.91372549 0.91764706 0.96078431
v 0.596674 0.038562 -0.086234 0.92941176 0.93333333 0.97647059
v 0.607591 0.033104 -0.085992 0.88627451 0.89019608 0.94509804
v 0.610320 0.035833 -0.085882 0.89411765 0.90196078 0.94509804
v 0.604861 0.035833 -0.086329 0.89803922 0.90588235 0.95294118
v 0.607591 0.038562 -0.085339 0.91764706 0.92156863 0.96078431
v 0.602132 0.038562 -0.085811 0.92156863 0.92549020 0.97254902
v 0.593945 0.041292 -0.085278 0.93725490 0.94509804 0.98039216
v 0.776800 0.011270 -0.088638 0.70196078 0.54117647 0.50588235
v 0.771342 0.011270 -0.086859 0.70196078 0.54509804 0.50980392
v 0.765883 0.011271 -0.086251 0.71764706 0.56078431 0.52549020
v 0.746787 0.008517 -0.088513 0.82352941 0.62745098 0.60392157
v 0.787738 0.022122 -0.087458 0.75686275 0.54117647 0.52941176
v 0.784989 0.013994 -0.087680 0.70196078 0.53725490 0.50196078
v 0.785031 0.024785 -0.087924 0.82745098 0.60392157 0.56862745
v 0.779529 0.014000 -0.086030 0.62352941 0.48627451 0.45098039
v 0.782261 0.016720 -0.085284 0.70980392 0.54117647 0.50588235
v 0.787722 0.016713 -0.087305 0.73333333 0.56078431 0.52156863
v 0.776853 0.027489 -0.087069 0.87058824 0.64313725 0.60784314
v 0.790455 0.019429 -0.087782 0.73725490 0.52941176 0.51764706
v 0.785000 0.019420 -0.085675 0.74509804 0.56078431 0.52156863
v -0.712087 0.035412 -0.084966 0.48627451 0.41960784 0.41176471
v -0.751285 0.029643 -0.084966 0.83529412 0.60784314 0.58039216
v -0.702104 0.036346 -0.084966 0.42745098 0.38431373 0.39215686
v -0.749898 0.029556 -0.084966 0.83529412 0.59215686 0.56470588
v -0.700854 0.036407 -0.084966 0.46274510 0.41176471 0.41176471
v -0.691742 0.036873 -0.084966 0.57647059 0.57254902 0.60000000
v -0.735976 0.004717 -0.084966 0.74117647 0.56862745 0.53333333
v -0.733060 0.004201 -0.084966 0.74509804 0.58039216 0.54509804
v -0.723502 0.003160 -0.084966 0.75294118 0.59607843 0.55686275
v -0.689396 0.036950 -0.084966 0.74901961 0.74901961 0.78431373
v -0.681015 0.037001 -0.084966 0.77647059 0.77647059 0.80392157
v -0.739999 0.030573 -0.084966 0.84705882 0.62352941 0.60000000
v -0.678453 0.036980 -0.084966 0.85882353 0.85882353 0.89803922
v -0.739286 0.030725 -0.084966 0.85490196 0.61960784 0.60000000
v -0.669644 0.036486 -0.084966 0.83529412 0.83529412 0.87843137
v -0.731073 0.032564 -0.084966 0.85490196 0.63137255 0.59215686
v -0.725531 0.033564 -0.084966 0.66274510 0.55294118 0.51764706
v -0.668175 0.036343 -0.084966 0.89019608 0.88627451 0.94117647
v -0.721781 0.034189 -0.084966 0.55686275 0.45490196 0.42745098
v -0.712840 0.035338 -0.084966 0.47450980 0.40784314 0.40000000
v 0.665923 0.034814 -0.084966 0.91764706 0.92941176 0.96862745
v -0.723219 0.003126 -0.084966 0.76078431 0.60784314 0.57254902
v 0.701078 -0.000341 -0.084966 0.84705882 0.73725490 0.73333333
v -0.703637 0.000874 -0.084966 0.81568627 0.69019608 0.65882353
v -0.713476 0.001952 -0.084966 0.76862745 0.62352941 0.58431373
v -0.699107 0.000598 -0.084966 0.83529412 0.72549020 0.70196078
v 0.699552 -0.000477 -0.084966 0.85490196 0.76862745 0.77254902
v -0.711116 0.001691 -0.084966 0.78823529 0.64705882 0.61176471
v -0.692837 0.000757 -0.084966 0.85098039 0.76470588 0.75294118
v 0.710385 0.033965 -0.084966 0.85490196 0.84313725 0.86666667
v 0.690409 -0.000589 -0.084966 0.86666667 0.80392157 0.81960784
v 0.701867 0.034555 -0.084966 0.76470588 0.75686275 0.76862745
v 0.687166 0.035404 -0.084966 0.78823529 0.79215686 0.81176471
v 0.737305 0.004523 -0.084966 0.81568627 0.62745098 0.60000000
v -0.688641 0.001050 -0.084966 0.88627451 0.83921569 0.85098039
v -0.679691 0.002987 -0.084966 0.90588235 0.88235294 0.91372549
v 0.720717 0.001853 -0.084966 0.83137255 0.67843137 0.65882353
v -0.679668 0.002993 -0.084966 0.91764706 0.90196078 0.94117647
v 0.711935 0.000990 -0.084966 0.83529412 0.70196078 0.69019608
v 0.688579 -0.000533 -0.084966 0.87450980 0.83921569 0.86274510
v 0.730464 0.003023 -0.084966 0.81960784 0.63921569 0.61176471
v -0.671902 0.006143 -0.084966 0.92941176 0.92156863 0.96470588
v 0.724114 0.002252 -0.084966 0.82352941 0.65490196 0.63137255
v 0.680946 0.035501 -0.084966 0.70980392 0.72156863 0.73333333
v -0.665184 0.010342 -0.084966 0.92549020 0.92549020 0.96078431
v 0.677356 0.001547 -0.084966 0.89803922 0.89803922 0.93333333
v 0.710804 0.000850 -0.084966 0.84313725 0.72549020 0.72156863
v 0.671146 0.003860 -0.084966 0.89803922 0.89411765 0.93725490
v 0.698721 0.034759 -0.084966 0.73725490 0.73725490 0.74117647
v 0.691557 0.035194 -0.084966 0.72941176 0.72156863 0.73725490
v 0.679206 0.001008 -0.084966 0.88627451 0.87058824 0.90196078
v 0.748322 0.028514 -0.084966 0.84313725 0.64705882 0.61176471
v 0.740165 0.028761 -0.084966 0.83921569 0.65882353 0.61960784
v 0.664572 0.008110 -0.084966 0.75294118 0.74901961 0.78431373
v 0.721744 0.032410 -0.084966 0.79607843 0.63921569 0.59607843
v 0.736648 0.029388 -0.084966 0.83529412 0.65882353 0.62352941
v 0.712170 0.033851 -0.084966 0.86666667 0.83921569 0.86274510
v 0.730941 0.030620 -0.084966 0.81568627 0.65490196 0.61568627
v 0.723024 0.032180 -0.084966 0.80784314 0.65098039 0.61176471
v 0.676320 0.035333 -0.084966 0.74901961 0.75686275 0.78039216
v 0.669644 0.035115 -0.084966 0.89019608 0.89803922 0.93333333
v -0.701510 0.035751 -0.086006 0.58823529 0.50196078 0.48627451
v -0.690609 0.035737 -0.086551 0.80000000 0.78823529 0.82352941
v -0.685145 0.030284 -0.091620 0.93333333 0.92941176 0.95686275
v -0.756094 0.024835 -0.092284 0.83529412 0.60000000 0.57254902
v -0.679722 0.035710 -0.086248 0.89803922 0.89803922 0.94117647
v -0.674245 0.030268 -0.089418 0.92156863 0.91764706 0.96862745
v -0.723344 0.003001 -0.085382 0.74901961 0.59215686 0.55686275
v -0.668827 0.035691 -0.085454 0.89803922 0.89803922 0.94901961
v -0.739719 0.030293 -0.085522 0.85098039 0.61960784 0.60000000
v -0.690593 0.003001 -0.091176 0.85098039 0.75686275 0.74117647
v -0.728802 0.030293 -0.090133 0.49019608 0.42745098 0.41960784
v -0.679676 0.003001 -0.084987 0.93333333 0.92941176 0.97647059
v -0.717885 0.030293 -0.092633 0.82352941 0.64313725 0.60392157
v -0.674218 0.008460 -0.088507 0.93333333 0.92549020 0.97254902
v -0.674218 0.019376 -0.092106 0.93725490 0.93333333 0.98039216
v 0.689466 0.000354 -0.088931 0.87450980 0.83137255 0.85098039
v 0.667636 0.022184 -0.090241 0.90980392 0.92156863 0.95294118
v -0.668760 0.013918 -0.088595 0.93333333 0.92941176 0.96862745
v 0.673091 0.027646 -0.090245 0.90588235 0.91764706 0.94901961
v -0.668760 0.024835 -0.089617 0.93725490 0.93725490 0.97647059
v 0.667633 0.033104 -0.086267 0.91764706 0.92941176 0.96470588
v 0.673098 0.005806 -0.088333 0.86274510 0.86666667 0.91372549
v -0.663334 0.030263 -0.086250 0.93333333 0.92156863 0.97647059
v 0.667658 0.011246 -0.088856 0.89803922 0.90588235 0.94509804
v 0.711328 0.033020 -0.086628 0.82352941 0.77647059 0.78431373
v 0.760595 0.027137 -0.090832 0.83921569 0.63137255 0.59607843
v 0.700389 0.033087 -0.087486 0.78823529 0.76470588 0.77647059
v 0.689466 0.033104 -0.087931 0.81960784 0.82745098 0.85490196
v 0.678549 0.033104 -0.087322 0.83921569 0.85098039 0.88627451
v 0.711300 0.000354 -0.086677 0.83921569 0.70196078 0.68627451
v 0.738688 0.027355 -0.087433 0.83921569 0.68235294 0.64705882
v 0.749672 0.027151 -0.087390 0.84313725 0.64313725 0.61176471
v 0.727719 0.027512 -0.091829 0.78431373 0.65098039 0.62352941
v -0.841323 0.021480 -0.081106 0.87450980 0.57647059 0.58431373
v -0.841145 0.022552 -0.081106 0.85490196 0.56862745 0.57647059
v -0.838889 0.018456 -0.081106 0.83529412 0.56470588 0.57254902
v -0.839100 0.023704 -0.081106 0.81960784 0.58431373 0.57254902
v -0.835758 0.022623 -0.081106 0.89411765 0.63137255 0.59215686
v -0.834904 0.022442 -0.081106 0.89803922 0.63137255 0.59215686
v -0.835606 0.017013 -0.081106 0.74509804 0.53333333 0.53333333
v -0.834955 0.016933 -0.081106 0.74509804 0.53333333 0.53333333
v -0.830782 0.017647 -0.081106 0.87450980 0.58823529 0.58039216
v -0.831362 0.020525 -0.081106 0.89803922 0.61960784 0.61176471
v -0.775903 0.021400 -0.081106 0.75294118 0.54901961 0.50588235
v -0.775665 0.022572 -0.081106 0.82352941 0.61176471 0.56470588
v -0.774031 0.017814 -0.081106 0.66666667 0.47058824 0.43529412
v -0.611592 0.000417 -0.081106 0.80392157 0.79607843 0.84313725
v -0.649829 0.000096 -0.081106 0.76470588 0.76470588 0.80000000
v -0.611335 0.000384 -0.081106 0.81960784 0.81568627 0.85882353
v -0.606618 -0.000357 -0.081106 0.81176471 0.81176471 0.85098039
v -0.772622 0.024988 -0.081106 0.83137255 0.61568627 0.56078431
v -0.649411 -0.000065 -0.081106 0.75686275 0.75294118 0.79215686
v -0.618687 0.029345 -0.081106 0.90980392 0.90980392 0.95686275
v -0.603278 -0.002476 -0.081106 0.81176471 0.80784314 0.84313725
v -0.772175 0.025128 -0.081106 0.83137255 0.61568627 0.56078431
v -0.615416 0.031533 -0.081106 0.91764706 0.91372549 0.96470588
v -0.603198 -0.002518 -0.081106 0.82352941 0.81960784 0.85098039
v -0.611613 0.033188 -0.081106 0.91764706 0.91372549 0.96470588
v -0.767972 0.025796 -0.081106 0.83137255 0.61176471 0.56470588
v -0.599407 -0.004063 -0.081106 0.83137255 0.83137255 0.86274510
v -0.645216 -0.000750 -0.081106 0.73725490 0.74117647 0.77647059
v -0.596412 -0.003846 -0.081106 0.80000000 0.80000000 0.82745098
v -0.643501 -0.000515 -0.081106 0.74117647 0.74117647 0.77647059
v -0.764341 0.027624 -0.081106 0.82352941 0.61960784 0.58431373
v -0.639101 0.000548 -0.081106 0.77647059 0.78039216 0.81568627
v -0.764172 0.027673 -0.081106 0.81960784 0.61960784 0.58431373
v -0.593060 -0.001739 -0.081106 0.81960784 0.81960784 0.85490196
v -0.638330 0.000678 -0.081106 0.77647059 0.78431373 0.81960784
v -0.608963 0.035852 -0.081106 0.91372549 0.90588235 0.95686275
v -0.634002 0.000960 -0.081106 0.77254902 0.77647059 0.80784314
v -0.770271 0.016116 -0.081106 0.51764706 0.33333333 0.30588235
v -0.607280 0.039472 -0.081106 0.89411765 0.88235294 0.94117647
v -0.768647 0.015554 -0.081106 0.51372549 0.33333333 0.30588235
v -0.766283 0.014645 -0.081106 0.63921569 0.44705882 0.41960784
v -0.656168 0.031979 -0.081106 0.92941176 0.92941176 0.96470588
v -0.603813 0.041409 -0.081106 0.90588235 0.89803922 0.94901961
v -0.657922 0.035530 -0.081106 0.90588235 0.89803922 0.94901961
v -0.602277 0.042216 -0.081106 0.90980392 0.90196078 0.94901961
v -0.654638 0.028048 -0.081106 0.93725490 0.94509804 0.96470588
v -0.762762 0.012708 -0.081106 0.69411765 0.50196078 0.46666667
v -0.600384 0.043268 -0.081106 0.91764706 0.90980392 0.95294118
v -0.657982 0.035627 -0.081106 0.90588235 0.89803922 0.94901961
v -0.759153 0.010859 -0.081106 0.73333333 0.53725490 0.50196078
v -0.596815 0.044953 -0.081106 0.93725490 0.93333333 0.96862745
v -0.652975 0.024253 -0.081106 0.94509804 0.94901961 0.96862745
v -0.759924 0.028665 -0.081106 0.83137255 0.60784314 0.57647059
v -0.654921 0.027144 -0.081106 0.94117647 0.94509804 0.96470588
v -0.616415 0.000760 -0.081106 0.78431373 0.78039216 0.82745098
v -0.651829 0.023985 -0.081106 0.94509804 0.95294118 0.96862745
v -0.662184 0.007323 -0.081106 0.92549020 0.92549020 0.96078431
v -0.647641 0.024130 -0.081106 0.94901961 0.95294118 0.96470588
v -0.658680 0.009237 -0.081106 0.93333333 0.93333333 0.96470588
v -0.646505 0.024123 -0.081106 0.94509804 0.95294118 0.96470588
v -0.641743 0.024891 -0.081106 0.94509804 0.94901961 0.96862745
v -0.641214 0.025094 -0.081106 0.94509804 0.94901961 0.96862745
v -0.657236 0.009067 -0.081106 0.93725490 0.93333333 0.96470588
v -0.636927 0.025601 -0.081106 0.94117647 0.94117647 0.97254902
v -0.654589 0.006256 -0.081106 0.93725490 0.93333333 0.96470588
v -0.635393 0.025454 -0.081106 0.92941176 0.92549020 0.96470588
v -0.632633 0.000917 -0.081106 0.76862745 0.77254902 0.80392157
v -0.627834 0.000257 -0.081106 0.76078431 0.76078431 0.80000000
v -0.627834 0.000257 -0.081106 0.76078431 0.76078431 0.80000000
v -0.622901 -0.000267 -0.081106 0.79215686 0.78823529 0.83137255
v -0.621751 -0.000343 -0.081106 0.78823529 0.78431373 0.83137255
v -0.617464 0.000828 -0.081106 0.76862745 0.76470588 0.81568627
v -0.631506 0.023879 -0.081106 0.91372549 0.90588235 0.95686275
v -0.628909 0.021017 -0.081106 0.91764706 0.91372549 0.96470588
v -0.626693 0.020974 -0.081106 0.90980392 0.90588235 0.95686275
v -0.623738 0.023478 -0.081106 0.89803922 0.89411765 0.94509804
v -0.621311 0.026512 -0.081106 0.90196078 0.89411765 0.94901961
v -0.650427 0.000951 -0.081106 0.78823529 0.78823529 0.82352941
v -0.652352 0.003034 -0.081106 0.89411765 0.89019608 0.92156863
v 0.616286 -0.002883 -0.081106 0.89411765 0.89411765 0.92156863
v 0.611576 0.045493 -0.081106 0.90196078 0.91372549 0.94117647
v 0.619584 -0.000723 -0.081106 0.91764706 0.91764706 0.94901961
v 0.620038 0.001884 -0.081106 0.92549020 0.92549020 0.95686275
v 0.615025 -0.003129 -0.081106 0.88627451 0.89019608 0.91764706
v 0.611410 -0.003465 -0.081106 0.88235294 0.88627451 0.91372549
v 0.608914 -0.003781 -0.081106 0.87843137 0.89019608 0.92156863
v 0.661224 0.006763 -0.081106 0.90980392 0.90588235 0.95294118
v 0.606696 -0.004210 -0.081106 0.85490196 0.86274510 0.89803922
v 0.602845 -0.004392 -0.081106 0.84705882 0.85098039 0.88627451
v 0.659288 0.008217 -0.081106 0.91372549 0.90980392 0.95294118
v 0.601337 -0.004309 -0.081106 0.85882353 0.86274510 0.89411765
v 0.597631 -0.004147 -0.081106 0.85098039 0.85490196 0.89411765
v 0.656364 0.010708 -0.081106 0.90980392 0.91764706 0.94509804
v 0.618241 0.005546 -0.081106 0.90196078 0.90588235 0.93333333
v 0.609409 0.045839 -0.081106 0.90196078 0.90980392 0.93333333
v 0.595581 -0.004012 -0.081106 0.83529412 0.84313725 0.88235294
v 0.617889 0.006431 -0.081106 0.90196078 0.90196078 0.93725490
v 0.604955 0.046843 -0.081106 0.89803922 0.90588235 0.93725490
v 0.639645 0.037866 -0.081106 0.90588235 0.92156863 0.94901961
v 0.635046 0.038726 -0.081106 0.90588235 0.91372549 0.94509804
v 0.617106 0.009869 -0.081106 0.89411765 0.89411765 0.93725490
v 0.633548 0.039897 -0.081106 0.91372549 0.91764706 0.95294118
v 0.617486 0.012292 -0.081106 0.88627451 0.88627451 0.93333333
v 0.619502 0.015734 -0.081106 0.89803922 0.89803922 0.94901961
v 0.636086 0.020984 -0.081106 0.90980392 0.91372549 0.96078431
v 0.633442 0.020747 -0.081106 0.90980392 0.91372549 0.96078431
v 0.631870 0.041008 -0.081106 0.91372549 0.92156863 0.95686275
v 0.621940 0.018754 -0.081106 0.90980392 0.91372549 0.95686275
v 0.624760 0.021393 -0.081106 0.90588235 0.90980392 0.94901961
v 0.630650 0.020961 -0.081106 0.91372549 0.91764706 0.96078431
v 0.626599 0.041387 -0.081106 0.90196078 0.91372549 0.95294118
v 0.628673 0.021437 -0.081106 0.90980392 0.91764706 0.95686275
v 0.622578 0.042633 -0.081106 0.90196078 0.91764706 0.95294118
v 0.653534 0.013377 -0.081106 0.91764706 0.92549020 0.94901961
v 0.626914 0.041510 -0.081106 0.90196078 0.91764706 0.95294118
v 0.652865 0.015124 -0.081106 0.91764706 0.92549020 0.94901961
v 0.619092 0.043436 -0.081106 0.90980392 0.91764706 0.94901961
v 0.652939 0.018288 -0.081106 0.91372549 0.92156863 0.96078431
v 0.598487 0.047666 -0.081106 0.89019608 0.90196078 0.93333333
v 0.652959 0.020488 -0.081106 0.91372549 0.91764706 0.96470588
v 0.654075 0.024829 -0.081106 0.90588235 0.90980392 0.96078431
v 0.648626 0.024820 -0.081106 0.89019608 0.89803922 0.94117647
v 0.648328 0.024680 -0.081106 0.89019608 0.89803922 0.94509804
v 0.595313 0.048118 -0.081106 0.88627451 0.89411765 0.92156863
v 0.618208 0.043721 -0.081106 0.90588235 0.91764706 0.94509804
v 0.604703 0.046908 -0.081106 0.89803922 0.90588235 0.93725490
v 0.614079 0.045051 -0.081106 0.90588235 0.91372549 0.94117647
v 0.653850 0.025055 -0.081106 0.90196078 0.90588235 0.95686275
v 0.600269 0.047616 -0.081106 0.89411765 0.90196078 0.93725490
v 0.654067 0.024953 -0.081106 0.89803922 0.89803922 0.94117647
v 0.644813 0.023174 -0.081106 0.88627451 0.89019608 0.94509804
v 0.640762 0.022608 -0.081106 0.89803922 0.90196078 0.95686275
v 0.640040 0.022488 -0.081106 0.90196078 0.90588235 0.95686275
v 0.645257 0.033646 -0.081106 0.89803922 0.90980392 0.94509804
v 0.642039 0.034803 -0.081106 0.89803922 0.90980392 0.94509804
v 0.652409 0.031952 -0.081106 0.88235294 0.89019608 0.93333333
v 0.648889 0.030735 -0.081106 0.88235294 0.89019608 0.93333333
v 0.654328 0.035492 -0.081106 0.89803922 0.90980392 0.94509804
v 0.646084 0.033389 -0.081106 0.89803922 0.90980392 0.94509804
v 0.657017 0.038262 -0.081106 0.90196078 0.91764706 0.94901961
v 0.662159 0.038577 -0.081106 0.84313725 0.85098039 0.88235294
v 0.756159 0.010054 -0.081106 0.77647059 0.59607843 0.56470588
v 0.752771 0.009047 -0.081106 0.79215686 0.60784314 0.57647059
v 0.771194 0.016876 -0.081106 0.70980392 0.55686275 0.52156863
v 0.747855 0.007456 -0.081106 0.79607843 0.61176471 0.58431373
v 0.744911 0.006659 -0.081106 0.80784314 0.61960784 0.59215686
v 0.773410 0.020115 -0.081106 0.79215686 0.60784314 0.57254902
v 0.772311 0.023135 -0.081106 0.82745098 0.62745098 0.59607843
v 0.768897 0.024583 -0.081106 0.81568627 0.59215686 0.56862745
v 0.768333 0.024538 -0.081106 0.81568627 0.59215686 0.56470588
v 0.739043 0.005361 -0.081106 0.81176471 0.62352941 0.59607843
v 0.764139 0.025678 -0.081106 0.81568627 0.60000000 0.54117647
v 0.743537 0.006321 -0.081106 0.80392157 0.61960784 0.58823529
v 0.760989 0.026914 -0.081106 0.83137255 0.61176471 0.56078431
v 0.751950 0.008823 -0.081106 0.80000000 0.61176471 0.58431373
v 0.763368 0.013756 -0.081106 0.70196078 0.55294118 0.51372549
v 0.762540 0.013339 -0.081106 0.74117647 0.57647059 0.54117647
v 0.759856 0.011814 -0.081106 0.76078431 0.58823529 0.55686275
v 0.767221 0.015391 -0.081106 0.62745098 0.51372549 0.47058824
v 0.760294 0.027106 -0.081106 0.83529412 0.61960784 0.57254902
v 0.755683 0.027894 -0.081106 0.85098039 0.62745098 0.60784314
v 0.753950 0.028405 -0.081106 0.84313725 0.63529412 0.60000000
v 0.751576 0.029167 -0.081106 0.84313725 0.63921569 0.60392157
v 0.831472 0.016527 -0.081106 0.81568627 0.61568627 0.57254902
v 0.831409 0.016529 -0.081106 0.81568627 0.61568627 0.57254902
v 0.831445 0.016565 -0.081106 0.81568627 0.61568627 0.57647059
v 0.829670 0.018225 -0.081106 0.76862745 0.60000000 0.56470588
v -0.840698 0.022106 -0.081312 0.86666667 0.57254902 0.58039216
v -0.837969 0.019376 -0.081682 0.87450980 0.57254902 0.58431373
v -0.835240 0.022106 -0.081330 0.90196078 0.63137255 0.59607843
v -0.832511 0.019376 -0.081560 0.89411765 0.60784314 0.59607843
v -0.783385 0.019376 -0.084600 0.78039216 0.55294118 0.54509804
v -0.780656 0.016647 -0.084171 0.70588235 0.50196078 0.47843137
v -0.780656 0.022106 -0.082986 0.78431373 0.57647059 0.55294118
v -0.777927 0.024835 -0.082948 0.81568627 0.60000000 0.53725490
v -0.777927 0.019376 -0.082266 0.72156863 0.51764706 0.48627451
v -0.775198 0.016647 -0.082172 0.63529412 0.43921569 0.41176471
v -0.775198 0.027564 -0.084055 0.80784314 0.61960784 0.56470588
v -0.769740 0.027564 -0.083204 0.81568627 0.61960784 0.58039216
v -0.772469 0.013918 -0.083823 0.52941176 0.34509804 0.32941176
v -0.767010 0.013918 -0.082261 0.62352941 0.43529412 0.40784314
v -0.663301 0.008460 -0.082432 0.92156863 0.92549020 0.95686275
v -0.660601 0.011161 -0.082772 0.92941176 0.93333333 0.96470588
v -0.657876 0.013886 -0.083326 0.93333333 0.94117647 0.96078431
v -0.655160 0.011143 -0.082312 0.93725490 0.94117647 0.96862745
v -0.652437 0.008408 -0.082564 0.94117647 0.93725490 0.96470588
v -0.657906 0.019316 -0.084240 0.93725490 0.93725490 0.97254902
v -0.655192 0.016572 -0.083217 0.93725490 0.93725490 0.96078431
v -0.657904 0.024778 -0.084184 0.94509804 0.94117647 0.97254902
v -0.655213 0.022012 -0.082543 0.94117647 0.94509804 0.96470588
v -0.652514 0.019253 -0.082232 0.94509804 0.94509804 0.96470588
v -0.649700 0.000225 -0.081254 0.79215686 0.79215686 0.82745098
v -0.625094 0.013915 -0.083534 0.92549020 0.92941176 0.96470588
v -0.652481 0.013825 -0.083095 0.93725490 0.94509804 0.96470588
v -0.622364 0.011187 -0.084213 0.92941176 0.92549020 0.96470588
v -0.646976 0.002949 -0.083393 0.86274510 0.85882353 0.89019608
v -0.649751 0.011094 -0.083735 0.94509804 0.94509804 0.96470588
v -0.622364 0.016645 -0.083428 0.90980392 0.90980392 0.95294118
v -0.644242 0.000224 -0.081666 0.74901961 0.75294118 0.78431373
v -0.649798 0.016509 -0.082799 0.94901961 0.94901961 0.96862745
v -0.619635 0.013917 -0.084263 0.92156863 0.92156863 0.96470588
v -0.647032 0.013813 -0.083048 0.94901961 0.94901961 0.96470588
v -0.649708 0.005676 -0.083700 0.93333333 0.92941176 0.95294118
v -0.619635 0.008458 -0.084774 0.92549020 0.91764706 0.96078431
v -0.647013 0.008372 -0.084311 0.94117647 0.94117647 0.96470588
v -0.616905 0.011189 -0.084743 0.92941176 0.92549020 0.96862745
v -0.619635 0.019375 -0.083658 0.90588235 0.90980392 0.94901961
v -0.644248 0.005677 -0.084218 0.92941176 0.93333333 0.95294118
v -0.616905 0.016647 -0.084562 0.92549020 0.92156863 0.95686275
v -0.644285 0.011100 -0.083740 0.94901961 0.95294118 0.96862745
v -0.641517 0.008408 -0.084602 0.93725490 0.94117647 0.96470588
v -0.616906 0.005728 -0.084584 0.83137255 0.82745098 0.87450980
v -0.614176 0.003001 -0.083345 0.78039216 0.77254902 0.81960784
v -0.641513 0.002953 -0.083232 0.83137255 0.83529412 0.86666667
v -0.608718 0.003001 -0.084041 0.79215686 0.78823529 0.82352941
v -0.616905 0.022106 -0.083887 0.91372549 0.91764706 0.95294118
v -0.638782 0.005684 -0.084417 0.90588235 0.90980392 0.94509804
v -0.614176 0.019376 -0.084834 0.92941176 0.92941176 0.95686275
v -0.614176 0.024835 -0.083808 0.92156863 0.92941176 0.95294118
v -0.636048 0.002959 -0.082780 0.80392157 0.80784314 0.83921569
v -0.611447 0.022106 -0.084830 0.93333333 0.94117647 0.95686275
v -0.605988 0.000272 -0.081798 0.80392157 0.80392157 0.84313725
v -0.605989 0.016647 -0.084919 0.93333333 0.94117647 0.95686275
v -0.603259 0.003001 -0.084719 0.76078431 0.75686275 0.79215686
v -0.603259 -0.002457 -0.081120 0.81176471 0.80784314 0.84313725
v -0.660664 0.032938 -0.084052 0.92549020 0.91764706 0.96862745
v -0.657935 0.030208 -0.083133 0.93333333 0.92941176 0.97254902
v -0.655228 0.027457 -0.081651 0.93725490 0.94509804 0.96470588
v -0.658000 0.035609 -0.081129 0.90588235 0.89803922 0.94901961
v -0.600530 0.000272 -0.083203 0.76470588 0.76078431 0.80000000
v -0.597801 -0.002457 -0.082207 0.81568627 0.81568627 0.84705882
v -0.649797 0.021972 -0.081914 0.94901961 0.95294118 0.96470588
v -0.597801 0.003001 -0.084926 0.76470588 0.76470588 0.80392157
v -0.647059 0.019248 -0.082211 0.94901961 0.95294118 0.96862745
v -0.595072 0.000272 -0.083066 0.78039216 0.78039216 0.81960784
v -0.616905 0.027564 -0.082154 0.91764706 0.91764706 0.95686275
v -0.644298 0.016548 -0.082368 0.95294118 0.95294118 0.96862745
v -0.614176 0.030293 -0.081709 0.92156863 0.91764706 0.96470588
v -0.644308 0.021999 -0.081820 0.94509804 0.95686275 0.96470588
v -0.611447 0.027564 -0.083336 0.92549020 0.92941176 0.95686275
v -0.611447 0.033022 -0.081171 0.92156863 0.91764706 0.96862745
v -0.641552 0.019294 -0.082231 0.94117647 0.95294118 0.96078431
v -0.608718 0.030293 -0.082908 0.91764706 0.92156863 0.96078431
v -0.641578 0.024730 -0.081174 0.94901961 0.95294118 0.97254902
v -0.608794 0.035683 -0.081152 0.90980392 0.90196078 0.95686275
v -0.638822 0.022025 -0.081641 0.94509804 0.94901961 0.96470588
v -0.636082 0.024765 -0.081254 0.93725490 0.93725490 0.96862745
v -0.606058 0.032959 -0.082764 0.91372549 0.90980392 0.95294118
v -0.606082 0.038397 -0.081485 0.89019608 0.88235294 0.93725490
v -0.603340 0.035679 -0.083024 0.89019608 0.88627451 0.93333333
v -0.641547 0.013838 -0.083105 0.93333333 0.94117647 0.95294118
v -0.608718 0.024835 -0.084231 0.93333333 0.94117647 0.95686275
v -0.638808 0.011118 -0.084113 0.93725490 0.93725490 0.96078431
v -0.605988 0.022106 -0.084473 0.92941176 0.93333333 0.95686275
v -0.638793 0.016592 -0.082348 0.94117647 0.94901961 0.96470588
v -0.636065 0.013861 -0.083759 0.93725490 0.94509804 0.96470588
v -0.636048 0.008418 -0.084740 0.93725490 0.93725490 0.96470588
v -0.605988 0.027564 -0.083715 0.92549020 0.92941176 0.96470588
v -0.603259 0.024835 -0.084081 0.93725490 0.92941176 0.97254902
v -0.633316 0.005692 -0.084346 0.88627451 0.89019608 0.92156863
v -0.603259 0.019376 -0.084625 0.92941176 0.93333333 0.96470588
v -0.633313 0.011154 -0.084382 0.94117647 0.94509804 0.97254902
v -0.600530 0.022106 -0.084372 0.92549020 0.92156863 0.96862745
v -0.630564 0.008444 -0.084659 0.92941176 0.93333333 0.96078431
v -0.603259 0.030293 -0.083456 0.91372549 0.91372549 0.95686275
v -0.600530 0.027564 -0.083743 0.91764706 0.90980392 0.95686275
v -0.600597 0.032962 -0.083529 0.89803922 0.89411765 0.93725490
v -0.597856 0.030243 -0.083916 0.89803922 0.89019608 0.94117647
v -0.597801 0.024835 -0.084451 0.90588235 0.90196078 0.95294118
v -0.595072 0.027564 -0.084789 0.90196078 0.89411765 0.94509804
v -0.603442 0.041048 -0.081320 0.90588235 0.89803922 0.94901961
v -0.600672 0.038354 -0.083044 0.89411765 0.89019608 0.93333333
v -0.597944 0.041083 -0.082934 0.90980392 0.90588235 0.94117647
v -0.636048 0.019338 -0.081977 0.94509804 0.94509804 0.96862745
v -0.595409 0.043643 -0.082232 0.92941176 0.92941176 0.96078431
v -0.633297 0.016628 -0.082623 0.94117647 0.94117647 0.97647059
v -0.597876 0.035684 -0.084019 0.89411765 0.89019608 0.93333333
v -0.633323 0.022063 -0.081665 0.92941176 0.92156863 0.96078431
v -0.630552 0.019373 -0.081707 0.92549020 0.92156863 0.96862745
v -0.595134 0.032966 -0.084527 0.90196078 0.89411765 0.94509804
v -0.595218 0.038350 -0.084248 0.90196078 0.90196078 0.94509804
v -0.592582 0.040999 -0.084035 0.92156863 0.92156863 0.95686275
v -0.630569 0.013898 -0.083174 0.94117647 0.94117647 0.97647059
v -0.627823 0.011185 -0.084112 0.94117647 0.94117647 0.97254902
v -0.627823 0.016644 -0.082293 0.92156863 0.92549020 0.96078431
v -0.630565 0.002985 -0.082761 0.78823529 0.79215686 0.82745098
v -0.627834 0.000257 -0.081106 0.76078431 0.76078431 0.80000000
v -0.627823 0.005727 -0.084419 0.87450980 0.87058824 0.90980392
v -0.625094 0.002998 -0.083138 0.78431373 0.78431373 0.82352941
v -0.622364 0.000269 -0.081533 0.79215686 0.78823529 0.83137255
v -0.625094 0.008457 -0.084615 0.92156863 0.92156863 0.95686275
v -0.622364 0.005728 -0.084329 0.85490196 0.85490196 0.89803922
v -0.619635 0.002999 -0.082794 0.78431373 0.78431373 0.82745098
v -0.625093 0.019374 -0.081826 0.90980392 0.90588235 0.95294118
v -0.622364 0.022104 -0.082025 0.89803922 0.89411765 0.94117647
v -0.619634 0.024835 -0.082245 0.90196078 0.90196078 0.94509804
v 0.615778 -0.002375 -0.081344 0.90980392 0.91372549 0.93725490
v 0.618507 0.000354 -0.081374 0.92941176 0.92941176 0.95686275
v 0.613049 0.000354 -0.082056 0.93725490 0.94117647 0.96078431
v 0.615778 0.003083 -0.081708 0.91372549 0.92156863 0.94117647
v 0.610320 0.003083 -0.082284 0.92156863 0.92549020 0.94117647
v 0.613049 0.005812 -0.082299 0.89411765 0.90588235 0.92941176
v 0.615778 0.008541 -0.081468 0.89019608 0.89019608 0.93333333
v 0.607591 0.005812 -0.082945 0.91764706 0.92941176 0.94117647
v 0.659528 0.008459 -0.081410 0.90980392 0.90980392 0.95294118
v 0.610320 0.008541 -0.082895 0.89019608 0.89803922 0.92549020
v 0.613049 0.011270 -0.082284 0.87843137 0.88235294 0.92156863
v 0.615778 0.014000 -0.081656 0.87450980 0.87450980 0.92156863
v 0.618507 0.016729 -0.081420 0.89019608 0.89019608 0.94117647
v 0.656817 0.011172 -0.081742 0.90980392 0.91764706 0.94509804
v 0.607591 0.027646 -0.084878 0.89803922 0.89803922 0.94901961
v 0.634882 0.022187 -0.081332 0.90980392 0.91372549 0.96078431
v 0.613049 0.033104 -0.084943 0.88235294 0.89019608 0.94117647
v 0.621237 0.019458 -0.081296 0.90588235 0.90980392 0.95686275
v 0.623966 0.022187 -0.081276 0.90588235 0.90980392 0.94901961
v 0.629424 0.022187 -0.081249 0.90980392 0.91764706 0.95686275
v 0.632153 0.024916 -0.081712 0.90588235 0.91372549 0.96078431
v 0.613049 0.038562 -0.084822 0.90588235 0.91764706 0.95294118
v 0.626695 0.024916 -0.081520 0.90588235 0.90980392 0.95686275
v 0.629424 0.027646 -0.081877 0.89803922 0.90980392 0.95294118
v 0.654079 0.013910 -0.081707 0.91764706 0.92549020 0.94901961
v 0.593945 -0.002375 -0.082084 0.89411765 0.90196078 0.94117647
v 0.610320 -0.002375 -0.081606 0.91372549 0.91764706 0.94509804
v 0.656804 0.016644 -0.084386 0.81960784 0.83137255 0.85098039
v 0.591215 0.000354 -0.083302 0.90588235 0.90588235 0.94509804
v 0.604861 -0.002375 -0.082145 0.91764706 0.91764706 0.95686275
v 0.618507 0.038562 -0.084091 0.90196078 0.91372549 0.95294118
v 0.654048 0.019400 -0.081940 0.88627451 0.89411765 0.92941176
v 0.615778 0.041292 -0.083327 0.91372549 0.92549020 0.95294118
v 0.599403 -0.002375 -0.082163 0.92156863 0.92156863 0.95294118
v 0.610320 0.041292 -0.083922 0.91764706 0.92549020 0.95686275
v 0.602132 0.000354 -0.082724 0.92549020 0.92941176 0.95294118
v 0.648547 0.024899 -0.081162 0.89019608 0.89803922 0.94509804
v 0.613049 0.044021 -0.081922 0.91372549 0.92156863 0.94901961
v 0.651275 0.027629 -0.081370 0.88235294 0.89019608 0.93725490
v 0.607590 0.000354 -0.082283 0.92156863 0.92941176 0.94901961
v 0.656732 0.027631 -0.084452 0.87843137 0.88235294 0.92156863
v 0.604861 0.003083 -0.082769 0.91372549 0.92156863 0.93725490
v 0.653987 0.030375 -0.082481 0.87450980 0.87843137 0.92156863
v 0.656716 0.033104 -0.084088 0.87843137 0.89019608 0.92941176
v 0.604861 0.041292 -0.084197 0.92941176 0.93333333 0.96862745
v 0.643070 0.024916 -0.081693 0.89411765 0.90196078 0.95294118
v 0.599403 0.041292 -0.084359 0.93333333 0.93725490 0.97254902
v 0.637612 0.024916 -0.081660 0.90588235 0.90980392 0.96470588
v 0.640341 0.027646 -0.081824 0.90196078 0.90980392 0.95686275
v 0.645799 0.027646 -0.082204 0.89019608 0.89803922 0.94509804
v 0.648528 0.030375 -0.081317 0.88627451 0.89411765 0.93725490
v 0.643070 0.030375 -0.082376 0.89411765 0.90588235 0.94901961
v 0.645799 0.033104 -0.081368 0.89411765 0.90980392 0.94509804
v 0.602132 0.044021 -0.082807 0.92156863 0.92941176 0.96470588
v 0.634882 0.027646 -0.081734 0.89803922 0.90588235 0.95686275
v 0.607591 0.044021 -0.082433 0.91372549 0.91764706 0.94901961
v 0.604861 0.046750 -0.081176 0.89803922 0.90980392 0.93725490
v 0.632153 0.030375 -0.082298 0.89411765 0.89803922 0.94901961
v 0.637612 0.030375 -0.082295 0.89803922 0.90588235 0.95294118
v 0.626695 0.030375 -0.082645 0.88627451 0.89019608 0.94117647
v 0.634882 0.033104 -0.082310 0.88235294 0.89019608 0.93725490
v 0.629424 0.033104 -0.082930 0.87843137 0.88627451 0.92941176
v 0.632153 0.035833 -0.082200 0.87843137 0.89019608 0.92941176
v 0.623966 0.033104 -0.083537 0.88235294 0.89019608 0.93333333
v 0.640341 0.033104 -0.081966 0.89411765 0.90588235 0.94901961
v 0.626695 0.035833 -0.083298 0.88235294 0.89019608 0.93333333
v 0.637612 0.035833 -0.081296 0.88627451 0.90196078 0.93725490
v 0.596674 0.000354 -0.082828 0.92549020 0.92941176 0.96470588
v 0.659445 0.035833 -0.082921 0.90980392 0.92549020 0.96078431
v 0.629424 0.038562 -0.081785 0.89019608 0.89803922 0.93725490
v 0.599403 0.003083 -0.083233 0.91372549 0.91764706 0.94509804
v 0.596674 0.044021 -0.083497 0.92549020 0.92941176 0.96470588
v 0.662174 0.038562 -0.081122 0.84313725 0.85098039 0.88235294
v 0.599403 0.046750 -0.081614 0.89803922 0.90980392 0.94117647
v 0.593945 0.003083 -0.083532 0.89019608 0.89803922 0.92941176
v 0.593945 0.046750 -0.082158 0.90196078 0.90588235 0.93725490
v 0.596674 0.005812 -0.083575 0.89411765 0.89803922 0.92941176
v 0.604861 0.008541 -0.083512 0.92156863 0.92941176 0.96078431
v 0.607591 0.011271 -0.083516 0.90588235 0.91372549 0.94509804
v 0.610320 0.014000 -0.083124 0.89019608 0.89019608 0.93725490
v 0.602132 0.011270 -0.083940 0.90980392 0.92156863 0.94901961
v 0.602132 0.005812 -0.083422 0.91372549 0.92549020 0.94901961
v 0.599403 0.008541 -0.083847 0.89411765 0.90588235 0.93333333
v 0.634882 0.038562 -0.081165 0.90196078 0.90980392 0.94901961
v 0.604861 0.014000 -0.083865 0.90980392 0.92156863 0.94901961
v 0.621237 0.035833 -0.084090 0.88627451 0.89803922 0.93725490
v 0.607591 0.016729 -0.083752 0.90980392 0.91764706 0.95686275
v 0.623966 0.038562 -0.083028 0.89411765 0.90196078 0.94901961
v 0.593945 0.008541 -0.084227 0.88235294 0.88235294 0.92549020
v 0.613049 0.016729 -0.082683 0.87450980 0.87843137 0.92549020
v 0.626695 0.041292 -0.081151 0.90196078 0.91372549 0.95294118
v 0.615778 0.019458 -0.082334 0.88235294 0.87843137 0.93333333
v 0.621236 0.041292 -0.082119 0.90196078 0.91372549 0.95294118
v 0.596674 0.011271 -0.084328 0.88627451 0.89019608 0.93333333
v 0.599403 0.014000 -0.084418 0.90196078 0.90980392 0.94509804
v 0.610320 0.019458 -0.083449 0.89019608 0.89803922 0.94509804
v 0.613049 0.022187 -0.083272 0.88235294 0.88627451 0.93333333
v 0.602132 0.016729 -0.084429 0.90980392 0.91764706 0.94901961
v 0.604861 0.019458 -0.084299 0.91372549 0.91764706 0.95686275
v 0.607590 0.022187 -0.084155 0.90588235 0.90980392 0.95686275
v 0.610320 0.024916 -0.083973 0.89803922 0.89803922 0.94901961
v 0.604861 0.024916 -0.084870 0.90588235 0.90588235 0.95686275
v 0.618507 0.022187 -0.082208 0.89803922 0.89803922 0.94509804
v 0.621236 0.024916 -0.082166 0.90196078 0.90588235 0.94901961
v 0.615778 0.024916 -0.083132 0.89019608 0.89019608 0.94509804
v 0.618507 0.027646 -0.083331 0.89019608 0.89411765 0.94509804
v 0.623966 0.027646 -0.082391 0.89803922 0.90196078 0.94901961
v 0.621237 0.030375 -0.083360 0.88627451 0.89019608 0.93725490
v 0.613049 0.027646 -0.084251 0.89019608 0.89411765 0.94509804
v 0.615778 0.030375 -0.084349 0.88235294 0.88627451 0.93725490
v 0.618507 0.033104 -0.084264 0.87843137 0.88627451 0.93725490
v 0.774071 0.014000 -0.084085 0.69803922 0.54509804 0.50980392
v 0.776801 0.016724 -0.083094 0.72941176 0.56470588 0.52941176
v 0.779537 0.019435 -0.083318 0.78431373 0.59607843 0.56470588
v 0.771342 0.016729 -0.081230 0.69411765 0.54509804 0.50980392
v 0.768612 0.014000 -0.082461 0.61960784 0.50588235 0.46274510
v 0.774072 0.019454 -0.081501 0.74901961 0.58039216 0.54117647
v 0.776821 0.022123 -0.082275 0.82745098 0.63137255 0.58823529
v 0.782275 0.022136 -0.084930 0.76470588 0.54117647 0.50196078
v 0.760435 0.011237 -0.082969 0.76862745 0.59215686 0.56470588
v 0.779556 0.024835 -0.084850 0.78431373 0.56078431 0.52549020
v 0.760527 0.027339 -0.081454 0.83529412 0.61960784 0.57254902
v 0.774093 0.024850 -0.082767 0.79607843 0.56862745 0.54509804
v 0.831439 0.016559 -0.081114 0.80392157 0.61176471 0.57254902
v 0.768637 0.024841 -0.081275 0.81176471 0.58431373 0.56078431
v 0.771372 0.027555 -0.084622 0.85882353 0.61568627 0.59215686
v 0.765961 0.027413 -0.084337 0.83529412 0.60000000 0.55686275
v -0.845139 0.023123 -0.077247 0.76862745 0.55294118 0.55686275
v -0.844548 0.025955 -0.077247 0.76078431 0.55294118 0.54509804
v -0.843457 0.019347 -0.077247 0.76078431 0.55294118 0.55294118
v -0.843542 0.019490 -0.077247 0.79607843 0.56078431 0.56470588
v -0.840910 0.016436 -0.077247 0.72156863 0.53725490 0.54117647
v -0.840955 0.027820 -0.077247 0.78039216 0.56078431 0.54117647
v -0.840418 0.027845 -0.077247 0.80000000 0.56862745 0.54509804
v -0.835922 0.026881 -0.077247 0.80000000 0.57647059 0.55294118
v -0.833766 0.026090 -0.077247 0.81960784 0.59215686 0.56470588
v -0.839422 0.015371 -0.077247 0.73333333 0.53333333 0.53725490
v -0.837565 0.014322 -0.077247 0.68235294 0.51372549 0.51372549
v -0.833359 0.013070 -0.077247 0.65882353 0.50588235 0.49803922
v -0.831381 0.012788 -0.077247 0.67058824 0.50196078 0.49803922
v -0.828112 0.012858 -0.077247 0.70588235 0.49803922 0.49803922
v -0.826159 0.013024 -0.077247 0.76862745 0.49411765 0.50196078
v -0.821630 0.013882 -0.077247 0.87058824 0.56862745 0.57647059
v -0.821573 0.013897 -0.077247 0.80392157 0.53725490 0.53725490
v -0.817280 0.015062 -0.077247 0.78823529 0.52549020 0.52156863
v -0.814123 0.015931 -0.077247 0.78431373 0.52156863 0.51764706
v -0.652009 -0.002083 -0.077247 0.72549020 0.72549020 0.76470588
v -0.611410 -0.005150 -0.077247 0.79607843 0.79215686 0.82745098
v -0.812974 0.016214 -0.077247 0.78823529 0.52549020 0.52156863
v -0.631750 0.042408 -0.077247 0.89411765 0.88235294 0.94509804
v -0.649336 -0.004870 -0.077247 0.72549020 0.73333333 0.76470588
v -0.606232 -0.005429 -0.077247 0.79607843 0.79215686 0.82745098
v -0.628524 0.044641 -0.077247 0.89411765 0.88627451 0.94117647
v -0.605675 -0.005500 -0.077247 0.80000000 0.79607843 0.83137255
v -0.645609 -0.006602 -0.077247 0.76078431 0.76470588 0.79607843
v -0.809339 0.018038 -0.077247 0.78431373 0.52549020 0.52549020
v -0.626664 0.045097 -0.077247 0.89803922 0.89019608 0.94117647
v -0.600942 -0.005598 -0.077247 0.80392157 0.80000000 0.83529412
v -0.642936 -0.006486 -0.077247 0.77254902 0.77254902 0.80392157
v -0.811815 0.023697 -0.077247 0.80784314 0.52941176 0.54117647
v -0.639120 -0.005571 -0.077247 0.78431373 0.78431373 0.81960784
v -0.808615 0.021439 -0.077247 0.79607843 0.52941176 0.53333333
v -0.638546 -0.005416 -0.077247 0.79215686 0.79215686 0.82745098
v -0.624230 0.045806 -0.077247 0.90196078 0.90196078 0.95294118
v -0.633455 -0.005045 -0.077247 0.81176471 0.81176471 0.83921569
v -0.633089 -0.004998 -0.077247 0.81176471 0.81568627 0.83921569
v -0.620236 0.047181 -0.077247 0.90980392 0.91372549 0.95686275
v -0.766129 0.020258 -0.077247 0.75294118 0.54509804 0.50980392
v -0.627897 -0.005264 -0.077247 0.80392157 0.80784314 0.83137255
v -0.600203 -0.005513 -0.077247 0.80784314 0.80392157 0.83921569
v -0.618887 0.047427 -0.077247 0.91372549 0.91372549 0.95294118
v -0.627737 -0.005276 -0.077247 0.79607843 0.80000000 0.82745098
v -0.595263 -0.004995 -0.077247 0.80784314 0.80784314 0.83921569
v -0.765140 0.022964 -0.077247 0.82745098 0.59607843 0.57647059
v -0.615218 0.047475 -0.077247 0.92156863 0.92156863 0.95686275
v -0.613595 0.047268 -0.077247 0.92156863 0.92156863 0.95686275
v -0.609468 0.047035 -0.077247 0.92941176 0.92549020 0.96470588
v -0.608264 0.047152 -0.077247 0.93725490 0.92941176 0.97254902
v -0.653014 0.035136 -0.077247 0.92156863 0.91764706 0.96078431
v -0.604987 0.047857 -0.077247 0.93333333 0.92549020 0.96862745
v -0.652712 0.035770 -0.077247 0.91764706 0.91372549 0.96078431
v -0.763908 0.017021 -0.077247 0.72941176 0.52549020 0.49019608
v -0.650963 0.033975 -0.077247 0.92941176 0.93333333 0.96862745
v -0.655051 0.038561 -0.077247 0.89411765 0.88627451 0.94117647
v -0.600991 0.049023 -0.077247 0.94117647 0.92941176 0.96862745
v -0.648831 0.033863 -0.077247 0.93333333 0.93333333 0.96862745
v -0.600960 0.049030 -0.077247 0.94117647 0.92941176 0.96862745
v -0.761666 0.013804 -0.077247 0.71764706 0.52549020 0.49019608
v -0.762514 0.014880 -0.077247 0.71764706 0.52156863 0.48627451
v -0.596793 0.050030 -0.077247 0.94117647 0.92941176 0.96862745
v -0.645246 0.033785 -0.077247 0.93333333 0.93333333 0.96078431
v -0.622106 -0.004931 -0.077247 0.80392157 0.80392157 0.83529412
v -0.617237 -0.004857 -0.077247 0.79215686 0.78823529 0.81960784
v -0.758871 0.011141 -0.077247 0.72549020 0.53333333 0.49803922
v -0.642886 0.034346 -0.077247 0.92941176 0.92941176 0.96470588
v -0.616435 -0.004718 -0.077247 0.78039216 0.77647059 0.80392157
v -0.761942 0.025225 -0.077247 0.82745098 0.60000000 0.56470588
v -0.611495 -0.005138 -0.077247 0.78823529 0.78823529 0.81568627
v -0.759366 0.028107 -0.077247 0.83137255 0.60392157 0.57647059
v -0.641096 0.035175 -0.077247 0.92549020 0.92156863 0.96862745
v -0.638045 0.037611 -0.077247 0.90980392 0.90196078 0.95686275
v -0.658974 0.004105 -0.077247 0.92156863 0.92549020 0.94901961
v -0.634583 0.039680 -0.077247 0.89411765 0.88627451 0.94117647
v -0.657091 0.003753 -0.077247 0.92156863 0.92156863 0.94901961
v -0.622641 -0.004913 -0.077247 0.80000000 0.80392157 0.83137255
v -0.654672 0.000714 -0.077247 0.81176471 0.81568627 0.84705882
v 0.835031 0.013082 -0.077247 0.77254902 0.58039216 0.56078431
v 0.832303 0.012163 -0.077247 0.76862745 0.56078431 0.53333333
v 0.838470 0.015101 -0.077247 0.78431373 0.59607843 0.58039216
v 0.841126 0.017903 -0.077247 0.78039216 0.59607843 0.58431373
v 0.842508 0.021980 -0.077247 0.77647059 0.58823529 0.59215686
v 0.842495 0.022382 -0.077247 0.77254902 0.58823529 0.58823529
v -0.831807 0.025538 -0.077247 0.81176471 0.60392157 0.56862745
v -0.827399 0.025182 -0.077247 0.86666667 0.61960784 0.61176471
v -0.826712 0.025175 -0.077247 0.86274510 0.61176471 0.60000000
v -0.821669 0.024909 -0.077247 0.83921569 0.58039216 0.54901961
v -0.821527 0.024902 -0.077247 0.83921569 0.58039216 0.54901961
v -0.817280 0.023691 -0.077247 0.84313725 0.54117647 0.52549020
v -0.814865 0.023564 -0.077247 0.81176471 0.51764706 0.52156863
v 0.620813 -0.007410 -0.077247 0.76078431 0.76470588 0.79607843
v 0.615929 -0.007683 -0.077247 0.76862745 0.77254902 0.80784314
v 0.654989 0.040289 -0.077247 0.87450980 0.88235294 0.91764706
v 0.652424 0.039729 -0.077247 0.90196078 0.90196078 0.94117647
v 0.659372 0.041364 -0.077247 0.86274510 0.87450980 0.92156863
v 0.650494 0.039325 -0.077247 0.91372549 0.91764706 0.95686275
v 0.646783 0.039546 -0.077247 0.90980392 0.91764706 0.95294118
v 0.644516 0.039846 -0.077247 0.90588235 0.91764706 0.94117647
v 0.642217 0.040438 -0.077247 0.90588235 0.91764706 0.94509804
v 0.599787 -0.008218 -0.077247 0.79607843 0.80000000 0.83921569
v 0.636575 0.042329 -0.077247 0.90980392 0.91764706 0.95294118
v 0.634182 0.043321 -0.077247 0.90980392 0.91372549 0.95294118
v 0.598989 -0.008248 -0.077247 0.79607843 0.80000000 0.83921569
v 0.594632 -0.008521 -0.077247 0.80000000 0.80000000 0.84313725
v 0.630537 0.045134 -0.077247 0.90196078 0.90196078 0.94117647
v 0.610660 -0.008174 -0.077247 0.75686275 0.76078431 0.79215686
v 0.627448 0.045997 -0.077247 0.89803922 0.90196078 0.93333333
v 0.626230 0.046285 -0.077247 0.89803922 0.90196078 0.93333333
v 0.638129 0.041809 -0.077247 0.90980392 0.92156863 0.94901961
v 0.610059 -0.008095 -0.077247 0.76078431 0.76470588 0.79607843
v 0.619282 0.048705 -0.077247 0.89411765 0.90196078 0.93333333
v 0.617810 0.048782 -0.077247 0.89803922 0.90588235 0.93333333
v 0.622394 0.047907 -0.077247 0.89411765 0.89803922 0.92156863
v 0.604923 -0.007896 -0.077247 0.76862745 0.77254902 0.80784314
v 0.613298 0.049728 -0.077247 0.90588235 0.90588235 0.94117647
v 0.604784 -0.007911 -0.077247 0.76862745 0.77647059 0.80784314
v 0.615621 -0.007677 -0.077247 0.76862745 0.77254902 0.80784314
v 0.612551 0.049977 -0.077247 0.90588235 0.90980392 0.94117647
v 0.608956 0.050845 -0.077247 0.91372549 0.91764706 0.94901961
v 0.652095 0.004975 -0.077247 0.91764706 0.91372549 0.94901961
v 0.650109 0.004552 -0.077247 0.91764706 0.91764706 0.94901961
v 0.657938 0.004590 -0.077247 0.90980392 0.90980392 0.94901961
v 0.656222 0.005160 -0.077247 0.91372549 0.91372549 0.94901961
v 0.660146 0.003669 -0.077247 0.90980392 0.90588235 0.94509804
v 0.630177 -0.005858 -0.077247 0.78823529 0.78823529 0.82352941
v 0.627895 -0.006634 -0.077247 0.78431373 0.78823529 0.81960784
v 0.638652 -0.003416 -0.077247 0.84705882 0.84705882 0.89411765
v 0.636230 -0.003757 -0.077247 0.83137255 0.83137255 0.87450980
v 0.634084 -0.004306 -0.077247 0.81176471 0.81176471 0.85490196
v 0.625895 -0.007034 -0.077247 0.77647059 0.78039216 0.81960784
v 0.621874 -0.007196 -0.077247 0.76078431 0.76470588 0.80000000
v 0.642626 -0.001932 -0.077247 0.90196078 0.89803922 0.94509804
v 0.605471 0.051599 -0.077247 0.92549020 0.92941176 0.95294118
v 0.645811 0.000341 -0.077247 0.91764706 0.91372549 0.95686275
v 0.604501 0.051848 -0.077247 0.92156863 0.92549020 0.95294118
v 0.648079 0.003532 -0.077247 0.91764706 0.91764706 0.95294118
v 0.600235 0.053041 -0.077247 0.95294118 0.95686275 0.97254902
v 0.597993 0.053618 -0.077247 0.94901961 0.95294118 0.96862745
v 0.595651 0.053915 -0.077247 0.95686275 0.96078431 0.96862745
v 0.829650 0.023647 -0.077247 0.77254902 0.59215686 0.58039216
v 0.827678 0.023435 -0.077247 0.77647059 0.59607843 0.58039216
v 0.824462 0.023449 -0.077247 0.79215686 0.60392157 0.58823529
v 0.821881 0.023231 -0.077247 0.79607843 0.60392157 0.58823529
v 0.838147 0.026311 -0.077247 0.76862745 0.58431373 0.57647059
v 0.834879 0.025434 -0.077247 0.76470588 0.58823529 0.57647059
v 0.840472 0.025797 -0.077247 0.76862745 0.58431373 0.58039216
v 0.755834 0.010349 -0.077247 0.77254902 0.59607843 0.56470588
v 0.833722 0.025168 -0.077247 0.77254902 0.58823529 0.58039216
v 0.819101 0.023302 -0.077247 0.79215686 0.59215686 0.57647059
v 0.816264 0.022873 -0.077247 0.79215686 0.58823529 0.56862745
v 0.814206 0.022615 -0.077247 0.78431373 0.58431373 0.56470588
v 0.753068 0.009300 -0.077247 0.77254902 0.59607843 0.56470588
v 0.811174 0.023023 -0.077247 0.78823529 0.58823529 0.56862745
v 0.747776 0.007522 -0.077247 0.78823529 0.60784314 0.57647059
v 0.744806 0.006551 -0.077247 0.79215686 0.61176471 0.58039216
v 0.808503 0.022722 -0.077247 0.79215686 0.59607843 0.57254902
v 0.738610 0.005788 -0.077247 0.80000000 0.61960784 0.59215686
v 0.796329 0.018970 -0.077247 0.80392157 0.60000000 0.57647059
v 0.798071 0.022117 -0.077247 0.82352941 0.61960784 0.60000000
v 0.743567 0.006285 -0.077247 0.79215686 0.61176471 0.58039216
v 0.758563 0.025454 -0.077247 0.83921569 0.62745098 0.60000000
v 0.751736 0.009006 -0.077247 0.78431373 0.60392157 0.57254902
v 0.755262 0.027511 -0.077247 0.84313725 0.63137255 0.60000000
v 0.758881 0.012747 -0.077247 0.75686275 0.58431373 0.55294118
v 0.754135 0.028260 -0.077247 0.84705882 0.63921569 0.60784314
v 0.760905 0.016187 -0.077247 0.74901961 0.58039216 0.54509804
v 0.763598 0.018973 -0.077247 0.76078431 0.58431373 0.54901961
v 0.751944 0.029625 -0.077247 0.84313725 0.64313725 0.60784314
v 0.763746 0.019909 -0.077247 0.80784314 0.61176471 0.58039216
v 0.761009 0.022527 -0.077247 0.84705882 0.64313725 0.60392157
v 0.818711 0.012765 -0.077247 0.71764706 0.48235294 0.47058824
v 0.817268 0.013163 -0.077247 0.71372549 0.50588235 0.48627451
v 0.812650 0.014166 -0.077247 0.72549020 0.52941176 0.50196078
v 0.805240 0.015312 -0.077247 0.73333333 0.54509804 0.51372549
v 0.803637 0.015600 -0.077247 0.74509804 0.55686275 0.52549020
v 0.811807 0.014335 -0.077247 0.73725490 0.54509804 0.51764706
v 0.808298 0.015046 -0.077247 0.72941176 0.54509804 0.51372549
v 0.800079 0.017308 -0.077247 0.76862745 0.57647059 0.54901961
v 0.830707 0.011897 -0.077247 0.75294118 0.54117647 0.51372549
v 0.826573 0.011661 -0.077247 0.78039216 0.56862745 0.53725490
v 0.825264 0.011770 -0.077247 0.78039216 0.57254902 0.54117647
v 0.821842 0.012244 -0.077247 0.74117647 0.51764706 0.49411765
v -0.662000 0.042526 -0.077247 0.91764706 0.90980392 0.93725490
v -0.658092 0.040976 -0.077247 0.89411765 0.89019608 0.93333333
v -0.657681 0.040775 -0.077247 0.89019608 0.88627451 0.93333333
v -0.843428 0.024835 -0.079542 0.64705882 0.50196078 0.51372549
v -0.843428 0.019376 -0.077384 0.81960784 0.55686275 0.56078431
v -0.840698 0.016647 -0.078054 0.73333333 0.53725490 0.54117647
v -0.840698 0.027564 -0.077927 0.76862745 0.56078431 0.54509804
v -0.837969 0.024835 -0.080037 0.77254902 0.57254902 0.55686275
v -0.832511 0.024835 -0.078415 0.82745098 0.60000000 0.56470588
v -0.835240 0.016647 -0.080954 0.72549020 0.52549020 0.52549020
v -0.832511 0.013918 -0.078958 0.62745098 0.49803922 0.49019608
v -0.829782 0.016647 -0.080662 0.85490196 0.57254902 0.56862745
v -0.829782 0.022106 -0.080019 0.88235294 0.62745098 0.62352941
v -0.827052 0.019376 -0.080634 0.87450980 0.63137255 0.63529412
v -0.827053 0.013918 -0.078513 0.75686275 0.48627451 0.49411765
v -0.824323 0.016647 -0.079660 0.84705882 0.58039216 0.59215686
v -0.821594 0.013918 -0.077277 0.83137255 0.55686275 0.56078431
v -0.818865 0.016647 -0.078507 0.81568627 0.54117647 0.54117647
v -0.816136 0.019376 -0.078396 0.80784314 0.52941176 0.52941176
v -0.646969 -0.002504 -0.079869 0.73725490 0.73333333 0.77254902
v -0.813407 0.016647 -0.077518 0.79607843 0.52549020 0.52549020
v -0.630551 0.041210 -0.077881 0.89019608 0.88627451 0.94117647
v -0.813407 0.022106 -0.077829 0.80392157 0.52549020 0.52941176
v -0.627822 0.043939 -0.077699 0.90196078 0.89019608 0.94509804
v -0.627822 0.038481 -0.079174 0.89019608 0.88627451 0.94117647
v -0.625093 0.041210 -0.079126 0.89411765 0.89019608 0.94509804
v -0.810677 0.019376 -0.077708 0.79607843 0.52549020 0.52941176
v -0.625093 0.035751 -0.080010 0.89411765 0.89019608 0.94117647
v -0.644239 -0.005232 -0.079370 0.75294118 0.75686275 0.78039216
v -0.641510 -0.002502 -0.079934 0.75686275 0.76078431 0.79607843
v -0.622364 0.038481 -0.080056 0.89411765 0.89019608 0.94509804
v -0.638780 0.000228 -0.080865 0.77254902 0.78039216 0.81568627
v -0.622364 0.043939 -0.078821 0.90588235 0.90196078 0.95686275
v -0.619634 0.041210 -0.080105 0.89803922 0.89803922 0.94901961
v -0.619684 0.046625 -0.077796 0.91764706 0.91764706 0.95686275
v -0.638756 -0.005207 -0.078059 0.78823529 0.78823529 0.82352941
v -0.636026 -0.002477 -0.079008 0.78431373 0.78823529 0.82352941
v -0.616962 0.043889 -0.079681 0.90980392 0.90588235 0.95294118
v -0.633295 0.000254 -0.080578 0.76862745 0.77254902 0.80392157
v -0.630565 -0.002474 -0.078746 0.76470588 0.76862745 0.79607843
v -0.614312 0.046550 -0.077992 0.92156863 0.91764706 0.95686275
v -0.775198 0.022106 -0.080800 0.74901961 0.54901961 0.50196078
v -0.627823 -0.005190 -0.077526 0.80784314 0.80784314 0.83529412
v -0.772469 0.019376 -0.080023 0.70588235 0.50196078 0.46274510
v -0.772469 0.024835 -0.080990 0.83137255 0.61568627 0.56470588
v -0.655282 0.032868 -0.080240 0.92549020 0.92549020 0.96078431
v -0.652565 0.030127 -0.079104 0.93725490 0.94901961 0.96862745
v -0.622364 0.033022 -0.080245 0.89803922 0.89411765 0.94901961
v -0.619634 0.035752 -0.080297 0.90588235 0.89803922 0.95294118
v -0.655290 0.038322 -0.077563 0.89411765 0.88627451 0.94117647
v -0.769740 0.022106 -0.079324 0.79215686 0.58823529 0.55294118
v -0.649841 0.032852 -0.077892 0.93725490 0.94117647 0.96862745
v 0.834113 0.014000 -0.079320 0.80392157 0.60000000 0.56862745
v -0.652532 0.024697 -0.080870 0.94509804 0.95294118 0.96862745
v -0.767010 0.024835 -0.080176 0.83529412 0.61568627 0.57254902
v -0.619634 0.030293 -0.080683 0.90588235 0.90588235 0.96078431
v 0.836847 0.016713 -0.080403 0.81176471 0.63921569 0.61568627
v -0.616905 0.033022 -0.080633 0.91372549 0.90980392 0.96078431
v -0.764281 0.027564 -0.081003 0.82352941 0.61568627 0.58039216
v -0.649809 0.027420 -0.079870 0.94117647 0.95294118 0.96862745
v 0.839578 0.019438 -0.080222 0.78039216 0.60784314 0.59215686
v -0.616905 0.038481 -0.080556 0.90588235 0.90196078 0.95294118
v 0.842300 0.022187 -0.077652 0.77254902 0.59215686 0.58823529
v -0.769740 0.016647 -0.080664 0.64313725 0.45098039 0.41568627
v -0.608718 -0.002457 -0.079493 0.81960784 0.81960784 0.85882353
v -0.605988 -0.005186 -0.077922 0.79607843 0.79215686 0.82352941
v -0.614237 0.035697 -0.080562 0.91764706 0.90980392 0.96470588
v -0.767010 0.019376 -0.078476 0.67450980 0.47843137 0.44705882
v -0.647080 0.024691 -0.080876 0.94117647 0.94901961 0.96078431
v -0.611447 0.000272 -0.080988 0.80392157 0.80000000 0.84705882
v -0.614243 0.041150 -0.080511 0.90588235 0.89803922 0.95294118
v -0.827052 0.024835 -0.077701 0.86666667 0.61176471 0.60392157
v -0.611522 0.038413 -0.080707 0.90196078 0.89803922 0.95294118
v -0.824323 0.022106 -0.079161 0.81176471 0.55294118 0.54509804
v -0.611600 0.043805 -0.079852 0.90588235 0.89803922 0.94901961
v -0.764281 0.016647 -0.078052 0.70196078 0.50196078 0.47058824
v -0.821594 0.024835 -0.077313 0.83137255 0.56078431 0.54117647
v -0.821594 0.019376 -0.079496 0.82745098 0.55686275 0.55686275
v -0.600530 -0.005186 -0.078934 0.81176471 0.80784314 0.83921569
v -0.818865 0.022106 -0.078333 0.82352941 0.54901961 0.54117647
v -0.647056 0.030174 -0.078739 0.94117647 0.95294118 0.96470588
v -0.644330 0.027440 -0.079968 0.94509804 0.94901961 0.96862745
v -0.608878 0.041067 -0.080684 0.89019608 0.88627451 0.94117647
v -0.660584 0.005719 -0.079502 0.92156863 0.92549020 0.95294118
v -0.644343 0.032888 -0.077772 0.93333333 0.93725490 0.96078431
v -0.657875 0.008428 -0.080811 0.93725490 0.92941176 0.96078431
v -0.608925 0.046487 -0.077798 0.92941176 0.92156863 0.96470588
v -0.641597 0.030174 -0.078943 0.94509804 0.93725490 0.97254902
v -0.606197 0.043756 -0.079867 0.90980392 0.90196078 0.95686275
v -0.638831 0.027476 -0.080677 0.94117647 0.93725490 0.97254902
v -0.638853 0.032918 -0.078736 0.92941176 0.91764706 0.96862745
v -0.655154 0.005690 -0.080554 0.93725490 0.93333333 0.96078431
v -0.603548 0.046417 -0.078662 0.93333333 0.92156863 0.96862745
v -0.636095 0.035674 -0.078487 0.90588235 0.89803922 0.95294118
v -0.600825 0.043681 -0.080735 0.92156863 0.91372549 0.95686275
v -0.652428 0.002957 -0.081002 0.89019608 0.88627451 0.92156863
v -0.600979 0.049010 -0.077259 0.94117647 0.92941176 0.96862745
v -0.636085 0.030222 -0.080091 0.91764706 0.91764706 0.96078431
v -0.598202 0.046319 -0.079834 0.94117647 0.93333333 0.96862745
v -0.633309 0.027535 -0.080657 0.91372549 0.90588235 0.95294118
v -0.633332 0.032975 -0.079989 0.90196078 0.89803922 0.94901961
v -0.619635 -0.002460 -0.079664 0.78039216 0.78039216 0.81176471
v -0.630552 0.030291 -0.080124 0.90196078 0.89411765 0.94509804
v -0.616906 0.000270 -0.080678 0.77254902 0.76862745 0.81568627
v -0.633303 0.038460 -0.077952 0.89411765 0.89019608 0.94117647
v -0.614177 -0.002459 -0.078908 0.78823529 0.78431373 0.81960784
v -0.630551 0.035752 -0.079387 0.89411765 0.89411765 0.94117647
v -0.627822 0.033022 -0.080082 0.89411765 0.89019608 0.94117647
v -0.625094 -0.002460 -0.079565 0.77647059 0.78039216 0.80784314
v -0.630577 0.024808 -0.080749 0.90980392 0.90196078 0.95294118
v -0.627823 0.022103 -0.080795 0.90980392 0.90588235 0.95686275
v -0.627823 0.027562 -0.079827 0.89803922 0.89019608 0.94509804
v -0.625093 0.024832 -0.080399 0.89803922 0.89019608 0.94509804
v -0.625093 0.030293 -0.079979 0.89411765 0.88627451 0.94509804
v -0.622363 0.027564 -0.080512 0.89803922 0.89411765 0.94901961
v 0.618507 -0.005105 -0.079751 0.77647059 0.78039216 0.81176471
v 0.621236 -0.002375 -0.080530 0.87843137 0.87843137 0.91372549
v 0.599403 -0.007834 -0.077645 0.79607843 0.79607843 0.83529412
v 0.593945 -0.007834 -0.077906 0.79215686 0.79215686 0.83529412
v 0.596674 -0.005105 -0.080324 0.80000000 0.80784314 0.84313725
v 0.610320 -0.007834 -0.077571 0.76078431 0.76470588 0.79607843
v 0.604861 -0.007834 -0.077324 0.76862745 0.77647059 0.80784314
v 0.623966 0.000354 -0.080409 0.92156863 0.92549020 0.96078431
v 0.621236 0.003083 -0.080808 0.91764706 0.92156863 0.95294118
v 0.618507 0.005812 -0.081038 0.90196078 0.90588235 0.93725490
v 0.607590 -0.005105 -0.080356 0.80784314 0.81568627 0.85098039
v 0.613049 -0.005105 -0.080057 0.81176471 0.81568627 0.84313725
v 0.602132 -0.005105 -0.080495 0.82745098 0.83137255 0.86274510
v 0.626695 0.003083 -0.079809 0.90588235 0.90588235 0.94901961
v 0.610320 0.046750 -0.080459 0.89803922 0.90588235 0.93333333
v 0.623966 0.005812 -0.080203 0.90196078 0.90196078 0.94509804
v 0.607591 0.049479 -0.078980 0.90196078 0.90980392 0.93725490
v 0.640341 0.038562 -0.081003 0.90980392 0.92156863 0.94509804
v 0.637612 0.041292 -0.078810 0.91764706 0.92156863 0.95294118
v 0.629424 0.005812 -0.079248 0.88627451 0.88627451 0.92941176
v 0.632153 0.041292 -0.081000 0.90980392 0.91372549 0.94901961
v 0.629424 -0.005105 -0.078002 0.78823529 0.78823529 0.82352941
v 0.626695 0.008541 -0.079779 0.90588235 0.90588235 0.95294118
v 0.623966 0.044021 -0.080212 0.90588235 0.91764706 0.94901961
v 0.621237 0.008541 -0.080428 0.91372549 0.91372549 0.95294118
v 0.623966 0.011271 -0.080239 0.91764706 0.91764706 0.96470588
v 0.629424 0.044021 -0.080273 0.90588235 0.90980392 0.94901961
v 0.637634 -0.002398 -0.077671 0.87450980 0.87450980 0.92156863
v 0.632153 -0.002375 -0.078406 0.87450980 0.87450980 0.91372549
v 0.618507 0.044021 -0.080876 0.90980392 0.92156863 0.95686275
v 0.634882 0.000354 -0.078213 0.91372549 0.91372549 0.95686275
v 0.623966 -0.005105 -0.078938 0.78039216 0.78431373 0.81960784
v 0.621237 0.046750 -0.079926 0.90196078 0.91372549 0.93725490
v 0.618507 0.011271 -0.080859 0.89803922 0.89803922 0.94509804
v 0.615778 0.046750 -0.079760 0.90196078 0.91372549 0.94117647
v 0.621237 0.014000 -0.080674 0.90980392 0.90980392 0.95686275
v 0.626695 -0.002375 -0.079564 0.86666667 0.86666667 0.90980392
v 0.629424 0.000354 -0.079209 0.91764706 0.91372549 0.95686275
v 0.632153 0.008541 -0.079206 0.87843137 0.87450980 0.92549020
v 0.632153 0.003083 -0.078566 0.89411765 0.89411765 0.93725490
v 0.613049 0.049479 -0.077756 0.90196078 0.90980392 0.94117647
v 0.640364 0.000330 -0.077845 0.92156863 0.91372549 0.96862745
v 0.629424 0.011271 -0.079888 0.89411765 0.89803922 0.94117647
v 0.651323 0.005747 -0.077604 0.91764706 0.91764706 0.94901961
v 0.634882 0.011271 -0.079410 0.88627451 0.88627451 0.93333333
v 0.643095 0.003058 -0.077738 0.91372549 0.91372549 0.95686275
v 0.632153 0.014000 -0.080163 0.89019608 0.89411765 0.93725490
v 0.596674 0.049479 -0.080289 0.89019608 0.89803922 0.92549020
v 0.656803 0.005725 -0.077907 0.91372549 0.91372549 0.94901961
v 0.637631 0.003063 -0.078011 0.90196078 0.90196078 0.94509804
v 0.602132 0.049479 -0.080063 0.90196078 0.90980392 0.94117647
v 0.640361 0.005792 -0.078118 0.90196078 0.90196078 0.94509804
v 0.662212 0.005774 -0.080834 0.90980392 0.90588235 0.94901961
v 0.645843 0.005768 -0.077961 0.91764706 0.91764706 0.95294118
v 0.626695 0.014000 -0.080390 0.91372549 0.91372549 0.95686275
v 0.654096 0.008433 -0.078684 0.91764706 0.92156863 0.94901961
v 0.648573 0.008498 -0.077796 0.91372549 0.92156863 0.94509804
v 0.643107 0.008505 -0.078416 0.89803922 0.90196078 0.94117647
v 0.629424 0.016729 -0.080553 0.91372549 0.91764706 0.95686275
v 0.645833 0.011237 -0.078132 0.90588235 0.91372549 0.95294118
v 0.599403 0.052208 -0.078466 0.91764706 0.92156863 0.95294118
v 0.637612 0.014000 -0.079634 0.88235294 0.88235294 0.92941176
v 0.634882 0.005812 -0.078198 0.89019608 0.89019608 0.93333333
v 0.637627 0.008526 -0.078596 0.88627451 0.88627451 0.92941176
v 0.593945 0.052208 -0.079414 0.91372549 0.92156863 0.94509804
v 0.640341 0.011270 -0.078755 0.89411765 0.89803922 0.94117647
v 0.643105 0.013966 -0.079113 0.89803922 0.89803922 0.94509804
v 0.634882 0.016729 -0.080419 0.89803922 0.89803922 0.94509804
v 0.640355 0.016715 -0.079917 0.89019608 0.89019608 0.93725490
v 0.637612 0.019458 -0.080769 0.89803922 0.90196078 0.95294118
v 0.632153 0.019458 -0.080905 0.90980392 0.91372549 0.96078431
v 0.623966 0.016729 -0.080704 0.90980392 0.91372549 0.95686275
v 0.626695 0.019458 -0.080819 0.90980392 0.91764706 0.95294118
v 0.651326 0.011203 -0.079385 0.91764706 0.92549020 0.94509804
v 0.648571 0.013958 -0.079879 0.91372549 0.91764706 0.95686275
v 0.651316 0.016673 -0.080538 0.91372549 0.92156863 0.95686275
v 0.645835 0.016695 -0.080024 0.90196078 0.90588235 0.95294118
v 0.648570 0.019418 -0.080472 0.90980392 0.90980392 0.95686275
v 0.643087 0.019442 -0.080347 0.88627451 0.89019608 0.93725490
v 0.645817 0.022170 -0.080768 0.88627451 0.89019608 0.93725490
v 0.651302 0.022145 -0.080764 0.90588235 0.90980392 0.96078431
v 0.654009 0.024896 -0.081069 0.90196078 0.90588235 0.95686275
v 0.640341 0.022187 -0.081023 0.89803922 0.90196078 0.95686275
v 0.643070 0.035833 -0.080661 0.90588235 0.91764706 0.95294118
v 0.651258 0.033104 -0.080534 0.89411765 0.90196078 0.94117647
v 0.653987 0.035833 -0.080841 0.90196078 0.90980392 0.94509804
v 0.648528 0.035833 -0.079826 0.90980392 0.92156863 0.95294118
v 0.651257 0.038562 -0.078498 0.92549020 0.92549020 0.96470588
v 0.656716 0.038562 -0.080743 0.90196078 0.91764706 0.94901961
v 0.659445 0.041292 -0.077396 0.83921569 0.84705882 0.89019608
v 0.645799 0.038562 -0.079896 0.91764706 0.92549020 0.95686275
v 0.826042 0.016369 -0.080462 0.83137255 0.61960784 0.59215686
v 0.763168 0.013956 -0.080817 0.73333333 0.57254902 0.53725490
v 0.828782 0.019071 -0.080536 0.70980392 0.56470588 0.54509804
v 0.765895 0.016693 -0.080097 0.72156863 0.56470588 0.52549020
v 0.823312 0.019106 -0.079705 0.80000000 0.63921569 0.61568627
v 0.826055 0.021796 -0.078843 0.77647059 0.60000000 0.58039216
v 0.768612 0.019458 -0.079539 0.78431373 0.59607843 0.56470588
v 0.831495 0.021852 -0.079734 0.74901961 0.58823529 0.57254902
v 0.820568 0.021883 -0.078190 0.78823529 0.59607843 0.57647059
v 0.765894 0.022155 -0.079698 0.84313725 0.62352941 0.58823529
v 0.834151 0.019342 -0.081052 0.67450980 0.58039216 0.56078431
v 0.763216 0.024729 -0.079923 0.82745098 0.61176471 0.56078431
v 0.836872 0.022098 -0.080357 0.76078431 0.59607843 0.58431373
v 0.839578 0.024897 -0.078862 0.76862745 0.58823529 0.58431373
v 0.834181 0.024716 -0.078043 0.74509804 0.58823529 0.57647059
v 0.817836 0.013690 -0.077829 0.73725490 0.52941176 0.50588235
v 0.815072 0.016533 -0.078582 0.75686275 0.55686275 0.53333333
v 0.817846 0.019127 -0.078958 0.77647059 0.58039216 0.55686275
v 0.804262 0.016199 -0.077756 0.76078431 0.56862745 0.54117647
v 0.812421 0.019024 -0.078339 0.76862745 0.57254902 0.54509804
v 0.815162 0.021723 -0.077699 0.77647059 0.57647059 0.55294118
v 0.809755 0.021568 -0.077839 0.78039216 0.58431373 0.56078431
v 0.809675 0.016342 -0.077930 0.74901961 0.55686275 0.52941176
v 0.807019 0.018849 -0.078140 0.76470588 0.57254902 0.54509804
v 0.798921 0.021311 -0.077697 0.81176471 0.61176471 0.59215686
v 0.801605 0.018712 -0.077727 0.79215686 0.59607843 0.57254902
v 0.771342 0.022187 -0.080440 0.85490196 0.65098039 0.62352941
v 0.828715 0.013810 -0.079728 0.78431373 0.54509804 0.50196078
v 0.823310 0.013643 -0.078920 0.76078431 0.53725490 0.50196078
v 0.820622 0.016248 -0.079396 0.76862745 0.56078431 0.53725490
v -0.750707 0.008388 -0.077247 0.73333333 0.54901961 0.50980392
v -0.708838 0.039340 -0.077247 0.85882353 0.81176471 0.80392157
v -0.750528 0.008352 -0.077247 0.73725490 0.55686275 0.51764706
v -0.751449 0.031107 -0.077247 0.83529412 0.61176471 0.58039216
v -0.705680 0.039922 -0.077247 0.89803922 0.89019608 0.90196078
v -0.741319 0.006859 -0.077247 0.74509804 0.56470588 0.52941176
v -0.696536 0.040726 -0.077247 0.85490196 0.87843137 0.90196078
v -0.737710 0.006451 -0.077247 0.74509804 0.57647059 0.54117647
v -0.695691 0.040849 -0.077247 0.84705882 0.86666667 0.89411765
v -0.731303 0.005958 -0.077247 0.75294118 0.59215686 0.55294118
v -0.726037 0.005695 -0.077247 0.75686275 0.60392157 0.56470588
v -0.685993 0.042035 -0.077247 0.87450980 0.88235294 0.90980392
v -0.748932 0.031996 -0.077247 0.83921569 0.61960784 0.58823529
v -0.684142 0.042205 -0.077247 0.87058824 0.88235294 0.90588235
v -0.743179 0.033753 -0.077247 0.84313725 0.62745098 0.60000000
v -0.734272 0.035740 -0.077247 0.85098039 0.63137255 0.60000000
v -0.676213 0.043102 -0.077247 0.86274510 0.86666667 0.89019608
v -0.734252 0.035744 -0.077247 0.84705882 0.64313725 0.60784314
v -0.724784 0.037193 -0.077247 0.84313725 0.66274510 0.62352941
v -0.672037 0.043400 -0.077247 0.87450980 0.87450980 0.90588235
v 0.689905 -0.000085 -0.077247 0.86666667 0.81568627 0.83137255
v -0.721296 0.037799 -0.077247 0.83137255 0.68235294 0.63137255
v -0.665411 0.043139 -0.077247 0.90980392 0.90980392 0.94117647
v 0.688929 -0.000183 -0.077247 0.87450980 0.84313725 0.87058824
v -0.715250 0.038575 -0.077247 0.80784314 0.69803922 0.66274510
v -0.721007 0.005338 -0.077247 0.77647059 0.63137255 0.60000000
v 0.699422 0.001315 -0.077247 0.85882353 0.79607843 0.80784314
v -0.714042 0.004616 -0.077247 0.79215686 0.66274510 0.63137255
v 0.679398 -0.000494 -0.077247 0.87843137 0.85490196 0.88627451
v -0.701991 0.002520 -0.077247 0.81568627 0.70196078 0.67843137
v 0.677726 -0.000470 -0.077247 0.88627451 0.87843137 0.91372549
v -0.711233 0.004195 -0.077247 0.80784314 0.69019608 0.66666667
v -0.700839 0.002331 -0.077247 0.83137255 0.72941176 0.71372549
v 0.668334 0.001009 -0.077247 0.89411765 0.89019608 0.92941176
v -0.692433 0.001161 -0.077247 0.84705882 0.76470588 0.76078431
v 0.666402 0.001585 -0.077247 0.89411765 0.89803922 0.93333333
v 0.738576 0.005787 -0.077247 0.80784314 0.62745098 0.59607843
v 0.706611 0.037739 -0.077247 0.90980392 0.90196078 0.93725490
v -0.688450 0.000858 -0.077247 0.86666667 0.81176471 0.81960784
v 0.705324 0.037943 -0.077247 0.90588235 0.90588235 0.93725490
v -0.681808 0.000870 -0.077247 0.89019608 0.85882353 0.88627451
v 0.800053 0.022424 -0.077247 0.83137255 0.63529412 0.61568627
v 0.695283 0.038910 -0.077247 0.90588235 0.90588235 0.92941176
v -0.677733 0.001058 -0.077247 0.90588235 0.89019608 0.92549020
v 0.694488 0.038993 -0.077247 0.90588235 0.90588235 0.92941176
v -0.668926 0.002835 -0.077247 0.90196078 0.89411765 0.92941176
v 0.685680 0.040234 -0.077247 0.89803922 0.90196078 0.93333333
v -0.668647 0.002889 -0.077247 0.89411765 0.89411765 0.92549020
v 0.718295 0.004276 -0.077247 0.82352941 0.67450980 0.65490196
v 0.718720 0.036486 -0.077247 0.85098039 0.66666667 0.62352941
v 0.714938 0.003992 -0.077247 0.83137255 0.69803922 0.68627451
v 0.715420 0.037031 -0.077247 0.73725490 0.59215686 0.55294118
v 0.724808 0.035415 -0.077247 0.83529412 0.65490196 0.60392157
v 0.728591 0.004896 -0.077247 0.81176471 0.63921569 0.61176471
v 0.726640 0.004777 -0.077247 0.81568627 0.65490196 0.63137255
v 0.708552 0.003102 -0.077247 0.83921569 0.72941176 0.72549020
v 0.701842 0.001813 -0.077247 0.84705882 0.76470588 0.77254902
v 0.682052 0.040518 -0.077247 0.89803922 0.89803922 0.93333333
v 0.675674 0.041145 -0.077247 0.89411765 0.89019608 0.93725490
v 0.745301 0.031628 -0.077247 0.84313725 0.64705882 0.61176471
v 0.743223 0.031828 -0.077247 0.83921569 0.65098039 0.61568627
v 0.670112 0.041542 -0.077247 0.89019608 0.89019608 0.95294118
v 0.665309 0.041697 -0.077247 0.87843137 0.88627451 0.95686275
v 0.731738 0.034338 -0.077247 0.83921569 0.65098039 0.60784314
v 0.734240 0.033866 -0.077247 0.84313725 0.65098039 0.61176471
v -0.712427 0.035751 -0.084133 0.42352941 0.36862745 0.37647059
v -0.685155 0.041192 -0.078847 0.83921569 0.84705882 0.87450980
v -0.750635 0.008460 -0.080763 0.74509804 0.55294118 0.51764706
v -0.674317 0.041121 -0.080290 0.88627451 0.88627451 0.90588235
v -0.750635 0.030293 -0.081968 0.83921569 0.61176471 0.58431373
v 0.700383 0.000354 -0.080668 0.85490196 0.76862745 0.77254902
v -0.663439 0.041087 -0.079639 0.91372549 0.90196078 0.93333333
v 0.678549 0.000354 -0.082421 0.88627451 0.87058824 0.90196078
v -0.723343 0.035751 -0.080942 0.80000000 0.66274510 0.60784314
v -0.668760 0.003001 -0.077567 0.93333333 0.92941176 0.96470588
v -0.712427 0.003001 -0.080964 0.79607843 0.66274510 0.63137255
v 0.684008 0.038562 -0.080475 0.89411765 0.90196078 0.93333333
v 0.694927 0.038554 -0.078059 0.90588235 0.90588235 0.92549020
v 0.733218 0.032853 -0.079664 0.83529412 0.65490196 0.61176471
v 0.722275 0.032931 -0.083589 0.83529412 0.66274510 0.60784314
v 0.673091 0.038562 -0.081257 0.87058824 0.86274510 0.90588235
v -0.844440 0.023822 -0.073387 0.76862745 0.57254902 0.56078431
v -0.843948 0.025355 -0.073387 0.82745098 0.57254902 0.55686275
v -0.840814 0.016531 -0.073387 0.69411765 0.52941176 0.53333333
v -0.842708 0.018657 -0.073387 0.72941176 0.55294118 0.55686275
v -0.843301 0.019503 -0.073387 0.73725490 0.58431373 0.58823529
v -0.840850 0.027412 -0.073387 0.83921569 0.58039216 0.54117647
v -0.840557 0.027423 -0.073387 0.83137255 0.58039216 0.54117647
v -0.835489 0.027315 -0.073387 0.80784314 0.58431373 0.55294118
v -0.834870 0.027194 -0.073387 0.81568627 0.58823529 0.56078431
v -0.839579 0.015528 -0.073387 0.67843137 0.52156863 0.52156863
v -0.837630 0.014258 -0.073387 0.65098039 0.50196078 0.50196078
v -0.833781 0.012648 -0.073387 0.65490196 0.50196078 0.49803922
v -0.830662 0.012070 -0.073387 0.67058824 0.50588235 0.49803922
v -0.829010 0.011961 -0.073387 0.70196078 0.50196078 0.49803922
v -0.825041 0.011906 -0.073387 0.73333333 0.50196078 0.50196078
v -0.823523 0.011989 -0.073387 0.76470588 0.51372549 0.51372549
v -0.820001 0.012325 -0.073387 0.76862745 0.51764706 0.51372549
v -0.811527 0.013068 -0.073387 0.75686275 0.50980392 0.50196078
v -0.809954 0.013194 -0.073387 0.75294118 0.51372549 0.50196078
v -0.805235 0.013934 -0.073387 0.76470588 0.52156863 0.50980392
v -0.805197 0.013940 -0.073387 0.75686275 0.52156863 0.50588235
v -0.652584 0.041112 -0.073387 0.88235294 0.87843137 0.93333333
v -0.652460 0.041150 -0.073387 0.88235294 0.87843137 0.93333333
v -0.800393 0.014550 -0.073387 0.75686275 0.52156863 0.50588235
v -0.647710 0.041739 -0.073387 0.89803922 0.89019608 0.94117647
v -0.646378 0.041773 -0.073387 0.90196078 0.89411765 0.94117647
v -0.799010 0.014669 -0.073387 0.76078431 0.52941176 0.50980392
v -0.643805 0.043365 -0.073387 0.90588235 0.90196078 0.94509804
v -0.795612 0.028984 -0.073387 0.87450980 0.64313725 0.60784314
v -0.639565 0.044615 -0.073387 0.89411765 0.88627451 0.94117647
v -0.792544 0.028535 -0.073387 0.88627451 0.64705882 0.59215686
v -0.637996 0.044691 -0.073387 0.89019608 0.87843137 0.93725490
v -0.635461 0.046066 -0.073387 0.89411765 0.88235294 0.94509804
v -0.609163 0.052024 -0.073387 0.92941176 0.93333333 0.96078431
v -0.627540 -0.005472 -0.073387 0.79607843 0.79607843 0.82745098
v -0.608899 0.051989 -0.073387 0.92941176 0.92941176 0.96078431
v -0.795506 0.015122 -0.073387 0.76470588 0.53725490 0.51372549
v -0.622476 -0.005301 -0.073387 0.79607843 0.79215686 0.82352941
v -0.792511 0.015709 -0.073387 0.76862745 0.54509804 0.51764706
v -0.790924 0.015998 -0.073387 0.77647059 0.55686275 0.52549020
v -0.633830 0.048851 -0.073387 0.89803922 0.89411765 0.94117647
v 0.835202 0.012911 -0.073387 0.74901961 0.55294118 0.54117647
v -0.786288 0.016820 -0.073387 0.77647059 0.55686275 0.52549020
v -0.633559 0.049631 -0.073387 0.87843137 0.88627451 0.92941176
v 0.831612 0.011499 -0.073387 0.72941176 0.53333333 0.52156863
v -0.604698 0.052840 -0.073387 0.92156863 0.91372549 0.96862745
v -0.632718 0.049959 -0.073387 0.90980392 0.90980392 0.95294118
v 0.838452 0.015119 -0.073387 0.76862745 0.57647059 0.56078431
v -0.601999 0.053463 -0.073387 0.92156863 0.90980392 0.96470588
v -0.628299 0.049874 -0.073387 0.92549020 0.92549020 0.94901961
v -0.627104 0.050115 -0.073387 0.92156863 0.92156863 0.94509804
v 0.841070 0.017960 -0.073387 0.76470588 0.57254902 0.56862745
v -0.623690 0.050724 -0.073387 0.91372549 0.92156863 0.94901961
v -0.621073 0.050688 -0.073387 0.90196078 0.91372549 0.94901961
v -0.618574 0.050869 -0.073387 0.90196078 0.90980392 0.94117647
v -0.614466 0.052047 -0.073387 0.91372549 0.91372549 0.94901961
v -0.614232 0.052100 -0.073387 0.93333333 0.93333333 0.95686275
v 0.842494 0.021994 -0.073387 0.77647059 0.58039216 0.58823529
v -0.600432 0.053787 -0.073387 0.91764706 0.90980392 0.95686275
v -0.785903 0.016859 -0.073387 0.78823529 0.56862745 0.53725490
v 0.842473 0.022360 -0.073387 0.78823529 0.59215686 0.60784314
v -0.622274 -0.005279 -0.073387 0.79215686 0.79215686 0.82352941
v -0.781414 0.017405 -0.073387 0.78039216 0.56470588 0.52941176
v -0.830521 0.026825 -0.073387 0.82352941 0.59215686 0.56862745
v -0.616939 -0.005220 -0.073387 0.79215686 0.78823529 0.81960784
v -0.616871 -0.005220 -0.073387 0.79215686 0.78823529 0.81960784
v -0.829057 0.026840 -0.073387 0.82745098 0.59607843 0.56862745
v -0.777531 0.024439 -0.073387 0.80392157 0.57647059 0.54509804
v -0.824686 0.027201 -0.073387 0.83921569 0.59607843 0.56862745
v -0.611522 -0.005111 -0.073387 0.79215686 0.78823529 0.81960784
v -0.773336 0.023968 -0.073387 0.81176471 0.58039216 0.54509804
v -0.823979 0.027219 -0.073387 0.83137255 0.59607843 0.56078431
v -0.819051 0.027378 -0.073387 0.83921569 0.60392157 0.57254902
v -0.596219 0.054820 -0.073387 0.91372549 0.90196078 0.94901961
v -0.611383 -0.005122 -0.073387 0.79607843 0.79215686 0.82352941
v -0.772685 0.019592 -0.073387 0.78431373 0.56862745 0.52941176
v -0.818674 0.027373 -0.073387 0.84705882 0.60392157 0.57254902
v -0.772339 0.019506 -0.073387 0.78039216 0.56470588 0.52941176
v -0.771754 0.024120 -0.073387 0.80392157 0.57647059 0.54509804
v -0.606481 -0.005679 -0.073387 0.79607843 0.79215686 0.82745098
v -0.605474 -0.005700 -0.073387 0.80000000 0.79607843 0.83137255
v -0.767193 0.025017 -0.073387 0.81960784 0.58431373 0.55686275
v -0.813796 0.027953 -0.073387 0.86274510 0.59607843 0.57254902
v -0.600957 -0.005613 -0.073387 0.80392157 0.80000000 0.83529412
v -0.600136 -0.005581 -0.073387 0.81176471 0.80784314 0.84313725
v -0.766576 0.025269 -0.073387 0.82745098 0.59215686 0.56862745
v -0.768785 0.017602 -0.073387 0.76078431 0.55294118 0.51764706
v -0.812974 0.027996 -0.073387 0.86274510 0.60392157 0.58823529
v -0.764719 0.016209 -0.073387 0.74117647 0.54509804 0.50588235
v -0.808414 0.028030 -0.073387 0.87058824 0.61568627 0.60000000
v -0.807512 0.028001 -0.073387 0.85882353 0.60784314 0.58823529
v -0.817497 0.012557 -0.073387 0.76470588 0.51764706 0.50980392
v -0.761892 0.013579 -0.073387 0.72941176 0.53725490 0.49803922
v -0.759101 0.010910 -0.073387 0.72941176 0.54117647 0.50196078
v -0.814976 0.012758 -0.073387 0.76078431 0.51372549 0.50588235
v -0.762221 0.025504 -0.073387 0.82745098 0.59607843 0.57254902
v -0.760275 0.029016 -0.073387 0.83529412 0.60392157 0.57647059
v -0.652920 -0.002993 -0.073387 0.78823529 0.79215686 0.82352941
v -0.649946 -0.005477 -0.073387 0.78039216 0.78039216 0.81568627
v -0.649062 -0.005813 -0.073387 0.77254902 0.77647059 0.80784314
v -0.645545 -0.006537 -0.073387 0.77254902 0.77647059 0.80784314
v -0.642963 -0.006456 -0.073387 0.77254902 0.77647059 0.80784314
v -0.639756 -0.006207 -0.073387 0.78431373 0.78431373 0.81960784
v -0.638030 -0.005930 -0.073387 0.79215686 0.79215686 0.82352941
v -0.633381 -0.005116 -0.073387 0.80000000 0.80000000 0.83137255
v -0.633201 -0.005110 -0.073387 0.80392157 0.80392157 0.83529412
v -0.628080 -0.005447 -0.073387 0.80000000 0.80000000 0.83137255
v -0.660301 0.044225 -0.073387 0.90980392 0.90980392 0.94509804
v -0.656210 0.042859 -0.073387 0.90588235 0.90196078 0.94509804
v 0.624144 -0.010742 -0.073387 0.78431373 0.78431373 0.82352941
v 0.623748 -0.010780 -0.073387 0.76862745 0.76862745 0.80392157
v 0.633074 -0.008755 -0.073387 0.79607843 0.79607843 0.83529412
v 0.630676 -0.009311 -0.073387 0.79607843 0.79607843 0.83137255
v 0.613592 -0.011106 -0.073387 0.77254902 0.77254902 0.81568627
v 0.628385 -0.009524 -0.073387 0.79215686 0.80000000 0.83137255
v 0.612413 -0.011199 -0.073387 0.77647059 0.77647059 0.81568627
v 0.636859 -0.008587 -0.073387 0.78823529 0.78823529 0.83137255
v 0.658096 0.042640 -0.073387 0.89411765 0.89803922 0.94901961
v 0.654766 0.042071 -0.073387 0.87843137 0.88235294 0.92156863
v 0.649547 0.040273 -0.073387 0.91372549 0.91372549 0.95294118
v 0.647959 0.040723 -0.073387 0.91372549 0.91372549 0.95294118
v 0.643174 0.041396 -0.073387 0.91372549 0.92156863 0.94509804
v 0.653689 0.041589 -0.073387 0.89803922 0.90196078 0.94117647
v 0.618930 -0.010986 -0.073387 0.77647059 0.77647059 0.81568627
v 0.618049 -0.011021 -0.073387 0.77254902 0.77254902 0.81568627
v 0.603147 -0.011577 -0.073387 0.79607843 0.80000000 0.83529412
v 0.600769 -0.011926 -0.073387 0.80000000 0.80392157 0.83921569
v 0.634345 0.044558 -0.073387 0.90980392 0.90980392 0.94901961
v 0.631089 0.045686 -0.073387 0.90588235 0.90588235 0.94509804
v 0.592505 -0.011853 -0.073387 0.81176471 0.81568627 0.85490196
v 0.598059 -0.011949 -0.073387 0.80392157 0.80784314 0.84705882
v 0.595806 -0.011431 -0.073387 0.80784314 0.81176471 0.85098039
v 0.626695 0.046750 -0.073387 0.90196078 0.90588235 0.94117647
v 0.608249 -0.011221 -0.073387 0.77254902 0.77254902 0.81176471
v 0.606579 -0.011574 -0.073387 0.78431373 0.78431373 0.82352941
v 0.603550 0.053520 -0.073387 0.96470588 0.96862745 0.97254902
v 0.600905 0.053710 -0.073387 0.96470588 0.96862745 0.96862745
v 0.626695 0.046750 -0.073387 0.90196078 0.90588235 0.94117647
v 0.597724 0.053888 -0.073387 0.96470588 0.97254902 0.96862745
v 0.643734 -0.008499 -0.073387 0.78431373 0.78431373 0.82352941
v 0.595689 0.053952 -0.073387 0.96470588 0.97254902 0.97254902
v 0.642276 -0.008679 -0.073387 0.78823529 0.78823529 0.83137255
v 0.638427 -0.008650 -0.073387 0.78823529 0.78823529 0.82745098
v 0.642875 0.041487 -0.073387 0.91372549 0.92156863 0.94509804
v 0.647413 -0.006719 -0.073387 0.78431373 0.78039216 0.81176471
v 0.639181 0.042861 -0.073387 0.91372549 0.92156863 0.94901961
v 0.635175 0.044314 -0.073387 0.90980392 0.90980392 0.94901961
v 0.650150 -0.003998 -0.073387 0.85882353 0.85490196 0.88235294
v 0.618570 0.049416 -0.073387 0.91372549 0.91764706 0.94901961
v 0.618466 0.049438 -0.073387 0.91372549 0.91764706 0.94901961
v 0.622773 0.048287 -0.073387 0.90588235 0.91372549 0.94509804
v 0.652394 -0.000783 -0.073387 0.90980392 0.90980392 0.93725490
v 0.655689 0.001380 -0.073387 0.91372549 0.90980392 0.94117647
v 0.614328 0.050758 -0.073387 0.92156863 0.92156863 0.95294118
v 0.610438 0.052090 -0.073387 0.93725490 0.93725490 0.96470588
v 0.610259 0.052147 -0.073387 0.93725490 0.93725490 0.96470588
v 0.658077 0.001654 -0.073387 0.89803922 0.89803922 0.93333333
v 0.605955 0.053302 -0.073387 0.95686275 0.96078431 0.97254902
v 0.762630 0.025228 -0.073387 0.83921569 0.63921569 0.60784314
v 0.759663 0.026409 -0.073387 0.84313725 0.63921569 0.60784314
v 0.820649 0.010964 -0.073387 0.68235294 0.48627451 0.46274510
v 0.820422 0.010990 -0.073387 0.68235294 0.48627451 0.46274510
v 0.815388 0.011487 -0.073387 0.68627451 0.49019608 0.46666667
v 0.814628 0.011568 -0.073387 0.69411765 0.50980392 0.47843137
v 0.810289 0.011820 -0.073387 0.70980392 0.52549020 0.49411765
v 0.796551 0.013220 -0.073387 0.69019608 0.51764706 0.48235294
v 0.795540 0.013292 -0.073387 0.67843137 0.51372549 0.48235294
v 0.791013 0.014282 -0.073387 0.69019608 0.52549020 0.49803922
v 0.808731 0.011994 -0.073387 0.70196078 0.52549020 0.48627451
v 0.805304 0.012265 -0.073387 0.70980392 0.52941176 0.49019608
v 0.802671 0.012504 -0.073387 0.70588235 0.52549020 0.48627451
v 0.800422 0.012719 -0.073387 0.70588235 0.52549020 0.49019608
v 0.826353 0.010816 -0.073387 0.68627451 0.49019608 0.47450980
v 0.825500 0.010732 -0.073387 0.69019608 0.49019608 0.47058824
v 0.831240 0.011414 -0.073387 0.70980392 0.51372549 0.49411765
v 0.827909 0.025448 -0.073387 0.80000000 0.59607843 0.59215686
v 0.824307 0.025599 -0.073387 0.80000000 0.59607843 0.58823529
v 0.838067 0.026411 -0.073387 0.76078431 0.57254902 0.56862745
v 0.835625 0.026328 -0.073387 0.78431373 0.57647059 0.57647059
v 0.840381 0.025710 -0.073387 0.76470588 0.57647059 0.57647059
v 0.832889 0.026006 -0.073387 0.80000000 0.58823529 0.58431373
v 0.829681 0.025560 -0.073387 0.80392157 0.59607843 0.59607843
v 0.816031 0.026266 -0.073387 0.80000000 0.59607843 0.57647059
v 0.814550 0.026371 -0.073387 0.80784314 0.60000000 0.58039216
v 0.821938 0.025944 -0.073387 0.80392157 0.59215686 0.58431373
v 0.819440 0.026101 -0.073387 0.80392157 0.59607843 0.58039216
v 0.755906 0.010245 -0.073387 0.76078431 0.58823529 0.55294118
v 0.759133 0.012485 -0.073387 0.74901961 0.57647059 0.54117647
v 0.809987 0.026766 -0.073387 0.80784314 0.60000000 0.58431373
v 0.761178 0.015845 -0.073387 0.75294118 0.58039216 0.54509804
v 0.809611 0.026796 -0.073387 0.81176471 0.60392157 0.58431373
v 0.765982 0.016606 -0.073387 0.76862745 0.58823529 0.55686275
v 0.804572 0.026596 -0.073387 0.81568627 0.61176471 0.59215686
v 0.765655 0.016447 -0.073387 0.75686275 0.58039216 0.54509804
v 0.789786 0.014565 -0.073387 0.70196078 0.53333333 0.50980392
v 0.786349 0.015111 -0.073387 0.71372549 0.54509804 0.52549020
v 0.783182 0.015702 -0.073387 0.72156863 0.55686275 0.53333333
v 0.773365 0.018672 -0.073387 0.74117647 0.56862745 0.54117647
v 0.769839 0.018212 -0.073387 0.76078431 0.58431373 0.55294118
v 0.769476 0.023967 -0.073387 0.81568627 0.62745098 0.60000000
v 0.767542 0.023714 -0.073387 0.81960784 0.62745098 0.59607843
v 0.773433 0.025381 -0.073387 0.83921569 0.62352941 0.60000000
v 0.763349 0.024712 -0.073387 0.82745098 0.63137255 0.60392157
v 0.756145 0.028352 -0.073387 0.84705882 0.64313725 0.61176471
v 0.752636 0.030298 -0.073387 0.84705882 0.64705882 0.61176471
v -0.843428 0.019376 -0.073741 0.76078431 0.56470588 0.56470588
v -0.840698 0.027564 -0.073589 0.81176471 0.57254902 0.54117647
v -0.810677 0.013918 -0.074807 0.77254902 0.51764706 0.51372549
v -0.647083 0.035609 -0.076410 0.92941176 0.92549020 0.96862745
v -0.807948 0.016647 -0.076456 0.77254902 0.52549020 0.51764706
v -0.810677 0.024835 -0.076520 0.84313725 0.56470588 0.57254902
v -0.609015 0.051872 -0.073473 0.92941176 0.92941176 0.96078431
v -0.652542 0.041069 -0.073414 0.88235294 0.87843137 0.93333333
v -0.807948 0.022106 -0.076917 0.80000000 0.54117647 0.53725490
v -0.649813 0.038339 -0.075418 0.90980392 0.90588235 0.95294118
v -0.805219 0.019376 -0.076932 0.78823529 0.53333333 0.52941176
v -0.647062 0.041089 -0.073566 0.90196078 0.89411765 0.94509804
v -0.611677 0.049199 -0.075356 0.93333333 0.93333333 0.96470588
v -0.802490 0.016647 -0.075584 0.77647059 0.52941176 0.52156863
v -0.644314 0.038376 -0.075755 0.91764706 0.90980392 0.96078431
v -0.802490 0.022106 -0.076739 0.81176471 0.54509804 0.55294118
v -0.606314 0.049117 -0.075976 0.93333333 0.92941176 0.97254902
v -0.799761 0.019376 -0.076507 0.78823529 0.54117647 0.53333333
v -0.797031 0.016647 -0.074943 0.77647059 0.53725490 0.52549020
v -0.641539 0.041147 -0.074971 0.90588235 0.89803922 0.95294118
v -0.799761 0.024835 -0.075962 0.80784314 0.53333333 0.54509804
v -0.797032 0.022106 -0.076449 0.79215686 0.54509804 0.54117647
v -0.603718 0.051734 -0.074647 0.92941176 0.91764706 0.97254902
v -0.598384 0.051628 -0.075640 0.93333333 0.92156863 0.96078431
v -0.638818 0.043869 -0.073894 0.89411765 0.88235294 0.94509804
v -0.641577 0.035652 -0.076958 0.92549020 0.92156863 0.96862745
v -0.622364 -0.005189 -0.075566 0.79607843 0.79607843 0.82352941
v -0.794302 0.019376 -0.075844 0.78039216 0.54901961 0.52941176
v -0.616906 -0.005189 -0.075000 0.79215686 0.78823529 0.81960784
v -0.797031 0.027564 -0.074592 0.85490196 0.61176471 0.59215686
v -0.638834 0.038395 -0.076786 0.90980392 0.90196078 0.95686275
v -0.794302 0.024835 -0.075594 0.78039216 0.56470588 0.54509804
v -0.636066 0.041159 -0.076405 0.89411765 0.88627451 0.94509804
v -0.633309 0.043914 -0.076157 0.88627451 0.87843137 0.94117647
v -0.633280 0.049397 -0.073654 0.89803922 0.89411765 0.94117647
v -0.791573 0.022106 -0.075774 0.79215686 0.56470588 0.54117647
v -0.630551 0.046668 -0.075168 0.89803922 0.89411765 0.94901961
v -0.627822 0.049397 -0.073769 0.92156863 0.91764706 0.94901961
v -0.791573 0.027564 -0.073950 0.87450980 0.63137255 0.57647059
v -0.625093 0.046668 -0.076387 0.90588235 0.90196078 0.95294118
v -0.788844 0.024835 -0.075300 0.82352941 0.58823529 0.54509804
v -0.622364 0.049397 -0.074723 0.90980392 0.91764706 0.95686275
v -0.791573 0.016647 -0.074002 0.78039216 0.55686275 0.53333333
v -0.617005 0.049311 -0.075494 0.91372549 0.91764706 0.94901961
v -0.788844 0.019376 -0.075084 0.79607843 0.57254902 0.54117647
v -0.614376 0.051955 -0.073468 0.93333333 0.93333333 0.96078431
v -0.786115 0.022106 -0.074893 0.83137255 0.60784314 0.58431373
v -0.783385 0.019376 -0.074445 0.80000000 0.57647059 0.54901961
v -0.775198 0.022106 -0.073675 0.78431373 0.56470588 0.52941176
v -0.769740 0.022106 -0.073982 0.78823529 0.56862745 0.53725490
v -0.767010 0.024835 -0.073516 0.81568627 0.58431373 0.56078431
v -0.816136 0.024835 -0.076411 0.86274510 0.55294118 0.52941176
v -0.813407 0.027564 -0.074007 0.86666667 0.59607843 0.57647059
v -0.767011 0.019376 -0.074458 0.76078431 0.55294118 0.51764706
v -0.764281 0.016647 -0.073836 0.74117647 0.54117647 0.50196078
v -0.652402 -0.002474 -0.075951 0.78431373 0.78823529 0.81960784
v -0.807948 0.027564 -0.073932 0.86666667 0.60392157 0.58431373
v -0.816136 0.013918 -0.075836 0.77647059 0.51764706 0.51372549
v -0.649673 -0.005206 -0.076033 0.76862745 0.77254902 0.80392157
v -0.660691 0.043833 -0.074500 0.91372549 0.91372549 0.94117647
v -0.657986 0.041082 -0.077063 0.89411765 0.89411765 0.93725490
v -0.652545 0.035606 -0.076526 0.91764706 0.91764706 0.96078431
v 0.623966 -0.010563 -0.073743 0.76862745 0.76862745 0.80392157
v 0.613049 -0.010563 -0.074740 0.76078431 0.76078431 0.80392157
v 0.618507 -0.010563 -0.074892 0.76470588 0.76470588 0.80000000
v 0.621236 -0.007834 -0.076672 0.76470588 0.76862745 0.80392157
v 0.615778 -0.007834 -0.077077 0.76862745 0.77254902 0.80784314
v 0.602132 -0.010563 -0.074562 0.79215686 0.79607843 0.82745098
v 0.591215 -0.010563 -0.075098 0.80000000 0.80392157 0.84705882
v 0.596674 -0.010563 -0.074634 0.79607843 0.80392157 0.83921569
v 0.643095 -0.007860 -0.074081 0.78431373 0.78039216 0.82352941
v 0.637612 -0.007834 -0.074200 0.78431373 0.78431373 0.82745098
v 0.640365 -0.005130 -0.076198 0.80000000 0.79607843 0.83921569
v 0.645827 -0.005133 -0.075376 0.81176471 0.81176471 0.84705882
v 0.607590 -0.010563 -0.074423 0.76078431 0.76078431 0.79607843
v 0.648559 -0.002406 -0.075650 0.89803922 0.89803922 0.92941176
v 0.643096 -0.002402 -0.077046 0.89411765 0.88627451 0.93333333
v 0.645846 0.000307 -0.077236 0.91764706 0.91372549 0.95686275
v 0.651290 0.000321 -0.074726 0.91372549 0.91372549 0.94509804
v 0.654043 0.003026 -0.075429 0.91372549 0.91372549 0.94509804
v 0.648579 0.003032 -0.076962 0.91764706 0.91764706 0.95294118
v 0.659501 0.003027 -0.075896 0.90196078 0.89803922 0.93725490
v 0.632153 -0.007834 -0.074622 0.79215686 0.79215686 0.83137255
v 0.653987 0.041292 -0.074729 0.88235294 0.88627451 0.92549020
v 0.626695 -0.007834 -0.076013 0.78431373 0.78823529 0.82745098
v 0.634882 -0.005105 -0.076637 0.80000000 0.80000000 0.83921569
v 0.643070 0.041292 -0.073889 0.91372549 0.92156863 0.94901961
v 0.634882 0.044021 -0.074727 0.90980392 0.91372549 0.95686275
v 0.604861 0.052208 -0.076538 0.95294118 0.95294118 0.97254902
v 0.765934 0.022031 -0.074117 0.80392157 0.61568627 0.58039216
v 0.763253 0.024617 -0.073459 0.82352941 0.62745098 0.59607843
v 0.820527 0.011080 -0.074017 0.70196078 0.49019608 0.47058824
v 0.812329 0.013844 -0.076962 0.71764706 0.52549020 0.49803922
v 0.795985 0.013744 -0.074029 0.70588235 0.52941176 0.50196078
v 0.793320 0.016276 -0.075739 0.73333333 0.55294118 0.52941176
v 0.806883 0.013803 -0.076058 0.71764706 0.53725490 0.50196078
v 0.801505 0.013548 -0.074903 0.72549020 0.54117647 0.50588235
v 0.798823 0.016135 -0.076666 0.72941176 0.54901961 0.51764706
v 0.796124 0.018778 -0.077128 0.78039216 0.58039216 0.55686275
v 0.825963 0.011151 -0.075874 0.73333333 0.52941176 0.50588235
v 0.828784 0.024532 -0.075735 0.78823529 0.59607843 0.58823529
v 0.823255 0.024740 -0.075729 0.79607843 0.60000000 0.58823529
v 0.817869 0.024525 -0.076186 0.79607843 0.59607843 0.57647059
v 0.812492 0.024281 -0.076340 0.80000000 0.59607843 0.57647059
v 0.807106 0.024064 -0.076266 0.80784314 0.60392157 0.58431373
v 0.787797 0.016476 -0.074764 0.73725490 0.56470588 0.54117647
v 0.790606 0.018961 -0.076242 0.78823529 0.59607843 0.57647059
v 0.782298 0.016605 -0.073824 0.74117647 0.57254902 0.54901961
v 0.785084 0.019160 -0.075143 0.76078431 0.58823529 0.56862745
v 0.787896 0.021640 -0.076288 0.80000000 0.61960784 0.60000000
v 0.793398 0.021508 -0.076860 0.84705882 0.61568627 0.59607843
v 0.796191 0.024055 -0.076048 0.82352941 0.64313725 0.61960784
v 0.790692 0.024176 -0.075429 0.85098039 0.64705882 0.63137255
v 0.793429 0.026893 -0.074319 0.72941176 0.59215686 0.57647059
v 0.774093 0.019390 -0.073729 0.74901961 0.57647059 0.54901961
v 0.768637 0.019381 -0.073897 0.79215686 0.60392157 0.57647059
v 0.765895 0.016691 -0.073450 0.78039216 0.59607843 0.56470588
v 0.771385 0.022054 -0.073990 0.78823529 0.60000000 0.57254902
v 0.776859 0.022005 -0.074847 0.78039216 0.60000000 0.57647059
v 0.774155 0.024661 -0.073664 0.83529412 0.61568627 0.59215686
v 0.752353 0.030034 -0.074867 0.84705882 0.64313725 0.61176471
v -0.838787 0.018559 -0.069527 0.72549020 0.54901961 0.54117647
v -0.840389 0.021796 -0.069527 0.78823529 0.60392157 0.60000000
v -0.837957 0.024822 -0.069527 0.74901961 0.57254902 0.54901961
v -0.833409 0.025733 -0.069527 0.81568627 0.58039216 0.55294118
v -0.836203 0.015685 -0.069527 0.58823529 0.47843137 0.47843137
v -0.832515 0.013922 -0.069527 0.65098039 0.49411765 0.49019608
v -0.832508 0.013920 -0.069527 0.66666667 0.49803922 0.49019608
v -0.828149 0.012821 -0.069527 0.66274510 0.51764706 0.49803922
v -0.825629 0.012495 -0.069527 0.70588235 0.50196078 0.49019608
v -0.823116 0.012396 -0.069527 0.72156863 0.49803922 0.49019608
v -0.819966 0.012290 -0.069527 0.73333333 0.50196078 0.49411765
v -0.812276 0.012319 -0.069527 0.73725490 0.50196078 0.49019608
v -0.612702 0.055655 -0.069527 0.92549020 0.92549020 0.97647059
v -0.655854 0.044409 -0.069527 0.90588235 0.90980392 0.95686275
v -0.610004 0.056345 -0.069527 0.91764706 0.91764706 0.96862745
v -0.809185 0.012426 -0.069527 0.73725490 0.50588235 0.49019608
v -0.608247 0.056497 -0.069527 0.91764706 0.91372549 0.96470588
v -0.654775 0.044294 -0.069527 0.90588235 0.90980392 0.95294118
v -0.604327 0.056585 -0.069527 0.90196078 0.89019608 0.94509804
v -0.806554 0.012583 -0.069527 0.73725490 0.50980392 0.49019608
v -0.603311 0.056787 -0.069527 0.89803922 0.89019608 0.94509804
v -0.803918 0.012617 -0.069527 0.74509804 0.51764706 0.49411765
v -0.801035 0.012644 -0.069527 0.74117647 0.51764706 0.49411765
v -0.622030 -0.004855 -0.069527 0.79215686 0.78823529 0.81960784
v -0.650962 0.045008 -0.069527 0.89411765 0.90196078 0.94117647
v -0.831306 0.026039 -0.069527 0.81568627 0.58823529 0.56470588
v -0.798694 0.012851 -0.069527 0.74509804 0.52156863 0.49411765
v -0.795102 0.013118 -0.069527 0.73333333 0.52156863 0.48627451
v -0.793605 0.013221 -0.069527 0.72941176 0.52156863 0.49019608
v -0.647640 0.045966 -0.069527 0.89411765 0.90196078 0.94509804
v -0.828821 0.026603 -0.069527 0.81176471 0.58431373 0.55686275
v -0.824459 0.027428 -0.069527 0.80000000 0.58039216 0.52941176
v -0.617492 -0.004602 -0.069527 0.79215686 0.78823529 0.81960784
v -0.824217 0.027457 -0.069527 0.82352941 0.60000000 0.56470588
v -0.819458 0.028157 -0.069527 0.83529412 0.60784314 0.57647059
v -0.616370 -0.004651 -0.069527 0.79215686 0.78823529 0.81960784
v -0.789203 0.013559 -0.069527 0.73333333 0.52549020 0.49019608
v -0.818084 0.028345 -0.069527 0.83921569 0.61176471 0.58039216
v -0.646708 0.046272 -0.069527 0.90196078 0.90980392 0.94901961
v -0.611526 -0.005107 -0.069527 0.79215686 0.78823529 0.82352941
v -0.814777 0.028934 -0.069527 0.84313725 0.61176471 0.58039216
v -0.611376 -0.005115 -0.069527 0.79607843 0.79215686 0.82352941
v -0.642532 0.047613 -0.069527 0.89019608 0.89411765 0.93725490
v -0.606234 -0.005431 -0.069527 0.79607843 0.79215686 0.82352941
v -0.788530 0.013604 -0.069527 0.73333333 0.52549020 0.49019608
v -0.640147 0.047997 -0.069527 0.89411765 0.89411765 0.93333333
v -0.605756 -0.005419 -0.069527 0.80000000 0.79607843 0.83137255
v -0.637961 0.048524 -0.069527 0.87843137 0.88235294 0.92549020
v -0.783416 0.013887 -0.069527 0.73333333 0.52941176 0.49019608
v -0.600871 -0.005527 -0.069527 0.80784314 0.80392157 0.83921569
v -0.600164 -0.005552 -0.069527 0.81176471 0.80784314 0.84313725
v -0.783361 0.013893 -0.069527 0.73333333 0.53333333 0.49019608
v -0.778695 0.014686 -0.069527 0.73333333 0.53725490 0.49019608
v -0.810973 0.029998 -0.069527 0.85098039 0.61176471 0.58431373
v -0.810491 0.030107 -0.069527 0.83921569 0.61960784 0.58823529
v -0.805268 0.030342 -0.069527 0.82745098 0.61568627 0.58823529
v -0.773054 0.029708 -0.069527 0.84313725 0.60000000 0.56862745
v -0.627843 -0.005169 -0.069527 0.79607843 0.79215686 0.82745098
v -0.627799 -0.005166 -0.069527 0.79215686 0.79215686 0.82352941
v -0.771875 0.029699 -0.069527 0.86274510 0.62352941 0.58039216
v -0.599780 0.058464 -0.069527 0.90196078 0.90196078 0.94901961
v -0.817855 0.012198 -0.069527 0.74117647 0.50588235 0.49411765
v -0.814412 0.012194 -0.069527 0.74117647 0.50196078 0.49019608
v -0.767623 0.029680 -0.069527 0.83137255 0.59215686 0.56470588
v -0.622665 -0.004888 -0.069527 0.79215686 0.78823529 0.82352941
v -0.766334 0.029617 -0.069527 0.85490196 0.61176471 0.59607843
v -0.761863 0.029982 -0.069527 0.85098039 0.60392157 0.58039216
v -0.633865 0.049943 -0.069527 0.87450980 0.87843137 0.92156863
v -0.776834 0.015012 -0.069527 0.73725490 0.54117647 0.49411765
v -0.773399 0.014848 -0.069527 0.74509804 0.54901961 0.50196078
v -0.630885 0.052460 -0.069527 0.87450980 0.88235294 0.93333333
v -0.629968 0.052710 -0.069527 0.87450980 0.88235294 0.92941176
v -0.771865 0.014522 -0.069527 0.74509804 0.55294118 0.50588235
v -0.625944 0.052977 -0.069527 0.87058824 0.87843137 0.92156863
v -0.767629 0.013300 -0.069527 0.74117647 0.55294118 0.50588235
v -0.624036 0.053183 -0.069527 0.87450980 0.87843137 0.92156863
v -0.766099 0.013006 -0.069527 0.74117647 0.54901961 0.50588235
v -0.621056 0.053464 -0.069527 0.89803922 0.90196078 0.93725490
v -0.763114 0.012356 -0.069527 0.73333333 0.54901961 0.50196078
v -0.759366 0.010646 -0.069527 0.73333333 0.55294118 0.50588235
v -0.761389 0.030131 -0.069527 0.83921569 0.60392157 0.58039216
v -0.653155 -0.003228 -0.069527 0.80000000 0.80000000 0.83529412
v -0.617649 0.054126 -0.069527 0.92941176 0.93333333 0.96078431
v -0.649888 -0.004984 -0.069527 0.78823529 0.79215686 0.82352941
v -0.649592 -0.005123 -0.069527 0.78431373 0.78431373 0.81960784
v -0.616713 0.054351 -0.069527 0.92941176 0.93333333 0.96470588
v -0.645033 -0.006025 -0.069527 0.78039216 0.78431373 0.81568627
v -0.643414 -0.006003 -0.069527 0.78039216 0.78039216 0.81568627
v -0.639515 -0.005965 -0.069527 0.78823529 0.78823529 0.82352941
v -0.638097 -0.005861 -0.069527 0.79215686 0.79215686 0.82352941
v -0.633583 -0.005491 -0.069527 0.79215686 0.79215686 0.82745098
v -0.632983 -0.005488 -0.069527 0.79607843 0.79215686 0.82745098
v -0.659359 0.045165 -0.069527 0.90196078 0.90588235 0.94509804
v 0.624690 -0.011287 -0.069527 0.79607843 0.79607843 0.83921569
v 0.623168 -0.011361 -0.069527 0.78823529 0.78823529 0.83137255
v 0.613406 -0.010920 -0.069527 0.78039216 0.78039216 0.82352941
v 0.629847 -0.010986 -0.069527 0.80000000 0.79607843 0.84313725
v 0.629101 -0.010886 -0.069527 0.80000000 0.79607843 0.84705882
v 0.633992 -0.011453 -0.069527 0.80000000 0.79607843 0.84313725
v 0.612713 -0.010899 -0.069527 0.78039216 0.78039216 0.82352941
v 0.656813 0.043924 -0.069527 0.91764706 0.91764706 0.95686275
v 0.619293 -0.011349 -0.069527 0.78823529 0.78431373 0.83137255
v 0.656513 0.043818 -0.069527 0.90980392 0.91372549 0.95294118
v 0.617775 -0.011296 -0.069527 0.78431373 0.78039216 0.82745098
v 0.648556 0.041263 -0.069527 0.91372549 0.91764706 0.95686275
v 0.648509 0.041272 -0.069527 0.91764706 0.92156863 0.95686275
v 0.643730 0.041951 -0.069527 0.91764706 0.92156863 0.95294118
v 0.652979 0.042300 -0.069527 0.91372549 0.91764706 0.95686275
v 0.603355 -0.011786 -0.069527 0.80000000 0.80000000 0.83921569
v 0.600673 -0.012022 -0.069527 0.80784314 0.80784314 0.84705882
v 0.633602 0.045301 -0.069527 0.90980392 0.92156863 0.94901961
v 0.631400 0.045997 -0.069527 0.91372549 0.91764706 0.95294118
v 0.627097 0.047152 -0.069527 0.91764706 0.92156863 0.95686275
v 0.598218 -0.012107 -0.069527 0.81960784 0.82352941 0.85882353
v 0.595091 -0.012146 -0.069527 0.81960784 0.82352941 0.86274510
v 0.642216 0.042146 -0.069527 0.91764706 0.92549020 0.95294118
v 0.639372 0.043052 -0.069527 0.91764706 0.92941176 0.94509804
v 0.635549 0.044688 -0.069527 0.90980392 0.92156863 0.94901961
v 0.646131 -0.010896 -0.069527 0.79607843 0.79215686 0.83137255
v 0.625907 0.047538 -0.069527 0.91764706 0.92156863 0.95686275
v 0.645030 -0.011332 -0.069527 0.80392157 0.80000000 0.84313725
v 0.623069 0.048582 -0.069527 0.91764706 0.92156863 0.96078431
v 0.635515 -0.011196 -0.069527 0.80000000 0.79607843 0.84313725
v 0.608172 -0.011144 -0.069527 0.78431373 0.78039216 0.82352941
v 0.640936 -0.011158 -0.069527 0.80392157 0.80000000 0.84313725
v 0.606799 -0.011354 -0.069527 0.79215686 0.78823529 0.83137255
v 0.640008 -0.010896 -0.069527 0.80392157 0.80000000 0.84313725
v 0.618988 0.049960 -0.069527 0.92549020 0.92549020 0.95686275
v 0.603336 0.053733 -0.069527 0.96470588 0.96862745 0.96862745
v 0.649531 -0.008837 -0.069527 0.80784314 0.80784314 0.84313725
v 0.601150 0.053955 -0.069527 0.96470588 0.96862745 0.97254902
v 0.652368 -0.006216 -0.069527 0.84313725 0.84313725 0.87450980
v 0.617656 0.050330 -0.069527 0.92549020 0.92941176 0.95686275
v 0.597452 0.054160 -0.069527 0.96470588 0.97254902 0.97647059
v 0.614781 0.051212 -0.069527 0.92941176 0.92941176 0.95686275
v 0.610627 0.052515 -0.069527 0.94117647 0.94509804 0.96470588
v 0.609791 0.052737 -0.069527 0.94509804 0.94901961 0.96862745
v 0.606080 0.053427 -0.069527 0.96078431 0.96470588 0.97254902
v 0.820287 0.011402 -0.069527 0.65882353 0.47450980 0.45490196
v 0.815182 0.011357 -0.069527 0.65490196 0.47843137 0.45098039
v 0.814871 0.011362 -0.069527 0.66274510 0.49803922 0.46274510
v 0.809839 0.011451 -0.069527 0.67450980 0.50980392 0.47058824
v 0.797915 0.011842 -0.069527 0.66274510 0.49411765 0.45490196
v 0.793870 0.011711 -0.069527 0.65490196 0.49803922 0.46666667
v 0.792494 0.011828 -0.069527 0.65098039 0.49411765 0.47058824
v 0.764316 0.012797 -0.069527 0.73725490 0.56862745 0.53333333
v 0.789165 0.012607 -0.069527 0.66274510 0.50588235 0.48627451
v 0.760636 0.011348 -0.069527 0.73725490 0.56862745 0.53333333
v 0.756593 0.009558 -0.069527 0.74901961 0.58039216 0.54117647
v 0.809230 0.011529 -0.069527 0.68235294 0.51372549 0.47058824
v 0.760382 0.011241 -0.069527 0.74117647 0.57254902 0.53333333
v 0.804564 0.011595 -0.069527 0.69019608 0.50980392 0.46666667
v 0.803709 0.011576 -0.069527 0.69019608 0.50588235 0.46274510
v 0.799420 0.011786 -0.069527 0.68627451 0.50588235 0.46274510
v 0.768526 0.013871 -0.069527 0.72941176 0.56078431 0.52549020
v 0.830175 0.012479 -0.069527 0.65098039 0.46666667 0.46666667
v 0.826418 0.011748 -0.069527 0.55686275 0.41176471 0.38431373
v 0.825549 0.011637 -0.069527 0.57254902 0.41568627 0.38823529
v 0.820712 0.011420 -0.069527 0.65098039 0.47058824 0.44705882
v 0.833890 0.014222 -0.069527 0.72156863 0.52549020 0.52941176
v 0.836833 0.016738 -0.069527 0.76470588 0.55686275 0.53725490
v 0.828162 0.025281 -0.069527 0.81176471 0.60000000 0.60000000
v 0.824494 0.025834 -0.069527 0.81176471 0.59215686 0.58823529
v 0.838961 0.020068 -0.069527 0.74901961 0.55686275 0.57647059
v 0.837670 0.023016 -0.069527 0.83921569 0.59215686 0.60784314
v 0.834553 0.024462 -0.069527 0.81176471 0.57647059 0.57647059
v 0.833818 0.024577 -0.069527 0.81568627 0.58039216 0.58039216
v 0.829139 0.025147 -0.069527 0.82352941 0.60392157 0.61176471
v 0.821501 0.026401 -0.069527 0.79607843 0.57254902 0.56470588
v 0.819882 0.026663 -0.069527 0.81176471 0.59607843 0.58039216
v 0.815180 0.027571 -0.069527 0.81960784 0.60392157 0.58431373
v 0.814927 0.027618 -0.069527 0.81960784 0.60392157 0.58431373
v 0.810732 0.028157 -0.069527 0.81568627 0.60000000 0.58431373
v 0.808285 0.028529 -0.069527 0.81568627 0.59215686 0.57647059
v 0.806112 0.028780 -0.069527 0.81176471 0.60784314 0.58823529
v 0.785831 0.013116 -0.069527 0.66666667 0.51372549 0.49411765
v 0.769876 0.028757 -0.069527 0.83137255 0.63529412 0.60784314
v 0.767448 0.028484 -0.069527 0.83529412 0.63921569 0.61176471
v 0.764596 0.028627 -0.069527 0.83921569 0.63921569 0.61176471
v 0.762301 0.028904 -0.069527 0.84313725 0.64313725 0.61176471
v 0.758353 0.029413 -0.069527 0.84705882 0.64313725 0.61568627
v 0.757461 0.029519 -0.069527 0.84705882 0.64705882 0.61176471
v 0.753397 0.031054 -0.069527 0.85098039 0.64705882 0.61568627
v -0.843428 0.024835 -0.072493 0.76862745 0.55686275 0.54117647
v -0.840698 0.016647 -0.072885 0.63921569 0.51372549 0.51764706
v -0.840698 0.022106 -0.069637 0.77254902 0.59607843 0.59607843
v -0.837969 0.024835 -0.069539 0.77254902 0.58039216 0.55294118
v -0.832511 0.013918 -0.069531 0.66274510 0.50196078 0.49411765
v -0.805219 0.013918 -0.073359 0.75294118 0.51764706 0.50196078
v -0.799761 0.013918 -0.072447 0.74901961 0.52156863 0.50196078
v -0.794302 0.030293 -0.072211 0.87058824 0.65490196 0.61568627
v -0.794302 0.013918 -0.071462 0.74901961 0.53333333 0.50196078
v -0.788844 0.013918 -0.070308 0.75294118 0.54117647 0.50980392
v -0.786115 0.016647 -0.073227 0.76862745 0.55294118 0.52156863
v -0.655258 0.043811 -0.071554 0.90588235 0.90588235 0.94509804
v -0.649786 0.043824 -0.072826 0.89803922 0.89411765 0.93333333
v -0.644293 0.043854 -0.073047 0.90196078 0.90196078 0.94509804
v -0.783386 0.013918 -0.069588 0.75686275 0.54509804 0.50980392
v -0.641549 0.046597 -0.071627 0.90980392 0.90588235 0.94509804
v -0.636038 0.046643 -0.072703 0.87843137 0.87450980 0.92549020
v -0.780656 0.016647 -0.072703 0.75686275 0.54901961 0.50980392
v -0.777927 0.024835 -0.073306 0.79607843 0.56862745 0.54117647
v -0.627823 -0.005189 -0.069721 0.79607843 0.79607843 0.82745098
v -0.611708 0.054635 -0.071600 0.91764706 0.91764706 0.95294118
v -0.622364 -0.005189 -0.071799 0.79215686 0.79215686 0.82352941
v -0.775198 0.027564 -0.071785 0.85490196 0.60000000 0.57254902
v -0.772469 0.024835 -0.073091 0.82745098 0.58823529 0.56078431
v -0.630551 0.052127 -0.070879 0.90196078 0.90588235 0.93725490
v -0.606359 0.054542 -0.071485 0.90588235 0.89803922 0.95294118
v -0.772469 0.019376 -0.073334 0.77254902 0.56078431 0.52156863
v -0.625093 0.052127 -0.071768 0.90588235 0.90980392 0.93333333
v -0.769740 0.027564 -0.071651 0.85098039 0.59607843 0.57647059
v -0.601066 0.054402 -0.072627 0.91372549 0.90196078 0.95686275
v 0.834113 0.014000 -0.069890 0.70196078 0.52549020 0.52941176
v -0.619688 0.052081 -0.071965 0.90196078 0.91372549 0.94117647
v -0.764281 0.027564 -0.072230 0.82352941 0.58823529 0.56862745
v 0.836842 0.016729 -0.069538 0.76078431 0.55686275 0.53333333
v -0.616905 -0.005186 -0.073114 0.79215686 0.78823529 0.81960784
v 0.839571 0.019458 -0.070003 0.74117647 0.54901961 0.56862745
v -0.775198 0.016647 -0.071527 0.76470588 0.55686275 0.51372549
v 0.842300 0.022187 -0.072989 0.80000000 0.59215686 0.60784314
v -0.769740 0.016647 -0.072554 0.76078431 0.55686275 0.51372549
v -0.767010 0.013918 -0.070570 0.74901961 0.55294118 0.50980392
v -0.818865 0.027564 -0.072953 0.84313725 0.60392157 0.57254902
v -0.598411 0.057074 -0.070894 0.89019608 0.87843137 0.93333333
v -0.805219 0.030293 -0.069736 0.80000000 0.60784314 0.58823529
v -0.649670 -0.005202 -0.069656 0.78039216 0.78431373 0.81568627
v -0.633294 -0.005203 -0.072613 0.79607843 0.79607843 0.82745098
v 0.629424 -0.010563 -0.071110 0.79607843 0.79607843 0.83921569
v 0.634882 -0.010563 -0.071244 0.79215686 0.78823529 0.82745098
v 0.626695 0.046750 -0.073385 0.90196078 0.90588235 0.94117647
v 0.645824 -0.010589 -0.070318 0.78431373 0.78431373 0.81568627
v 0.618507 0.049479 -0.073175 0.91372549 0.91764706 0.94901961
v 0.640341 -0.010563 -0.070584 0.79607843 0.79607843 0.83137255
v 0.648555 -0.007861 -0.071643 0.77254902 0.76862745 0.80000000
v 0.610320 0.052208 -0.072990 0.94509804 0.94117647 0.97254902
v 0.651284 -0.005132 -0.071662 0.81568627 0.81176471 0.83921569
v 0.654013 -0.002402 -0.070907 0.90196078 0.90196078 0.92549020
v 0.656740 0.000330 -0.069914 0.91372549 0.91372549 0.94509804
v 0.760545 0.027285 -0.072802 0.84705882 0.64705882 0.61960784
v 0.820494 0.011184 -0.070376 0.65882353 0.47058824 0.45098039
v 0.790493 0.013850 -0.072796 0.67450980 0.51372549 0.49019608
v 0.825935 0.011238 -0.070482 0.63529412 0.45882353 0.43921569
v 0.839571 0.024916 -0.071685 0.72941176 0.54901961 0.53725490
v 0.834124 0.024882 -0.069903 0.80392157 0.56862745 0.56470588
v 0.815141 0.027256 -0.071543 0.81176471 0.60000000 0.58431373
v 0.809777 0.026976 -0.073141 0.81176471 0.60000000 0.58039216
v 0.804370 0.026825 -0.073210 0.81960784 0.62352941 0.60392157
v 0.785019 0.013898 -0.071557 0.69019608 0.53333333 0.50980392
v 0.771342 0.016729 -0.072421 0.73725490 0.56862745 0.53333333
v 0.768668 0.024748 -0.072984 0.82745098 0.63921569 0.61176471
v 0.771463 0.027282 -0.072022 0.83529412 0.65882353 0.63921569
v 0.766025 0.027222 -0.071100 0.83529412 0.63921569 0.61176471
v 0.763179 0.013920 -0.072032 0.74509804 0.57254902 0.53725490
v 0.768622 0.013967 -0.069670 0.74901961 0.57254902 0.54117647
v -0.753391 0.033048 -0.069527 0.83529412 0.61568627 0.58431373
v -0.805169 0.030343 -0.069527 0.83137255 0.61960784 0.59215686
v -0.745201 0.035775 -0.069527 0.84313725 0.63137255 0.60000000
v -0.745127 0.035801 -0.069527 0.84313725 0.63529412 0.60392157
v -0.795670 0.031661 -0.069527 0.84313725 0.62745098 0.59607843
v -0.736659 0.038151 -0.069527 0.84705882 0.64313725 0.60784314
v -0.658857 0.001987 -0.069527 0.81568627 0.81568627 0.85098039
v -0.731063 0.038949 -0.069527 0.84705882 0.66274510 0.62352941
v -0.727300 0.039708 -0.069527 0.85490196 0.68235294 0.64313725
v -0.792728 0.031868 -0.069527 0.84313725 0.61960784 0.58431373
v -0.718401 0.040694 -0.069527 0.85490196 0.70588235 0.66274510
v -0.784433 0.031341 -0.069527 0.84705882 0.61568627 0.57647059
v -0.717495 0.040820 -0.069527 0.85490196 0.70980392 0.66666667
v -0.782534 0.031144 -0.069527 0.84313725 0.60392157 0.57254902
v -0.728193 0.007851 -0.069527 0.76470588 0.61176471 0.57647059
v -0.718653 0.007691 -0.069527 0.77647059 0.63529412 0.60000000
v -0.717028 0.007603 -0.069527 0.79215686 0.65882353 0.63137255
v -0.750775 0.008599 -0.069527 0.73333333 0.55686275 0.51372549
v -0.708762 0.006666 -0.069527 0.80392157 0.68627451 0.66274510
v 0.696919 0.003818 -0.069527 0.85098039 0.78823529 0.80392157
v -0.704583 0.006074 -0.069527 0.81960784 0.71764706 0.70196078
v -0.750526 0.008569 -0.069527 0.73725490 0.56470588 0.51764706
v -0.740323 0.007855 -0.069527 0.74509804 0.57254902 0.52941176
v 0.691775 0.002663 -0.069527 0.85882353 0.82352941 0.85098039
v 0.656814 0.000255 -0.069527 0.87450980 0.87058824 0.90588235
v -0.699530 0.004981 -0.069527 0.83529412 0.75686275 0.75686275
v 0.678985 -0.000082 -0.069527 0.87843137 0.86666667 0.90196078
v 0.678022 -0.000173 -0.069527 0.88235294 0.87450980 0.90980392
v 0.667840 0.000146 -0.069527 0.88235294 0.87843137 0.91764706
v 0.667438 0.000159 -0.069527 0.88235294 0.88235294 0.91764706
v -0.708160 0.042401 -0.069527 0.81960784 0.70588235 0.67843137
v 0.779060 0.013470 -0.069527 0.69803922 0.54117647 0.51372549
v -0.705579 0.042600 -0.069527 0.83529412 0.76078431 0.75294118
v 0.688127 0.001692 -0.069527 0.87058824 0.84705882 0.87843137
v 0.773802 0.014268 -0.069527 0.70980392 0.54509804 0.51372549
v -0.698428 0.043586 -0.069527 0.88627451 0.89019608 0.91764706
v 0.678330 0.044240 -0.069527 0.90588235 0.90980392 0.94509804
v 0.802293 0.028990 -0.069527 0.80784314 0.61960784 0.59607843
v 0.668641 0.045029 -0.069527 0.90588235 0.91372549 0.95686275
v 0.796498 0.030133 -0.069527 0.80392157 0.61960784 0.60000000
v -0.692990 0.044271 -0.069527 0.89019608 0.89803922 0.92941176
v 0.789575 0.030876 -0.069527 0.80784314 0.62352941 0.60392157
v -0.688829 0.044904 -0.069527 0.87843137 0.89411765 0.93333333
v 0.688423 0.042965 -0.069527 0.90588235 0.90588235 0.94509804
v 0.752505 0.008656 -0.069527 0.76470588 0.59215686 0.55686275
v -0.739082 0.007823 -0.069527 0.75294118 0.58823529 0.54901961
v 0.678736 0.044207 -0.069527 0.90588235 0.90588235 0.94117647
v 0.786216 0.030970 -0.069527 0.81568627 0.63137255 0.60784314
v 0.666535 0.045119 -0.069527 0.90980392 0.91372549 0.96078431
v -0.680295 0.046051 -0.069527 0.89803922 0.90588235 0.93333333
v 0.779342 0.030220 -0.069527 0.81960784 0.62745098 0.60392157
v -0.729407 0.007855 -0.069527 0.75686275 0.60000000 0.56470588
v 0.773318 0.029038 -0.069527 0.82745098 0.63529412 0.60784314
v -0.679218 0.046191 -0.069527 0.89803922 0.90588235 0.93333333
v 0.747782 0.007483 -0.069527 0.77254902 0.60000000 0.56470588
v 0.739568 0.006749 -0.069527 0.77647059 0.60784314 0.57254902
v -0.669214 0.047030 -0.069527 0.90196078 0.90980392 0.94117647
v 0.737695 0.006694 -0.069527 0.78823529 0.62352941 0.59215686
v -0.668384 0.047052 -0.069527 0.89803922 0.90196078 0.93725490
v 0.728551 0.006676 -0.069527 0.78823529 0.63921569 0.60784314
v 0.726790 0.006694 -0.069527 0.80392157 0.66274510 0.63921569
v 0.717559 0.006613 -0.069527 0.81176471 0.68627451 0.66666667
v 0.706028 0.005625 -0.069527 0.83529412 0.73725490 0.73725490
v -0.690606 0.003014 -0.069527 0.84705882 0.78823529 0.79607843
v 0.705598 0.005569 -0.069527 0.84313725 0.76470588 0.77254902
v 0.716042 0.006528 -0.069527 0.82745098 0.72156863 0.71372549
v -0.690585 0.003009 -0.069527 0.85490196 0.80784314 0.81960784
v -0.681396 0.001282 -0.069527 0.86666667 0.83137255 0.85098039
v 0.745080 0.033728 -0.069527 0.85098039 0.65098039 0.61568627
v -0.677733 0.001058 -0.069527 0.87843137 0.85882353 0.88627451
v 0.728625 0.037455 -0.069527 0.84313725 0.65098039 0.60392157
v 0.727147 0.037727 -0.069527 0.83921569 0.64705882 0.59607843
v 0.742297 0.034676 -0.069527 0.85098039 0.65098039 0.61176471
v -0.670024 0.001737 -0.069527 0.87450980 0.86666667 0.89803922
v 0.736745 0.036381 -0.069527 0.84705882 0.65098039 0.60784314
v -0.667649 0.001891 -0.069527 0.85098039 0.85098039 0.88235294
v 0.703347 0.041013 -0.069527 0.89803922 0.90196078 0.92941176
v 0.698059 0.041655 -0.069527 0.90588235 0.90196078 0.93725490
v 0.690888 0.042585 -0.069527 0.90980392 0.91764706 0.94901961
v 0.717577 0.039145 -0.069527 0.84313725 0.64705882 0.58431373
v 0.715886 0.039323 -0.069527 0.82352941 0.63921569 0.57647059
v 0.708014 0.040592 -0.069527 0.88235294 0.81960784 0.83921569
v -0.745177 0.035751 -0.069620 0.84313725 0.62745098 0.59607843
v -0.657857 0.002987 -0.074520 0.85882353 0.85882353 0.89019608
v -0.734260 0.035752 -0.077222 0.84705882 0.64705882 0.60784314
v -0.783385 0.030293 -0.070947 0.88235294 0.64313725 0.62352941
v -0.701510 0.003001 -0.075845 0.82745098 0.72941176 0.71372549
v -0.750635 0.008460 -0.071309 0.73725490 0.55686275 0.51372549
v -0.706968 0.041210 -0.073446 0.85882353 0.79607843 0.78823529
v -0.696052 0.041210 -0.076321 0.87058824 0.89411765 0.92156863
v -0.668806 0.046627 -0.070782 0.88627451 0.89019608 0.92549020
v -0.690593 0.003001 -0.069559 0.85490196 0.79607843 0.80392157
v 0.689466 0.000354 -0.075373 0.86666667 0.82745098 0.85098039
v 0.667633 0.000354 -0.072201 0.89019608 0.88627451 0.92549020
v 0.782430 0.027136 -0.073995 0.80000000 0.64705882 0.63529412
v 0.738594 0.005804 -0.077144 0.79607843 0.62352941 0.59607843
v 0.678549 0.044021 -0.070094 0.90588235 0.90980392 0.94509804
v 0.667633 0.044021 -0.072483 0.90588235 0.90588235 0.96078431
v 0.716758 0.005812 -0.072433 0.82352941 0.69411765 0.68235294
v 0.727676 0.005808 -0.073711 0.80392157 0.65098039 0.62352941
v 0.744157 0.032789 -0.073238 0.84705882 0.65098039 0.61176471
v 0.705869 0.038484 -0.075787 0.89803922 0.89803922 0.92549020
v 0.716812 0.038408 -0.072552 0.82745098 0.63921569 0.57647059
v -0.830720 0.021167 -0.065668 0.67450980 0.49411765 0.48235294
v -0.830083 0.022407 -0.065668 0.71764706 0.53725490 0.51372549
v -0.829001 0.017427 -0.065668 0.66274510 0.47450980 0.47843137
v -0.825257 0.015713 -0.065668 0.68627451 0.47843137 0.47058824
v -0.822804 0.015128 -0.065668 0.70980392 0.49019608 0.48235294
v -0.820942 0.014570 -0.065668 0.71372549 0.49411765 0.48235294
v -0.816162 0.013892 -0.065668 0.72941176 0.49803922 0.48627451
v -0.816100 0.013882 -0.065668 0.72549020 0.49019608 0.47843137
v -0.811140 0.013455 -0.065668 0.69803922 0.48235294 0.46666667
v -0.810146 0.013387 -0.065668 0.72549020 0.49803922 0.47843137
v -0.805901 0.013236 -0.065668 0.72549020 0.50588235 0.47843137
v -0.804588 0.013287 -0.065668 0.73333333 0.50980392 0.48235294
v -0.630857 0.051821 -0.065668 0.89803922 0.90588235 0.94509804
v -0.800502 0.013176 -0.065668 0.72549020 0.50980392 0.47450980
v -0.630409 0.051985 -0.065668 0.89803922 0.90980392 0.95294118
v -0.625743 0.052777 -0.065668 0.90196078 0.90980392 0.95294118
v -0.798942 0.013099 -0.065668 0.72549020 0.51372549 0.47843137
v -0.624256 0.052963 -0.065668 0.90980392 0.91372549 0.95294118
v -0.621147 0.053581 -0.065668 0.92156863 0.92941176 0.96862745
v -0.617231 0.054996 -0.065668 0.92156863 0.92549020 0.96862745
v -0.795137 0.013083 -0.065668 0.71764706 0.51372549 0.47450980
v -0.793495 0.013111 -0.065668 0.71372549 0.51372549 0.47843137
v -0.616643 0.055135 -0.065668 0.92156863 0.92549020 0.96862745
v -0.789614 0.013148 -0.065668 0.71372549 0.51372549 0.47843137
v -0.612927 0.055895 -0.065668 0.91764706 0.92549020 0.97254902
v -0.609972 0.056376 -0.065668 0.91372549 0.91764706 0.96862745
v -0.827796 0.024091 -0.065668 0.79607843 0.60784314 0.57647059
v -0.788040 0.013114 -0.065668 0.70980392 0.50980392 0.47450980
v -0.604494 0.057994 -0.065668 0.89803922 0.89803922 0.94901961
v -0.608445 0.056720 -0.065668 0.90980392 0.91372549 0.96470588
v -0.602080 0.058843 -0.065668 0.89803922 0.89803922 0.94509804
v -0.784211 0.013093 -0.065668 0.71764706 0.52156863 0.47843137
v -0.600632 0.059407 -0.065668 0.89803922 0.89803922 0.94901961
v -0.782824 0.013356 -0.065668 0.71372549 0.51764706 0.47450980
v -0.778484 0.014475 -0.065668 0.71372549 0.52156863 0.47058824
v -0.826582 0.024364 -0.065668 0.80000000 0.60784314 0.57254902
v -0.822754 0.025994 -0.065668 0.82745098 0.61960784 0.58823529
v -0.653283 -0.003355 -0.065668 0.80392157 0.80392157 0.83921569
v -0.819372 0.027057 -0.065668 0.82352941 0.63137255 0.60000000
v -0.649690 -0.005151 -0.065668 0.79215686 0.79607843 0.83137255
v -0.621782 -0.004606 -0.065668 0.78823529 0.78431373 0.81960784
v -0.649641 -0.005172 -0.065668 0.78823529 0.78823529 0.82352941
v -0.617431 -0.004660 -0.065668 0.78823529 0.78431373 0.81960784
v -0.644973 -0.005965 -0.065668 0.78823529 0.79215686 0.82745098
v -0.616451 -0.004732 -0.065668 0.78823529 0.78431373 0.81960784
v -0.818544 0.027243 -0.065668 0.82745098 0.63529412 0.60000000
v -0.643554 -0.005861 -0.065668 0.78823529 0.78823529 0.82352941
v -0.611491 -0.005230 -0.065668 0.78823529 0.78431373 0.81960784
v -0.813695 0.027853 -0.065668 0.83137255 0.61960784 0.58039216
v -0.639376 -0.005826 -0.065668 0.79215686 0.79215686 0.82745098
v -0.611396 -0.005237 -0.065668 0.79215686 0.78431373 0.81960784
v -0.638198 -0.005730 -0.065668 0.79215686 0.79215686 0.82745098
v -0.606341 -0.005539 -0.065668 0.79607843 0.78823529 0.82352941
v -0.633411 -0.005319 -0.065668 0.79215686 0.79215686 0.82745098
v -0.605633 -0.005542 -0.065668 0.80000000 0.79607843 0.83137255
v -0.633162 -0.005308 -0.065668 0.79215686 0.79215686 0.82745098
v -0.628047 -0.004964 -0.065668 0.79215686 0.79215686 0.82745098
v -0.600751 -0.005407 -0.065668 0.80784314 0.80392157 0.83921569
v -0.658984 0.045540 -0.065668 0.90196078 0.90588235 0.94901961
v -0.655318 0.043747 -0.065668 0.91372549 0.91764706 0.95686275
v -0.655165 0.043732 -0.065668 0.90588235 0.90980392 0.95294118
v -0.650568 0.044643 -0.065668 0.90196078 0.90588235 0.94901961
v -0.648618 0.044989 -0.065668 0.90588235 0.91372549 0.95294118
v -0.646415 0.045968 -0.065668 0.90588235 0.91372549 0.95294118
v -0.642686 0.047766 -0.065668 0.88627451 0.89019608 0.93725490
v -0.639136 0.049006 -0.065668 0.87843137 0.88235294 0.92549020
v -0.638601 0.049168 -0.065668 0.88235294 0.88235294 0.92549020
v -0.627544 -0.004911 -0.065668 0.79215686 0.78823529 0.82352941
v -0.622938 -0.004615 -0.065668 0.79215686 0.78823529 0.81960784
v -0.634277 0.050353 -0.065668 0.89019608 0.89411765 0.93725490
v 0.617855 0.050131 -0.065668 0.92941176 0.93333333 0.96470588
v 0.614821 0.051252 -0.065668 0.92941176 0.93333333 0.96078431
v 0.610496 0.052385 -0.065668 0.94509804 0.94901961 0.96078431
v 0.618847 0.049819 -0.065668 0.92941176 0.93333333 0.96470588
v 0.646010 -0.010774 -0.065668 0.80784314 0.80392157 0.84705882
v 0.645558 -0.010804 -0.065668 0.80784314 0.80392157 0.85098039
v 0.640406 -0.010498 -0.065668 0.81176471 0.80392157 0.85490196
v 0.629710 -0.010849 -0.065668 0.80392157 0.80000000 0.85098039
v 0.628986 -0.011001 -0.065668 0.80784314 0.80000000 0.85490196
v 0.634846 -0.010527 -0.065668 0.80784314 0.80392157 0.85098039
v 0.640272 -0.010495 -0.065668 0.80392157 0.80000000 0.84705882
v 0.624033 -0.010495 -0.065668 0.80784314 0.80000000 0.85490196
v 0.634913 -0.010533 -0.065668 0.80784314 0.80392157 0.85098039
v 0.650224 -0.009530 -0.065668 0.81960784 0.81960784 0.85882353
v 0.623883 -0.010481 -0.065668 0.80784314 0.80000000 0.85490196
v 0.653092 -0.006939 -0.065668 0.83921569 0.83529412 0.87450980
v 0.603374 0.053696 -0.065668 0.96470588 0.97254902 0.96862745
v 0.656975 0.043761 -0.065668 0.92156863 0.92549020 0.96862745
v 0.656233 0.043538 -0.065668 0.92156863 0.92941176 0.96470588
v 0.618808 -0.010262 -0.065668 0.79607843 0.79607843 0.85098039
v 0.618244 -0.010299 -0.065668 0.80000000 0.79607843 0.85098039
v 0.648693 0.041127 -0.065668 0.92156863 0.92941176 0.96470588
v 0.613231 -0.010380 -0.065668 0.78823529 0.78431373 0.83529412
v 0.648416 0.041179 -0.065668 0.92156863 0.92941176 0.96470588
v 0.643949 0.042170 -0.065668 0.92941176 0.93333333 0.96078431
v 0.603356 -0.011787 -0.065668 0.80000000 0.80000000 0.84313725
v 0.600553 -0.012142 -0.065668 0.81960784 0.81960784 0.85882353
v 0.601207 0.054012 -0.065668 0.96470588 0.97254902 0.97254902
v 0.652882 0.042397 -0.065668 0.92156863 0.92941176 0.96470588
v 0.633619 0.045284 -0.065668 0.93725490 0.94509804 0.96470588
v 0.598428 -0.012318 -0.065668 0.83137255 0.83137255 0.87058824
v 0.595165 -0.012072 -0.065668 0.83529412 0.83921569 0.87843137
v 0.631433 0.046029 -0.065668 0.93333333 0.94117647 0.96862745
v 0.608061 -0.011034 -0.065668 0.78431373 0.78431373 0.83137255
v 0.627316 0.047371 -0.065668 0.92941176 0.93333333 0.97254902
v 0.606833 -0.011320 -0.065668 0.78823529 0.78823529 0.83137255
v 0.641896 0.042466 -0.065668 0.92941176 0.93725490 0.96470588
v 0.612873 -0.010387 -0.065668 0.78431373 0.78431373 0.83137255
v 0.639507 0.043187 -0.065668 0.93725490 0.94509804 0.96470588
v 0.635487 0.044625 -0.065668 0.93725490 0.94901961 0.96470588
v 0.597716 0.053896 -0.065668 0.96470588 0.96862745 0.97647059
v 0.625426 0.048018 -0.065668 0.92941176 0.93333333 0.97254902
v 0.623225 0.048738 -0.065668 0.92941176 0.93333333 0.96862745
v 0.610074 0.052453 -0.065668 0.94509804 0.95294118 0.96078431
v 0.605845 0.053192 -0.065668 0.95686275 0.96078431 0.96862745
v 0.816807 0.025742 -0.065668 0.81960784 0.59607843 0.58431373
v 0.813515 0.025849 -0.065668 0.83137255 0.61176471 0.59607843
v 0.822697 0.024232 -0.065668 0.77254902 0.57647059 0.56862745
v 0.818557 0.025513 -0.065668 0.81176471 0.58431373 0.56862745
v 0.756542 0.031225 -0.065668 0.85490196 0.64705882 0.61568627
v 0.754351 0.031944 -0.065668 0.85490196 0.65098039 0.61568627
v 0.818112 0.013610 -0.065668 0.60784314 0.44705882 0.42352941
v 0.817290 0.013522 -0.065668 0.61568627 0.45490196 0.43137255
v 0.813105 0.013149 -0.065668 0.63921569 0.49019608 0.45098039
v 0.811299 0.012961 -0.065668 0.64313725 0.50196078 0.45882353
v 0.807928 0.012861 -0.065668 0.66666667 0.50980392 0.46274510
v 0.805657 0.012731 -0.065668 0.67450980 0.49803922 0.44705882
v 0.802305 0.012989 -0.065668 0.67843137 0.48627451 0.43137255
v 0.800730 0.013222 -0.065668 0.66666667 0.48627451 0.43137255
v 0.826781 0.015869 -0.065668 0.62745098 0.46274510 0.44705882
v 0.823731 0.014519 -0.065668 0.57647059 0.42745098 0.40000000
v 0.829513 0.018596 -0.065668 0.71764706 0.52156863 0.50196078
v 0.829626 0.020408 -0.065668 0.76862745 0.54901961 0.54117647
v 0.822851 0.014343 -0.065668 0.54901961 0.41176471 0.38039216
v 0.826573 0.022684 -0.065668 0.73725490 0.54901961 0.54901961
v 0.824271 0.023768 -0.065668 0.76862745 0.57254902 0.57254902
v -0.837969 0.019376 -0.068716 0.75686275 0.56470588 0.55294118
v -0.835240 0.022106 -0.067143 0.78431373 0.60392157 0.58431373
v -0.832511 0.024835 -0.068116 0.80000000 0.61568627 0.59215686
v -0.835240 0.016647 -0.068118 0.62352941 0.48627451 0.49019608
v -0.832511 0.019376 -0.066354 0.69803922 0.52156863 0.51372549
v -0.829782 0.016647 -0.066236 0.71372549 0.50196078 0.50196078
v -0.827053 0.013918 -0.067454 0.64705882 0.47058824 0.45882353
v -0.821594 0.013918 -0.066593 0.69803922 0.48627451 0.47450980
v -0.630551 0.052127 -0.065884 0.89411765 0.90196078 0.94509804
v -0.655250 0.043818 -0.065774 0.90588235 0.90980392 0.95294118
v -0.617008 0.054768 -0.068140 0.92156863 0.92549020 0.96862745
v -0.603700 0.057215 -0.068598 0.90588235 0.90588235 0.95294118
v -0.611447 -0.005186 -0.068904 0.79215686 0.78823529 0.81960784
v -0.827052 0.024835 -0.066095 0.80392157 0.60784314 0.56862745
v -0.818865 0.027564 -0.066385 0.83529412 0.61960784 0.58823529
v 0.634882 -0.010563 -0.065706 0.80392157 0.80000000 0.84705882
v 0.640341 -0.010563 -0.065754 0.80784314 0.80000000 0.84705882
v 0.623966 -0.010563 -0.065855 0.80784314 0.80000000 0.85490196
v 0.613049 -0.010563 -0.066911 0.78823529 0.78431373 0.83137255
v 0.618507 -0.010563 -0.066475 0.80392157 0.80000000 0.85490196
v 0.815072 0.027459 -0.068936 0.83137255 0.61176471 0.59215686
v 0.823245 0.024771 -0.066336 0.80784314 0.58039216 0.57254902
v 0.757852 0.029914 -0.068493 0.84705882 0.64313725 0.61176471
v 0.828655 0.014000 -0.067425 0.53725490 0.41176471 0.41176471
v 0.823200 0.013987 -0.065971 0.52549020 0.40392157 0.36078431
v 0.831384 0.016729 -0.066696 0.74901961 0.53725490 0.52549020
v 0.834113 0.019458 -0.067076 0.73725490 0.54901961 0.53333333
v 0.831388 0.022175 -0.066681 0.76078431 0.56862745 0.56862745
v 0.828701 0.024780 -0.068552 0.82745098 0.60784314 0.61960784
v 0.836842 0.022187 -0.068784 0.79607843 0.57647059 0.58823529
v -0.815677 0.019835 -0.061808 0.71764706 0.48235294 0.45490196
v -0.812313 0.017741 -0.061808 0.73725490 0.50980392 0.47843137
v -0.808148 0.016447 -0.061808 0.69019608 0.47450980 0.43921569
v -0.807651 0.016351 -0.061808 0.68235294 0.47058824 0.43137255
v -0.803427 0.015710 -0.061808 0.70196078 0.49803922 0.45098039
v -0.801323 0.015481 -0.061808 0.69411765 0.49411765 0.44313725
v -0.798585 0.015093 -0.061808 0.69803922 0.50196078 0.45098039
v -0.795118 0.014734 -0.061808 0.69411765 0.49803922 0.45882353
v -0.793563 0.014657 -0.061808 0.69411765 0.49803922 0.47058824
v -0.789112 0.014186 -0.061808 0.69019608 0.49019608 0.47450980
v -0.788570 0.014192 -0.061808 0.68627451 0.48627451 0.47058824
v -0.632807 0.049874 -0.061808 0.90980392 0.91764706 0.95686275
v -0.783697 0.014229 -0.061808 0.67450980 0.47450980 0.43529412
v -0.629334 0.050872 -0.061808 0.91764706 0.92156863 0.96470588
v -0.783118 0.014186 -0.061808 0.67450980 0.47843137 0.43137255
v -0.778251 0.014242 -0.061808 0.65098039 0.48627451 0.40392157
v -0.625198 0.052232 -0.061808 0.92549020 0.92941176 0.96470588
v -0.653519 -0.003591 -0.061808 0.80784314 0.80784314 0.84313725
v -0.624774 0.052445 -0.061808 0.92549020 0.93333333 0.96470588
v -0.649782 -0.005312 -0.061808 0.80392157 0.80392157 0.83921569
v -0.621328 0.053747 -0.061808 0.93333333 0.93725490 0.96470588
v -0.649486 -0.005356 -0.061808 0.80000000 0.80000000 0.83529412
v -0.617692 0.054085 -0.061808 0.92941176 0.93333333 0.96862745
v -0.644671 -0.005661 -0.061808 0.79607843 0.79607843 0.83137255
v -0.616633 0.054360 -0.061808 0.92941176 0.93333333 0.96862745
v -0.643760 -0.005623 -0.061808 0.79215686 0.79215686 0.82745098
v -0.639022 -0.005472 -0.061808 0.79215686 0.79215686 0.82745098
v -0.815026 0.023725 -0.061808 0.74901961 0.51764706 0.49019608
v -0.612676 0.055653 -0.061808 0.91764706 0.91764706 0.96862745
v -0.812066 0.026223 -0.061808 0.80784314 0.58431373 0.54509804
v -0.638517 -0.005412 -0.061808 0.79215686 0.79215686 0.83137255
v -0.609603 0.056744 -0.061808 0.90196078 0.90196078 0.95294118
v -0.608726 0.057041 -0.061808 0.89803922 0.89803922 0.94901961
v -0.633540 -0.004930 -0.061808 0.79607843 0.79215686 0.83137255
v -0.632994 -0.004902 -0.061808 0.79215686 0.79215686 0.83137255
v -0.604817 0.058365 -0.061808 0.89411765 0.89411765 0.94509804
v -0.628367 -0.004644 -0.061808 0.79215686 0.78823529 0.82745098
v -0.621332 -0.004155 -0.061808 0.78431373 0.78039216 0.81568627
v -0.658934 0.045589 -0.061808 0.92156863 0.92549020 0.96078431
v -0.655484 0.043579 -0.061808 0.92156863 0.92549020 0.96470588
v -0.617659 -0.004433 -0.061808 0.78431373 0.78039216 0.81568627
v -0.654900 0.043558 -0.061808 0.92156863 0.92941176 0.96470588
v -0.601155 0.060028 -0.061808 0.90196078 0.90196078 0.94901961
v -0.651065 0.045181 -0.061808 0.92941176 0.93333333 0.96862745
v -0.647748 0.045856 -0.061808 0.93725490 0.94117647 0.98039216
v -0.646532 0.046132 -0.061808 0.93725490 0.94117647 0.98039216
v -0.642277 0.047332 -0.061808 0.92156863 0.92941176 0.96862745
v -0.616050 -0.004331 -0.061808 0.78431373 0.78039216 0.81568627
v -0.639982 0.048161 -0.061808 0.90980392 0.91764706 0.95686275
v -0.638233 0.048838 -0.061808 0.90588235 0.90980392 0.95294118
v -0.611679 -0.004954 -0.061808 0.78431373 0.78039216 0.81176471
v -0.627182 -0.004549 -0.061808 0.78823529 0.78431373 0.82352941
v -0.611325 -0.005065 -0.061808 0.78823529 0.78039216 0.81568627
v -0.606360 -0.005558 -0.061808 0.79215686 0.78823529 0.82352941
v -0.623351 -0.004199 -0.061808 0.78823529 0.78431373 0.81960784
v -0.605617 -0.005558 -0.061808 0.80392157 0.80000000 0.83529412
v -0.633640 0.049713 -0.061808 0.90980392 0.91372549 0.95294118
v -0.600703 -0.005359 -0.061808 0.80784314 0.80392157 0.84313725
v 0.622364 -0.008961 -0.061808 0.80000000 0.79215686 0.85098039
v 0.644853 -0.009617 -0.061808 0.80784314 0.80392157 0.85098039
v 0.641619 -0.009285 -0.061808 0.80784314 0.80000000 0.84705882
v 0.638976 -0.009198 -0.061808 0.80000000 0.79607843 0.84705882
v 0.619889 -0.009181 -0.061808 0.79607843 0.78823529 0.84313725
v 0.636342 -0.009103 -0.061808 0.80000000 0.79607843 0.85098039
v 0.650175 -0.009481 -0.061808 0.81960784 0.81960784 0.86274510
v 0.646616 -0.009746 -0.061808 0.80392157 0.80784314 0.85098039
v 0.618080 0.049906 -0.061808 0.92941176 0.93333333 0.96862745
v 0.617419 -0.009475 -0.061808 0.79215686 0.78431373 0.83529412
v 0.653084 -0.006931 -0.061808 0.82745098 0.82352941 0.86666667
v 0.614084 -0.009528 -0.061808 0.78823529 0.78039216 0.83137255
v 0.614637 0.051067 -0.061808 0.93333333 0.93333333 0.95686275
v 0.610441 0.052329 -0.061808 0.94901961 0.95294118 0.96470588
v 0.618717 0.049689 -0.061808 0.92941176 0.93333333 0.96862745
v 0.596978 -0.010867 -0.061808 0.84705882 0.85098039 0.88627451
v 0.633373 -0.009054 -0.061808 0.80392157 0.80000000 0.85098039
v 0.630874 -0.009113 -0.061808 0.80784314 0.80000000 0.85490196
v 0.627903 -0.009042 -0.061808 0.80392157 0.79607843 0.85490196
v 0.625540 -0.008988 -0.061808 0.80000000 0.79215686 0.85098039
v 0.602125 -0.010556 -0.061808 0.83921569 0.83921569 0.87843137
v 0.654032 0.041246 -0.061808 0.93725490 0.94117647 0.96862745
v 0.612084 -0.009598 -0.061808 0.78431373 0.78039216 0.83137255
v 0.608287 -0.009866 -0.061808 0.78823529 0.78431373 0.83529412
v 0.653879 0.041184 -0.061808 0.93333333 0.93725490 0.96470588
v 0.657127 0.043610 -0.061808 0.93333333 0.93725490 0.97254902
v 0.648711 0.041109 -0.061808 0.93333333 0.93333333 0.96862745
v 0.648433 0.041196 -0.061808 0.92941176 0.93333333 0.96862745
v 0.607022 -0.009995 -0.061808 0.79215686 0.78823529 0.83529412
v 0.602141 -0.010554 -0.061808 0.81960784 0.81568627 0.86274510
v 0.643541 0.041762 -0.061808 0.93725490 0.94117647 0.97254902
v 0.634153 0.044753 -0.061808 0.94117647 0.95686275 0.96862745
v 0.631192 0.045789 -0.061808 0.93333333 0.94901961 0.96470588
v 0.603536 0.053534 -0.061808 0.96470588 0.97254902 0.97254902
v 0.627062 0.047078 -0.061808 0.92941176 0.93333333 0.96862745
v 0.600938 0.053743 -0.061808 0.96470588 0.97254902 0.97647059
v 0.642372 0.041989 -0.061808 0.94117647 0.94901961 0.97254902
v 0.639364 0.043001 -0.061808 0.94901961 0.95686275 0.97254902
v 0.635244 0.044382 -0.061808 0.94117647 0.95686275 0.96470588
v 0.597500 0.054111 -0.061808 0.95294118 0.96078431 0.97254902
v 0.626085 0.047362 -0.061808 0.92941176 0.93333333 0.96862745
v 0.622818 0.048331 -0.061808 0.92941176 0.93333333 0.96862745
v 0.610098 0.052430 -0.061808 0.94901961 0.95294118 0.96470588
v 0.606028 0.053375 -0.061808 0.95686275 0.96470588 0.96862745
v 0.812123 0.019591 -0.061808 0.72941176 0.51764706 0.50196078
v 0.810865 0.023346 -0.061808 0.78823529 0.56470588 0.55686275
v 0.804910 0.015876 -0.061808 0.70980392 0.50196078 0.47450980
v 0.802936 0.015469 -0.061808 0.69019608 0.48627451 0.46274510
v 0.808643 0.017616 -0.061808 0.73725490 0.52549020 0.49411765
v 0.655331 -0.003720 -0.061808 0.84313725 0.84313725 0.88235294
v 0.658015 -0.000945 -0.061808 0.85882353 0.85490196 0.89411765
v -0.829782 0.022106 -0.065460 0.69019608 0.50196078 0.47843137
v -0.827053 0.019376 -0.064622 0.61960784 0.43529412 0.42745098
v -0.824323 0.016647 -0.064967 0.67450980 0.46666667 0.45882353
v -0.818865 0.016647 -0.063564 0.74117647 0.50196078 0.48627451
v -0.816136 0.013918 -0.065627 0.73725490 0.50196078 0.48627451
v -0.816136 0.019376 -0.061957 0.71764706 0.48235294 0.45098039
v -0.813407 0.016647 -0.062400 0.72156863 0.49019608 0.45490196
v -0.810677 0.013918 -0.064821 0.72156863 0.49411765 0.48627451
v -0.805219 0.013918 -0.064214 0.70980392 0.49803922 0.45882353
v -0.799761 0.013918 -0.063744 0.70196078 0.50196078 0.45098039
v -0.794302 0.013918 -0.063123 0.69803922 0.50588235 0.47058824
v -0.788844 0.013918 -0.062297 0.69803922 0.49803922 0.47058824
v -0.783386 0.013918 -0.062375 0.69411765 0.49803922 0.45490196
v -0.617019 0.054759 -0.063291 0.92549020 0.92941176 0.96862745
v -0.649655 -0.005186 -0.065026 0.79607843 0.79607843 0.83529412
v -0.611447 -0.005186 -0.064540 0.78823529 0.78431373 0.81960784
v -0.633281 -0.005189 -0.064357 0.79215686 0.79215686 0.82745098
v -0.601050 0.059882 -0.062802 0.89803922 0.89803922 0.94901961
v -0.824323 0.022106 -0.064037 0.71372549 0.49411765 0.46666667
v -0.821594 0.024835 -0.064216 0.81568627 0.61568627 0.58431373
v -0.821594 0.019376 -0.063250 0.67843137 0.44313725 0.42352941
v -0.818865 0.022106 -0.062515 0.71372549 0.47843137 0.45098039
v -0.816136 0.024835 -0.062551 0.80000000 0.58823529 0.55294118
v -0.813407 0.027564 -0.064773 0.83529412 0.63137255 0.59215686
v 0.645799 -0.010563 -0.064537 0.81568627 0.81176471 0.85882353
v 0.602132 -0.010563 -0.061829 0.82352941 0.82352941 0.86274510
v 0.607590 -0.010563 -0.063648 0.78039216 0.78039216 0.82745098
v 0.629424 -0.010563 -0.064729 0.80784314 0.80000000 0.85882353
v 0.653987 0.041292 -0.061957 0.92941176 0.93333333 0.96470588
v 0.815010 0.016726 -0.063076 0.69803922 0.51372549 0.48235294
v 0.817741 0.019449 -0.062875 0.72941176 0.51764706 0.49803922
v 0.812290 0.019425 -0.061885 0.73725490 0.52941176 0.50196078
v 0.817744 0.013978 -0.065255 0.63529412 0.46666667 0.44313725
v 0.812291 0.013964 -0.064579 0.64705882 0.49411765 0.45490196
v 0.815018 0.022157 -0.062547 0.74509804 0.56862745 0.54901961
v 0.820491 0.022114 -0.063731 0.74901961 0.56862745 0.54901961
v 0.806836 0.013953 -0.064067 0.66666667 0.49411765 0.45490196
v 0.801394 0.013901 -0.064251 0.65882353 0.47058824 0.43137255
v 0.809562 0.016691 -0.062256 0.72156863 0.52549020 0.49019608
v 0.817760 0.024850 -0.064597 0.77254902 0.56862745 0.55294118
v 0.812319 0.024800 -0.063758 0.78823529 0.57647059 0.56862745
v 0.825928 0.016721 -0.064995 0.65882353 0.48235294 0.46666667
v 0.755114 0.032675 -0.063080 0.85882353 0.65098039 0.61960784
v 0.828659 0.019443 -0.065280 0.73333333 0.52549020 0.51764706
v 0.820469 0.016723 -0.064006 0.68627451 0.49019608 0.47058824
v 0.823201 0.019444 -0.063982 0.73333333 0.52549020 0.51764706
v 0.825962 0.022077 -0.065089 0.78431373 0.55686275 0.56078431
v -0.807760 0.027752 -0.061808 0.83921569 0.63137255 0.59215686
v -0.659482 0.001363 -0.061808 0.82352941 0.82352941 0.85882353
v -0.803684 0.028758 -0.061808 0.84313725 0.63529412 0.60000000
v -0.755209 0.034867 -0.061808 0.83529412 0.61960784 0.58823529
v -0.795066 0.031057 -0.061808 0.83921569 0.63137255 0.60392157
v -0.746871 0.037446 -0.061808 0.84313725 0.63137255 0.60000000
v -0.793262 0.031333 -0.061808 0.82352941 0.59607843 0.56862745
v -0.742017 0.038911 -0.061808 0.84705882 0.64313725 0.60784314
v -0.784780 0.031687 -0.061808 0.79607843 0.56862745 0.53725490
v -0.738326 0.039818 -0.061808 0.85098039 0.65882353 0.61960784
v -0.782042 0.031636 -0.061808 0.80784314 0.58039216 0.54901961
v -0.777646 0.014199 -0.061808 0.72156863 0.54117647 0.48235294
v -0.773541 0.031365 -0.061808 0.81568627 0.58431373 0.55294118
v -0.729000 0.041408 -0.061808 0.85490196 0.67058824 0.62745098
v -0.771196 0.031566 -0.061808 0.80392157 0.57254902 0.54117647
v -0.763838 0.032579 -0.061808 0.78431373 0.56078431 0.52941176
v -0.728547 0.041465 -0.061808 0.85490196 0.67843137 0.63529412
v -0.757791 0.034055 -0.061808 0.82745098 0.60392157 0.57254902
v -0.719291 0.042616 -0.061808 0.85490196 0.68627451 0.64313725
v -0.768602 0.012326 -0.061808 0.73725490 0.55294118 0.50196078
v -0.729140 0.008798 -0.061808 0.76470588 0.60784314 0.56862745
v -0.764390 0.011297 -0.061808 0.73333333 0.55294118 0.50588235
v -0.728426 0.008835 -0.061808 0.76862745 0.61568627 0.58039216
v -0.759862 0.010150 -0.061808 0.73333333 0.55686275 0.50980392
v -0.718482 0.009056 -0.061808 0.77647059 0.63137255 0.60000000
v -0.750950 0.008775 -0.061808 0.73725490 0.56470588 0.51764706
v -0.717328 0.009017 -0.061808 0.78823529 0.65490196 0.62745098
v 0.695692 0.005044 -0.061808 0.85098039 0.80000000 0.82352941
v -0.707175 0.008253 -0.061808 0.79607843 0.67843137 0.65490196
v -0.706702 0.008193 -0.061808 0.81176471 0.71372549 0.70588235
v 0.693684 0.004572 -0.061808 0.85882353 0.82352941 0.85490196
v -0.698219 0.006292 -0.061808 0.82745098 0.75294118 0.75294118
v 0.678445 0.000458 -0.061808 0.86666667 0.85882353 0.89803922
v -0.715950 0.043145 -0.061808 0.84705882 0.70196078 0.65098039
v 0.667678 0.000399 -0.061808 0.86274510 0.85882353 0.89803922
v 0.795413 0.014439 -0.061808 0.60784314 0.46666667 0.43921569
v -0.750377 0.008718 -0.061808 0.74117647 0.57254902 0.52549020
v 0.805920 0.025668 -0.061808 0.73333333 0.56862745 0.55294118
v 0.676321 0.046252 -0.061808 0.96470588 0.96862745 0.98823529
v 0.774182 0.013879 -0.061808 0.69019608 0.52941176 0.49019608
v 0.803322 0.026588 -0.061808 0.72156863 0.56470588 0.54509804
v 0.670153 0.046541 -0.061808 0.96862745 0.97254902 0.99215686
v 0.766922 0.012243 -0.061808 0.71764706 0.55294118 0.51372549
v -0.709846 0.044087 -0.061808 0.85098039 0.69803922 0.65098039
v -0.739879 0.008299 -0.061808 0.74901961 0.58039216 0.53725490
v 0.785069 0.013907 -0.061808 0.61568627 0.47843137 0.46274510
v 0.756834 0.009321 -0.061808 0.73333333 0.56862745 0.52941176
v -0.739557 0.008298 -0.061808 0.75686275 0.59215686 0.55294118
v -0.703413 0.044765 -0.061808 0.81176471 0.71764706 0.71372549
v 0.752223 0.008377 -0.061808 0.74901961 0.58039216 0.54117647
v 0.688707 0.044750 -0.061808 0.93333333 0.94117647 0.96862745
v 0.779296 0.013753 -0.061808 0.65098039 0.50980392 0.47450980
v 0.747665 0.007587 -0.061808 0.75294118 0.58823529 0.54509804
v 0.680466 0.045871 -0.061808 0.95294118 0.95686275 0.98039216
v 0.790646 0.014154 -0.061808 0.57647059 0.44313725 0.42352941
v 0.687201 0.002619 -0.061808 0.86274510 0.84313725 0.87843137
v 0.739943 0.007070 -0.061808 0.76078431 0.60000000 0.55686275
v 0.678694 0.000498 -0.061808 0.86666667 0.85490196 0.89411765
v 0.690138 0.044573 -0.061808 0.93333333 0.94117647 0.96862745
v 0.794951 0.029034 -0.061808 0.80784314 0.61176471 0.59607843
v -0.700147 0.045305 -0.061808 0.89411765 0.85098039 0.87843137
v 0.765415 0.011704 -0.061808 0.72941176 0.56078431 0.52156863
v 0.664981 0.046673 -0.061808 0.94901961 0.95686275 0.98431373
v -0.690743 0.046519 -0.061808 0.91764706 0.92549020 0.96078431
v -0.690484 0.046558 -0.061808 0.91764706 0.92549020 0.96078431
v 0.667573 0.000413 -0.061808 0.86274510 0.85882353 0.89803922
v -0.680869 0.047839 -0.061808 0.92549020 0.92941176 0.96862745
v 0.790640 0.030032 -0.061808 0.83529412 0.63137255 0.60392157
v -0.678260 0.048089 -0.061808 0.92549020 0.93333333 0.97254902
v 0.785569 0.030610 -0.061808 0.80392157 0.61960784 0.59607843
v -0.670676 0.048501 -0.061808 0.92941176 0.93333333 0.97254902
v -0.666812 0.048630 -0.061808 0.92549020 0.92941176 0.96862745
v 0.779133 0.030594 -0.061808 0.80392157 0.61176471 0.58823529
v 0.774126 0.030014 -0.061808 0.81568627 0.61960784 0.58823529
v 0.768282 0.030452 -0.061808 0.83137255 0.62352941 0.59215686
v -0.692475 0.004883 -0.061808 0.83921569 0.78039216 0.78823529
v 0.764311 0.030998 -0.061808 0.84705882 0.63921569 0.60784314
v -0.689573 0.004022 -0.061808 0.84705882 0.80392157 0.82352941
v -0.680818 0.001859 -0.061808 0.85490196 0.81960784 0.84313725
v 0.737273 0.007086 -0.061808 0.77254902 0.61176471 0.57647059
v -0.678349 0.001674 -0.061808 0.85882353 0.83921569 0.86666667
v 0.729294 0.007375 -0.061808 0.78039216 0.63137255 0.59607843
v -0.669701 0.002060 -0.061808 0.85882353 0.84705882 0.88235294
v 0.725892 0.007571 -0.061808 0.79215686 0.65490196 0.62745098
v -0.667819 0.002060 -0.061808 0.84705882 0.84313725 0.87843137
v 0.718740 0.007784 -0.061808 0.80392157 0.67843137 0.65882353
v 0.714837 0.007729 -0.061808 0.81568627 0.70588235 0.69411765
v 0.707257 0.007228 -0.061808 0.83137255 0.73725490 0.73725490
v 0.704783 0.006870 -0.061808 0.83921569 0.76862745 0.77647059
v 0.754730 0.033071 -0.061808 0.86274510 0.65490196 0.61960784
v 0.746799 0.035465 -0.061808 0.85882353 0.65490196 0.61568627
v 0.739441 0.037545 -0.061808 0.85490196 0.65098039 0.61176471
v 0.738199 0.037853 -0.061808 0.85098039 0.65098039 0.61176471
v 0.728923 0.039520 -0.061808 0.85098039 0.65490196 0.60784314
v 0.701275 0.043060 -0.061808 0.91372549 0.92156863 0.96862745
v 0.699775 0.043277 -0.061808 0.93333333 0.93333333 0.97647059
v 0.726194 0.039909 -0.061808 0.84705882 0.65490196 0.61176471
v 0.719248 0.040791 -0.061808 0.83921569 0.65490196 0.60784314
v 0.713593 0.041619 -0.061808 0.82745098 0.66666667 0.65098039
v 0.709737 0.042257 -0.061808 0.77254902 0.65490196 0.63529412
v 0.755320 0.032901 -0.061808 0.85882353 0.65098039 0.61960784
v -0.805219 0.030293 -0.064791 0.84313725 0.61960784 0.58823529
v -0.728802 0.041210 -0.062858 0.85098039 0.67450980 0.63137255
v -0.717885 0.041210 -0.067939 0.86274510 0.70980392 0.66666667
v -0.772469 0.030293 -0.068831 0.83137255 0.59607843 0.56078431
v -0.728802 0.008460 -0.065864 0.76862745 0.61568627 0.57647059
v -0.761552 0.030293 -0.069264 0.83137255 0.60000000 0.57254902
v -0.717885 0.008460 -0.066298 0.78431373 0.65098039 0.62352941
v -0.679686 0.046660 -0.067699 0.89803922 0.90588235 0.94117647
v 0.678549 0.000354 -0.066468 0.87058824 0.85882353 0.89803922
v 0.667633 0.000354 -0.065429 0.87058824 0.86666667 0.90588235
v 0.804199 0.027330 -0.062863 0.79215686 0.60000000 0.57647059
v 0.689474 0.043999 -0.065114 0.91764706 0.92156863 0.95686275
v 0.705841 0.005812 -0.068921 0.83921569 0.75294118 0.76078431
v 0.727751 0.038345 -0.067096 0.84313725 0.65098039 0.60392157
v -0.638896 -0.005029 -0.057948 0.80000000 0.79607843 0.83529412
v -0.638564 -0.005011 -0.057948 0.80000000 0.79607843 0.83921569
v -0.633891 -0.004579 -0.057948 0.79607843 0.79215686 0.83137255
v -0.797026 0.022112 -0.057948 0.76078431 0.54509804 0.50588235
v -0.794713 0.025245 -0.057948 0.77254902 0.53725490 0.50588235
v -0.793342 0.020337 -0.057948 0.73333333 0.52549020 0.49803922
v -0.792390 0.026747 -0.057948 0.74901961 0.51372549 0.48235294
v -0.632566 -0.004474 -0.057948 0.79607843 0.79215686 0.83137255
v -0.791421 0.027412 -0.057948 0.74509804 0.50980392 0.47843137
v -0.789507 0.018713 -0.057948 0.69019608 0.48627451 0.47058824
v -0.628794 -0.004217 -0.057948 0.79215686 0.78823529 0.82745098
v -0.787636 0.018168 -0.057948 0.68235294 0.48235294 0.46666667
v -0.605851 -0.005323 -0.057948 0.80000000 0.79215686 0.82745098
v -0.600653 -0.005063 -0.057948 0.80784314 0.80000000 0.83921569
v -0.785303 0.017459 -0.057948 0.65098039 0.45098039 0.43529412
v -0.659046 0.045478 -0.057948 0.92941176 0.93333333 0.96862745
v -0.653629 -0.003701 -0.057948 0.81568627 0.81568627 0.85098039
v -0.650187 -0.005718 -0.057948 0.80392157 0.80392157 0.84313725
v -0.655341 0.043721 -0.057948 0.92941176 0.93333333 0.96862745
v -0.654992 0.043657 -0.057948 0.93725490 0.94117647 0.97647059
v -0.650181 0.043422 -0.057948 0.93725490 0.94509804 0.97647059
v -0.649461 0.043598 -0.057948 0.94117647 0.94901961 0.97647059
v -0.649152 -0.005689 -0.057948 0.80000000 0.80000000 0.83921569
v -0.644212 -0.005171 -0.057948 0.80000000 0.80000000 0.83921569
v -0.645334 0.044906 -0.057948 0.93333333 0.94117647 0.97254902
v -0.642607 0.045539 -0.057948 0.93333333 0.94117647 0.97254902
v -0.641014 0.046106 -0.057948 0.93333333 0.93725490 0.97254902
v -0.637082 0.047646 -0.057948 0.92156863 0.92549020 0.96470588
v -0.644182 -0.005171 -0.057948 0.80000000 0.80000000 0.83921569
v -0.626822 -0.004188 -0.057948 0.78823529 0.78039216 0.82352941
v -0.623307 -0.004243 -0.057948 0.78431373 0.78039216 0.81960784
v -0.621471 -0.004293 -0.057948 0.78431373 0.77647059 0.81568627
v -0.633740 0.048944 -0.057948 0.90980392 0.91372549 0.95686275
v -0.633148 0.049181 -0.057948 0.90980392 0.91372549 0.95686275
v -0.628766 0.050305 -0.057948 0.92549020 0.92941176 0.96862745
v -0.626272 0.050950 -0.057948 0.92941176 0.93333333 0.96862745
v -0.604703 0.058382 -0.057948 0.90196078 0.90196078 0.95294118
v -0.601188 0.060171 -0.057948 0.90588235 0.90588235 0.95686275
v -0.624509 0.051514 -0.057948 0.92941176 0.93725490 0.96470588
v -0.620774 0.053195 -0.057948 0.92941176 0.93725490 0.96470588
v -0.617270 0.054507 -0.057948 0.93333333 0.93725490 0.96862745
v -0.616890 0.054636 -0.057948 0.93333333 0.93725490 0.96862745
v -0.612368 0.055472 -0.057948 0.91764706 0.91764706 0.96078431
v -0.610147 0.056186 -0.057948 0.90196078 0.90196078 0.95294118
v -0.608334 0.056788 -0.057948 0.89803922 0.89803922 0.94901961
v -0.617537 -0.004554 -0.057948 0.78039216 0.77254902 0.81176471
v -0.616326 -0.004607 -0.057948 0.78039216 0.77254902 0.80784314
v -0.611511 -0.005122 -0.057948 0.78039216 0.77647059 0.80784314
v -0.611399 -0.005138 -0.057948 0.78431373 0.78039216 0.81176471
v -0.606131 -0.005329 -0.057948 0.79215686 0.78431373 0.81960784
v 0.621251 -0.007848 -0.057948 0.79607843 0.79215686 0.84705882
v 0.621219 -0.007851 -0.057948 0.79607843 0.79215686 0.84705882
v 0.616234 -0.008290 -0.057948 0.78431373 0.78431373 0.83137255
v 0.615243 -0.008369 -0.057948 0.78431373 0.78431373 0.82745098
v 0.601366 -0.009797 -0.057948 0.84705882 0.84313725 0.88627451
v 0.626583 -0.007722 -0.057948 0.80392157 0.79607843 0.85490196
v 0.626807 -0.007722 -0.057948 0.80392157 0.79607843 0.85882353
v 0.611172 -0.008686 -0.057948 0.79607843 0.79215686 0.83921569
v 0.609310 -0.008843 -0.057948 0.80392157 0.79607843 0.84705882
v 0.654019 0.041259 -0.057948 0.94117647 0.94509804 0.96862745
v 0.606296 -0.009268 -0.057948 0.81568627 0.81176471 0.85882353
v 0.653883 0.041188 -0.057948 0.93725490 0.94117647 0.96470588
v 0.603014 -0.009681 -0.057948 0.84313725 0.83921569 0.88235294
v 0.657465 0.043272 -0.057948 0.94509804 0.94901961 0.97647059
v 0.643282 -0.008045 -0.057948 0.80000000 0.80392157 0.85098039
v 0.649611 0.040208 -0.057948 0.93725490 0.93725490 0.97254902
v 0.642874 -0.008029 -0.057948 0.80000000 0.80392157 0.85098039
v 0.647873 0.040636 -0.057948 0.93725490 0.93725490 0.96862745
v 0.637703 -0.007742 -0.057948 0.80392157 0.80000000 0.84705882
v 0.643212 0.041152 -0.057948 0.94117647 0.94509804 0.97647059
v 0.643023 0.041192 -0.057948 0.94117647 0.94509804 0.97254902
v 0.648740 -0.008045 -0.057948 0.80784314 0.80784314 0.85098039
v 0.648298 -0.008064 -0.057948 0.80392157 0.80784314 0.84705882
v 0.635100 0.043806 -0.057948 0.94117647 0.95294118 0.96862745
v 0.634815 0.043899 -0.057948 0.94117647 0.95294118 0.96862745
v 0.630658 0.045203 -0.057948 0.93725490 0.94901961 0.96862745
v 0.627261 0.046187 -0.057948 0.92941176 0.93725490 0.97254902
v 0.626451 0.046460 -0.057948 0.92941176 0.93725490 0.97254902
v 0.652487 -0.006334 -0.057948 0.81960784 0.81568627 0.86274510
v 0.631899 -0.007579 -0.057948 0.80784314 0.80392157 0.85882353
v 0.637512 -0.007734 -0.057948 0.80392157 0.80000000 0.85098039
v 0.632394 -0.007593 -0.057948 0.80784314 0.80000000 0.85882353
v 0.655138 -0.003526 -0.057948 0.83137255 0.83137255 0.87450980
v 0.657883 -0.000813 -0.057948 0.84313725 0.83921569 0.88235294
v 0.638896 0.042522 -0.057948 0.94509804 0.95294118 0.97254902
v 0.603999 0.053071 -0.057948 0.96078431 0.96470588 0.97647059
v 0.618917 0.049069 -0.057948 0.92549020 0.92549020 0.96470588
v 0.618319 0.049291 -0.057948 0.92549020 0.92549020 0.96862745
v 0.600540 0.053345 -0.057948 0.95686275 0.96078431 0.97647059
v 0.622362 0.047837 -0.057948 0.92941176 0.92941176 0.96862745
v 0.614245 0.050675 -0.057948 0.93725490 0.93725490 0.96862745
v 0.610907 0.051621 -0.057948 0.94117647 0.94509804 0.96470588
v 0.609998 0.051886 -0.057948 0.94509804 0.94901961 0.96862745
v 0.597652 0.053960 -0.057948 0.94509804 0.94901961 0.96862745
v 0.605547 0.052894 -0.057948 0.96078431 0.96470588 0.97647059
v -0.813407 0.022106 -0.061127 0.70980392 0.48235294 0.45490196
v -0.810677 0.024835 -0.060380 0.73333333 0.51764706 0.48627451
v -0.638739 -0.005186 -0.059373 0.79607843 0.79607843 0.83137255
v -0.600530 -0.005186 -0.059196 0.81176471 0.80784314 0.84705882
v -0.810677 0.019376 -0.061027 0.72941176 0.51372549 0.48235294
v -0.807948 0.016647 -0.061639 0.73333333 0.51764706 0.48235294
v -0.807948 0.022106 -0.059634 0.74509804 0.52941176 0.50588235
v -0.805219 0.019376 -0.059887 0.70196078 0.50980392 0.47450980
v -0.649735 0.043869 -0.058470 0.93725490 0.94509804 0.97647059
v -0.802490 0.016647 -0.060910 0.70196078 0.50196078 0.45490196
v -0.641546 0.046599 -0.059439 0.93333333 0.93725490 0.97254902
v -0.633324 0.049359 -0.059210 0.91372549 0.91372549 0.95686275
v -0.802490 0.022106 -0.058875 0.75686275 0.52941176 0.49803922
v -0.625107 0.052114 -0.061210 0.92941176 0.93333333 0.96470588
v -0.799761 0.019376 -0.059069 0.70980392 0.50196078 0.46274510
v -0.797031 0.016647 -0.059994 0.70196078 0.49803922 0.45882353
v -0.799761 0.024835 -0.058583 0.73333333 0.50980392 0.47058824
v -0.797032 0.022106 -0.057949 0.74509804 0.53333333 0.49411765
v -0.794302 0.019376 -0.058315 0.70588235 0.49803922 0.47058824
v -0.797031 0.027564 -0.059009 0.81960784 0.61176471 0.56470588
v -0.794302 0.030293 -0.060279 0.81960784 0.58431373 0.56078431
v -0.791573 0.027564 -0.058064 0.75294118 0.51764706 0.48627451
v -0.791573 0.016647 -0.059480 0.68235294 0.48627451 0.47450980
v -0.786115 0.016647 -0.058846 0.65098039 0.45098039 0.43529412
v -0.644197 -0.005186 -0.058096 0.79607843 0.79607843 0.83529412
v 0.626695 -0.007834 -0.058288 0.80784314 0.79607843 0.85882353
v 0.596674 -0.010563 -0.060578 0.84705882 0.85490196 0.89019608
v 0.643097 0.041268 -0.058542 0.94117647 0.94509804 0.97254902
v 0.634910 0.043996 -0.058615 0.94509804 0.95686275 0.96862745
v 0.610320 0.052208 -0.060481 0.94509804 0.94901961 0.96862745
v 0.637612 -0.007834 -0.058205 0.80392157 0.80000000 0.84705882
v 0.626718 0.046730 -0.059520 0.92941176 0.93725490 0.97254902
v 0.618507 0.049479 -0.059462 0.92941176 0.92941176 0.96470588
v 0.632153 -0.007834 -0.058562 0.80784314 0.80000000 0.85490196
v 0.804109 0.016675 -0.060935 0.72156863 0.50588235 0.48235294
v 0.806831 0.019426 -0.060911 0.75686275 0.54509804 0.51764706
v 0.809585 0.022083 -0.060869 0.74901961 0.54117647 0.52549020
v -0.606732 -0.004443 -0.054089 0.80000000 0.78823529 0.82745098
v -0.605194 -0.004392 -0.054089 0.80392157 0.79607843 0.83921569
v -0.639395 -0.004530 -0.054089 0.80000000 0.80000000 0.83921569
v -0.637984 -0.004432 -0.054089 0.80392157 0.80000000 0.84313725
v -0.634300 -0.004166 -0.054089 0.80000000 0.79607843 0.83921569
v -0.632086 -0.003992 -0.054089 0.79607843 0.79215686 0.83529412
v -0.601549 -0.004168 -0.054089 0.82352941 0.81960784 0.85882353
v -0.629245 -0.003763 -0.054089 0.79215686 0.78431373 0.82745098
v -0.659526 0.044996 -0.054089 0.93333333 0.94117647 0.97254902
v -0.655860 0.043201 -0.054089 0.93725490 0.94117647 0.97647059
v -0.653865 0.042552 -0.054089 0.93725490 0.94117647 0.97254902
v -0.651431 0.042173 -0.054089 0.94117647 0.94509804 0.97254902
v -0.648560 0.042670 -0.054089 0.94117647 0.94509804 0.97254902
v -0.653679 -0.003751 -0.054089 0.81176471 0.81176471 0.85098039
v -0.644730 0.043416 -0.054089 0.94117647 0.94509804 0.97254902
v -0.649805 -0.005335 -0.054089 0.80784314 0.80784314 0.84313725
v -0.649399 -0.005442 -0.054089 0.80392157 0.80392157 0.83921569
v -0.644024 0.043646 -0.054089 0.94117647 0.94509804 0.97254902
v -0.644346 -0.005037 -0.054089 0.80000000 0.80000000 0.83921569
v -0.639653 0.044740 -0.054089 0.92941176 0.93725490 0.96862745
v -0.644019 -0.005009 -0.054089 0.80000000 0.80000000 0.83921569
v -0.637266 0.045419 -0.054089 0.92549020 0.92549020 0.96470588
v -0.635583 0.046139 -0.054089 0.91764706 0.91764706 0.96078431
v -0.626384 -0.003748 -0.054089 0.78431373 0.77647059 0.81960784
v -0.623697 -0.003852 -0.054089 0.78431373 0.77647059 0.81568627
v -0.621065 -0.003888 -0.054089 0.77647059 0.76862745 0.81176471
v -0.631963 0.048030 -0.054089 0.91372549 0.91764706 0.96078431
v -0.627957 0.049265 -0.054089 0.92941176 0.93333333 0.96862745
v -0.627783 0.049317 -0.054089 0.92941176 0.93333333 0.96862745
v -0.623548 0.050550 -0.054089 0.93333333 0.94117647 0.96862745
v -0.620392 0.051375 -0.054089 0.93725490 0.94509804 0.96862745
v -0.619291 0.051703 -0.054089 0.93725490 0.94509804 0.96862745
v -0.615272 0.053002 -0.054089 0.93333333 0.93725490 0.97254902
v -0.612387 0.053938 -0.054089 0.92156863 0.92156863 0.96470588
v -0.611220 0.054336 -0.054089 0.91372549 0.91372549 0.95686275
v -0.607256 0.055752 -0.054089 0.90588235 0.90588235 0.95294118
v -0.604032 0.056858 -0.054089 0.91764706 0.91764706 0.96470588
v -0.603309 0.057089 -0.054089 0.92156863 0.92156863 0.96470588
v -0.599217 0.058302 -0.054089 0.93333333 0.93333333 0.97254902
v -0.618019 -0.004073 -0.054089 0.77647059 0.76862745 0.80784314
v -0.615959 -0.004240 -0.054089 0.76470588 0.75686275 0.79215686
v -0.612088 -0.004545 -0.054089 0.77647059 0.77254902 0.80392157
v -0.610829 -0.004568 -0.054089 0.78039216 0.77254902 0.80784314
v 0.619798 -0.006395 -0.054089 0.78823529 0.78431373 0.83921569
v 0.616929 -0.006683 -0.054089 0.78823529 0.78431373 0.83529412
v 0.599981 -0.008412 -0.054089 0.86666667 0.86666667 0.91372549
v 0.624993 -0.006132 -0.054089 0.79607843 0.79215686 0.85098039
v 0.622853 -0.006217 -0.054089 0.79607843 0.78823529 0.84705882
v 0.628509 -0.006019 -0.054089 0.80000000 0.79607843 0.85490196
v 0.641215 -0.005979 -0.054089 0.81176471 0.80784314 0.85882353
v 0.639583 -0.005862 -0.054089 0.81176471 0.80784314 0.85882353
v 0.654541 0.040737 -0.054089 0.94117647 0.94509804 0.97254902
v 0.651778 -0.005625 -0.054089 0.81568627 0.81568627 0.86274510
v 0.650052 -0.006310 -0.054089 0.81176471 0.81176471 0.85882353
v 0.654474 -0.002863 -0.054089 0.82352941 0.82352941 0.87058824
v 0.657749 -0.000680 -0.054089 0.83529412 0.83137255 0.87843137
v 0.652075 0.039380 -0.054089 0.94117647 0.94509804 0.97254902
v 0.647224 -0.006529 -0.054089 0.80784314 0.81176471 0.85098039
v 0.605097 -0.008070 -0.054089 0.85490196 0.85098039 0.90588235
v 0.657803 0.042934 -0.054089 0.94901961 0.94901961 0.97254902
v 0.604601 -0.008094 -0.054089 0.85490196 0.85098039 0.90588235
v 0.609947 -0.007461 -0.054089 0.82745098 0.81960784 0.86666667
v 0.644687 -0.006217 -0.054089 0.81176471 0.81176471 0.85490196
v 0.614897 -0.006953 -0.054089 0.79607843 0.79215686 0.84313725
v 0.610833 -0.007320 -0.054089 0.81960784 0.81568627 0.86274510
v 0.650861 0.038962 -0.054089 0.94117647 0.94509804 0.97254902
v 0.604996 0.052074 -0.054089 0.95686275 0.96470588 0.97647059
v 0.646972 0.039679 -0.054089 0.93725490 0.93725490 0.97254902
v 0.644282 0.040083 -0.054089 0.93725490 0.94117647 0.97254902
v 0.604753 0.052101 -0.054089 0.95686275 0.96470588 0.97647059
v 0.599495 0.052116 -0.054089 0.94901961 0.95294118 0.97254902
v 0.642425 0.040583 -0.054089 0.94117647 0.94117647 0.97254902
v 0.599321 0.052126 -0.054089 0.95294118 0.95294118 0.97647059
v 0.636652 0.042255 -0.054089 0.93725490 0.94509804 0.97254902
v 0.634037 0.043108 -0.054089 0.94117647 0.94509804 0.97254902
v 0.629885 0.044420 -0.054089 0.93725490 0.94117647 0.97254902
v 0.594601 0.052864 -0.054089 0.93725490 0.93725490 0.96470588
v 0.628673 0.044776 -0.054089 0.93725490 0.94117647 0.97254902
v 0.625719 0.045721 -0.054089 0.92549020 0.93333333 0.97254902
v 0.638162 0.041774 -0.054089 0.93725490 0.94117647 0.97254902
v 0.620380 0.047610 -0.054089 0.91764706 0.92156863 0.96470588
v 0.617600 0.048572 -0.054089 0.91372549 0.91764706 0.96078431
v 0.630174 -0.005855 -0.054089 0.80392157 0.80000000 0.85882353
v 0.621698 0.047169 -0.054089 0.92156863 0.92156863 0.96470588
v 0.613610 0.050040 -0.054089 0.92549020 0.92941176 0.96470588
v 0.635608 -0.005830 -0.054089 0.80784314 0.80784314 0.85490196
v 0.612021 0.050507 -0.054089 0.93725490 0.93725490 0.96862745
v 0.634200 -0.005787 -0.054089 0.80784314 0.80392157 0.85882353
v 0.609398 0.051287 -0.054089 0.94509804 0.94901961 0.97254902
v -0.660036 0.000803 -0.054089 0.83137255 0.83137255 0.87058824
v -0.656700 -0.001314 -0.054089 0.82352941 0.81960784 0.86274510
v -0.605989 -0.005186 -0.057074 0.78431373 0.77647059 0.81176471
v -0.644285 0.043861 -0.055029 0.93725490 0.94509804 0.97254902
v -0.603566 0.057328 -0.054603 0.92156863 0.92156863 0.96470588
v -0.636063 0.046621 -0.055548 0.91764706 0.92156863 0.96078431
v -0.600966 0.059952 -0.057285 0.92549020 0.92941176 0.96862745
v -0.794302 0.024835 -0.057852 0.70980392 0.50196078 0.47058824
v -0.627844 0.049378 -0.054306 0.92941176 0.93333333 0.96862745
v -0.791573 0.022106 -0.057453 0.73333333 0.52941176 0.49803922
v -0.788844 0.024835 -0.056824 0.72941176 0.52941176 0.49411765
v -0.619675 0.052092 -0.055089 0.93333333 0.94117647 0.96862745
v -0.788844 0.019376 -0.057658 0.71372549 0.50980392 0.49019608
v -0.611609 0.054718 -0.055276 0.91372549 0.91764706 0.96078431
v -0.786115 0.022106 -0.056856 0.76470588 0.55686275 0.52549020
v -0.783385 0.019376 -0.056896 0.65098039 0.45882353 0.43529412
v 0.643070 -0.007834 -0.057446 0.80000000 0.80392157 0.85098039
v 0.648528 -0.007834 -0.057193 0.80784314 0.80784314 0.84705882
v 0.621237 -0.007834 -0.057905 0.79607843 0.78823529 0.84313725
v 0.615778 -0.007834 -0.056615 0.78431373 0.78431373 0.83137255
v 0.604861 0.052208 -0.054526 0.96078431 0.96470588 0.97647059
v 0.599403 0.052208 -0.054351 0.94901961 0.94901961 0.97254902
v 0.610320 -0.007834 -0.055395 0.81568627 0.80784314 0.85490196
v -0.770412 0.021433 -0.054089 0.76862745 0.57647059 0.53333333
v -0.702569 0.045609 -0.054089 0.78823529 0.68235294 0.67843137
v -0.768070 0.025894 -0.054089 0.81568627 0.59607843 0.56470588
v -0.700727 0.045885 -0.054089 0.80784314 0.73725490 0.74509804
v -0.761557 0.030288 -0.054089 0.82352941 0.60392157 0.57254902
v -0.691028 0.047077 -0.054089 0.94901961 0.95294118 0.97254902
v -0.690067 0.047197 -0.054089 0.94509804 0.95294118 0.96862745
v -0.681335 0.048272 -0.054089 0.93725490 0.94901961 0.96862745
v -0.765999 0.014930 -0.054089 0.74117647 0.56470588 0.51372549
v -0.759505 0.010506 -0.054089 0.73725490 0.56078431 0.51372549
v -0.677846 0.048506 -0.054089 0.94117647 0.94901961 0.96862745
v -0.750741 0.008565 -0.054089 0.73725490 0.56470588 0.52156863
v -0.670958 0.048727 -0.054089 0.94117647 0.94509804 0.97254902
v -0.761550 0.030292 -0.054089 0.82745098 0.61176471 0.58039216
v -0.666964 0.048474 -0.054089 0.93725490 0.94117647 0.97254902
v -0.755180 0.034838 -0.054089 0.83529412 0.62352941 0.59215686
v 0.696986 0.003751 -0.054089 0.83921569 0.78823529 0.81176471
v -0.750542 0.008553 -0.054089 0.74117647 0.57254902 0.52549020
v 0.691357 0.002245 -0.054089 0.85490196 0.81960784 0.85098039
v -0.699392 0.005120 -0.054089 0.81960784 0.74509804 0.74901961
v -0.740071 0.008107 -0.054089 0.74901961 0.58039216 0.53725490
v -0.690823 0.002772 -0.054089 0.82745098 0.77254902 0.78431373
v -0.690183 0.002591 -0.054089 0.83137255 0.78823529 0.80784314
v -0.739338 0.008079 -0.054089 0.75686275 0.59607843 0.55294118
v 0.679351 -0.000448 -0.054089 0.85098039 0.83921569 0.87843137
v 0.756730 0.009376 -0.054089 0.71764706 0.55686275 0.51372549
v -0.681840 0.000837 -0.054089 0.84705882 0.81176471 0.83529412
v 0.751884 0.008003 -0.054089 0.73333333 0.56862745 0.52549020
v 0.677677 -0.000519 -0.054089 0.85098039 0.84313725 0.88627451
v 0.700446 0.043881 -0.054089 0.92156863 0.92156863 0.96078431
v 0.747831 0.007392 -0.054089 0.73725490 0.57647059 0.52941176
v 0.739752 0.006842 -0.054089 0.75294118 0.59215686 0.54901961
v 0.667868 0.000119 -0.054089 0.84705882 0.84313725 0.88627451
v 0.763195 0.013797 -0.054089 0.71764706 0.55294118 0.51372549
v 0.667409 0.000130 -0.054089 0.84313725 0.83921569 0.88627451
v -0.677409 0.000733 -0.054089 0.84313725 0.82352941 0.85490196
v 0.766938 0.021011 -0.054089 0.74117647 0.55294118 0.51372549
v -0.670130 0.001631 -0.054089 0.84705882 0.83921569 0.87450980
v 0.688415 0.001405 -0.054089 0.85490196 0.83529412 0.87450980
v -0.667496 0.001737 -0.054089 0.83921569 0.83529412 0.87450980
v 0.766608 0.022639 -0.054089 0.76862745 0.56078431 0.52156863
v 0.761284 0.028158 -0.054089 0.81960784 0.59607843 0.56862745
v 0.737410 0.006925 -0.054089 0.76470588 0.60784314 0.56470588
v 0.729074 0.007142 -0.054089 0.77647059 0.62745098 0.59215686
v 0.726088 0.007371 -0.054089 0.78823529 0.64705882 0.61960784
v 0.718565 0.007591 -0.054089 0.80000000 0.67450980 0.65490196
v -0.729038 0.008696 -0.054089 0.76470588 0.60392157 0.56470588
v 0.690683 0.045046 -0.054089 0.96862745 0.97254902 0.99215686
v 0.725293 0.040813 -0.054089 0.85098039 0.65882353 0.61568627
v 0.719970 0.041502 -0.054089 0.85098039 0.66666667 0.63137255
v 0.715190 0.007372 -0.054089 0.81176471 0.70588235 0.69411765
v 0.712731 0.042483 -0.054089 0.87058824 0.70196078 0.67058824
v 0.706322 0.006289 -0.054089 0.82745098 0.74117647 0.74117647
v 0.710318 0.042795 -0.054089 0.83529412 0.70588235 0.68235294
v 0.705524 0.006129 -0.054089 0.83921569 0.76862745 0.78431373
v 0.729638 0.040243 -0.054089 0.85098039 0.65490196 0.61176471
v 0.756197 0.031679 -0.054089 0.83921569 0.62745098 0.59607843
v -0.747631 0.038206 -0.054089 0.84313725 0.63921569 0.60392157
v 0.754793 0.032521 -0.054089 0.85098039 0.64313725 0.60784314
v 0.747269 0.035965 -0.054089 0.85490196 0.64705882 0.60784314
v 0.738753 0.038445 -0.054089 0.85490196 0.65098039 0.60784314
v 0.738523 0.038498 -0.054089 0.85098039 0.65098039 0.60784314
v 0.700452 0.043881 -0.054089 0.90196078 0.87058824 0.89411765
v -0.740865 0.040064 -0.054089 0.85098039 0.65490196 0.61568627
v -0.738945 0.040436 -0.054089 0.85490196 0.66666667 0.62352941
v -0.729759 0.042167 -0.054089 0.85490196 0.67450980 0.62745098
v -0.727573 0.042439 -0.054089 0.85490196 0.67843137 0.63137255
v -0.720118 0.043443 -0.054089 0.85882353 0.68235294 0.63921569
v -0.728536 0.008725 -0.054089 0.76862745 0.61568627 0.58039216
v -0.718243 0.008817 -0.054089 0.77647059 0.62745098 0.59607843
v -0.717573 0.008772 -0.054089 0.78039216 0.64705882 0.61568627
v -0.707918 0.007510 -0.054089 0.79215686 0.67058824 0.65098039
v -0.705485 0.006976 -0.054089 0.80392157 0.70196078 0.69019608
v -0.714966 0.044129 -0.054089 0.86274510 0.68627451 0.65098039
v -0.710448 0.044690 -0.054089 0.84313725 0.66274510 0.61960784
v 0.675914 0.046658 -0.054089 0.96862745 0.97254902 0.98823529
v 0.670471 0.046802 -0.054089 0.96862745 0.97254902 0.98039216
v 0.688077 0.045371 -0.054089 0.96862745 0.97647059 0.99215686
v 0.681025 0.046234 -0.054089 0.97254902 0.97647059 0.99215686
v 0.665150 0.046506 -0.054089 0.96078431 0.96470588 0.98039216
v -0.783385 0.030293 -0.059757 0.76078431 0.54901961 0.51764706
v -0.690593 0.046668 -0.060977 0.92156863 0.92549020 0.96470588
v -0.777927 0.024835 -0.056256 0.78039216 0.56078431 0.52549020
v -0.772469 0.019376 -0.055616 0.72941176 0.57647059 0.50196078
v -0.772469 0.030293 -0.059584 0.75686275 0.52549020 0.49019608
v -0.761552 0.030293 -0.054092 0.82352941 0.60000000 0.56862745
v -0.690593 0.003001 -0.054692 0.83529412 0.78823529 0.80392157
v -0.767010 0.013918 -0.057448 0.73333333 0.55686275 0.50196078
v 0.678549 0.000354 -0.059344 0.85882353 0.85098039 0.89019608
v 0.667633 0.000354 -0.058196 0.85490196 0.85098039 0.89019608
v 0.771353 0.016693 -0.058357 0.70588235 0.54509804 0.50588235
v 0.700449 0.043878 -0.054237 0.92156863 0.92156863 0.96078431
v 0.793190 0.016682 -0.060096 0.69019608 0.51372549 0.49411765
v 0.798643 0.022158 -0.059161 0.72941176 0.53333333 0.51372549
v 0.782261 0.016720 -0.059113 0.71372549 0.54509804 0.50588235
v 0.755096 0.032726 -0.060199 0.87843137 0.66666667 0.63137255
v 0.787725 0.022161 -0.057644 0.79215686 0.58823529 0.56470588
v 0.776825 0.022112 -0.056752 0.66666667 0.49803922 0.45098039
v 0.782287 0.027561 -0.058391 0.83137255 0.63137255 0.60392157
v 0.793227 0.027493 -0.059936 0.78823529 0.60784314 0.58431373
v 0.771407 0.027450 -0.058149 0.80000000 0.58039216 0.54117647
v 0.738670 0.038339 -0.056360 0.85490196 0.65098039 0.61176471
v -0.660430 0.044090 -0.050229 0.93725490 0.94509804 0.97254902
v -0.657279 0.041782 -0.050229 0.93333333 0.93725490 0.96862745
v -0.653121 0.040482 -0.050229 0.92941176 0.93725490 0.96862745
v -0.652045 0.040764 -0.050229 0.93725490 0.94117647 0.97254902
v -0.647596 0.041764 -0.050229 0.93725490 0.94117647 0.96862745
v -0.646039 0.042104 -0.050229 0.93333333 0.93725490 0.96862745
v -0.643149 0.042772 -0.050229 0.94117647 0.94509804 0.97647059
v -0.639030 0.043655 -0.050229 0.92549020 0.92549020 0.96470588
v -0.619118 -0.002974 -0.050229 0.77647059 0.76470588 0.81176471
v -0.638668 0.043751 -0.050229 0.92156863 0.92549020 0.96470588
v -0.614269 -0.002550 -0.050229 0.78823529 0.78039216 0.82745098
v -0.634770 0.045363 -0.050229 0.90980392 0.90980392 0.95294118
v -0.614079 -0.002555 -0.050229 0.78431373 0.77647059 0.81960784
v -0.660078 0.000759 -0.050229 0.83137255 0.82745098 0.87058824
v -0.608750 -0.002425 -0.050229 0.80784314 0.79607843 0.85098039
v -0.629889 -0.003119 -0.050229 0.78823529 0.78431373 0.83137255
v -0.625436 -0.002801 -0.050229 0.78039216 0.77647059 0.81960784
v -0.656674 -0.001296 -0.050229 0.81960784 0.81960784 0.86274510
v -0.624746 -0.002804 -0.050229 0.77647059 0.76862745 0.81176471
v -0.608675 -0.002415 -0.050229 0.81176471 0.79607843 0.85098039
v -0.620166 -0.002989 -0.050229 0.77647059 0.76470588 0.80784314
v -0.653348 -0.003428 -0.050229 0.81176471 0.81176471 0.85490196
v -0.601779 0.055742 -0.050229 0.92941176 0.92941176 0.96862745
v -0.650663 -0.004191 -0.050229 0.80784314 0.80784314 0.84705882
v -0.599389 0.056039 -0.050229 0.94117647 0.94509804 0.97647059
v -0.648946 -0.004477 -0.050229 0.80784314 0.80392157 0.84313725
v -0.630885 0.046945 -0.050229 0.91372549 0.91764706 0.96470588
v -0.603525 -0.002191 -0.050229 0.83137255 0.83137255 0.88235294
v -0.629983 0.047240 -0.050229 0.91764706 0.92156863 0.96470588
v -0.602923 -0.002121 -0.050229 0.83529412 0.83529412 0.88627451
v -0.626726 0.048256 -0.050229 0.92941176 0.93725490 0.96862745
v -0.622429 0.049429 -0.050229 0.94117647 0.94509804 0.96862745
v -0.645151 -0.004233 -0.050229 0.80000000 0.80000000 0.83137255
v -0.643118 -0.004107 -0.050229 0.80000000 0.80000000 0.83529412
v -0.622310 0.049453 -0.050229 0.94117647 0.94509804 0.96862745
v -0.640024 -0.003901 -0.050229 0.80784314 0.80784314 0.85098039
v -0.618005 0.050408 -0.050229 0.93725490 0.94509804 0.97254902
v -0.637233 -0.003681 -0.050229 0.80784314 0.80392157 0.84705882
v -0.634902 -0.003564 -0.050229 0.80392157 0.80000000 0.84313725
v -0.614703 0.051608 -0.050229 0.93333333 0.93725490 0.97254902
v -0.614043 0.051880 -0.050229 0.92941176 0.93333333 0.97254902
v -0.610115 0.053264 -0.050229 0.91372549 0.90980392 0.95686275
v -0.606597 0.054271 -0.050229 0.90980392 0.90980392 0.95686275
v -0.631395 -0.003301 -0.050229 0.79607843 0.79215686 0.83921569
v -0.605886 0.054463 -0.050229 0.91372549 0.91372549 0.95686275
v 0.656957 0.000112 -0.050229 0.83921569 0.83529412 0.88235294
v 0.656095 -0.000267 -0.050229 0.83137255 0.83137255 0.87843137
v 0.650079 -0.003926 -0.050229 0.81568627 0.81176471 0.85882353
v 0.646583 -0.004321 -0.050229 0.81176471 0.81176471 0.85882353
v 0.645054 -0.004359 -0.050229 0.81176471 0.81176471 0.86274510
v 0.641278 -0.004167 -0.050229 0.81176471 0.81176471 0.86274510
v 0.653518 -0.001907 -0.050229 0.82745098 0.82352941 0.87450980
v 0.651829 0.037994 -0.050229 0.94509804 0.94509804 0.96862745
v 0.650905 0.038156 -0.050229 0.94117647 0.94117647 0.97254902
v 0.655092 0.040186 -0.050229 0.94509804 0.94509804 0.96862745
v 0.658162 0.042574 -0.050229 0.94901961 0.94901961 0.97254902
v 0.645853 0.038513 -0.050229 0.93333333 0.93333333 0.96470588
v 0.645821 0.038519 -0.050229 0.93333333 0.93333333 0.96470588
v 0.641349 0.039496 -0.050229 0.92549020 0.92549020 0.96470588
v 0.638781 0.040126 -0.050229 0.92156863 0.92156863 0.96470588
v 0.637059 0.040659 -0.050229 0.92156863 0.92156863 0.96470588
v 0.632927 0.041986 -0.050229 0.92549020 0.92941176 0.96862745
v 0.630766 0.042683 -0.050229 0.92549020 0.93333333 0.96862745
v 0.628913 0.043440 -0.050229 0.92549020 0.93333333 0.96470588
v 0.625142 0.045139 -0.050229 0.92156863 0.92549020 0.96470588
v 0.621451 0.046539 -0.050229 0.91372549 0.91372549 0.95686275
v 0.621167 0.046635 -0.050229 0.90980392 0.91372549 0.95686275
v 0.617034 0.048006 -0.050229 0.90588235 0.90588235 0.95294118
v 0.613051 0.049482 -0.050229 0.91764706 0.92156863 0.96078431
v 0.613044 0.049484 -0.050229 0.92156863 0.92156863 0.96078431
v 0.639290 -0.004053 -0.050229 0.81176471 0.81176471 0.86274510
v 0.636026 -0.003961 -0.050229 0.81176471 0.80784314 0.85882353
v 0.608632 0.050520 -0.050229 0.94509804 0.94901961 0.97647059
v 0.633771 -0.003993 -0.050229 0.81176471 0.80784314 0.85882353
v 0.630310 -0.004219 -0.050229 0.80784314 0.80392157 0.85490196
v 0.628664 -0.004345 -0.050229 0.80392157 0.80000000 0.85098039
v 0.624564 -0.004507 -0.050229 0.79607843 0.79215686 0.84705882
v 0.623406 -0.004545 -0.050229 0.79607843 0.79215686 0.84705882
v 0.618604 -0.005008 -0.050229 0.79607843 0.79607843 0.84313725
v 0.598487 -0.006918 -0.050229 0.88235294 0.87843137 0.93333333
v 0.609087 -0.006601 -0.050229 0.85098039 0.84705882 0.89803922
v 0.605874 -0.006821 -0.050229 0.86274510 0.85882353 0.91372549
v 0.618432 -0.005030 -0.050229 0.80000000 0.79607843 0.84313725
v 0.613729 -0.005785 -0.050229 0.82352941 0.82352941 0.87058824
v 0.612095 -0.006059 -0.050229 0.83529412 0.83137255 0.87843137
v 0.603866 -0.006839 -0.050229 0.86274510 0.86274510 0.91764706
v 0.600320 -0.006917 -0.050229 0.87058824 0.87058824 0.92156863
v 0.606325 0.050745 -0.050229 0.95294118 0.95686275 0.97647059
v 0.603527 0.050874 -0.050229 0.95294118 0.96078431 0.97647059
v 0.600539 0.051072 -0.050229 0.94901961 0.95686275 0.97254902
v 0.598463 0.051268 -0.050229 0.94509804 0.94901961 0.97254902
v 0.594596 0.051557 -0.050229 0.94509804 0.94509804 0.96862745
v -0.652472 0.041132 -0.051544 0.93725490 0.94117647 0.97254902
v -0.608718 -0.002457 -0.050285 0.81568627 0.80000000 0.85490196
v -0.638801 0.043884 -0.050848 0.92549020 0.92549020 0.96470588
v -0.603259 -0.002457 -0.050606 0.83137255 0.83137255 0.88235294
v -0.649655 -0.005186 -0.053439 0.80392157 0.80392157 0.84313725
v -0.598136 0.057304 -0.052214 0.94117647 0.94117647 0.97647059
v -0.614293 0.052026 -0.050813 0.93333333 0.93725490 0.97254902
v -0.606154 0.054716 -0.050869 0.90980392 0.90980392 0.95686275
v 0.651257 0.038562 -0.052194 0.94117647 0.94117647 0.97647059
v 0.645833 0.038532 -0.050274 0.92941176 0.92941176 0.96862745
v 0.637651 0.041256 -0.052157 0.92941176 0.93333333 0.97254902
v 0.629459 0.043990 -0.052408 0.93333333 0.94117647 0.97254902
v 0.640341 -0.005105 -0.052399 0.81176471 0.81176471 0.86274510
v 0.621261 0.046729 -0.050846 0.90980392 0.91372549 0.95686275
v 0.651258 -0.005105 -0.052667 0.81176471 0.80784314 0.85882353
v 0.653987 -0.002375 -0.051990 0.82352941 0.82352941 0.87058824
v 0.645799 -0.005105 -0.051721 0.81176471 0.81176471 0.85882353
v 0.593945 0.052208 -0.051860 0.93725490 0.93725490 0.96470588
v 0.629424 -0.005105 -0.052085 0.80392157 0.80000000 0.85490196
v 0.634882 -0.005105 -0.052565 0.80784314 0.80784314 0.85882353
v 0.623966 -0.005105 -0.051629 0.79607843 0.79215686 0.84705882
v 0.618507 -0.005105 -0.050459 0.79607843 0.79607843 0.84313725
v 0.599403 -0.007834 -0.052495 0.87450980 0.87058824 0.92156863
v 0.604861 -0.007834 -0.053341 0.85490196 0.85098039 0.90588235
v -0.659798 0.001038 -0.046369 0.83137255 0.82745098 0.87843137
v -0.656323 -0.000945 -0.046369 0.82352941 0.81960784 0.87058824
v -0.653103 -0.003184 -0.046369 0.81176471 0.81176471 0.85490196
v -0.661614 0.042899 -0.046369 0.93333333 0.94509804 0.97254902
v -0.650889 -0.003966 -0.046369 0.81176471 0.80784314 0.85098039
v -0.658751 0.040304 -0.046369 0.92549020 0.92941176 0.96078431
v -0.648669 -0.004208 -0.046369 0.80784314 0.80392157 0.84705882
v -0.655529 0.038066 -0.046369 0.92941176 0.94117647 0.97254902
v -0.617725 -0.000548 -0.046369 0.79607843 0.78431373 0.83529412
v -0.615954 -0.000679 -0.046369 0.80000000 0.79215686 0.84313725
v -0.599571 0.053702 -0.046369 0.94509804 0.94901961 0.97647059
v -0.645757 -0.003638 -0.046369 0.80784314 0.80392157 0.84705882
v -0.654751 0.038118 -0.046369 0.92941176 0.94117647 0.96862745
v -0.642218 -0.003214 -0.046369 0.81568627 0.81960784 0.86274510
v -0.611750 0.000575 -0.046369 0.83137255 0.81960784 0.88235294
v -0.650461 0.039236 -0.046369 0.93333333 0.94117647 0.97254902
v -0.640886 -0.003039 -0.046369 0.80392157 0.80784314 0.84705882
v -0.648532 0.039607 -0.046369 0.93333333 0.94117647 0.97254902
v -0.646062 0.040286 -0.046369 0.93333333 0.93725490 0.97254902
v -0.641745 0.041417 -0.046369 0.92549020 0.92941176 0.97254902
v -0.611064 0.000655 -0.046369 0.83137255 0.81960784 0.88235294
v -0.636044 -0.002422 -0.046369 0.80000000 0.80000000 0.83921569
v -0.641017 0.041665 -0.046369 0.92156863 0.92549020 0.96862745
v -0.607287 0.001570 -0.046369 0.84705882 0.84313725 0.91372549
v -0.635964 -0.002412 -0.046369 0.80000000 0.79607843 0.83529412
v -0.604384 0.001877 -0.046369 0.85490196 0.85098039 0.92156863
v -0.637849 0.042972 -0.046369 0.90588235 0.90980392 0.95294118
v -0.631175 -0.001833 -0.046369 0.79215686 0.78039216 0.82745098
v -0.601654 0.001396 -0.046369 0.85490196 0.85098039 0.91764706
v -0.634039 0.044624 -0.046369 0.89803922 0.90196078 0.94117647
v -0.629653 -0.001559 -0.046369 0.78039216 0.77254902 0.81568627
v -0.626467 -0.001082 -0.046369 0.77647059 0.77254902 0.81568627
v -0.622921 -0.000285 -0.046369 0.78039216 0.77254902 0.81960784
v -0.621926 -0.000166 -0.046369 0.78039216 0.77254902 0.81960784
v -0.631840 0.045383 -0.046369 0.90588235 0.90588235 0.94901961
v -0.629931 0.045989 -0.046369 0.90980392 0.91372549 0.95294118
v -0.625631 0.047161 -0.046369 0.92549020 0.93333333 0.96078431
v -0.624250 0.047513 -0.046369 0.92941176 0.93725490 0.96078431
v -0.621036 0.048036 -0.046369 0.93333333 0.94117647 0.96862745
v -0.617948 0.048355 -0.046369 0.93333333 0.94117647 0.97254902
v -0.616292 0.048698 -0.046369 0.92941176 0.93725490 0.97254902
v -0.612303 0.050148 -0.046369 0.92156863 0.92549020 0.96470588
v -0.609869 0.050984 -0.046369 0.90980392 0.91372549 0.95686275
v -0.608231 0.051517 -0.046369 0.90588235 0.90980392 0.95294118
v -0.604000 0.052744 -0.046369 0.91764706 0.91764706 0.95686275
v -0.602128 0.053273 -0.046369 0.93333333 0.93333333 0.96862745
v 0.642343 0.036564 -0.046369 0.92549020 0.92549020 0.95294118
v 0.639099 0.037247 -0.046369 0.91372549 0.91764706 0.95686275
v 0.653156 0.036664 -0.046369 0.93725490 0.94117647 0.96470588
v 0.649416 0.036665 -0.046369 0.93333333 0.93333333 0.96470588
v 0.655631 0.039648 -0.046369 0.93725490 0.94117647 0.96470588
v 0.658569 0.042168 -0.046369 0.94117647 0.94509804 0.96862745
v 0.647820 0.036545 -0.046369 0.93333333 0.93333333 0.96470588
v 0.648281 -0.002128 -0.046369 0.81960784 0.81568627 0.87058824
v 0.643731 0.036428 -0.046369 0.92549020 0.92549020 0.96078431
v 0.608297 0.048773 -0.046369 0.94901961 0.95294118 0.97254902
v 0.643190 -0.002255 -0.046369 0.81568627 0.81568627 0.86666667
v 0.607015 0.048904 -0.046369 0.94901961 0.95686275 0.97647059
v 0.635276 0.038874 -0.046369 0.90196078 0.90588235 0.95294118
v 0.596863 -0.004915 -0.046369 0.88235294 0.87843137 0.93725490
v 0.633970 0.039479 -0.046369 0.90196078 0.90588235 0.95294118
v 0.631525 0.040583 -0.046369 0.90588235 0.90588235 0.95294118
v 0.652329 -0.000718 -0.046369 0.83137255 0.82745098 0.88235294
v 0.637290 -0.002053 -0.046369 0.81176471 0.81176471 0.85882353
v 0.624301 0.043689 -0.046369 0.91372549 0.91372549 0.96078431
v 0.623868 0.043866 -0.046369 0.90980392 0.91372549 0.95686275
v 0.632575 -0.001954 -0.046369 0.81176471 0.81176471 0.85882353
v 0.627694 0.042221 -0.046369 0.91372549 0.91764706 0.96078431
v 0.648976 -0.001928 -0.046369 0.82352941 0.81960784 0.87058824
v 0.622016 -0.003155 -0.046369 0.80392157 0.80000000 0.85098039
v 0.619943 0.045412 -0.046369 0.90980392 0.90980392 0.95686275
v 0.620292 -0.003320 -0.046369 0.80784314 0.80784314 0.85490196
v 0.656215 0.000854 -0.046369 0.84705882 0.84313725 0.89019608
v 0.616080 0.047016 -0.046369 0.90196078 0.90196078 0.95294118
v 0.626656 -0.002336 -0.046369 0.80000000 0.79607843 0.85098039
v 0.631766 -0.001988 -0.046369 0.80784314 0.80784314 0.85882353
v 0.615191 0.047337 -0.046369 0.90196078 0.90196078 0.94901961
v 0.626745 -0.002326 -0.046369 0.80000000 0.79607843 0.85098039
v 0.611818 0.048248 -0.046369 0.91764706 0.92156863 0.95686275
v 0.642946 -0.002251 -0.046369 0.81568627 0.81568627 0.86666667
v 0.637915 -0.002072 -0.046369 0.81176471 0.81176471 0.85882353
v 0.616996 -0.003593 -0.046369 0.83529412 0.83529412 0.88235294
v 0.614165 -0.003989 -0.046369 0.85098039 0.85098039 0.89803922
v 0.612311 -0.004367 -0.046369 0.86274510 0.85882353 0.90980392
v 0.607702 -0.004993 -0.046369 0.87450980 0.87058824 0.92156863
v 0.602277 -0.005250 -0.046369 0.87450980 0.87450980 0.92549020
v 0.601983 -0.005253 -0.046369 0.87450980 0.87450980 0.92549020
v 0.607493 -0.005007 -0.046369 0.87450980 0.87058824 0.92156863
v 0.596699 0.049454 -0.046369 0.95294118 0.95294118 0.97647059
v 0.602414 0.049198 -0.046369 0.94901961 0.95686275 0.97647059
v 0.601891 0.049238 -0.046369 0.94901961 0.95294118 0.97647059
v -0.793256 0.020422 -0.046369 0.76078431 0.56470588 0.53725490
v -0.788964 0.019257 -0.046369 0.75294118 0.56078431 0.52941176
v -0.788604 0.019137 -0.046369 0.74509804 0.55294118 0.52549020
v -0.784914 0.017848 -0.046369 0.73333333 0.54509804 0.51372549
v -0.781599 0.017590 -0.046369 0.72941176 0.54509804 0.50980392
v 0.782619 0.016346 -0.046369 0.73333333 0.55686275 0.52156863
v 0.781914 0.016300 -0.046369 0.72941176 0.55294118 0.52156863
v 0.790813 0.018912 -0.046369 0.75294118 0.56862745 0.53725490
v 0.790001 0.018611 -0.046369 0.73725490 0.55686275 0.52549020
v 0.785684 0.018663 -0.046369 0.73333333 0.55686275 0.52549020
v 0.791489 0.019949 -0.046369 0.76862745 0.57647059 0.54901961
v 0.788301 0.022262 -0.046369 0.76862745 0.58039216 0.54901961
v -0.660647 0.043873 -0.049507 0.93725490 0.94509804 0.97254902
v -0.657890 0.041168 -0.048525 0.92941176 0.93333333 0.96862745
v -0.655136 0.038461 -0.047225 0.92941176 0.94117647 0.97254902
v -0.646986 0.041157 -0.048547 0.93333333 0.94117647 0.97254902
v -0.636009 -0.002457 -0.046475 0.80784314 0.80784314 0.85098039
v -0.630551 -0.002457 -0.047953 0.78823529 0.78039216 0.82745098
v -0.619634 -0.002457 -0.049121 0.76862745 0.75686275 0.80392157
v -0.625093 -0.002457 -0.049343 0.76470588 0.75686275 0.79607843
v -0.614176 -0.002457 -0.049938 0.78823529 0.78039216 0.82352941
v -0.611447 0.000272 -0.046581 0.82745098 0.81568627 0.87843137
v -0.600631 0.054770 -0.048059 0.93725490 0.94117647 0.97254902
v -0.630582 0.046641 -0.048972 0.91372549 0.91764706 0.96078431
v -0.605988 0.000272 -0.047642 0.84313725 0.83921569 0.90588235
v -0.600530 0.000272 -0.047472 0.85098039 0.85098039 0.91372549
v -0.622382 0.049381 -0.050078 0.94117647 0.94509804 0.96862745
v -0.616952 0.049357 -0.047852 0.93333333 0.94117647 0.97254902
v -0.608787 0.052067 -0.047398 0.90980392 0.90980392 0.95294118
v 0.656716 0.000354 -0.048864 0.83529412 0.83529412 0.88235294
v 0.648528 -0.002375 -0.046901 0.81960784 0.81568627 0.86666667
v 0.643070 -0.002375 -0.046592 0.81568627 0.81568627 0.86666667
v 0.640381 0.038526 -0.048191 0.91764706 0.92156863 0.96078431
v 0.607590 0.049479 -0.047518 0.94901961 0.95294118 0.97647059
v 0.632196 0.041253 -0.048126 0.91764706 0.92156863 0.96078431
v 0.623996 0.043994 -0.046658 0.91372549 0.91764706 0.96470588
v 0.613049 0.049479 -0.050218 0.92156863 0.92156863 0.96078431
v 0.596674 -0.005105 -0.046737 0.87843137 0.87450980 0.93333333
v 0.607591 -0.005105 -0.046572 0.87058824 0.86666667 0.91764706
v 0.613049 -0.005105 -0.048391 0.84313725 0.83921569 0.89019608
v 0.596674 0.049479 -0.046411 0.94901961 0.95294118 0.97647059
v 0.637612 -0.002375 -0.046996 0.81176471 0.81176471 0.85882353
v 0.602132 0.049479 -0.046879 0.95294118 0.95686275 0.97647059
v 0.632153 -0.002375 -0.047137 0.80784314 0.80784314 0.85882353
v 0.626695 -0.002375 -0.046457 0.80000000 0.79607843 0.85098039
v -0.703332 0.044846 -0.046369 0.80000000 0.64705882 0.63137255
v -0.789050 0.025041 -0.046369 0.79215686 0.58823529 0.56078431
v -0.700052 0.045210 -0.046369 0.76078431 0.66666667 0.65882353
v -0.691251 0.046012 -0.046369 0.92941176 0.93725490 0.96470588
v -0.788433 0.025246 -0.046369 0.79607843 0.59215686 0.56078431
v -0.690104 0.046147 -0.046369 0.93333333 0.94117647 0.96078431
v -0.679977 0.046902 -0.046369 0.94117647 0.94509804 0.96862745
v -0.779835 0.026743 -0.046369 0.78823529 0.58823529 0.55686275
v -0.775169 0.016676 -0.046369 0.73333333 0.55294118 0.51764706
v -0.679426 0.046923 -0.046369 0.94117647 0.94509804 0.96862745
v -0.775421 0.027341 -0.046369 0.80392157 0.60392157 0.56862745
v -0.669043 0.046886 -0.046369 0.93333333 0.94509804 0.96470588
v -0.770268 0.028093 -0.046369 0.80784314 0.60392157 0.56862745
v -0.668595 0.046837 -0.046369 0.92941176 0.94117647 0.96470588
v 0.691031 -0.001211 -0.046369 0.84313725 0.80000000 0.82745098
v -0.762777 0.031518 -0.046369 0.83529412 0.62745098 0.59215686
v 0.687198 -0.001953 -0.046369 0.84705882 0.81960784 0.85490196
v -0.757933 0.033912 -0.046369 0.84313725 0.63137255 0.60000000
v -0.702093 0.002418 -0.046369 0.79607843 0.69411765 0.68235294
v -0.700453 0.001944 -0.046369 0.80392157 0.71764706 0.71764706
v 0.699636 0.001101 -0.046369 0.83529412 0.78039216 0.80000000
v -0.767347 0.013582 -0.046369 0.72941176 0.55294118 0.51372549
v -0.693512 0.000083 -0.046369 0.81960784 0.76078431 0.77254902
v 0.773163 0.014711 -0.046369 0.71764706 0.54901961 0.51372549
v -0.766105 0.013012 -0.046369 0.72941176 0.55686275 0.51372549
v 0.681440 -0.002538 -0.046369 0.84705882 0.82745098 0.87058824
v 0.701196 0.043133 -0.046369 0.92941176 0.92549020 0.96470588
v -0.760082 0.009930 -0.046369 0.74117647 0.56862745 0.52549020
v -0.686495 -0.001097 -0.046369 0.82745098 0.78431373 0.80392157
v -0.683972 -0.001295 -0.046369 0.83529412 0.80392157 0.82745098
v -0.675865 -0.000810 -0.046369 0.83529412 0.81568627 0.84705882
v 0.675984 -0.002273 -0.046369 0.84705882 0.83921569 0.88235294
v -0.671563 0.000198 -0.046369 0.83529412 0.83137255 0.87058824
v -0.666873 0.001102 -0.046369 0.83529412 0.83137255 0.87843137
v 0.668757 -0.000771 -0.046369 0.84313725 0.83921569 0.88627451
v 0.666992 -0.000334 -0.046369 0.83921569 0.83921569 0.88627451
v -0.751120 0.007975 -0.046369 0.74509804 0.57647059 0.53333333
v 0.657321 0.000958 -0.046369 0.84313725 0.83921569 0.88235294
v -0.750021 0.007845 -0.046369 0.74901961 0.58039216 0.53725490
v -0.755410 0.035068 -0.046369 0.85098039 0.64705882 0.61568627
v 0.699935 0.043270 -0.046369 0.93333333 0.93333333 0.97254902
v -0.740636 0.007542 -0.046369 0.75686275 0.58823529 0.54509804
v 0.689837 0.044085 -0.046369 0.94117647 0.94901961 0.97254902
v -0.738685 0.007426 -0.046369 0.76078431 0.60000000 0.55686275
v 0.768246 0.013086 -0.046369 0.70588235 0.54901961 0.50588235
v -0.729613 0.007648 -0.046369 0.76470588 0.60392157 0.56470588
v -0.728024 0.007681 -0.046369 0.76470588 0.60784314 0.56862745
v 0.725719 0.040389 -0.046369 0.85098039 0.65490196 0.61176471
v 0.757465 0.008626 -0.046369 0.69803922 0.54509804 0.49803922
v 0.719606 0.041099 -0.046369 0.86274510 0.66666667 0.62352941
v -0.747542 0.038117 -0.046369 0.85098039 0.65098039 0.61568627
v 0.751231 0.007244 -0.046369 0.70980392 0.55686275 0.50588235
v -0.741204 0.039724 -0.046369 0.85882353 0.66666667 0.62745098
v 0.748265 0.006929 -0.046369 0.72941176 0.56862745 0.52156863
v 0.713314 0.041899 -0.046369 0.86274510 0.67843137 0.64705882
v 0.739320 0.006376 -0.046369 0.74901961 0.58823529 0.54117647
v -0.738689 0.040180 -0.046369 0.85882353 0.67058824 0.62745098
v 0.709865 0.042281 -0.046369 0.85098039 0.70980392 0.70588235
v 0.765193 0.011760 -0.046369 0.70588235 0.54509804 0.50196078
v -0.729450 0.041858 -0.046369 0.85490196 0.67450980 0.62745098
v 0.729307 0.039888 -0.046369 0.85098039 0.65098039 0.60392157
v -0.727952 0.042060 -0.046369 0.85882353 0.67843137 0.62745098
v 0.786590 0.023139 -0.046369 0.77254902 0.58431373 0.55294118
v -0.719720 0.043045 -0.046369 0.85490196 0.68235294 0.63529412
v 0.780213 0.025353 -0.046369 0.78039216 0.58823529 0.55294118
v 0.762461 0.029033 -0.046369 0.81176471 0.60392157 0.56862745
v -0.719263 0.007082 -0.046369 0.76862745 0.61960784 0.58823529
v 0.772281 0.026424 -0.046369 0.77647059 0.58431373 0.54901961
v 0.770811 0.026479 -0.046369 0.78039216 0.58039216 0.54509804
v -0.715896 0.006470 -0.046369 0.77254902 0.63529412 0.60392157
v 0.737909 0.006417 -0.046369 0.76470588 0.60784314 0.56470588
v -0.710373 0.005055 -0.046369 0.78431373 0.66666667 0.64705882
v 0.728300 0.006356 -0.046369 0.77647059 0.62352941 0.58823529
v 0.755207 0.032797 -0.046369 0.82352941 0.61960784 0.58431373
v 0.727116 0.006327 -0.046369 0.78823529 0.64705882 0.61568627
v -0.715482 0.043613 -0.046369 0.84313725 0.67450980 0.61960784
v 0.716817 0.005819 -0.046369 0.79607843 0.67058824 0.64705882
v 0.754867 0.032937 -0.046369 0.83137255 0.62745098 0.58823529
v -0.709941 0.044183 -0.046369 0.85098039 0.65490196 0.62352941
v 0.707845 0.003803 -0.046369 0.81568627 0.70980392 0.70196078
v 0.702001 0.001943 -0.046369 0.83137255 0.75686275 0.76862745
v 0.716734 0.005810 -0.046369 0.80392157 0.68627451 0.67058824
v 0.677472 0.045100 -0.046369 0.95294118 0.95294118 0.97254902
v 0.668923 0.045220 -0.046369 0.95294118 0.95294118 0.97647059
v 0.747240 0.035869 -0.046369 0.84705882 0.63921569 0.60000000
v 0.689303 0.044138 -0.046369 0.94117647 0.94901961 0.97647059
v 0.679757 0.044976 -0.046369 0.94901961 0.95294118 0.97254902
v 0.738843 0.038166 -0.046369 0.85490196 0.65490196 0.60000000
v 0.666550 0.045106 -0.046369 0.94901961 0.94901961 0.97647059
v 0.738556 0.038226 -0.046369 0.85490196 0.65098039 0.60392157
v -0.788844 0.024835 -0.046461 0.76862745 0.57254902 0.54117647
v -0.783385 0.019376 -0.047078 0.76078431 0.56862745 0.53725490
v -0.690609 0.046654 -0.048988 0.93725490 0.94509804 0.96470588
v -0.777927 0.024835 -0.047466 0.76470588 0.57254902 0.53725490
v -0.772469 0.019376 -0.048358 0.77254902 0.58039216 0.54117647
v -0.761552 0.030293 -0.050128 0.82745098 0.61568627 0.58039216
v -0.767010 0.013918 -0.047015 0.74509804 0.56470588 0.52156863
v -0.701510 0.003001 -0.047726 0.80000000 0.70588235 0.69803922
v -0.750635 0.008460 -0.053201 0.74509804 0.57647059 0.53333333
v -0.728802 0.008460 -0.051413 0.76862745 0.61176471 0.57647059
v -0.717885 0.008460 -0.051983 0.77647059 0.63921569 0.61176471
v 0.689470 0.000350 -0.050463 0.84705882 0.81960784 0.85490196
v 0.771454 0.016372 -0.047711 0.74117647 0.56078431 0.52549020
v 0.700461 0.043873 -0.052005 0.92549020 0.93333333 0.96470588
v 0.782295 0.016669 -0.046493 0.74901961 0.56862745 0.53333333
v 0.787829 0.021877 -0.046513 0.75294118 0.56862745 0.53725490
v 0.755101 0.032712 -0.046946 0.83921569 0.63137255 0.59215686
v 0.776876 0.021953 -0.047957 0.74901961 0.56862745 0.53333333
v 0.705844 0.005810 -0.052620 0.82745098 0.74509804 0.75294118
v 0.738664 0.038355 -0.048323 0.85098039 0.65098039 0.60784314
v -0.833568 0.018319 -0.042510 0.76470588 0.55686275 0.54117647
v -0.833288 0.020154 -0.042510 0.77647059 0.56470588 0.54901961
v -0.831148 0.015281 -0.042510 0.76078431 0.54117647 0.53333333
v -0.830014 0.021873 -0.042510 0.77647059 0.56078431 0.54509804
v -0.829488 0.021812 -0.042510 0.78039216 0.56078431 0.54509804
v -0.827523 0.013447 -0.042510 0.76862745 0.52941176 0.52549020
v -0.826073 0.012938 -0.042510 0.77254902 0.49803922 0.50588235
v -0.822925 0.012587 -0.042510 0.86666667 0.57647059 0.57647059
v -0.820087 0.012411 -0.042510 0.81960784 0.57647059 0.58039216
v -0.823963 0.022466 -0.042510 0.78823529 0.56078431 0.54509804
v -0.819837 0.023078 -0.042510 0.78823529 0.56078431 0.54509804
v -0.817448 0.023522 -0.042510 0.78823529 0.56470588 0.54901961
v -0.815218 0.023917 -0.042510 0.79607843 0.57254902 0.55686275
v -0.810697 0.024855 -0.042510 0.80000000 0.58039216 0.56078431
v -0.810645 0.024867 -0.042510 0.80392157 0.58431373 0.56470588
v -0.663006 0.041507 -0.042510 0.93725490 0.94901961 0.97647059
v -0.613917 0.046928 -0.042510 0.92549020 0.92941176 0.96470588
v -0.609891 0.047750 -0.042510 0.91372549 0.91372549 0.95686275
v -0.817388 0.012666 -0.042510 0.77254902 0.56862745 0.56470588
v -0.815028 0.012810 -0.042510 0.76862745 0.55686275 0.54901961
v -0.811767 0.012829 -0.042510 0.76078431 0.55294118 0.54117647
v -0.809607 0.012847 -0.042510 0.74509804 0.54509804 0.53333333
v -0.606816 0.048577 -0.042510 0.90588235 0.90588235 0.95294118
v -0.660351 0.038702 -0.042510 0.90980392 0.92156863 0.94901961
v -0.605631 0.048944 -0.042510 0.90588235 0.90588235 0.95294118
v -0.658887 0.036796 -0.042510 0.92549020 0.93333333 0.96470588
v -0.806215 0.012923 -0.042510 0.74117647 0.54117647 0.52549020
v -0.657402 0.035311 -0.042510 0.93333333 0.94509804 0.96862745
v -0.652985 0.036352 -0.042510 0.92941176 0.94117647 0.96470588
v -0.804286 0.012985 -0.042510 0.73333333 0.53725490 0.52156863
v -0.651619 0.036517 -0.042510 0.92941176 0.94117647 0.96470588
v -0.648527 0.037305 -0.042510 0.93333333 0.94509804 0.96470588
v -0.800582 0.013097 -0.042510 0.72549020 0.53333333 0.51372549
v -0.644319 0.038548 -0.042510 0.92941176 0.93725490 0.96862745
v -0.601296 0.050068 -0.042510 0.92941176 0.92941176 0.96862745
v -0.644067 0.038613 -0.042510 0.92941176 0.93725490 0.96862745
v -0.599526 0.050416 -0.042510 0.93725490 0.94117647 0.97254902
v -0.640234 0.039912 -0.042510 0.92549020 0.92941176 0.96470588
v -0.799018 0.013175 -0.042510 0.72156863 0.52941176 0.50980392
v -0.636236 0.041369 -0.042510 0.90196078 0.90588235 0.94901961
v -0.635621 0.041602 -0.042510 0.90196078 0.90196078 0.94509804
v -0.632386 0.042981 -0.042510 0.89411765 0.89411765 0.93725490
v -0.633335 0.000327 -0.042510 0.80784314 0.80392157 0.84705882
v -0.633186 0.000367 -0.042510 0.81176471 0.80392157 0.84705882
v -0.806032 0.025604 -0.042510 0.80784314 0.59215686 0.56862745
v -0.629145 0.001595 -0.042510 0.80392157 0.79607843 0.84705882
v -0.610961 0.006216 -0.042510 0.85490196 0.85882353 0.91372549
v -0.803681 0.026337 -0.042510 0.80784314 0.59215686 0.57254902
v -0.625885 0.002209 -0.042510 0.80392157 0.79607843 0.84705882
v -0.607093 0.006836 -0.042510 0.85882353 0.85490196 0.92156863
v -0.801957 0.026922 -0.042510 0.81176471 0.60000000 0.57647059
v -0.624541 0.002450 -0.042510 0.80784314 0.80392157 0.85490196
v -0.620965 0.004332 -0.042510 0.83921569 0.84313725 0.88235294
v -0.617855 0.004780 -0.042510 0.85490196 0.85882353 0.89019608
v -0.797397 0.027708 -0.042510 0.81568627 0.60392157 0.58039216
v -0.616082 0.004907 -0.042510 0.85490196 0.85490196 0.89019608
v -0.796651 0.027848 -0.042510 0.81176471 0.60392157 0.57647059
v -0.611702 0.005986 -0.042510 0.85490196 0.85882353 0.90980392
v -0.628560 0.044623 -0.042510 0.90588235 0.90980392 0.95294118
v -0.626505 0.045259 -0.042510 0.91764706 0.92156863 0.96078431
v -0.624318 0.045854 -0.042510 0.92549020 0.92941176 0.96470588
v -0.794697 0.013523 -0.042510 0.72156863 0.53333333 0.50980392
v -0.793932 0.013548 -0.042510 0.70980392 0.52941176 0.50196078
v -0.619805 0.046499 -0.042510 0.93333333 0.93725490 0.96470588
v -0.788939 0.014013 -0.042510 0.70588235 0.52941176 0.50196078
v -0.788753 0.014009 -0.042510 0.70196078 0.52549020 0.49411765
v -0.619517 0.046520 -0.042510 0.92941176 0.93333333 0.96862745
v -0.824566 0.022349 -0.042510 0.78431373 0.56078431 0.54509804
v -0.614345 0.046837 -0.042510 0.92549020 0.92941176 0.96470588
v -0.783843 0.013460 -0.042510 0.69019608 0.51764706 0.48235294
v -0.782971 0.013503 -0.042510 0.68235294 0.51372549 0.47843137
v -0.778285 0.013560 -0.042510 0.69019608 0.51764706 0.48235294
v -0.659090 0.001744 -0.042510 0.84313725 0.84313725 0.90196078
v -0.655542 -0.000165 -0.042510 0.82352941 0.81960784 0.87058824
v -0.653323 -0.001534 -0.042510 0.80392157 0.80000000 0.84705882
v -0.652125 -0.002207 -0.042510 0.80392157 0.80000000 0.84705882
v -0.647070 -0.002609 -0.042510 0.80784314 0.80392157 0.84705882
v -0.646846 -0.002551 -0.042510 0.81176471 0.80784314 0.85098039
v -0.642334 -0.001603 -0.042510 0.81176471 0.80784314 0.84705882
v -0.640151 -0.001147 -0.042510 0.80784314 0.80784314 0.84705882
v -0.637820 -0.000647 -0.042510 0.81176471 0.81176471 0.85490196
v -0.658270 0.035325 -0.042510 0.93333333 0.94117647 0.97254902
v 0.643392 0.030056 -0.042510 0.89803922 0.89803922 0.93725490
v 0.642834 0.030072 -0.042510 0.90588235 0.90196078 0.94117647
v 0.647029 0.031877 -0.042510 0.90196078 0.90196078 0.94117647
v 0.639158 0.031813 -0.042510 0.92941176 0.92941176 0.95686275
v 0.611692 0.045377 -0.042510 0.91372549 0.91372549 0.95294118
v 0.635304 0.033469 -0.042510 0.91372549 0.91764706 0.94901961
v 0.609260 0.045691 -0.042510 0.93333333 0.93725490 0.96470588
v 0.605526 0.046085 -0.042510 0.94901961 0.95686275 0.97254902
v 0.650077 0.034288 -0.042510 0.91372549 0.91372549 0.94901961
v 0.653164 0.036656 -0.042510 0.93725490 0.93725490 0.96078431
v 0.604340 0.046228 -0.042510 0.94509804 0.95294118 0.97254902
v 0.656251 0.039027 -0.042510 0.92941176 0.92941176 0.95294118
v 0.633753 0.034236 -0.042510 0.90196078 0.90588235 0.94509804
v 0.659396 0.041341 -0.042510 0.93333333 0.93333333 0.96078431
v 0.635318 -0.000082 -0.042510 0.81176471 0.81176471 0.86274510
v 0.634456 -0.000072 -0.042510 0.81176471 0.81176471 0.85882353
v 0.631658 0.035280 -0.042510 0.90196078 0.90196078 0.94901961
v 0.628405 0.037485 -0.042510 0.90196078 0.89411765 0.94901961
v 0.646340 -0.000187 -0.042510 0.82352941 0.81960784 0.87843137
v 0.625325 0.039866 -0.042510 0.90196078 0.89803922 0.95294118
v 0.621523 0.041532 -0.042510 0.90980392 0.90588235 0.95686275
v 0.645349 -0.000096 -0.042510 0.82745098 0.82352941 0.88235294
v 0.620552 0.041979 -0.042510 0.91372549 0.90980392 0.95686275
v 0.617801 0.043276 -0.042510 0.90980392 0.90588235 0.95686275
v 0.613913 0.044885 -0.042510 0.89803922 0.89803922 0.94509804
v 0.625521 -0.001202 -0.042510 0.80784314 0.80392157 0.85490196
v 0.621880 -0.001732 -0.042510 0.83137255 0.82745098 0.87843137
v 0.654864 0.002206 -0.042510 0.86666667 0.86274510 0.90588235
v 0.651581 0.000632 -0.042510 0.84313725 0.83921569 0.89019608
v 0.651174 0.000436 -0.042510 0.83921569 0.83529412 0.88627451
v 0.630057 -0.000280 -0.042510 0.80784314 0.80784314 0.85882353
v 0.628534 -0.000537 -0.042510 0.80784314 0.80784314 0.85490196
v 0.640840 -0.000146 -0.042510 0.81960784 0.81960784 0.87058824
v 0.639862 -0.000125 -0.042510 0.81960784 0.81568627 0.87058824
v 0.620730 -0.001869 -0.042510 0.83921569 0.83529412 0.88627451
v 0.615880 -0.002273 -0.042510 0.87058824 0.86666667 0.91372549
v 0.610555 -0.002611 -0.042510 0.88627451 0.88627451 0.93333333
v 0.610050 -0.002645 -0.042510 0.88627451 0.88627451 0.93333333
v 0.615690 -0.002287 -0.042510 0.87058824 0.87058824 0.91764706
v 0.605185 -0.002699 -0.042510 0.88627451 0.88627451 0.93333333
v 0.599560 0.046593 -0.042510 0.94509804 0.94901961 0.98039216
v 0.599259 0.046606 -0.042510 0.94901961 0.95294118 0.98039216
v 0.594427 0.046268 -0.042510 0.95294118 0.95294118 0.97647059
v 0.604525 -0.002712 -0.042510 0.88627451 0.88627451 0.93333333
v 0.599654 -0.002626 -0.042510 0.88235294 0.87843137 0.93333333
v 0.810674 0.022719 -0.042510 0.77647059 0.56862745 0.54509804
v 0.808544 0.023020 -0.042510 0.77647059 0.57254902 0.54509804
v 0.786714 0.012257 -0.042510 0.69019608 0.52941176 0.49803922
v 0.782955 0.011852 -0.042510 0.69411765 0.52941176 0.49803922
v 0.781683 0.011846 -0.042510 0.69019608 0.52941176 0.49411765
v 0.777763 0.012130 -0.042510 0.69803922 0.53333333 0.49803922
v 0.788854 0.012169 -0.042510 0.68235294 0.52549020 0.49411765
v 0.794729 0.025778 -0.042510 0.80392157 0.59607843 0.57254902
v 0.792385 0.026275 -0.042510 0.81176471 0.60392157 0.58039216
v 0.801482 0.024358 -0.042510 0.78823529 0.58431373 0.55686275
v 0.796985 0.025322 -0.042510 0.80392157 0.59607843 0.56862745
v 0.820493 0.011244 -0.042510 0.73333333 0.50980392 0.49803922
v 0.820433 0.011236 -0.042510 0.73333333 0.50980392 0.49803922
v 0.815091 0.011144 -0.042510 0.76470588 0.54117647 0.53725490
v 0.814973 0.011150 -0.042510 0.76078431 0.54117647 0.53725490
v 0.809968 0.011478 -0.042510 0.74901961 0.53333333 0.52156863
v 0.798072 0.011745 -0.042510 0.69411765 0.52941176 0.49803922
v 0.794311 0.011988 -0.042510 0.68627451 0.52941176 0.49411765
v 0.792431 0.011989 -0.042510 0.68235294 0.52549020 0.49411765
v 0.809186 0.011524 -0.042510 0.72156863 0.52941176 0.51764706
v 0.804812 0.011680 -0.042510 0.70588235 0.52549020 0.50980392
v 0.803527 0.011748 -0.042510 0.70980392 0.53333333 0.50980392
v 0.799476 0.011726 -0.042510 0.69411765 0.52941176 0.50196078
v 0.805908 0.023375 -0.042510 0.77647059 0.57254902 0.54901961
v 0.801850 0.024232 -0.042510 0.78431373 0.57647059 0.55294118
v 0.825021 0.012175 -0.042510 0.78039216 0.57254902 0.53725490
v 0.828516 0.014138 -0.042510 0.76078431 0.55294118 0.52941176
v 0.830601 0.017512 -0.042510 0.76078431 0.55294118 0.53725490
v 0.828976 0.019779 -0.042510 0.76470588 0.55294118 0.54117647
v 0.820854 0.021772 -0.042510 0.77647059 0.56078431 0.54117647
v 0.820265 0.021856 -0.042510 0.78039216 0.56470588 0.54509804
v 0.827674 0.020439 -0.042510 0.76470588 0.55686275 0.54117647
v 0.824783 0.021045 -0.042510 0.77254902 0.55686275 0.54117647
v 0.815498 0.022287 -0.042510 0.78431373 0.56862745 0.54509804
v 0.814684 0.022392 -0.042510 0.78039216 0.56862745 0.54509804
v -0.832511 0.019376 -0.043101 0.77254902 0.55686275 0.54117647
v -0.829782 0.016647 -0.043733 0.77647059 0.54901961 0.53725490
v -0.827052 0.019376 -0.044213 0.78431373 0.55294118 0.54117647
v -0.827053 0.013918 -0.043122 0.77647059 0.53725490 0.53333333
v -0.824323 0.016647 -0.044385 0.80392157 0.54901961 0.54509804
v -0.821594 0.013918 -0.043621 0.81568627 0.56470588 0.56078431
v -0.824323 0.022106 -0.042763 0.78823529 0.56078431 0.54509804
v -0.821594 0.019376 -0.044245 0.79215686 0.56078431 0.54901961
v -0.657843 0.035752 -0.043174 0.93333333 0.94117647 0.97254902
v -0.611501 0.049351 -0.044924 0.91764706 0.92156863 0.96470588
v -0.818865 0.016647 -0.044473 0.79607843 0.56862745 0.56078431
v -0.606042 0.049351 -0.043076 0.90588235 0.90588235 0.95294118
v -0.818865 0.022106 -0.043263 0.78823529 0.56470588 0.54901961
v -0.816136 0.019376 -0.044389 0.78823529 0.56470588 0.55294118
v -0.813407 0.022106 -0.043815 0.79215686 0.57254902 0.55686275
v -0.649682 0.038457 -0.044942 0.93333333 0.94117647 0.96862745
v -0.810677 0.024835 -0.042533 0.80000000 0.58039216 0.56078431
v -0.816136 0.013918 -0.043391 0.78039216 0.56470588 0.55686275
v -0.603321 0.052074 -0.045260 0.92156863 0.92156863 0.96078431
v -0.813407 0.016647 -0.044562 0.77254902 0.56078431 0.54901961
v -0.641505 0.041177 -0.045801 0.92549020 0.92941176 0.96862745
v -0.616905 0.000272 -0.045677 0.81176471 0.80000000 0.85098039
v -0.810677 0.013918 -0.043422 0.76078431 0.55294118 0.54117647
v -0.614176 0.003001 -0.044304 0.84705882 0.83921569 0.89411765
v -0.611447 0.005730 -0.042728 0.85098039 0.85490196 0.90980392
v -0.633318 0.043906 -0.044552 0.89411765 0.89803922 0.94117647
v -0.608718 0.003001 -0.045084 0.84705882 0.84705882 0.91372549
v -0.810677 0.019376 -0.044877 0.77647059 0.56470588 0.54901961
v -0.605988 0.005730 -0.043346 0.85882353 0.85882353 0.92156863
v -0.807948 0.016647 -0.044809 0.75686275 0.55294118 0.53725490
v -0.807948 0.022106 -0.044495 0.79215686 0.57647059 0.55686275
v -0.603259 0.003001 -0.045399 0.85490196 0.85490196 0.92156863
v -0.633280 0.000272 -0.042591 0.81176471 0.80784314 0.85490196
v -0.805219 0.019376 -0.045133 0.76470588 0.56078431 0.54117647
v -0.805219 0.013918 -0.043404 0.74901961 0.54509804 0.52941176
v -0.627822 0.000272 -0.044232 0.78431373 0.77647059 0.82352941
v -0.622364 0.000272 -0.045714 0.78431373 0.78039216 0.82745098
v -0.619634 0.003001 -0.043586 0.83137255 0.83137255 0.87450980
v -0.802490 0.016647 -0.045060 0.74509804 0.54509804 0.52549020
v -0.625116 0.046648 -0.044784 0.92549020 0.93725490 0.96078431
v -0.799761 0.013918 -0.043322 0.73725490 0.54117647 0.52156863
v -0.805231 0.024800 -0.043369 0.80000000 0.58431373 0.56470588
v -0.802504 0.022064 -0.045400 0.78431373 0.57647059 0.55686275
v -0.619651 0.046654 -0.042862 0.93333333 0.93725490 0.96862745
v -0.799780 0.024777 -0.044495 0.80000000 0.59215686 0.56470588
v -0.799761 0.019376 -0.045726 0.75686275 0.55686275 0.53725490
v -0.797031 0.016647 -0.044927 0.74117647 0.54509804 0.52549020
v -0.797045 0.022066 -0.045306 0.77254902 0.57254902 0.54901961
v -0.794312 0.019347 -0.046000 0.74901961 0.55294118 0.52941176
v -0.797078 0.027427 -0.042832 0.80000000 0.59215686 0.56470588
v -0.794302 0.013918 -0.042952 0.72941176 0.54117647 0.51764706
v -0.791573 0.016647 -0.044922 0.73333333 0.54509804 0.51764706
v -0.786115 0.016647 -0.045444 0.72156863 0.53725490 0.50980392
v -0.783386 0.013918 -0.043076 0.70588235 0.52941176 0.49803922
v -0.780656 0.016647 -0.045466 0.70196078 0.52549020 0.49019608
v -0.777927 0.013918 -0.042965 0.70196078 0.52549020 0.49019608
v -0.652388 -0.002469 -0.043282 0.81176471 0.80784314 0.85490196
v -0.641470 -0.002466 -0.044580 0.80784314 0.80784314 0.84705882
v 0.651257 0.000354 -0.042796 0.83921569 0.83137255 0.88627451
v 0.643105 0.030343 -0.042603 0.90588235 0.90196078 0.94117647
v 0.645861 0.033048 -0.043289 0.91764706 0.91764706 0.94901961
v 0.610320 0.046750 -0.043807 0.92549020 0.92549020 0.96078431
v 0.640370 0.033078 -0.043231 0.92549020 0.92941176 0.95686275
v 0.604861 0.046750 -0.043135 0.94509804 0.95294118 0.97254902
v 0.643104 0.035802 -0.045679 0.92941176 0.92941176 0.95686275
v 0.637648 0.035801 -0.044771 0.91372549 0.91764706 0.95294118
v 0.632186 0.035804 -0.042901 0.89411765 0.90196078 0.94509804
v 0.648558 0.035806 -0.045013 0.93333333 0.93333333 0.96078431
v 0.629459 0.038531 -0.043356 0.90196078 0.89411765 0.94901961
v 0.634925 0.038525 -0.045856 0.90196078 0.90196078 0.94901961
v 0.626729 0.041261 -0.044407 0.90588235 0.90588235 0.95686275
v 0.621237 -0.002375 -0.043986 0.82352941 0.81960784 0.87058824
v 0.618529 0.044002 -0.043647 0.90980392 0.90980392 0.95686275
v 0.615778 0.046750 -0.045696 0.90588235 0.90196078 0.95294118
v 0.615778 -0.002375 -0.042749 0.86666667 0.86666667 0.91372549
v 0.599403 0.046750 -0.042672 0.94509804 0.94901961 0.97647059
v 0.602132 -0.005105 -0.046094 0.87843137 0.87843137 0.92941176
v 0.809725 0.021798 -0.043209 0.76862745 0.56470588 0.54117647
v 0.820467 0.011270 -0.042540 0.74509804 0.52549020 0.50980392
v 0.815029 0.011206 -0.042568 0.75686275 0.53725490 0.52941176
v 0.817749 0.013963 -0.044416 0.75686275 0.54117647 0.52549020
v 0.785069 0.013895 -0.044538 0.71372549 0.54509804 0.50980392
v 0.812331 0.013837 -0.044253 0.74509804 0.54117647 0.52549020
v 0.779565 0.013941 -0.044539 0.70588235 0.54117647 0.50588235
v 0.815028 0.016667 -0.044679 0.76078431 0.55294118 0.53333333
v 0.790588 0.013756 -0.044393 0.70980392 0.54117647 0.50980392
v 0.796085 0.013680 -0.044247 0.71372549 0.54117647 0.51372549
v 0.787843 0.016558 -0.045532 0.72156863 0.54901961 0.51764706
v 0.793344 0.016348 -0.045402 0.74117647 0.56078431 0.52941176
v 0.806917 0.013744 -0.044074 0.72941176 0.54117647 0.52156863
v 0.801522 0.013705 -0.044100 0.71764706 0.54117647 0.51372549
v 0.796080 0.018991 -0.045596 0.76862745 0.57254902 0.54509804
v 0.793352 0.021716 -0.045604 0.78431373 0.58431373 0.55686275
v 0.798827 0.021706 -0.044719 0.77254902 0.57254902 0.54509804
v 0.804228 0.016345 -0.044829 0.74117647 0.55294118 0.52941176
v 0.796087 0.024424 -0.043484 0.78823529 0.58431373 0.56078431
v 0.790587 0.024514 -0.044365 0.79215686 0.59215686 0.56470588
v 0.809665 0.016371 -0.044634 0.75294118 0.55294118 0.53333333
v 0.812413 0.019151 -0.044432 0.76862745 0.56078431 0.54117647
v 0.806987 0.019071 -0.044540 0.76470588 0.56470588 0.54117647
v 0.798808 0.016336 -0.045294 0.74509804 0.55686275 0.52941176
v 0.801535 0.019033 -0.044937 0.75686275 0.56078431 0.53725490
v 0.804279 0.021655 -0.043631 0.76470588 0.56862745 0.54117647
v 0.823196 0.014000 -0.044086 0.76078431 0.54509804 0.52549020
v 0.825925 0.016729 -0.044210 0.76862745 0.55686275 0.53333333
v 0.828654 0.019458 -0.042797 0.76470588 0.55686275 0.53725490
v 0.820477 0.016697 -0.044637 0.76470588 0.54901961 0.52941176
v 0.823203 0.019437 -0.043810 0.76862745 0.55294118 0.53333333
v 0.817805 0.019299 -0.044277 0.76862745 0.55294118 0.53333333
v 0.815143 0.021922 -0.042833 0.77647059 0.56078431 0.54117647
v -0.836477 0.020869 -0.038650 0.75294118 0.55686275 0.54117647
v -0.835722 0.022587 -0.038650 0.76862745 0.57647059 0.55686275
v -0.833010 0.024335 -0.038650 0.78823529 0.59607843 0.56862745
v -0.835281 0.016606 -0.038650 0.73333333 0.54117647 0.52941176
v -0.835377 0.016785 -0.038650 0.73725490 0.54509804 0.53333333
v -0.832526 0.013933 -0.038650 0.73333333 0.53725490 0.52941176
v -0.832461 0.013968 -0.038650 0.74509804 0.53725490 0.52941176
v -0.832018 0.024342 -0.038650 0.78823529 0.58039216 0.55686275
v -0.828915 0.012055 -0.038650 0.75294118 0.53333333 0.52941176
v -0.824661 0.010852 -0.038650 0.74901961 0.54901961 0.53725490
v -0.823853 0.010719 -0.038650 0.74901961 0.55294118 0.54117647
v -0.819518 0.010535 -0.038650 0.75294118 0.54901961 0.54117647
v -0.818171 0.010495 -0.038650 0.74901961 0.54901961 0.54117647
v -0.821864 0.025105 -0.038650 0.77647059 0.56078431 0.53725490
v -0.821194 0.025234 -0.038650 0.77254902 0.55686275 0.53333333
v -0.817263 0.025962 -0.038650 0.78431373 0.56078431 0.54117647
v -0.814538 0.026433 -0.038650 0.79607843 0.57254902 0.55294118
v -0.812598 0.026756 -0.038650 0.81176471 0.58823529 0.56862745
v -0.807987 0.027602 -0.038650 0.81960784 0.59607843 0.57647059
v -0.655866 0.033775 -0.038650 0.93333333 0.94117647 0.96470588
v -0.654275 0.033861 -0.038650 0.93333333 0.94117647 0.96470588
v -0.651398 0.034765 -0.038650 0.92941176 0.94117647 0.96470588
v -0.807892 0.027620 -0.038650 0.82352941 0.60000000 0.58039216
v -0.813723 0.010872 -0.038650 0.73333333 0.54117647 0.53333333
v -0.646955 0.035740 -0.038650 0.93333333 0.94509804 0.96470588
v -0.646934 0.035746 -0.038650 0.93333333 0.94509804 0.96470588
v -0.813114 0.010897 -0.038650 0.72941176 0.53725490 0.52941176
v -0.642836 0.037075 -0.038650 0.93333333 0.94117647 0.96862745
v -0.807986 0.011227 -0.038650 0.72941176 0.53333333 0.52549020
v -0.639165 0.038057 -0.038650 0.92156863 0.92941176 0.96470588
v -0.616022 0.044822 -0.038650 0.92156863 0.92549020 0.96078431
v -0.611979 0.044472 -0.038650 0.91764706 0.92156863 0.96078431
v -0.807906 0.011231 -0.038650 0.72549020 0.52941176 0.51764706
v -0.638567 0.038259 -0.038650 0.92156863 0.92941176 0.96078431
v -0.802499 0.011180 -0.038650 0.71372549 0.51764706 0.50196078
v -0.634726 0.039874 -0.038650 0.90196078 0.90588235 0.94901961
v -0.802481 0.011180 -0.038650 0.70980392 0.51764706 0.50196078
v -0.631238 0.041846 -0.038650 0.89411765 0.89803922 0.93725490
v -0.797153 0.011310 -0.038650 0.70980392 0.51764706 0.49803922
v -0.636975 0.003967 -0.038650 0.84313725 0.83921569 0.90196078
v -0.610903 0.044483 -0.038650 0.91372549 0.91764706 0.96078431
v -0.633295 0.005716 -0.038650 0.86274510 0.85882353 0.92156863
v -0.606909 0.044860 -0.038650 0.90980392 0.90980392 0.95686275
v -0.803538 0.028533 -0.038650 0.82352941 0.60392157 0.58431373
v -0.633273 0.005723 -0.038650 0.86274510 0.85882353 0.92156863
v -0.629358 0.007267 -0.038650 0.84313725 0.84705882 0.90196078
v -0.625393 0.008760 -0.038650 0.85098039 0.85490196 0.90588235
v -0.624471 0.009082 -0.038650 0.85882353 0.86274510 0.90980392
v -0.800896 0.029095 -0.038650 0.83137255 0.61960784 0.59215686
v -0.604059 0.045868 -0.038650 0.90980392 0.90980392 0.95686275
v -0.621359 0.010184 -0.038650 0.87058824 0.87450980 0.92156863
v -0.602924 0.046333 -0.038650 0.91372549 0.91372549 0.95686275
v -0.799136 0.029512 -0.038650 0.82745098 0.61960784 0.58823529
v -0.598244 0.047038 -0.038650 0.93333333 0.93725490 0.96862745
v -0.794756 0.030646 -0.038650 0.83137255 0.62352941 0.58823529
v -0.796892 0.011329 -0.038650 0.70196078 0.51764706 0.49411765
v -0.616935 0.011159 -0.038650 0.86666667 0.87058824 0.91764706
v -0.791974 0.011590 -0.038650 0.69803922 0.51764706 0.49411765
v -0.791102 0.011660 -0.038650 0.69019608 0.51764706 0.49019608
v -0.606155 0.011022 -0.038650 0.85490196 0.85490196 0.91764706
v -0.616884 0.011168 -0.038650 0.86666667 0.87058824 0.91764706
v -0.827285 0.024603 -0.038650 0.78431373 0.56862745 0.54509804
v -0.786706 0.011780 -0.038650 0.68235294 0.51372549 0.48235294
v -0.605729 0.010930 -0.038650 0.85490196 0.85490196 0.91764706
v -0.826812 0.024594 -0.038650 0.78039216 0.56470588 0.54117647
v -0.785514 0.011790 -0.038650 0.67058824 0.50196078 0.46666667
v -0.611756 0.011498 -0.038650 0.85490196 0.85882353 0.92549020
v -0.781212 0.011744 -0.038650 0.66666667 0.49803922 0.46274510
v -0.601953 0.009723 -0.038650 0.85098039 0.85098039 0.90196078
v -0.611155 0.011480 -0.038650 0.85490196 0.85490196 0.92549020
v -0.629150 0.042614 -0.038650 0.90196078 0.90588235 0.94901961
v -0.627076 0.043151 -0.038650 0.90980392 0.91372549 0.95686275
v -0.780185 0.011660 -0.038650 0.67058824 0.50196078 0.46666667
v -0.622736 0.044281 -0.038650 0.92156863 0.92549020 0.96078431
v -0.657663 0.003170 -0.038650 0.85490196 0.85490196 0.90588235
v -0.621872 0.044432 -0.038650 0.92156863 0.92549020 0.96470588
v -0.653962 0.001413 -0.038650 0.83137255 0.83137255 0.87450980
v -0.617781 0.044815 -0.038650 0.92156863 0.92549020 0.96078431
v -0.649780 0.000139 -0.038650 0.80784314 0.80784314 0.85098039
v -0.649535 0.000137 -0.038650 0.81176471 0.81176471 0.85490196
v -0.645104 0.001165 -0.038650 0.81960784 0.81960784 0.86274510
v -0.643146 0.001316 -0.038650 0.82352941 0.81960784 0.87058824
v -0.640331 0.001853 -0.038650 0.83137255 0.82745098 0.87843137
v -0.664627 0.039885 -0.038650 0.94117647 0.94509804 0.97647059
v -0.661869 0.037184 -0.038650 0.92549020 0.93333333 0.96470588
v -0.659000 0.034594 -0.038650 0.92156863 0.92941176 0.96862745
v 0.640103 0.016427 -0.038650 0.91764706 0.91372549 0.96078431
v 0.636300 0.018104 -0.038650 0.89803922 0.89803922 0.94509804
v 0.601698 0.000788 -0.038650 0.88627451 0.88627451 0.93725490
v 0.597036 0.000716 -0.038650 0.88627451 0.88235294 0.93333333
v 0.633004 0.020268 -0.038650 0.89019608 0.88627451 0.93333333
v 0.629785 0.022548 -0.038650 0.90588235 0.90196078 0.94901961
v 0.602515 0.000736 -0.038650 0.88627451 0.88627451 0.93725490
v 0.627021 0.025242 -0.038650 0.91372549 0.90588235 0.95686275
v 0.652057 0.015932 -0.038650 0.95294118 0.95686275 0.97254902
v 0.649497 0.014841 -0.038650 0.94901961 0.95294118 0.97647059
v 0.654532 0.018917 -0.038650 0.95294118 0.95686275 0.96862745
v 0.616601 0.036657 -0.038650 0.91372549 0.90980392 0.95686275
v 0.613709 0.039222 -0.038650 0.91372549 0.90980392 0.95294118
v 0.654644 0.019938 -0.038650 0.95294118 0.95686275 0.97254902
v 0.608623 0.037530 -0.038650 0.95294118 0.96078431 0.97647059
v 0.649033 0.002578 -0.038650 0.84313725 0.83921569 0.89019608
v 0.647479 0.015052 -0.038650 0.93725490 0.93725490 0.96862745
v 0.644637 0.015442 -0.038650 0.92156863 0.91764706 0.96078431
v 0.648026 0.002467 -0.038650 0.83529412 0.82745098 0.88235294
v 0.640987 0.016084 -0.038650 0.91764706 0.91372549 0.96078431
v 0.612252 0.039359 -0.038650 0.92156863 0.92156863 0.95686275
v 0.653302 0.024065 -0.038650 0.93333333 0.93725490 0.96470588
v 0.652900 0.026008 -0.038650 0.92941176 0.92941176 0.96470588
v 0.653247 0.003823 -0.038650 0.89803922 0.89411765 0.93333333
v 0.623990 0.000329 -0.038650 0.85490196 0.85490196 0.90196078
v 0.652916 0.029222 -0.038650 0.92941176 0.92156863 0.96470588
v 0.623934 0.000322 -0.038650 0.85490196 0.85490196 0.90196078
v 0.653194 0.031171 -0.038650 0.92549020 0.91764706 0.95686275
v 0.602808 0.033780 -0.038650 0.95686275 0.96470588 0.98039216
v 0.654261 0.035561 -0.038650 0.91764706 0.91372549 0.93725490
v 0.601642 0.033594 -0.038650 0.95294118 0.96470588 0.98039216
v 0.633417 0.001819 -0.038650 0.81960784 0.81960784 0.87058824
v 0.657373 0.037906 -0.038650 0.93333333 0.93725490 0.94901961
v 0.597275 0.037961 -0.038650 0.91764706 0.91764706 0.95686275
v 0.630473 0.001403 -0.038650 0.82745098 0.82352941 0.87450980
v 0.660562 0.040175 -0.038650 0.86274510 0.85882353 0.88235294
v 0.628616 0.001162 -0.038650 0.83137255 0.83137255 0.87843137
v 0.597178 0.039066 -0.038650 0.92156863 0.91764706 0.95686275
v 0.624184 0.027864 -0.038650 0.91764706 0.91372549 0.96862745
v 0.643964 0.002189 -0.038650 0.82352941 0.81960784 0.87843137
v 0.621427 0.030565 -0.038650 0.91372549 0.90980392 0.96470588
v 0.594554 0.036440 -0.038650 0.91372549 0.91372549 0.95686275
v 0.595948 0.039289 -0.038650 0.91764706 0.91372549 0.95294118
v 0.642252 0.002205 -0.038650 0.82352941 0.81960784 0.87843137
v 0.638717 0.001978 -0.038650 0.82352941 0.81960784 0.87450980
v 0.636486 0.001901 -0.038650 0.81960784 0.81568627 0.87058824
v 0.619178 0.033775 -0.038650 0.90980392 0.90588235 0.96078431
v 0.618961 -0.000100 -0.038650 0.88235294 0.88235294 0.92941176
v 0.618059 -0.000094 -0.038650 0.88627451 0.88627451 0.93333333
v 0.596868 0.033296 -0.038650 0.92941176 0.92941176 0.96862745
v 0.613360 0.000042 -0.038650 0.89803922 0.89803922 0.94117647
v 0.594995 0.034781 -0.038650 0.91764706 0.91372549 0.96078431
v 0.612695 0.000000 -0.038650 0.89803922 0.89803922 0.94117647
v 0.605569 0.035126 -0.038650 0.96078431 0.97254902 0.98431373
v 0.607692 0.000455 -0.038650 0.89803922 0.89803922 0.94509804
v 0.607460 0.000485 -0.038650 0.89803922 0.89803922 0.94509804
v 0.822055 0.023720 -0.038650 0.78431373 0.56470588 0.54509804
v 0.818435 0.024205 -0.038650 0.79607843 0.57254902 0.54901961
v 0.811935 0.025221 -0.038650 0.78431373 0.58039216 0.55294118
v 0.808112 0.025654 -0.038650 0.78039216 0.57647059 0.55294118
v 0.822181 0.009556 -0.038650 0.72941176 0.52549020 0.50196078
v 0.818384 0.009187 -0.038650 0.71372549 0.50980392 0.49411765
v 0.811329 0.009472 -0.038650 0.70196078 0.51764706 0.50588235
v 0.812935 0.025117 -0.038650 0.78823529 0.58039216 0.55686275
v 0.808026 0.009631 -0.038650 0.68627451 0.51764706 0.50588235
v 0.805716 0.025970 -0.038650 0.77647059 0.57647059 0.54901961
v 0.817070 0.009209 -0.038650 0.71372549 0.51372549 0.50196078
v 0.813134 0.009348 -0.038650 0.70980392 0.51764706 0.50588235
v 0.800073 0.009819 -0.038650 0.67450980 0.52156863 0.48627451
v 0.797434 0.009780 -0.038650 0.67450980 0.52156863 0.48627451
v 0.783358 0.010171 -0.038650 0.67843137 0.52156863 0.49019608
v 0.788849 0.010140 -0.038650 0.66666667 0.50980392 0.48235294
v 0.786745 0.010204 -0.038650 0.66274510 0.50980392 0.48235294
v 0.781211 0.010170 -0.038650 0.67843137 0.52156863 0.48627451
v 0.794575 0.009872 -0.038650 0.66666667 0.51764706 0.48235294
v 0.777833 0.010225 -0.038650 0.67843137 0.52941176 0.49411765
v 0.792060 0.009946 -0.038650 0.66666667 0.51372549 0.48627451
v 0.805537 0.009806 -0.038650 0.68235294 0.51764706 0.50588235
v 0.798902 0.027213 -0.038650 0.81176471 0.59607843 0.56862745
v 0.798762 0.027249 -0.038650 0.81960784 0.60392157 0.57647059
v 0.803291 0.026292 -0.038650 0.79215686 0.58431373 0.55686275
v 0.794622 0.028578 -0.038650 0.82352941 0.60784314 0.58431373
v 0.802804 0.009798 -0.038650 0.69019608 0.52549020 0.50196078
v 0.826369 0.010826 -0.038650 0.74117647 0.53725490 0.51372549
v 0.824922 0.010268 -0.038650 0.72156863 0.52549020 0.49803922
v 0.829934 0.012720 -0.038650 0.74901961 0.54117647 0.52156863
v 0.832815 0.015298 -0.038650 0.75294118 0.54901961 0.52941176
v 0.833952 0.019297 -0.038650 0.75686275 0.54901961 0.53725490
v 0.833940 0.019631 -0.038650 0.74901961 0.54901961 0.54117647
v 0.830144 0.023427 -0.038650 0.76470588 0.55686275 0.54901961
v 0.827198 0.023460 -0.038650 0.76470588 0.55686275 0.54117647
v 0.824577 0.023536 -0.038650 0.77254902 0.55686275 0.54117647
v 0.831919 0.022723 -0.038650 0.76862745 0.55294118 0.55294118
v 0.817462 0.024385 -0.038650 0.79215686 0.57647059 0.55294118
v -0.793811 0.030743 -0.038650 0.82745098 0.61568627 0.58431373
v -0.789871 0.031269 -0.038650 0.81960784 0.60784314 0.57647059
v -0.787516 0.031621 -0.038650 0.82745098 0.61176471 0.58431373
v -0.785056 0.031964 -0.038650 0.82745098 0.61960784 0.58823529
v -0.658221 0.003358 -0.038650 0.85490196 0.85490196 0.90980392
v 0.658127 0.004401 -0.038650 0.89411765 0.90196078 0.92156863
v 0.655405 0.004354 -0.038650 0.90588235 0.90588235 0.93333333
v 0.660354 0.003850 -0.038650 0.87843137 0.88627451 0.91372549
v 0.791548 0.029027 -0.038650 0.82352941 0.61176471 0.58823529
v 0.789780 0.029247 -0.038650 0.81568627 0.60784314 0.58431373
v 0.785119 0.030064 -0.038650 0.80784314 0.60392157 0.57647059
v 0.785058 0.030080 -0.038650 0.80784314 0.60392157 0.57647059
v -0.835240 0.022106 -0.040121 0.77254902 0.57254902 0.55294118
v -0.835240 0.016647 -0.038869 0.74901961 0.54509804 0.53333333
v -0.829782 0.022106 -0.042207 0.78039216 0.56862745 0.54901961
v -0.824323 0.011189 -0.040238 0.77647059 0.54509804 0.54117647
v -0.818865 0.011189 -0.040780 0.78431373 0.55686275 0.55294118
v -0.821594 0.024835 -0.039725 0.78039216 0.56078431 0.54117647
v -0.816136 0.024835 -0.041480 0.79215686 0.56862745 0.54901961
v -0.663318 0.041195 -0.041713 0.94117647 0.94901961 0.97647059
v -0.807948 0.027564 -0.038807 0.81568627 0.59607843 0.57254902
v -0.813406 0.011189 -0.039730 0.74901961 0.54509804 0.53725490
v -0.660572 0.038481 -0.041921 0.90980392 0.92156863 0.94901961
v -0.614176 0.046668 -0.042156 0.92156863 0.92549020 0.96470588
v -0.652385 0.035751 -0.041233 0.93333333 0.94117647 0.96470588
v -0.608718 0.046668 -0.040922 0.90980392 0.91372549 0.95686275
v -0.802490 0.011189 -0.038689 0.71764706 0.52549020 0.50980392
v -0.644226 0.038455 -0.042290 0.92941176 0.93725490 0.96862745
v -0.603259 0.046668 -0.039118 0.91372549 0.91372549 0.95686275
v -0.802517 0.027486 -0.041627 0.81568627 0.60392157 0.58039216
v -0.638766 0.038456 -0.039135 0.92156863 0.92549020 0.96078431
v -0.600578 0.049356 -0.041594 0.92941176 0.93333333 0.96862745
v -0.636044 0.041179 -0.042062 0.90196078 0.90588235 0.94509804
v -0.636009 0.003001 -0.039747 0.83529412 0.83137255 0.88627451
v -0.608718 0.008460 -0.041213 0.85490196 0.85490196 0.92156863
v -0.794330 0.030214 -0.039904 0.81960784 0.61176471 0.58039216
v -0.630551 0.003001 -0.041028 0.82745098 0.81960784 0.87450980
v -0.627822 0.005730 -0.040215 0.83137255 0.83137255 0.89019608
v -0.603274 0.008404 -0.040606 0.85490196 0.85490196 0.91372549
v -0.625093 0.003001 -0.042111 0.81176471 0.80784314 0.86274510
v -0.788844 0.013918 -0.042394 0.69411765 0.51764706 0.49019608
v -0.625093 0.008460 -0.038875 0.85098039 0.85490196 0.90196078
v -0.622364 0.005730 -0.041442 0.84313725 0.85098039 0.89019608
v -0.619634 0.008460 -0.039932 0.86274510 0.87058824 0.90980392
v -0.616905 0.005730 -0.041985 0.85882353 0.85882353 0.89411765
v -0.614176 0.008460 -0.040501 0.85882353 0.86666667 0.90980392
v -0.657847 0.002986 -0.039038 0.85098039 0.85098039 0.90196078
v -0.611447 0.011189 -0.038842 0.85490196 0.85882353 0.92549020
v -0.655117 0.000259 -0.041169 0.82352941 0.82352941 0.87058824
v -0.627847 0.043917 -0.040570 0.90588235 0.90980392 0.95294118
v -0.646929 -0.002468 -0.042304 0.80392157 0.79607843 0.83921569
v -0.644200 0.000262 -0.039759 0.81568627 0.81176471 0.85490196
v -0.638739 0.000272 -0.041153 0.81568627 0.81568627 0.85882353
v 0.645799 0.000354 -0.041826 0.82745098 0.82352941 0.88235294
v 0.654032 0.003038 -0.040297 0.88235294 0.87843137 0.91764706
v 0.618507 0.038562 -0.039819 0.90980392 0.90588235 0.95686275
v 0.640374 0.016697 -0.038837 0.91764706 0.91764706 0.96470588
v 0.615778 0.041292 -0.040120 0.90588235 0.90196078 0.95294118
v 0.637637 0.019434 -0.039339 0.90196078 0.90196078 0.95294118
v 0.607591 0.038562 -0.039124 0.96078431 0.96470588 0.98039216
v 0.610320 0.041292 -0.039681 0.93725490 0.93725490 0.96862745
v 0.634905 0.022166 -0.039323 0.89411765 0.89019608 0.93725490
v 0.613049 0.044021 -0.041499 0.90588235 0.90196078 0.94901961
v 0.632153 0.024916 -0.039422 0.91372549 0.90980392 0.94901961
v 0.629424 0.027646 -0.039642 0.91372549 0.90980392 0.95686275
v 0.651334 0.016656 -0.039146 0.95294118 0.95686275 0.97647059
v 0.604861 0.035833 -0.038943 0.96078431 0.97254902 0.98431373
v 0.654075 0.019374 -0.039138 0.95294118 0.95686275 0.97254902
v 0.645866 0.016664 -0.039145 0.92549020 0.92156863 0.96078431
v 0.599403 0.035833 -0.038957 0.93725490 0.94117647 0.97647059
v 0.602132 0.038562 -0.039061 0.94901961 0.95294118 0.97647059
v 0.604861 0.041292 -0.039809 0.95686275 0.96470588 0.97647059
v 0.599403 0.041292 -0.038996 0.92941176 0.92941176 0.96078431
v 0.648602 0.019388 -0.040701 0.93333333 0.92941176 0.96862745
v 0.599403 -0.002375 -0.042214 0.88235294 0.88235294 0.93333333
v 0.643111 0.019419 -0.040090 0.91764706 0.91372549 0.96078431
v 0.645848 0.022141 -0.040858 0.91372549 0.90980392 0.95686275
v 0.602132 0.000354 -0.039106 0.88627451 0.88627451 0.93725490
v 0.651338 0.022111 -0.041153 0.93725490 0.94117647 0.97254902
v 0.648579 0.024869 -0.041652 0.91372549 0.90980392 0.95686275
v 0.651306 0.027601 -0.039830 0.92156863 0.91764706 0.96470588
v 0.610320 -0.002375 -0.042064 0.89019608 0.89019608 0.93333333
v 0.602132 0.044021 -0.040601 0.94117647 0.94901961 0.96862745
v 0.604861 -0.002375 -0.042084 0.88627451 0.88627451 0.93725490
v 0.640374 0.022155 -0.040155 0.90588235 0.90196078 0.94901961
v 0.643110 0.024879 -0.041102 0.90196078 0.89803922 0.94509804
v 0.607590 0.044021 -0.041059 0.95294118 0.95294118 0.97254902
v 0.607591 0.000354 -0.038806 0.89803922 0.89803922 0.94509804
v 0.637640 0.024890 -0.040246 0.89803922 0.89019608 0.93725490
v 0.632153 0.030375 -0.040702 0.91372549 0.91372549 0.94901961
v 0.634882 0.000354 -0.041730 0.81176471 0.81176471 0.85882353
v 0.626695 0.030375 -0.039779 0.91764706 0.90980392 0.96862745
v 0.640374 0.027615 -0.041434 0.89803922 0.89411765 0.93725490
v 0.629424 0.033104 -0.041092 0.90588235 0.90196078 0.95686275
v 0.629424 0.000354 -0.040798 0.81568627 0.81568627 0.86274510
v 0.634911 0.033078 -0.042188 0.91764706 0.91764706 0.94901961
v 0.640341 0.000354 -0.041730 0.81960784 0.81960784 0.87058824
v 0.623966 0.033104 -0.040048 0.90980392 0.90588235 0.96078431
v 0.626721 0.035809 -0.041392 0.90588235 0.90196078 0.95686275
v 0.596674 0.044021 -0.040005 0.94117647 0.93725490 0.96862745
v 0.621237 0.035833 -0.039675 0.90980392 0.90588235 0.95686275
v 0.623991 0.038539 -0.041378 0.90588235 0.90196078 0.95294118
v 0.645841 0.027606 -0.041735 0.89803922 0.89411765 0.94509804
v 0.621260 0.041270 -0.042195 0.90980392 0.90196078 0.95294118
v 0.648569 0.030337 -0.041469 0.89803922 0.89411765 0.94117647
v 0.634908 0.027622 -0.040463 0.92156863 0.92549020 0.95294118
v 0.637664 0.030327 -0.041648 0.92941176 0.92941176 0.96078431
v 0.651292 0.033072 -0.040896 0.91372549 0.90980392 0.94901961
v 0.654014 0.035809 -0.039205 0.92156863 0.92156863 0.94901961
v 0.656716 0.038562 -0.040553 0.92549020 0.92156863 0.94509804
v 0.659445 0.041292 -0.042251 0.89803922 0.90196078 0.92549020
v 0.820517 0.022108 -0.042207 0.78431373 0.56470588 0.54509804
v 0.812496 0.024648 -0.040073 0.78039216 0.57647059 0.54901961
v 0.807069 0.024546 -0.041243 0.77647059 0.57254902 0.54901961
v 0.782310 0.011219 -0.041645 0.68627451 0.52549020 0.49019608
v 0.809602 0.011139 -0.042091 0.71372549 0.52549020 0.51372549
v 0.798783 0.011043 -0.041657 0.68235294 0.52549020 0.49411765
v 0.787810 0.011158 -0.040974 0.67450980 0.51764706 0.48627451
v 0.793362 0.011059 -0.041290 0.67450980 0.52156863 0.48627451
v 0.776842 0.011185 -0.041168 0.69019608 0.53725490 0.49803922
v 0.804193 0.011079 -0.041746 0.69411765 0.52549020 0.50588235
v 0.793348 0.027177 -0.041534 0.81568627 0.60392157 0.58039216
v 0.801604 0.024481 -0.042360 0.79607843 0.58823529 0.56078431
v 0.825925 0.011271 -0.040800 0.74901961 0.54117647 0.51764706
v 0.828654 0.014000 -0.042337 0.75294118 0.54509804 0.52156863
v 0.831384 0.016729 -0.042090 0.75686275 0.54901961 0.52941176
v 0.831384 0.022187 -0.039903 0.76078431 0.55294118 0.54117647
v 0.825925 0.022187 -0.041125 0.76862745 0.55686275 0.54117647
v -0.737279 0.038770 -0.038650 0.87450980 0.69019608 0.65490196
v -0.781731 0.031948 -0.038650 0.83137255 0.62352941 0.58823529
v -0.730157 0.039855 -0.038650 0.87058824 0.69803922 0.64705882
v -0.773999 0.031823 -0.038650 0.83921569 0.62745098 0.59215686
v -0.727733 0.040142 -0.038650 0.86666667 0.69019608 0.63921569
v -0.718305 0.041630 -0.038650 0.86274510 0.69411765 0.62745098
v -0.770701 0.032061 -0.038650 0.84313725 0.63137255 0.59607843
v -0.764202 0.032943 -0.038650 0.85098039 0.64313725 0.60392157
v -0.726267 0.005925 -0.038650 0.76470588 0.60000000 0.56078431
v -0.721426 0.004919 -0.038650 0.76470588 0.61176471 0.58039216
v 0.702441 -0.001705 -0.038650 0.82352941 0.73725490 0.74117647
v 0.696934 -0.003187 -0.038650 0.83529412 0.78039216 0.80000000
v -0.712897 0.002531 -0.038650 0.76470588 0.62352941 0.59215686
v -0.711414 0.001989 -0.038650 0.77254902 0.63921569 0.61568627
v 0.693671 -0.003853 -0.038650 0.84313725 0.80000000 0.83137255
v -0.704931 -0.000419 -0.038650 0.78823529 0.67843137 0.66666667
v -0.757592 0.034250 -0.038650 0.85882353 0.64705882 0.61960784
v 0.684641 -0.004644 -0.038650 0.84313725 0.81568627 0.85490196
v -0.717347 0.041748 -0.038650 0.85882353 0.69411765 0.62745098
v 0.681093 0.041487 -0.038650 0.93333333 0.93725490 0.96862745
v -0.708346 0.042587 -0.038650 0.85490196 0.67058824 0.62745098
v 0.683477 -0.004587 -0.038650 0.84705882 0.82745098 0.87058824
v 0.779307 0.030393 -0.038650 0.80392157 0.60392157 0.57254902
v 0.676360 0.041619 -0.038650 0.93333333 0.93725490 0.96470588
v 0.675226 -0.003110 -0.038650 0.84313725 0.83529412 0.88235294
v 0.669936 0.041722 -0.038650 0.93333333 0.93333333 0.96470588
v 0.667708 0.000276 -0.038650 0.83529412 0.83529412 0.88627451
v 0.664777 0.041164 -0.038650 0.90588235 0.90588235 0.93333333
v 0.774350 0.030130 -0.038650 0.81176471 0.61176471 0.57254902
v -0.705351 0.042827 -0.038650 0.85098039 0.65882353 0.62352941
v -0.775603 0.011594 -0.038650 0.68235294 0.50980392 0.47450980
v 0.667691 0.000285 -0.038650 0.84313725 0.84313725 0.89411765
v 0.768220 0.030380 -0.038650 0.81176471 0.60392157 0.56862745
v 0.764465 0.030959 -0.038650 0.78431373 0.56862745 0.54117647
v -0.697967 0.043126 -0.038650 0.79607843 0.69803922 0.69019608
v -0.770023 0.010906 -0.038650 0.70588235 0.53333333 0.49803922
v 0.687464 0.041678 -0.038650 0.93333333 0.94117647 0.96862745
v -0.694002 0.043260 -0.038650 0.89019608 0.86274510 0.89019608
v -0.763173 0.010081 -0.038650 0.71372549 0.54509804 0.50588235
v 0.775951 0.010273 -0.038650 0.67843137 0.53725490 0.49803922
v -0.760386 0.009626 -0.038650 0.74117647 0.57254902 0.52941176
v 0.718994 0.003546 -0.038650 0.79607843 0.65490196 0.62352941
v -0.750797 0.008298 -0.038650 0.74901961 0.58039216 0.53725490
v 0.712940 0.001949 -0.038650 0.80392157 0.68235294 0.66666667
v -0.750424 0.008248 -0.038650 0.75294118 0.58431373 0.54117647
v 0.728074 0.005364 -0.038650 0.78039216 0.61568627 0.57254902
v 0.767537 0.009513 -0.038650 0.69019608 0.54117647 0.49803922
v 0.727169 0.005215 -0.038650 0.78823529 0.63137255 0.59215686
v -0.687324 0.043369 -0.038650 0.93333333 0.93725490 0.96470588
v 0.764313 0.009317 -0.038650 0.68235294 0.53725490 0.49019608
v 0.737815 0.006502 -0.038650 0.76862745 0.60392157 0.55686275
v -0.683095 0.043251 -0.038650 0.93725490 0.93725490 0.96078431
v 0.710436 0.001208 -0.038650 0.81176471 0.70196078 0.69411765
v 0.757531 0.008571 -0.038650 0.65882353 0.52941176 0.47058824
v -0.676351 0.043317 -0.038650 0.91372549 0.91764706 0.94117647
v 0.751746 0.007751 -0.038650 0.69019608 0.54117647 0.48627451
v -0.755167 0.034818 -0.038650 0.85882353 0.66274510 0.63921569
v 0.739575 0.006616 -0.038650 0.75686275 0.58431373 0.53333333
v 0.747879 0.007296 -0.038650 0.72549020 0.56470588 0.50980392
v -0.740564 0.007614 -0.038650 0.76078431 0.59215686 0.54901961
v 0.755189 0.032549 -0.038650 0.79607843 0.60392157 0.56862745
v -0.738710 0.007451 -0.038650 0.76078431 0.59607843 0.55294118
v 0.755107 0.032567 -0.038650 0.79607843 0.60392157 0.56862745
v -0.672169 0.043261 -0.038650 0.91764706 0.92549020 0.95294118
v -0.730691 0.006570 -0.038650 0.76470588 0.60000000 0.56078431
v 0.746291 0.034833 -0.038650 0.85490196 0.64705882 0.61960784
v -0.746341 0.036916 -0.038650 0.85882353 0.67058824 0.62745098
v -0.743318 0.037611 -0.038650 0.85490196 0.67058824 0.62745098
v -0.696096 -0.002502 -0.038650 0.78039216 0.67450980 0.65882353
v -0.695987 -0.002522 -0.038650 0.78823529 0.69019608 0.67843137
v -0.685929 -0.003252 -0.038650 0.80392157 0.73725490 0.74117647
v 0.727836 0.038246 -0.038650 0.83921569 0.64705882 0.59215686
v -0.684439 -0.003153 -0.038650 0.81960784 0.78431373 0.80784314
v -0.675282 -0.001402 -0.038650 0.83137255 0.81568627 0.84705882
v 0.727726 0.038259 -0.038650 0.83529412 0.64705882 0.58823529
v -0.671323 0.000432 -0.038650 0.83137255 0.83529412 0.87843137
v 0.740826 0.036113 -0.038650 0.86274510 0.65098039 0.60784314
v 0.737231 0.036782 -0.038650 0.85882353 0.64313725 0.60784314
v -0.667835 0.002065 -0.038650 0.82745098 0.83137255 0.87450980
v 0.703229 0.041100 -0.038650 0.89019608 0.85490196 0.87843137
v 0.698092 0.041377 -0.038650 0.92549020 0.92941176 0.95686275
v 0.691946 0.041516 -0.038650 0.93333333 0.94117647 0.96862745
v 0.718214 0.039690 -0.038650 0.85882353 0.64705882 0.59607843
v 0.715151 0.040059 -0.038650 0.88235294 0.67843137 0.63529412
v 0.708276 0.040665 -0.038650 0.81176471 0.67843137 0.66666667
v -0.728802 0.041210 -0.042704 0.85490196 0.67058824 0.61960784
v -0.783385 0.030293 -0.043364 0.81176471 0.60784314 0.57647059
v -0.712427 0.003001 -0.040092 0.77254902 0.63529412 0.60784314
v -0.772469 0.030293 -0.043996 0.83137255 0.62352941 0.58823529
v -0.679711 0.046638 -0.045592 0.94117647 0.94509804 0.96862745
v -0.668792 0.046640 -0.045745 0.90588235 0.91764706 0.94117647
v 0.700399 0.000337 -0.044264 0.83529412 0.77254902 0.78823529
v -0.696052 -0.002457 -0.038791 0.80000000 0.72156863 0.72156863
v 0.667704 0.000272 -0.038678 0.83529412 0.83529412 0.88627451
v -0.685135 -0.002457 -0.042045 0.82352941 0.78039216 0.79607843
v 0.678655 0.043915 -0.043383 0.94117647 0.94509804 0.96862745
v 0.782320 0.027480 -0.044845 0.79607843 0.59607843 0.56470588
v 0.667677 0.043981 -0.043183 0.94117647 0.94117647 0.96862745
v 0.771496 0.027185 -0.045773 0.80000000 0.59607843 0.56078431
v 0.689592 0.043850 -0.045238 0.93725490 0.94509804 0.97254902
v 0.716771 0.005773 -0.046234 0.79607843 0.66666667 0.64313725
v 0.727694 0.005747 -0.042552 0.78039216 0.63137255 0.59215686
v 0.766007 0.010946 -0.044949 0.69411765 0.54509804 0.49803922
v 0.755138 0.032603 -0.039678 0.81960784 0.61568627 0.58039216
v 0.727774 0.038308 -0.038818 0.83921569 0.64705882 0.59215686
v -0.835399 0.021947 -0.034790 0.75294118 0.57254902 0.55294118
v -0.835283 0.022148 -0.034790 0.78039216 0.59215686 0.56862745
v -0.833608 0.023738 -0.034790 0.80000000 0.61568627 0.58431373
v -0.835010 0.016877 -0.034790 0.61176471 0.47450980 0.48235294
v -0.832264 0.014164 -0.034790 0.72156863 0.52549020 0.51764706
v -0.831865 0.024189 -0.034790 0.82352941 0.62745098 0.59215686
v -0.828481 0.012490 -0.034790 0.73333333 0.54509804 0.52941176
v -0.824463 0.011328 -0.034790 0.71764706 0.58431373 0.55686275
v -0.824223 0.011289 -0.034790 0.71372549 0.58431373 0.55686275
v -0.819169 0.010885 -0.034790 0.73333333 0.55686275 0.54509804
v -0.818508 0.010831 -0.034790 0.73333333 0.54509804 0.53725490
v -0.803431 0.028453 -0.034790 0.84313725 0.61960784 0.60392157
v -0.801012 0.029007 -0.034790 0.83921569 0.63137255 0.60392157
v -0.798994 0.029460 -0.034790 0.83921569 0.64313725 0.60392157
v -0.636918 0.036625 -0.034790 0.91764706 0.92549020 0.96470588
v -0.634237 0.037526 -0.034790 0.91372549 0.92156863 0.96470588
v -0.794493 0.030427 -0.034790 0.83529412 0.63137255 0.59607843
v -0.632872 0.038034 -0.034790 0.90980392 0.91764706 0.96078431
v -0.797194 0.011352 -0.034790 0.69019608 0.50196078 0.48235294
v -0.796850 0.011371 -0.034790 0.67450980 0.49803922 0.47450980
v -0.628919 0.039541 -0.034790 0.90980392 0.91764706 0.95686275
v -0.791997 0.011612 -0.034790 0.68627451 0.50980392 0.48627451
v -0.827100 0.024787 -0.034790 0.78431373 0.57254902 0.54509804
v -0.791097 0.011665 -0.034790 0.67450980 0.50980392 0.49019608
v -0.608729 0.041222 -0.034790 0.90980392 0.91372549 0.95686275
v -0.608705 0.041223 -0.034790 0.91372549 0.91764706 0.95686275
v -0.641477 0.008458 -0.034790 0.87843137 0.88235294 0.93725490
v -0.641439 0.008482 -0.034790 0.88235294 0.88235294 0.93725490
v -0.604238 0.042189 -0.034790 0.90980392 0.90980392 0.95294118
v -0.827003 0.024785 -0.034790 0.78431373 0.56862745 0.54117647
v -0.601466 0.043003 -0.034790 0.91372549 0.91372549 0.95686275
v -0.638204 0.010654 -0.034790 0.88627451 0.89411765 0.95294118
v -0.599943 0.043352 -0.034790 0.91764706 0.91764706 0.96078431
v -0.786741 0.011815 -0.034790 0.67450980 0.50980392 0.47843137
v -0.785494 0.011810 -0.034790 0.65490196 0.49803922 0.45490196
v -0.781702 0.012235 -0.034790 0.63921569 0.47843137 0.43529412
v -0.779353 0.012492 -0.034790 0.64313725 0.47843137 0.44313725
v -0.634846 0.012755 -0.034790 0.87843137 0.88235294 0.93725490
v -0.794062 0.030507 -0.034790 0.83529412 0.62745098 0.59215686
v -0.631404 0.014771 -0.034790 0.86274510 0.86274510 0.92549020
v -0.628024 0.016445 -0.034790 0.87450980 0.87843137 0.93333333
v -0.821844 0.025085 -0.034790 0.77254902 0.56078431 0.53725490
v -0.789661 0.031110 -0.034790 0.83921569 0.61568627 0.58431373
v -0.627743 0.016568 -0.034790 0.87450980 0.87843137 0.93333333
v -0.821231 0.025198 -0.034790 0.76470588 0.55686275 0.53333333
v -0.788023 0.031114 -0.034790 0.84705882 0.62352941 0.59607843
v -0.783961 0.030868 -0.034790 0.84705882 0.63137255 0.60392157
v -0.817253 0.025952 -0.034790 0.76470588 0.54509804 0.51764706
v -0.623694 0.017977 -0.034790 0.88235294 0.89019608 0.94117647
v -0.814545 0.026425 -0.034790 0.80392157 0.58431373 0.55686275
v -0.603582 0.013555 -0.034790 0.83921569 0.84705882 0.89411765
v -0.661358 0.006496 -0.034790 0.85098039 0.85882353 0.90980392
v -0.620802 0.018208 -0.034790 0.87450980 0.88235294 0.92941176
v -0.659351 0.006940 -0.034790 0.86666667 0.86666667 0.92156863
v -0.618436 0.018178 -0.034790 0.87058824 0.87450980 0.92156863
v -0.602667 0.013251 -0.034790 0.84313725 0.84313725 0.89019608
v -0.812583 0.026741 -0.034790 0.82745098 0.58823529 0.56862745
v -0.656438 0.007034 -0.034790 0.87450980 0.87450980 0.92941176
v -0.616029 0.017524 -0.034790 0.86666667 0.86666667 0.91764706
v -0.807949 0.027564 -0.034790 0.84705882 0.62352941 0.60000000
v -0.611676 0.016418 -0.034790 0.85882353 0.85490196 0.90980392
v -0.654365 0.006469 -0.034790 0.85882353 0.87058824 0.91764706
v -0.611087 0.016288 -0.034790 0.85882353 0.85490196 0.90980392
v -0.813702 0.010893 -0.034790 0.72549020 0.53725490 0.52941176
v -0.607433 0.015202 -0.034790 0.84705882 0.85098039 0.90196078
v -0.813134 0.010917 -0.034790 0.71764706 0.53333333 0.52549020
v -0.650238 0.005138 -0.034790 0.84705882 0.85490196 0.90196078
v -0.649458 0.005517 -0.034790 0.84705882 0.85490196 0.90588235
v -0.645263 0.006783 -0.034790 0.86666667 0.86666667 0.92156863
v -0.625748 0.040556 -0.034790 0.91764706 0.92549020 0.96470588
v -0.808103 0.011034 -0.034790 0.71764706 0.52941176 0.51764706
v -0.807802 0.011043 -0.034790 0.70980392 0.51764706 0.50588235
v -0.624830 0.040917 -0.034790 0.92156863 0.92941176 0.96862745
v -0.620561 0.042137 -0.034790 0.92156863 0.92941176 0.96470588
v -0.802500 0.011200 -0.034790 0.69411765 0.49019608 0.47450980
v -0.666395 0.038117 -0.034790 0.94117647 0.94509804 0.97647059
v -0.618588 0.042256 -0.034790 0.91764706 0.92549020 0.96470588
v -0.802478 0.011201 -0.034790 0.69411765 0.49019608 0.47450980
v -0.663514 0.035539 -0.034790 0.92549020 0.94117647 0.96862745
v -0.661116 0.033566 -0.034790 0.91764706 0.92941176 0.96470588
v -0.660525 0.033070 -0.034790 0.92156863 0.93333333 0.96862745
v -0.615026 0.042060 -0.034790 0.91764706 0.92156863 0.96078431
v -0.657594 0.030542 -0.034790 0.92941176 0.93725490 0.97254902
v -0.613525 0.041861 -0.034790 0.91372549 0.91764706 0.96078431
v -0.653909 0.031818 -0.034790 0.92941176 0.93725490 0.96470588
v -0.807948 0.027564 -0.034790 0.84705882 0.60784314 0.59215686
v -0.650357 0.032320 -0.034790 0.92941176 0.94117647 0.96470588
v -0.649284 0.032651 -0.034790 0.93333333 0.94117647 0.96470588
v -0.645160 0.033985 -0.034790 0.93333333 0.94509804 0.96862745
v -0.641956 0.035264 -0.034790 0.92941176 0.94117647 0.97254902
v -0.641261 0.035513 -0.034790 0.92549020 0.93725490 0.97254902
v 0.609781 0.003622 -0.034790 0.90588235 0.90588235 0.94901961
v 0.605829 0.004051 -0.034790 0.90588235 0.90588235 0.94901961
v 0.640625 0.005528 -0.034790 0.85490196 0.84705882 0.90980392
v 0.640119 0.005474 -0.034790 0.85490196 0.84705882 0.90980392
v 0.646081 0.005530 -0.034790 0.86666667 0.86274510 0.90980392
v 0.645624 0.005505 -0.034790 0.86274510 0.85882353 0.90588235
v 0.603427 0.004517 -0.034790 0.90196078 0.90588235 0.94901961
v 0.601052 0.004732 -0.034790 0.89803922 0.89803922 0.94509804
v 0.650943 0.006128 -0.034790 0.93333333 0.93333333 0.96470588
v 0.647544 0.009527 -0.034790 0.93725490 0.93333333 0.96470588
v 0.644412 0.009747 -0.034790 0.90980392 0.90980392 0.95294118
v 0.635954 0.004741 -0.034790 0.85490196 0.85098039 0.90588235
v 0.633476 0.004347 -0.034790 0.85882353 0.85490196 0.90980392
v 0.631214 0.004023 -0.034790 0.87058824 0.86666667 0.91764706
v 0.662114 0.005511 -0.034790 0.93725490 0.94117647 0.96470588
v 0.659464 0.008311 -0.034790 0.94901961 0.95686275 0.96862745
v 0.658256 0.009733 -0.034790 0.95294118 0.96078431 0.96862745
v 0.635139 0.011015 -0.034790 0.91372549 0.90980392 0.95294118
v 0.634660 0.010989 -0.034790 0.90980392 0.90588235 0.95294118
v 0.641384 0.010228 -0.034790 0.90196078 0.89803922 0.95294118
v 0.639632 0.010447 -0.034790 0.90196078 0.89803922 0.95294118
v 0.621570 0.002749 -0.034790 0.90196078 0.90196078 0.94509804
v 0.620896 0.002743 -0.034790 0.90196078 0.90196078 0.94509804
v 0.616300 0.003605 -0.034790 0.90588235 0.90980392 0.94901961
v 0.626535 0.003243 -0.034790 0.88627451 0.88627451 0.93333333
v 0.626848 0.003236 -0.034790 0.88627451 0.88235294 0.93333333
v 0.615118 0.003743 -0.034790 0.90588235 0.90588235 0.94901961
v 0.610880 0.003644 -0.034790 0.90588235 0.90980392 0.94901961
v 0.630328 0.012124 -0.034790 0.91764706 0.91372549 0.95294118
v 0.628160 0.012534 -0.034790 0.91764706 0.91764706 0.96078431
v 0.625932 0.013237 -0.034790 0.92156863 0.91764706 0.96470588
v 0.621364 0.014127 -0.034790 0.89803922 0.89411765 0.94509804
v 0.618928 0.017149 -0.034790 0.89411765 0.89411765 0.94509804
v 0.649538 0.009397 -0.034790 0.95294118 0.95294118 0.98039216
v 0.657083 0.011403 -0.034790 0.94901961 0.95686275 0.96470588
v 0.656809 0.016572 -0.034790 0.94901961 0.96078431 0.96078431
v 0.656800 0.016650 -0.034790 0.94901961 0.96078431 0.96470588
v 0.656322 0.021608 -0.034790 0.94509804 0.94901961 0.96470588
v 0.656289 0.022619 -0.034790 0.94509804 0.94901961 0.96862745
v 0.655920 0.026719 -0.034790 0.93725490 0.93333333 0.96470588
v 0.655903 0.028463 -0.034790 0.92549020 0.92549020 0.96078431
v 0.657022 0.032800 -0.034790 0.92156863 0.91764706 0.95294118
v 0.611111 0.024126 -0.034790 0.92156863 0.92156863 0.95294118
v 0.609832 0.024429 -0.034790 0.92941176 0.92941176 0.95686275
v 0.605767 0.024010 -0.034790 0.95294118 0.95686275 0.97254902
v 0.603115 0.023170 -0.034790 0.95686275 0.96470588 0.97254902
v 0.616062 0.019742 -0.034790 0.90588235 0.90196078 0.94901961
v 0.613477 0.022615 -0.034790 0.91372549 0.90588235 0.95686275
v 0.598232 0.020628 -0.034790 0.95686275 0.96470588 0.97647059
v 0.601810 0.022508 -0.034790 0.96078431 0.96470588 0.97647059
v 0.822231 0.023894 -0.034790 0.80784314 0.56862745 0.55294118
v 0.818336 0.024321 -0.034790 0.81176471 0.58823529 0.56078431
v 0.811869 0.025335 -0.034790 0.78039216 0.58039216 0.55686275
v 0.808055 0.025750 -0.034790 0.78039216 0.58823529 0.56078431
v 0.812902 0.025210 -0.034790 0.78823529 0.58431373 0.56078431
v 0.805656 0.026064 -0.034790 0.76862745 0.56862745 0.53725490
v 0.783228 0.010301 -0.034790 0.66666667 0.50980392 0.47843137
v 0.781357 0.010265 -0.034790 0.65490196 0.49411765 0.45490196
v 0.786750 0.010241 -0.034790 0.64705882 0.49411765 0.47450980
v 0.777675 0.010396 -0.034790 0.67058824 0.52156863 0.48627451
v 0.798893 0.027305 -0.034790 0.83529412 0.60784314 0.58431373
v 0.798728 0.027348 -0.034790 0.82745098 0.60784314 0.58431373
v 0.821780 0.009957 -0.034790 0.67450980 0.49803922 0.47058824
v 0.818898 0.009701 -0.034790 0.68235294 0.49803922 0.47843137
v 0.803261 0.026353 -0.034790 0.76862745 0.56078431 0.52941176
v 0.811220 0.009590 -0.034790 0.64705882 0.49411765 0.48627451
v 0.793641 0.027882 -0.034790 0.83921569 0.62352941 0.60784314
v 0.808041 0.009666 -0.034790 0.64705882 0.50196078 0.50196078
v 0.816633 0.009643 -0.034790 0.67058824 0.49019608 0.46666667
v 0.813284 0.009532 -0.034790 0.66274510 0.49803922 0.47843137
v 0.800099 0.009807 -0.034790 0.66666667 0.51764706 0.47843137
v 0.797357 0.009819 -0.034790 0.64313725 0.51372549 0.46274510
v 0.788862 0.010127 -0.034790 0.65882353 0.50588235 0.48235294
v 0.792741 0.027945 -0.034790 0.83921569 0.62352941 0.60784314
v 0.789278 0.028806 -0.034790 0.82745098 0.61568627 0.58823529
v 0.786018 0.029171 -0.034790 0.81568627 0.61176471 0.58431373
v 0.784167 0.029210 -0.034790 0.81176471 0.60784314 0.58039216
v 0.794548 0.009899 -0.034790 0.65490196 0.50980392 0.47450980
v 0.792034 0.010020 -0.034790 0.64705882 0.50196078 0.47843137
v 0.805684 0.009674 -0.034790 0.67058824 0.51764706 0.50980392
v 0.802686 0.009713 -0.034790 0.67843137 0.52156863 0.49803922
v 0.826005 0.011190 -0.034790 0.73333333 0.52549020 0.50196078
v 0.825736 0.011081 -0.034790 0.70980392 0.51372549 0.49019608
v 0.829739 0.012915 -0.034790 0.75294118 0.53725490 0.52156863
v 0.832612 0.015500 -0.034790 0.75686275 0.54901961 0.53333333
v 0.833764 0.019110 -0.034790 0.74901961 0.54901961 0.53725490
v 0.833737 0.019834 -0.034790 0.68627451 0.53725490 0.52156863
v 0.830257 0.023314 -0.034790 0.78431373 0.56078431 0.56862745
v 0.827368 0.023630 -0.034790 0.74901961 0.54901961 0.54117647
v 0.824320 0.023793 -0.034790 0.74901961 0.54901961 0.53725490
v 0.831808 0.022611 -0.034790 0.77647059 0.55294118 0.56078431
v 0.817462 0.024445 -0.034790 0.81176471 0.59607843 0.56078431
v -0.835240 0.016647 -0.035678 0.72156863 0.53725490 0.52549020
v -0.824323 0.011189 -0.035012 0.73333333 0.56078431 0.54509804
v -0.807948 0.027564 -0.038019 0.83137255 0.60392157 0.58431373
v -0.807948 0.011189 -0.034884 0.72156863 0.52549020 0.51764706
v -0.802490 0.011189 -0.034880 0.70196078 0.50980392 0.49019608
v -0.633302 0.038461 -0.035556 0.90980392 0.91764706 0.95686275
v -0.611447 0.043939 -0.037961 0.91372549 0.91764706 0.96078431
v -0.630575 0.041188 -0.037120 0.89803922 0.90196078 0.94509804
v -0.641470 0.008451 -0.034795 0.88235294 0.88235294 0.93725490
v -0.660577 0.005714 -0.035875 0.85490196 0.85882353 0.90980392
v -0.638741 0.005722 -0.036224 0.85882353 0.85882353 0.92156863
v -0.636010 0.008460 -0.036249 0.88235294 0.88235294 0.94509804
v -0.605988 0.043939 -0.037415 0.90980392 0.90980392 0.95686275
v -0.633280 0.005730 -0.038644 0.86274510 0.85882353 0.92156863
v -0.633280 0.011189 -0.035708 0.87058824 0.87058824 0.92941176
v -0.655118 0.005715 -0.035435 0.85882353 0.86666667 0.91764706
v -0.600530 0.043939 -0.035469 0.92156863 0.92156863 0.96078431
v -0.597839 0.046635 -0.038097 0.93333333 0.93725490 0.96862745
v -0.652388 0.002988 -0.035876 0.83921569 0.83921569 0.88627451
v -0.649659 0.000260 -0.038468 0.81176471 0.81176471 0.85098039
v -0.630551 0.008460 -0.037703 0.85098039 0.85490196 0.90980392
v -0.646929 0.002990 -0.036656 0.83529412 0.83529412 0.88235294
v -0.630551 0.013918 -0.035326 0.85882353 0.86274510 0.92156863
v -0.627822 0.011189 -0.037142 0.85490196 0.85882353 0.91372549
v -0.644200 0.005720 -0.035555 0.86274510 0.85882353 0.91764706
v -0.625093 0.013918 -0.036322 0.87843137 0.88235294 0.93725490
v -0.641470 0.002992 -0.037168 0.83921569 0.83529412 0.89019608
v -0.605988 0.011189 -0.038457 0.85098039 0.85490196 0.91372549
v -0.622364 0.011189 -0.037941 0.87450980 0.87843137 0.92549020
v -0.666031 0.038481 -0.035421 0.94117647 0.94509804 0.97647059
v -0.663301 0.035751 -0.035217 0.92549020 0.94117647 0.96862745
v -0.655114 0.033022 -0.037320 0.92941176 0.93725490 0.96862745
v -0.649655 0.033022 -0.035421 0.93333333 0.94117647 0.96470588
v -0.646947 0.035733 -0.038633 0.93333333 0.94509804 0.96470588
v -0.622364 0.016647 -0.035314 0.87843137 0.88627451 0.93333333
v -0.619634 0.013918 -0.036769 0.87058824 0.87843137 0.92156863
v -0.641486 0.035735 -0.035243 0.93333333 0.94117647 0.96862745
v -0.616905 0.011189 -0.038635 0.86666667 0.87058824 0.91764706
v -0.616905 0.016647 -0.035434 0.87058824 0.87058824 0.91764706
v -0.614176 0.013918 -0.037068 0.85490196 0.86274510 0.91764706
v -0.608718 0.013918 -0.036524 0.85098039 0.85098039 0.91372549
v -0.625109 0.041195 -0.035209 0.91764706 0.92549020 0.96470588
v -0.622379 0.043925 -0.037884 0.91764706 0.92549020 0.96470588
v -0.616905 0.043939 -0.037181 0.91764706 0.92156863 0.96078431
v 0.613049 0.000354 -0.038233 0.90196078 0.90196078 0.94117647
v 0.610320 0.003083 -0.035172 0.90588235 0.90980392 0.94901961
v 0.604861 0.003083 -0.035712 0.90196078 0.89803922 0.94509804
v 0.643127 0.003026 -0.037389 0.82745098 0.82352941 0.88235294
v 0.599403 0.003083 -0.036167 0.89411765 0.89411765 0.94117647
v 0.648587 0.003024 -0.037919 0.84313725 0.83921569 0.89019608
v 0.651346 0.005724 -0.035764 0.92549020 0.92549020 0.95686275
v 0.637642 0.003053 -0.036852 0.82745098 0.81960784 0.88235294
v 0.656795 0.005733 -0.037250 0.92549020 0.93333333 0.94901961
v 0.645867 0.011204 -0.036345 0.92549020 0.92156863 0.95686275
v 0.654080 0.008449 -0.035891 0.95686275 0.95686275 0.97647059
v 0.656831 0.011158 -0.034960 0.94901961 0.95686275 0.96470588
v 0.632153 0.003083 -0.036130 0.84313725 0.83921569 0.89411765
v 0.634912 0.011241 -0.034974 0.90588235 0.90196078 0.94901961
v 0.640399 0.011213 -0.035513 0.90588235 0.90196078 0.95294118
v 0.643131 0.013941 -0.037741 0.91764706 0.91372549 0.96078431
v 0.637642 0.013970 -0.036612 0.90980392 0.90588235 0.95294118
v 0.599403 0.030373 -0.037769 0.94901961 0.95686275 0.97254902
v 0.618507 0.000354 -0.037985 0.89411765 0.89019608 0.93333333
v 0.623966 0.000354 -0.038603 0.85490196 0.85490196 0.90196078
v 0.602132 0.033104 -0.038498 0.95294118 0.96470588 0.97647059
v 0.615778 0.003083 -0.035261 0.90588235 0.90980392 0.94901961
v 0.596674 0.038562 -0.038621 0.91764706 0.91764706 0.95686275
v 0.607591 0.027646 -0.036015 0.94509804 0.95294118 0.96862745
v 0.626695 0.003083 -0.034956 0.88627451 0.88235294 0.92941176
v 0.610320 0.030375 -0.036340 0.93333333 0.93333333 0.96078431
v 0.604861 0.030375 -0.037065 0.95686275 0.96470588 0.97254902
v 0.632179 0.013975 -0.035550 0.90588235 0.90588235 0.94117647
v 0.607591 0.033104 -0.037464 0.95686275 0.96078431 0.97647059
v 0.626695 0.014000 -0.035168 0.91764706 0.91372549 0.96078431
v 0.613049 0.033104 -0.037121 0.92156863 0.91764706 0.95686275
v 0.629424 0.016729 -0.036563 0.90196078 0.89803922 0.94509804
v 0.610320 0.035833 -0.037831 0.93725490 0.94117647 0.96470588
v 0.634905 0.016707 -0.037580 0.89803922 0.89411765 0.93725490
v 0.615778 0.035833 -0.038183 0.91372549 0.90980392 0.95686275
v 0.632153 0.019458 -0.038251 0.89019608 0.88627451 0.93333333
v 0.623966 0.016729 -0.036126 0.89803922 0.89411765 0.94509804
v 0.613049 0.038562 -0.038334 0.91764706 0.91764706 0.95686275
v 0.626695 0.019458 -0.037336 0.90588235 0.89803922 0.95294118
v 0.621237 0.019458 -0.035974 0.90196078 0.89803922 0.95294118
v 0.623966 0.022187 -0.037379 0.90980392 0.90588235 0.96078431
v 0.629424 0.022187 -0.038517 0.90588235 0.90196078 0.94901961
v 0.626695 0.024916 -0.038506 0.91372549 0.90588235 0.95686275
v 0.651333 0.011197 -0.036530 0.95686275 0.95686275 0.97647059
v 0.654075 0.013914 -0.036647 0.95294118 0.96078431 0.96862745
v 0.648594 0.013936 -0.038107 0.94509804 0.94509804 0.97254902
v 0.654070 0.024838 -0.037406 0.93725490 0.93725490 0.96862745
v 0.654025 0.030340 -0.037483 0.92549020 0.92156863 0.96078431
v 0.656742 0.033080 -0.035069 0.92156863 0.91764706 0.95294118
v 0.610320 0.024916 -0.034929 0.92549020 0.92549020 0.95686275
v 0.604861 0.024916 -0.035179 0.95686275 0.96078431 0.97254902
v 0.618507 0.022187 -0.035834 0.91764706 0.91372549 0.96078431
v 0.621236 0.024916 -0.037133 0.91764706 0.91372549 0.96470588
v 0.615778 0.024916 -0.035789 0.91764706 0.90980392 0.96470588
v 0.618507 0.027646 -0.036899 0.91372549 0.91372549 0.96862745
v 0.623966 0.027646 -0.038547 0.91372549 0.91372549 0.96862745
v 0.621236 0.030375 -0.038530 0.90980392 0.90980392 0.96470588
v 0.613049 0.027646 -0.035778 0.91372549 0.90980392 0.95686275
v 0.615778 0.030375 -0.036817 0.91372549 0.90980392 0.96078431
v 0.618507 0.033104 -0.038296 0.90980392 0.90588235 0.96078431
v 0.596674 0.022186 -0.035668 0.96078431 0.96470588 0.97647059
v 0.599403 0.024915 -0.036091 0.96078431 0.96862745 0.97254902
v 0.602132 0.027646 -0.036539 0.95686275 0.96470588 0.96862745
v -0.829794 0.016635 -0.030931 0.72941176 0.52156863 0.51372549
v -0.830436 0.017301 -0.030931 0.74117647 0.52941176 0.52549020
v -0.829399 0.021723 -0.030931 0.79215686 0.60000000 0.57647059
v -0.829651 0.016517 -0.030931 0.72549020 0.50980392 0.50588235
v -0.826183 0.014787 -0.030931 0.72941176 0.53333333 0.50980392
v -0.821616 0.013897 -0.030931 0.68235294 0.50588235 0.48627451
v -0.821562 0.013886 -0.030931 0.68627451 0.50980392 0.48627451
v -0.802281 0.027355 -0.030931 0.82352941 0.60392157 0.58039216
v -0.797473 0.028006 -0.030931 0.82352941 0.61568627 0.58039216
v -0.796445 0.028151 -0.030931 0.82745098 0.62745098 0.58823529
v -0.792801 0.028792 -0.030931 0.85098039 0.64705882 0.60784314
v -0.798885 0.013042 -0.030931 0.67058824 0.49019608 0.46666667
v -0.794916 0.013304 -0.030931 0.69019608 0.51372549 0.49019608
v -0.793745 0.013361 -0.030931 0.68627451 0.50980392 0.48627451
v -0.789147 0.013615 -0.030931 0.69019608 0.52156863 0.49019608
v -0.641197 0.030564 -0.030931 0.91372549 0.92156863 0.97254902
v -0.636860 0.031144 -0.030931 0.89411765 0.89803922 0.95686275
v -0.634696 0.031607 -0.030931 0.89019608 0.89411765 0.95294118
v -0.631535 0.031277 -0.030931 0.89411765 0.90196078 0.96078431
v -0.788564 0.013638 -0.030931 0.68627451 0.51764706 0.48627451
v -0.629142 0.034342 -0.030931 0.91372549 0.91764706 0.96470588
v -0.783779 0.013524 -0.030931 0.69411765 0.52156863 0.48627451
v -0.783015 0.013547 -0.030931 0.68235294 0.51372549 0.47843137
v -0.778202 0.013643 -0.030931 0.68627451 0.51372549 0.48235294
v -0.625868 0.036526 -0.030931 0.92549020 0.92941176 0.96470588
v -0.790233 0.028904 -0.030931 0.85882353 0.65098039 0.61960784
v -0.604437 0.036929 -0.030931 0.90980392 0.91372549 0.95686275
v -0.601448 0.037563 -0.030931 0.90588235 0.90588235 0.95294118
v -0.639154 0.021690 -0.030931 0.89803922 0.90588235 0.95686275
v -0.787726 0.029175 -0.030931 0.86666667 0.65490196 0.62745098
v -0.638614 0.021981 -0.030931 0.89411765 0.90196078 0.95294118
v -0.784299 0.029380 -0.030931 0.86666667 0.66666667 0.63137255
v -0.600104 0.038054 -0.030931 0.90588235 0.90588235 0.95294118
v -0.782293 0.029201 -0.030931 0.85882353 0.66666667 0.62352941
v -0.635650 0.024475 -0.030931 0.87450980 0.88627451 0.94117647
v -0.595906 0.039315 -0.030931 0.91764706 0.91372549 0.95686275
v -0.664120 0.009264 -0.030931 0.85882353 0.87058824 0.92156863
v -0.661705 0.012310 -0.030931 0.88235294 0.89019608 0.94117647
v -0.631961 0.026245 -0.030931 0.87843137 0.88235294 0.93725490
v -0.825028 0.022810 -0.030931 0.74117647 0.56078431 0.53725490
v -0.657903 0.013964 -0.030931 0.90196078 0.90980392 0.96862745
v -0.823318 0.023111 -0.030931 0.75686275 0.57254902 0.54117647
v -0.820394 0.023635 -0.030931 0.75294118 0.57647059 0.54117647
v -0.657815 0.013938 -0.030931 0.90196078 0.90980392 0.96862745
v -0.628893 0.026493 -0.030931 0.88627451 0.89411765 0.94509804
v -0.816498 0.024472 -0.030931 0.76078431 0.57254902 0.54117647
v -0.626609 0.026351 -0.030931 0.89019608 0.89803922 0.94901961
v -0.815843 0.024542 -0.030931 0.76470588 0.57254902 0.54509804
v -0.810919 0.025076 -0.030931 0.80000000 0.58431373 0.55294118
v -0.623504 0.026423 -0.030931 0.88627451 0.89019608 0.94117647
v -0.653010 0.014530 -0.030931 0.89019608 0.90196078 0.95686275
v -0.619762 0.024707 -0.030931 0.87450980 0.87450980 0.92941176
v -0.619229 0.024429 -0.030931 0.87450980 0.87450980 0.92549020
v -0.616208 0.022803 -0.030931 0.86274510 0.85882353 0.90980392
v -0.612482 0.021070 -0.030931 0.85490196 0.85098039 0.90196078
v -0.651555 0.014741 -0.030931 0.89019608 0.90196078 0.95294118
v -0.810273 0.025239 -0.030931 0.80784314 0.59215686 0.56078431
v -0.608725 0.019384 -0.030931 0.83921569 0.83921569 0.88627451
v -0.648249 0.015230 -0.030931 0.90196078 0.91372549 0.95686275
v -0.623881 0.036963 -0.030931 0.92941176 0.93725490 0.96862745
v -0.816904 0.013149 -0.030931 0.72941176 0.54117647 0.52156863
v -0.664875 0.031866 -0.030931 0.92549020 0.93725490 0.97254902
v -0.621087 0.037204 -0.030931 0.93725490 0.94509804 0.97254902
v -0.617310 0.038076 -0.030931 0.92549020 0.93725490 0.96470588
v -0.616368 0.037943 -0.030931 0.92156863 0.93333333 0.96470588
v -0.663133 0.030462 -0.030931 0.92549020 0.93725490 0.97647059
v -0.815423 0.013206 -0.030931 0.74901961 0.54901961 0.53725490
v -0.612527 0.037400 -0.030931 0.92156863 0.92941176 0.96470588
v -0.659528 0.028608 -0.030931 0.92549020 0.93333333 0.97254902
v -0.610083 0.037117 -0.030931 0.92156863 0.92549020 0.96470588
v -0.655145 0.027533 -0.030931 0.92156863 0.92549020 0.97254902
v -0.607574 0.036895 -0.030931 0.91764706 0.92156863 0.96470588
v -0.655093 0.027543 -0.030931 0.92156863 0.92941176 0.97647059
v -0.811339 0.013256 -0.030931 0.71764706 0.52941176 0.52156863
v -0.608715 0.019379 -0.030931 0.83921569 0.83921569 0.88627451
v -0.650339 0.028248 -0.030931 0.92941176 0.93725490 0.97647059
v -0.604886 0.017749 -0.030931 0.83137255 0.82745098 0.87843137
v -0.644950 0.017391 -0.030931 0.91372549 0.92549020 0.96470588
v -0.642101 0.020010 -0.030931 0.90588235 0.91764706 0.96470588
v -0.810043 0.013283 -0.030931 0.71372549 0.53333333 0.52941176
v -0.648919 0.028300 -0.030931 0.92941176 0.93725490 0.97647059
v -0.646104 0.029471 -0.030931 0.92156863 0.93333333 0.97254902
v -0.805950 0.013187 -0.030931 0.65490196 0.48627451 0.47843137
v -0.804435 0.013134 -0.030931 0.64705882 0.47450980 0.46274510
v -0.641623 0.030449 -0.030931 0.92156863 0.92941176 0.97254902
v -0.800564 0.013114 -0.030931 0.66274510 0.48627451 0.46666667
v -0.806290 0.025906 -0.030931 0.81176471 0.59607843 0.56862745
v -0.803082 0.026972 -0.030931 0.81568627 0.59607843 0.57254902
v 0.660573 0.014771 -0.030931 0.94509804 0.95686275 0.96078431
v 0.659713 0.019196 -0.030931 0.94117647 0.95294118 0.96078431
v 0.659735 0.019522 -0.030931 0.94117647 0.95294118 0.96078431
v 0.660160 0.024206 -0.030931 0.93725490 0.94117647 0.96078431
v 0.660030 0.025409 -0.030931 0.93333333 0.93333333 0.96078431
v 0.660556 0.029267 -0.030931 0.90980392 0.90980392 0.94117647
v 0.820510 0.022169 -0.030931 0.73333333 0.56078431 0.54117647
v 0.820479 0.022175 -0.030931 0.73333333 0.56078431 0.53725490
v 0.811243 0.023745 -0.030931 0.74117647 0.56078431 0.53725490
v 0.807526 0.024216 -0.030931 0.74509804 0.56078431 0.52941176
v 0.787021 0.011967 -0.030931 0.67450980 0.51372549 0.49019608
v 0.819317 0.012420 -0.030931 0.70980392 0.50588235 0.48627451
v 0.815614 0.011869 -0.030931 0.72156863 0.52156863 0.49803922
v 0.814429 0.011846 -0.030931 0.70588235 0.51764706 0.49019608
v 0.810379 0.012061 -0.030931 0.69019608 0.51372549 0.49411765
v 0.798267 0.011638 -0.030931 0.67843137 0.51372549 0.47058824
v 0.793709 0.011665 -0.030931 0.65882353 0.50196078 0.47450980
v 0.792690 0.011757 -0.030931 0.65882353 0.50196078 0.48235294
v 0.783179 0.012055 -0.030931 0.67450980 0.51764706 0.48235294
v 0.788489 0.011921 -0.030931 0.66666667 0.50980392 0.49019608
v 0.808842 0.011972 -0.030931 0.68235294 0.50980392 0.49019608
v 0.804667 0.011755 -0.030931 0.69411765 0.52156863 0.50196078
v 0.803645 0.011715 -0.030931 0.69019608 0.52156863 0.49803922
v 0.781456 0.012074 -0.030931 0.69019608 0.52549020 0.49019608
v 0.799163 0.011638 -0.030931 0.68627451 0.51764706 0.47843137
v 0.777976 0.012310 -0.030931 0.69411765 0.54117647 0.50980392
v 0.775241 0.012831 -0.030931 0.67843137 0.55294118 0.51764706
v 0.794200 0.026498 -0.030931 0.81176471 0.62352941 0.60000000
v 0.792595 0.026748 -0.030931 0.82352941 0.62352941 0.59607843
v 0.806455 0.024378 -0.030931 0.74117647 0.55686275 0.52549020
v 0.801437 0.024862 -0.030931 0.79607843 0.60000000 0.56078431
v 0.823913 0.013283 -0.030931 0.72549020 0.52156863 0.49411765
v 0.821853 0.012657 -0.030931 0.71372549 0.50980392 0.48235294
v 0.827511 0.015143 -0.030931 0.75294118 0.52941176 0.49411765
v 0.829577 0.018535 -0.030931 0.77254902 0.57254902 0.54117647
v 0.828934 0.019738 -0.030931 0.73725490 0.56862745 0.53333333
v 0.827090 0.021022 -0.030931 0.68627451 0.53725490 0.51372549
v 0.801395 0.024872 -0.030931 0.79607843 0.60000000 0.56078431
v 0.797191 0.025942 -0.030931 0.81176471 0.62352941 0.59607843
v 0.825228 0.021485 -0.030931 0.70196078 0.54117647 0.52156863
v 0.815904 0.023005 -0.030931 0.73725490 0.56470588 0.53725490
v 0.813746 0.023450 -0.030931 0.72156863 0.55686275 0.54117647
v 0.788219 0.026958 -0.030931 0.82745098 0.62352941 0.59215686
v 0.787483 0.026996 -0.030931 0.82352941 0.62352941 0.59607843
v 0.782796 0.027899 -0.030931 0.82352941 0.62352941 0.59215686
v -0.835240 0.022106 -0.034698 0.78039216 0.60392157 0.58431373
v -0.832511 0.019376 -0.031427 0.76470588 0.57647059 0.56078431
v -0.829782 0.022106 -0.031258 0.77647059 0.60000000 0.57647059
v -0.827053 0.013918 -0.031902 0.73725490 0.54901961 0.52549020
v -0.818865 0.011189 -0.033844 0.72156863 0.54509804 0.53725490
v -0.802490 0.027564 -0.031349 0.81176471 0.59215686 0.56862745
v -0.794316 0.030254 -0.034009 0.84313725 0.65098039 0.60392157
v -0.821594 0.024835 -0.033654 0.74901961 0.55686275 0.53725490
v -0.788844 0.030293 -0.032682 0.85882353 0.64313725 0.61176471
v -0.816136 0.024835 -0.031343 0.74901961 0.56078431 0.53333333
v -0.638739 0.033022 -0.031855 0.90980392 0.91764706 0.96470588
v -0.783385 0.030293 -0.033045 0.85098039 0.64705882 0.61176471
v -0.636025 0.035737 -0.033355 0.90588235 0.91372549 0.96470588
v -0.813406 0.011189 -0.033954 0.70980392 0.52941176 0.52941176
v -0.807948 0.011189 -0.034271 0.69411765 0.52156863 0.51764706
v -0.663305 0.008447 -0.032139 0.85882353 0.86666667 0.91372549
v -0.633280 0.033022 -0.031184 0.90196078 0.90588235 0.96078431
v -0.660576 0.011177 -0.031630 0.88235294 0.88627451 0.94117647
v -0.630551 0.035752 -0.031956 0.91372549 0.91764706 0.96470588
v -0.608718 0.041210 -0.034778 0.90980392 0.91372549 0.95686275
v -0.657846 0.013907 -0.030951 0.90196078 0.90980392 0.96862745
v -0.627839 0.038465 -0.033438 0.91764706 0.92549020 0.96078431
v -0.657847 0.008444 -0.033775 0.87843137 0.87843137 0.93725490
v -0.605988 0.038481 -0.031857 0.91372549 0.91372549 0.95686275
v -0.655118 0.011175 -0.032333 0.88235294 0.89019608 0.94901961
v -0.652388 0.008446 -0.033529 0.86274510 0.87450980 0.92549020
v -0.646929 0.013909 -0.031625 0.90196078 0.90980392 0.95686275
v -0.603259 0.041210 -0.033614 0.90588235 0.90980392 0.95294118
v -0.644200 0.011180 -0.032921 0.89019608 0.89803922 0.94509804
v -0.644197 0.016647 -0.031297 0.90980392 0.91764706 0.96078431
v -0.600530 0.038481 -0.031234 0.90588235 0.90588235 0.95294118
v -0.652388 0.013907 -0.031228 0.89019608 0.89803922 0.95294118
v -0.597801 0.041210 -0.032705 0.91764706 0.91372549 0.95686275
v -0.641470 0.013910 -0.033076 0.90196078 0.90588235 0.95686275
v -0.638739 0.011189 -0.034464 0.89019608 0.89803922 0.95294118
v -0.641468 0.019376 -0.031221 0.90588235 0.91372549 0.96078431
v -0.638739 0.016647 -0.032580 0.90196078 0.90588235 0.95686275
v -0.649659 0.011178 -0.032358 0.87843137 0.88627451 0.94117647
v -0.603275 0.013861 -0.034272 0.83921569 0.84313725 0.89019608
v -0.636009 0.013918 -0.034160 0.88627451 0.89411765 0.94901961
v -0.649659 0.005718 -0.034663 0.84705882 0.85490196 0.90588235
v -0.636009 0.019376 -0.032222 0.87843137 0.88627451 0.94117647
v -0.646929 0.008449 -0.033620 0.87058824 0.87843137 0.92941176
v -0.633280 0.016647 -0.033702 0.87058824 0.87450980 0.92941176
v -0.633280 0.022106 -0.031951 0.87058824 0.87450980 0.93333333
v -0.668760 0.035752 -0.031734 0.94117647 0.94901961 0.97647059
v -0.630551 0.019376 -0.033317 0.86666667 0.87450980 0.92941176
v -0.666031 0.033022 -0.031080 0.92549020 0.94117647 0.97254902
v -0.660572 0.033022 -0.034703 0.91764706 0.92941176 0.96470588
v -0.627822 0.016647 -0.034744 0.87450980 0.87843137 0.93333333
v -0.657843 0.030293 -0.034396 0.92941176 0.93725490 0.97254902
v -0.655114 0.027564 -0.030952 0.92549020 0.92941176 0.97254902
v -0.630551 0.024835 -0.031539 0.87843137 0.88235294 0.93725490
v -0.652385 0.030293 -0.032453 0.92549020 0.93333333 0.96470588
v -0.627822 0.022106 -0.032706 0.87843137 0.88627451 0.94117647
v -0.625093 0.024835 -0.031663 0.89019608 0.89411765 0.94901961
v -0.625093 0.019376 -0.034191 0.87843137 0.88627451 0.94117647
v -0.622363 0.022106 -0.032843 0.87843137 0.88627451 0.93725490
v -0.646926 0.030293 -0.031745 0.92941176 0.93725490 0.96862745
v -0.619634 0.019376 -0.034257 0.87450980 0.87843137 0.92549020
v -0.616905 0.022106 -0.031705 0.86666667 0.86666667 0.91764706
v -0.644197 0.033022 -0.033350 0.92941176 0.94117647 0.97254902
v -0.614176 0.019376 -0.033028 0.86274510 0.85882353 0.90980392
v -0.611447 0.016647 -0.034528 0.85882353 0.85490196 0.90980392
v -0.608718 0.019376 -0.030935 0.84313725 0.83921569 0.89019608
v -0.605989 0.016647 -0.032580 0.83921569 0.84313725 0.89019608
v -0.622364 0.038481 -0.032014 0.93333333 0.94117647 0.97647059
v -0.619634 0.041210 -0.033690 0.92156863 0.92941176 0.96862745
v -0.616905 0.038481 -0.031193 0.92549020 0.93333333 0.96470588
v -0.614176 0.041210 -0.033816 0.91372549 0.92156863 0.96078431
v -0.611447 0.038481 -0.031716 0.91764706 0.92549020 0.96078431
v 0.640400 0.005753 -0.034634 0.86666667 0.85882353 0.91764706
v 0.662299 0.005689 -0.034365 0.93725490 0.94509804 0.96470588
v 0.645866 0.005745 -0.034658 0.87450980 0.86666667 0.91372549
v 0.659572 0.008416 -0.034683 0.94901961 0.95686275 0.96862745
v 0.648605 0.008466 -0.034205 0.93725490 0.93725490 0.96862745
v 0.643137 0.008475 -0.033857 0.89803922 0.89411765 0.94117647
v 0.634914 0.005781 -0.034066 0.87843137 0.87450980 0.92941176
v 0.637669 0.008485 -0.033525 0.89803922 0.89411765 0.94901961
v 0.629424 0.005812 -0.033580 0.90588235 0.90588235 0.94901961
v 0.632182 0.008513 -0.033541 0.90980392 0.90980392 0.95686275
v 0.621236 0.003083 -0.034476 0.90196078 0.90196078 0.94509804
v 0.618507 0.005812 -0.033396 0.90980392 0.90980392 0.95294118
v 0.623966 0.005812 -0.033490 0.91372549 0.91372549 0.95686275
v 0.626695 0.008541 -0.033281 0.91764706 0.91764706 0.96078431
v 0.621236 0.008541 -0.033101 0.90588235 0.90588235 0.94901961
v 0.623966 0.011271 -0.033904 0.90980392 0.90980392 0.95686275
v 0.613049 0.005812 -0.033676 0.90588235 0.90196078 0.94901961
v 0.615778 0.008541 -0.032906 0.90196078 0.89803922 0.94117647
v 0.607590 0.005812 -0.033720 0.90588235 0.90588235 0.94901961
v 0.610320 0.008541 -0.032895 0.89803922 0.89803922 0.94117647
v 0.613049 0.011270 -0.032832 0.90980392 0.90588235 0.95294118
v 0.618507 0.011271 -0.033248 0.89803922 0.89411765 0.94117647
v 0.621237 0.014000 -0.034715 0.89803922 0.89411765 0.94509804
v 0.602132 0.005812 -0.034073 0.90196078 0.90588235 0.94901961
v 0.604861 0.008541 -0.033051 0.90980392 0.90980392 0.94901961
v 0.615778 0.014000 -0.034062 0.91372549 0.90980392 0.95686275
v 0.618507 0.016729 -0.034613 0.89803922 0.89803922 0.94901961
v 0.599404 0.008540 -0.032648 0.90588235 0.90196078 0.94901961
v 0.602132 0.011270 -0.032146 0.90980392 0.90588235 0.94901961
v 0.629449 0.011246 -0.034447 0.91764706 0.91764706 0.95686275
v 0.659627 0.013824 -0.032288 0.95294118 0.95686275 0.96470588
v 0.656843 0.016606 -0.034748 0.94901961 0.96078431 0.96470588
v 0.659563 0.019345 -0.031100 0.94509804 0.95294118 0.96470588
v 0.656807 0.022102 -0.034151 0.94509804 0.94901961 0.96862745
v 0.659501 0.024864 -0.031457 0.93725490 0.93725490 0.96078431
v 0.656776 0.027590 -0.033778 0.92941176 0.92941176 0.96078431
v 0.599403 0.013998 -0.032303 0.92156863 0.92156863 0.95686275
v 0.659471 0.030351 -0.032046 0.91372549 0.91372549 0.94901961
v 0.607591 0.011271 -0.032915 0.90588235 0.90588235 0.94509804
v 0.610320 0.014000 -0.032989 0.91372549 0.90980392 0.95686275
v 0.604861 0.014000 -0.032474 0.92156863 0.91372549 0.95686275
v 0.607590 0.016729 -0.033085 0.93333333 0.92549020 0.96862745
v 0.613049 0.016729 -0.033627 0.91372549 0.91372549 0.95686275
v 0.615778 0.019458 -0.034666 0.90980392 0.90196078 0.95294118
v 0.610320 0.019458 -0.033697 0.92941176 0.92549020 0.96470588
v 0.613049 0.022187 -0.034599 0.91764706 0.90980392 0.95686275
v 0.602133 0.016727 -0.032817 0.93333333 0.93333333 0.96470588
v 0.604861 0.019458 -0.033366 0.94901961 0.94901961 0.97647059
v 0.599403 0.019457 -0.034162 0.95294118 0.96078431 0.97647059
v 0.602132 0.022186 -0.034606 0.95686275 0.96470588 0.97647059
v 0.607591 0.022187 -0.034164 0.94117647 0.94509804 0.96862745
v 0.820467 0.011270 -0.032137 0.69411765 0.50196078 0.47450980
v 0.809569 0.011242 -0.031751 0.67058824 0.50980392 0.49411765
v 0.812407 0.024793 -0.032854 0.76862745 0.58039216 0.56470588
v 0.806948 0.024796 -0.031611 0.78039216 0.56470588 0.52549020
v 0.782307 0.011223 -0.032218 0.67450980 0.51764706 0.48235294
v 0.787778 0.011211 -0.031987 0.65490196 0.50196078 0.48627451
v 0.815011 0.011264 -0.031485 0.69411765 0.50588235 0.48235294
v 0.776858 0.011213 -0.032717 0.66666667 0.53725490 0.50196078
v 0.798732 0.011174 -0.031531 0.67058824 0.51372549 0.47058824
v 0.793271 0.027402 -0.032999 0.82745098 0.62352941 0.60784314
v 0.793239 0.011208 -0.031647 0.65098039 0.50588235 0.47450980
v 0.804140 0.011221 -0.031504 0.67450980 0.51764706 0.49803922
v 0.787810 0.027368 -0.031365 0.82352941 0.61960784 0.58823529
v 0.825925 0.011271 -0.034524 0.70980392 0.50980392 0.48627451
v 0.828654 0.014000 -0.032139 0.74509804 0.51764706 0.49019608
v 0.831384 0.016729 -0.032198 0.78431373 0.56078431 0.55294118
v 0.831384 0.022187 -0.033766 0.70588235 0.53333333 0.53725490
v 0.825928 0.022185 -0.031751 0.71372549 0.53333333 0.52549020
v -0.773518 0.029244 -0.030931 0.85098039 0.64313725 0.60392157
v -0.734141 0.035632 -0.030931 0.83137255 0.69019608 0.66666667
v -0.771485 0.029309 -0.030931 0.85098039 0.63921569 0.60000000
v 0.667023 0.033716 -0.030931 0.93725490 0.93725490 0.94901961
v 0.684287 -0.005406 -0.030931 0.85490196 0.82745098 0.86274510
v -0.761874 0.029965 -0.030931 0.86274510 0.66274510 0.61960784
v 0.684002 -0.005360 -0.030931 0.85490196 0.83529412 0.87843137
v 0.781886 0.027909 -0.030931 0.81960784 0.61960784 0.58823529
v -0.777682 0.013673 -0.030931 0.68627451 0.51372549 0.48235294
v -0.725198 0.037606 -0.030931 0.85098039 0.68627451 0.63921569
v 0.771490 0.027483 -0.030931 0.85098039 0.64705882 0.60000000
v -0.767460 0.013469 -0.030931 0.67843137 0.51764706 0.48627451
v -0.720673 0.038422 -0.030931 0.86666667 0.68627451 0.64705882
v 0.771359 0.027481 -0.030931 0.84705882 0.64313725 0.59607843
v 0.767929 0.013097 -0.030931 0.69019608 0.53333333 0.48235294
v 0.675804 0.035861 -0.030931 0.86666667 0.86274510 0.89019608
v 0.760987 0.027663 -0.030931 0.87058824 0.65490196 0.61960784
v 0.668881 0.034301 -0.030931 0.93333333 0.92941176 0.93725490
v 0.695615 -0.005798 -0.030931 0.83921569 0.77254902 0.78431373
v 0.712473 -0.000828 -0.030931 0.80392157 0.66666667 0.64705882
v 0.694315 -0.005937 -0.030931 0.84705882 0.80784314 0.83137255
v -0.766536 0.013444 -0.030931 0.68235294 0.52156863 0.48627451
v 0.682850 0.037088 -0.030931 0.90980392 0.90980392 0.93725490
v 0.708638 -0.002359 -0.030931 0.81568627 0.70196078 0.69019608
v 0.704551 -0.003815 -0.030931 0.82745098 0.74117647 0.74509804
v 0.720227 0.002322 -0.030931 0.80000000 0.65098039 0.61960784
v -0.715768 0.039093 -0.030931 0.85098039 0.68235294 0.63529412
v -0.757260 0.012752 -0.030931 0.78039216 0.60392157 0.56078431
v 0.727835 0.005610 -0.030931 0.79215686 0.62352941 0.57647059
v 0.675747 -0.002732 -0.030931 0.85098039 0.84705882 0.90980392
v -0.754560 0.012384 -0.030931 0.76862745 0.60784314 0.56470588
v 0.727361 0.005422 -0.030931 0.79607843 0.63921569 0.60000000
v -0.725162 0.004819 -0.030931 0.76470588 0.59215686 0.55294118
v -0.761290 0.030022 -0.030931 0.86666667 0.67058824 0.62352941
v 0.735824 0.008490 -0.030931 0.77254902 0.60000000 0.54509804
v 0.744606 0.010570 -0.030931 0.75686275 0.58431373 0.52941176
v -0.751843 0.031496 -0.030931 0.85882353 0.67058824 0.63137255
v 0.743349 0.010306 -0.030931 0.76470588 0.58431373 0.52941176
v -0.722577 0.003768 -0.030931 0.75686275 0.59215686 0.55686275
v 0.669012 0.001427 -0.030931 0.91372549 0.91764706 0.95294118
v 0.753918 0.012165 -0.030931 0.68627451 0.52549020 0.47058824
v -0.714811 0.000617 -0.030931 0.75686275 0.60784314 0.57647059
v 0.764131 0.012973 -0.030931 0.67843137 0.52549020 0.48235294
v 0.663644 0.006993 -0.030931 0.94901961 0.94901961 0.96862745
v 0.756501 0.012499 -0.030931 0.67843137 0.51372549 0.46666667
v -0.707145 -0.002281 -0.030931 0.76470588 0.62745098 0.60000000
v -0.706879 -0.002368 -0.030931 0.77254902 0.64313725 0.62352941
v 0.760047 0.027731 -0.030931 0.86666667 0.64705882 0.61176471
v 0.751559 0.029112 -0.030931 0.85098039 0.66274510 0.63137255
v -0.747593 0.011502 -0.030931 0.76470588 0.60000000 0.54901961
v 0.746384 0.030507 -0.030931 0.82745098 0.66274510 0.63529412
v -0.741748 0.010489 -0.030931 0.79215686 0.61568627 0.57647059
v 0.742773 0.031328 -0.030931 0.79607843 0.64313725 0.61176471
v -0.738469 0.009709 -0.030931 0.78431373 0.61176471 0.56862745
v 0.732030 0.033993 -0.030931 0.88235294 0.68627451 0.66274510
v -0.708395 0.039783 -0.030931 0.85490196 0.67058824 0.63921569
v 0.725051 0.035572 -0.030931 0.87843137 0.69411765 0.62352941
v 0.733992 0.033522 -0.030931 0.87450980 0.68235294 0.65882353
v 0.706064 0.038277 -0.030931 0.81176471 0.69803922 0.67058824
v -0.730401 0.006860 -0.030931 0.77254902 0.60000000 0.56078431
v -0.705651 0.039893 -0.030931 0.84705882 0.66666667 0.61960784
v -0.697668 0.039593 -0.030931 0.77647059 0.66274510 0.65098039
v 0.705906 0.038284 -0.030931 0.80784314 0.69411765 0.67058824
v -0.694298 0.039456 -0.030931 0.84313725 0.78823529 0.80392157
v 0.685258 0.037318 -0.030931 0.92156863 0.92549020 0.95294118
v -0.687332 0.039012 -0.030931 0.90588235 0.90588235 0.94117647
v -0.748653 0.032272 -0.030931 0.86666667 0.69803922 0.65098039
v 0.695660 0.037813 -0.030931 0.92156863 0.92941176 0.95686275
v -0.682297 0.038372 -0.030931 0.93333333 0.94901961 0.97254902
v 0.694519 0.037740 -0.030931 0.92549020 0.92941176 0.96078431
v -0.742843 0.033417 -0.030931 0.87843137 0.70980392 0.67450980
v -0.677936 0.037492 -0.030931 0.94901961 0.95294118 0.97647059
v -0.734458 0.035553 -0.030931 0.83529412 0.69411765 0.67058824
v 0.718433 0.036761 -0.030931 0.88235294 0.70980392 0.64313725
v -0.669318 0.035194 -0.030931 0.93725490 0.94901961 0.97647059
v 0.715710 0.037211 -0.030931 0.89019608 0.70980392 0.65490196
v -0.697966 -0.004372 -0.030931 0.76862745 0.63921569 0.61568627
v -0.693899 -0.004610 -0.030931 0.77254902 0.65098039 0.62745098
v -0.686661 -0.003983 -0.030931 0.79215686 0.70980392 0.70196078
v -0.684094 -0.003498 -0.030931 0.83137255 0.82352941 0.85882353
v -0.676009 -0.000666 -0.030931 0.84705882 0.85098039 0.89411765
v -0.669398 0.003630 -0.030931 0.85098039 0.85882353 0.90196078
v -0.734260 0.035752 -0.031148 0.84705882 0.69411765 0.67058824
v -0.772469 0.030293 -0.032237 0.85098039 0.63137255 0.59607843
v -0.717885 0.041210 -0.037120 0.85882353 0.69019608 0.63137255
v -0.761554 0.030286 -0.031272 0.85882353 0.65490196 0.61568627
v -0.706968 0.041210 -0.034274 0.84705882 0.67058824 0.61960784
v -0.750635 0.008460 -0.037931 0.75686275 0.59215686 0.54901961
v -0.696052 0.041210 -0.034391 0.81960784 0.74509804 0.74901961
v -0.685135 0.041210 -0.034892 0.91372549 0.91372549 0.94901961
v -0.739719 0.008460 -0.034724 0.76862745 0.60000000 0.55686275
v -0.674231 0.041198 -0.036017 0.94901961 0.95294118 0.97647059
v -0.745177 0.035751 -0.035222 0.83137255 0.67843137 0.63529412
v 0.684116 -0.005227 -0.034861 0.84705882 0.81960784 0.85882353
v 0.662175 0.038562 -0.036419 0.85490196 0.84705882 0.86274510
v 0.695006 -0.005188 -0.033839 0.83921569 0.78039216 0.80000000
v -0.668762 0.002993 -0.033733 0.84705882 0.85098039 0.90196078
v 0.673163 0.038498 -0.034409 0.90196078 0.89803922 0.93333333
v 0.684202 0.038376 -0.032818 0.92941176 0.93333333 0.96470588
v 0.766018 0.011086 -0.032964 0.68235294 0.54509804 0.48627451
v 0.755044 0.011047 -0.032403 0.67843137 0.52549020 0.47450980
v 0.711314 0.000331 -0.035531 0.80784314 0.68627451 0.66666667
v 0.744189 0.032696 -0.033183 0.84313725 0.65882353 0.61960784
v 0.705982 0.038360 -0.031129 0.81176471 0.70196078 0.68235294
v 0.695129 0.038343 -0.032124 0.92941176 0.93333333 0.96078431
v 0.716866 0.038330 -0.034057 0.88627451 0.69803922 0.64313725
v -0.608253 0.025299 -0.027071 0.90588235 0.90980392 0.94901961
v -0.608383 0.029958 -0.027071 0.94117647 0.95294118 0.96862745
v -0.604393 0.023701 -0.027071 0.91372549 0.91372549 0.94509804
v -0.600768 0.021867 -0.027071 0.91372549 0.91764706 0.95686275
v -0.604659 0.028894 -0.027071 0.94509804 0.95294118 0.96862745
v -0.600841 0.027253 -0.027071 0.94509804 0.94509804 0.96862745
v -0.599540 0.026574 -0.027071 0.93725490 0.94117647 0.96862745
v -0.783768 0.018994 -0.027071 0.75686275 0.56470588 0.53725490
v -0.785946 0.021937 -0.027071 0.78823529 0.58823529 0.56078431
v -0.782936 0.018927 -0.027071 0.74117647 0.55686275 0.52941176
v -0.783253 0.019509 -0.027071 0.76470588 0.57254902 0.54901961
v -0.667562 0.026032 -0.027071 0.92156863 0.93333333 0.97254902
v -0.665558 0.022578 -0.027071 0.91764706 0.92941176 0.97647059
v -0.665299 0.021374 -0.027071 0.91764706 0.92549020 0.97254902
v -0.667049 0.012200 -0.027071 0.87843137 0.89019608 0.93725490
v -0.665588 0.016196 -0.027071 0.89411765 0.90588235 0.95294118
v -0.665298 0.017375 -0.027071 0.89803922 0.90980392 0.95686275
v -0.829782 0.016647 -0.030918 0.72941176 0.51372549 0.50980392
v -0.827052 0.019376 -0.029478 0.76470588 0.54901961 0.55294118
v -0.824323 0.016647 -0.029469 0.71372549 0.50196078 0.48627451
v -0.821594 0.013918 -0.030910 0.68627451 0.50588235 0.48627451
v -0.625093 0.035751 -0.030341 0.92156863 0.92941176 0.96470588
v -0.622364 0.033022 -0.029704 0.92156863 0.92941176 0.96470588
v -0.619634 0.035752 -0.029952 0.94117647 0.94901961 0.97254902
v -0.663303 0.019369 -0.027922 0.91372549 0.92156863 0.96862745
v -0.660574 0.016640 -0.029800 0.91372549 0.91764706 0.96862745
v -0.660574 0.022099 -0.028785 0.92156863 0.92941176 0.97647059
v -0.657845 0.019369 -0.029469 0.92156863 0.92549020 0.97647059
v -0.619634 0.030293 -0.029259 0.90196078 0.90980392 0.94509804
v -0.616905 0.033022 -0.029062 0.94509804 0.95686275 0.97254902
v -0.614176 0.035751 -0.030039 0.93333333 0.94509804 0.96862745
v -0.616905 0.027564 -0.028745 0.87450980 0.87843137 0.91764706
v -0.655116 0.016638 -0.030151 0.89803922 0.91372549 0.96470588
v -0.614176 0.030293 -0.028012 0.93725490 0.94509804 0.96470588
v -0.657843 0.024835 -0.029453 0.92156863 0.92941176 0.97647059
v -0.655116 0.022099 -0.029533 0.91372549 0.92156863 0.97254902
v -0.614176 0.024835 -0.028906 0.84705882 0.85098039 0.89411765
v -0.652386 0.019370 -0.030550 0.90588235 0.91764706 0.96470588
v -0.611447 0.027564 -0.027358 0.91372549 0.92156863 0.94901961
v -0.824323 0.022106 -0.030176 0.76078431 0.56078431 0.53333333
v -0.649658 0.016639 -0.030484 0.90196078 0.91372549 0.96078431
v -0.821594 0.019376 -0.028812 0.74901961 0.54509804 0.50980392
v -0.818865 0.016647 -0.028839 0.72156863 0.53333333 0.49803922
v -0.611447 0.033022 -0.028418 0.94117647 0.94901961 0.97647059
v -0.818865 0.022106 -0.029300 0.75294118 0.55686275 0.51764706
v -0.608718 0.030293 -0.027156 0.94117647 0.94901961 0.97254902
v -0.663301 0.030293 -0.030714 0.92549020 0.93725490 0.97254902
v -0.660572 0.027564 -0.030096 0.92156863 0.92941176 0.97254902
v -0.816136 0.019376 -0.028568 0.76862745 0.57254902 0.54901961
v -0.608718 0.035751 -0.030194 0.92549020 0.92941176 0.96862745
v -0.652385 0.024835 -0.029440 0.92156863 0.92941176 0.97254902
v -0.813407 0.022106 -0.028941 0.76470588 0.56470588 0.54509804
v -0.605988 0.033022 -0.028681 0.93333333 0.93333333 0.96862745
v -0.603259 0.035752 -0.030342 0.91372549 0.91372549 0.95686275
v -0.810677 0.024835 -0.030646 0.80000000 0.58823529 0.55686275
v -0.649655 0.022106 -0.029605 0.92156863 0.93333333 0.97254902
v -0.649655 0.027564 -0.030630 0.92941176 0.93725490 0.98039216
v -0.611447 0.022106 -0.029716 0.84705882 0.84313725 0.89411765
v -0.816136 0.013918 -0.030282 0.73725490 0.54901961 0.52941176
v -0.608718 0.024835 -0.027300 0.89019608 0.89019608 0.93333333
v -0.813407 0.016647 -0.028834 0.75294118 0.54901961 0.53333333
v -0.605988 0.022106 -0.027927 0.86274510 0.85490196 0.90588235
v -0.810677 0.013918 -0.030350 0.72156863 0.53725490 0.52549020
v -0.603275 0.019322 -0.028823 0.83529412 0.82745098 0.88235294
v -0.810677 0.019376 -0.028487 0.77647059 0.56078431 0.55294118
v -0.646926 0.024835 -0.029573 0.92549020 0.93333333 0.97647059
v -0.807948 0.016647 -0.028805 0.73333333 0.52941176 0.50980392
v -0.646926 0.019376 -0.030202 0.91764706 0.92941176 0.96862745
v -0.807948 0.022106 -0.028461 0.76078431 0.56078431 0.54117647
v -0.644197 0.022106 -0.030119 0.91764706 0.92549020 0.96862745
v -0.603259 0.030293 -0.027801 0.93333333 0.93725490 0.96078431
v -0.805219 0.019376 -0.028040 0.74117647 0.53333333 0.50196078
v -0.600530 0.027564 -0.027220 0.94117647 0.94117647 0.96862745
v -0.805219 0.013918 -0.030182 0.65882353 0.49019608 0.47843137
v -0.600530 0.033022 -0.029237 0.90980392 0.91372549 0.95294118
v -0.802490 0.016647 -0.028562 0.70588235 0.50980392 0.47843137
v -0.799761 0.013918 -0.030023 0.67843137 0.49803922 0.47843137
v -0.805219 0.024835 -0.029823 0.79607843 0.58039216 0.55294118
v -0.597801 0.030293 -0.028089 0.90588235 0.90588235 0.94509804
v -0.802490 0.022106 -0.027997 0.76078431 0.54117647 0.50980392
v -0.644197 0.027564 -0.029892 0.91764706 0.92549020 0.97647059
v -0.799761 0.024835 -0.028463 0.80000000 0.57647059 0.54117647
v -0.641468 0.030293 -0.030838 0.91372549 0.92156863 0.97254902
v -0.641468 0.024835 -0.030032 0.90980392 0.91764706 0.96470588
v -0.799761 0.019376 -0.027481 0.75294118 0.53725490 0.50588235
v -0.638739 0.022106 -0.030874 0.89803922 0.90196078 0.95686275
v -0.638739 0.027564 -0.030190 0.89411765 0.90196078 0.96078431
v -0.797031 0.016647 -0.028135 0.72941176 0.52941176 0.50588235
v -0.597801 0.035751 -0.029714 0.90588235 0.90588235 0.95294118
v -0.797032 0.022106 -0.027496 0.78823529 0.56862745 0.53725490
v -0.794302 0.019376 -0.027485 0.76078431 0.56078431 0.52941176
v -0.636009 0.024835 -0.030796 0.87843137 0.89019608 0.94509804
v -0.797031 0.027564 -0.030422 0.82352941 0.62352941 0.58039216
v -0.794302 0.024835 -0.028104 0.80784314 0.60000000 0.56470588
v -0.791573 0.022106 -0.027245 0.78431373 0.57647059 0.54117647
v -0.595072 0.033022 -0.028928 0.90196078 0.89803922 0.94901961
v -0.636009 0.030293 -0.030714 0.88627451 0.89019608 0.95294118
v -0.791573 0.027564 -0.029586 0.84313725 0.63921569 0.60392157
v -0.788844 0.024835 -0.027956 0.81960784 0.61176471 0.58039216
v -0.633280 0.027564 -0.030570 0.87843137 0.88235294 0.94117647
v -0.595072 0.038481 -0.030290 0.91372549 0.91372549 0.95686275
v -0.630551 0.030293 -0.030847 0.89411765 0.90196078 0.95686275
v -0.794302 0.013918 -0.030266 0.70196078 0.51764706 0.49803922
v -0.627822 0.033022 -0.030381 0.90588235 0.91372549 0.96078431
v -0.791573 0.016647 -0.028217 0.72156863 0.53333333 0.49411765
v -0.788844 0.013918 -0.030576 0.69803922 0.52156863 0.49019608
v -0.627822 0.027564 -0.030580 0.89411765 0.89803922 0.95294118
v -0.625093 0.030293 -0.030294 0.90196078 0.90588235 0.95294118
v -0.622363 0.027564 -0.030377 0.88235294 0.88627451 0.93725490
v -0.788844 0.019376 -0.027525 0.75294118 0.56078431 0.51764706
v -0.619634 0.024835 -0.030823 0.87450980 0.87450980 0.92941176
v -0.786115 0.016647 -0.028297 0.71372549 0.52549020 0.47843137
v -0.786115 0.022106 -0.027173 0.79607843 0.59215686 0.56470588
v -0.783386 0.013918 -0.030433 0.70588235 0.52549020 0.49411765
v -0.780656 0.016647 -0.028157 0.72549020 0.53333333 0.50588235
v -0.777927 0.013918 -0.030558 0.70588235 0.52549020 0.49803922
v -0.786115 0.027564 -0.029198 0.86274510 0.66274510 0.62745098
v -0.783386 0.024835 -0.027987 0.82745098 0.63137255 0.60000000
v -0.780656 0.022106 -0.027291 0.77254902 0.58039216 0.55294118
v -0.780656 0.027564 -0.029389 0.83921569 0.65490196 0.61176471
v -0.777927 0.024835 -0.027710 0.80784314 0.61960784 0.58431373
v -0.666031 0.027564 -0.028134 0.92941176 0.94117647 0.97647059
v -0.663301 0.024835 -0.028231 0.92549020 0.93333333 0.97647059
v -0.666033 0.011181 -0.028333 0.87450980 0.88627451 0.93333333
v -0.663303 0.013911 -0.029660 0.88627451 0.89411765 0.94509804
v 0.662311 0.016586 -0.028640 0.93725490 0.94901961 0.95686275
v 0.817738 0.014000 -0.029660 0.74117647 0.52941176 0.50980392
v 0.812293 0.013983 -0.029511 0.71372549 0.52156863 0.50196078
v 0.815012 0.016724 -0.028582 0.75686275 0.54117647 0.51764706
v 0.795980 0.013926 -0.028752 0.68235294 0.49803922 0.46666667
v 0.790555 0.013881 -0.029027 0.69019608 0.50980392 0.49803922
v 0.793298 0.016582 -0.027731 0.74901961 0.53333333 0.50980392
v 0.806867 0.013952 -0.029305 0.72549020 0.52549020 0.50196078
v 0.801412 0.013952 -0.029008 0.72156863 0.53333333 0.50196078
v 0.804119 0.016702 -0.028037 0.75294118 0.54117647 0.51372549
v 0.809569 0.016707 -0.028399 0.73333333 0.53725490 0.50588235
v 0.812292 0.019444 -0.028545 0.74901961 0.55294118 0.51764706
v 0.806833 0.019446 -0.028227 0.75294118 0.55294118 0.51764706
v 0.809587 0.022150 -0.029436 0.74509804 0.55294118 0.52549020
v 0.798686 0.016678 -0.027859 0.73725490 0.54117647 0.51372549
v 0.801379 0.019443 -0.027977 0.78431373 0.56470588 0.54117647
v 0.795967 0.019376 -0.027379 0.79215686 0.57647059 0.56078431
v 0.798693 0.022108 -0.028191 0.81568627 0.60392157 0.58431373
v 0.804147 0.022135 -0.028800 0.78823529 0.57647059 0.53725490
v 0.801421 0.024847 -0.030908 0.79215686 0.60392157 0.56470588
v 0.823196 0.014000 -0.030184 0.73725490 0.52549020 0.50196078
v 0.825925 0.016729 -0.029814 0.76862745 0.55294118 0.51372549
v 0.828654 0.019458 -0.030711 0.74901961 0.56862745 0.53333333
v 0.820469 0.016726 -0.029036 0.76470588 0.55686275 0.52156863
v 0.823199 0.019454 -0.029334 0.75294118 0.58039216 0.54509804
v 0.817746 0.019447 -0.028724 0.76470588 0.56862745 0.53725490
v 0.820497 0.022157 -0.030914 0.72941176 0.56470588 0.54117647
v 0.815041 0.022150 -0.029920 0.72156863 0.56470588 0.54117647
v 0.785087 0.013889 -0.029124 0.69411765 0.51764706 0.48627451
v 0.779602 0.013917 -0.029327 0.69803922 0.52941176 0.49803922
v 0.782370 0.016603 -0.027860 0.72549020 0.54117647 0.50588235
v 0.787848 0.016583 -0.027772 0.75686275 0.56078431 0.52549020
v 0.790554 0.019298 -0.027377 0.79215686 0.58039216 0.54509804
v 0.785109 0.019285 -0.027393 0.78039216 0.58039216 0.54509804
v 0.787817 0.021988 -0.027633 0.80784314 0.60784314 0.58039216
v 0.774151 0.013920 -0.030118 0.69803922 0.53725490 0.50588235
v 0.776878 0.016642 -0.028353 0.71764706 0.53725490 0.50196078
v 0.779604 0.019351 -0.027642 0.74509804 0.54509804 0.51764706
v 0.771408 0.016638 -0.028262 0.72941176 0.54901961 0.50588235
v 0.774134 0.019371 -0.027777 0.76862745 0.56862745 0.52941176
v 0.776858 0.022097 -0.027380 0.79215686 0.58823529 0.55294118
v 0.782346 0.022045 -0.027648 0.79607843 0.58823529 0.56862745
v 0.785068 0.024715 -0.028606 0.83921569 0.63529412 0.60392157
v 0.779592 0.024781 -0.028553 0.83137255 0.61568627 0.58431373
v 0.782332 0.027456 -0.030350 0.83137255 0.63137255 0.60000000
v 0.793252 0.022050 -0.027866 0.81568627 0.59607843 0.56078431
v 0.795989 0.024762 -0.029472 0.81568627 0.61960784 0.59607843
v 0.790548 0.024696 -0.028801 0.82745098 0.61568627 0.57647059
v -0.605988 0.027564 -0.026747 0.94509804 0.95294118 0.96862745
v -0.603259 0.024835 -0.026819 0.94509804 0.94509804 0.96470588
v -0.600530 0.022106 -0.026986 0.91764706 0.92156863 0.96078431
v -0.783385 0.019376 -0.026978 0.76470588 0.56862745 0.54117647
v -0.668760 0.024835 -0.026239 0.91764706 0.93333333 0.96862745
v -0.666031 0.022106 -0.026837 0.91764706 0.92941176 0.97254902
v -0.668760 0.013918 -0.024981 0.89019608 0.90196078 0.94509804
v -0.666032 0.016641 -0.026702 0.89411765 0.90980392 0.95294118
v -0.734689 0.024406 -0.023211 0.78431373 0.58823529 0.55294118
v -0.734354 0.024929 -0.023211 0.80000000 0.60784314 0.57254902
v -0.733149 0.015029 -0.023211 0.81176471 0.62745098 0.58039216
v -0.678323 0.001648 -0.023211 0.88235294 0.88235294 0.93725490
v -0.729826 0.029269 -0.023211 0.86666667 0.68627451 0.64705882
v -0.673152 0.007394 -0.023211 0.87450980 0.87843137 0.91764706
v -0.728243 0.029735 -0.023211 0.87058824 0.69019608 0.65490196
v -0.671260 0.011418 -0.023211 0.87843137 0.89019608 0.93333333
v -0.720886 0.033294 -0.023211 0.86666667 0.69803922 0.65882353
v -0.712928 0.035250 -0.023211 0.83529412 0.67058824 0.62352941
v -0.676726 0.027785 -0.023211 0.94117647 0.95294118 0.97254902
v -0.728354 0.008907 -0.023211 0.76862745 0.58431373 0.54509804
v -0.672015 0.021580 -0.023211 0.90588235 0.91764706 0.94901961
v -0.722599 0.003746 -0.023211 0.74509804 0.57254902 0.53333333
v -0.670567 0.015725 -0.023211 0.89803922 0.90980392 0.94901961
v -0.715945 -0.000517 -0.023211 0.74509804 0.58039216 0.54509804
v -0.708209 -0.003697 -0.023211 0.74509804 0.58823529 0.55294118
v -0.712044 0.035369 -0.023211 0.82745098 0.66666667 0.61568627
v 0.705986 -0.005251 -0.023211 0.81960784 0.69411765 0.67843137
v -0.701576 0.035817 -0.023211 0.83137255 0.68235294 0.64313725
v 0.705720 -0.005319 -0.023211 0.82352941 0.71764706 0.70588235
v -0.701450 0.035812 -0.023211 0.82745098 0.68235294 0.64313725
v -0.691841 0.034503 -0.023211 0.80784314 0.75294118 0.77254902
v 0.696311 -0.006496 -0.023211 0.83137255 0.74509804 0.74509804
v -0.688423 0.033581 -0.023211 0.85490196 0.83921569 0.85490196
v 0.693912 -0.006431 -0.023211 0.84705882 0.78823529 0.80000000
v -0.683664 0.031764 -0.023211 0.94509804 0.95294118 0.96862745
v 0.689800 0.032747 -0.023211 0.69411765 0.68627451 0.71764706
v 0.684953 -0.004552 -0.023211 0.89019608 0.89411765 0.92156863
v 0.713803 -0.002153 -0.023211 0.80784314 0.66666667 0.64313725
v 0.689430 0.032659 -0.023211 0.77254902 0.76078431 0.79607843
v 0.682267 -0.003432 -0.023211 0.90980392 0.90980392 0.93725490
v 0.674706 0.026021 -0.023211 0.92941176 0.93333333 0.96470588
v 0.720364 0.002197 -0.023211 0.79607843 0.63921569 0.60784314
v 0.677723 -0.000814 -0.023211 0.92156863 0.93333333 0.95294118
v 0.681610 0.030038 -0.023211 0.86666667 0.86274510 0.88627451
v 0.672252 0.004618 -0.023211 0.94117647 0.94509804 0.96078431
v 0.726033 0.007420 -0.023211 0.78431373 0.60392157 0.56470588
v -0.704919 -0.004507 -0.023211 0.74509804 0.59607843 0.56078431
v 0.730756 0.013566 -0.023211 0.83529412 0.63921569 0.58431373
v 0.669960 0.008877 -0.023211 0.94509804 0.94901961 0.96862745
v 0.669131 0.012465 -0.023211 0.94117647 0.94117647 0.96862745
v -0.698585 -0.004990 -0.023211 0.76078431 0.61176471 0.57254902
v 0.733093 0.021880 -0.023211 0.84705882 0.65882353 0.60000000
v -0.693860 -0.004649 -0.023211 0.76470588 0.60784314 0.56078431
v 0.670311 0.019484 -0.023211 0.93725490 0.93725490 0.96470588
v -0.685337 -0.002255 -0.023211 0.75686275 0.64313725 0.61568627
v 0.727473 0.027128 -0.023211 0.87450980 0.69411765 0.64313725
v -0.684654 -0.001976 -0.023211 0.75294118 0.65490196 0.63529412
v 0.699504 0.033917 -0.023211 0.68627451 0.65490196 0.66666667
v 0.701544 0.033942 -0.023211 0.68235294 0.63137255 0.63137255
v 0.720388 0.031008 -0.023211 0.85098039 0.67450980 0.63137255
v 0.711687 0.033235 -0.023211 0.85882353 0.70980392 0.65098039
v 0.710941 0.033350 -0.023211 0.85098039 0.70588235 0.64313725
v -0.772469 0.019376 -0.027690 0.75294118 0.54901961 0.52156863
v -0.767013 0.024827 -0.027963 0.80784314 0.62352941 0.58823529
v -0.761556 0.019365 -0.027488 0.77254902 0.58431373 0.53725490
v -0.756100 0.024817 -0.027335 0.82745098 0.62745098 0.58823529
v -0.756094 0.013918 -0.029699 0.80000000 0.62352941 0.58039216
v -0.767010 0.013918 -0.030447 0.71372549 0.53725490 0.50980392
v -0.750637 0.019370 -0.026589 0.74509804 0.55294118 0.50980392
v -0.674218 0.030293 -0.025838 0.94117647 0.95294118 0.97647059
v -0.750637 0.030288 -0.029540 0.86274510 0.68627451 0.63529412
v -0.745179 0.024830 -0.025915 0.83921569 0.65490196 0.61960784
v -0.745177 0.013918 -0.028279 0.80000000 0.61568627 0.57254902
v -0.739719 0.019376 -0.024653 0.81176471 0.61960784 0.58823529
v -0.734260 0.013918 -0.024451 0.81176471 0.63137255 0.58431373
v -0.728802 0.008460 -0.024634 0.78039216 0.60392157 0.56078431
v 0.705885 -0.005150 -0.023986 0.81960784 0.70980392 0.70196078
v -0.739719 0.030293 -0.027370 0.89019608 0.70980392 0.67843137
v 0.667683 0.022132 -0.025579 0.91764706 0.91372549 0.94901961
v 0.684130 -0.005266 -0.028649 0.86274510 0.84313725 0.87843137
v -0.728802 0.030293 -0.023920 0.87450980 0.69803922 0.65882353
v 0.662212 0.027610 -0.029736 0.90980392 0.91372549 0.94509804
v 0.689658 0.032890 -0.023457 0.65882353 0.65098039 0.67843137
v 0.673176 0.027553 -0.024818 0.92156863 0.92156863 0.95686275
v 0.744112 0.011063 -0.030275 0.77254902 0.58431373 0.53725490
v 0.667672 0.033068 -0.030357 0.94117647 0.93725490 0.94901961
v 0.678719 0.032948 -0.027066 0.90588235 0.90196078 0.92156863
v 0.667795 0.011086 -0.024585 0.94117647 0.94509804 0.96470588
v -0.723343 0.035751 -0.027276 0.85490196 0.69411765 0.65882353
v 0.749591 0.016463 -0.027684 0.80784314 0.60392157 0.56470588
v 0.722298 0.032898 -0.026119 0.88627451 0.69411765 0.64313725
v -0.712427 0.035751 -0.023890 0.82745098 0.66274510 0.61568627
v 0.760507 0.016556 -0.028714 0.77254902 0.57647059 0.54117647
v 0.765922 0.022090 -0.028203 0.82352941 0.61176471 0.58431373
v 0.760560 0.027242 -0.030533 0.87450980 0.66274510 0.62352941
v 0.755065 0.021881 -0.027785 0.82352941 0.61176471 0.58823529
v -0.706968 -0.002457 -0.030535 0.75686275 0.61568627 0.58823529
v 0.771424 0.027418 -0.030861 0.84313725 0.65098039 0.59607843
v -0.690593 0.035751 -0.025357 0.89019608 0.87058824 0.89803922
v -0.679677 0.035751 -0.028572 0.94901961 0.95686275 0.97647059
v 0.727692 0.005753 -0.030191 0.80392157 0.63137255 0.58823529
v 0.733172 0.011140 -0.026290 0.81960784 0.63137255 0.57254902
v -0.685135 -0.002457 -0.024045 0.76862745 0.66666667 0.63921569
v 0.738664 0.016496 -0.025467 0.85098039 0.66274510 0.61568627
v 0.744148 0.021881 -0.026051 0.85882353 0.67843137 0.63529412
v 0.733198 0.021984 -0.023265 0.85882353 0.67843137 0.61960784
v 0.738696 0.027328 -0.026683 0.88235294 0.69803922 0.64705882
v 0.749635 0.027265 -0.029035 0.88627451 0.68235294 0.63921569
v 0.727757 0.027397 -0.023527 0.87450980 0.69803922 0.64705882
v 0.733244 0.032777 -0.029799 0.85490196 0.67450980 0.65490196
v -0.726478 0.010783 -0.015492 0.72941176 0.53725490 0.50196078
v -0.726567 0.017141 -0.015492 0.79607843 0.60000000 0.56078431
v -0.722761 0.003583 -0.015492 0.71372549 0.53725490 0.50196078
v -0.722570 0.024062 -0.015492 0.84313725 0.65882353 0.61176471
v -0.716648 -0.001219 -0.015492 0.72549020 0.55686275 0.51764706
v -0.708653 -0.004142 -0.015492 0.73333333 0.56862745 0.53333333
v -0.716459 0.028867 -0.015492 0.83921569 0.65098039 0.61176471
v 0.706456 -0.005723 -0.015492 0.81176471 0.67058824 0.64705882
v -0.707749 0.031074 -0.015492 0.87058824 0.70196078 0.65490196
v 0.681360 0.019241 -0.015492 0.92941176 0.92941176 0.95294118
v 0.705269 -0.005904 -0.015492 0.82745098 0.70196078 0.68235294
v -0.706078 0.031184 -0.015492 0.86274510 0.70196078 0.65490196
v 0.686946 0.024610 -0.015492 0.92941176 0.92156863 0.95294118
v 0.695148 -0.005350 -0.015492 0.83137255 0.73333333 0.72941176
v -0.696472 0.029873 -0.015492 0.76470588 0.62352941 0.58039216
v 0.695086 -0.005338 -0.015492 0.82745098 0.72549020 0.70980392
v 0.694521 0.027926 -0.015492 0.83137255 0.80392157 0.81176471
v -0.695254 0.029495 -0.015492 0.84705882 0.68627451 0.63529412
v 0.687274 -0.002292 -0.015492 0.91372549 0.90588235 0.94901961
v 0.695920 0.028276 -0.015492 0.72156863 0.68235294 0.69411765
v -0.688986 0.026442 -0.015492 0.85882353 0.76862745 0.74509804
v 0.681600 0.002993 -0.015492 0.94509804 0.94509804 0.96470588
v 0.678599 0.010985 -0.015492 0.93725490 0.94117647 0.96078431
v -0.683435 0.021076 -0.015492 0.90196078 0.86666667 0.87058824
v 0.678598 0.011087 -0.015492 0.93725490 0.93725490 0.95686275
v 0.714656 -0.003006 -0.015492 0.79607843 0.63921569 0.60784314
v -0.704821 -0.004605 -0.015492 0.71764706 0.55686275 0.50980392
v -0.697289 -0.003694 -0.015492 0.76862745 0.60784314 0.56078431
v 0.720738 0.001820 -0.015492 0.78431373 0.61568627 0.58431373
v -0.695295 -0.003213 -0.015492 0.77647059 0.61176471 0.57254902
v 0.724351 0.009127 -0.015492 0.71372549 0.52549020 0.49411765
v -0.687985 0.000393 -0.015492 0.80000000 0.65490196 0.60392157
v 0.724686 0.013682 -0.015492 0.74117647 0.55294118 0.51764706
v -0.682709 0.006034 -0.015492 0.80784314 0.71764706 0.70588235
v 0.721426 0.021230 -0.015492 0.81568627 0.62352941 0.58039216
v -0.680497 0.013098 -0.015492 0.86666667 0.81960784 0.84313725
v 0.715600 0.026205 -0.015492 0.83921569 0.69411765 0.64705882
v -0.680681 0.014922 -0.015492 0.88235294 0.85490196 0.89019608
v 0.707484 0.028985 -0.015492 0.63529412 0.53333333 0.50588235
v 0.704095 0.029242 -0.015492 0.68627451 0.58039216 0.54901961
v -0.679676 0.003001 -0.020433 0.87058824 0.85098039 0.89019608
v -0.734260 0.024835 -0.023145 0.80784314 0.61176471 0.57647059
v -0.674218 0.008460 -0.021670 0.87450980 0.88235294 0.92549020
v -0.728802 0.019376 -0.019184 0.85098039 0.66666667 0.62352941
v -0.723343 0.024835 -0.017024 0.85490196 0.67450980 0.62352941
v -0.679676 0.024835 -0.019753 0.93725490 0.94901961 0.97254902
v -0.674218 0.019376 -0.021040 0.89019608 0.90196078 0.93725490
v -0.717885 0.030293 -0.018363 0.85882353 0.66666667 0.62745098
v -0.701510 0.035751 -0.023107 0.82352941 0.68627451 0.64313725
v -0.696052 0.030293 -0.016188 0.74509804 0.60392157 0.56470588
v -0.685135 0.030293 -0.021058 0.91372549 0.90588235 0.91372549
v 0.678693 0.000128 -0.020954 0.93725490 0.93725490 0.95686275
v 0.727703 0.016638 -0.020101 0.80784314 0.61960784 0.57647059
v 0.678662 0.022011 -0.018544 0.92549020 0.92941176 0.95686275
v 0.673206 0.005592 -0.021597 0.93725490 0.94509804 0.96078431
v 0.684180 0.027457 -0.019512 0.90980392 0.90588235 0.94509804
v 0.722257 0.022062 -0.017150 0.85882353 0.66274510 0.61176471
v 0.716818 0.027461 -0.017847 0.85882353 0.70196078 0.65098039
v 0.673167 0.016591 -0.020279 0.93333333 0.94117647 0.96078431
v -0.679677 0.013918 -0.016123 0.87058824 0.83921569 0.87843137
v 0.700510 0.032874 -0.021538 0.62745098 0.58431373 0.58823529
v 0.711374 0.032917 -0.022657 0.85098039 0.70588235 0.64313725
v -0.729327 0.007931 -0.007773 0.77647059 0.57647059 0.56470588
v -0.707822 -0.003311 -0.007773 0.73725490 0.56862745 0.52941176
v -0.729358 0.009010 -0.007773 0.47058824 0.34117647 0.32549020
v -0.706208 -0.003218 -0.007773 0.74901961 0.57254902 0.54117647
v -0.725211 0.001134 -0.007773 0.63137255 0.47450980 0.43529412
v -0.698025 -0.000484 -0.007773 0.76862745 0.61176471 0.55686275
v -0.718143 -0.002199 -0.007773 0.69411765 0.52941176 0.49019608
v -0.692382 0.004790 -0.007773 0.82745098 0.68235294 0.63921569
v -0.726087 0.016657 -0.007773 0.70980392 0.49411765 0.46274510
v -0.690432 0.013757 -0.007773 0.84705882 0.72549020 0.68235294
v -0.720695 0.022187 -0.007773 0.84313725 0.62745098 0.58431373
v 0.705617 -0.004885 -0.007773 0.79607843 0.63137255 0.59215686
v -0.690486 0.014025 -0.007773 0.86274510 0.74117647 0.70196078
v 0.697559 -0.003024 -0.007773 0.86666667 0.70588235 0.68235294
v -0.717730 -0.002302 -0.007773 0.72549020 0.55686275 0.51764706
v 0.691274 0.001634 -0.007773 0.90980392 0.85882353 0.85490196
v -0.712904 0.025313 -0.007773 0.87058824 0.70588235 0.67843137
v -0.711686 0.025575 -0.007773 0.86666667 0.70980392 0.68235294
v 0.688291 0.009631 -0.007773 0.90588235 0.86666667 0.86666667
v -0.701648 0.024973 -0.007773 0.74117647 0.62352941 0.59607843
v -0.701436 0.024908 -0.007773 0.86666667 0.72156863 0.67843137
v 0.688535 0.012053 -0.007773 0.92156863 0.90196078 0.92156863
v -0.694701 0.020727 -0.007773 0.87450980 0.73725490 0.69803922
v 0.723198 -0.000635 -0.007773 0.76862745 0.59215686 0.55686275
v 0.719027 -0.002886 -0.007773 0.78431373 0.61568627 0.58039216
v 0.715645 -0.003997 -0.007773 0.78431373 0.62352941 0.58823529
v 0.706277 -0.004952 -0.007773 0.79607843 0.63137255 0.59607843
v 0.727681 0.005801 -0.007773 0.85098039 0.65098039 0.61960784
v 0.727682 0.005808 -0.007773 0.81960784 0.62745098 0.59607843
v 0.725016 0.014004 -0.007773 0.82352941 0.63529412 0.59215686
v 0.719764 0.019511 -0.007773 0.79215686 0.63137255 0.61568627
v 0.712423 0.022969 -0.007773 0.59215686 0.49411765 0.47843137
v 0.692748 0.018722 -0.007773 0.92156863 0.89019608 0.90980392
v 0.699491 0.022904 -0.007773 0.85490196 0.72549020 0.68627451
v 0.709691 0.023610 -0.007773 0.63529412 0.54117647 0.51764706
v 0.702085 0.023549 -0.007773 0.72549020 0.61568627 0.58039216
v -0.696052 -0.002457 -0.013188 0.76470588 0.60392157 0.56078431
v -0.728803 0.008456 -0.008425 0.67450980 0.49803922 0.46666667
v -0.690593 0.003001 -0.010668 0.81568627 0.67058824 0.62352941
v -0.723343 0.003001 -0.012790 0.68627451 0.51764706 0.48235294
v -0.685135 0.008460 -0.012415 0.81960784 0.69411765 0.64313725
v -0.685135 0.019376 -0.013475 0.85098039 0.76862745 0.76078431
v -0.706968 0.030293 -0.014198 0.87058824 0.70980392 0.66274510
v 0.705978 -0.005245 -0.009563 0.81176471 0.65882353 0.62745098
v -0.690593 0.024835 -0.013209 0.89019608 0.77254902 0.74117647
v 0.695111 -0.005313 -0.015397 0.82352941 0.72941176 0.71764706
v 0.689694 0.000063 -0.010597 0.89803922 0.87450980 0.89019608
v 0.722223 0.000337 -0.010056 0.79607843 0.61960784 0.58823529
v 0.684135 0.005512 -0.011925 0.94509804 0.94117647 0.95686275
v 0.727678 0.005804 -0.007777 0.79607843 0.61176471 0.58039216
v 0.678650 0.011035 -0.015449 0.93725490 0.94117647 0.96078431
v 0.684099 0.016483 -0.012336 0.94117647 0.93333333 0.96078431
v 0.689573 0.021932 -0.011866 0.93725490 0.93333333 0.94509804
v 0.695041 0.027406 -0.014713 0.85490196 0.80784314 0.81176471
v 0.705929 0.027378 -0.012928 0.66274510 0.55686275 0.52549020
v -0.739872 0.008282 -0.000054 0.71764706 0.53725490 0.50588235
v -0.739822 0.008518 -0.000054 0.67843137 0.42352941 0.42352941
v -0.734901 0.014484 -0.000054 0.75294118 0.46666667 0.47843137
v -0.736538 0.000723 -0.000054 0.67843137 0.50588235 0.46274510
v -0.728912 -0.002568 -0.000054 0.71372549 0.53725490 0.49803922
v -0.728652 -0.002607 -0.000054 0.71764706 0.54509804 0.50588235
v -0.717893 -0.002465 -0.000054 0.72156863 0.54901961 0.50980392
v -0.717879 -0.002463 -0.000054 0.73333333 0.55686275 0.51764706
v 0.739047 0.005356 -0.000054 0.79607843 0.57647059 0.55686275
v 0.738986 0.006207 -0.000054 0.75294118 0.58823529 0.55294118
v -0.731990 0.016155 -0.000054 0.80784314 0.53333333 0.52549020
v 0.734805 -0.001318 -0.000054 0.66274510 0.50196078 0.49411765
v 0.728872 -0.003934 -0.000054 0.66274510 0.49803922 0.47450980
v -0.727433 0.017986 -0.000054 0.86274510 0.62745098 0.60392157
v 0.726913 -0.004343 -0.000054 0.73333333 0.56470588 0.53333333
v 0.717805 -0.004314 -0.000054 0.76470588 0.60000000 0.56078431
v -0.718736 0.020221 -0.000054 0.89019608 0.71764706 0.70196078
v 0.715602 -0.003952 -0.000054 0.76470588 0.59607843 0.56078431
v 0.708950 -0.002487 -0.000054 0.82352941 0.65882353 0.61568627
v -0.709094 -0.000331 -0.000054 0.74117647 0.57647059 0.52941176
v -0.702690 0.004182 -0.000054 0.80392157 0.65098039 0.60392157
v 0.729076 0.015290 -0.000054 0.82745098 0.66666667 0.63921569
v 0.726993 0.015968 -0.000054 0.81568627 0.65490196 0.61960784
v -0.716746 0.020512 -0.000054 0.86274510 0.70980392 0.68235294
v 0.702057 0.001415 -0.000054 0.89411765 0.71764706 0.68235294
v -0.707170 0.019175 -0.000054 0.87058824 0.72156863 0.67058824
v 0.699378 0.009727 -0.000054 0.87450980 0.72549020 0.67450980
v -0.701594 0.013834 -0.000054 0.85882353 0.71372549 0.67058824
v 0.718349 0.018081 -0.000054 0.50980392 0.43529412 0.41568627
v 0.714779 0.018572 -0.000054 0.68627451 0.58431373 0.54901961
v 0.707129 0.017591 -0.000054 0.78823529 0.65882353 0.61568627
v 0.734431 0.012559 -0.000054 0.82745098 0.65490196 0.63137255
v 0.699964 0.011599 -0.000054 0.88235294 0.72549020 0.67058824
v 0.705437 0.017018 -0.000054 0.90588235 0.74901961 0.69019608
v -0.739729 0.008426 -0.000125 0.72549020 0.54509804 0.51372549
v -0.734276 0.013868 -0.001200 0.74117647 0.45882353 0.47058824
v -0.706968 -0.002457 -0.005431 0.73725490 0.56862745 0.52549020
v -0.734261 0.002999 -0.002701 0.62352941 0.47450980 0.43921569
v -0.701510 0.003001 -0.001647 0.80000000 0.65098039 0.60000000
v -0.728802 -0.002457 -0.000294 0.74117647 0.55294118 0.50980392
v -0.696052 0.008460 -0.003591 0.85882353 0.70980392 0.66274510
v -0.717885 -0.002457 -0.000091 0.70980392 0.54117647 0.50196078
v -0.690593 0.013918 -0.007678 0.85882353 0.73725490 0.69411765
v 0.700660 0.000055 -0.002011 0.88627451 0.71764706 0.68627451
v 0.695130 0.005499 -0.003114 0.88627451 0.75686275 0.71372549
v 0.689606 0.010984 -0.006869 0.92156863 0.89019608 0.89803922
v -0.712427 0.024835 -0.006779 0.87058824 0.71764706 0.68627451
v -0.706968 0.019376 -0.000304 0.80000000 0.66274510 0.62352941
v -0.701510 0.024835 -0.007672 0.89019608 0.74117647 0.69803922
v 0.738591 0.005812 -0.000359 0.80784314 0.58823529 0.56470588
v -0.701510 0.013918 -0.000140 0.86274510 0.71372549 0.67058824
v 0.733133 0.000354 -0.002061 0.72549020 0.53333333 0.51372549
v -0.696052 0.019376 -0.006207 0.88627451 0.74117647 0.69019608
v 0.733135 0.011264 -0.002104 0.84705882 0.65490196 0.63137255
v 0.711384 0.021919 -0.005441 0.65098039 0.54509804 0.52941176
v 0.695045 0.016377 -0.005192 0.86274510 0.77254902 0.76862745
v 0.700466 0.021921 -0.006443 0.89019608 0.74901961 0.70196078
v -0.745362 0.002793 0.003806 0.65882353 0.48235294 0.45882353
v -0.745565 0.003345 0.003806 0.64705882 0.47450980 0.45490196
v -0.745313 0.008262 0.003806 0.70980392 0.52549020 0.50588235
v -0.745253 0.008419 0.003806 0.74117647 0.50196078 0.49411765
v -0.742921 0.011444 0.003806 0.78039216 0.47843137 0.48235294
v -0.745186 0.002968 0.003684 0.65490196 0.48235294 0.45882353
v -0.745204 0.008371 0.003759 0.71764706 0.49803922 0.48627451
v -0.742457 0.005698 0.001933 0.64705882 0.49411765 0.47450980
v -0.742492 0.011044 0.003178 0.77254902 0.47450980 0.47843137
v -0.748006 0.000173 0.007666 0.72156863 0.51764706 0.47843137
v -0.748604 0.000970 0.007666 0.70588235 0.50196078 0.46274510
v -0.750115 0.003504 0.007666 0.65882353 0.46666667 0.43921569
v -0.750225 0.007939 0.007666 0.68627451 0.48235294 0.47450980
v -0.749657 0.009328 0.007666 0.77254902 0.45098039 0.47058824
v -0.748252 0.011271 0.007666 0.74509804 0.41960784 0.45490196
v -0.745326 0.013582 0.007666 0.78039216 0.47843137 0.50980392
v -0.745243 0.013627 0.007666 0.78823529 0.48235294 0.51372549
v 0.748902 0.006419 0.007666 0.76862745 0.58431373 0.55686275
v 0.747631 0.009393 0.007666 0.77254902 0.60000000 0.56862745
v 0.744711 0.011931 0.007666 0.78039216 0.62352941 0.60392157
v -0.741202 0.015023 0.007666 0.83137255 0.59215686 0.58039216
v -0.737140 0.016408 0.007666 0.86274510 0.66274510 0.63529412
v -0.745428 -0.002708 0.007666 0.73333333 0.55294118 0.54117647
v -0.743553 -0.004081 0.007666 0.74117647 0.55686275 0.54509804
v -0.742137 -0.004875 0.007666 0.74509804 0.56078431 0.54509804
v 0.749029 0.005333 0.007666 0.75294118 0.56862745 0.54117647
v 0.741999 0.013313 0.007666 0.79607843 0.63921569 0.60784314
v 0.739650 -0.006163 0.007666 0.63137255 0.52156863 0.49803922
v 0.743254 -0.004308 0.007666 0.61960784 0.51372549 0.50196078
v 0.746047 -0.001644 0.007666 0.65098039 0.52156863 0.50980392
v 0.741026 0.013688 0.007666 0.80000000 0.63921569 0.60392157
v 0.748324 0.001538 0.007666 0.63137255 0.50196078 0.50588235
v 0.736914 0.015013 0.007666 0.71764706 0.57254902 0.53725490
v -0.747906 0.000272 0.007486 0.72156863 0.51764706 0.47843137
v -0.747927 0.005662 0.005440 0.64705882 0.47843137 0.45882353
v -0.747967 0.010990 0.007201 0.75294118 0.43529412 0.46274510
v 0.746779 0.008541 0.006497 0.79215686 0.60000000 0.56862745
v 0.744050 0.011270 0.006175 0.78431373 0.63137255 0.60784314
v -0.731098 0.016976 0.007666 0.88235294 0.69803922 0.66274510
v -0.725771 0.016216 0.007666 0.87058824 0.69803922 0.67450980
v -0.736665 -0.005511 0.007666 0.72941176 0.55686275 0.53333333
v -0.722006 0.015247 0.007666 0.84705882 0.67450980 0.63921569
v -0.731366 -0.005021 0.007666 0.72156863 0.54901961 0.51764706
v -0.716348 0.009993 0.007666 0.83529412 0.66274510 0.63137255
v -0.727374 -0.003885 0.007666 0.72549020 0.56862745 0.52549020
v -0.720448 0.000106 0.007666 0.74117647 0.56078431 0.52941176
v -0.716070 0.006644 0.007666 0.82352941 0.65490196 0.60784314
v 0.729008 -0.006440 0.007666 0.68627451 0.53725490 0.50588235
v 0.726953 -0.005926 0.007666 0.70980392 0.55294118 0.52156863
v 0.736995 -0.006731 0.007666 0.65882353 0.52941176 0.49803922
v 0.719884 -0.002204 0.007666 0.76078431 0.59607843 0.55294118
v 0.715007 0.003631 0.007666 0.87450980 0.69411765 0.62745098
v 0.728646 0.015708 0.007666 0.44313725 0.36862745 0.36470588
v 0.726361 0.015312 0.007666 0.65882353 0.52549020 0.50588235
v 0.714740 0.007787 0.007666 0.87843137 0.71372549 0.66666667
v 0.720001 0.013411 0.007666 0.79215686 0.63529412 0.60392157
v -0.717886 0.019374 0.001548 0.87450980 0.72156863 0.68235294
v -0.739719 -0.002457 0.003863 0.77254902 0.57254902 0.57254902
v -0.712427 0.013918 0.004898 0.85098039 0.70196078 0.64705882
v -0.717885 -0.002457 -0.000027 0.73333333 0.55686275 0.51764706
v -0.712427 0.003001 0.004553 0.77647059 0.61176471 0.56470588
v -0.706968 0.008460 0.003524 0.82352941 0.66666667 0.62352941
v 0.727700 -0.005131 0.001712 0.70196078 0.54117647 0.51372549
v 0.738603 -0.005116 0.005444 0.54509804 0.50196078 0.49019608
v 0.744050 0.000354 0.004793 0.62745098 0.50980392 0.50588235
v 0.711549 0.000094 0.004014 0.84705882 0.67058824 0.62352941
v 0.706137 0.005494 0.003549 0.89411765 0.72941176 0.69019608
v 0.711451 0.011060 0.005388 0.88627451 0.72549020 0.68235294
v 0.700586 0.010983 0.000463 0.88235294 0.73333333 0.67450980
v 0.705980 0.016482 0.000525 0.90980392 0.74509804 0.69019608
v 0.716840 0.016554 0.002895 0.76470588 0.63137255 0.59215686
v -0.754017 0.005058 0.011525 0.68235294 0.46666667 0.47058824
v -0.754134 0.006456 0.011525 0.79607843 0.48627451 0.51764706
v -0.753069 0.010661 0.011525 0.78431373 0.49019608 0.50588235
v -0.752670 0.000966 0.011525 0.69803922 0.51372549 0.47450980
v -0.750424 -0.002246 0.011525 0.68627451 0.54901961 0.51372549
v -0.750163 0.013068 0.011525 0.79215686 0.51764706 0.52941176
v -0.746182 0.014464 0.011525 0.85490196 0.61176471 0.61568627
v -0.743861 0.014975 0.011525 0.87058824 0.65882353 0.64705882
v -0.741646 0.015342 0.011525 0.87843137 0.68627451 0.66274510
v -0.738013 0.015376 0.011525 0.87843137 0.70196078 0.67843137
v -0.736206 0.015357 0.011525 0.87058824 0.69803922 0.67058824
v -0.747180 -0.004460 0.011525 0.72156863 0.55294118 0.53333333
v -0.742831 -0.005569 0.011525 0.72156863 0.55294118 0.52941176
v 0.752336 0.002985 0.011525 0.69019608 0.52941176 0.52156863
v 0.752399 0.003245 0.011525 0.67058824 0.50980392 0.50196078
v 0.752405 0.008373 0.011525 0.73333333 0.56078431 0.53333333
v 0.752322 0.008626 0.011525 0.75294118 0.57647059 0.54901961
v 0.749802 0.011564 0.011525 0.76078431 0.58823529 0.55686275
v 0.748209 0.012570 0.011525 0.75294118 0.59215686 0.56078431
v 0.746130 0.013351 0.011525 0.72549020 0.57647059 0.54901961
v 0.740895 0.014414 0.011525 0.60392157 0.48627451 0.45490196
v 0.736234 0.014293 0.011525 0.54901961 0.45098039 0.43137255
v 0.744780 -0.005835 0.011525 0.66274510 0.52549020 0.50588235
v 0.742474 -0.006691 0.011525 0.65490196 0.52549020 0.50196078
v 0.741713 0.014375 0.011525 0.63137255 0.50588235 0.48235294
v 0.748149 -0.003746 0.011525 0.67450980 0.52941176 0.50980392
v 0.740623 -0.007137 0.011525 0.66666667 0.52941176 0.49803922
v 0.750641 -0.000779 0.011525 0.67843137 0.52941176 0.51764706
v -0.753375 0.005697 0.010555 0.66666667 0.46274510 0.46274510
v -0.750671 0.008341 0.008127 0.77254902 0.45490196 0.47058824
v -0.750643 0.002977 0.008298 0.66666667 0.47450980 0.43921569
v -0.745262 0.013646 0.007717 0.77647059 0.48627451 0.51372549
v -0.737083 0.016351 0.008938 0.86666667 0.67843137 0.65098039
v -0.742448 -0.005186 0.009132 0.72941176 0.55686275 0.53725490
v 0.752237 0.003083 0.011336 0.69411765 0.53725490 0.52156863
v 0.744054 -0.005109 0.009471 0.64705882 0.52156863 0.50588235
v 0.749508 0.005812 0.008112 0.76862745 0.57647059 0.54509804
v 0.746779 -0.002375 0.008887 0.65490196 0.52156863 0.50980392
v 0.752237 0.008541 0.011380 0.75686275 0.58039216 0.54901961
v 0.749508 0.000354 0.009383 0.62352941 0.50588235 0.50980392
v 0.749508 0.011271 0.010837 0.76078431 0.58823529 0.56078431
v 0.741325 0.013986 0.008815 0.76862745 0.61568627 0.58039216
v -0.754210 -0.000573 0.015385 0.70588235 0.52941176 0.51764706
v -0.755912 0.002819 0.015385 0.68235294 0.49411765 0.49411765
v -0.751687 -0.003509 0.015385 0.70980392 0.54117647 0.52156863
v -0.756718 0.007822 0.015385 0.63529412 0.47058824 0.48235294
v -0.756560 0.008883 0.015385 0.73333333 0.52941176 0.52941176
v -0.756016 0.003079 0.015385 0.67058824 0.48235294 0.48627451
v -0.754656 0.012306 0.015385 0.78039216 0.57254902 0.55686275
v -0.751113 0.013979 0.015385 0.81176471 0.60392157 0.58431373
v -0.750011 0.014335 0.015385 0.83921569 0.63921569 0.60784314
v -0.746495 0.014760 0.015385 0.88235294 0.69803922 0.65490196
v -0.744100 0.014731 0.015385 0.88627451 0.70980392 0.67058824
v -0.740656 0.014376 0.015385 0.89803922 0.72941176 0.69803922
v -0.739244 0.014143 0.015385 0.88627451 0.71764706 0.68627451
v -0.734677 0.013299 0.015385 0.84313725 0.67058824 0.62745098
v -0.748283 -0.005563 0.015385 0.71372549 0.54901961 0.52549020
v -0.747112 -0.005981 0.015385 0.71764706 0.54901961 0.52549020
v -0.743634 -0.006373 0.015385 0.71764706 0.54901961 0.52549020
v 0.754110 0.001210 0.015385 0.70980392 0.54901961 0.52549020
v 0.755356 0.005423 0.015385 0.73725490 0.56470588 0.53725490
v 0.755442 0.006288 0.015385 0.75686275 0.58431373 0.55294118
v 0.754215 0.010519 0.015385 0.76078431 0.58431373 0.55294118
v 0.750982 0.012745 0.015385 0.77254902 0.60392157 0.56862745
v 0.746808 0.013970 0.015385 0.75686275 0.59607843 0.56078431
v 0.746755 0.013975 0.015385 0.69411765 0.54901961 0.52156863
v 0.736565 0.013266 0.015385 0.63529412 0.52156863 0.50196078
v 0.734989 0.013059 0.015385 0.70588235 0.57254902 0.54509804
v 0.741280 0.014029 0.015385 0.40392157 0.33725490 0.33333333
v 0.741375 0.014034 0.015385 0.58823529 0.47058824 0.45098039
v 0.745706 -0.006761 0.015385 0.67843137 0.53333333 0.50588235
v 0.741581 -0.007582 0.015385 0.67450980 0.52549020 0.49803922
v 0.749272 -0.004868 0.015385 0.68235294 0.53333333 0.50980392
v 0.741073 -0.007587 0.015385 0.68235294 0.52941176 0.49411765
v 0.752029 -0.002167 0.015385 0.69019608 0.53725490 0.51372549
v -0.741430 -0.006204 0.015385 0.71372549 0.55294118 0.52941176
v -0.737659 -0.005856 0.015385 0.70980392 0.55294118 0.52549020
v -0.736655 -0.005521 0.015385 0.70588235 0.54509804 0.50588235
v -0.731923 0.011425 0.015385 0.82352941 0.65490196 0.61176471
v 0.736800 -0.006918 0.015385 0.69411765 0.54117647 0.49411765
v 0.734065 -0.006037 0.015385 0.69803922 0.55294118 0.50196078
v 0.732783 -0.005490 0.015385 0.69411765 0.55686275 0.50980392
v 0.729346 -0.003479 0.015385 0.69411765 0.55686275 0.51372549
v -0.753365 0.000272 0.013052 0.70588235 0.52549020 0.50980392
v -0.750635 -0.002457 0.012007 0.70196078 0.54117647 0.51764706
v -0.756101 0.008436 0.014450 0.73725490 0.50588235 0.51764706
v -0.753414 0.011029 0.012176 0.78431373 0.53725490 0.54117647
v -0.750721 0.013642 0.013408 0.82745098 0.60000000 0.58823529
v -0.734342 0.013652 0.014826 0.83529412 0.67058824 0.63529412
v -0.747906 -0.005186 0.013770 0.70980392 0.54901961 0.52156863
v 0.754966 0.005812 0.014624 0.73333333 0.54509804 0.51764706
v 0.735880 0.013942 0.012991 0.50196078 0.42745098 0.41960784
v -0.728439 0.008776 0.015385 0.81176471 0.64313725 0.60392157
v -0.727882 0.007463 0.015385 0.81960784 0.64313725 0.60000000
v -0.730062 -0.001197 0.015385 0.75294118 0.58431373 0.54509804
v 0.725656 0.003686 0.015385 0.82745098 0.64313725 0.59607843
v 0.726444 0.007003 0.015385 0.85490196 0.67450980 0.62745098
v 0.732145 0.012207 0.015385 0.79607843 0.63529412 0.59215686
v -0.723360 0.013865 0.009471 0.84313725 0.67450980 0.63529412
v -0.728802 -0.002457 0.013056 0.73333333 0.57254902 0.52941176
v -0.723343 0.003001 0.012118 0.76862745 0.59215686 0.54117647
v -0.717887 0.008454 0.008750 0.82352941 0.65098039 0.61568627
v 0.727700 -0.005131 0.011937 0.69411765 0.54117647 0.50588235
v 0.722294 0.000263 0.012094 0.78431373 0.61176471 0.56470588
v 0.716930 0.005613 0.009125 0.87843137 0.69411765 0.63921569
v 0.722259 0.011164 0.010717 0.87058824 0.69019608 0.65490196
v -0.747068 -0.006025 0.019245 0.72156863 0.55686275 0.52941176
v -0.742970 -0.005709 0.019245 0.72156863 0.54901961 0.52549020
v -0.742141 -0.005493 0.019245 0.72941176 0.54117647 0.51764706
v -0.738376 -0.003800 0.019245 0.71764706 0.56862745 0.54901961
v -0.737676 0.010361 0.019245 0.81960784 0.65490196 0.60784314
v -0.734731 0.007890 0.019245 0.79607843 0.63529412 0.59607843
v -0.732423 0.004789 0.019245 0.77647059 0.60000000 0.56470588
v -0.757232 0.001863 0.019245 0.70980392 0.53333333 0.52156863
v -0.758405 0.005312 0.019245 0.68627451 0.51372549 0.50980392
v -0.755206 -0.001569 0.019245 0.71372549 0.54117647 0.52549020
v -0.752321 -0.004143 0.019245 0.71764706 0.54901961 0.52941176
v -0.758550 0.006003 0.019245 0.69411765 0.52156863 0.51764706
v -0.758003 0.010341 0.019245 0.74117647 0.55294118 0.54117647
v -0.755532 0.013250 0.019245 0.79215686 0.59215686 0.56862745
v -0.751314 0.014303 0.019245 0.81568627 0.61960784 0.58823529
v -0.749990 0.014389 0.019245 0.83137255 0.64705882 0.61176471
v -0.745637 0.013151 0.019245 0.86666667 0.68627451 0.64313725
v -0.744650 0.012899 0.019245 0.83137255 0.65882353 0.62745098
v -0.741242 0.012189 0.019245 0.82745098 0.66274510 0.63529412
v -0.748509 -0.005790 0.019245 0.71764706 0.55294118 0.52941176
v 0.749747 -0.005344 0.019245 0.69019608 0.53725490 0.50980392
v 0.748811 -0.005802 0.019245 0.68235294 0.53725490 0.50196078
v 0.740023 -0.006536 0.019245 0.69019608 0.52156863 0.49019608
v 0.737902 -0.005806 0.019245 0.69019608 0.52941176 0.48627451
v 0.745779 -0.006834 0.019245 0.67843137 0.52941176 0.49803922
v 0.742194 -0.006961 0.019245 0.68235294 0.52156863 0.49411765
v 0.734490 -0.003758 0.019245 0.68235294 0.54117647 0.49019608
v 0.731617 -0.001185 0.019245 0.70980392 0.55294118 0.50588235
v 0.752939 -0.003077 0.019245 0.69411765 0.54509804 0.51372549
v 0.755242 0.000078 0.019245 0.70588235 0.55294118 0.52549020
v 0.755694 0.001081 0.019245 0.72549020 0.56862745 0.53725490
v 0.756838 0.003940 0.019245 0.75294118 0.58431373 0.55294118
v 0.757162 0.008008 0.019245 0.77254902 0.60000000 0.56862745
v 0.756715 0.009522 0.019245 0.78431373 0.61176471 0.57647059
v 0.753377 0.012860 0.019245 0.80392157 0.63529412 0.59215686
v 0.751573 0.013336 0.019245 0.79215686 0.62352941 0.58431373
v 0.747148 0.013631 0.019245 0.76862745 0.60392157 0.56862745
v 0.746188 0.013409 0.019245 0.76078431 0.59607843 0.56078431
v 0.755287 0.011591 0.019245 0.80000000 0.63137255 0.58823529
v 0.742703 0.012617 0.019245 0.65882353 0.52156863 0.50196078
v 0.738714 0.011362 0.019245 0.71764706 0.56470588 0.54117647
v 0.734968 0.009412 0.019245 0.83529412 0.64705882 0.59607843
v 0.738549 0.011296 0.019245 0.85490196 0.65882353 0.61568627
v -0.736989 -0.005186 0.016751 0.68627451 0.54901961 0.52156863
v -0.737063 0.010948 0.018545 0.81960784 0.65882353 0.61176471
v -0.734302 0.008321 0.018831 0.79607843 0.63529412 0.59607843
v -0.731551 0.005661 0.018498 0.78431373 0.60784314 0.57647059
v -0.731564 0.011081 0.015419 0.82352941 0.65490196 0.60392157
v -0.728821 0.008396 0.015855 0.80784314 0.63921569 0.60000000
v -0.756094 0.003001 0.015594 0.67450980 0.49803922 0.49803922
v -0.745306 0.013503 0.018341 0.83921569 0.67058824 0.64313725
v -0.739819 0.013595 0.016641 0.86666667 0.69803922 0.66274510
v 0.749508 -0.005105 0.016866 0.68627451 0.53725490 0.50980392
v 0.733146 -0.005118 0.016516 0.67843137 0.54509804 0.49803922
v 0.730418 -0.002395 0.017604 0.69803922 0.55686275 0.50980392
v 0.752237 -0.002375 0.016128 0.69411765 0.54117647 0.51764706
v 0.754967 0.000354 0.018269 0.70588235 0.54901961 0.52549020
v 0.754967 0.011271 0.017849 0.78431373 0.61176471 0.57647059
v 0.741325 0.013984 0.015539 0.61960784 0.49019608 0.46666667
v 0.733148 0.011221 0.017122 0.85490196 0.67058824 0.61568627
v -0.748092 -0.005000 0.023104 0.72549020 0.56862745 0.53725490
v -0.747699 -0.004979 0.023104 0.69803922 0.56470588 0.51764706
v -0.743736 -0.003898 0.023104 0.73725490 0.57647059 0.54901961
v -0.740927 -0.001269 0.023104 0.75294118 0.58431373 0.55686275
v -0.739693 0.002942 0.023104 0.76862745 0.58431373 0.53333333
v -0.741259 0.006828 0.023104 0.80392157 0.63529412 0.59215686
v -0.739689 0.003012 0.023104 0.75294118 0.56862745 0.52156863
v -0.759499 0.005054 0.023104 0.74117647 0.56470588 0.54901961
v -0.759649 0.006557 0.023104 0.76078431 0.57647059 0.55686275
v -0.758036 0.001059 0.023104 0.73333333 0.56078431 0.54509804
v -0.755547 -0.001910 0.023104 0.72549020 0.55294118 0.53725490
v -0.752374 -0.004196 0.023104 0.73333333 0.56470588 0.54117647
v -0.758622 0.010984 0.023104 0.80000000 0.60784314 0.57647059
v -0.755745 0.013534 0.023104 0.82352941 0.61176471 0.57647059
v -0.750717 0.013729 0.023104 0.85098039 0.66274510 0.62352941
v -0.750612 0.013690 0.023104 0.84313725 0.66274510 0.61568627
v -0.746903 0.012052 0.023104 0.77647059 0.61568627 0.57647059
v -0.743784 0.009749 0.023104 0.83921569 0.66666667 0.62352941
v 0.749663 -0.005260 0.023104 0.68627451 0.53725490 0.50588235
v 0.749231 -0.005382 0.023104 0.68235294 0.53725490 0.50196078
v 0.744681 -0.005736 0.023104 0.67843137 0.54117647 0.49411765
v 0.743582 -0.005572 0.023104 0.67058824 0.53725490 0.49411765
v 0.739875 -0.003821 0.023104 0.68627451 0.53725490 0.50196078
v 0.737808 -0.000430 0.023104 0.70980392 0.55294118 0.50980392
v 0.737416 0.001529 0.023104 0.72156863 0.55294118 0.50588235
v 0.738463 0.005684 0.023104 0.76078431 0.56470588 0.52941176
v 0.753184 -0.003322 0.023104 0.69019608 0.53333333 0.50980392
v 0.755913 -0.000593 0.023104 0.70980392 0.55686275 0.52941176
v 0.757520 0.002907 0.023104 0.73333333 0.57647059 0.54509804
v 0.757608 0.003170 0.023104 0.76862745 0.60392157 0.56862745
v 0.757981 0.008256 0.023104 0.82352941 0.64313725 0.60392157
v 0.741488 0.008374 0.023104 0.78039216 0.58823529 0.54901961
v 0.738592 0.005813 0.023104 0.76470588 0.57647059 0.54117647
v 0.744280 0.011040 0.023104 0.81960784 0.62352941 0.58431373
v 0.753121 0.013116 0.023104 0.81960784 0.65490196 0.60784314
v 0.751532 0.013294 0.023104 0.81960784 0.64705882 0.60392157
v 0.747992 0.012787 0.023104 0.84313725 0.65882353 0.61568627
v 0.757863 0.008709 0.023104 0.85882353 0.66274510 0.63137255
v 0.755625 0.011929 0.023104 0.82352941 0.65882353 0.61176471
v 0.738572 0.005831 0.023104 0.75294118 0.56470588 0.52941176
v -0.747906 -0.005186 0.022550 0.72156863 0.56078431 0.53333333
v -0.742448 -0.005186 0.020141 0.71764706 0.54901961 0.52549020
v -0.739719 -0.002457 0.021280 0.74509804 0.58823529 0.56862745
v -0.758823 0.005730 0.020099 0.72156863 0.54509804 0.53333333
v -0.736996 0.000250 0.020678 0.76862745 0.58431373 0.55294118
v -0.739764 0.008310 0.021356 0.80392157 0.63921569 0.59607843
v -0.737001 0.005690 0.021330 0.78823529 0.61176471 0.57254902
v -0.750692 0.013736 0.022936 0.82352941 0.64313725 0.60392157
v -0.734267 0.002976 0.020221 0.76078431 0.57647059 0.52941176
v -0.742511 0.010984 0.021182 0.84705882 0.67058824 0.63137255
v 0.738596 -0.005109 0.020771 0.67450980 0.52549020 0.49019608
v 0.735862 -0.002375 0.021250 0.69803922 0.54901961 0.50196078
v 0.733136 0.000345 0.020578 0.71764706 0.54901961 0.50196078
v 0.735862 0.003083 0.022071 0.73725490 0.55686275 0.50980392
v 0.757696 0.008541 0.021736 0.80000000 0.62352941 0.58823529
v 0.741321 0.008541 0.022799 0.77647059 0.58823529 0.55294118
v 0.744050 0.011270 0.022365 0.83529412 0.63529412 0.59607843
v 0.735870 0.008514 0.020217 0.81960784 0.62745098 0.57647059
v 0.738599 0.011247 0.019327 0.85098039 0.65490196 0.60784314
v 0.727705 0.005751 0.016681 0.83137255 0.65098039 0.60392157
v -0.759335 0.005218 0.026964 0.76862745 0.59215686 0.57254902
v -0.759445 0.006353 0.026964 0.79215686 0.60784314 0.58039216
v -0.757830 0.001265 0.026964 0.75294118 0.58039216 0.56078431
v -0.754958 -0.001322 0.026964 0.74509804 0.57647059 0.55686275
v -0.750962 -0.002784 0.026964 0.74509804 0.57647059 0.55686275
v -0.758292 0.010658 0.026964 0.84313725 0.64313725 0.60000000
v -0.755008 0.012795 0.026964 0.85490196 0.66666667 0.61960784
v -0.751823 0.012685 0.026964 0.84313725 0.67450980 0.62745098
v -0.748280 0.010764 0.026964 0.83921569 0.66666667 0.61960784
v -0.746145 0.007463 0.026964 0.81568627 0.64705882 0.60392157
v -0.745031 0.003146 0.026964 0.78039216 0.60000000 0.56470588
v -0.750309 -0.002784 0.026964 0.74509804 0.57647059 0.54901961
v -0.746472 -0.001162 0.026964 0.71764706 0.57254902 0.53725490
v -0.745046 0.002868 0.026964 0.78431373 0.60000000 0.56862745
v 0.747828 -0.003424 0.026964 0.66666667 0.51764706 0.49019608
v 0.746115 -0.003039 0.026964 0.67450980 0.52156863 0.49411765
v 0.743121 -0.000575 0.026964 0.70980392 0.54117647 0.50588235
v 0.742708 0.001696 0.026964 0.71372549 0.53725490 0.50588235
v 0.752353 -0.002492 0.026964 0.69019608 0.53725490 0.51372549
v 0.751927 -0.002686 0.026964 0.67450980 0.50980392 0.49019608
v 0.755530 -0.000209 0.026964 0.69803922 0.55686275 0.52941176
v 0.757004 0.002392 0.026964 0.72941176 0.58039216 0.54901961
v 0.757373 0.003405 0.026964 0.78039216 0.61960784 0.57647059
v 0.757766 0.008470 0.026964 0.80784314 0.63137255 0.59215686
v 0.743126 0.004888 0.026964 0.73725490 0.54901961 0.50980392
v 0.743552 0.006310 0.026964 0.74509804 0.56078431 0.51764706
v 0.745873 0.009448 0.026964 0.77254902 0.59607843 0.54901961
v 0.754110 0.012127 0.026964 0.83137255 0.68235294 0.61960784
v 0.750379 0.012142 0.026964 0.82352941 0.64705882 0.60392157
v 0.749028 0.011751 0.026964 0.81960784 0.63921569 0.60000000
v 0.757733 0.008579 0.026964 0.87843137 0.69019608 0.64705882
v 0.755319 0.011623 0.026964 0.90588235 0.76078431 0.70196078
v -0.747945 0.011063 0.025925 0.84313725 0.67058824 0.61960784
v -0.745196 0.008398 0.025130 0.82745098 0.65882353 0.61568627
v -0.742464 0.005676 0.024564 0.80000000 0.62745098 0.58823529
v -0.745177 -0.002457 0.025295 0.72549020 0.57647059 0.54901961
v -0.742452 0.000256 0.024764 0.74901961 0.56862745 0.53333333
v -0.739726 0.002975 0.023126 0.75294118 0.57254902 0.52156863
v 0.749508 -0.005105 0.023760 0.67843137 0.52941176 0.49803922
v 0.744050 -0.005105 0.023956 0.65882353 0.52941176 0.49019608
v 0.741321 -0.002375 0.024990 0.69803922 0.54509804 0.50980392
v 0.738591 0.000354 0.023769 0.71372549 0.55294118 0.50980392
v 0.741320 0.003083 0.025581 0.71764706 0.54117647 0.50588235
v 0.738591 0.005812 0.023123 0.75294118 0.56470588 0.52941176
v -0.757411 0.007143 0.030824 0.83921569 0.65882353 0.63137255
v -0.756444 0.008810 0.030824 0.85490196 0.67450980 0.64705882
v -0.756062 0.003032 0.030824 0.77254902 0.61568627 0.59215686
v -0.754643 0.009910 0.030824 0.85882353 0.68627451 0.65098039
v -0.750948 0.008144 0.030824 0.84705882 0.65882353 0.63137255
v -0.751768 0.001869 0.030824 0.78039216 0.61176471 0.58431373
v -0.750572 0.002936 0.030824 0.80392157 0.63529412 0.60392157
v -0.750324 0.003311 0.030824 0.79607843 0.62745098 0.59607843
v 0.753705 0.001615 0.030824 0.67843137 0.54509804 0.51764706
v 0.749993 0.000839 0.030824 0.68627451 0.54117647 0.51372549
v 0.747528 0.003832 0.030824 0.71764706 0.53725490 0.49803922
v 0.755826 0.004953 0.030824 0.73725490 0.58431373 0.54509804
v 0.755705 0.006551 0.030824 0.76862745 0.60000000 0.56470588
v 0.753261 0.009565 0.030824 0.78823529 0.60784314 0.56862745
v 0.748211 0.007109 0.030824 0.72941176 0.56470588 0.51764706
v 0.751332 0.009447 0.030824 0.74901961 0.58431373 0.54117647
v -0.758823 0.005730 0.028798 0.79215686 0.61568627 0.59215686
v -0.756094 0.003001 0.030781 0.76862745 0.61176471 0.58823529
v -0.753365 0.000272 0.029918 0.74509804 0.57647059 0.56078431
v -0.750635 -0.002457 0.027349 0.72941176 0.57254902 0.54901961
v -0.753369 0.011175 0.029688 0.85098039 0.68627451 0.64705882
v -0.750637 0.008452 0.030460 0.84705882 0.66274510 0.63137255
v -0.747906 0.000272 0.028402 0.74509804 0.58823529 0.55686275
v -0.747907 0.005727 0.029450 0.80784314 0.63529412 0.59607843
v -0.745177 0.003000 0.027076 0.78431373 0.60392157 0.56862745
v 0.746779 -0.002375 0.027695 0.67450980 0.52941176 0.50196078
v 0.744050 0.000354 0.027893 0.71372549 0.53725490 0.50196078
v 0.752237 -0.002375 0.027236 0.67058824 0.52549020 0.50588235
v 0.754966 0.000354 0.028572 0.69411765 0.57647059 0.55294118
v 0.749508 0.000354 0.030438 0.69019608 0.53725490 0.51372549
v 0.746779 0.003083 0.030289 0.72156863 0.53725490 0.50196078
v 0.757696 0.008541 0.027097 0.78431373 0.60784314 0.55686275
v 0.754966 0.011270 0.028176 0.81176471 0.64313725 0.58823529
v 0.744050 0.005812 0.027716 0.74117647 0.55686275 0.50980392
v 0.746779 0.008541 0.028660 0.74901961 0.58431373 0.53333333
v 0.749508 0.011271 0.028046 0.77647059 0.60392157 0.56078431
v -0.753365 0.005729 0.032054 0.82352941 0.65098039 0.61960784
v -0.750636 0.003000 0.030877 0.78823529 0.61960784 0.58823529
v -0.756094 0.008460 0.031158 0.85098039 0.67843137 0.64705882
v 0.752237 0.003083 0.031889 0.69411765 0.53725490 0.50980392
v 0.749508 0.005812 0.031761 0.72156863 0.54901961 0.50588235
v 0.754966 0.005812 0.031465 0.72156863 0.55686275 0.51764706
v 0.752237 0.008541 0.031489 0.73333333 0.56470588 0.52549020
f 5 25 3
f 1163 1208 1209
f 1163 1209 1207
f 1160 1163 1207
f 1166 1208 1163
f 1207 1204 1160
f 1160 1204 1154
f 1154 1204 1152
f 1150 1199 1153
f 1146 1198 1148
f 1150 1148 1198
f 1150 1198 1196
f 1150 1196 1199
f 1195 1198 1144
f 1144 1198 1146
f 1196 1198 1195
f 1170 1208 1166
f 1213 1208 1170
f 1209 1208 1213
f 1213 1216 1209
f 1066 1120 1214
f 1159 1066 1214
f 1159 1214 1211
f 1212 997 996
f 1211 1212 996
f 1211 996 935
f 1093 1211 935
f 1195 1193 1196
f 1055 1093 935
f 1178 1180 1219
f 1219 1218 1178
f 1178 1218 1174
f 1218 1219 1216
f 1216 1213 1218
f 1170 1174 1218
f 1218 1213 1170
f 1159 1211 1093
f 1142 1195 1144
f 1142 1141 1192
f 1142 1192 1193
f 1171 1211 1214
f 1142 1193 1195
f 1191 1192 1138
f 1138 1192 1141
f 1136 1191 1138
f 1171 1212 1211
f 1171 1168 1212
f 1212 1008 997
f 1095 1217 1177
f 1217 1212 1177
f 1177 1212 1168
f 1092 1086 969
f 1092 969 1009
f 1009 783 842
f 1009 842 1217
f 1094 1009 1217
f 1094 1217 1095
f 842 752 1008
f 1217 842 1008
f 1212 1217 1008
f 1094 1092 1009
f 1129 965 966
f 1133 963 964
f 1123 1133 964
f 1129 1123 964
f 965 1129 964
f 1133 962 963
f 945 962 1123
f 966 1131 1129
f 1123 962 1133
f 1132 961 923
f 1056 1083 1132
f 1132 1116 1056
f 1132 1130 1131
f 1132 1131 959
f 961 1132 959
f 1083 1081 1130
f 923 1116 1132
f 1131 966 959
f 968 967 1085
f 1061 1087 1118
f 1085 967 1084
f 1061 1118 924
f 1057 1118 1087
f 1086 1062 933
f 933 969 1086
f 1085 1051 929
f 929 968 1085
f 967 950 1084
f 1084 950 1071
f 1061 924 932
f 1130 1132 1083
f 1082 1127 1080
f 1124 1127 1082
f 1075 1069 1125
f 1074 1125 952
f 1073 1074 952
f 952 948 1124
f 1073 952 1124
f 953 952 1125
f 1069 1071 950
f 1069 953 1125
f 950 949 1069
f 1123 1122 941
f 941 945 1123
f 944 941 1122
f 1119 1120 1065
f 1065 1120 1066
f 1063 937 938
f 1063 938 1119
f 948 947 1124
f 1065 1063 1119
f 1069 949 953
f 956 954 1126
f 1128 1129 1130
f 1130 1129 1131
f 1077 1126 1128
f 1081 1077 1128
f 1081 1128 1130
f 1129 1128 1122
f 1122 1123 1129
f 1075 1125 1074
f 1126 954 944
f 1128 944 1122
f 1080 1127 957
f 1080 957 956
f 1080 956 1126
f 1077 1080 1126
f 1127 1124 947
f 947 957 1127
f 1128 1126 944
f 1082 1073 1124
f 936 937 1060
f 1060 1049 925
f 1060 937 1063
f 925 936 1060
f 934 931 1117
f 1055 935 934
f 1054 1055 934
f 1054 934 1117
f 1052 1053 1117
f 1052 1117 931
f 1052 931 930
f 930 929 1052
f 1052 929 1051
f 927 925 1050
f 1050 925 1049
f 1054 1117 1053
f 711 787 688
f 711 710 550
f 550 526 787
f 711 550 787
f 710 706 799
f 799 548 550
f 710 799 550
f 799 545 548
f 530 524 693
f 692 693 524
f 524 523 692
f 676 692 523
f 523 516 676
f 693 694 530
f 696 530 694
f 537 534 696
f 520 538 784
f 705 799 706
f 542 545 799
f 703 542 799
f 705 703 799
f 703 701 541
f 541 542 703
f 534 530 696
f 540 541 700
f 700 679 519
f 519 540 700
f 680 784 699
f 698 699 784
f 784 538 537
f 698 784 537
f 696 698 537
f 700 541 701
f 683 682 904
f 682 681 904
f 904 681 903
f 903 681 680
f 903 680 986
f 898 903 986
f 876 901 711
f 904 870 683
f 711 688 876
f 710 711 900
f 900 899 987
f 885 696 883
f 696 694 984
f 883 696 984
f 881 883 984
f 694 693 984
f 878 881 984
f 984 983 878
f 698 696 885
f 879 875 971
f 983 970 971
f 878 983 971
f 875 878 971
f 984 693 692
f 692 983 984
f 676 970 692
f 692 970 983
f 971 972 879
f 900 711 901
f 885 699 698
f 885 888 986
f 987 706 710
f 900 987 710
f 894 987 899
f 898 986 888
f 987 705 706
f 703 705 987
f 893 703 987
f 885 986 699
f 894 893 987
f 891 703 893
f 891 890 700
f 700 701 891
f 879 972 679
f 879 679 700
f 890 879 700
f 680 699 986
f 701 703 891
f 780 709 802
f 780 802 800
f 798 792 778
f 798 778 779
f 800 798 779
f 780 800 779
f 778 792 687
f 1639 1641 1857
f 1857 1854 1639
f 1854 1856 1835
f 1835 1852 1854
f 1636 1639 1854
f 1854 1852 1636
f 1338 1333 1839
f 1839 1333 1335
f 1329 1834 1331
f 1331 1834 1837
f 1834 1832 1837
f 1837 1832 1835
f 1834 1329 1318
f 1318 1825 1834
f 1825 1823 1834
f 1859 1854 1857
f 1856 1854 1859
f 1861 1857 1641
f 1641 1652 1861
f 1870 1335 1340
f 1870 1868 1875
f 1875 1868 1874
f 1859 1874 1868
f 1868 1856 1859
f 1870 1340 1331
f 1868 1870 1331
f 1834 1823 1832
f 1868 1331 1837
f 1837 1835 1856
f 1865 1866 1864
f 1864 1861 1865
f 1652 1655 1865
f 1865 1861 1652
f 1861 1864 1859
f 1859 1857 1861
f 1856 1868 1837
f 1316 1326 1822
f 1828 1319 1829
f 1829 1319 1328
f 1319 1828 1820
f 1326 1319 1820
f 1822 1326 1820
f 1316 1822 1817
f 1318 1316 1817
f 1825 1318 1817
f 1817 1814 1825
f 1825 1814 1823
f 1820 1811 1817
f 1811 1809 1817
f 1817 1809 1814
f 1817 1822 1820
f 1586 1172 1585
f 1585 1172 1169
f 1585 1169 1584
f 1528 1585 1584
f 1527 1528 1584
f 1527 1584 1525
f 1169 1165 1584
f 1523 1525 1584
f 1523 1584 1165
f 1523 1165 1162
f 1176 1172 1586
f 1179 1176 1586
f 1532 1585 1528
f 1532 1586 1585
f 1551 1593 1557
f 1551 1548 1138
f 1138 1141 1593
f 1551 1138 1593
f 1136 1138 1546
f 1546 1138 1548
f 1540 1591 1537
f 1537 1591 1589
f 1535 1589 1588
f 1535 1588 1533
f 1589 1153 1179
f 1588 1589 1179
f 1588 1179 1586
f 1533 1588 1586
f 1532 1533 1586
f 1535 1537 1589
f 1593 1141 1142
f 1558 1557 1595
f 1557 1142 1144
f 1180 1178 1600
f 1178 1174 1607
f 1600 1178 1607
f 1495 1600 1607
f 1170 1605 1174
f 1174 1605 1607
f 1576 1383 1493
f 1576 1493 1495
f 1576 1495 1607
f 1607 1605 1576
f 1576 1605 1570
f 1605 1170 1166
f 1568 1605 1166
f 1573 1568 1166
f 1163 1160 1599
f 1600 1602 1180
f 1404 1556 1265
f 1556 1050 1265
f 1050 1049 1265
f 1425 1177 1168
f 1427 1425 1168
f 1427 1168 1609
f 1427 1609 1428
f 1609 1168 1171
f 1300 1066 1159
f 1159 1298 1300
f 1573 1166 1163
f 1426 1398 1262
f 1426 1262 1159
f 1512 1409 1424
f 1297 1512 1424
f 1093 1297 1424
f 1159 1093 1424
f 1426 1159 1424
f 1259 1512 1297
f 1262 1298 1159
f 1573 1163 1599
f 1562 1573 1599
f 1570 1605 1568
f 1601 1598 1603
f 1603 1598 1150
f 1589 1603 1150
f 1589 1150 1153
f 1597 1601 1564
f 1564 1601 1567
f 1595 1597 1560
f 1603 1457 1601
f 1560 1597 1564
f 1601 1146 1148
f 1598 1601 1148
f 1598 1148 1150
f 1146 1597 1595
f 1595 1144 1146
f 1558 1595 1560
f 1557 1593 1142
f 1601 1597 1146
f 1557 1144 1595
f 1606 1589 1591
f 1417 1459 1606
f 1549 1553 1599
f 1549 1599 1160
f 1549 1160 1154
f 1562 1599 1553
f 1154 1152 1549
f 1549 1152 1545
f 1415 1417 1606
f 1603 1589 1606
f 1606 1414 1415
f 1414 1591 1540
f 1601 1457 1458
f 1567 1601 1458
f 1360 1567 1458
f 1417 1361 1459
f 1459 1457 1603
f 1459 1603 1606
f 1606 1591 1414
f 1520 1267 1271
f 1520 1271 1273
f 1401 1520 1273
f 1408 1401 1273
f 1399 1405 1266
f 1266 1267 1520
f 1399 1520 1401
f 1516 1261 1264
f 1261 1516 1514
f 1514 1260 1261
f 1399 1266 1520
f 1425 1423 1177
f 1423 1273 1177
f 1273 1095 1177
f 1423 1408 1273
f 1870 1877 1335
f 1575 1614 1578
f 1580 1616 1581
f 1577 1581 1616
f 1616 1175 1181
f 1577 1616 1181
f 1152 1161 1613
f 1545 1152 1613
f 1569 1545 1613
f 1076 1070 1559
f 1559 1070 1565
f 1563 1064 1072
f 1556 1563 1072
f 1569 1613 1561
f 1556 1072 1050
f 1563 1565 1068
f 1563 1068 1067
f 1563 1067 1064
f 1559 1561 1613
f 1613 1157 1076
f 1559 1613 1076
f 1161 1157 1613
f 1565 1070 1068
f 1614 1079 1164
f 1615 1078 1309
f 1580 1578 1614
f 1580 1614 1164
f 1580 1164 1173
f 1580 1173 1616
f 1616 1173 1175
f 1432 1615 1574
f 1575 1574 1615
f 1309 1079 1614
f 1615 1309 1614
f 1430 1429 1609
f 1430 1609 1171
f 1430 1171 1167
f 1431 1430 1167
f 1431 1167 1615
f 1431 1615 1432
f 1167 1078 1615
f 1575 1615 1614
f 1877 1839 1335
f 1338 1839 1342
f 1363 2007 2006
f 2006 1364 1363
f 2001 1362 2006
f 2006 1362 1364
f 2006 2007 1993
f 1993 1995 2006
f 2001 2006 1995
f 1980 1938 1941
f 1980 1983 1948
f 1948 1946 1980
f 1712 1938 1980
f 1708 1712 1980
f 1708 1980 1946
f 1941 1987 1980
f 1983 1980 1987
f 1994 1948 1983
f 1995 1989 2001
f 1989 1987 2001
f 1987 1989 1983
f 1990 1994 1993
f 1993 1994 1995
f 1994 1983 1995
f 1995 1983 1989
f 1994 1990 1920
f 1920 1954 1994
f 1954 1948 1994
f 1778 1777 1430
f 1430 1431 1778
f 1779 1778 1431
f 1431 1432 1779
f 1777 1776 2034
f 1777 2034 1429
f 1777 1429 1430
f 2039 1425 1427
f 2039 1427 1428
f 1768 2039 1428
f 1770 1768 1428
f 1770 1428 2034
f 2039 2037 2038
f 1425 2039 2038
f 1425 2038 1423
f 1768 1766 2037
f 2031 1412 1413
f 1411 1412 2026
f 2026 1412 2031
f 2025 2026 2029
f 2029 2026 2030
f 2029 2027 2024
f 2024 2025 2029
f 2030 2031 2033
f 2026 2025 1410
f 2025 2024 1394
f 1394 1410 2025
f 1410 1411 2026
f 2026 2031 2030
f 2031 1413 2033
f 2037 2039 1768
f 1408 2038 2035
f 2035 1401 1408
f 2033 1405 1399
f 1401 2035 2030
f 2030 2033 1399
f 1401 2030 1399
f 2033 1413 1405
f 1765 1764 2035
f 1765 2038 2037
f 1765 2037 1766
f 1763 2029 2030
f 1764 1763 2030
f 1764 2030 2035
f 2027 2029 1760
f 1760 2029 1763
f 1765 2035 2038
f 1671 1829 1630
f 1897 1889 1898
f 1898 1889 1891
f 1337 1886 1884
f 1339 1337 1884
f 1896 1339 1884
f 1320 1896 1893
f 1897 1320 1893
f 1893 1888 1897
f 1897 1888 1889
f 1885 1347 1345
f 1345 1879 1885
f 1879 1875 1885
f 1885 1875 1882
f 1882 1881 1884
f 1884 1881 1883
f 1866 1883 1881
f 1886 1882 1884
f 1881 1864 1866
f 1875 1874 1881
f 1864 1881 1874
f 1874 1859 1864
f 1879 1345 1342
f 1342 1877 1879
f 1877 1870 1879
f 1879 1870 1875
f 1881 1882 1875
f 1885 1882 1886
f 1884 1883 1896
f 1896 1883 1893
f 1883 1866 1893
f 1893 1866 1888
f 1891 1889 1667
f 1667 1889 1664
f 1661 1889 1888
f 1661 1888 1887
f 1661 1887 1659
f 1866 1865 1888
f 1888 1865 1887
f 1887 1865 1659
f 1659 1865 1655
f 1661 1664 1889
f 1342 1839 1877
f 1233 1290 1019
f 1233 1019 1021
f 1231 1290 1232
f 1290 1018 1019
f 1231 1230 1289
f 1231 1289 1017
f 1231 1017 1018
f 1231 1018 1290
f 1230 1226 1286
f 1286 1289 1230
f 1289 1016 1017
f 1286 1282 1015
f 1286 1015 1016
f 1289 1286 1016
f 1229 1014 1013
f 1233 1232 1290
f 1021 1023 1234
f 1234 1233 1021
f 1234 1025 1235
f 1091 1090 1241
f 1090 1089 1241
f 1241 1089 1240
f 1239 1240 1089
f 1089 1088 1239
f 1238 1239 1088
f 1088 1030 1238
f 1229 1013 1288
f 1238 1030 1029
f 1237 1238 1291
f 1237 1291 1236
f 1029 1027 1291
f 1236 1291 1027
f 1229 1236 1027
f 1229 1027 1014
f 1023 1025 1234
f 1238 1029 1291
f 1228 1229 1288
f 1013 1012 1288
f 1227 1228 1288
f 1024 1026 1282
f 1281 1280 1020
f 1020 1024 1281
f 1022 1020 1280
f 1282 1281 1024
f 1241 1242 1091
f 1282 1026 1015
f 1283 1028 1022
f 1288 1287 1227
f 1011 1284 1287
f 1012 1011 1287
f 1288 1012 1287
f 1011 1010 1284
f 1227 1287 1285
f 1226 1227 1285
f 1022 1280 1283
f 1226 1285 1286
f 1284 1285 1287
f 1286 1285 1281
f 1281 1282 1286
f 1280 1281 1283
f 1283 1281 1285
f 1284 1010 1028
f 1028 1283 1284
f 1283 1285 1284
f 1025 1031 1243
f 1243 1235 1025
f 1243 1032 1244
f 1252 1251 1295
f 1251 1250 1294
f 1251 1294 1036
f 1251 1036 1037
f 1293 1035 1294
f 1294 1035 1036
f 1249 1294 1250
f 1251 1038 1295
f 1249 1248 1292
f 1249 1292 1294
f 1247 1292 1248
f 1033 1034 1245
f 1245 1034 1246
f 1245 1244 1032
f 1032 1033 1245
f 1031 1032 1243
f 1292 1293 1294
f 1251 1037 1038
f 1295 1038 1039
f 1252 1295 1253
f 1042 1041 1296
f 1295 1039 1040
f 1253 1295 1040
f 1254 1253 1040
f 1365 1475 1366
f 1365 1363 1473
f 1473 1474 1365
f 1474 1475 1365
f 1366 1475 1367
f 1369 1476 1368
f 1368 1476 1370
f 1487 1480 1483
f 1484 1485 1374
f 1374 1485 1375
f 1367 1475 1480
f 1374 1367 1480
f 1374 1480 1484
f 1482 1483 1480
f 1480 1479 1482
f 1482 1478 1481
f 1475 1474 1480
f 1480 1474 1479
f 1474 1473 1479
f 1479 1473 1478
f 1371 1477 1373
f 1372 1477 1371
f 1479 1478 1482
f 1484 1480 1487
f 1488 1484 1487
f 1485 1484 1488
f 1482 1481 1489
f 1379 1507 1380
f 1381 1508 1382
f 1382 1508 1499
f 1384 1382 1499
f 1384 1499 1503
f 1499 1494 1503
f 1503 1494 1502
f 1494 1492 1502
f 1488 1487 1499
f 1499 1487 1494
f 1492 1494 1487
f 1369 1504 1476
f 1487 1483 1492
f 1483 1482 1492
f 1492 1482 1491
f 1489 1491 1482
f 1369 1485 1504
f 1376 1370 1505
f 1380 1507 1506
f 1381 1380 1506
f 1381 1506 1508
f 1506 1488 1508
f 1508 1488 1499
f 1505 1507 1378
f 1378 1507 1379
f 1369 1375 1485
f 1373 1477 1377
f 1377 1477 1372
f 1505 1504 1507
f 1507 1504 1506
f 1504 1485 1506
f 1506 1485 1488
f 1370 1476 1504
f 1370 1504 1505
f 1378 1376 1505
f 630 442 443
f 551 630 443
f 552 551 443
f 552 443 631
f 630 441 442
f 549 630 551
f 438 441 630
f 544 438 630
f 549 544 630
f 546 547 440
f 440 439 546
f 546 439 435
f 546 435 629
f 536 546 629
f 437 438 543
f 631 443 444
f 444 632 631
f 552 631 553
f 553 632 554
f 557 632 639
f 638 636 449
f 638 449 450
f 637 638 450
f 635 637 450
f 450 448 635
f 449 636 632
f 543 438 544
f 632 444 449
f 635 447 634
f 556 634 447
f 555 556 447
f 447 446 633
f 555 447 633
f 446 445 633
f 631 632 553
f 448 447 635
f 543 539 436
f 436 437 543
f 539 535 627
f 527 620 531
f 528 529 620
f 620 619 528
f 619 616 528
f 528 616 525
f 527 526 618
f 527 618 619
f 531 620 529
f 527 619 620
f 618 613 616
f 525 616 522
f 522 616 613
f 521 522 613
f 521 613 611
f 521 611 520
f 616 619 618
f 632 636 639
f 429 428 625
f 428 430 625
f 539 627 432
f 539 432 436
f 629 628 536
f 536 628 533
f 626 627 532
f 532 627 535
f 533 628 625
f 625 430 626
f 533 625 626
f 629 434 433
f 433 628 629
f 429 625 433
f 433 625 628
f 627 431 432
f 627 626 430
f 430 431 627
f 532 533 626
f 557 554 632
f 557 639 558
f 639 636 638
f 558 639 640
f 559 558 640
f 559 640 641
f 638 640 639
f 666 667 665
f 665 663 666
f 666 663 600
f 600 663 599
f 598 663 665
f 598 665 659
f 595 598 659
f 599 663 598
f 597 594 659
f 597 659 464
f 597 464 463
f 561 596 462
f 462 455 561
f 463 462 597
f 597 462 596
f 464 659 665
f 665 466 464
f 667 466 665
f 667 469 466
f 670 481 474
f 481 670 649
f 649 475 481
f 604 603 480
f 480 478 674
f 595 659 594
f 604 480 674
f 602 601 670
f 602 670 474
f 602 474 477
f 601 568 649
f 649 670 601
f 471 469 668
f 667 668 469
f 674 478 479
f 589 657 593
f 592 593 657
f 657 656 592
f 574 571 454
f 574 454 647
f 571 565 646
f 571 646 452
f 571 452 451
f 571 451 454
f 456 452 646
f 457 648 647
f 592 656 579
f 585 652 588
f 577 648 580
f 581 651 583
f 651 650 652
f 583 651 652
f 585 583 652
f 647 454 457
f 580 648 457
f 457 459 651
f 581 457 651
f 459 458 651
f 651 458 650
f 647 648 576
f 576 648 577
f 574 647 576
f 581 580 457
f 388 416 394
f 511 388 394
f 511 394 513
f 477 511 513
f 480 477 513
f 514 510 471
f 479 510 514
f 518 607 519
f 606 607 517
f 517 607 518
f 605 606 515
f 515 606 517
f 516 605 515
f 95 104 138
f 104 105 72
f 72 71 104
f 70 69 101
f 101 69 99
f 96 139 93
f 68 48 138
f 104 68 138
f 104 71 68
f 99 72 105
f 69 72 99
f 120 149 118
f 96 118 149
f 149 139 96
f 114 61 76
f 116 114 76
f 116 76 147
f 147 76 46
f 41 75 143
f 93 139 75
f 93 75 74
f 110 93 74
f 101 108 73
f 73 70 101
f 74 73 110
f 110 73 108
f 139 143 75
f 143 139 149
f 149 151 143
f 151 153 41
f 157 156 107
f 157 107 109
f 202 98 103
f 95 98 200
f 200 98 202
f 136 153 124
f 116 147 134
f 156 202 107
f 134 147 46
f 46 43 153
f 136 46 153
f 153 151 124
f 124 151 122
f 120 122 151
f 151 149 120
f 153 43 41
f 136 134 46
f 151 41 143
f 156 200 202
f 109 113 159
f 202 103 107
f 163 159 113
f 113 114 163
f 159 157 109
f 4248 4080 4095
f 4177 4180 4246
f 4057 4056 4245
f 4246 4057 4245
f 4177 4246 4245
f 4058 4057 4246
f 4056 4055 4245
f 4054 4053 4244
f 4186 4055 4059
f 4186 4192 4055
f 4192 4245 4055
f 4196 4186 4244
f 4181 4096 4257
f 4213 4181 4257
f 4213 4257 4214
f 4181 4248 4096
f 4248 4095 4096
f 4214 4257 4255
f 4255 4098 4099
f 4212 4214 4255
f 4257 4096 4097
f 4257 4097 4098
f 4257 4098 4255
f 4177 4245 4192
f 4059 4054 4244
f 4186 4059 4244
f 4302 4363 3953
f 4325 3962 4366
f 4333 4325 4366
f 4363 3968 3935
f 3959 3968 4363
f 4317 3959 4363
f 4286 4317 4363
f 4307 4320 3961
f 4325 3947 3962
f 3961 3954 4307
f 3955 3957 4314
f 3957 3959 4314
f 4314 3959 4317
f 3954 3955 4307
f 4307 3955 4309
f 4302 4300 4363
f 4363 3935 3953
f 4314 4309 3955
f 4333 4366 4337
f 3981 3982 4342
f 4348 4343 3982
f 3982 3985 4348
f 4342 3982 4343
f 3985 3853 4063
f 4175 4348 4063
f 4342 4346 3984
f 3984 3981 4342
f 4345 4302 3953
f 3953 3983 4345
f 3983 3984 4345
f 4345 3984 4346
f 4348 3985 4063
f 4286 4363 4300
f 4144 4236 4022
f 4022 4027 4239
f 4144 4022 4239
f 4147 4144 4239
f 4138 4236 4144
f 4235 4020 4236
f 4236 4020 4022
f 4138 4133 4235
f 4235 4018 4020
f 4133 4132 4233
f 4016 4018 4235
f 4233 4016 4235
f 4133 4233 4235
f 4235 4236 4138
f 4147 4239 4149
f 4239 4027 4035
f 4152 4239 4240
f 4239 4037 4240
f 4152 4149 4239
f 4239 4035 4037
f 4613 4220 4224
f 4223 4222 4620
f 4223 4620 4617
f 4619 4223 4617
f 4613 4619 4617
f 4499 4613 4617
f 4503 4499 4617
f 4224 4619 4613
f 4500 4501 4615
f 4615 4221 4613
f 4500 4615 4613
f 4502 4615 4501
f 4500 4613 4499
f 4497 4609 4498
f 4221 4220 4613
f 4224 4223 4619
f 4225 4623 4620
f 4507 4627 4504
f 4625 4627 4506
f 4225 4620 4222
f 4506 4627 4507
f 4504 4624 4628
f 4505 4504 4628
f 4624 4225 4628
f 4628 4225 4226
f 4625 4623 4627
f 4627 4623 4624
f 4225 4624 4623
f 4504 4627 4624
f 4201 4199 4482
f 4477 4478 4603
f 4477 4603 4193
f 4477 4193 4198
f 4195 4193 4603
f 4466 4467 4190
f 4190 4187 4466
f 4482 4483 4201
f 4482 4190 4467
f 4199 4190 4482
f 4477 4201 4483
f 4490 4606 4487
f 4486 4603 4478
f 4205 4195 4603
f 4606 4205 4603
f 4487 4606 4603
f 4187 4204 4466
f 4466 4204 4485
f 4203 4180 4484
f 4484 4180 4473
f 4484 4485 4204
f 4204 4203 4484
f 4198 4201 4477
f 4486 4487 4603
f 4653 4838 4654
f 4653 4652 4837
f 4377 4378 4838
f 4837 4377 4838
f 4653 4837 4838
f 4651 4837 4652
f 4837 4376 4377
f 4650 4375 4376
f 4651 4650 4837
f 4650 4376 4837
f 4644 4834 4643
f 4650 4648 4372
f 4372 4375 4650
f 4374 4373 4836
f 4836 4373 4371
f 4649 4836 4371
f 4649 4371 4834
f 4644 4649 4834
f 4643 4834 4642
f 4648 4647 4835
f 4648 4835 4372
f 4834 4371 4370
f 4642 4834 4370
f 4642 4370 4835
f 4646 4642 4835
f 4645 4835 4647
f 4646 4835 4645
f 4835 4370 4372
f 4379 4538 4437
f 4538 4534 4437
f 4437 4534 4374
f 3851 3856 3900
f 3744 3745 3848
f 3848 3745 3849
f 3848 3846 3740
f 3740 3744 3848
f 3900 3733 3740
f 3847 3900 3740
f 3856 3899 3900
f 3846 3847 3740
f 3843 3844 3730
f 3730 3728 3899
f 3843 3730 3899
f 3728 3726 3899
f 3734 3733 3900
f 3899 3726 3900
f 3851 3900 3847
f 3726 3734 3900
f 3843 3899 3856
f 3829 3698 3706
f 3829 3706 3705
f 3829 3705 3896
f 3828 3829 3896
f 3705 3704 3896
f 3828 3896 3827
f 3826 3827 3896
f 3826 3896 3704
f 3826 3704 3703
f 3826 3703 3702
f 3826 3702 3894
f 3825 3826 3894
f 3702 3701 3894
f 3825 3894 3824
f 3824 3894 3701
f 3829 3830 3698
f 3830 3887 3698
f 3831 3887 3830
f 3693 3707 3833
f 3885 3711 3674
f 3710 3711 3885
f 3823 3824 3701
f 3836 3710 3885
f 3709 3710 3835
f 3835 3710 3836
f 3835 3834 3708
f 3708 3709 3835
f 3707 3708 3833
f 3833 3708 3834
f 3833 3819 3693
f 3794 3836 3885
f 3823 3701 3700
f 3823 3700 3697
f 3823 3697 3891
f 3813 3688 3687
f 3813 3687 3886
f 3811 3813 3886
f 3687 3686 3886
f 3811 3886 3808
f 3806 3808 3886
f 3806 3886 3686
f 3813 3689 3688
f 3806 3686 3683
f 3806 3682 3805
f 3804 3805 3682
f 3682 3681 3804
f 3681 3680 3804
f 3804 3680 3803
f 3802 3803 3680
f 3680 3677 3802
f 3683 3682 3806
f 3813 3815 3689
f 3816 3888 3815
f 3822 3823 3891
f 3697 3696 3891
f 3822 3891 3821
f 3820 3821 3891
f 3820 3891 3696
f 3820 3696 3695
f 3820 3695 3694
f 3815 3888 3689
f 3820 3694 3888
f 3694 3689 3888
f 3692 3693 3818
f 3818 3693 3819
f 3818 3817 3691
f 3691 3692 3818
f 3672 3691 3801
f 3801 3691 3817
f 3816 3820 3888
f 3801 3799 3669
f 3669 3672 3801
f 3798 3669 3799
f 3798 3797 3663
f 3663 3664 3798
f 3662 3663 3796
f 3796 3663 3797
f 3664 3669 3798
f 3838 3837 4121
f 3839 3854 4123
f 4122 3839 4123
f 4093 4122 4123
f 3855 3858 4088
f 4088 3858 4092
f 4091 3857 3838
f 4091 3838 4121
f 4090 4091 4121
f 3858 3857 4091
f 4088 4089 4123
f 4123 3852 3855
f 4088 4123 3855
f 3854 3852 4123
f 4091 4092 3858
f 4093 4094 4122
f 4093 4123 4089
f 5624 5711 5622
f 5638 5713 5636
f 5550 5160 4829
f 4829 4981 5550
f 4971 4967 5711
f 5647 5657 4976
f 4976 4974 5647
f 4974 4971 5711
f 5647 4974 5711
f 5624 5647 5711
f 5638 5622 5711
f 5711 4967 4964
f 5711 4964 5713
f 5638 5711 5713
f 5642 5636 5713
f 5713 4961 4960
f 5642 5713 4960
f 4964 4961 5713
f 5657 4981 4976
f 5657 5550 4981
f 5657 5661 5550
f 5661 5552 5550
f 5031 4986 5716
f 5682 5031 5716
f 5029 5030 5722
f 5721 5029 5722
f 5680 5721 5722
f 5685 5680 5722
f 5685 5722 5687
f 5682 5722 5031
f 5682 5716 5640
f 5672 5675 5027
f 5027 5021 5672
f 5720 5015 5026
f 5675 5670 5720
f 5675 5720 5026
f 5675 5026 5027
f 5021 5024 5672
f 5676 5721 5680
f 5672 5024 5674
f 5682 5687 5722
f 5691 5723 5693
f 5665 5634 4983
f 4983 5010 5665
f 5722 5030 5031
f 5721 5034 5029
f 5723 5033 5034
f 5693 5723 5034
f 5693 5034 5721
f 5676 5693 5721
f 5674 5024 5032
f 5674 5032 5723
f 5691 5674 5723
f 5723 5032 5033
f 5666 5012 5015
f 5668 5015 5720
f 5222 4833 4972
f 5625 5222 4972
f 5631 5628 4978
f 4978 4982 5631
f 4982 4983 5631
f 5631 4983 5634
f 4972 4978 5625
f 5625 5477 5222
f 5625 4978 5628
f 5219 5212 4809
f 5219 4809 4830
f 5661 5433 5579
f 5180 5293 5162
f 5579 5180 5162
f 5579 5162 5552
f 5661 5579 5552
f 5219 5609 5212
f 5668 5666 5015
f 5641 5719 5637
f 5719 4993 4991
f 5668 5720 5670
f 5010 5012 5665
f 5665 5012 5666
f 5000 5007 5652
f 5652 5007 5655
f 5002 4993 5719
f 5641 5642 4960
f 5643 5719 4991
f 4960 5002 5719
f 5649 5643 4991
f 4991 4997 5649
f 5652 5646 4995
f 4995 5000 5652
f 5646 5649 4997
f 4997 4995 5646
f 5643 5637 5719
f 5641 4960 5719
f 5358 5357 5074
f 5074 5076 5358
f 5073 5074 5356
f 5356 5074 5357
f 5355 5484 5354
f 5484 5071 5068
f 5354 5484 5068
f 5353 5354 5068
f 5353 5067 5483
f 5352 5353 5483
f 5067 5066 5483
f 5353 5068 5067
f 5358 5078 5359
f 5076 5078 5358
f 5364 5359 5078
f 5406 5134 5133
f 5406 5133 5525
f 5130 5523 5133
f 5133 5523 5525
f 5520 5123 5506
f 5506 5123 5081
f 5515 5520 5504
f 5504 5520 5506
f 5518 5122 5520
f 5520 5122 5123
f 5503 5518 5515
f 5515 5518 5520
f 5518 5121 5122
f 5116 5121 5503
f 5503 5121 5518
f 5406 5526 5134
f 5406 5410 5526
f 5135 5134 5526
f 5413 5526 5410
f 5423 5422 5507
f 5507 5513 5423
f 5422 5403 5504
f 5504 5507 5422
f 5531 5529 5420
f 5420 5529 5417
f 5417 5529 5415
f 5400 5509 5515
f 5141 5139 5531
f 5531 5139 5528
f 5531 5528 5529
f 5135 5526 5137
f 5137 5526 5528
f 5413 5415 5529
f 5529 5528 5413
f 5528 5526 5413
f 5139 5137 5528
f 5403 5400 5515
f 5403 5515 5504
f 5395 5509 5400
f 5374 5376 5489
f 5489 5101 5100
f 5489 5100 5486
f 5374 5489 5486
f 5100 5097 5486
f 5374 5486 5370
f 5355 5370 5486
f 5378 5489 5376
f 5355 5486 5097
f 5355 5097 5484
f 5090 5091 5367
f 5367 5091 5368
f 5367 5366 5089
f 5089 5090 5367
f 5088 5089 5364
f 5364 5089 5366
f 5097 5093 5484
f 5078 5088 5364
f 5493 5495 5382
f 5495 5498 5385
f 5515 5509 5502
f 5502 5503 5515
f 5388 5498 5502
f 5395 5388 5502
f 5395 5502 5509
f 5385 5498 5388
f 5502 5500 5112
f 5382 5381 5493
f 5503 5502 5112
f 5502 5498 5495
f 5495 5500 5502
f 5500 5108 5112
f 5493 5106 5108
f 5495 5493 5108
f 5500 5495 5108
f 5385 5382 5495
f 5503 5112 5116
f 5420 5425 5531
f 5425 5536 5531
f 5536 5141 5531
f 5536 5142 5141
f 5490 5069 5145
f 5145 5488 5490
f 5488 5145 5144
f 5488 5144 5539
f 5360 5488 5539
f 5144 5143 5539
f 5423 5513 5373
f 5539 5536 5429
f 5429 5536 5426
f 5539 5143 5142
f 5142 5536 5539
f 5426 5536 5425
f 5429 5360 5539
f 4830 4943 4505
f 4831 4830 4505
f 4831 4505 4628
f 4832 4831 4628
f 4628 4226 4322
f 4628 4322 5046
f 4832 4628 5046
f 4832 5046 4833
f 5046 4322 4324
f 4283 4221 4615
f 4283 4615 4502
f 4941 4283 4502
f 4809 4943 4830
f 5048 4327 4328
f 4978 4327 5048
f 4978 4324 4327
f 5050 4336 4334
f 5050 4334 5051
f 4991 5050 5051
f 4997 4991 5051
f 5000 4995 5051
f 5051 4332 4330
f 5000 5051 4330
f 4997 5051 4995
f 4833 5046 4972
f 4978 5048 4982
f 5048 4328 4325
f 4982 5048 4325
f 4983 4982 4325
f 4972 5046 4324
f 4978 4972 4324
f 4993 5050 4991
f 4475 4879 4877
f 4877 4925 4474
f 4475 4877 4474
f 4472 4925 4923
f 4923 4471 4472
f 4922 4923 4877
f 4877 4923 4925
f 4925 4472 4474
f 4471 4923 4920
f 4919 4920 4922
f 4922 4920 4923
f 4917 4457 4464
f 4469 4920 4915
f 4915 4468 4469
f 4913 4915 4919
f 4919 4915 4920
f 4920 4469 4471
f 4879 4475 4476
f 4884 4476 4456
f 4476 4884 4879
f 4334 4332 5051
f 4911 4917 4464
f 5002 4960 4339
f 4960 5041 4340
f 5053 4333 4337
f 4325 4333 5053
f 4983 4325 5053
f 5026 5015 4344
f 4344 4347 5026
f 4347 4349 5026
f 5026 4349 5027
f 5021 5054 5024
f 5015 5012 5053
f 5053 4337 4344
f 5021 5027 5054
f 5015 5053 4344
f 4330 4315 5000
f 5000 4315 5007
f 4341 4336 5050
f 4280 4340 5041
f 4993 5002 4339
f 4339 4341 5050
f 4993 4339 5050
f 5010 5053 5012
f 5027 4320 5054
f 5029 4300 5030
f 5010 4983 5053
f 5029 5034 4317
f 4317 4286 5029
f 5054 4320 4307
f 5033 5032 4309
f 4309 4314 5033
f 4314 4317 5033
f 5027 4349 4320
f 5033 4317 5034
f 5032 5054 4307
f 5032 4307 4309
f 5031 5030 4300
f 4300 4302 5049
f 5031 4300 5049
f 5031 5049 4986
f 4286 4300 5029
f 5032 5024 5054
f 4960 4340 4339
f 4915 4911 4464
f 4468 4915 4464
f 4886 4911 4913
f 4700 4862 4704
f 4700 4699 4432
f 4700 4432 4434
f 4700 4434 4862
f 4431 4432 4697
f 4697 4432 4699
f 4697 4680 4408
f 4408 4431 4697
f 4694 4696 4857
f 4694 4857 4426
f 4694 4426 4424
f 4690 4694 4424
f 4424 4420 4851
f 4690 4424 4851
f 4690 4851 4685
f 4862 4434 4435
f 4707 4704 4439
f 4704 4862 4439
f 4862 4435 4439
f 4872 4446 4447
f 4721 4720 4445
f 4445 4446 4872
f 4721 4445 4872
f 4718 4870 4444
f 4720 4718 4444
f 4720 4444 4445
f 4420 4417 4851
f 4718 4716 4868
f 4870 4443 4444
f 4870 4868 4442
f 4442 4443 4870
f 4714 4709 4440
f 4440 4441 4714
f 4439 4440 4707
f 4707 4440 4709
f 4868 4870 4718
f 4685 4851 4417
f 4685 4417 4414
f 4685 4414 4842
f 4665 4654 4843
f 4838 4378 4388
f 4664 4842 4660
f 4659 4660 4842
f 4659 4842 4384
f 4659 4384 4383
f 4659 4383 4382
f 4654 4838 4843
f 4658 4659 4382
f 4658 4840 4657
f 4382 4381 4840
f 4657 4840 4381
f 4657 4381 4380
f 4657 4380 4839
f 4656 4657 4839
f 4656 4839 4655
f 4658 4382 4840
f 4872 4873 4722
f 4838 4389 4843
f 4843 4389 4390
f 4664 4685 4842
f 4414 4384 4842
f 4680 4678 4848
f 4680 4848 4402
f 4680 4402 4408
f 4676 4848 4678
f 4848 4399 4402
f 4838 4388 4389
f 4674 4396 4399
f 4676 4674 4848
f 4674 4670 4391
f 4391 4396 4674
f 4670 4668 4843
f 4843 4390 4391
f 4670 4843 4391
f 4665 4843 4668
f 4674 4399 4848
f 4380 4379 4839
f 4722 4721 4872
f 4872 4447 4873
f 4661 4451 4727
f 4727 4451 4395
f 4726 4727 4395
f 4726 4395 4844
f 4725 4726 4844
f 4844 4841 4725
f 4874 4450 4855
f 4397 4451 4661
f 4855 4450 4412
f 4681 4724 4874
f 4874 4855 4681
f 4723 4873 4448
f 4723 4448 4449
f 4724 4723 4449
f 4724 4449 4874
f 4722 4873 4723
f 4874 4449 4450
f 4873 4447 4448
f 4748 4740 4879
f 4879 4884 4882
f 4748 4879 4882
f 4742 4748 4882
f 4882 4881 4742
f 4740 4739 4877
f 4877 4879 4740
f 4758 4756 4891
f 4756 4892 4891
f 4892 4881 4893
f 4913 4911 4915
f 4908 4458 4459
f 4904 4893 4908
f 4904 4908 4459
f 4462 4904 4459
f 4882 4884 4456
f 4908 4882 4456
f 4756 4888 4892
f 4458 4908 4456
f 4893 4882 4908
f 4892 4893 4894
f 4894 4893 4904
f 4761 4891 4892
f 4765 4761 4892
f 4765 4892 4894
f 4888 4881 4892
f 4881 4882 4893
f 5195 5342 5194
f 5341 4774 5316
f 5316 4774 4739
f 5316 5312 5340
f 5340 5341 5316
f 5338 4768 5341
f 5341 4768 4774
f 5341 5340 5336
f 5336 5338 5341
f 5312 5307 5339
f 5339 5340 5312
f 5307 5305 5331
f 5331 5339 5307
f 5343 5342 5195
f 5344 5308 5299
f 5340 5339 5335
f 5299 5308 5302
f 5343 5344 5299
f 5308 5344 5332
f 5332 5305 5308
f 5191 5332 5344
f 5191 5344 5343
f 5195 5191 5343
f 5335 5336 5340
f 5188 5193 5335
f 5188 5335 5339
f 5190 5332 5191
f 5188 5331 5189
f 5186 5187 5330
f 5330 5329 5186
f 5186 5329 4753
f 5185 5186 4753
f 5185 4753 4750
f 5190 5305 5332
f 5185 4750 5328
f 4750 4749 5328
f 5328 4749 4741
f 5184 5328 4741
f 5183 5184 4741
f 5297 4745 4747
f 5327 4737 4744
f 4745 5297 5291
f 5185 5328 5184
f 5190 5189 5305
f 5321 5333 5192
f 5188 5339 5331
f 4768 5338 5337
f 5337 4766 4768
f 5334 5337 5336
f 5336 5337 5338
f 4766 5337 5324
f 5324 4735 4766
f 5189 5331 5305
f 5322 5324 5334
f 5336 5335 5333
f 5333 5334 5336
f 5333 5335 5192
f 5192 5335 5193
f 5334 5333 5321
f 5321 5322 5334
f 5192 5178 5321
f 5334 5324 5337
f 5291 5327 4744
f 4745 5291 4744
f 4741 4738 5183
f 5183 4738 5182
f 5157 5158 5289
f 5155 5291 5156
f 5148 5285 5151
f 5287 5288 5150
f 5150 5288 5154
f 5150 5151 5285
f 5285 4767 4746
f 5285 4746 5287
f 4772 4771 5285
f 5289 4772 5285
f 5149 5289 5285
f 5148 5149 5285
f 4773 4772 5289
f 4771 4767 5285
f 5150 5285 5287
f 5158 4759 5289
f 4759 4773 5289
f 5158 5294 4759
f 5157 5289 5149
f 4733 5323 5317
f 5317 4732 4733
f 5323 5320 5313
f 5313 5317 5323
f 5318 5320 5321
f 5321 5320 5322
f 5178 5177 5318
f 5320 5323 5324
f 5318 5321 5178
f 5311 5313 5320
f 5177 5176 5311
f 5311 5318 5177
f 4732 5317 5315
f 5315 4729 4732
f 5317 5313 5309
f 5309 5315 5317
f 5320 5318 5311
f 4729 5315 5298
f 5324 5322 5320
f 4735 5324 5323
f 4738 4736 5326
f 5182 4738 5326
f 5181 5182 5326
f 5180 5181 5326
f 5326 5293 5180
f 4737 5327 5325
f 5325 5326 4736
f 5323 4733 4735
f 4737 5325 4736
f 5325 5327 5291
f 5155 5325 5291
f 5326 5325 5292
f 5292 5293 5326
f 5154 5288 5292
f 5179 5154 5292
f 5179 5292 5325
f 5155 5179 5325
f 5298 4728 4729
f 5309 5298 5315
f 5167 5168 4775
f 4775 4754 5301
f 5167 4775 5301
f 4776 4775 5300
f 5298 5296 5297
f 5298 5297 4747
f 4728 5298 4747
f 5168 5300 4775
f 5166 5296 5298
f 5163 5298 5295
f 5156 5291 5297
f 5165 5156 5297
f 5165 5297 5296
f 5165 5296 5166
f 5163 5295 5164
f 5159 5294 5158
f 5163 5166 5298
f 5295 5298 5309
f 5303 4776 5300
f 5303 5282 4778
f 5174 5309 5313
f 5175 5174 5313
f 5175 5313 5311
f 5175 5311 5176
f 5295 5309 5164
f 5164 5309 5174
f 5146 5283 5173
f 5303 4778 4776
f 5172 5303 5169
f 5172 5173 5282
f 5172 5282 5303
f 5170 5306 5171
f 5170 5167 5301
f 5301 5306 5170
f 5168 5169 5303
f 5303 5300 5168
f 5173 5283 5282
f 5063 5064 5482
f 5350 5063 5482
f 5351 5350 5482
f 5349 5481 5062
f 5350 5349 5062
f 5350 5062 5063
f 5348 5481 5349
f 5482 5064 5065
f 5481 5061 5062
f 5348 5345 5059
f 5348 5061 5481
f 5480 5479 5347
f 5347 5479 5346
f 5480 5060 5057
f 5057 5478 5479
f 5480 5057 5479
f 5346 5479 5058
f 5346 5058 5059
f 5345 5346 5059
f 5478 5058 5479
f 5057 5056 5478
f 5056 5055 5478
f 5055 5058 5478
f 5348 5059 5061
f 5256 5257 5259
f 5121 5256 5259
f 5122 5121 5259
f 5253 5256 5116
f 5116 5256 5121
f 4718 4720 5256
f 5256 4720 5257
f 5256 5253 4716
f 4716 4718 5256
f 5112 5253 5116
f 5112 5108 5247
f 5112 5247 4826
f 4826 4716 5253
f 5112 4826 5253
f 5106 5247 5108
f 5257 4720 4721
f 5259 4721 4722
f 5257 4721 5259
f 5259 5262 5123
f 4725 5267 4726
f 4726 5267 5268
f 5134 5268 5133
f 5268 5267 5133
f 5133 5267 5130
f 5264 4724 5248
f 5248 4724 4681
f 4825 4824 5101
f 5248 5246 5262
f 5264 4723 4724
f 5264 5262 5259
f 5259 4722 4723
f 5264 5259 4723
f 5081 5123 5262
f 5262 5246 5081
f 5123 5122 5259
f 5262 5264 5248
f 5101 4824 5100
f 5097 5100 4824
f 4824 4823 5097
f 5066 5067 4690
f 4690 4685 5066
f 5068 4690 5067
f 4694 4690 5068
f 4696 4694 5071
f 4823 4822 5097
f 5097 4822 5093
f 4709 4714 5090
f 5090 4714 5091
f 5090 5089 4707
f 4707 4709 5090
f 4704 4707 5088
f 5071 4694 5068
f 5088 4707 5089
f 4700 4704 5088
f 4699 4700 5076
f 5076 4700 5078
f 5076 5074 4697
f 4697 4699 5076
f 4680 4697 5073
f 5073 4697 5074
f 5088 5078 4700
f 5134 4726 5268
f 5134 4727 4726
f 5134 5135 4727
f 5135 5137 4727
f 5143 4669 4667
f 5143 4667 5271
f 4667 4666 5271
f 5142 5143 5271
f 5271 5270 5142
f 5142 5270 5141
f 5271 4666 4663
f 5143 5144 4669
f 4663 5270 5271
f 5139 5141 4663
f 4663 4662 5269
f 5139 4663 5269
f 4662 4661 5269
f 5139 5269 5137
f 5269 4661 4727
f 5137 5269 4727
f 5141 5270 4663
f 5144 5274 4669
f 4671 4669 5274
f 5145 5274 5144
f 5069 4675 4671
f 5069 4671 5274
f 5145 5069 5274
f 2660 2829 2135
f 2660 2135 2137
f 2661 2138 2139
f 2661 2139 2832
f 2662 2661 2832
f 2832 2139 2140
f 2661 2660 2137
f 2137 2138 2661
f 2658 2134 2829
f 2659 2658 2829
f 2829 2134 2135
f 2658 2136 2134
f 2660 2663 2829
f 2659 2829 2663
f 2669 2833 2146
f 2690 2689 2152
f 2152 2153 2690
f 2687 2833 2668
f 2686 2150 2142
f 2686 2142 2833
f 2687 2686 2833
f 2662 2832 2684
f 2678 2154 2691
f 2686 2684 2832
f 2686 2140 2150
f 2146 2148 2669
f 2669 2148 2673
f 2678 2673 2148
f 2148 2149 2678
f 2669 2668 2833
f 2833 2143 2146
f 2686 2832 2140
f 2833 2142 2143
f 2149 2154 2678
f 2154 2152 2691
f 2691 2152 2689
f 2156 2159 2694
f 2694 2159 2695
f 2696 2695 2159
f 2159 2160 2696
f 2694 2690 2153
f 2153 2156 2694
f 2734 2208 2862
f 2862 2861 2732
f 2732 2861 2739
f 2734 2862 2732
f 2205 2207 2728
f 2728 2207 2730
f 2188 2205 2727
f 2727 2205 2728
f 2734 2730 2208
f 2730 2207 2208
f 2210 2835 2862
f 2835 2861 2862
f 2210 2862 2208
f 2614 2769 2599
f 2938 2940 3077
f 2591 2590 3074
f 3077 2591 3074
f 2938 3077 3074
f 2590 2587 3074
f 2581 2573 3066
f 2938 3074 2937
f 2593 2591 3077
f 2934 2937 3074
f 2934 2587 2584
f 2934 2584 2581
f 2934 2581 3066
f 2914 2934 3066
f 2931 3071 2890
f 2931 2925 3069
f 2575 2578 3071
f 2934 3074 2587
f 2942 3077 2940
f 2944 2593 3077
f 2574 2597 3070
f 2952 2879 3070
f 2942 2944 3077
f 2952 3070 2597
f 2949 2952 2596
f 2949 2596 2595
f 2949 2595 3081
f 2949 3081 2944
f 2595 2594 3081
f 2944 3081 2594
f 2944 2594 2593
f 2952 2597 2596
f 3069 2575 3071
f 2931 3069 3071
f 2924 3069 2925
f 2573 2572 3066
f 2884 3061 2880
f 2884 2891 3061
f 2891 3062 3061
f 2563 2562 3061
f 2914 3066 2572
f 2912 2914 2572
f 2572 2570 3065
f 2912 2572 3065
f 2912 3065 2909
f 2568 3063 2570
f 2570 3063 3065
f 3062 2563 3061
f 3065 3063 2909
f 2568 2566 3063
f 2896 2905 3063
f 2566 2565 3062
f 3063 2566 3062
f 2896 3063 3062
f 2565 2563 3062
f 2896 3062 2891
f 2909 3063 2905
f 2280 2284 2122
f 2276 2280 2119
f 2119 2280 2121
f 2120 2276 2119
f 2122 2121 2280
f 2122 2286 2123
f 2284 2286 2122
f 2123 2286 2124
f 2301 2297 2303
f 2303 2297 2300
f 2301 2241 2240
f 2240 2239 2301
f 2297 2301 2239
f 2239 2237 2297
f 2128 2300 2297
f 2241 2301 2303
f 2127 2128 2297
f 2127 2295 2126
f 2237 2236 2297
f 2297 2236 2295
f 2126 2295 2236
f 2125 2126 2236
f 2125 2236 2232
f 2125 2232 2048
f 2127 2297 2295
f 2303 2242 2241
f 2130 2300 2129
f 2129 2300 2128
f 2072 2246 2131
f 2131 2246 2242
f 2130 2131 2242
f 2130 2242 2303
f 2303 2300 2130
f 2162 2382 2161
f 2164 2387 2163
f 2389 2399 2176
f 2176 2399 2178
f 2399 2389 1745
f 2399 1745 1735
f 2386 2399 1735
f 2355 1714 1742
f 2355 1742 2389
f 2174 2355 2389
f 2176 2174 2389
f 2389 1742 1745
f 2178 2399 2179
f 2179 2399 2386
f 2179 2386 2403
f 2180 2179 2403
f 2394 1709 1706
f 2161 2382 2394
f 2164 2161 2394
f 2164 2394 2387
f 2387 1706 1703
f 2163 2387 1703
f 2165 2163 1703
f 2165 1703 2391
f 1706 2387 2394
f 2160 2355 2174
f 3488 3484 3322
f 3322 3335 3488
f 3311 3322 3482
f 3482 3322 3484
f 3338 3339 3492
f 3295 3296 3457
f 3457 3296 3461
f 3296 3297 3462
f 3462 3461 3296
f 3457 3463 3298
f 3298 3295 3457
f 3492 3491 3338
f 3297 3338 3491
f 3339 3311 3482
f 3482 3492 3339
f 3491 3462 3297
f 3674 3711 3444
f 3444 3446 3674
f 3443 3444 3710
f 3710 3444 3711
f 3710 3709 3441
f 3441 3443 3710
f 3438 3441 3708
f 3708 3441 3709
f 3708 3707 3431
f 3431 3438 3708
f 3428 3431 3693
f 3693 3431 3707
f 3404 3402 3768
f 3696 3404 3768
f 3695 3696 3768
f 3695 3768 3694
f 3402 3447 3768
f 3689 3694 3768
f 3768 3447 3440
f 3696 3697 3404
f 3689 3768 3440
f 3445 3428 3693
f 3692 3691 3442
f 3442 3445 3692
f 3427 3442 3672
f 3672 3442 3691
f 3689 3440 3439
f 3689 3439 3767
f 3693 3692 3445
f 3697 3770 3404
f 3700 3770 3697
f 3706 3698 3426
f 3426 3423 3706
f 3423 3422 3706
f 3706 3422 3705
f 3704 3705 3422
f 3422 3419 3704
f 3419 3415 3704
f 3770 3407 3404
f 3704 3415 3703
f 3415 3413 3702
f 3413 3411 3702
f 3702 3411 3701
f 3700 3701 3411
f 3411 3409 3770
f 3700 3411 3770
f 3409 3407 3770
f 3702 3703 3415
f 3688 3689 3767
f 3439 3437 3767
f 3686 3687 3767
f 3664 3421 3424
f 3662 3759 3663
f 3664 3759 3421
f 3664 3663 3759
f 3424 3425 3664
f 3686 3767 3437
f 3686 3437 3436
f 3686 3436 3435
f 3686 3435 3765
f 3683 3686 3765
f 3683 3765 3682
f 3435 3434 3765
f 3664 3425 3669
f 3682 3765 3434
f 3681 3434 3432
f 3680 3681 3432
f 3432 3430 3680
f 3430 3429 3680
f 3680 3429 3677
f 3672 3669 3425
f 3425 3427 3672
f 3681 3682 3434
f 3688 3767 3687
f 2463 2111 2637
f 3122 2463 2637
f 2947 3122 2637
f 3209 2460 2462
f 2634 2106 2460
f 2634 2460 3209
f 2946 2634 3209
f 3139 3209 3143
f 3139 2946 3209
f 3072 3068 3207
f 3135 3072 3207
f 2935 2919 3067
f 2793 3068 2608
f 2603 2793 2608
f 2603 2608 2794
f 3067 2603 2794
f 3135 2923 3072
f 3144 3209 2465
f 3144 3143 3209
f 3209 2462 2465
f 3136 3173 2469
f 2469 2470 3136
f 2467 2469 3167
f 3167 2469 3173
f 3167 3144 2465
f 2465 2467 3167
f 2616 3076 3086
f 2794 2616 3086
f 3067 2794 3086
f 2935 3067 3086
f 3092 2766 2631
f 2889 3056 2893
f 3123 3092 2922
f 2766 2761 2631
f 2761 2802 2631
f 2754 2751 2802
f 3068 2793 2792
f 3207 3068 2792
f 3207 2792 2786
f 3135 3207 3133
f 3207 2786 2784
f 3133 3207 2784
f 3133 2784 2571
f 2761 2754 2802
f 3131 3133 2571
f 3131 3057 3126
f 3126 3057 2569
f 3126 2569 2775
f 2775 2766 3092
f 3126 2775 3092
f 3123 3126 3092
f 2761 2756 2754
f 3131 2571 3057
f 3340 3381 3341
f 3343 3382 3035
f 3343 3035 3036
f 3383 3048 3049
f 3345 3344 3049
f 3383 3047 3048
f 3340 3343 3036
f 3036 3037 3381
f 3340 3036 3381
f 3382 3029 3035
f 3343 3342 3382
f 3344 3383 3049
f 2985 2996 3299
f 3299 2996 3308
f 3305 3377 3301
f 3307 3376 2989
f 3305 3307 2989
f 3305 2989 2993
f 3305 2993 3377
f 3301 3377 2991
f 3300 3301 2991
f 3300 2991 2987
f 2993 2991 3377
f 2965 2989 3376
f 3299 3300 2987
f 2987 2985 3299
f 3308 2998 3310
f 2996 2998 3308
f 2658 2659 2969
f 3022 3023 3109
f 3022 3109 2713
f 3022 2713 2715
f 2714 2713 3109
f 3020 3009 2706
f 2706 2712 3020
f 3008 3016 2709
f 2709 2705 3008
f 3018 3019 2711
f 2711 2710 3018
f 2712 2711 3020
f 3020 2711 3019
f 2710 2709 3018
f 3018 2709 3016
f 3011 3108 2708
f 3024 3107 3109
f 3107 2714 3109
f 3107 2701 2714
f 3024 3025 3107
f 3032 2719 3111
f 3032 3111 3033
f 3030 3085 3087
f 3030 3087 3110
f 3031 3030 3110
f 3083 3085 3027
f 3027 3085 3030
f 3011 2708 2707
f 2716 2717 3028
f 3005 3107 3025
f 3027 3026 3080
f 3080 3083 3027
f 3022 2715 2585
f 3022 2585 3080
f 3026 3022 3080
f 3024 3109 3023
f 3028 2717 3029
f 3010 3011 2707
f 3013 3108 3011
f 2707 2706 3010
f 3032 3031 2719
f 3010 2706 3009
f 3006 3007 2704
f 2704 2703 3006
f 2705 2704 3008
f 3008 2704 3007
f 2703 2702 3107
f 3006 2703 3107
f 3005 3006 3107
f 3106 2699 2700
f 2702 2701 3107
f 3031 3110 2719
f 3110 2601 2720
f 2744 2745 3048
f 3048 2745 3049
f 3106 2700 2744
f 3047 3106 2744
f 3048 3047 2744
f 3044 3119 3045
f 3046 3045 3119
f 3119 2743 2699
f 3046 3119 2699
f 3046 2699 3106
f 3044 3043 3118
f 3118 3117 3119
f 3044 3118 3119
f 3117 2741 3119
f 3119 2741 2743
f 2742 2740 3118
f 2726 2723 3112
f 3036 2726 3112
f 3037 3036 3112
f 2717 2725 3029
f 3029 2725 3035
f 3036 3035 2725
f 2725 2726 3036
f 3113 2729 2731
f 3112 2723 2724
f 2722 2716 3028
f 3111 2719 2721
f 3033 3111 2721
f 3034 3033 2721
f 3034 2721 2722
f 3110 2720 2718
f 3087 2601 3110
f 3028 3034 2722
f 3110 2718 2719
f 3039 2729 3113
f 3039 3112 2724
f 3118 2740 3117
f 3117 2740 2741
f 2739 2738 3116
f 2737 2736 3115
f 2735 2708 3108
f 3013 3042 3115
f 3013 3115 2736
f 3039 2724 2729
f 3013 2736 2735
f 3037 3112 3038
f 3039 3113 3040
f 3040 3113 2731
f 3040 2731 2733
f 3041 3040 2733
f 3041 2733 3114
f 3039 3038 3112
f 3013 2735 3108
f 2994 3099 2999
f 3002 3001 2694
f 2694 2695 3102
f 2684 2686 2983
f 2979 2978 2669
f 2979 2669 2673
f 2979 2673 3097
f 3097 2673 2678
f 2978 2977 2668
f 2668 2669 2978
f 2983 2982 2684
f 2659 2663 2969
f 2663 2660 2974
f 2974 2660 2971
f 2973 2972 2661
f 2661 2662 2973
f 2972 2971 2660
f 2660 2661 2972
f 2969 2967 2658
f 2969 2663 2974
f 2973 2684 2982
f 2686 2687 2984
f 3002 2694 3102
f 3102 2695 2696
f 3099 2690 2694
f 2999 3099 2694
f 3001 2999 2694
f 2994 2988 2691
f 2691 2689 3099
f 2662 2684 2973
f 2994 2691 3099
f 2986 3097 2678
f 2986 2678 2691
f 2988 2986 2691
f 3099 2689 2690
f 2687 2668 2984
f 2984 2668 2977
f 2984 2983 2686
f 2979 3097 2986
f 2887 2927 3091
f 3091 3079 2887
f 2614 3079 3091
f 2599 3079 2614
f 3237 3369 2937
f 3237 2937 2934
f 3294 3237 2934
f 3294 2914 3291
f 2931 2890 3293
f 3293 2890 3265
f 3293 3292 2925
f 2925 2931 3293
f 2924 2925 3281
f 3281 2925 3292
f 2934 2914 3294
f 3290 3291 2914
f 3019 3018 3352
f 3352 3018 3351
f 3352 3353 3020
f 3020 3019 3352
f 3350 3351 3018
f 3018 3016 3350
f 3007 3006 3348
f 3348 3006 3347
f 3008 3007 3348
f 3346 3347 3006
f 3006 3005 3346
f 3348 3349 3008
f 3316 3323 2974
f 2974 2971 3316
f 3319 3318 2972
f 2972 2973 3319
f 2971 2972 3316
f 3316 2972 3318
f 2967 2969 3312
f 2969 2974 3323
f 3312 2969 3313
f 3304 3376 3307
f 3303 3306 3378
f 3303 3378 2960
f 3303 2960 2964
f 3302 2963 2965
f 3304 3302 2965
f 3304 2965 3376
f 3309 3378 3306
f 3302 3303 2964
f 3323 3313 2969
f 2977 2978 3324
f 2988 2994 3337
f 3337 2994 3298
f 2979 2986 3329
f 3329 2986 3336
f 3337 3336 2986
f 2986 2988 3337
f 3324 3334 2984
f 3324 2978 3327
f 2984 2977 3324
f 3333 2984 3334
f 2973 2982 3319
f 3319 2982 3331
f 3333 3331 2982
f 2982 2983 3333
f 3329 3327 2978
f 2978 2979 3329
f 2983 2984 3333
f 2964 2963 3302
f 2914 2912 3290
f 2912 2909 3290
f 3290 2909 3289
f 3160 3219 3170
f 2522 2136 2658
f 3219 2522 2658
f 3170 3219 2658
f 2967 3170 2658
f 3168 3218 3158
f 3165 2506 2517
f 3165 2517 3218
f 3168 3165 3218
f 3160 3158 3218
f 2518 2521 3219
f 3218 2518 3219
f 3160 3218 3219
f 3219 2521 2522
f 3218 2517 2518
f 3276 3274 2955
f 2955 2956 3276
f 2954 2955 3271
f 3271 2955 3274
f 3271 3268 2953
f 2953 2954 3271
f 2951 2953 3266
f 3276 2957 3278
f 3266 2953 3268
f 2950 2951 3266
f 2948 2950 3262
f 3262 2950 3264
f 3259 3258 2918
f 2918 2919 3259
f 2915 2918 3256
f 3256 2918 3258
f 3266 3264 2950
f 3256 3252 2911
f 2956 2957 3276
f 3280 3278 2957
f 3288 3289 2909
f 2909 2905 3288
f 2905 2896 3288
f 3288 2896 3287
f 3286 3287 2896
f 2896 2891 3286
f 3286 2891 2884
f 2957 2958 3280
f 3286 2884 3370
f 2884 2880 3370
f 3285 3370 3284
f 3283 3284 3370
f 3283 3370 2880
f 3283 2880 2959
f 3281 3280 2958
f 2958 2924 3281
f 3285 3286 3370
f 2911 2915 3256
f 3248 2911 3252
f 3231 3230 2928
f 3230 2877 2928
f 2903 2911 3248
f 3230 3368 2877
f 3232 3231 2928
f 3248 3246 2895
f 2895 2903 3248
f 2894 2895 3245
f 3245 2895 3246
f 2893 2894 3241
f 3241 2894 3245
f 2888 2889 3236
f 2928 2929 3232
f 3236 2889 3238
f 2886 2888 3236
f 2882 2886 3234
f 3234 2886 3235
f 3234 3233 2878
f 2878 2882 3234
f 2929 2878 3232
f 3232 2878 3233
f 3236 3235 2886
f 1360 1800 1799
f 1799 1798 1567
f 1360 1799 1567
f 1805 1361 1417
f 2534 1798 1673
f 2534 1673 2307
f 2507 2534 2307
f 2114 2507 2307
f 1567 1798 2534
f 2534 1564 1567
f 2505 2534 2507
f 2503 1560 1564
f 2503 1564 2534
f 2505 2503 2534
f 1558 1560 2500
f 2531 1842 1540
f 1842 1414 1540
f 2531 1845 1842
f 2226 1845 2225
f 2500 1560 2503
f 2226 2096 2273
f 2226 2273 1665
f 2226 1665 1845
f 2531 2224 2225
f 1845 2531 2225
f 2500 2498 1557
f 1557 1558 2500
f 2498 2494 1551
f 2468 2526 1528
f 2466 2468 1528
f 1528 1527 2466
f 1527 1525 2466
f 2466 1525 2464
f 2461 2464 1525
f 1525 1523 2525
f 2526 1532 1528
f 2461 1525 2525
f 2468 2471 2526
f 1533 1532 2526
f 1551 1557 2498
f 1548 1551 2492
f 2492 1551 2494
f 2492 2489 1546
f 1546 1548 2492
f 2224 2531 2482
f 2531 1540 1537
f 2473 2526 2471
f 2531 1537 2528
f 2479 2482 2528
f 2479 2528 2476
f 1537 1535 2528
f 2528 1535 1533
f 2476 2528 1533
f 2476 1533 2526
f 2473 2476 2526
f 2482 2531 2528
f 1704 1702 2349
f 1707 1705 2351
f 1707 2351 2341
f 1708 1707 2341
f 2343 1708 2341
f 1704 2349 2345
f 1705 1704 2345
f 2351 1705 2345
f 2141 2341 2351
f 2157 2141 2351
f 2157 2351 2345
f 1701 1700 2350
f 1702 1701 2350
f 2133 2339 2132
f 1702 2350 2344
f 2349 1702 2344
f 1700 1696 2339
f 2350 1700 2339
f 2158 2350 2339
f 2133 2158 2339
f 2158 2147 2344
f 2144 2341 2141
f 2344 2350 2158
f 2151 2155 2349
f 2151 2349 2344
f 2157 2345 2155
f 2151 2344 2147
f 2145 2342 2343
f 2144 2145 2343
f 2144 2343 2341
f 2155 2345 2349
f 3350 3008 3349
f 2755 2749 2098
f 2755 2098 2095
f 2755 2095 2807
f 2807 2093 2096
f 2755 2807 2096
f 2753 2755 2096
f 2095 2091 2807
f 2643 2642 2071
f 2071 2073 2643
f 2642 2641 2067
f 2067 2071 2642
f 2804 2063 2067
f 2640 2804 2067
f 2641 2640 2067
f 2643 2075 2644
f 2063 2804 2801
f 2639 2804 2640
f 2801 2804 2638
f 2638 2804 2639
f 2111 2109 2637
f 2637 2109 2636
f 2636 2109 2086
f 2626 2636 2086
f 2801 2059 2063
f 2073 2075 2643
f 2645 2644 2075
f 2807 2091 2093
f 2562 2753 2096
f 2649 2562 2096
f 2649 2096 2226
f 2649 2226 2806
f 2806 2805 2649
f 2649 2805 2648
f 2075 2077 2645
f 2226 2225 2806
f 2806 2224 2805
f 2081 2084 2647
f 2647 2084 2575
f 2647 2646 2078
f 2078 2081 2647
f 2646 2645 2077
f 2077 2078 2646
f 2225 2224 2806
f 2626 2086 2796
f 2094 2101 2800
f 2634 2633 2100
f 2100 2106 2634
f 2600 2790 2792
f 2600 2792 2793
f 2786 2792 2790
f 2790 2781 2786
f 2788 2790 2580
f 2580 2790 2583
f 2781 2790 2788
f 2600 2583 2790
f 2788 2773 2781
f 2577 2764 2773
f 2579 2577 2773
f 2579 2773 2788
f 2567 2764 2577
f 2781 2777 2786
f 2786 2777 2784
f 2571 2784 2777
f 2579 2788 2580
f 2569 2571 2777
f 2600 2793 2603
f 2619 2795 2618
f 2633 2629 2800
f 2633 2800 2101
f 2633 2101 2100
f 2799 2080 2800
f 2800 2080 2094
f 2080 2799 2795
f 2086 2080 2795
f 2611 2794 2608
f 2796 2086 2795
f 2627 2800 2629
f 2627 2618 2795
f 2795 2799 2627
f 2626 2796 2622
f 2796 2795 2622
f 2622 2795 2619
f 2616 2794 2611
f 2799 2800 2627
f 2569 2777 2775
f 2773 2767 2777
f 2074 2072 2754
f 2754 2072 2751
f 2068 2750 2748
f 2748 2061 2068
f 2558 2748 2559
f 2754 2756 2074
f 2777 2781 2773
f 2756 2068 2074
f 2559 2750 2560
f 2767 2766 2777
f 2777 2766 2775
f 2767 2773 2764
f 2764 2763 2767
f 2763 2761 2767
f 2767 2761 2766
f 2567 2564 2759
f 2756 2750 2068
f 2759 2763 2764
f 2761 2763 2759
f 2759 2756 2761
f 2561 2759 2564
f 2750 2756 2759
f 2560 2750 2759
f 2561 2560 2759
f 2748 2750 2559
f 2567 2759 2764
f 3016 3008 3350
f 3025 3024 3385
f 3939 3931 3593
f 3593 3608 3939
f 3933 3936 3599
f 3599 3596 3933
f 3603 3599 3937
f 3937 3599 3936
f 3596 3593 3933
f 3933 3593 3931
f 3589 3586 3996
f 3884 3883 3548
f 3548 3408 3678
f 3884 3548 3678
f 3807 3884 3678
f 3883 3945 3631
f 3631 3548 3883
f 3942 3939 3996
f 3939 3589 3996
f 3939 3608 3589
f 3601 3582 3998
f 4003 4002 4004
f 4003 3996 3586
f 4003 3586 3598
f 4003 3598 4000
f 4002 4000 3592
f 4002 3592 3601
f 4002 3601 3998
f 3629 3631 3943
f 3598 3592 4000
f 3999 3791 3792
f 3587 3999 3792
f 3792 3793 3584
f 3587 3792 3584
f 3999 3998 3582
f 3999 3582 3496
f 3999 3496 3791
f 3793 3494 3584
f 3943 3631 3945
f 3943 3941 3627
f 3627 3629 3943
f 3913 3613 3987
f 3912 3913 3987
f 3912 3987 3911
f 3611 3610 3987
f 3987 3610 3607
f 3911 3987 3607
f 3909 3911 3607
f 3613 3611 3987
f 3907 3909 3607
f 3607 3595 3907
f 4000 4002 4003
f 3916 3613 3913
f 3617 3615 3916
f 3625 3627 3932
f 3932 3627 3941
f 3932 3928 3992
f 3932 3992 3624
f 3932 3624 3625
f 3992 3622 3624
f 3927 3992 3928
f 3615 3613 3916
f 3925 3578 3622
f 3927 3925 3992
f 3920 3802 3677
f 3677 3429 3618
f 3920 3677 3618
f 3618 3617 3920
f 3920 3617 3918
f 3916 3918 3617
f 3925 3622 3992
f 4002 3999 4005
f 3999 3587 3606
f 3966 4007 3967
f 3961 3967 4007
f 4007 3639 3640
f 3961 4007 3640
f 3637 3638 4007
f 3965 3637 4007
f 3966 3965 4007
f 4007 3638 3639
f 4004 3616 3619
f 4006 3620 3621
f 3947 3946 4006
f 3947 4006 3621
f 3947 3621 3623
f 3620 4006 4003
f 4003 4004 3619
f 3949 3626 3948
f 3620 4003 3619
f 3942 4003 4006
f 3946 3942 4006
f 4005 3606 3614
f 3616 4004 4002
f 4002 4005 3614
f 3616 4002 3614
f 3606 4005 3999
f 3942 3996 4003
f 3998 3999 4002
f 3628 3626 3949
f 3632 3630 3951
f 3965 3964 4001
f 4001 3636 3637
f 3965 4001 3637
f 3962 4001 3964
f 3937 3948 3626
f 3626 3603 3937
f 3951 3956 3633
f 3951 3630 3950
f 3633 3632 3951
f 3635 3634 3958
f 3960 3922 3574
f 3574 3635 3960
f 3634 3633 3958
f 3958 3633 3956
f 3949 3950 3630
f 3630 3628 3949
f 3958 3960 3635
f 3741 3743 3876
f 3876 3743 3881
f 3742 3730 3879
f 3879 3730 3844
f 3879 3881 3743
f 3743 3742 3879
f 3876 3842 3718
f 3718 3741 3876
f 3839 3724 3854
f 3902 3714 3901
f 3837 3902 3901
f 3715 3714 3902
f 3713 3712 3901
f 3714 3713 3901
f 3716 3724 3839
f 3837 3838 3902
f 3855 3905 3858
f 3857 3902 3838
f 3857 3858 3905
f 3719 3715 3902
f 3905 3719 3902
f 3857 3905 3902
f 3722 3720 3905
f 3852 3722 3905
f 3852 3854 3724
f 3724 3722 3852
f 3720 3719 3905
f 3855 3852 3905
f 4085 3837 3841
f 4085 3841 4120
f 4083 4084 4120
f 3840 3842 4118
f 4120 3840 4118
f 4083 4120 4118
f 3841 3840 4120
f 4085 4121 3837
f 4081 4119 4079
f 3876 3881 4119
f 4118 3876 4119
f 4081 4118 4119
f 4119 3879 3844
f 4119 3844 4112
f 4079 4119 4112
f 4078 4079 4112
f 4081 4082 4118
f 3881 3879 4119
f 4085 4086 4121
f 4083 4118 4082
f 4085 4120 4084
f 4090 4121 4086
f 4078 4112 4058
f 3842 3876 4118
f 3381 3037 3038
f 3584 3494 3540
f 3381 3038 3039
f 3341 3381 3039
f 3540 3341 3039
f 3540 3039 3040
f 3584 3540 3040
f 3040 3041 3658
f 3584 3040 3658
f 3584 3658 3587
f 3009 3020 3353
f 3582 3009 3353
f 3582 3353 3537
f 3496 3582 3537
f 3612 3657 3581
f 3153 3042 3592
f 3592 3598 3153
f 3592 3013 3601
f 3042 3013 3592
f 3620 3043 3621
f 3621 3043 3044
f 3623 3621 3044
f 3623 3044 3045
f 3623 3045 3046
f 3620 3619 3172
f 3172 3174 3620
f 3146 3151 3657
f 3614 3606 3161
f 3163 3169 3614
f 3614 3169 3616
f 3606 3587 3658
f 3606 3658 3159
f 3606 3159 3161
f 3598 3586 3156
f 3156 3153 3598
f 3161 3163 3614
f 3499 3146 3657
f 3612 3499 3657
f 3579 3656 3604
f 3174 3043 3620
f 3145 3141 3574
f 3155 3145 3602
f 3602 3145 3577
f 3602 3604 3656
f 3656 3148 3155
f 3602 3656 3155
f 3579 3581 3657
f 3657 3150 3149
f 3657 3149 3656
f 3151 3150 3657
f 3149 3148 3656
f 3498 3459 3310
f 3310 2998 3146
f 3498 3310 3146
f 3499 3498 3146
f 3574 3577 3145
f 3579 3657 3656
f 3169 3172 3619
f 3658 3041 3159
f 3647 3542 3636
f 3046 3047 3383
f 3623 3046 3383
f 3623 3383 3344
f 3647 3623 3344
f 3647 3344 3542
f 3203 3198 3646
f 3646 3198 3641
f 3640 3661 3643
f 3201 3202 3644
f 3644 3202 3645
f 3646 3645 3202
f 3202 3203 3646
f 3644 3643 3661
f 3661 3193 3201
f 3644 3661 3201
f 3187 3183 3633
f 3633 3183 3632
f 3635 3660 3634
f 3635 3574 3141
f 3141 3186 3660
f 3635 3141 3660
f 3660 3184 3187
f 3626 3177 3603
f 3634 3660 3187
f 3186 3184 3660
f 3182 3181 3630
f 3630 3181 3628
f 3630 3632 3183
f 3183 3182 3630
f 3626 3628 3181
f 3181 3179 3626
f 3633 3634 3187
f 3619 3616 3169
f 3179 3177 3626
f 3345 3049 3190
f 3199 3200 3659
f 3642 3199 3659
f 3605 3642 3659
f 3659 3200 3165
f 3642 3641 3198
f 3198 3199 3642
f 3640 3639 3196
f 3637 3345 3190
f 3196 3192 3661
f 3190 3194 3637
f 3637 3194 3638
f 3639 3638 3194
f 3194 3196 3639
f 3661 3192 3193
f 3636 3542 3345
f 3637 3636 3345
f 3640 3196 3661
f 3346 3005 3025
f 3358 3346 3025
f 3358 3025 3385
f 3356 3386 3387
f 3357 3356 3387
f 3357 3387 3388
f 3356 3354 3384
f 3358 3385 3355
f 3384 3386 3356
f 3386 3027 3387
f 3386 3384 3022
f 3022 3026 3386
f 3355 3385 3024
f 3355 3024 3023
f 3355 3023 3384
f 3354 3355 3384
f 3026 3027 3386
f 3388 3389 3359
f 3360 3382 3342
f 3389 3034 3028
f 3034 3389 3388
f 3388 3033 3034
f 3390 3031 3032
f 3387 3390 3032
f 3359 3357 3388
f 3388 3387 3032
f 3390 3030 3031
f 3027 3030 3387
f 3387 3030 3390
f 3360 3359 3389
f 3389 3028 3029
f 3360 3389 3029
f 3360 3029 3382
f 3033 3388 3032
f 3257 3255 3517
f 3426 3517 3255
f 3426 3255 3253
f 3426 3433 3517
f 3741 3790 3743
f 3742 3787 3730
f 3742 3743 3790
f 3790 3465 3454
f 3790 3454 3787
f 3742 3790 3787
f 3741 3718 3782
f 3467 3466 3790
f 3741 3782 3790
f 3468 3467 3782
f 3466 3465 3790
f 3782 3467 3790
f 3719 3460 3715
f 3477 3472 3722
f 3722 3472 3720
f 3722 3724 3478
f 3478 3477 3722
f 3719 3720 3472
f 3472 3471 3719
f 3471 3460 3719
f 3783 3464 3469
f 3716 3783 3469
f 3716 3478 3724
f 3469 3478 3716
f 3458 3453 3714
f 3714 3453 3713
f 3714 3715 3460
f 3460 3458 3714
f 3712 3713 3453
f 3453 3449 3712
f 3023 3022 3384
f 3759 3417 3421
f 3662 3690 3781
f 3416 3417 3759
f 3781 3416 3759
f 3662 3781 3759
f 3685 3781 3690
f 3684 3412 3414
f 3684 3414 3781
f 3685 3684 3781
f 3410 3412 3679
f 3679 3412 3684
f 3679 3678 3408
f 3781 3414 3416
f 3408 3410 3679
f 3673 3780 3676
f 3779 3400 3401
f 3769 3771 3773
f 3773 3771 3774
f 3771 3766 3396
f 3771 3396 3397
f 3772 3771 3397
f 3771 3769 3764
f 3764 3766 3771
f 3771 3772 3775
f 3766 3395 3396
f 3764 3394 3395
f 3766 3764 3395
f 3762 3393 3394
f 3764 3763 3761
f 3761 3762 3764
f 3757 3761 3758
f 3758 3761 3763
f 3764 3762 3394
f 3762 3761 3392
f 3775 3774 3771
f 3665 3666 3773
f 3779 3401 3780
f 3673 3779 3780
f 3671 3667 3775
f 3775 3779 3671
f 3779 3399 3400
f 3779 3775 3772
f 3779 3772 3398
f 3665 3773 3774
f 3779 3398 3399
f 3670 3778 3668
f 3668 3778 3777
f 3668 3777 3776
f 3666 3668 3776
f 3667 3665 3774
f 3774 3775 3667
f 3666 3776 3773
f 3772 3397 3398
f 3673 3671 3779
f 3392 3393 3762
f 3391 3392 3761
f 3761 3757 3391
f 3418 3757 3420
f 3420 3757 3758
f 3418 3391 3757
f 783 826 842
f 842 826 752
f 760 822 820
f 781 760 820
f 782 781 820
f 782 820 824
f 824 826 783
f 782 824 783
f 820 813 824
f 909 913 716
f 909 716 988
f 714 715 911
f 911 715 912
f 911 910 712
f 712 714 911
f 908 988 713
f 913 717 716
f 908 713 712
f 909 988 908
f 982 985 906
f 906 985 907
f 981 985 982
f 982 979 981
f 905 982 906
f 902 974 979
f 910 908 712
f 716 713 988
f 913 914 718
f 920 919 989
f 989 723 724
f 989 724 990
f 920 989 990
f 989 722 723
f 918 989 919
f 718 717 913
f 721 722 989
f 918 917 989
f 917 916 720
f 720 721 917
f 719 720 915
f 915 720 916
f 915 912 715
f 715 719 915
f 917 721 989
f 905 902 979
f 905 979 982
f 980 981 979
f 874 975 687
f 887 973 702
f 889 887 702
f 702 704 974
f 889 702 974
f 973 697 702
f 886 973 887
f 975 778 687
f 886 884 695
f 886 695 973
f 691 695 882
f 882 695 884
f 882 880 690
f 690 691 882
f 689 690 877
f 877 690 880
f 695 697 973
f 877 876 688
f 874 892 975
f 976 778 975
f 979 978 980
f 980 978 708
f 980 708 709
f 977 980 709
f 979 974 704
f 979 704 707
f 978 979 707
f 895 975 892
f 978 707 708
f 977 709 780
f 896 977 780
f 896 780 976
f 976 975 896
f 896 975 895
f 780 779 976
f 779 778 976
f 896 897 977
f 889 974 902
f 688 689 877
f 687 686 873
f 873 874 687
f 686 685 873
f 873 685 872
f 871 872 685
f 685 684 871
f 684 683 871
f 871 683 870
f 589 671 657
f 656 657 671
f 671 658 656
f 671 672 662
f 662 661 671
f 575 658 671
f 586 575 671
f 589 672 671
f 586 671 661
f 652 664 669
f 662 669 664
f 664 660 662
f 664 650 458
f 664 458 476
f 664 476 655
f 660 664 655
f 650 664 652
f 589 587 672
f 669 662 673
f 673 662 672
f 590 673 591
f 673 672 591
f 591 672 587
f 588 652 669
f 590 588 669
f 590 669 673
f 655 653 660
f 661 662 660
f 584 661 660
f 582 584 660
f 643 465 472
f 645 649 567
f 567 649 568
f 567 566 642
f 642 643 645
f 567 642 645
f 562 470 461
f 645 472 473
f 566 562 461
f 564 644 563
f 560 453 468
f 560 468 644
f 564 560 644
f 563 644 467
f 563 467 470
f 562 563 470
f 566 461 642
f 468 467 644
f 643 472 645
f 645 473 649
f 586 661 584
f 660 653 582
f 582 653 570
f 656 658 579
f 579 658 578
f 578 658 575
f 456 646 654
f 649 473 475
f 476 456 654
f 653 655 654
f 569 653 654
f 573 569 654
f 654 646 572
f 572 646 565
f 573 654 572
f 570 653 569
f 655 476 654
f 460 465 642
f 461 460 642
f 642 465 643
f 455 453 561
f 561 453 560
f 1973 1970 1975
f 1975 1970 1974
f 1972 1974 1970
f 1970 1936 1972
f 1968 1969 1711
f 1711 1969 1714
f 1966 1969 1968
f 1968 1957 1966
f 1697 1950 1947
f 1697 1947 1968
f 1711 1697 1968
f 1947 1379 1380
f 1968 1947 1380
f 1957 1968 1380
f 1966 1957 1381
f 1974 1972 1976
f 1976 1978 1974
f 1982 1974 1978
f 1975 1974 1982
f 1729 1727 2000
f 1729 2000 2005
f 2000 1998 2005
f 2005 1998 1943
f 1982 1978 2003
f 2003 1978 2000
f 1978 1976 2000
f 1959 1966 1381
f 2000 1976 1998
f 1718 1996 1975
f 1718 1975 1982
f 1723 1718 1982
f 1979 1996 1715
f 1715 1996 1716
f 1979 1973 1996
f 1996 1973 1975
f 1716 1996 1718
f 1959 1381 1382
f 1959 1382 1384
f 1957 1380 1381
f 1727 2003 2000
f 1945 1934 1950
f 1950 1934 1947
f 1934 1378 1947
f 1947 1378 1379
f 1943 1373 1377
f 1945 1943 1377
f 1934 1945 1377
f 1378 1934 1377
f 1372 1929 1376
f 1378 1372 1376
f 1929 1370 1376
f 1375 1369 1927
f 1378 1377 1372
f 1982 2003 1731
f 1731 2003 1727
f 1743 1950 1697
f 1743 1741 1945
f 1945 1950 1743
f 1729 2005 1733
f 2005 1943 1945
f 1733 2005 1945
f 1741 1733 1945
f 1731 1723 1982
f 1637 1841 1640
f 1637 1633 1838
f 1838 1841 1637
f 1350 1840 1838
f 1838 1831 1346
f 1350 1838 1346
f 1831 1344 1346
f 1633 1632 1831
f 1632 1630 1829
f 1829 1328 1344
f 1829 1344 1831
f 1632 1829 1831
f 1831 1838 1633
f 1846 1838 1840
f 1841 1838 1846
f 1643 1846 1847
f 1643 1640 1846
f 1650 1645 1847
f 1847 1851 1650
f 1643 1847 1645
f 1849 1357 1851
f 1847 1846 1851
f 1851 1846 1849
f 1846 1840 1352
f 1849 1846 1352
f 1355 1849 1352
f 1840 1350 1352
f 1640 1841 1846
f 1849 1355 1357
f 2085 2082 2302
f 2302 1643 1645
f 2085 2302 1645
f 2070 2302 2082
f 2302 1640 1643
f 2070 2066 2289
f 2289 1637 1640
f 2289 1640 2302
f 2070 2289 2302
f 2288 1633 2289
f 2289 1633 1637
f 2293 1632 2288
f 2288 1632 1633
f 2293 1630 1632
f 2064 2289 2066
f 2288 2289 2060
f 2060 2289 2064
f 1503 1502 1509
f 1393 1384 1503
f 1503 1509 1393
f 6264 6263 6285
f 6190 6203 6256
f 6256 6203 6263
f 6262 6284 6261
f 6284 6202 6201
f 6261 6284 6201
f 6260 6261 6201
f 6259 6260 6201
f 6201 6197 6283
f 6259 6201 6283
f 6259 6283 6258
f 6197 6196 6283
f 6194 6193 6281
f 6258 6283 6196
f 6258 6196 6195
f 6263 6204 6285
f 6263 6203 6204
f 6285 6204 6205
f 6257 6258 6195
f 6257 6195 6194
f 6254 6257 6194
f 6254 6194 6281
f 6192 6191 6282
f 6192 6282 6280
f 6193 6192 6280
f 6281 6193 6280
f 6255 6282 6191
f 6256 6255 6191
f 6256 6191 6190
f 6255 6252 6280
f 6253 6254 6281
f 6281 6280 6253
f 6253 6280 6252
f 6280 6282 6255
f 6308 6309 6377
f 6377 6309 6358
f 6296 6308 6368
f 6368 6308 6377
f 6306 6409 6307
f 6306 6305 6409
f 6376 6362 6402
f 6402 6409 6376
f 6409 6305 6304
f 6376 6409 6304
f 6375 6376 6304
f 6375 6304 6408
f 6307 6409 6402
f 6304 6303 6408
f 6426 6430 6370
f 6370 6369 6461
f 6426 6370 6461
f 6367 6368 6428
f 6428 6368 6429
f 6428 6427 6365
f 6365 6367 6428
f 6461 6366 6365
f 6425 6461 6365
f 6427 6425 6365
f 6426 6461 6425
f 6369 6366 6461
f 6371 6370 6430
f 6430 6431 6371
f 6431 6372 6371
f 6418 6429 6458
f 6376 6467 6362
f 6362 6467 6463
f 6376 6375 6467
f 6463 6467 6423
f 6423 6467 6435
f 6434 6435 6467
f 6434 6467 6375
f 6434 6374 6373
f 6434 6373 6465
f 6433 6434 6465
f 6373 6372 6465
f 6433 6465 6432
f 6432 6465 6372
f 6431 6432 6372
f 6434 6375 6374
f 6375 6408 6374
f 6373 6374 6408
f 6373 6408 6303
f 6366 6407 6365
f 6365 6295 6294
f 6373 6303 6302
f 6302 6301 6373
f 6373 6301 6372
f 6301 6300 6372
f 6372 6300 6371
f 6299 6295 6407
f 6370 6371 6300
f 6367 6365 6294
f 6300 6298 6370
f 6297 6299 6407
f 6366 6297 6407
f 6298 6297 6370
f 6370 6297 6369
f 6368 6367 6294
f 6294 6296 6368
f 6365 6407 6295
f 6366 6369 6297
f 6429 6368 6458
f 6090 6087 6169
f 6169 6087 6084
f 6084 6168 6169
f 6168 6084 6082
f 6082 6167 6168
f 6082 6080 6167
f 6368 6377 6458
f 6539 6481 6540
f 6539 6538 6478
f 6478 6480 6539
f 6479 6478 6538
f 6480 6481 6539
f 6540 6482 6541
f 6522 6483 6538
f 6545 6543 6529
f 6529 6543 6526
f 6540 6541 6544
f 6527 6540 6544
f 6528 6527 6544
f 6539 6540 6524
f 6524 6540 6527
f 6529 6544 6545
f 6543 6542 6526
f 6525 6542 6484
f 6525 6484 6483
f 6523 6525 6483
f 6524 6522 6538
f 6538 6539 6524
f 6522 6523 6483
f 6483 6479 6538
f 6526 6542 6525
f 6481 6482 6540
f 6544 6546 6545
f 6485 6484 6542
f 6546 6491 6488
f 6491 6546 6544
f 6544 6490 6491
f 6529 6528 6544
f 6541 6489 6544
f 6541 6482 6489
f 6546 6488 6487
f 6487 6545 6546
f 6545 6487 6486
f 6486 6543 6545
f 6485 6542 6486
f 6486 6542 6543
f 6544 6489 6490
f 6406 6345 6344
f 6330 6405 6344
f 6344 6405 6406
f 6345 6406 6404
f 6364 6466 6346
f 6404 6364 6346
f 6345 6404 6346
f 6462 6460 6361
f 6462 6361 6401
f 6346 6462 6401
f 6346 6401 6329
f 6346 6466 6462
f 6458 6377 6358
f 5136 5244 4673
f 5136 4673 4672
f 5136 4672 5281
f 5136 5281 5131
f 4672 4719 5281
f 5128 5131 5281
f 5128 5281 4719
f 5136 5138 5244
f 4719 4717 5280
f 4717 4715 5280
f 5127 5128 5280
f 5280 5279 5127
f 5280 4715 4713
f 4713 5279 5280
f 5127 5279 5124
f 5124 5279 4713
f 5128 4719 5280
f 5079 5244 5138
f 5124 4713 4712
f 5075 5124 4712
f 5075 4712 5245
f 4712 4679 5245
f 5273 5266 4692
f 5273 4692 4698
f 5275 5273 4698
f 5273 5272 5263
f 5263 5266 5273
f 5103 5272 5107
f 5103 5098 5263
f 5109 5273 5276
f 5263 5272 5103
f 5263 5261 4688
f 5263 4688 4689
f 5266 5263 4689
f 5258 4687 5261
f 5261 4687 4688
f 5251 4686 5258
f 5258 4686 4687
f 5266 4689 4692
f 5251 4683 4686
f 5109 5107 5273
f 5273 5275 5277
f 5105 5119 5278
f 5278 5265 5105
f 5117 5278 5119
f 5265 5278 4711
f 4711 4701 5265
f 5117 5115 5277
f 4708 4711 5278
f 5107 5272 5273
f 5277 4708 5278
f 5115 5113 5276
f 5276 5277 5115
f 5109 5276 5113
f 5275 4702 5277
f 5277 4702 4708
f 5275 4698 4702
f 5277 5276 5273
f 5117 5277 5278
f 5260 5261 5263
f 5098 5095 5263
f 4677 5243 5245
f 5070 5243 4677
f 5069 5070 4677
f 5069 4677 4675
f 5245 4679 4677
f 5095 5260 5263
f 5072 5243 5070
f 5245 5243 5075
f 5094 5260 5095
f 5261 5260 5252
f 5252 5258 5261
f 5252 5260 5092
f 5092 5260 5094
f 5258 5252 5249
f 5249 5251 5258
f 5075 5243 5072
f 5092 5086 5249
f 5249 5248 4681
f 5249 4681 4683
f 5251 5249 4683
f 5082 5246 5248
f 5086 5082 5248
f 5086 5248 5249
f 5081 5246 5082
f 5249 5252 5092
f 5160 5161 5290
f 5160 5290 4827
f 5160 4827 4829
f 4828 4827 5290
f 5288 5287 4743
f 4743 4751 5288
f 4746 4743 5287
f 5292 4828 5290
f 5292 4751 4828
f 5161 5162 5290
f 5292 5288 4751
f 5162 5293 5292
f 5162 5292 5290
f 5162 5161 5552
f 5552 5161 5160
f 5160 5550 5552
f 5619 5700 5690
f 5690 5700 4950
f 5688 5690 4950
f 4950 5017 5710
f 5688 4950 5710
f 5017 5016 5710
f 5688 5710 5684
f 5710 5016 5006
f 5684 5710 5006
f 5654 5684 5006
f 5014 4958 5677
f 5677 4958 5650
f 5677 5671 5708
f 5708 5011 5014
f 5677 5708 5014
f 5708 5009 5011
f 5669 5708 5671
f 5705 4994 5009
f 5705 5009 5708
f 4966 4957 5703
f 5623 5703 4957
f 5620 5623 4957
f 5620 4957 4956
f 5620 4956 5701
f 4956 4953 5701
f 5620 5701 5618
f 5626 5091 4980
f 5618 5701 4953
f 5618 4953 5489
f 5378 5618 5489
f 4825 5101 4951
f 4951 5101 5489
f 5093 4822 4696
f 5093 4696 5071
f 5093 5071 5484
f 4953 4951 5489
f 5091 4714 4980
f 5626 4985 5629
f 5667 5705 5708
f 5669 5667 5708
f 5648 5705 5667
f 5654 5006 4966
f 5654 4966 5703
f 5651 5654 5703
f 5651 5703 5623
f 5626 5368 5091
f 5705 4992 4994
f 4990 4992 5705
f 5648 4990 5705
f 4988 4990 5639
f 5639 4990 5645
f 5639 5629 4985
f 4985 4988 5639
f 4980 4985 5626
f 5648 5645 4990
f 4596 4178 4170
f 4599 4173 4176
f 4178 4596 4592
f 4592 4599 4176
f 4178 4592 4176
f 4175 4174 4465
f 4465 4174 4463
f 4174 4172 4463
f 4463 4172 4461
f 4461 4173 4599
f 4461 4172 4173
f 4460 4461 4599
f 4454 4460 4599
f 4599 4592 4454
f 4171 4597 4594
f 4594 4596 4170
f 4171 4594 4170
f 4457 4455 4594
f 4594 4597 4457
f 4594 4592 4596
f 4455 4453 4591
f 4591 4594 4455
f 4452 4454 4592
f 4592 4591 4452
f 4452 4591 4453
f 4591 4592 4594
f 4259 4083 4258
f 4201 4259 4258
f 4199 4201 4258
f 4193 4085 4084
f 4193 4084 4259
f 4198 4193 4259
f 4193 4195 4086
f 4083 4082 4258
f 4086 4085 4193
f 4258 4081 4079
f 4258 4079 4256
f 4190 4258 4256
f 4187 4190 4256
f 4082 4081 4258
f 4079 4078 4256
f 4084 4083 4259
f 4199 4258 4190
f 4203 4204 4246
f 4198 4259 4201
f 4090 4086 4205
f 4205 4086 4195
f 4187 4256 4204
f 4203 4246 4180
f 4256 4078 4058
f 4204 4256 4058
f 4204 4058 4246
f 4781 4742 4881
f 4881 4888 4781
f 4781 4888 4756
f 4761 4769 4779
f 4779 4777 4891
f 4761 4779 4891
f 4758 4891 4777
f 4739 4774 4922
f 4922 4877 4739
f 4774 4768 4919
f 4753 4929 4926
f 4753 4926 4902
f 4457 4917 4928
f 4928 4455 4457
f 4455 4928 4914
f 4914 4453 4455
f 4927 4928 4911
f 4753 4755 4929
f 4911 4928 4917
f 4886 4927 4911
f 4928 4927 4910
f 4910 4914 4928
f 4883 4910 4885
f 4885 4910 4927
f 4926 4454 4452
f 4452 4924 4926
f 4885 4927 4886
f 4757 4929 4755
f 4454 4926 4929
f 4919 4922 4774
f 4768 4766 4913
f 4913 4919 4768
f 4766 4735 4886
f 4886 4913 4766
f 4932 4465 4463
f 4463 4931 4932
f 4930 4929 4757
f 4931 4463 4461
f 4760 4763 4932
f 4932 4931 4760
f 4757 4760 4931
f 4931 4930 4757
f 4460 4929 4461
f 4461 4929 4930
f 4929 4460 4454
f 4461 4930 4931
f 4907 4924 4452
f 4914 4907 4452
f 4453 4914 4452
f 4926 4924 4901
f 4895 4889 4900
f 4898 4897 4890
f 4890 4895 4898
f 4745 4890 4897
f 4747 4745 4897
f 4747 4897 4878
f 4737 4887 4895
f 4887 4889 4895
f 4744 4737 4895
f 4744 4890 4745
f 4741 4889 4738
f 4889 4887 4738
f 4738 4887 4736
f 4736 4887 4737
f 4735 4733 4885
f 4885 4886 4735
f 4744 4895 4890
f 4883 4885 4732
f 4900 4889 4741
f 4898 4900 4901
f 4901 4902 4926
f 4924 4907 4898
f 4898 4901 4924
f 4906 4907 4910
f 4910 4907 4914
f 4880 4906 4883
f 4883 4906 4910
f 4741 4749 4900
f 4897 4898 4906
f 4906 4880 4878
f 4878 4897 4906
f 4753 4902 4750
f 4750 4902 4901
f 4750 4901 4900
f 4749 4750 4900
f 4895 4900 4898
f 4906 4898 4907
f 4732 4885 4733
f 4729 4883 4732
f 4880 4883 4729
f 4878 4880 4728
f 4728 4880 4729
f 4706 4655 4839
f 4706 4839 4379
f 4706 4379 4437
f 4703 4706 4437
f 4703 4437 4374
f 4703 4836 4649
f 4703 4374 4836
f 6110 6030 6027
f 6027 6113 6110
f 6027 6024 6113
f 6110 6113 6081
f 6081 6113 6091
f 6091 6113 6024
f 6089 6091 6024
f 6089 6024 6021
f 6088 6089 6021
f 6021 6018 6111
f 6088 6021 6111
f 6018 6015 6111
f 6088 6111 6086
f 6111 6015 6013
f 6086 6111 6013
f 6085 6086 6013
f 6013 6010 6085
f 6085 6010 6079
f 6011 6012 6083
f 6083 6012 6070
f 6108 6009 6011
f 6075 6108 6011
f 6083 6075 6011
f 6077 6079 6010
f 6010 6008 6077
f 6009 6108 6106
f 6106 6007 6009
f 6077 6007 6106
f 6071 6077 6106
f 6073 6108 6075
f 6073 6069 6106
f 6106 6108 6073
f 6071 6106 6069
f 6077 6008 6007
f 5940 5640 5983
f 5937 5940 5983
f 5983 5980 5937
f 5932 5979 5935
f 5940 5682 5640
f 5940 5935 5682
f 5935 5979 5682
f 5932 5954 5979
f 5983 5640 5633
f 5635 5982 5980
f 5980 5983 5633
f 5635 5980 5633
f 5991 5634 5665
f 5958 5957 5693
f 5693 5676 5958
f 5982 5635 5621
f 5987 5674 5691
f 5956 5691 5693
f 5957 5956 5693
f 5979 5687 5682
f 5954 5955 5680
f 5680 5685 5954
f 5954 5685 5687
f 5954 5687 5979
f 5956 5987 5691
f 4685 4664 5240
f 5066 4685 5240
f 5140 5066 5240
f 5140 5240 5114
f 5073 5132 5242
f 5242 4678 4680
f 5073 5242 4680
f 5242 4676 4678
f 5129 5242 5132
f 4658 4657 5102
f 4657 4656 5102
f 5102 4656 5099
f 5096 5099 4656
f 4656 4655 5096
f 4655 4706 5096
f 5096 4706 5084
f 5102 5104 4658
f 5077 5084 4706
f 4703 4649 5077
f 5077 4649 5060
f 4706 4703 5077
f 5111 4658 5104
f 5111 5240 4659
f 5126 5241 4674
f 5126 4674 4676
f 5126 4676 5242
f 5129 5126 5242
f 5241 4670 4674
f 5125 5241 5126
f 5125 5120 4668
f 4659 4658 5111
f 5125 4668 4670
f 5120 5118 4665
f 4665 4668 5120
f 4654 4665 5065
f 5065 4665 5118
f 4664 4660 5240
f 5111 5114 5240
f 5240 4660 4659
f 5125 4670 5241
f 5152 5284 5147
f 5152 5153 5286
f 5286 4730 4734
f 5286 4734 5284
f 5152 5286 5284
f 4731 4730 5286
f 5147 5284 4783
f 5146 5147 4783
f 5146 4783 4782
f 5146 4782 5283
f 4734 4783 5284
f 4780 5282 4782
f 4782 5282 5283
f 4780 4778 5282
f 5171 5306 4764
f 5159 5171 4764
f 5159 4762 5294
f 4752 4764 5301
f 5301 4764 5306
f 4762 4759 5294
f 4754 4752 5301
f 5159 4764 4762
f 5633 5715 5635
f 5633 4973 5715
f 5633 4969 4973
f 5633 5716 4969
f 5716 4986 4969
f 5715 4973 4975
f 5715 4975 4977
f 5715 4977 5712
f 5635 5715 5712
f 5621 5635 5712
f 5633 5640 5716
f 5712 4977 4763
f 5431 5432 5066
f 5431 5066 5140
f 5140 5114 5431
f 5431 5114 5401
f 5356 5430 5132
f 5132 5073 5356
f 5129 5132 5428
f 5428 5132 5430
f 5428 5427 5492
f 5492 5126 5129
f 5428 5492 5129
f 5424 5492 5427
f 5492 5125 5126
f 5424 5418 5491
f 5120 5125 5492
f 5432 5483 5066
f 5352 5483 5432
f 5491 5120 5492
f 5424 5491 5492
f 5491 5118 5120
f 5411 5491 5418
f 5384 5485 5084
f 5384 5084 5077
f 5384 5077 5480
f 5347 5384 5480
f 5077 5060 5480
f 5485 5096 5084
f 5384 5386 5485
f 5099 5096 5485
f 5065 5118 5491
f 5482 5065 5491
f 5405 5482 5491
f 5411 5405 5491
f 5351 5482 5405
f 5393 5401 5114
f 5114 5111 5393
f 5387 5485 5386
f 5393 5111 5104
f 5392 5104 5487
f 5104 5102 5487
f 5392 5487 5390
f 5390 5487 5102
f 5387 5390 5102
f 5102 5099 5485
f 5387 5102 5485
f 5392 5393 5104
f 5171 5159 5557
f 5576 5577 5585
f 5577 5576 5572
f 5572 5573 5577
f 5576 5153 5572
f 5573 5572 5152
f 5573 5147 5567
f 5573 5152 5147
f 5153 5152 5572
f 5147 5146 5567
f 4459 4595 4462
f 4456 4593 4458
f 4459 4181 4595
f 4459 4179 4181
f 4458 4593 4179
f 4472 4602 4188
f 4472 4188 4189
f 4471 4469 4600
f 4600 4602 4471
f 4601 4182 4184
f 4598 4601 4184
f 4600 4598 4184
f 4472 4471 4602
f 4185 4600 4184
f 4597 4171 4182
f 4464 4457 4597
f 4464 4597 4601
f 4464 4601 4598
f 4469 4468 4598
f 4598 4600 4469
f 4464 4598 4468
f 4182 4601 4597
f 4600 4185 4191
f 4602 4191 4188
f 4593 4202 4179
f 4605 4197 4200
f 4476 4605 4200
f 4476 4200 4202
f 4456 4476 4202
f 4191 4602 4600
f 4456 4202 4593
f 4604 4194 4197
f 4476 4475 4604
f 4604 4605 4476
f 4474 4472 4189
f 4474 4189 4194
f 4474 4194 4604
f 4474 4604 4475
f 4197 4605 4604
f 4459 4458 4179
f 4376 4535 4536
f 4377 4376 4536
f 4377 4536 4537
f 4534 4536 4535
f 4535 4533 4534
f 4375 4535 4376
f 4533 4535 4372
f 4372 4535 4375
f 4374 4533 4532
f 4373 4374 4532
f 4373 4532 4371
f 4372 4370 4532
f 4532 4533 4372
f 4371 4532 4370
f 4374 4534 4533
f 4377 4537 4378
f 4266 3913 4352
f 4265 4266 4352
f 3912 3911 4352
f 4265 4352 4263
f 4262 4263 4352
f 4352 3911 3909
f 4262 4352 3909
f 3909 3907 4262
f 4262 3907 4260
f 3913 3912 4352
f 3916 3913 4266
f 4266 4269 3916
f 4271 3916 4269
f 4196 4244 4297
f 4297 4244 4053
f 4295 4297 4053
f 4053 3849 3940
f 4295 4053 3940
f 3930 3944 4361
f 4289 3941 4290
f 4289 4288 3928
f 3928 3932 4289
f 3927 3928 4282
f 4282 3928 4288
f 4279 4357 3925
f 4282 4279 3925
f 3932 3941 4289
f 4282 3925 3927
f 4273 4127 4227
f 4008 3802 3920
f 4227 4008 3920
f 4273 4227 3920
f 4271 4273 3920
f 3920 3918 4271
f 3918 3916 4271
f 4278 4357 4279
f 3944 3924 4361
f 3941 3943 4292
f 4292 3945 4293
f 4285 3930 4361
f 4276 4285 4361
f 4291 4294 3938
f 3938 3934 4291
f 3940 3938 4295
f 4295 3938 4294
f 3934 3930 4291
f 4292 4290 3941
f 4291 3930 4285
f 4274 4361 3922
f 4280 4274 3922
f 4276 4361 4274
f 3945 3883 4021
f 4293 3945 4021
f 4124 4293 4021
f 3943 3945 4292
f 4361 3924 3922
f 4563 4149 4152
f 4560 4147 4149
f 4167 4543 4550
f 4394 4543 4392
f 4392 4543 4167
f 4392 4167 4166
f 4387 4392 4166
f 4387 4166 4541
f 4387 4541 4386
f 4550 4168 4167
f 4560 4558 4147
f 4404 4543 4394
f 4169 4168 4550
f 4563 4560 4149
f 4416 4556 4558
f 4419 4416 4558
f 4419 4558 4560
f 4558 4144 4147
f 4558 4556 4555
f 4555 4138 4144
f 4550 4543 4404
f 4558 4555 4144
f 4555 4133 4138
f 4553 4132 4133
f 4406 4134 4169
f 4404 4406 4169
f 4404 4169 4550
f 4553 4133 4555
f 4499 4503 4939
f 4501 4500 4936
f 4801 4803 4941
f 4801 4941 4502
f 4801 4502 4501
f 4801 4501 4936
f 4798 4936 4500
f 4798 4500 4499
f 4798 4499 4939
f 4800 4798 4939
f 4801 4936 4798
f 4787 4935 4793
f 4791 4934 4786
f 4787 4786 4934
f 4934 4497 4498
f 4943 4504 4505
f 4807 4806 4507
f 4806 4944 4507
f 4944 4506 4507
f 4787 4934 4498
f 4809 4807 4507
f 4809 4507 4504
f 4809 4504 4943
f 4808 4944 4806
f 4787 4498 4935
f 4784 4933 4785
f 4730 4896 4899
f 4730 4731 4896
f 4730 4899 4734
f 4778 4487 4776
f 4764 4477 4916
f 4759 4762 4916
f 4482 4467 4912
f 4916 4482 4912
f 4759 4916 4912
f 4483 4482 4916
f 4752 4754 4478
f 4477 4483 4916
f 4478 4477 4752
f 4467 4466 4912
f 4490 4487 4778
f 4764 4752 4477
f 4485 4484 4918
f 4486 4478 4775
f 4775 4478 4754
f 4775 4776 4487
f 4487 4486 4775
f 4747 4878 4728
f 4759 4912 4773
f 4767 4875 4746
f 4764 4916 4762
f 4772 4918 4771
f 4773 4912 4485
f 4773 4485 4918
f 4772 4773 4918
f 4767 4771 4918
f 4767 4918 4484
f 4767 4484 4473
f 4767 4473 4875
f 4912 4466 4485
f 4318 4304 5052
f 4999 5003 4308
f 4308 4318 5052
f 4999 4308 5052
f 4313 4311 5008
f 5008 4311 5005
f 5008 5007 4315
f 4315 4313 5008
f 5003 5005 4311
f 4311 4308 5003
f 4996 5052 4304
f 4304 4283 4941
f 4996 4304 4941
f 4989 4996 4941
f 4999 5052 4996
f 4989 4941 4803
f 5730 5729 5898
f 5730 5898 5899
f 5728 5897 5729
f 5729 5897 5898
f 5728 5725 5897
f 5899 5898 5726
f 5726 5727 5899
f 5898 5897 5724
f 5724 5726 5898
f 5725 5724 5897
f 5980 5975 5937
f 5950 5975 5849
f 5946 5950 5849
f 5946 5849 5984
f 5946 5984 5945
f 5849 5433 5661
f 5661 5984 5849
f 5945 5984 5661
f 5937 5975 5950
f 5945 5661 5657
f 5941 5945 5657
f 5939 5941 5657
f 5964 5629 5639
f 5959 5839 5626
f 5959 5626 5629
f 5964 5959 5629
f 5839 5368 5626
f 5623 5620 5960
f 5618 5844 5959
f 5959 5964 5961
f 5620 5618 5959
f 5378 5843 5618
f 5618 5843 5844
f 5959 5844 5842
f 5734 5900 5733
f 5842 5734 5733
f 5842 5733 5838
f 5959 5842 5838
f 5960 5620 5959
f 5959 5838 5839
f 5961 5960 5959
f 5961 5639 5645
f 5657 5647 5939
f 5936 5939 5647
f 5647 5624 5976
f 5936 5647 5976
f 5930 5933 5976
f 5976 5622 5638
f 5930 5976 5638
f 5963 5961 5645
f 5928 5636 5642
f 5925 5928 5973
f 5638 5636 5930
f 5930 5636 5928
f 5624 5622 5976
f 5925 5973 5923
f 5963 5645 5648
f 5961 5964 5639
f 5928 5642 5973
f 5936 5976 5933
f 5816 5354 5353
f 5816 5353 5805
f 5353 5352 5805
f 2873 2874 3367
f 3365 3366 3225
f 3225 3366 3227
f 3225 3226 3363
f 3225 3363 3362
f 3225 3362 3365
f 3366 3365 3364
f 3367 3366 2873
f 3366 3364 2872
f 3361 3364 3362
f 3362 3364 3365
f 3364 2871 2872
f 2867 2871 3361
f 3361 2871 3364
f 3363 2870 2869
f 2869 3362 3363
f 3366 2872 2873
f 3367 2874 2875
f 3228 3227 3366
f 3366 3367 3228
f 3368 2876 2877
f 3229 3228 3367
f 3229 3367 2875
f 3229 2875 2876
f 3229 2876 3368
f 2868 3361 2869
f 2869 3361 3362
f 2868 2867 3361
f 2677 2679 2997
f 2997 2679 3000
f 2698 2676 3004
f 3004 2676 2995
f 3002 3102 3003
f 3102 2696 2698
f 3003 3102 2698
f 3004 3003 2698
f 2652 2657 3096
f 2655 2653 3095
f 2960 2655 3095
f 2964 2960 3095
f 2965 2963 3095
f 2653 2652 3096
f 3095 2653 3096
f 2965 3095 3096
f 2964 3095 2963
f 2960 2650 2655
f 2997 2995 2676
f 2676 2677 2997
f 3046 3106 3047
f 3203 3223 3198
f 3201 3224 3202
f 3203 3202 3224
f 3203 3224 2511
f 2511 2497 3223
f 3203 2511 3223
f 2512 2509 3224
f 3193 2512 3224
f 3201 3193 3224
f 3224 2509 2511
f 2502 2504 3199
f 3199 2504 3200
f 3165 3200 2504
f 2504 2506 3165
f 3199 3198 3223
f 3141 2516 3186
f 2515 2510 3220
f 3184 2515 3220
f 3187 3184 3220
f 3184 3186 2516
f 2516 2515 3184
f 3182 3221 3181
f 2486 2516 3141
f 3182 3183 3220
f 3220 2508 3221
f 3182 3220 3221
f 3179 3181 3221
f 2513 2496 3217
f 3221 2513 3217
f 3179 3221 3217
f 2514 2513 3221
f 2508 2514 3221
f 3187 3220 3183
f 3222 2519 2520
f 3223 2499 2502
f 3199 3223 2502
f 3223 2497 2499
f 2524 2523 3196
f 3196 2523 3192
f 3190 3222 3194
f 3196 3194 3222
f 3179 3217 3177
f 3222 2520 2524
f 3193 3192 2523
f 2523 2512 3193
f 3190 3049 2745
f 2866 2209 2519
f 2866 2519 3222
f 2745 2866 3222
f 3190 2745 3222
f 3196 3222 2524
f 2510 2508 3220
f 3041 3114 3159
f 3174 3118 3043
f 3153 2738 2860
f 2860 2864 2853
f 3153 2860 2853
f 3153 2853 2737
f 3153 2737 3115
f 3042 3153 3115
f 2501 3114 2733
f 3153 3156 2738
f 2501 2733 2850
f 2495 2493 3215
f 3146 3105 2697
f 3151 3146 2697
f 2827 2165 2495
f 2827 2495 3215
f 2697 2827 3215
f 3151 2697 3215
f 2501 2850 2197
f 3155 3214 3145
f 3156 3116 2738
f 2864 3216 2854
f 3216 2864 2865
f 3172 3216 2865
f 3172 2865 2742
f 3174 3172 2742
f 3174 2742 3118
f 3161 2859 3163
f 3163 2859 2858
f 2864 2854 2853
f 3169 3163 2858
f 3169 2858 3216
f 2501 2200 2857
f 3114 2501 2857
f 3159 3114 2857
f 3161 3159 2857
f 3161 2857 2859
f 3216 2855 2854
f 2858 2855 3216
f 3169 3216 3172
f 3155 3148 2488
f 3155 2488 3214
f 2488 2483 3214
f 3149 3150 3215
f 3215 2493 2490
f 3149 3215 2490
f 3151 3215 3150
f 3148 3149 2490
f 2490 2488 3148
f 2998 3103 3104
f 3146 2998 3104
f 3141 3145 3214
f 3214 2480 2486
f 3141 3214 2486
f 2483 2480 3214
f 3146 3104 3105
f 3279 3282 3446
f 3446 3282 3448
f 3277 3279 3444
f 3444 3279 3446
f 3444 3443 3515
f 3515 3275 3277
f 3247 3244 3513
f 3513 3244 3243
f 3413 3513 3243
f 3411 3413 3243
f 3243 3242 3411
f 3411 3242 3409
f 3407 3409 3242
f 3415 3513 3413
f 3242 3240 3407
f 3240 3239 3404
f 3239 3237 3404
f 3404 3237 3402
f 3404 3407 3240
f 3415 3419 3513
f 3249 3247 3513
f 3444 3515 3277
f 3515 3272 3275
f 3441 3515 3443
f 3269 3272 3515
f 3438 3269 3515
f 3441 3438 3515
f 3267 3269 3431
f 3419 3249 3513
f 3431 3269 3438
f 3265 3267 3431
f 3423 3426 3253
f 3253 3254 3423
f 3422 3423 3254
f 3254 3250 3422
f 3250 3249 3422
f 3422 3249 3419
f 3431 3428 3265
f 2819 2821 2688
f 2685 2680 2816
f 2816 2819 2685
f 2683 2817 2818
f 2682 2683 2818
f 2682 2818 2816
f 2657 2817 2683
f 2682 2816 2680
f 2688 2685 2819
f 2819 2816 2818
f 2821 2819 2822
f 2178 2179 2677
f 2677 2179 2679
f 2681 2679 2179
f 2179 2180 2681
f 2834 2176 2178
f 2676 2834 2178
f 2677 2676 2178
f 2834 2174 2176
f 2698 2834 2676
f 2698 2696 2160
f 2698 2160 2174
f 2698 2174 2834
f 2161 2164 2825
f 2163 2165 2827
f 2697 2693 2825
f 2825 2164 2163
f 2697 2825 2163
f 2697 2163 2827
f 2162 2161 2825
f 2162 2825 2824
f 2823 2826 2824
f 2824 2821 2823
f 2693 2692 2824
f 2824 2825 2693
f 2692 2688 2821
f 2821 2824 2692
f 2822 2823 2821
f 2826 2162 2824
f 2818 2822 2819
f 2055 2056 2556
f 2877 2876 2556
f 2556 2557 2877
f 2555 2556 2875
f 2875 2874 2554
f 3053 2547 3050
f 3053 3050 3052
f 2546 2542 3050
f 2868 3052 2545
f 2868 2545 2544
f 2867 2868 2544
f 2867 2544 3051
f 2547 2546 3050
f 2541 2545 3050
f 2544 2543 3051
f 2542 2541 3050
f 3050 2545 3052
f 2875 2556 2876
f 2869 3052 2868
f 2548 2547 3053
f 2554 2555 2875
f 2874 2873 3054
f 2874 3054 2553
f 2874 2553 2554
f 2872 3054 2873
f 3054 2552 2553
f 2871 2551 2552
f 3053 3052 2869
f 2872 2871 2552
f 2867 3051 2550
f 2871 2867 2550
f 2871 2550 2551
f 3051 2543 2550
f 2870 2549 2548
f 2870 2548 3053
f 2869 2870 3053
f 2872 2552 3054
f 3808 3806 4012
f 3806 3805 4100
f 4012 3806 4100
f 4011 4012 4100
f 3805 3804 4100
f 4011 4100 4010
f 4009 4010 4100
f 4009 4100 3804
f 4009 3804 3803
f 4008 4009 3803
f 3803 3802 4008
f 4012 4013 3808
f 4014 3808 4013
f 3811 3808 4014
f 4014 3813 3811
f 3821 3820 4034
f 3820 3816 4034
f 4034 3816 4019
f 3818 3819 4026
f 4026 3819 4028
f 4026 4024 3817
f 3817 3818 4026
f 3801 3817 4023
f 4019 3816 3815
f 4019 3815 4102
f 4017 4019 4102
f 4017 4102 4015
f 3815 3813 4102
f 4014 4015 4102
f 4014 4102 3813
f 4023 3817 4024
f 4034 4036 3821
f 4038 3821 4036
f 4039 3822 4038
f 4050 4107 3829
f 4049 4050 3829
f 4049 3829 3828
f 4049 3828 3827
f 4049 3827 4106
f 4048 4049 4106
f 3827 3826 4106
f 3830 3829 4107
f 4048 4106 4047
f 4044 4047 3826
f 4044 3826 3825
f 3825 3824 4044
f 4044 3824 4042
f 4039 4042 3824
f 3824 3823 4039
f 3823 3822 4039
f 4047 4106 3826
f 4052 4107 4050
f 4030 3830 4107
f 4052 4030 4107
f 4016 4028 3819
f 3819 3833 4016
f 4030 3831 3830
f 3822 3821 4038
f 4032 4030 4237
f 4251 4076 4077
f 4202 4251 4077
f 4202 4077 4080
f 4202 4080 4248
f 4179 4202 4248
f 4200 4197 4075
f 4075 4076 4251
f 4200 4075 4251
f 4200 4251 4202
f 4250 4072 4073
f 4197 4194 4074
f 4074 4075 4197
f 4194 4189 4250
f 4194 4250 4073
f 4194 4073 4074
f 4247 4066 4067
f 4191 4071 4072
f 4064 4065 4176
f 4176 4065 4178
f 4174 4175 4063
f 4063 4062 4174
f 4172 4174 4062
f 4062 4060 4172
f 4060 4061 4172
f 4061 4064 4176
f 4172 4061 4173
f 4170 4247 4171
f 4176 4173 4061
f 4170 4178 4066
f 4188 4191 4072
f 4188 4072 4250
f 4249 4069 4070
f 4191 4185 4249
f 4191 4249 4070
f 4191 4070 4071
f 4188 4250 4189
f 4170 4066 4247
f 4184 4182 4068
f 4184 4068 4249
f 4184 4249 4185
f 4171 4247 4067
f 4182 4171 4067
f 4182 4067 4068
f 4179 4248 4181
f 4178 4065 4066
f 4068 4069 4249
f 4109 3861 3862
f 4066 4065 4109
f 4066 4109 3862
f 4066 3862 3865
f 4108 3859 3861
f 4108 3861 4109
f 4061 4108 4109
f 4064 4061 4109
f 4062 4063 3853
f 3853 3845 4062
f 4062 3845 3850
f 4062 3850 4108
f 4060 4062 4108
f 4060 4108 4061
f 4064 4109 4065
f 4108 3850 3859
f 4067 4110 4068
f 4069 4110 3868
f 4110 3867 3868
f 4075 4113 3874
f 4075 3874 3875
f 4073 4113 4074
f 4110 3873 3867
f 3865 3873 4110
f 4066 3865 4110
f 4067 4066 4110
f 4075 4074 4113
f 4111 3869 3871
f 4111 3871 3872
f 4072 4111 3872
f 4070 4069 3868
f 3868 3869 4111
f 4070 3868 4111
f 4070 4111 4071
f 4069 4068 4110
f 4072 4071 4111
f 4073 4072 4113
f 4072 3872 3877
f 4072 3877 4113
f 4077 4076 3878
f 3878 3880 4077
f 3880 3882 4077
f 4077 3882 4080
f 4076 4075 3875
f 3875 3878 4076
f 4113 3877 3874
f 3570 3139 3572
f 3568 2943 2945
f 3570 3568 2945
f 3570 2945 2946
f 2941 2943 3566
f 3566 2943 3568
f 3558 2935 2936
f 3566 3558 2936
f 3566 2936 2939
f 3566 2939 2941
f 3564 3653 3562
f 3653 2933 2932
f 3562 3653 2932
f 3562 2932 2930
f 3561 3562 2930
f 2946 3139 3570
f 2947 2933 3653
f 3564 3122 3653
f 3122 2947 3653
f 3652 3173 3136
f 3167 3173 3652
f 2930 2926 3651
f 3594 3167 3652
f 3594 3591 3144
f 3144 3167 3594
f 3143 3144 3583
f 3583 3144 3591
f 3139 3143 3572
f 3572 3143 3583
f 3564 3550 3122
f 3567 3594 3652
f 3561 2930 3651
f 3561 3651 3559
f 2926 2923 3651
f 3648 2922 2921
f 3547 3648 2921
f 2920 2907 3273
f 2921 2920 3273
f 2921 3273 3523
f 3547 2921 3523
f 3420 3547 3523
f 3123 2922 3648
f 3241 3238 2893
f 3241 3509 3238
f 3559 3651 2923
f 3559 2923 3135
f 3557 3559 3135
f 3558 3406 3259
f 3259 2919 2935
f 3558 3259 2935
f 3135 3133 3557
f 3238 2889 2893
f 3557 3133 3555
f 3555 3131 3553
f 3551 3553 3131
f 3131 3126 3551
f 3126 3123 3648
f 3551 3126 3648
f 3549 3551 3648
f 3549 3648 3547
f 3133 3131 3555
f 3450 3524 3456
f 3308 3310 3455
f 3455 3310 3459
f 3524 3299 3308
f 3456 3524 3308
f 3455 3456 3308
f 3305 3301 3452
f 3452 3301 3451
f 3307 3305 3452
f 3301 3300 3524
f 3451 3301 3524
f 3450 3451 3524
f 3300 3299 3524
f 3452 3454 3307
f 3728 3787 3452
f 3728 3452 3451
f 3454 3452 3787
f 3726 3728 3451
f 3451 3450 3726
f 3728 3730 3787
f 3456 3455 3733
f 3733 3459 3740
f 3733 3734 3456
f 3450 3456 3726
f 3726 3456 3734
f 3745 3744 3498
f 3498 3499 3745
f 3744 3740 3459
f 3459 3498 3744
f 3455 3459 3733
f 2556 2056 2557
f 6219 6202 6284
f 6219 6284 6262
f 6340 6219 6262
f 6351 6225 6352
f 6352 6225 6226
f 6351 6223 6225
f 6351 6352 6346
f 6346 6352 6345
f 6330 6340 6307
f 6329 6221 6223
f 6329 6223 6351
f 6346 6329 6351
f 6327 6310 6264
f 6328 6327 6264
f 6285 6205 6221
f 6264 6285 6221
f 6329 6328 6221
f 6328 6264 6221
f 6175 6173 6132
f 6136 6175 6135
f 6132 6135 6175
f 6189 6125 6124
f 6189 6124 6188
f 6189 6188 6187
f 6184 6185 6189
f 6183 6187 6188
f 6182 6183 6188
f 6182 6188 6186
f 6184 6187 6183
f 6182 6186 6181
f 6189 6187 6184
f 6457 6443 6521
f 6531 6530 6561
f 6562 6532 6531
f 6564 6535 6537
f 6564 6537 6536
f 6531 6561 6562
f 6536 6562 6564
f 6563 6534 6564
f 6564 6534 6535
f 6564 6562 6561
f 6561 6563 6564
f 6563 6533 6534
f 6563 6561 6530
f 6530 6533 6563
f 6536 6532 6562
f 6525 6560 6526
f 6526 6560 6558
f 6525 6523 6560
f 6522 6524 6560
f 6560 6524 6558
f 6523 6522 6560
f 2556 2555 2054
f 2053 2054 2554
f 6318 6343 6319
f 6269 6270 6315
f 6315 6270 6316
f 6317 6316 6270
f 6270 6271 6317
f 6268 6269 6314
f 6314 6269 6315
f 6318 6272 6343
f 6314 6313 6342
f 6314 6267 6268
f 6342 6266 6267
f 6312 6342 6313
f 6311 6265 6266
f 6311 6266 6342
f 6312 6311 6342
f 6314 6342 6267
f 6272 6273 6343
f 6317 6276 6321
f 6318 6320 6272
f 6320 6321 6276
f 6276 6272 6320
f 6271 6276 6317
f 6045 6068 5958
f 6045 5958 5955
f 6046 6045 5955
f 6046 5955 6067
f 6046 6067 6026
f 6064 6068 6043
f 6043 6068 6045
f 5956 6064 6063
f 6059 5948 6063
f 6063 5948 5952
f 6059 5944 5948
f 6063 6064 6041
f 6041 6064 6043
f 6059 6063 6039
f 6039 6063 6041
f 6063 5952 5956
f 6039 6037 5942
f 5942 5944 6059
f 5938 5942 6035
f 6039 5942 6059
f 6035 5942 6037
f 6035 6032 5934
f 5934 5938 6035
f 5923 5934 6014
f 6014 5934 6032
f 6053 5919 5917
f 6053 5917 5915
f 5915 6052 6053
f 5910 6049 6047
f 6047 5908 5910
f 6049 5910 5912
f 5676 5680 5958
f 5958 5680 5955
f 6006 5675 5672
f 5675 6006 6003
f 6003 5670 5675
f 6005 6006 5672
f 5987 6005 5672
f 5674 5987 5672
f 5956 5952 6005
f 6005 5987 5956
f 6002 6003 6005
f 6005 6003 6006
f 5952 5948 6002
f 6002 6005 5952
f 6004 5666 5668
f 6001 6004 5668
f 5643 5649 5997
f 5938 5643 5997
f 5942 5938 5997
f 5998 5997 5646
f 5646 5652 5998
f 5649 5646 5997
f 5938 5934 5637
f 5997 5998 5944
f 5637 5643 5938
f 5934 5973 5641
f 5934 5641 5637
f 5893 5477 5625
f 5994 5628 5631
f 5634 5991 5990
f 5990 5994 5631
f 5634 5990 5631
f 5934 5923 5973
f 5944 5942 5997
f 6000 5655 5981
f 6003 6001 5668
f 5670 6003 5668
f 5666 6004 5992
f 5992 5991 5665
f 5666 5992 5665
f 5986 5992 6001
f 6001 5992 6004
f 5642 5641 5973
f 6000 6001 6002
f 5944 5998 6000
f 5948 5944 6000
f 5948 6000 6002
f 6001 6000 5981
f 5981 5986 6001
f 6000 5998 5652
f 6000 5652 5655
f 6002 6001 6003
f 5628 5994 5889
f 5628 5889 5892
f 5892 5893 5625
f 5628 5892 5625
f 5982 5978 5975
f 5975 5980 5982
f 5978 5437 5436
f 5435 5434 5849
f 5435 5849 5975
f 5436 5435 5975
f 5978 5436 5975
f 5438 5437 5978
f 5438 5978 5982
f 5632 5884 5887
f 5990 5887 5888
f 5994 5990 5888
f 5994 5888 5889
f 5989 5990 5992
f 5992 5990 5991
f 5992 5986 5658
f 5992 5658 5662
f 5982 5621 5438
f 5992 5662 5989
f 5990 5660 5632
f 5990 5632 5887
f 5662 5660 5989
f 5986 5981 5653
f 5653 5658 5986
f 5655 5653 5981
f 5459 5884 5632
f 5990 5989 5660
f 6039 6041 6099
f 6080 6112 6095
f 6098 6097 6118
f 6098 6118 6037
f 6098 6037 6039
f 6116 6035 6118
f 6118 6035 6037
f 6096 6118 6097
f 6096 6092 6116
f 6116 6118 6096
f 6093 6094 6032
f 6032 6035 6116
f 6093 6032 6116
f 6094 6095 6112
f 6112 6014 6032
f 6099 6098 6039
f 6099 6043 6100
f 6041 6043 6099
f 6101 6120 6090
f 6122 6023 6019
f 6019 6121 6122
f 6016 6120 6019
f 6019 6120 6121
f 6123 6045 6046
f 6104 6123 6046
f 6104 6046 6026
f 6094 6112 6032
f 6102 6104 6026
f 6103 6100 6043
f 6043 6045 6123
f 6103 6043 6123
f 6103 6123 6104
f 6101 6102 6122
f 6122 6121 6101
f 6121 6120 6101
f 6102 6026 6122
f 6093 6116 6092
f 6122 6026 6023
f 2054 2055 2556
f 1101 1098 1140
f 1140 1098 1035
f 1190 1189 1139
f 1139 1189 1134
f 1097 1190 1135
f 1135 1190 1137
f 1190 1097 907
f 1190 907 985
f 1189 985 981
f 1034 1097 1135
f 1189 1190 985
f 1137 1190 1139
f 1041 1101 1140
f 1102 1101 1041
f 1048 990 1143
f 1153 1199 1179
f 1179 1199 1196
f 1179 1196 1206
f 1176 1179 1206
f 1206 1205 1176
f 1176 1205 1172
f 1193 1203 1206
f 1203 1202 1206
f 1206 1202 1205
f 1172 1205 1169
f 1169 1205 1202
f 1165 1169 1202
f 1165 1202 1201
f 1206 1196 1193
f 1165 1201 1162
f 1193 1192 844
f 1203 1193 845
f 990 727 836
f 990 836 1197
f 1155 990 1197
f 990 724 727
f 835 834 1151
f 1151 834 1149
f 1147 1149 834
f 1155 1143 990
f 834 726 1194
f 1147 1194 1145
f 726 725 1194
f 1194 725 718
f 1194 718 914
f 1145 1194 914
f 1042 1145 914
f 920 990 1048
f 1147 834 1194
f 1193 844 845
f 1155 1197 1156
f 1136 1156 1191
f 845 841 1203
f 1203 841 1202
f 844 1192 1191
f 1191 838 844
f 1202 841 840
f 1201 1202 840
f 1201 840 1200
f 1197 836 837
f 1201 1200 1162
f 840 839 1200
f 1151 1158 1200
f 1151 1200 839
f 1151 839 835
f 1156 1197 837
f 837 838 1191
f 1156 837 1191
f 1162 1200 1158
f 1309 1078 1079
f 1271 1267 1092
f 1092 1094 1271
f 1094 1095 1271
f 1271 1095 1273
f 1267 1266 1086
f 1086 1092 1267
f 1264 1261 1059
f 1059 1062 1264
f 1306 1061 1058
f 1261 1260 1306
f 1306 1058 1059
f 1303 1056 1057
f 1261 1306 1059
f 773 590 591
f 773 591 827
f 758 773 827
f 591 587 827
f 827 587 825
f 773 738 588
f 588 590 773
f 575 586 817
f 584 582 821
f 764 817 586
f 772 764 586
f 772 586 584
f 772 584 821
f 771 821 582
f 825 587 589
f 750 771 582
f 750 582 570
f 772 821 771
f 815 579 578
f 747 746 812
f 747 812 814
f 812 566 567
f 562 566 811
f 811 566 812
f 741 564 563
f 746 741 563
f 746 811 812
f 746 563 811
f 560 564 741
f 563 562 811
f 561 560 739
f 739 560 736
f 741 736 560
f 814 567 568
f 750 569 749
f 578 819 815
f 815 819 745
f 745 819 768
f 765 766 819
f 819 578 575
f 819 575 817
f 765 819 817
f 812 567 814
f 768 819 766
f 761 749 569
f 569 573 761
f 728 759 572
f 572 565 728
f 573 572 761
f 761 572 759
f 570 569 750
f 765 817 764
f 769 767 943
f 943 767 942
f 763 762 940
f 940 762 939
f 928 994 933
f 932 993 926
f 926 993 756
f 767 763 940
f 926 756 760
f 928 760 994
f 922 992 924
f 758 757 923
f 923 757 921
f 922 921 757
f 757 753 992
f 922 757 992
f 928 926 760
f 940 942 767
f 946 939 762
f 776 777 958
f 762 770 946
f 958 777 960
f 775 776 958
f 747 775 938
f 938 775 955
f 943 951 774
f 774 769 943
f 770 739 946
f 946 739 927
f 958 955 775
f 1929 1372 2022
f 2023 1998 1976
f 1976 2020 2023
f 2020 2018 2023
f 2023 2018 2022
f 2022 2021 1368
f 1929 2022 1368
f 1370 1929 1368
f 1369 1368 2021
f 1369 2021 2013
f 1927 1369 2013
f 2021 2022 2018
f 2018 2017 2021
f 2017 2009 2021
f 2021 2009 2013
f 1372 2023 2022
f 1372 1371 2023
f 1373 1943 1371
f 1943 1998 1371
f 2020 1976 1972
f 1375 1927 2014
f 2014 1374 1375
f 2014 1367 1374
f 1998 2023 1371
f 1972 2019 2020
f 2018 2020 2019
f 2019 2016 2018
f 2008 1999 2011
f 2010 1365 2011
f 2011 1365 1366
f 2007 1363 2010
f 2010 1363 1365
f 1999 1997 2011
f 2011 1997 2010
f 2011 2012 2008
f 2007 2010 1997
f 2008 2009 2004
f 2004 2002 2008
f 1999 2008 2002
f 2002 1992 1999
f 1925 1924 2004
f 2004 1924 2002
f 1992 2002 1924
f 1997 1993 2007
f 2013 2008 2012
f 1367 2011 1366
f 2019 1972 1936
f 1936 1935 2019
f 2016 2019 1935
f 1935 1931 2016
f 2016 2015 2018
f 2018 2015 2017
f 2015 2004 2017
f 2009 2008 2013
f 2017 2004 2009
f 2016 1930 2015
f 1930 1925 2015
f 2015 1925 2004
f 2014 1927 2013
f 2013 2012 2014
f 1367 2014 2012
f 1367 2012 2011
f 1931 1930 2016
f 1924 1923 1992
f 1997 1999 1992
f 1992 1991 1997
f 1991 1990 1997
f 1918 1917 1922
f 1922 1917 1920
f 1713 1710 1916
f 1713 1916 1918
f 1713 1918 1919
f 1917 1918 1916
f 1916 1915 1917
f 1710 1699 1914
f 1914 1916 1710
f 1914 1913 1916
f 1916 1913 1915
f 1698 1914 1699
f 1913 1914 1696
f 1696 1914 1698
f 1919 1918 1922
f 1922 1923 1919
f 1713 1919 1717
f 1719 1923 1924
f 1725 1931 1935
f 1728 1725 1935
f 1728 1935 1932
f 1726 1932 1933
f 1722 1726 1933
f 1722 1933 1928
f 1728 1932 1726
f 1930 1931 1724
f 1724 1720 1925
f 1925 1930 1724
f 1722 1928 1721
f 1720 1719 1924
f 1924 1925 1720
f 1717 1919 1923
f 1719 1717 1923
f 1724 1931 1725
f 1933 1932 1935
f 1935 1936 1933
f 1730 1926 1709
f 1937 1926 1730
f 1979 1971 1973
f 1750 1965 1964
f 1751 1750 1964
f 1751 1964 1977
f 1971 1977 1964
f 1964 1961 1971
f 1970 1973 1971
f 1977 1971 1979
f 1971 1967 1970
f 1970 1933 1936
f 1961 1960 1971
f 1971 1960 1967
f 1933 1967 1960
f 1960 1928 1933
f 1963 1962 1965
f 1965 1962 1964
f 1967 1933 1970
f 1962 1958 1964
f 1977 1979 1715
f 1753 1951 1963
f 1997 1990 1993
f 1991 1992 1923
f 1923 1922 1991
f 1990 1991 1922
f 1922 1920 1990
f 1755 1965 1750
f 1985 1981 1757
f 1715 1751 1977
f 1757 1981 1756
f 1981 1956 1754
f 1755 1753 1963
f 1963 1965 1755
f 1752 1754 1956
f 1956 1955 1752
f 1752 1955 1951
f 1753 1752 1951
f 1754 1756 1981
f 1964 1958 1961
f 1963 1949 1962
f 1738 1951 1744
f 1739 1949 1738
f 1736 1737 1388
f 1736 1388 1387
f 1736 1387 1944
f 1736 1944 1734
f 1386 1940 1387
f 1949 1951 1738
f 1387 1940 1944
f 1732 1734 1940
f 1732 1940 1937
f 1386 1385 1940
f 1937 1940 1385
f 1385 1383 1926
f 1937 1385 1926
f 1732 1937 1730
f 1734 1944 1940
f 1951 1949 1963
f 1737 1746 1388
f 1953 1389 1388
f 1747 1958 1962
f 1739 1747 1962
f 1739 1962 1949
f 1748 1749 1960
f 1748 1960 1961
f 1748 1961 1958
f 1749 1721 1928
f 1746 1953 1388
f 1928 1960 1749
f 1955 1956 1391
f 1955 1391 1390
f 1955 1390 1953
f 1744 1951 1955
f 1744 1955 1953
f 1746 1744 1953
f 1390 1389 1953
f 1748 1958 1747
f 2138 2429 2139
f 2140 2139 2429
f 2429 2422 2356
f 2140 2429 2356
f 2137 2426 2425
f 2138 2137 2425
f 2138 2425 2429
f 2135 2426 2137
f 2425 1755 1750
f 2436 1763 2456
f 2200 2454 2199
f 2194 2451 2197
f 2184 2438 2190
f 2191 2450 2192
f 2192 2450 2449
f 2194 2192 2449
f 2194 2449 2451
f 2190 2438 2447
f 2191 2190 2447
f 2191 2447 2450
f 2447 2446 2450
f 2450 2446 2449
f 2186 2444 2189
f 2444 2437 2189
f 1760 1763 2436
f 2456 1763 1764
f 1766 2456 1765
f 1766 2436 2456
f 2206 2204 1777
f 1777 1778 2206
f 2189 2437 2181
f 1778 1779 2206
f 2204 2202 1776
f 1776 1777 2204
f 2441 1768 1770
f 1768 2441 2439
f 2439 1766 1768
f 2456 1764 1765
f 1766 2439 2436
f 2206 1779 2209
f 2187 2443 2185
f 2286 2443 2124
f 2124 2443 2187
f 2432 2430 2435
f 2185 2443 2442
f 2186 2185 2442
f 2186 2442 2444
f 2442 2440 2444
f 2444 2440 2437
f 2442 2443 2286
f 2286 2284 2442
f 2435 2430 2434
f 2284 2280 2442
f 2182 2435 2183
f 2183 2435 2434
f 2184 2183 2434
f 2184 2434 2438
f 2182 2181 2437
f 2437 2432 2435
f 2182 2437 2435
f 2442 2280 2440
f 2429 2425 1750
f 2422 2429 1750
f 2428 2427 2136
f 2354 2361 2358
f 2358 2352 2354
f 2352 2346 2354
f 2354 2346 2347
f 1710 2348 2347
f 2347 1699 1710
f 1699 2347 2346
f 2346 2340 1698
f 1699 2346 1698
f 1698 2340 2339
f 2339 1696 1698
f 2363 2347 2348
f 2354 2347 2363
f 2361 2354 2363
f 2363 2364 2361
f 2385 2381 2393
f 2381 2361 2393
f 2393 2361 2364
f 2383 2377 2385
f 2385 2377 2381
f 2377 2358 2381
f 2381 2358 2361
f 2372 1719 2374
f 2372 1717 1719
f 2372 2374 2364
f 2364 2363 2372
f 1717 2372 2363
f 2363 2348 1713
f 1717 2363 1713
f 2348 1710 1713
f 2374 1719 1720
f 2393 2397 2385
f 2406 2383 2385
f 2400 2383 2406
f 2408 2400 2406
f 1749 2421 2408
f 2408 1721 1749
f 1747 2418 2417
f 1748 1747 2417
f 2421 1748 2417
f 2408 2421 2417
f 2417 2407 2408
f 1749 1748 2421
f 1744 1746 2420
f 1744 2420 2419
f 2419 1738 1744
f 1739 1738 2419
f 1739 2419 2416
f 2418 1739 2416
f 2419 2420 1737
f 1737 1736 2419
f 1746 1737 2420
f 2416 2419 1736
f 1747 1739 2418
f 2422 1751 1715
f 2136 2427 2134
f 2134 2427 2424
f 2135 2134 2424
f 2135 2424 2426
f 1757 1756 2428
f 2428 1756 2427
f 1756 1754 2427
f 2422 1750 1751
f 2427 1754 2424
f 2426 2423 2425
f 2423 1753 2425
f 2425 1753 1755
f 2423 2424 1754
f 1754 1752 2423
f 2423 1752 1753
f 1715 2356 2422
f 2424 2423 2426
f 2416 1736 1734
f 2417 2418 2416
f 1726 2409 2397
f 2411 1726 2397
f 1725 2411 2410
f 2410 1724 1725
f 2374 1720 2410
f 2410 1720 1724
f 2410 2411 2397
f 2411 1728 1726
f 2397 2393 2410
f 2393 2364 2374
f 1721 2408 2406
f 1722 1721 2406
f 2409 1722 2406
f 2406 2385 2409
f 2409 2385 2397
f 2407 2400 2408
f 2374 2410 2393
f 2416 1734 2414
f 1726 1722 2409
f 2412 2382 2395
f 2416 2415 2417
f 2407 2417 2415
f 2415 2405 2407
f 2415 2416 2414
f 2414 2413 2415
f 2405 2415 2413
f 2413 2398 2405
f 1725 1728 2411
f 1734 1732 2414
f 1732 1730 2412
f 2413 1732 2412
f 2412 2395 2413
f 2413 2395 2398
f 2412 1730 1709
f 1709 2394 2412
f 2394 2382 2412
f 2413 2414 1732
f 1981 1985 1543
f 2542 2045 2041
f 2545 2746 2544
f 2040 2043 2746
f 2541 2040 2746
f 2545 2541 2746
f 2544 2746 2042
f 2544 2042 2044
f 2543 2544 2044
f 2043 2042 2746
f 2541 2542 2041
f 2041 2040 2541
f 2542 2546 2045
f 2546 2747 2045
f 2046 2045 2747
f 2547 2747 2546
f 2554 2054 2555
f 2554 2553 2052
f 2052 2053 2554
f 2051 2052 2552
f 2552 2052 2553
f 2552 2551 2050
f 2050 2051 2552
f 2049 2050 2550
f 2550 2543 2044
f 2044 2049 2550
f 2548 2549 2048
f 2048 2047 2548
f 2547 2548 2047
f 2547 2047 2046
f 2547 2046 2747
f 2550 2050 2551
f 1981 1543 1391
f 1981 1391 1956
f 2461 2525 2484
f 2475 2477 1538
f 1538 1536 2475
f 1536 1534 2475
f 2475 1534 2474
f 1534 1526 2529
f 2474 1534 2529
f 2472 2474 2529
f 2477 2478 1538
f 2472 2529 2463
f 1530 1531 2470
f 1529 1530 2467
f 2467 1530 2469
f 2467 2465 1356
f 1356 1529 2467
f 2465 2462 2527
f 2527 1351 1353
f 2470 2469 1530
f 2465 2527 1353
f 2478 2533 1538
f 1541 1539 2533
f 1523 1542 2525
f 2489 2491 2535
f 2535 1550 1546
f 2489 2535 1546
f 2487 2535 2491
f 2535 1547 1550
f 2485 1544 1547
f 2533 1539 1538
f 2485 1547 2535
f 1531 1544 2470
f 2470 1544 2485
f 2525 1542 1541
f 2484 2525 1541
f 2484 1541 2533
f 2481 2484 2533
f 2481 2533 2478
f 2487 2485 2535
f 2465 1353 1354
f 2527 1349 1351
f 2465 1354 1356
f 1526 1524 2529
f 1524 1422 1669
f 2529 1524 1669
f 2463 2529 1669
f 2111 2463 1669
f 2460 2527 2462
f 1666 1341 1343
f 1666 1343 1348
f 1666 1348 2527
f 2106 1666 2527
f 2460 2106 2527
f 1348 1349 2527
f 2292 2283 2305
f 2305 2283 2304
f 2283 2270 2304
f 2304 2270 2275
f 1676 1674 2292
f 2283 2292 1674
f 2283 1674 1672
f 2283 1672 2277
f 2277 1670 1662
f 2283 2277 1662
f 2270 2283 1662
f 1672 1668 2277
f 2277 1668 1670
f 2098 2275 2095
f 2093 2273 2096
f 2098 2304 2275
f 2098 2103 2304
f 2103 2308 2304
f 2305 2304 2308
f 2321 1680 2313
f 2314 2321 2313
f 2313 2311 2314
f 2112 2113 2317
f 2317 2314 2112
f 2107 2112 2314
f 2107 2314 2311
f 2095 2275 2270
f 2107 2311 2308
f 1680 1678 2313
f 1678 1677 2305
f 2313 1678 2305
f 2311 2313 2305
f 1676 2292 1677
f 1677 2292 2305
f 2308 2311 2305
f 2107 2308 2103
f 2091 2095 2270
f 2091 2270 2269
f 2269 1660 1665
f 2071 2252 2253
f 2071 2253 2259
f 2073 2071 2259
f 2067 2252 2071
f 2255 1648 1651
f 1648 2255 2253
f 2253 1646 1648
f 2073 2259 2075
f 1646 2253 2252
f 1646 2252 1644
f 2243 1635 1644
f 2243 2252 2063
f 2063 2252 2067
f 2059 1631 1635
f 2059 1635 2243
f 2063 2059 2243
f 2252 2243 1644
f 2321 1682 1680
f 2259 2253 2255
f 2075 2260 2077
f 2269 1665 2273
f 2091 2269 2273
f 2093 2091 2273
f 2269 2270 1662
f 1662 1658 2269
f 2269 1658 1660
f 2081 2266 2084
f 2255 2260 2259
f 2263 2266 2078
f 2078 2077 2260
f 2260 2262 2263
f 2078 2260 2263
f 1653 2262 2260
f 2260 2255 1651
f 1653 2260 1651
f 2259 2260 2075
f 2078 2266 2081
f 2321 2323 1682
f 2324 2314 2317
f 2321 2314 2324
f 2279 1636 1693
f 1693 2338 2279
f 2338 1693 1692
f 1692 2336 2338
f 2271 2279 2338
f 2337 2331 2271
f 2271 2331 2251
f 2337 2338 2336
f 2336 2335 2337
f 2331 2337 2335
f 2335 2326 2331
f 1691 2334 1692
f 2338 2337 2271
f 1692 2334 2336
f 1691 1690 2334
f 2336 2333 2335
f 2263 1683 1684
f 2262 1653 1683
f 2331 2330 2251
f 2251 2330 2248
f 2245 2248 2330
f 2330 2328 2245
f 2326 2324 2331
f 2262 1683 2263
f 2331 2324 2330
f 2324 2317 2328
f 2115 2062 2245
f 2245 2328 2115
f 2113 2115 2328
f 2328 2317 2113
f 2324 2326 2323
f 2323 2321 2324
f 2328 2330 2324
f 2334 2333 2336
f 1685 2263 1684
f 2332 2266 2263
f 2333 2323 2335
f 2335 2323 2326
f 1690 1689 2334
f 2334 1689 2333
f 2323 2333 1689
f 1689 1682 2323
f 2327 1688 1671
f 1685 2332 2263
f 1688 2327 2325
f 2332 1686 1687
f 2332 1687 2325
f 2117 2332 2325
f 2104 2117 2325
f 2332 1685 1686
f 2266 2332 2084
f 2084 2332 2117
f 2325 1687 1688
f 675 676 516
f 516 515 675
f 679 678 518
f 518 519 679
f 678 677 517
f 517 518 678
f 677 675 515
f 515 517 677
f 285 398 287
f 287 398 401
f 400 399 284
f 284 286 400
f 283 284 398
f 398 284 399
f 285 283 398
f 287 401 402
f 402 288 287
f 350 351 399
f 351 401 399
f 356 403 293
f 357 356 293
f 403 291 292
f 355 403 356
f 290 291 403
f 354 290 403
f 355 354 403
f 354 352 400
f 354 289 290
f 400 286 289
f 402 401 353
f 353 401 351
f 399 400 350
f 350 400 352
f 401 398 399
f 354 400 289
f 403 292 293
f 294 288 402
f 353 295 402
f 295 294 402
f 369 409 373
f 409 406 373
f 373 406 372
f 371 408 368
f 365 405 298
f 361 365 298
f 364 363 300
f 364 300 301
f 364 301 404
f 299 300 362
f 362 300 363
f 405 302 298
f 362 357 293
f 298 297 361
f 361 297 360
f 359 360 297
f 297 296 359
f 358 359 296
f 296 295 358
f 353 358 295
f 293 299 362
f 303 302 405
f 366 303 405
f 404 408 370
f 370 408 371
f 364 404 370
f 408 407 409
f 368 408 409
f 369 368 409
f 409 407 306
f 366 405 365
f 406 409 306
f 404 301 305
f 408 404 305
f 407 408 305
f 407 305 306
f 367 406 304
f 367 304 303
f 366 367 303
f 406 306 304
f 281 277 274
f 274 282 281
f 248 281 282
f 246 248 282
f 246 282 280
f 282 274 179
f 179 177 282
f 244 280 282
f 244 282 177
f 244 177 175
f 239 244 175
f 246 280 245
f 225 166 161
f 225 161 271
f 223 224 168
f 168 166 223
f 164 156 273
f 273 156 275
f 273 271 160
f 225 223 166
f 160 164 273
f 221 222 158
f 158 155 221
f 161 160 271
f 221 168 224
f 226 273 278
f 245 280 244
f 175 173 239
f 239 173 232
f 222 230 172
f 172 158 222
f 173 172 232
f 232 172 230
f 155 168 221
f 227 278 279
f 227 279 170
f 228 227 170
f 226 278 227
f 273 275 278
f 278 275 279
f 225 271 273
f 226 225 273
f 279 163 170
f 777 776 601
f 601 602 777
f 775 814 568
f 775 568 601
f 776 775 601
f 747 814 775
f 832 600 599
f 833 603 604
f 599 831 832
f 769 774 831
f 831 599 598
f 769 831 598
f 769 598 830
f 594 597 829
f 739 770 596
f 596 561 739
f 598 595 830
f 770 762 829
f 770 829 597
f 770 597 596
f 767 830 595
f 751 826 824
f 751 824 823
f 751 823 748
f 823 824 813
f 813 810 823
f 823 810 748
f 748 810 744
f 751 752 826
f 818 816 822
f 813 820 816
f 816 809 813
f 816 818 592
f 816 592 579
f 816 579 815
f 809 816 815
f 740 809 815
f 822 816 820
f 745 740 815
f 828 592 818
f 754 589 828
f 595 594 829
f 767 595 829
f 763 767 829
f 769 830 767
f 763 829 762
f 756 822 760
f 758 827 757
f 593 592 828
f 827 825 757
f 754 828 755
f 828 818 822
f 755 828 822
f 756 755 822
f 753 825 589
f 754 753 589
f 589 593 828
f 757 825 753
f 743 810 813
f 742 813 809
f 728 571 729
f 742 743 813
f 565 571 728
f 571 574 729
f 744 810 743
f 742 809 740
f 585 588 737
f 737 588 738
f 733 732 577
f 577 580 733
f 581 583 734
f 729 574 730
f 734 583 735
f 583 585 737
f 580 581 733
f 733 581 734
f 732 731 576
f 576 577 732
f 731 730 574
f 574 576 731
f 737 735 583
f 314 238 347
f 315 314 347
f 347 241 243
f 314 313 236
f 236 238 314
f 312 311 231
f 231 235 312
f 344 228 229
f 311 310 344
f 311 344 229
f 311 229 231
f 309 343 310
f 308 340 307
f 310 343 344
f 238 241 347
f 312 236 313
f 348 346 317
f 315 347 324
f 321 324 347
f 321 347 243
f 321 243 251
f 322 349 323
f 349 348 323
f 323 348 319
f 322 251 250
f 322 250 349
f 349 250 248
f 348 349 248
f 348 248 346
f 319 348 318
f 317 318 348
f 322 321 251
f 235 236 312
f 291 290 333
f 289 332 290
f 332 240 242
f 331 237 240
f 286 331 240
f 286 240 332
f 289 286 332
f 331 220 237
f 287 288 234
f 234 233 287
f 285 287 233
f 233 218 285
f 286 284 330
f 330 331 286
f 329 330 283
f 290 332 333
f 332 242 333
f 242 247 333
f 333 247 249
f 257 256 335
f 335 256 334
f 298 334 297
f 334 256 255
f 297 334 255
f 296 297 255
f 255 254 296
f 283 330 284
f 296 254 295
f 254 253 294
f 288 294 253
f 253 234 288
f 293 292 333
f 333 249 252
f 293 333 252
f 291 333 292
f 294 295 254
f 331 330 219
f 219 220 331
f 216 219 329
f 258 257 335
f 329 219 330
f 335 336 258
f 299 252 337
f 252 259 337
f 305 338 336
f 306 305 336
f 306 336 339
f 304 339 303
f 303 339 336
f 303 336 335
f 302 303 335
f 301 338 305
f 335 334 302
f 301 300 337
f 337 338 301
f 337 259 258
f 338 337 258
f 336 338 258
f 299 337 300
f 299 293 252
f 302 334 298
f 306 339 304
f 162 154 263
f 154 165 263
f 217 218 262
f 262 266 217
f 262 174 171
f 263 165 260
f 171 266 262
f 216 217 263
f 216 263 260
f 162 263 171
f 171 263 266
f 261 167 169
f 261 260 165
f 165 167 261
f 217 266 263
f 623 622 613
f 613 622 611
f 520 611 622
f 538 520 622
f 538 622 614
f 622 623 621
f 621 617 622
f 617 612 622
f 622 612 614
f 542 621 545
f 542 541 615
f 615 617 621
f 542 615 621
f 617 615 424
f 617 424 425
f 548 623 624
f 548 545 623
f 545 621 623
f 548 624 550
f 612 617 425
f 624 618 550
f 550 618 526
f 613 618 624
f 624 623 613
f 540 615 541
f 607 423 424
f 519 607 424
f 524 608 523
f 608 605 523
f 523 605 516
f 609 608 524
f 608 422 605
f 608 426 422
f 540 519 424
f 540 424 615
f 538 614 537
f 614 612 610
f 537 614 610
f 534 537 610
f 610 609 534
f 422 606 605
f 534 609 530
f 610 612 425
f 425 427 610
f 609 610 427
f 427 426 608
f 609 427 608
f 606 422 607
f 607 422 423
f 530 609 524
f 434 360 359
f 434 359 488
f 433 434 488
f 359 358 488
f 488 486 433
f 433 486 429
f 488 358 353
f 353 486 488
f 432 431 356
f 356 357 432
f 431 430 487
f 431 487 355
f 431 355 356
f 485 487 428
f 428 487 430
f 361 360 434
f 434 435 361
f 432 362 436
f 357 362 432
f 442 441 370
f 370 371 491
f 442 370 491
f 364 370 438
f 438 370 441
f 490 368 369
f 367 366 489
f 487 354 355
f 439 440 489
f 439 366 365
f 435 439 365
f 365 361 435
f 438 437 363
f 363 364 438
f 362 363 436
f 436 363 437
f 439 489 366
f 487 485 352
f 352 354 487
f 486 484 485
f 429 486 485
f 428 429 485
f 351 484 353
f 353 484 486
f 350 352 484
f 484 352 485
f 351 350 484
f 424 483 425
f 423 483 424
f 442 491 443
f 315 324 395
f 317 413 318
f 318 413 414
f 376 411 414
f 383 376 414
f 383 414 413
f 381 411 380
f 380 411 376
f 381 415 411
f 397 421 390
f 415 414 411
f 415 318 414
f 395 324 396
f 397 396 324
f 324 321 421
f 397 324 421
f 392 394 416
f 416 415 392
f 392 415 384
f 381 384 415
f 390 421 322
f 386 390 323
f 388 386 323
f 323 319 416
f 388 323 416
f 421 321 322
f 416 319 318
f 415 416 318
f 390 322 323
f 490 492 368
f 492 371 368
f 492 491 371
f 495 494 448
f 449 444 492
f 492 495 449
f 494 495 492
f 492 490 494
f 494 493 448
f 448 493 447
f 448 450 495
f 447 493 446
f 494 369 373
f 493 494 373
f 493 373 372
f 446 493 372
f 445 446 372
f 491 492 443
f 443 492 444
f 494 490 369
f 449 495 450
f 6559 6528 6529
f 6559 6529 6526
f 6526 6558 6559
f 6559 6527 6528
f 6524 6527 6558
f 6558 6527 6559
f 6358 6359 6459
f 6420 6358 6459
f 6418 6458 6419
f 6420 6458 6358
f 6420 6419 6458
f 6421 6420 6459
f 6466 6364 6363
f 6363 6464 6466
f 6362 6463 6363
f 6363 6463 6464
f 6424 6422 6462
f 6459 6460 6421
f 6462 6466 6464
f 6464 6463 6424
f 6424 6463 6423
f 6460 6462 6421
f 6421 6462 6422
f 6459 6360 6460
f 6460 6360 6361
f 6459 6359 6360
f 6424 6462 6464
f 6381 6384 6331
f 6333 6332 6411
f 6325 6323 6380
f 6380 6323 6383
f 6379 6382 6322
f 6322 6324 6410
f 6379 6322 6410
f 6382 6383 6323
f 6380 6381 6331
f 6331 6325 6380
f 6379 6410 6378
f 6323 6322 6382
f 6384 6332 6331
f 6384 6411 6332
f 6334 6411 6412
f 6333 6411 6334
f 6416 6321 6320
f 6397 6395 6317
f 6317 6321 6416
f 6312 6313 6389
f 6389 6313 6390
f 6388 6414 6311
f 6389 6388 6311
f 6389 6311 6312
f 6413 6326 6414
f 6414 6326 6311
f 6391 6314 6415
f 6326 6413 6410
f 6387 6414 6388
f 6387 6386 6413
f 6413 6414 6387
f 6410 6413 6378
f 6378 6413 6386
f 6384 6385 6412
f 6412 6411 6384
f 6410 6324 6326
f 6391 6313 6314
f 6393 6392 6315
f 6397 6317 6416
f 6416 6320 6318
f 6398 6416 6318
f 6400 6398 6318
f 6399 6400 6318
f 6399 6318 6319
f 6399 6319 6417
f 6391 6390 6313
f 6397 6416 6398
f 6391 6415 6396
f 6315 6316 6393
f 6393 6316 6394
f 6316 6317 6394
f 6394 6317 6395
f 6415 6314 6315
f 6392 6415 6315
f 6396 6415 6392
f 6489 6419 6513
f 6490 6489 6513
f 6489 6482 6429
f 6429 6418 6489
f 6512 6423 6435
f 6435 6511 6512
f 6511 6435 6434
f 6434 6510 6511
f 6512 6511 6488
f 6488 6511 6487
f 6511 6510 6487
f 6487 6510 6486
f 6434 6433 6510
f 6485 6486 6510
f 6485 6510 6433
f 6489 6418 6419
f 6513 6419 6420
f 6490 6514 6491
f 6513 6514 6490
f 6515 6422 6424
f 6485 6433 6432
f 6515 6424 6423
f 6422 6515 6514
f 6514 6421 6422
f 6488 6491 6514
f 6514 6515 6512
f 6488 6514 6512
f 6421 6514 6513
f 6513 6420 6421
f 6423 6512 6515
f 6484 6485 6432
f 6432 6431 6484
f 6431 6430 6484
f 6484 6430 6483
f 6479 6483 6430
f 6430 6426 6479
f 6428 6429 6481
f 6481 6429 6482
f 6481 6480 6427
f 6427 6428 6481
f 6480 6478 6425
f 6478 6479 6426
f 6426 6425 6478
f 6425 6427 6480
f 3424 3421 3516
f 3421 3417 3274
f 3274 3276 3421
f 3271 3274 3416
f 3416 3274 3417
f 3416 3414 3268
f 3268 3271 3416
f 3414 3412 3514
f 3514 3266 3268
f 3414 3514 3268
f 3514 3264 3266
f 3410 3514 3412
f 3262 3264 3514
f 3408 3262 3514
f 3410 3408 3514
f 3421 3276 3516
f 3276 3278 3516
f 3424 3516 3425
f 3516 3278 3280
f 3290 3289 3437
f 3289 3288 3437
f 3437 3288 3436
f 3435 3436 3288
f 3288 3287 3435
f 3287 3286 3435
f 3435 3286 3434
f 3406 3405 3512
f 3432 3434 3286
f 3285 3284 3432
f 3432 3284 3430
f 3429 3430 3284
f 3284 3283 3429
f 3427 3425 3516
f 3516 3280 3281
f 3427 3516 3281
f 3286 3285 3432
f 3512 3258 3259
f 3406 3512 3259
f 3403 3512 3405
f 3508 3238 3509
f 3396 3508 3509
f 3394 3508 3395
f 3508 3235 3236
f 3394 3393 3507
f 3234 3235 3508
f 3507 3234 3508
f 3508 3236 3238
f 3394 3507 3508
f 3506 3507 3393
f 3392 3391 3505
f 3505 3506 3392
f 3507 3233 3234
f 3506 3504 3232
f 3506 3232 3233
f 3507 3506 3233
f 3393 3392 3506
f 3437 3439 3290
f 3396 3395 3508
f 3398 3397 3510
f 3512 3256 3258
f 3252 3256 3512
f 3511 3252 3512
f 3401 3511 3512
f 3403 3401 3512
f 3400 3511 3401
f 3511 3248 3252
f 3396 3509 3397
f 3510 3246 3248
f 3399 3248 3511
f 3400 3399 3511
f 3398 3510 3399
f 3510 3245 3246
f 3509 3241 3245
f 3509 3245 3510
f 3397 3509 3510
f 3399 3510 3248
f 3506 3505 3503
f 3440 3290 3439
f 3427 3292 3442
f 3447 3402 3237
f 3294 3291 3447
f 3447 3291 3440
f 3293 3265 3445
f 3445 3265 3428
f 3445 3442 3292
f 3292 3293 3445
f 3281 3292 3427
f 3237 3294 3447
f 3291 3290 3440
f 3503 3504 3506
f 3504 3231 3232
f 3504 3503 3230
f 3230 3231 3504
f 3328 3330 2992
f 2992 2990 3328
f 3321 3325 2980
f 2980 2976 3321
f 2981 2980 3326
f 3326 2980 3325
f 2976 2975 3321
f 3321 2975 3320
f 3315 3380 3314
f 3315 3317 3379
f 3379 2962 2970
f 3332 3328 3379
f 3328 2990 3379
f 2990 2966 3379
f 3320 2992 3330
f 3379 2970 3380
f 3332 3379 3317
f 2975 2992 3320
f 3315 3379 3380
f 3380 2968 2961
f 3380 2961 3378
f 3314 3380 3378
f 3309 3314 3378
f 2970 2968 3380
f 2966 2962 3379
f 2961 2960 3378
f 3160 3170 3588
f 3588 3170 3609
f 3170 2967 3312
f 3609 3170 3312
f 3474 3609 3312
f 3168 3158 3600
f 3600 3158 3585
f 3605 3659 3597
f 3600 3597 3659
f 3600 3659 3165
f 3600 3165 3168
f 3588 3585 3158
f 3158 3160 3588
f 3548 3631 3197
f 3197 3128 3548
f 3631 3629 3195
f 3195 3197 3631
f 3191 3195 3627
f 3627 3195 3629
f 3611 3613 3164
f 3610 3611 3164
f 3164 3162 3610
f 3162 3157 3610
f 3610 3157 3607
f 3595 3607 3157
f 3157 3154 3595
f 3613 3655 3164
f 3154 3152 3595
f 3152 3134 3650
f 3590 3152 3650
f 3580 3590 3650
f 3580 3650 3565
f 3142 3147 3576
f 3576 3147 3578
f 3576 3575 3140
f 3595 3152 3590
f 3655 3171 3164
f 3615 3655 3613
f 3627 3625 3189
f 3189 3191 3627
f 3625 3624 3188
f 3188 3189 3625
f 3185 3188 3622
f 3622 3188 3624
f 3622 3578 3147
f 3175 3171 3655
f 3147 3185 3622
f 3283 2959 3180
f 3618 3283 3180
f 3180 3178 3618
f 3618 3178 3617
f 3178 3175 3655
f 3617 3178 3655
f 3615 3617 3655
f 3618 3429 3283
f 3140 3142 3576
f 3698 3699 3433
f 3433 3426 3698
f 3675 3674 3760
f 3446 3448 3760
f 3674 3446 3760
f 3575 3573 3654
f 3654 3138 3140
f 3575 3654 3140
f 3542 3344 3345
f 3539 3343 3340
f 3343 3539 3535
f 3535 3342 3343
f 3341 3540 3534
f 3534 3539 3340
f 3341 3534 3340
f 3494 3493 3534
f 3494 3534 3540
f 3530 3535 3534
f 3534 3535 3539
f 3529 3530 3531
f 3531 3530 3534
f 3493 3531 3534
f 3554 3124 3552
f 3124 3122 3552
f 3552 3122 3550
f 3125 3124 3554
f 3127 3125 3554
f 3556 3129 3127
f 3654 3137 3138
f 3571 3654 3573
f 3571 3569 3652
f 3652 3136 3137
f 3652 3137 3654
f 3571 3652 3654
f 3567 3652 3569
f 3554 3556 3127
f 3134 3132 3650
f 3565 3650 3130
f 3565 3130 3649
f 3563 3565 3649
f 3130 3129 3649
f 3563 3649 3560
f 3556 3560 3649
f 3556 3649 3129
f 3650 3132 3130
f 3470 3474 3528
f 3470 3528 3473
f 3309 3306 3449
f 3449 3306 3468
f 3304 3307 3465
f 3465 3307 3454
f 3467 3527 3466
f 3468 3306 3303
f 3468 3303 3527
f 3467 3468 3527
f 3465 3466 3527
f 3527 3302 3304
f 3465 3527 3304
f 3303 3302 3527
f 3474 3313 3528
f 3474 3312 3313
f 3475 3318 3476
f 3316 3318 3475
f 3333 3334 3486
f 3486 3334 3487
f 3485 3479 3319
f 3319 3331 3485
f 3331 3333 3485
f 3485 3333 3486
f 3327 3329 3481
f 3481 3329 3483
f 3480 3327 3481
f 3528 3313 3323
f 3473 3528 3323
f 3475 3473 3323
f 3475 3323 3316
f 3318 3319 3476
f 3476 3319 3479
f 3324 3327 3480
f 3334 3324 3480
f 3480 3487 3334
f 3489 3337 3490
f 3336 3337 3489
f 3463 3490 3337
f 3337 3298 3463
f 3489 3483 3329
f 3329 3336 3489
f 2928 2635 2929
f 2928 2877 2557
f 2557 2632 2928
f 2921 2922 3092
f 2921 3092 2631
f 2921 2631 2630
f 2920 2921 2630
f 2632 2635 2928
f 2630 2628 2920
f 2920 2623 2907
f 2623 2617 3090
f 2907 2623 3090
f 2904 2907 3090
f 2617 2613 3090
f 2904 3090 2901
f 3090 2613 2612
f 2628 2623 2920
f 2635 2558 2878
f 2878 2929 2635
f 2901 3090 2612
f 3098 3101 2985
f 2985 3101 2996
f 2683 2682 3100
f 3096 2657 2683
f 3096 2683 3100
f 2989 3096 3100
f 2993 2989 3100
f 2987 2991 3100
f 2987 2682 2680
f 2987 2680 3098
f 2993 3100 2991
f 2965 3096 2989
f 2987 3098 2985
f 2987 3100 2682
f 2996 3103 2998
f 3101 3103 2996
f 2685 3101 3098
f 2693 2697 3105
f 3104 2692 3105
f 3105 2692 2693
f 3103 2688 3104
f 3104 2688 2692
f 2688 3103 3101
f 3101 2685 2688
f 3098 2680 2685
f 2900 2901 2612
f 2612 2609 2898
f 2898 2900 2612
f 2609 2607 2898
f 2898 2607 2897
f 2607 2604 2897
f 2897 2604 2892
f 2870 2892 2604
f 2604 2549 2870
f 3087 2598 2601
f 2592 2598 3085
f 2588 2592 3083
f 3083 2592 3085
f 3083 3080 2582
f 2582 2588 3083
f 2585 2582 3080
f 3085 2598 3087
f 2907 2904 3375
f 3273 2907 3375
f 3270 3273 3375
f 3270 3375 3263
f 2904 2901 3375
f 3261 3263 3375
f 3261 3375 2901
f 3261 2901 2900
f 3229 3368 3230
f 3261 2900 2898
f 3261 2898 3374
f 3260 3261 3374
f 2898 2897 3374
f 3260 3374 3251
f 3251 3374 2897
f 3251 2897 2892
f 3251 2892 3363
f 3226 3251 3363
f 2892 2870 3363
f 2477 2475 3206
f 3206 2475 2474
f 3127 3206 2474
f 3127 2474 3204
f 3125 3127 3204
f 3125 3204 3124
f 2474 2472 3204
f 3122 3124 3204
f 3122 3204 2472
f 3122 2472 2463
f 3129 3206 3127
f 3129 2478 3206
f 2478 2477 3206
f 3129 3130 2478
f 3152 3210 2484
f 3134 3152 2484
f 3142 3208 3147
f 3142 3140 2491
f 2491 2489 3208
f 3142 2491 3208
f 2487 2491 3138
f 3138 2491 3140
f 2485 2487 3138
f 2470 2485 3136
f 3136 2485 3137
f 3132 3134 2484
f 2484 2481 3132
f 2481 2478 3132
f 3132 2478 3130
f 3138 3137 2485
f 3210 2461 2484
f 3154 3210 3152
f 2464 2461 3210
f 3154 3157 3210
f 3205 2114 2116
f 2507 2114 3205
f 3197 2507 3205
f 3128 3197 3205
f 3195 2507 3197
f 2482 2479 3212
f 3175 3178 3212
f 3175 3212 2479
f 3175 2479 2476
f 3171 3175 2476
f 2476 2473 3171
f 2473 2471 3171
f 3180 3212 3178
f 3171 2471 3164
f 2471 2468 3211
f 3162 2471 3211
f 3162 3211 3157
f 2468 2466 3211
f 3211 2466 2464
f 3157 3211 2464
f 3157 2464 3210
f 3162 3164 2471
f 2505 2507 3195
f 3180 2648 3212
f 2805 2482 3212
f 3195 3191 2503
f 2503 2505 3195
f 3191 3189 2500
f 2500 2503 3191
f 3189 3188 3213
f 3189 3213 2498
f 3189 2498 2500
f 2648 2805 3212
f 3185 3213 3188
f 3208 2492 2494
f 3147 3208 2494
f 3147 2494 3213
f 3185 3147 3213
f 3208 2489 2492
f 3180 2959 2648
f 2805 2224 2482
f 3213 2494 2498
f 4232 4051 4023
f 4151 4148 4231
f 4151 4231 4046
f 4046 4051 4232
f 4151 4046 4232
f 4145 4231 4148
f 4231 4045 4046
f 4140 4043 4045
f 4140 4045 4231
f 4145 4140 4231
f 4140 4137 4041
f 4041 4043 4140
f 4040 4041 4135
f 4135 4041 4137
f 4135 4130 4033
f 4033 4040 4135
f 4031 4033 4128
f 4128 4033 4130
f 4128 4126 4029
f 4029 4031 4128
f 4126 4125 4025
f 4025 4029 4126
f 4124 4025 4125
f 4021 4025 4124
f 4206 4205 4606
f 4208 4207 4488
f 4488 4489 4208
f 4490 4488 4606
f 4211 4208 4491
f 4491 4208 4489
f 4496 4608 4495
f 4496 4183 4608
f 4608 4209 4211
f 4495 4608 4211
f 4491 4495 4211
f 4210 4209 4608
f 4488 4207 4206
f 4488 4206 4606
f 4183 4210 4608
f 4397 4540 4451
f 4451 4540 4395
f 4444 4125 4126
f 4444 4126 4588
f 4124 4125 4442
f 4442 4125 4443
f 4440 4585 4586
f 4441 4440 4586
f 4441 4586 4587
f 4444 4443 4125
f 4219 4586 4585
f 4219 4585 4218
f 4439 4585 4440
f 4584 4585 4435
f 4435 4585 4439
f 4584 4217 4218
f 4583 4216 4217
f 4583 4217 4584
f 4585 4584 4218
f 4588 4126 4128
f 4446 4588 4130
f 4564 4148 4151
f 4450 4145 4148
f 4450 4148 4564
f 4412 4450 4564
f 4450 4449 4589
f 4450 4589 4140
f 4450 4140 4145
f 4444 4588 4445
f 4589 4137 4140
f 4448 4447 4135
f 4135 4137 4589
f 4448 4135 4589
f 4447 4446 4130
f 4130 4135 4447
f 4446 4445 4588
f 4588 4128 4130
f 4448 4589 4449
f 4434 4583 4584
f 4435 4434 4584
f 4583 4215 4216
f 4417 4576 4574
f 4417 4574 4573
f 4417 4573 4414
f 4565 4562 4574
f 4574 4562 4573
f 4414 4573 4562
f 4384 4414 4562
f 4417 4420 4576
f 4384 4562 4548
f 4399 4566 4570
f 4402 4399 4570
f 4402 4570 4572
f 4565 4570 4566
f 4566 4561 4565
f 4396 4566 4399
f 4391 4554 4561
f 4402 4572 4408
f 4396 4391 4561
f 4577 4565 4574
f 4572 4570 4577
f 4582 4583 4432
f 4432 4583 4434
f 4580 4583 4582
f 4582 4578 4580
f 4431 4582 4432
f 4408 4572 4578
f 4431 4408 4578
f 4570 4565 4577
f 4431 4578 4582
f 4581 4576 4424
f 4424 4576 4420
f 4579 4580 4578
f 4578 4577 4579
f 4577 4574 4579
f 4579 4574 4576
f 4577 4578 4572
f 4426 4581 4424
f 4580 4215 4583
f 4396 4561 4566
f 4565 4559 4562
f 4381 4382 4545
f 4381 4545 4544
f 4381 4544 4380
f 4542 4539 4545
f 4545 4539 4544
f 4380 4544 4539
f 4379 4380 4539
f 4382 4546 4545
f 4379 4539 4538
f 4537 4536 4539
f 4536 4534 4539
f 4539 4534 4538
f 4539 4542 4537
f 4561 4559 4565
f 4383 4546 4382
f 4384 4548 4383
f 4559 4546 4562
f 4562 4546 4548
f 4559 4561 4554
f 4554 4551 4559
f 4551 4545 4559
f 4559 4545 4546
f 4390 4554 4391
f 4548 4546 4383
f 4389 4549 4551
f 4390 4551 4554
f 4545 4551 4549
f 4549 4542 4545
f 4388 4549 4389
f 4378 4537 4542
f 4388 4378 4542
f 4388 4542 4549
f 4390 4389 4551
f 3889 3699 3698
f 3698 3887 3889
f 3832 3887 3831
f 3889 3887 3832
f 3800 3795 3885
f 3885 3674 3675
f 3800 3885 3675
f 3794 3885 3795
f 4027 4101 3795
f 4035 4027 3795
f 4035 3795 4103
f 4022 4101 4027
f 4101 3836 3794
f 4020 3835 3836
f 4020 3836 4101
f 4022 4020 4101
f 3834 3835 4020
f 3833 3834 4016
f 4016 3834 4018
f 4020 4018 3834
f 4101 3794 3795
f 4103 3795 3800
f 3727 3729 3859
f 3859 3729 3861
f 3845 3853 3725
f 3725 3721 3845
f 3721 3723 3845
f 3845 3723 3850
f 3837 3901 3841
f 3717 3718 3840
f 3840 3718 3842
f 3901 3712 3717
f 3841 3901 3717
f 3840 3841 3717
f 3862 3732 3865
f 3731 3732 3862
f 3729 3731 3862
f 3862 3861 3729
f 3748 3749 3874
f 3874 3749 3875
f 3867 3873 3746
f 3746 3735 3867
f 3732 3746 3865
f 3865 3746 3873
f 3871 3869 3737
f 3737 3738 3871
f 3871 3739 3872
f 3869 3868 3736
f 3736 3737 3869
f 3735 3736 3867
f 3867 3736 3868
f 3859 3850 3723
f 3723 3727 3859
f 3738 3739 3871
f 3739 3751 3877
f 3877 3872 3739
f 3874 3877 3751
f 3880 3878 3752
f 3752 3753 3880
f 3753 3754 3880
f 3880 3754 3882
f 3878 3875 3749
f 3749 3752 3878
f 3751 3748 3874
f 3547 3420 3758
f 1438 1440 1319
f 1319 1440 1328
f 1326 1438 1319
f 1318 1437 1316
f 1326 1316 1438
f 1316 1441 1438
f 1316 1437 1441
f 1440 1438 1441
f 1340 1446 1331
f 1451 1449 1448
f 1338 1451 1448
f 1333 1338 1448
f 1335 1333 1448
f 1335 1448 1444
f 1335 1444 1446
f 1335 1446 1340
f 1442 1441 1449
f 1444 1448 1441
f 1441 1437 1444
f 1329 1331 1446
f 1446 1444 1329
f 1444 1437 1329
f 1329 1437 1318
f 1441 1442 1440
f 1449 1441 1448
f 1453 1451 1338
f 1455 1453 1342
f 1338 1342 1453
f 1345 1347 1456
f 1456 1455 1345
f 1342 1345 1455
f 1363 1364 1472
f 1472 1473 1363
f 1364 1362 1471
f 1471 1472 1364
f 1391 1501 1390
f 1390 1501 1500
f 1390 1500 1498
f 1389 1390 1498
f 1498 1497 1389
f 1389 1497 1388
f 1388 1497 1387
f 1473 1472 1478
f 1486 1490 1472
f 1472 1471 1486
f 1478 1472 1490
f 1497 1496 1387
f 1387 1496 1386
f 1385 1386 1496
f 1385 1496 1495
f 1385 1495 1493
f 1385 1493 1383
f 1114 894 899
f 1022 1113 1111
f 1020 1022 1111
f 1020 1111 1112
f 1113 898 888
f 1113 888 1107
f 1113 1107 1111
f 1112 1111 1109
f 1109 1110 1112
f 1106 1109 1107
f 1107 1109 1111
f 1110 893 894
f 1109 1108 891
f 1109 891 893
f 1110 1109 893
f 1114 1110 894
f 1114 1112 1110
f 1114 899 900
f 1112 1114 1024
f 1010 870 904
f 1028 1010 904
f 1028 904 1115
f 904 903 1115
f 1022 1028 1115
f 1109 1106 1104
f 1115 1113 1022
f 898 1113 1115
f 1015 1026 901
f 901 876 1015
f 1024 1114 900
f 1024 900 901
f 1026 1024 901
f 1024 1020 1112
f 1115 903 898
f 1104 1108 1109
f 1108 890 891
f 1108 1104 879
f 879 890 1108
f 888 885 1107
f 883 1105 1106
f 885 883 1106
f 1107 885 1106
f 883 881 1105
f 1103 1104 1105
f 1105 1104 1106
f 878 1103 1105
f 875 879 1103
f 1103 879 1104
f 878 875 1103
f 1105 881 878
f 1553 1549 2530
f 2480 1553 2530
f 2486 2480 2530
f 2480 2483 1562
f 1562 1553 2480
f 1549 1545 2530
f 2490 2532 2488
f 2490 1570 2532
f 1570 1568 2532
f 2490 2493 1570
f 2522 1985 1757
f 2522 1757 2428
f 2136 2522 2428
f 2506 2536 2517
f 2518 2540 2521
f 1583 1543 1985
f 2540 1583 1985
f 2522 2521 1985
f 2537 1571 1572
f 2536 1555 1566
f 2499 2497 1552
f 1552 1554 2499
f 1576 2391 1703
f 1576 1703 1921
f 1383 1576 1921
f 2502 2499 2537
f 1926 1383 1921
f 2495 2391 1570
f 2493 2495 1570
f 2165 2391 2495
f 1568 1573 2532
f 2483 2488 2532
f 2532 1573 1562
f 2483 2532 1562
f 2391 1576 1570
f 2521 2540 1985
f 2499 1571 2537
f 2506 1572 2536
f 2518 2517 2536
f 2518 2536 1566
f 1566 1582 2540
f 2518 1566 2540
f 2540 1582 1583
f 2034 1428 1429
f 1579 1552 2511
f 2499 1554 1571
f 2511 1552 2497
f 2539 1577 1579
f 2509 2539 1579
f 2511 2509 1579
f 2502 2537 2504
f 2506 2504 2537
f 2506 2537 1572
f 1572 1555 2536
f 2512 2539 2509
f 2205 1774 1773
f 2207 2205 1773
f 2207 1773 2431
f 2205 2188 1758
f 1758 1774 2205
f 1773 1772 2431
f 1771 1759 2203
f 2203 1759 2193
f 2203 2195 1761
f 1761 1771 2203
f 2196 2201 1769
f 1769 1762 2196
f 1767 1769 2198
f 2198 1769 2201
f 1762 1761 2196
f 1772 1775 2433
f 2433 2431 1772
f 1775 1760 2436
f 2436 2433 1775
f 2214 2217 2446
f 2218 2452 2217
f 2216 2448 2215
f 2446 2445 2214
f 2214 2445 2213
f 2213 2445 2212
f 2202 2211 2441
f 2196 1761 2195
f 2202 2441 1770
f 2211 2210 2439
f 2439 2441 2211
f 2208 2433 2436
f 2210 2208 2436
f 2210 2436 2439
f 2208 2207 2431
f 2431 2433 2208
f 2202 1770 1776
f 2188 2193 1759
f 1759 1758 2188
f 2217 2449 2446
f 2217 2452 2449
f 2218 2215 2453
f 2120 2220 2457
f 2457 1781 1780
f 2457 1780 2276
f 2120 2457 2276
f 2458 2430 2457
f 2222 2458 2457
f 2221 2222 2457
f 1782 2440 1780
f 2223 2458 2222
f 2454 2455 2199
f 2199 2455 2219
f 2455 2448 2219
f 2219 2448 2216
f 2453 2451 2449
f 2449 2452 2453
f 2215 2448 2453
f 2221 2457 2220
f 2218 2453 2452
f 2440 2280 1780
f 2430 1783 2457
f 2434 2459 2438
f 2438 2459 2447
f 2446 2447 2459
f 2459 2445 2446
f 2459 2434 2430
f 2280 2276 1780
f 2430 2458 2459
f 2223 2212 2459
f 2223 2459 2458
f 2440 1782 1783
f 2437 2440 1783
f 2432 2437 1783
f 2430 2432 1783
f 1783 1781 2457
f 2212 2445 2459
f 2651 2808 2650
f 2656 2809 2654
f 2665 2810 2664
f 2651 2664 2811
f 2670 2814 2815
f 2672 2670 2815
f 2144 2141 2813
f 2815 2144 2813
f 2671 2815 2813
f 2667 2671 2813
f 2672 2815 2671
f 2814 2145 2815
f 2132 2811 2810
f 2133 2132 2810
f 2812 2133 2810
f 2809 2812 2810
f 2654 2809 2810
f 2665 2654 2810
f 2664 2810 2811
f 2667 2813 2666
f 2651 2811 2808
f 2675 2820 2674
f 2141 2157 2813
f 2158 2133 2812
f 2158 2812 2809
f 2809 2147 2158
f 2145 2144 2815
f 2155 2151 2820
f 2157 2155 2820
f 2813 2157 2820
f 2675 2813 2820
f 2820 2151 2147
f 2820 2147 2809
f 2674 2820 2809
f 2656 2674 2809
f 2675 2666 2813
f 2736 2854 2851
f 2851 2852 2840
f 2735 2851 2840
f 2708 2735 2840
f 2736 2851 2735
f 2731 2850 2733
f 2724 2849 2729
f 2194 2197 2850
f 2849 2194 2850
f 2729 2849 2850
f 2731 2729 2850
f 2726 2848 2723
f 2717 2847 2725
f 2725 2847 2184
f 2726 2725 2184
f 2736 2737 2854
f 2737 2853 2854
f 2852 2851 2854
f 2854 2855 2852
f 2741 2740 2861
f 2741 2861 2835
f 2863 2865 2864
f 2864 2860 2863
f 2739 2861 2863
f 2738 2739 2863
f 2738 2863 2860
f 2726 2184 2190
f 2857 2856 2859
f 2856 2852 2858
f 2858 2852 2855
f 2856 2857 2200
f 2856 2200 2199
f 2856 2199 2844
f 2852 2856 2844
f 2844 2840 2852
f 2859 2856 2858
f 2726 2190 2848
f 2723 2848 2191
f 2191 2192 2849
f 2847 2183 2184
f 2846 2181 2182
f 2212 2223 2837
f 2585 2715 2220
f 2220 2120 2585
f 2222 2221 2845
f 2714 2701 2837
f 2717 2183 2847
f 2714 2837 2223
f 2714 2223 2845
f 2715 2713 2845
f 2845 2221 2220
f 2715 2845 2220
f 2714 2845 2713
f 2844 2199 2219
f 2219 2843 2844
f 2223 2222 2845
f 2740 2863 2861
f 2717 2846 2183
f 2717 2716 2846
f 2723 2191 2849
f 2724 2723 2849
f 2849 2192 2194
f 2848 2190 2191
f 2722 2846 2716
f 2186 2189 2719
f 2719 2189 2721
f 2846 2182 2183
f 2189 2181 2846
f 2722 2721 2846
f 2187 2185 2720
f 2720 2185 2718
f 2720 2601 2124
f 2124 2187 2720
f 2719 2718 2185
f 2185 2186 2719
f 2721 2189 2846
f 2840 2844 2843
f 2742 2863 2740
f 2741 2836 2743
f 2744 2206 2866
f 2745 2744 2866
f 2866 2206 2209
f 2202 2204 2700
f 2700 2204 2744
f 2743 2836 2699
f 2835 2836 2741
f 2744 2204 2206
f 2865 2863 2742
f 2843 2839 2840
f 2843 2219 2216
f 2216 2842 2843
f 2703 2704 2213
f 2705 2838 2704
f 2703 2213 2212
f 2703 2212 2837
f 2702 2703 2837
f 2702 2837 2701
f 2699 2836 2211
f 2704 2214 2213
f 2699 2211 2202
f 2835 2210 2836
f 2836 2210 2211
f 2700 2699 2202
f 2704 2838 2214
f 2708 2839 2707
f 2706 2839 2843
f 2712 2706 2843
f 2712 2843 2842
f 2215 2218 2841
f 2217 2214 2838
f 2709 2841 2218
f 2705 2709 2218
f 2707 2839 2706
f 2705 2218 2217
f 2842 2216 2215
f 2711 2842 2215
f 2710 2711 2215
f 2710 2215 2841
f 2712 2842 2711
f 2710 2841 2709
f 2840 2839 2708
f 2705 2217 2838
f 2070 2082 2624
f 2624 2082 2625
f 2624 2621 2066
f 2066 2070 2624
f 2064 2066 2620
f 2620 2066 2621
f 2620 2615 2060
f 2060 2064 2620
f 2110 2060 2610
f 2610 2060 2615
f 2610 2606 2774
f 2092 2090 2762
f 2090 2089 2758
f 2762 2090 2758
f 2752 2762 2758
f 2089 2088 2758
f 2576 2752 2574
f 2576 2762 2752
f 2576 2586 2762
f 2097 2762 2768
f 2774 2108 2110
f 2610 2774 2110
f 2774 2105 2108
f 2605 2774 2606
f 2772 2104 2105
f 2772 2105 2774
f 2602 2772 2774
f 2586 2768 2762
f 2605 2602 2774
f 2102 2099 2769
f 2589 2599 2769
f 2099 2097 2768
f 2769 2099 2768
f 2589 2769 2768
f 2589 2768 2586
f 2092 2762 2097
f 2578 2772 2602
f 1745 1986 1735
f 1714 1969 1742
f 1742 1969 1966
f 1745 1742 1966
f 1745 1966 1986
f 1735 1986 1984
f 1740 1735 1984
f 1740 1984 1988
f 1984 1393 1392
f 1988 1984 1392
f 1966 1959 1986
f 1986 1959 1984
f 1959 1384 1984
f 1984 1384 1393
f 1793 1792 1789
f 1793 1789 1321
f 1793 1321 1324
f 1788 1789 1790
f 1790 1789 1792
f 1791 1323 1322
f 1322 1790 1791
f 1315 1788 1322
f 1322 1788 1790
f 1789 1317 1321
f 1314 1317 1788
f 1788 1317 1789
f 1315 1314 1788
f 1627 1790 1792
f 1627 1791 1790
f 1627 1628 1791
f 1627 1793 1629
f 1419 1418 1647
f 1642 1647 1418
f 1418 1416 1795
f 1642 1418 1795
f 1416 1330 1795
f 1642 1795 1638
f 1795 1330 1327
f 1795 1327 1794
f 1634 1638 1794
f 1628 1634 1794
f 1794 1791 1628
f 1327 1325 1794
f 1794 1325 1323
f 1323 1791 1794
f 1792 1793 1627
f 1638 1795 1794
f 1647 1649 1419
f 1324 1332 1796
f 1796 1793 1324
f 1796 1332 1334
f 1694 1695 1819
f 1694 1819 1812
f 1694 1812 1808
f 1695 1681 1802
f 1802 1819 1695
f 1694 1808 1631
f 1816 1818 1813
f 1813 1810 1816
f 1810 1804 1816
f 1673 1799 1675
f 1422 1419 1669
f 1669 1419 1649
f 1666 1663 1421
f 1421 1341 1666
f 1663 1657 1797
f 1663 1797 1420
f 1798 1799 1673
f 1663 1420 1421
f 1797 1336 1420
f 1656 1654 1796
f 1656 1796 1334
f 1656 1334 1336
f 1656 1336 1797
f 1654 1629 1793
f 1793 1796 1654
f 1656 1797 1657
f 1679 1675 1801
f 1675 1799 1800
f 1816 1804 1807
f 1802 1801 1813
f 1813 1801 1810
f 1804 1810 1801
f 1801 1800 1804
f 1806 1807 1804
f 1804 1803 1806
f 1675 1800 1801
f 1806 1803 1359
f 1805 1806 1361
f 1800 1360 1358
f 1804 1800 1358
f 1803 1804 1358
f 1803 1358 1359
f 1681 1679 1801
f 1801 1802 1681
f 1806 1359 1361
f 2043 2040 1617
f 2043 1617 2228
f 2228 2229 2042
f 2042 2229 2044
f 2043 2228 2042
f 2041 2227 2040
f 2040 2227 1617
f 2227 1618 1617
f 2228 1617 1619
f 1619 2229 2228
f 2050 2049 1623
f 2050 1623 2233
f 2044 2229 2049
f 2232 1622 1621
f 2048 2232 1621
f 2048 1621 2231
f 2047 2048 2231
f 2231 2230 2047
f 1621 1620 2231
f 2230 2231 1620
f 1620 1618 2227
f 2230 1620 2227
f 2046 2230 2045
f 2230 2227 2045
f 2045 2227 2041
f 2047 2230 2046
f 2049 1619 1623
f 2049 2229 1619
f 2233 2234 2050
f 2237 2239 2238
f 2238 2235 2237
f 2053 2238 2054
f 2053 2052 2234
f 2234 2235 2238
f 2053 2234 2238
f 2237 2235 1625
f 2055 2239 2240
f 2237 1625 1626
f 1626 1622 2236
f 2236 1622 2232
f 1625 2235 2234
f 2234 2233 1624
f 1625 2234 1624
f 2233 1623 1624
f 2051 2234 2052
f 2236 2237 1626
f 2050 2234 2051
f 2055 2054 2239
f 2055 2240 2056
f 2054 2238 2239
f 2172 2132 2339
f 2339 2340 2370
f 2172 2339 2370
f 2167 2171 2370
f 2167 2370 2375
f 2167 2375 2360
f 2172 2370 2171
f 2170 2367 2369
f 2169 2170 2369
f 2169 2369 2366
f 2360 2367 2166
f 2166 2367 2170
f 2169 2366 2168
f 2167 2360 2166
f 2375 2370 2340
f 2340 2346 2375
f 2367 2360 2375
f 2375 2376 2367
f 2177 2175 2384
f 2384 2392 2177
f 2388 2390 2384
f 2384 2380 2388
f 2380 2366 2388
f 2388 2366 2369
f 2380 2384 2173
f 1712 1708 2343
f 2173 2384 2175
f 2168 2380 2173
f 2352 2358 2378
f 2378 2376 2352
f 2376 2375 2352
f 2352 2375 2346
f 2369 2367 2378
f 2378 2367 2376
f 2366 2380 2168
f 2162 2395 2382
f 1712 2343 2342
f 2162 2392 2395
f 2162 2177 2392
f 2396 2384 2390
f 2400 2402 2383
f 2398 2396 2405
f 2405 2396 2404
f 2402 2404 2396
f 2396 2390 2402
f 2377 2383 2402
f 2402 2401 2377
f 2404 2402 2400
f 2358 2377 2401
f 2390 2388 2402
f 2402 2388 2401
f 2388 2369 2401
f 2401 2369 2378
f 2395 2392 2398
f 2398 2392 2396
f 2392 2384 2396
f 2401 2378 2358
f 2405 2404 2400
f 2400 2407 2405
f 2175 2823 2822
f 2822 2173 2175
f 2173 2822 2818
f 2818 2168 2173
f 2132 2172 2811
f 2171 2167 2830
f 2172 2171 2830
f 2826 2175 2177
f 2172 2830 2808
f 2170 2169 2831
f 2170 2831 2828
f 2828 2166 2170
f 2169 2168 2818
f 2169 2818 2817
f 2831 2169 2817
f 2652 2828 2831
f 2811 2172 2808
f 2657 2652 2831
f 2823 2175 2826
f 2177 2162 2826
f 2657 2831 2817
f 2653 2655 2167
f 2655 2830 2167
f 2167 2166 2828
f 2653 2167 2828
f 2808 2830 2650
f 2650 2830 2655
f 2653 2828 2652
f 2591 2785 2783
f 2591 2783 2590
f 2076 2069 2785
f 2069 2065 2782
f 2785 2069 2782
f 2783 2785 2782
f 2590 2783 2782
f 2591 2593 2785
f 2587 2590 2782
f 2062 2779 2065
f 2065 2779 2782
f 2581 2780 2782
f 2573 2581 2782
f 2573 2782 2779
f 2587 2780 2584
f 2584 2780 2581
f 2587 2782 2780
f 2772 2117 2104
f 2593 2787 2785
f 2079 2785 2787
f 2574 2752 2758
f 2597 2574 2758
f 2597 2758 2791
f 2597 2791 2596
f 2758 2088 2087
f 2758 2087 2789
f 2594 2787 2593
f 2791 2758 2789
f 2791 2789 2595
f 2087 2083 2789
f 2594 2595 2789
f 2594 2789 2083
f 2083 2079 2787
f 2594 2083 2787
f 2076 2785 2079
f 2595 2596 2791
f 2084 2117 2772
f 2578 2575 2772
f 2566 2568 2765
f 2566 2765 2760
f 2566 2760 2757
f 2566 2757 2565
f 2749 2755 2760
f 2760 2755 2757
f 2565 2757 2755
f 2770 2765 2568
f 2563 2565 2755
f 2563 2753 2562
f 2103 2098 2749
f 2563 2755 2753
f 2575 2084 2772
f 2568 2570 2770
f 2760 2103 2749
f 2115 2778 2062
f 2062 2778 2779
f 2572 2573 2779
f 2572 2779 2778
f 2572 2778 2770
f 2113 2776 2115
f 2115 2776 2778
f 2572 2770 2570
f 2776 2765 2778
f 2112 2771 2113
f 2113 2771 2776
f 2771 2760 2776
f 2776 2760 2765
f 2112 2107 2771
f 2760 2771 2107
f 2760 2107 2103
f 2778 2765 2770
f 1917 1952 1920
f 1920 1952 1954
f 1948 1954 1952
f 1952 1942 1948
f 1952 1917 1915
f 1915 1939 1952
f 1704 1942 1952
f 1702 1704 1952
f 1702 1952 1939
f 1707 1946 1948
f 1705 1707 1948
f 1705 1948 1942
f 1708 1946 1707
f 1705 1942 1704
f 1701 1939 1915
f 1700 1701 1915
f 1700 1915 1913
f 1702 1939 1701
f 1700 1913 1696
f 1706 1709 1926
f 1926 1921 1706
f 1706 1921 1703
f 1653 1836 1902
f 1683 1653 1902
f 1900 1899 1809
f 1809 1899 1901
f 1899 1892 1901
f 1901 1892 1895
f 1880 1878 1900
f 1900 1878 1899
f 1892 1899 1878
f 1878 1872 1892
f 1894 1895 1892
f 1892 1890 1894
f 1890 1862 1894
f 1894 1862 1863
f 1890 1892 1872
f 1836 1876 1902
f 1683 1903 1684
f 1902 1903 1683
f 1902 1876 1880
f 1908 1907 1820
f 1820 1907 1811
f 1907 1900 1811
f 1811 1900 1809
f 1907 1908 1905
f 1905 1904 1907
f 1904 1880 1907
f 1872 1871 1890
f 1907 1880 1900
f 1685 1903 1905
f 1686 1685 1905
f 1686 1905 1906
f 1684 1903 1685
f 1904 1905 1903
f 1903 1902 1904
f 1880 1904 1902
f 1686 1906 1687
f 1871 1858 1890
f 1890 1858 1862
f 1878 1880 1876
f 1858 1855 1862
f 1862 1855 1860
f 1860 1855 1677
f 1677 1855 1676
f 1853 1850 1858
f 1858 1850 1855
f 1676 1855 1850
f 1678 1860 1677
f 1674 1676 1850
f 1850 1853 1818
f 1818 1816 1850
f 1848 1850 1816
f 1816 1807 1848
f 1674 1848 1672
f 1670 1844 1662
f 1672 1848 1807
f 1674 1850 1848
f 1906 1905 1908
f 1678 1862 1860
f 1678 1680 1863
f 1876 1873 1878
f 1872 1878 1873
f 1873 1869 1872
f 1873 1876 1836
f 1836 1833 1873
f 1833 1827 1873
f 1873 1827 1869
f 1678 1863 1862
f 1869 1867 1872
f 1858 1871 1867
f 1867 1853 1858
f 1827 1826 1869
f 1869 1826 1867
f 1826 1818 1867
f 1867 1818 1853
f 1682 1863 1680
f 1872 1867 1871
f 1672 1807 1806
f 1908 1909 1906
f 1688 1687 1906
f 1691 1692 1911
f 1911 1910 1691
f 1809 1901 1814
f 1814 1901 1910
f 1691 1910 1901
f 1690 1691 1901
f 1690 1901 1895
f 1823 1910 1911
f 1895 1894 1690
f 1682 1689 1894
f 1894 1863 1682
f 1909 1828 1829
f 1688 1909 1829
f 1671 1688 1829
f 1820 1828 1909
f 1909 1908 1820
f 1690 1894 1689
f 1906 1909 1688
f 1814 1910 1823
f 1692 1693 1912
f 1912 1911 1692
f 1832 1912 1835
f 1835 1912 1852
f 1693 1636 1852
f 1852 1912 1693
f 1823 1911 1832
f 1832 1911 1912
f 1668 1672 1806
f 1670 1668 1806
f 1670 1806 1805
f 1824 1830 1815
f 1815 1812 1824
f 1824 1821 1827
f 1827 1821 1826
f 1821 1813 1826
f 1826 1813 1818
f 1821 1824 1812
f 1815 1830 1648
f 1812 1819 1821
f 1819 1802 1813
f 1644 1815 1646
f 1635 1808 1812
f 1644 1635 1812
f 1644 1812 1815
f 1631 1808 1635
f 1813 1821 1819
f 1648 1646 1815
f 1827 1833 1830
f 1670 1805 1844
f 1660 1845 1665
f 1658 1662 1844
f 1844 1843 1658
f 1658 1843 1842
f 1660 1658 1842
f 1660 1842 1845
f 1830 1824 1827
f 1844 1805 1417
f 1843 1417 1415
f 1415 1414 1843
f 1843 1414 1842
f 1651 1836 1653
f 1651 1648 1830
f 1830 1833 1836
f 1651 1830 1836
f 1843 1844 1417
f 2282 1647 1642
f 1642 2278 2282
f 1638 2268 2274
f 1642 1638 2274
f 2278 1642 2274
f 1638 1634 2268
f 2265 2267 2268
f 2268 2267 2274
f 2268 1634 1628
f 1628 2265 2268
f 1627 1629 2265
f 2265 1629 2267
f 1628 1627 2265
f 2068 2250 2074
f 2072 2074 2250
f 1649 1647 2282
f 1629 1654 2287
f 2287 2267 1629
f 2287 1654 1656
f 2094 2299 2101
f 2106 2100 1663
f 1663 1666 2106
f 2299 1657 1663
f 2101 2299 1663
f 2100 2101 1663
f 2291 2299 2080
f 2250 2246 2072
f 2080 2299 2094
f 2080 2086 2274
f 2080 2274 2291
f 2291 2287 1656
f 2291 1656 1657
f 2299 2291 1657
f 2267 2287 2274
f 2274 2287 2291
f 2086 2278 2274
f 2244 2250 2061
f 2061 2250 2068
f 2246 2250 2244
f 2244 2242 2246
f 2058 2244 2061
f 2057 2241 2242
f 2058 2057 2242
f 2058 2242 2244
f 2240 2241 2056
f 2056 2241 2057
f 2282 2278 2086
f 2086 2109 2282
f 2109 1669 1649
f 1695 2319 2315
f 2315 1681 1695
f 2059 2118 2319
f 2059 2319 1694
f 2059 1694 1631
f 2315 2319 2116
f 2116 2319 2118
f 1695 1694 2319
f 2309 1679 2315
f 2309 1675 1679
f 2116 2114 2307
f 2307 2309 2315
f 2116 2307 2315
f 1675 2309 2307
f 2307 1673 1675
f 2109 2111 1669
f 2315 1679 1681
f 2109 1649 2282
f 3311 3339 3004
f 3004 2995 3311
f 3338 3297 3002
f 3002 3003 3338
f 3003 3004 3338
f 3338 3004 3339
f 3322 3311 2995
f 2995 2997 3322
f 2997 3000 3335
f 3335 3322 2997
f 3502 3228 3229
f 3227 3228 3502
f 3225 3227 3500
f 3500 3227 3501
f 3226 3225 3500
f 3502 3501 3227
f 3469 3525 3478
f 3332 3317 3471
f 3477 3526 3472
f 3320 3330 3526
f 3525 3320 3526
f 3478 3525 3526
f 3477 3478 3526
f 3471 3472 3526
f 3526 3328 3332
f 3471 3317 3460
f 3471 3526 3332
f 3330 3328 3526
f 3464 3325 3321
f 3464 3321 3525
f 3469 3464 3525
f 3326 3325 3464
f 3321 3320 3525
f 3458 3314 3453
f 3458 3460 3317
f 3317 3315 3458
f 3449 3453 3314
f 3314 3309 3449
f 3315 3314 3458
f 3351 3350 3536
f 3529 3533 3348
f 3529 3348 3347
f 3529 3347 3532
f 3349 3348 3533
f 3347 3346 3532
f 3353 3352 3537
f 3495 3496 3536
f 3496 3351 3536
f 3496 3537 3351
f 3544 3532 3346
f 3346 3358 3544
f 3543 3356 3357
f 3354 3356 3541
f 3541 3356 3543
f 3355 3354 3541
f 3493 3497 3538
f 3538 3531 3493
f 3536 3538 3497
f 3531 3538 3533
f 3533 3529 3531
f 3536 3350 3349
f 3536 3349 3533
f 3538 3536 3533
f 3537 3352 3351
f 3497 3495 3536
f 3545 3355 3541
f 3545 3544 3355
f 3544 3358 3355
f 3532 3544 3530
f 3546 3359 3360
f 3545 3546 3360
f 3535 3545 3360
f 3359 3546 3543
f 3543 3357 3359
f 3541 3543 3545
f 3545 3543 3546
f 3544 3545 3530
f 3530 3545 3535
f 3530 3529 3532
f 3342 3535 3360
f 2734 2732 3121
f 3012 2734 3121
f 3021 3012 3121
f 3014 3017 2728
f 2728 2730 3120
f 3014 2728 3120
f 2727 2728 3015
f 3015 2728 3017
f 3014 3120 3012
f 2666 2675 2975
f 2970 2664 2968
f 2962 2966 2656
f 2656 2654 2962
f 2651 2650 2961
f 2961 2650 2960
f 2665 2664 2970
f 2664 2651 2961
f 2654 2665 2970
f 2975 2675 2992
f 2674 2656 2990
f 2990 2656 2966
f 2990 2992 2675
f 2675 2674 2990
f 2961 2968 2664
f 2976 2980 2671
f 2672 2671 2981
f 2981 2671 2980
f 2667 2666 2976
f 2976 2666 2975
f 2970 2962 2654
f 2671 2667 2976
f 3071 2602 3084
f 2899 3071 3084
f 3071 2578 2602
f 2599 2589 3079
f 2885 2887 3079
f 2885 3079 2589
f 2589 2586 3075
f 2885 2589 3075
f 2586 2576 3075
f 2885 3075 2883
f 2881 2883 3075
f 3075 2576 2574
f 3075 2574 3070
f 2881 3075 3070
f 2881 3070 2879
f 2602 2605 3084
f 2899 2890 3071
f 3084 2605 2606
f 2899 3084 2902
f 2917 2916 2624
f 2624 2625 2917
f 2621 2624 2913
f 2913 2624 2916
f 2913 2910 2620
f 2615 2620 2908
f 2908 2620 2910
f 2610 2615 2906
f 2906 2615 2908
f 3084 2606 2610
f 2902 3084 2610
f 2906 2902 2610
f 2620 2621 2913
f 3012 3120 2734
f 3121 2732 2739
f 2730 2734 3120
f 2899 2902 3269
f 3267 3265 2890
f 2890 2899 3267
f 2887 2885 3372
f 3253 3372 2885
f 3253 2885 2883
f 3254 3253 2883
f 3269 3267 2899
f 3250 3254 2883
f 2881 2879 3250
f 3250 2879 3249
f 2879 2952 3371
f 3249 2879 3371
f 3247 3249 3371
f 2952 2949 3371
f 3247 3371 3244
f 2883 2881 3250
f 3272 3269 3373
f 2902 2906 3373
f 3269 2902 3373
f 3282 3279 2913
f 2910 2913 3277
f 3277 2913 3279
f 3277 3275 3373
f 3373 2908 2910
f 3277 3373 2910
f 3272 3373 3275
f 3373 2906 2908
f 2913 2916 3282
f 3243 3244 3371
f 3371 2949 2944
f 3243 3371 2944
f 2944 2942 3243
f 3243 2942 3242
f 3240 3242 2942
f 2942 2940 3240
f 3240 2940 2938
f 3240 2938 3369
f 3239 3240 3369
f 3239 3369 3237
f 2938 2937 3369
f 3295 3298 2994
f 3001 3002 3296
f 3296 3002 3297
f 2999 3001 3295
f 3295 3001 3296
f 2994 2999 3295
f 3205 2116 2118
f 2801 3205 2118
f 2059 2801 2118
f 3128 3205 2801
f 3128 2801 2638
f 2948 3128 2638
f 2739 3116 3121
f 808 558 559
f 724 807 557
f 724 557 558
f 727 724 558
f 727 558 808
f 807 554 557
f 725 726 556
f 556 555 725
f 723 807 724
f 722 553 554
f 723 722 554
f 723 554 807
f 552 553 721
f 721 553 722
f 721 720 551
f 551 552 721
f 549 551 719
f 719 551 720
f 536 803 805
f 532 535 803
f 803 535 804
f 533 532 803
f 708 802 709
f 704 801 707
f 707 801 800
f 533 803 536
f 707 800 802
f 702 801 704
f 702 697 797
f 702 797 800
f 702 800 801
f 795 797 695
f 695 797 697
f 798 800 797
f 708 707 802
f 712 803 804
f 713 805 803
f 719 715 544
f 544 549 719
f 717 718 547
f 547 546 717
f 716 805 713
f 716 717 546
f 716 546 536
f 712 713 803
f 716 536 805
f 715 806 543
f 715 543 544
f 804 806 712
f 712 806 714
f 806 539 543
f 806 804 535
f 535 539 806
f 715 714 806
f 797 796 798
f 796 791 798
f 796 797 795
f 798 791 792
f 791 788 790
f 685 790 788
f 684 685 788
f 684 788 786
f 684 786 683
f 529 528 789
f 789 528 788
f 528 525 788
f 788 525 786
f 787 526 527
f 786 525 522
f 786 522 785
f 683 786 785
f 682 683 785
f 682 785 681
f 789 788 791
f 686 790 685
f 686 791 790
f 686 687 791
f 795 794 796
f 791 796 794
f 794 789 791
f 691 795 695
f 690 793 794
f 691 690 794
f 691 794 795
f 522 521 785
f 793 531 529
f 789 794 529
f 689 793 690
f 688 787 527
f 689 688 527
f 527 531 793
f 689 527 793
f 687 792 791
f 794 793 529
f 681 785 521
f 681 521 520
f 681 520 784
f 680 681 784
f 850 869 856
f 869 866 856
f 856 866 855
f 866 865 855
f 855 865 854
f 854 865 848
f 853 868 849
f 851 833 852
f 852 833 604
f 853 852 604
f 853 604 674
f 674 479 514
f 674 514 868
f 853 674 868
f 602 477 480
f 602 480 603
f 777 602 603
f 843 846 864
f 843 864 832
f 847 863 846
f 832 831 843
f 843 831 774
f 846 863 864
f 848 863 847
f 864 863 865
f 851 777 603
f 851 603 833
f 849 868 867
f 850 849 867
f 850 867 869
f 867 864 869
f 869 864 866
f 865 863 848
f 514 471 668
f 867 868 668
f 867 668 667
f 867 667 666
f 864 867 666
f 864 666 600
f 864 600 832
f 865 866 864
f 868 514 668
f 410 316 309
f 307 316 410
f 325 320 374
f 374 375 325
f 377 378 308
f 387 307 410
f 387 410 418
f 413 317 328
f 328 417 413
f 413 417 383
f 383 417 385
f 417 328 325
f 387 377 307
f 382 417 325
f 385 417 382
f 379 412 378
f 374 320 327
f 374 327 412
f 379 374 412
f 378 412 326
f 378 326 308
f 375 382 325
f 377 308 307
f 419 410 309
f 420 312 313
f 395 393 314
f 314 315 395
f 393 391 420
f 393 420 313
f 419 309 310
f 393 313 314
f 420 311 312
f 419 310 311
f 389 418 419
f 391 389 419
f 391 419 420
f 387 418 389
f 419 418 410
f 419 311 420
f 327 326 412
f 131 130 212
f 212 130 211
f 211 130 129
f 184 211 129
f 181 184 129
f 181 129 210
f 129 128 210
f 181 210 180
f 178 180 210
f 178 210 128
f 178 128 127
f 127 125 178
f 178 125 174
f 176 169 121
f 121 126 176
f 176 132 186
f 126 132 176
f 188 186 213
f 186 133 213
f 194 195 215
f 215 212 194
f 212 211 194
f 194 211 193
f 193 211 184
f 192 191 214
f 214 215 192
f 171 174 125
f 212 215 214
f 212 135 131
f 213 214 189
f 189 214 191
f 213 133 214
f 214 133 135
f 188 213 189
f 186 132 133
f 212 214 135
f 125 123 171
f 171 123 106
f 171 106 201
f 106 102 201
f 201 102 100
f 100 199 201
f 97 196 197
f 100 97 197
f 199 100 197
f 97 92 196
f 94 111 203
f 91 94 196
f 92 91 196
f 135 152 131
f 135 133 148
f 148 152 135
f 144 148 132
f 132 148 133
f 126 144 132
f 196 94 197
f 192 215 195
f 203 197 94
f 197 203 205
f 162 171 201
f 169 167 119
f 119 121 169
f 167 165 207
f 167 207 117
f 167 117 119
f 207 115 117
f 203 111 112
f 165 154 205
f 162 201 199
f 154 162 199
f 154 199 205
f 205 203 112
f 205 112 115
f 207 205 115
f 205 199 197
f 205 207 165
f 130 131 152
f 152 150 130
f 130 150 129
f 150 152 148
f 17 13 77
f 56 53 15
f 15 16 79
f 56 15 79
f 14 15 52
f 52 15 53
f 52 42 6
f 6 14 52
f 49 77 47
f 77 13 11
f 47 77 11
f 45 47 11
f 11 9 45
f 45 9 44
f 40 44 9
f 80 16 18
f 79 16 80
f 56 79 58
f 60 80 81
f 62 86 66
f 84 86 81
f 81 80 84
f 84 82 65
f 65 82 64
f 64 82 63
f 84 80 18
f 9 5 40
f 84 18 19
f 82 19 17
f 63 82 17
f 49 63 17
f 49 17 77
f 60 81 62
f 58 79 80
f 60 58 80
f 82 84 19
f 42 39 3
f 3 6 42
f 39 40 5
f 31 33 15
f 15 33 16
f 29 33 31
f 31 26 29
f 14 31 15
f 26 31 6
f 6 31 14
f 13 33 29
f 29 28 13
f 11 28 9
f 26 25 29
f 29 25 28
f 28 25 9
f 9 25 5
f 6 3 25
f 25 26 6
f 13 28 11
f 81 86 62
f 13 17 33
f 33 35 18
f 5 3 39
f 36 38 12
f 12 38 24
f 24 38 23
f 38 36 32
f 32 37 38
f 38 37 23
f 17 35 33
f 23 37 22
f 20 21 32
f 20 32 27
f 22 37 21
f 20 27 1
f 18 35 19
f 19 35 17
f 18 16 33
f 21 37 32
f 86 84 65
f 65 67 86
f 66 86 67
f 106 123 63
f 63 49 106
f 60 62 119
f 119 62 121
f 119 117 58
f 58 60 119
f 117 115 56
f 123 64 63
f 56 58 117
f 112 56 115
f 112 111 52
f 52 53 112
f 111 94 42
f 42 52 111
f 49 47 106
f 106 47 102
f 53 56 112
f 102 47 45
f 123 141 64
f 142 64 141
f 148 146 150
f 129 150 146
f 129 146 142
f 128 129 142
f 142 141 128
f 128 141 127
f 127 141 125
f 123 125 141
f 148 144 66
f 146 148 67
f 67 65 146
f 146 65 142
f 121 62 66
f 121 66 144
f 126 121 144
f 65 64 142
f 148 66 67
f 102 45 137
f 45 44 137
f 75 41 88
f 75 88 74
f 73 88 89
f 70 73 89
f 70 89 87
f 74 88 73
f 87 23 22
f 41 89 88
f 69 87 22
f 68 71 21
f 21 20 68
f 22 21 72
f 72 21 71
f 70 87 69
f 20 1 68
f 68 1 48
f 72 69 22
f 100 102 137
f 41 78 89
f 89 24 23
f 100 137 97
f 97 137 44
f 97 44 40
f 92 97 40
f 39 42 91
f 91 42 94
f 91 92 40
f 89 23 87
f 40 39 91
f 61 90 76
f 46 76 90
f 46 90 89
f 46 89 78
f 12 24 85
f 85 24 90
f 89 90 24
f 85 90 61
f 397 390 481
f 481 390 474
f 481 475 504
f 504 396 397
f 481 504 397
f 513 512 480
f 480 512 478
f 479 478 512
f 479 512 509
f 504 395 396
f 479 509 510
f 394 392 513
f 509 512 392
f 464 505 463
f 505 380 376
f 462 505 376
f 455 462 376
f 455 376 496
f 463 505 462
f 457 503 459
f 506 505 464
f 503 500 459
f 457 454 497
f 497 503 457
f 452 456 500
f 452 500 503
f 452 503 497
f 451 497 454
f 452 497 451
f 459 500 458
f 513 392 512
f 506 380 505
f 506 507 381
f 509 392 384
f 509 384 507
f 477 474 390
f 390 386 511
f 477 390 511
f 511 386 388
f 384 381 507
f 506 381 380
f 376 383 496
f 510 509 508
f 469 510 508
f 469 508 466
f 508 509 507
f 507 506 508
f 464 466 508
f 508 506 464
f 469 471 510
f 1466 1453 1455
f 1464 1463 1467
f 1467 1463 1466
f 1463 1451 1466
f 1466 1451 1453
f 1462 1464 1465
f 1355 1462 1465
f 1357 1355 1465
f 1352 1462 1355
f 1463 1464 1462
f 1462 1461 1463
f 1461 1449 1463
f 1455 1468 1466
f 1469 1466 1468
f 1467 1466 1469
f 1463 1449 1451
f 1468 1455 1470
f 1470 1455 1456
f 1350 1460 1461
f 1350 1461 1462
f 1352 1350 1462
f 1449 1461 1460
f 1460 1442 1449
f 1346 1460 1350
f 1344 1440 1442
f 1346 1344 1442
f 1346 1442 1460
f 1328 1440 1344
f 1546 1550 1156
f 1156 1136 1546
f 1550 1547 1155
f 1155 1156 1550
f 1547 1544 1590
f 1547 1590 1143
f 1547 1143 1155
f 1531 1590 1544
f 1542 1596 1541
f 1596 1151 1149
f 1541 1596 1149
f 1541 1149 1594
f 1539 1541 1594
f 1539 1594 1538
f 1149 1147 1594
f 1158 1151 1596
f 1542 1162 1596
f 1162 1158 1596
f 1542 1523 1162
f 1611 1186 1187
f 1554 1552 1608
f 1554 1608 1183
f 1183 1184 1610
f 1554 1183 1610
f 1610 1184 1185
f 1608 1182 1183
f 1538 1594 1147
f 1543 1604 1500
f 1391 1543 1501
f 1602 1600 1604
f 1604 1600 1500
f 1498 1500 1600
f 1600 1495 1496
f 1498 1600 1496
f 1498 1496 1497
f 1543 1500 1501
f 1538 1147 1145
f 1536 1538 1145
f 1536 1145 1592
f 1524 1140 1587
f 1524 1587 1422
f 1035 1293 1137
f 1140 1035 1137
f 1140 1137 1139
f 1587 1140 1139
f 1587 1139 1134
f 1524 1526 1140
f 1422 1587 1134
f 1421 1420 1135
f 1137 1293 1292
f 1135 1137 1292
f 1135 1292 1247
f 1421 1135 1247
f 1341 1421 1247
f 1420 1336 1246
f 1419 1422 1134
f 1612 1180 1602
f 1526 1041 1140
f 1529 1043 1044
f 1042 1296 1145
f 1145 1296 1592
f 1536 1592 1534
f 1592 1296 1534
f 1534 1296 1526
f 1590 1048 1143
f 1530 1045 1046
f 1526 1296 1041
f 1530 1046 1047
f 1530 1047 1590
f 1531 1530 1590
f 1044 1045 1529
f 1529 1045 1530
f 1529 1356 1254
f 1254 1040 1043
f 1529 1254 1043
f 1047 1048 1590
f 1246 1034 1135
f 1188 1180 1612
f 1611 1187 1612
f 1582 1612 1602
f 1583 1582 1602
f 1583 1602 1604
f 1428 1609 1429
f 1579 1608 1552
f 1577 1181 1182
f 1579 1577 1182
f 1566 1612 1582
f 1579 1182 1608
f 1554 1610 1571
f 1572 1571 1610
f 1185 1186 1611
f 1610 1185 1611
f 1572 1610 1611
f 1566 1555 1611
f 1187 1188 1612
f 1572 1611 1555
f 1566 1611 1612
f 1583 1604 1543
f 1420 1246 1135
f 1418 1419 1134
f 1134 1091 1242
f 1418 1134 1242
f 1242 1330 1416
f 1418 1242 1416
f 1518 1519 1522
f 1277 1278 1519
f 1519 1278 1521
f 1519 1515 1274
f 1274 1277 1519
f 1517 1276 1275
f 1517 1275 1515
f 1515 1519 1518
f 1518 1517 1515
f 1255 1276 1517
f 1275 1274 1515
f 1409 1512 1397
f 1269 1272 1513
f 1400 1407 1270
f 1270 1263 1400
f 1513 1272 1270
f 1517 1510 1255
f 1402 1513 1270
f 1522 1521 1514
f 1510 1517 1410
f 1260 1514 1521
f 1521 1279 1260
f 1521 1278 1279
f 1413 1516 1264
f 1405 1413 1264
f 1519 1521 1522
f 1405 1264 1266
f 1412 1514 1516
f 1413 1412 1516
f 1518 1522 1411
f 1411 1522 1412
f 1411 1410 1517
f 1517 1518 1411
f 1410 1394 1510
f 1412 1522 1514
f 1407 1402 1270
f 1268 1269 1513
f 1403 1406 1268
f 1256 1255 1510
f 1403 1268 1513
f 1265 1268 1404
f 1404 1268 1406
f 1403 1513 1402
f 1263 1262 1400
f 1400 1262 1398
f 1396 1511 1395
f 1396 1397 1512
f 1512 1258 1511
f 1396 1512 1511
f 1395 1511 1257
f 1394 1395 1257
f 1257 1256 1510
f 1394 1257 1510
f 1258 1257 1511
f 1512 1259 1258
f 1044 1043 915
f 915 916 1044
f 912 915 1040
f 1040 915 1043
f 1041 1042 914
f 1041 914 913
f 1041 913 1102
f 1102 913 909
f 909 1101 1102
f 1040 1039 911
f 911 912 1040
f 1100 910 911
f 1038 1100 911
f 1039 1038 911
f 1037 1100 1038
f 1044 917 1045
f 916 917 1044
f 917 918 1046
f 1046 1045 917
f 910 1100 1099
f 1048 1047 919
f 919 920 1048
f 918 919 1046
f 1046 919 1047
f 1099 908 910
f 1101 909 908
f 1101 908 1099
f 1014 1027 892
f 892 874 1014
f 1025 1023 887
f 887 889 1025
f 886 887 1021
f 1021 887 1023
f 884 886 1019
f 1029 892 1027
f 1019 886 1021
f 882 884 1019
f 880 882 1017
f 1017 882 1018
f 1017 1016 877
f 877 880 1017
f 876 877 1015
f 1015 877 1016
f 1019 1018 882
f 895 892 1029
f 1029 1030 896
f 1101 1099 1098
f 1099 1100 1036
f 1036 1100 1037
f 1098 1099 1035
f 1035 1099 1036
f 1034 1033 906
f 906 907 1097
f 1029 896 895
f 1034 906 1097
f 1032 906 1033
f 1032 1031 902
f 902 905 1032
f 889 902 1025
f 1025 902 1031
f 897 896 1096
f 1030 1096 896
f 905 906 1032
f 1013 1014 874
f 874 873 1013
f 1012 1013 873
f 873 872 1012
f 872 871 1012
f 1012 871 1011
f 1010 1011 871
f 871 870 1010
f 1009 782 783
f 994 760 781
f 752 751 1008
f 997 1008 751
f 751 748 995
f 997 751 995
f 995 748 744
f 969 781 1009
f 744 991 995
f 743 742 1007
f 968 929 991
f 991 744 743
f 968 991 743
f 968 743 1007
f 950 967 1007
f 950 1007 742
f 740 745 1001
f 781 782 1009
f 933 994 781
f 969 933 781
f 924 992 754
f 924 754 755
f 932 924 755
f 932 755 993
f 993 755 756
f 992 753 754
f 950 742 740
f 950 740 1001
f 968 1007 967
f 959 966 737
f 1003 730 1004
f 1003 1000 728
f 728 729 1003
f 923 961 773
f 773 758 923
f 738 773 959
f 959 773 961
f 729 730 1003
f 954 998 944
f 947 764 772
f 947 772 1002
f 957 947 1002
f 956 1002 771
f 954 956 771
f 771 750 998
f 954 771 998
f 957 1002 956
f 772 771 1002
f 1000 1003 962
f 963 1004 1005
f 737 738 959
f 1005 732 733
f 1006 734 735
f 966 965 1006
f 966 1006 735
f 966 735 737
f 1005 733 734
f 962 945 1000
f 963 1005 734
f 964 734 1006
f 964 1006 965
f 1004 731 1005
f 1005 731 732
f 1004 730 731
f 962 1003 1004
f 963 962 1004
f 964 963 734
f 1001 745 768
f 953 949 768
f 936 746 937
f 736 741 925
f 925 741 936
f 934 996 997
f 931 934 997
f 931 997 995
f 935 996 934
f 741 746 936
f 995 991 931
f 930 991 929
f 925 927 739
f 739 736 925
f 931 991 930
f 949 1001 768
f 746 747 938
f 750 749 998
f 766 765 952
f 952 765 948
f 768 766 953
f 953 766 952
f 950 1001 949
f 947 948 765
f 765 764 947
f 938 937 746
f 945 941 999
f 944 998 749
f 941 944 749
f 749 761 999
f 941 749 999
f 1000 999 759
f 759 728 1000
f 761 759 999
f 999 1000 945
f 1204 847 846
f 1204 846 1210
f 1152 1204 1210
f 1161 1152 1210
f 1076 1157 1210
f 843 774 951
f 1210 843 951
f 1076 1210 951
f 1161 1210 1157
f 846 843 1210
f 847 1204 1207
f 1207 848 847
f 1215 849 850
f 1181 1215 1182
f 1185 1223 1186
f 1187 1225 1188
f 1225 1219 1188
f 1188 1219 1180
f 1186 1223 1222
f 1187 1186 1222
f 1209 854 848
f 1209 848 1207
f 1181 1175 853
f 853 849 1215
f 1181 853 1215
f 851 852 1164
f 1164 852 1173
f 1209 1220 854
f 1175 1173 852
f 1171 1214 1167
f 1167 1214 1120
f 1167 1120 1121
f 1078 1167 1121
f 1164 1079 960
f 960 777 851
f 1164 960 851
f 852 853 1175
f 1221 854 1220
f 1220 1209 1216
f 1187 1222 1225
f 1222 1216 1225
f 1225 1216 1219
f 1183 1224 1184
f 1184 1224 1221
f 1185 1184 1221
f 1185 1221 1223
f 855 854 1221
f 1183 1182 1215
f 1215 850 1224
f 1183 1215 1224
f 856 855 1224
f 1224 855 1221
f 1221 1220 1223
f 1223 1220 1222
f 1216 1222 1220
f 850 856 1224
f 6076 6109 6078
f 6105 6036 6107
f 6107 6036 6038
f 6076 6074 6105
f 6105 6107 6076
f 6105 6034 6036
f 6074 6072 6033
f 6107 6109 6076
f 6033 6034 6105
f 6072 6070 6012
f 6012 6033 6072
f 6074 6033 6105
f 6107 6038 6040
f 6081 6078 6110
f 6040 6109 6107
f 6110 6044 6030
f 6109 6040 6042
f 6109 6042 6044
f 6109 6044 6110
f 6078 6109 6110
f 5410 5406 5770
f 5698 5699 5910
f 5910 5908 5698
f 5912 5738 5903
f 5910 5847 5738
f 5770 5406 5692
f 5901 5735 5845
f 5966 5901 5845
f 5692 5966 5845
f 5770 5692 5845
f 5919 5903 5904
f 5917 5919 5904
f 5912 5910 5738
f 5740 5748 5737
f 5904 5737 5902
f 5917 5904 5902
f 5917 5902 5901
f 5901 5966 5917
f 5917 5966 5915
f 5699 5381 5847
f 5910 5699 5847
f 5904 5740 5737
f 6129 6130 6240
f 6226 6129 6240
f 6128 6129 6223
f 6223 6129 6225
f 6223 6221 6238
f 6223 6238 6127
f 6223 6127 6128
f 6238 6186 6188
f 6127 6238 6188
f 6127 6188 6124
f 6205 6238 6221
f 6203 6190 6214
f 6203 6214 6181
f 6181 6186 6238
f 6203 6181 6238
f 6226 6225 6129
f 6240 6130 6131
f 6219 6126 6202
f 6134 6126 6219
f 6204 6203 6238
f 6205 6204 6238
f 6126 6125 6189
f 6202 6126 6189
f 6201 6202 6189
f 6201 6189 6185
f 6201 6185 6197
f 6200 6199 6217
f 6217 6218 6200
f 6198 6217 6199
f 6352 6353 6350
f 6345 6352 6350
f 6344 6345 6350
f 6330 6344 6350
f 6330 6350 6220
f 6330 6220 6219
f 6330 6219 6340
f 6222 6220 6350
f 6222 6350 6353
f 6352 6226 6227
f 6353 6224 6222
f 6353 6227 6224
f 6227 6353 6352
f 6309 6310 6358
f 6403 6404 6405
f 6405 6404 6406
f 6330 6307 6402
f 6405 6330 6402
f 6405 6402 6403
f 6404 6403 6364
f 6358 6310 6359
f 6364 6403 6363
f 6403 6402 6362
f 6401 6328 6329
f 6361 6360 6327
f 6327 6328 6401
f 6361 6327 6401
f 6360 6359 6310
f 6310 6327 6360
f 6362 6363 6403
f 6310 6309 6341
f 6310 6341 6263
f 6310 6263 6264
f 6336 6256 6341
f 6341 6256 6263
f 6308 6341 6309
f 6336 6341 6296
f 6306 6307 6340
f 6295 6252 6335
f 6338 6254 6253
f 6253 6337 6338
f 6298 6300 6338
f 6338 6337 6298
f 6297 6337 6253
f 6297 6253 6252
f 6252 6255 6335
f 6299 6297 6252
f 6296 6294 6335
f 6335 6336 6296
f 6295 6335 6294
f 6298 6337 6297
f 6296 6341 6308
f 6295 6299 6252
f 6256 6336 6335
f 6306 6340 6262
f 6306 6262 6261
f 6305 6306 6261
f 6261 6260 6305
f 6260 6259 6305
f 6305 6259 6304
f 6259 6258 6304
f 6335 6255 6256
f 6304 6258 6303
f 6303 6258 6339
f 6302 6303 6339
f 6302 6339 6301
f 6254 6338 6257
f 6257 6338 6339
f 6339 6338 6301
f 6301 6338 6300
f 6258 6257 6339
f 6180 6104 6102
f 6178 6100 6103
f 6178 6103 6104
f 6154 6178 6104
f 6154 6104 6180
f 6157 6154 6180
f 6180 6102 6101
f 6101 6179 6180
f 6090 6169 6101
f 6101 6169 6179
f 6156 6157 6180
f 6180 6179 6156
f 6177 6173 6175
f 6097 6177 6175
f 6097 6175 6096
f 6136 6138 6092
f 6092 6096 6175
f 6136 6092 6175
f 6139 6141 6094
f 6146 6145 6098
f 6094 6093 6139
f 6095 6094 6141
f 6093 6092 6139
f 6139 6092 6138
f 6132 6173 6133
f 6141 6142 6095
f 6145 6177 6098
f 6142 6080 6095
f 6150 6156 6179
f 6179 6169 6168
f 6150 6179 6168
f 6155 6177 6145
f 6155 6133 6173
f 6173 6177 6155
f 6153 6152 6099
f 6177 6097 6098
f 6099 6100 6178
f 6153 6178 6154
f 6098 6099 6146
f 6146 6099 6152
f 6168 6167 6150
f 6150 6167 6148
f 6142 6148 6167
f 6142 6167 6080
f 6153 6099 6178
f 4095 4080 3882
f 3882 3860 4095
f 3864 3866 4097
f 4097 3866 4098
f 3860 3863 4095
f 4095 3863 4096
f 3863 3864 4097
f 4097 4096 3863
f 4098 3866 3870
f 4098 3870 4117
f 4099 4098 4117
f 4481 4590 4480
f 4470 4177 4192
f 4470 4192 4590
f 4481 4470 4590
f 4480 4590 4186
f 4479 4186 4196
f 4192 4186 4590
f 4470 4473 4180
f 4180 4177 4470
f 4479 4480 4186
f 4315 4330 3948
f 3948 3937 4315
f 4336 4341 3956
f 3956 3951 4336
f 3960 3958 4368
f 4340 4280 3922
f 3922 3960 4368
f 4340 3922 4368
f 4368 3958 3956
f 4339 4368 3956
f 4341 4339 3956
f 4340 4368 4339
f 4332 4334 3950
f 3950 3949 4332
f 3951 3950 4336
f 4366 3962 3964
f 4344 4366 3965
f 4366 3964 3965
f 4344 4337 4366
f 4336 3950 4334
f 4320 4349 4369
f 4369 3967 3961
f 4320 4369 3961
f 3965 3966 4369
f 4344 3965 4369
f 4347 4344 4369
f 4347 4369 4349
f 4369 3966 3967
f 3949 3948 4332
f 4332 3948 4330
f 3946 3947 4328
f 4304 4318 3939
f 3939 3942 4362
f 4304 3939 4362
f 3931 3939 4308
f 4308 3939 4318
f 4311 4313 3936
f 3936 3933 4311
f 4221 4364 4220
f 3937 3936 4315
f 3933 3931 4311
f 4311 3931 4308
f 4304 4362 4283
f 4315 3936 4313
f 4223 4365 4222
f 4224 4364 4365
f 4328 3947 4325
f 4324 4367 4327
f 4327 4367 4362
f 4328 4327 4362
f 4328 4362 3942
f 4328 3942 3946
f 4226 4365 4322
f 4223 4224 4365
f 4226 4225 4222
f 4322 4365 4364
f 4324 4322 4364
f 4324 4364 4367
f 4283 4362 4367
f 4221 4283 4367
f 4221 4367 4364
f 4224 4220 4364
f 4222 4365 4226
f 3747 3756 3492
f 3492 3482 3747
f 3786 3462 3491
f 3756 3754 3786
f 3786 3491 3492
f 3756 3786 3492
f 3747 3484 3750
f 3482 3484 3747
f 3755 3750 3484
f 3484 3488 3755
f 3495 3497 3792
f 3496 3495 3791
f 3792 3791 3495
f 3497 3493 3793
f 3793 3792 3497
f 3793 3493 3494
f 4031 4104 4033
f 4104 3809 3810
f 4031 4029 3807
f 3807 3809 4104
f 4031 3807 4104
f 3884 3807 4025
f 4025 3807 4029
f 4040 4104 3812
f 3883 3884 4021
f 4021 3884 4025
f 4104 3810 3812
f 4040 3814 4041
f 4030 4032 4105
f 4030 4105 3832
f 4030 3832 3831
f 4023 4051 3799
f 3799 3801 4023
f 4040 4033 4104
f 3798 3799 4046
f 4046 4045 3797
f 3797 3798 4046
f 3796 3797 4043
f 4043 3797 4045
f 4043 4041 3814
f 3814 3796 4043
f 3812 3814 4040
f 4046 3799 4051
f 3547 3758 3763
f 3763 3764 3769
f 3547 3763 3769
f 3549 3547 3769
f 3773 3549 3769
f 3777 3551 3776
f 3551 3549 3776
f 3549 3773 3776
f 3406 3898 3405
f 3989 3898 3406
f 3989 3406 3558
f 3986 3893 3897
f 3988 3986 3897
f 3988 3897 3898
f 3557 3555 3986
f 3553 3777 3778
f 3555 3553 3778
f 3986 3555 3670
f 3986 3670 3893
f 3553 3551 3777
f 3780 3401 3403
f 3676 3780 3403
f 3676 3403 3405
f 3898 3676 3405
f 3555 3778 3670
f 3989 3988 3898
f 3990 3559 3988
f 3559 3557 3988
f 3557 3986 3988
f 3925 3978 3576
f 3576 3578 3925
f 3575 3576 3977
f 3977 3576 3978
f 3977 3976 3573
f 3573 3575 3977
f 3976 3975 3571
f 3571 3573 3976
f 3569 3571 3974
f 3974 3571 3975
f 3974 3952 3567
f 3567 3569 3974
f 3972 3973 3565
f 3565 3563 3972
f 3563 3560 3972
f 3979 3565 3973
f 3580 3565 3979
f 3590 3580 3979
f 3979 3980 3590
f 3959 3641 3997
f 3968 3959 3997
f 3640 3643 3961
f 3961 3643 3954
f 3644 3645 3955
f 3955 3645 3957
f 3959 3957 3645
f 3972 3560 3971
f 3645 3646 3959
f 3643 3644 3955
f 3953 3935 3997
f 3953 3997 3642
f 3953 3642 3605
f 3997 3641 3642
f 3595 3590 3907
f 3907 3590 3980
f 3955 3954 3643
f 3970 3971 3560
f 3560 3556 3970
f 3969 3970 3556
f 3915 3993 3568
f 3915 3568 3570
f 3914 3906 3989
f 3989 3993 3914
f 3993 3566 3568
f 3993 3989 3558
f 3558 3566 3993
f 3915 3914 3993
f 3564 3562 3991
f 3908 3991 3562
f 3562 3561 3990
f 3908 3562 3990
f 3561 3559 3990
f 3908 3990 3988
f 3906 3908 3988
f 3906 3988 3989
f 3908 3910 3991
f 3959 3646 3641
f 3570 3572 3917
f 3919 3991 3910
f 3556 3554 3969
f 3554 3552 3969
f 3969 3552 3963
f 3921 3963 3552
f 3552 3550 3921
f 3952 3929 3594
f 3594 3567 3952
f 3917 3915 3570
f 3591 3594 3926
f 3926 3923 3583
f 3583 3591 3926
f 3923 3917 3572
f 3572 3583 3923
f 3921 3550 3564
f 3921 3564 3991
f 3919 3921 3991
f 3926 3594 3929
f 3968 3997 3935
f 3962 3947 4001
f 3947 3623 4001
f 3588 3609 3982
f 3982 3609 3985
f 3609 3474 3725
f 3985 3609 3725
f 3853 3985 3725
f 3600 3585 3984
f 3984 3585 3981
f 3953 3597 3983
f 3984 3983 3597
f 3597 3600 3984
f 3982 3981 3585
f 3585 3588 3982
f 4001 3647 3636
f 3623 3647 4001
f 3605 3597 3953
f 5472 5617 5235
f 5472 5235 5196
f 5439 5472 5196
f 5469 5468 5616
f 5469 5616 5233
f 5469 5233 5234
f 5469 5234 5617
f 5469 5617 5472
f 5444 5600 5465
f 5615 5231 5232
f 5615 5232 5616
f 5467 5615 5616
f 5468 5467 5616
f 5614 5615 5466
f 5466 5615 5467
f 5617 5234 5235
f 5616 5232 5236
f 5616 5236 5233
f 5440 5237 5473
f 5615 5230 5231
f 5237 5200 5602
f 5473 5237 5602
f 5474 5473 5602
f 5474 5602 5441
f 5197 5237 5440
f 5615 5614 5229
f 5229 5230 5615
f 5466 5464 5613
f 5453 5454 5225
f 5453 5225 5213
f 5453 5213 5601
f 5226 5225 5611
f 5450 5610 5449
f 5452 5605 5218
f 5452 5218 5224
f 5454 5611 5225
f 5450 5452 5224
f 5449 5610 5223
f 5449 5223 5217
f 5448 5449 5217
f 5448 5217 5608
f 5224 5223 5610
f 5204 5218 5605
f 5217 5216 5608
f 5450 5224 5610
f 5455 5226 5611
f 5455 5457 5216
f 5613 5614 5466
f 5465 5600 5208
f 5464 5465 5208
f 5208 5228 5613
f 5464 5208 5613
f 5614 5613 5227
f 5227 5229 5614
f 5455 5216 5226
f 5228 5227 5613
f 5462 5201 5210
f 5463 5462 5210
f 5442 5603 5462
f 5448 5608 5457
f 5453 5601 5447
f 5455 5611 5454
f 5457 5608 5216
f 5462 5603 5201
f 5446 5606 5445
f 5459 4989 5607
f 4999 4996 5717
f 4803 5205 4989
f 4989 5205 5607
f 5459 4996 4989
f 5459 5632 4996
f 5632 5717 4996
f 5005 5003 5718
f 5658 5718 5662
f 5660 5717 5632
f 5662 5718 5003
f 5660 5003 4999
f 5660 4999 5717
f 5658 5653 5008
f 5658 5008 5005
f 5658 5005 5718
f 5653 5655 5007
f 5007 5008 5653
f 5660 5662 5003
f 5447 5601 5211
f 5447 5211 5215
f 5446 5447 5215
f 5446 5215 5606
f 5445 5606 5214
f 5444 5445 5214
f 5444 5214 5209
f 5444 5209 5600
f 5215 5214 5606
f 5213 5211 5601
f 5209 5208 5600
f 5371 5505 5501
f 5080 5497 5501
f 5083 5080 5501
f 5505 5083 5501
f 5080 5079 5497
f 5371 5372 5505
f 5372 5508 5505
f 5085 5083 5505
f 5510 5505 5508
f 5377 5380 5510
f 5510 5508 5377
f 5377 5508 5372
f 5510 5087 5085
f 5510 5085 5505
f 5882 5883 5890
f 5890 5883 5891
f 5890 5886 5879
f 5879 5882 5890
f 5889 5888 5885
f 5885 5886 5889
f 5888 5887 5884
f 5884 5885 5888
f 5886 5885 5878
f 5878 5879 5886
f 5885 5884 5459
f 5885 5459 5458
f 5885 5458 5878
f 5883 5882 5880
f 5880 5881 5883
f 5889 5890 5892
f 5886 5890 5889
f 5892 5891 5893
f 5890 5891 5892
f 5891 5896 5475
f 5476 5891 5475
f 5895 5471 5460
f 5868 5463 5470
f 5471 5895 5866
f 5866 5868 5470
f 5471 5866 5470
f 5882 5879 5877
f 5896 5894 5895
f 5461 5896 5460
f 5881 5894 5883
f 5883 5894 5896
f 5865 5866 5894
f 5894 5866 5895
f 5855 5865 5881
f 5881 5865 5894
f 5896 5895 5460
f 5877 5880 5882
f 5881 5880 5854
f 5854 5855 5881
f 5873 5472 5439
f 5871 5468 5469
f 5472 5873 5870
f 5870 5871 5469
f 5472 5870 5469
f 5872 5873 5874
f 5874 5873 5875
f 5439 5875 5873
f 5874 5852 5850
f 5873 5872 5869
f 5869 5870 5873
f 5872 5850 5444
f 5872 5444 5465
f 5872 5465 5869
f 5871 5467 5468
f 5466 5467 5870
f 5850 5872 5874
f 5891 5883 5896
f 5860 5874 5876
f 5473 5874 5440
f 5443 5452 5854
f 5877 5443 5854
f 5880 5877 5854
f 5456 5451 5877
f 5878 5456 5877
f 5879 5878 5877
f 5458 5456 5878
f 5852 5874 5860
f 5451 5443 5877
f 5875 5439 5440
f 5876 5473 5474
f 5441 5862 5860
f 5860 5876 5474
f 5441 5860 5474
f 5473 5876 5874
f 5874 5875 5440
f 5862 5441 5442
f 5870 5467 5871
f 5896 5461 5475
f 5477 5893 5891
f 5891 5476 5477
f 5870 5869 5464
f 5464 5466 5870
f 5465 5464 5869
f 5861 5858 5856
f 5856 5859 5861
f 5860 5859 5851
f 5851 5852 5860
f 5856 5453 5447
f 5859 5856 5447
f 5859 5447 5851
f 5861 5860 5862
f 5857 5455 5454
f 5858 5857 5856
f 5457 5455 5857
f 5454 5453 5856
f 5450 5449 5853
f 5854 5450 5853
f 5855 5854 5853
f 5452 5450 5854
f 5857 5454 5856
f 5449 5448 5853
f 5859 5860 5861
f 5853 5448 5857
f 5463 5868 5867
f 5867 5462 5463
f 5864 5867 5866
f 5866 5867 5868
f 5867 5861 5862
f 5867 5862 5442
f 5462 5867 5442
f 5863 5853 5857
f 5858 5861 5864
f 5863 5864 5865
f 5865 5864 5866
f 5865 5855 5853
f 5853 5863 5865
f 5864 5863 5857
f 5857 5858 5864
f 5448 5457 5857
f 5864 5861 5867
f 5851 5446 5445
f 5852 5445 5850
f 5852 5851 5445
f 5447 5446 5851
f 5445 5444 5850
f 5730 5796 5729
f 5794 5796 5798
f 5798 5796 5802
f 5776 5794 5777
f 5777 5794 5798
f 5728 5729 5796
f 5796 5794 5728
f 5728 5794 5776
f 5725 5728 5776
f 5725 5776 5769
f 5377 5812 5824
f 5819 5812 5798
f 5798 5802 5819
f 5812 5377 5372
f 5372 5777 5798
f 5812 5372 5798
f 5372 5371 5777
f 5824 5380 5377
f 5727 5726 5785
f 5785 5787 5727
f 5412 5754 5767
f 5414 5412 5767
f 5773 5414 5767
f 5412 5409 5754
f 5757 5762 5767
f 5767 5762 5769
f 5753 5757 5754
f 5773 5769 5776
f 5754 5757 5767
f 5757 5760 5762
f 5752 5755 5753
f 5753 5755 5757
f 5409 5408 5747
f 5409 5747 5753
f 5754 5409 5753
f 5408 5407 5747
f 5755 5760 5757
f 5767 5769 5773
f 5777 5371 5776
f 5787 5785 5419
f 5419 5421 5787
f 5726 5724 5783
f 5783 5785 5726
f 5725 5769 5762
f 5416 5414 5773
f 5724 5725 5762
f 5785 5783 5781
f 5781 5402 5419
f 5785 5781 5419
f 5783 5762 5760
f 5760 5781 5783
f 5416 5773 5776
f 5371 5416 5776
f 5724 5762 5783
f 5746 5752 5747
f 5747 5752 5753
f 5404 5745 5746
f 5407 5404 5746
f 5747 5407 5746
f 4473 4470 4875
f 4743 4481 4480
f 4743 4480 4876
f 4751 4743 4876
f 4746 4875 4470
f 4746 4470 4481
f 4743 4746 4481
f 4480 4479 4876
f 4316 4312 4950
f 5016 5017 4312
f 4312 4310 5016
f 4310 4299 5016
f 5016 4299 5006
f 4305 4306 5014
f 5014 4306 4958
f 5014 5011 4303
f 4950 4312 5017
f 4303 4305 5014
f 5011 5009 4301
f 4301 4303 5011
f 4298 4301 4994
f 4956 4957 5038
f 4956 5038 4953
f 4272 4270 5038
f 4953 5038 4270
f 4951 4953 4270
f 4270 4267 5036
f 4951 4270 5036
f 4957 4275 5038
f 4586 4219 4587
f 4267 4264 5036
f 4951 5036 4825
f 4824 4825 5036
f 4824 5036 4264
f 4857 4822 4823
f 4261 4857 4823
f 4264 4261 4823
f 4587 4219 4268
f 4824 4264 4823
f 4275 4272 5038
f 4277 4275 4966
f 4994 4301 5009
f 4966 5006 4299
f 4299 4277 4966
f 4994 4992 4296
f 4296 4298 4994
f 4287 4296 4990
f 4990 4296 4992
f 4966 4275 4957
f 4990 4988 4284
f 4281 4284 4985
f 4985 4284 4988
f 4985 4980 4587
f 4985 4587 4268
f 4985 4268 4281
f 4441 4587 4714
f 4714 4587 4980
f 4284 4287 4990
f 4822 4857 4696
f 4261 4215 4579
f 4215 4580 4579
f 4579 4576 4581
f 4261 4579 4581
f 4261 4581 4426
f 4857 4261 4426
f 4871 4428 4411
f 4712 4871 4411
f 4679 4712 4411
f 4701 4711 4869
f 4869 4856 4701
f 4708 4869 4711
f 4856 4869 4867
f 4429 4428 4871
f 4867 4427 4416
f 4708 4702 4867
f 4867 4869 4708
f 4866 4425 4867
f 4867 4425 4427
f 4702 4698 4865
f 4865 4866 4867
f 4702 4865 4867
f 4856 4867 4416
f 4713 4871 4712
f 4430 4429 4871
f 4713 4430 4871
f 4386 4438 4845
f 4672 4438 4436
f 4719 4672 4436
f 4436 4433 4719
f 4719 4433 4717
f 4715 4717 4433
f 4433 4430 4715
f 4713 4715 4430
f 4672 4845 4438
f 4692 4865 4698
f 4866 4423 4425
f 4865 4422 4423
f 4855 4413 4858
f 4686 4855 4858
f 4681 4855 4683
f 4677 4679 4411
f 4411 4410 4854
f 4677 4411 4854
f 4410 4409 4854
f 4855 4412 4413
f 4675 4677 4854
f 4854 4409 4407
f 4407 4852 4854
f 4675 4852 4671
f 4671 4852 4407
f 4669 4671 4407
f 4669 4407 4405
f 4669 4405 4849
f 4854 4852 4675
f 4669 4849 4667
f 4686 4683 4855
f 4686 4859 4687
f 4866 4865 4423
f 4861 4421 4864
f 4864 4421 4422
f 4689 4863 4864
f 4692 4689 4864
f 4692 4864 4865
f 4688 4863 4689
f 4858 4413 4415
f 4859 4861 4863
f 4688 4687 4859
f 4859 4863 4688
f 4861 4418 4421
f 4859 4858 4415
f 4859 4415 4418
f 4861 4859 4418
f 4858 4859 4686
f 4863 4861 4864
f 4865 4864 4422
f 4405 4403 4849
f 4849 4403 4401
f 4666 4667 4849
f 4666 4849 4401
f 4663 4666 4401
f 4401 4400 4846
f 4663 4401 4846
f 4400 4398 4846
f 4663 4846 4662
f 4846 4398 4397
f 4662 4846 4397
f 4844 4395 4393
f 4844 4393 4385
f 4385 4841 4844
f 4661 4662 4397
f 5110 5105 5265
f 5085 5254 4691
f 5083 5085 4691
f 5083 4691 5250
f 5083 5250 5080
f 4691 4684 5250
f 5079 5080 5250
f 4684 4682 5244
f 5254 4693 4691
f 5250 4684 5244
f 4682 4673 5244
f 5079 5250 5244
f 5087 5254 5085
f 5255 4695 4693
f 5110 5265 4705
f 5110 4705 4710
f 5265 4701 4705
f 4693 5254 5255
f 5059 4650 5061
f 4649 4644 5060
f 5060 4644 5057
f 5059 5058 5238
f 5059 5238 4647
f 5059 4647 4648
f 4642 4646 5238
f 5055 4642 5238
f 5058 5055 5238
f 5238 4645 4647
f 4646 4645 5238
f 5056 5057 4644
f 4644 4643 5056
f 5055 5056 4643
f 4643 4642 5055
f 4648 4650 5059
f 5062 5061 5239
f 5061 4651 5239
f 5061 4650 4651
f 5065 5064 4653
f 4653 4654 5065
f 5064 5063 5239
f 5064 5239 4652
f 5064 4652 4653
f 5239 4651 4652
f 5062 5239 5063
f 4491 4489 4903
f 4909 4491 4903
f 4899 4896 4496
f 4899 4496 4495
f 4899 4495 4905
f 4495 4491 4905
f 4903 4488 4490
f 4778 4780 4490
f 4489 4488 4903
f 4780 4903 4490
f 4909 4905 4491
f 4782 4903 4780
f 4909 4903 4782
f 4783 4905 4909
f 4961 5041 4960
f 4967 4274 4964
f 4276 4274 4967
f 4961 4274 5041
f 4274 4280 5041
f 4479 4297 4829
f 4479 4829 4827
f 4828 4479 4827
f 4981 5043 4976
f 4829 4297 4295
f 4829 4295 5043
f 4981 4829 5043
f 4967 4971 4285
f 4974 4976 5043
f 4974 5043 4294
f 4974 4294 4291
f 4295 4294 5043
f 4291 4285 4974
f 4974 4285 4971
f 4961 4964 4274
f 4285 4276 4967
f 4479 4196 4297
f 4828 4876 4479
f 4828 4751 4876
f 4969 5045 4973
f 4348 4175 4465
f 5047 4348 4465
f 5047 4465 4932
f 4977 5047 4932
f 4763 4977 4932
f 5045 4346 4342
f 5049 4302 4345
f 5047 4343 4348
f 5049 4345 4346
f 4986 5049 5045
f 4969 4986 5045
f 4975 4973 5045
f 5045 4342 4343
f 5045 4343 5047
f 4975 5045 5047
f 4975 5047 4977
f 5049 4346 5045
f 4783 4909 4782
f 4734 4899 4905
f 4783 4734 4905
f 5499 5075 5072
f 5072 5496 5499
f 5363 5365 5496
f 5496 5494 5363
f 5496 5072 5070
f 5496 5070 5490
f 5496 5490 5494
f 5070 5069 5490
f 5363 5494 5362
f 5362 5494 5490
f 5362 5490 5488
f 5361 5362 5488
f 5361 5488 5360
f 5499 5496 5365
f 5365 5369 5499
f 5507 5506 5511
f 5504 5506 5507
f 5519 5522 5379
f 5521 5519 5514
f 5514 5517 5521
f 5373 5513 5514
f 5373 5514 5519
f 5375 5373 5519
f 5512 5086 5517
f 5517 5086 5092
f 5511 5512 5514
f 5514 5512 5517
f 5514 5513 5507
f 5507 5511 5514
f 5512 5511 5506
f 5506 5081 5082
f 5512 5506 5082
f 5512 5082 5086
f 5379 5375 5519
f 5519 5521 5524
f 5521 5092 5094
f 5407 5544 5404
f 5131 5128 5545
f 5545 5128 5127
f 5127 5544 5545
f 5544 5127 5124
f 5404 5544 5124
f 5404 5124 5499
f 5369 5404 5499
f 5124 5075 5499
f 5516 5543 5119
f 5119 5105 5516
f 5542 5541 5117
f 5543 5542 5117
f 5543 5117 5119
f 5541 5115 5117
f 5407 5545 5544
f 5407 5408 5545
f 5408 5546 5545
f 5409 5546 5408
f 5402 5542 5419
f 5371 5501 5416
f 5414 5416 5501
f 5501 5497 5548
f 5414 5501 5548
f 5414 5548 5412
f 5138 5547 5548
f 5399 5540 5541
f 5079 5138 5548
f 5138 5136 5547
f 5412 5548 5547
f 5409 5412 5547
f 5409 5547 5546
f 5547 5136 5131
f 5547 5131 5545
f 5547 5545 5546
f 5497 5079 5548
f 5402 5399 5541
f 5402 5541 5542
f 5399 5398 5538
f 5534 5098 5103
f 5524 5527 5532
f 5532 5527 5534
f 5389 5530 5532
f 5391 5389 5532
f 5391 5532 5533
f 5383 5530 5389
f 5527 5098 5534
f 5532 5530 5522
f 5522 5530 5379
f 5379 5530 5383
f 5527 5095 5098
f 5524 5521 5094
f 5524 5094 5095
f 5527 5524 5095
f 5517 5092 5521
f 5522 5524 5532
f 5524 5522 5519
f 5532 5534 5535
f 5537 5535 5107
f 5538 5540 5399
f 5541 5540 5113
f 5113 5115 5541
f 5538 5537 5109
f 5540 5538 5109
f 5540 5109 5113
f 5537 5107 5109
f 5535 5533 5532
f 5397 5538 5398
f 5535 5537 5538
f 5397 5535 5538
f 5396 5394 5533
f 5533 5535 5396
f 5391 5533 5394
f 5535 5534 5103
f 5535 5103 5107
f 5397 5396 5535
f 5542 5543 5421
f 5421 5419 5542
f 5575 5574 5570
f 5570 5571 5575
f 5566 5570 5569
f 5569 5570 5574
f 5563 5564 5570
f 5570 5564 5571
f 5560 5563 5566
f 5562 5558 5578
f 5566 5563 5570
f 5565 5566 5569
f 5568 5567 5146
f 5568 5146 5173
f 5568 5173 5565
f 5566 5565 5172
f 5172 5169 5560
f 5566 5172 5560
f 5569 5568 5565
f 5173 5172 5565
f 5557 5558 5562
f 5174 5578 5558
f 5182 5181 5580
f 5581 5580 5579
f 5434 5581 5579
f 5433 5434 5579
f 5580 5181 5180
f 5180 5579 5580
f 5553 5179 5155
f 5558 5164 5174
f 5553 5154 5179
f 5575 5177 5178
f 5177 5571 5564
f 5564 5176 5177
f 5578 5174 5175
f 5176 5564 5562
f 5562 5578 5175
f 5176 5562 5175
f 5571 5177 5575
f 5561 5562 5563
f 5563 5560 5559
f 5556 5555 5157
f 5556 5157 5149
f 5556 5149 5549
f 5158 5157 5555
f 5156 5554 5551
f 5551 5553 5155
f 5156 5551 5155
f 5558 5158 5555
f 5554 5549 5148
f 5554 5151 5551
f 5553 5551 5150
f 5150 5154 5553
f 5151 5150 5551
f 5149 5148 5549
f 5554 5148 5151
f 5563 5562 5564
f 5558 5159 5158
f 5164 5555 5163
f 5559 5561 5563
f 5170 5171 5557
f 5561 5170 5557
f 5562 5561 5557
f 5561 5559 5167
f 5167 5170 5561
f 5168 5559 5169
f 5558 5557 5159
f 5169 5559 5560
f 5556 5166 5163
f 5554 5156 5165
f 5166 5556 5549
f 5549 5554 5165
f 5166 5549 5165
f 5164 5558 5555
f 5555 5556 5163
f 5168 5167 5559
f 5221 5220 4831
f 4831 4832 5221
f 4832 4833 5221
f 5221 4833 5222
f 4830 4831 5219
f 5219 4831 5220
f 4807 4809 5207
f 5207 4809 5212
f 5206 5210 4808
f 4808 4806 5206
f 4806 4807 5206
f 5206 4807 5207
f 4803 4801 5205
f 5205 4801 5203
f 4798 4800 5202
f 5202 4800 5204
f 5202 5203 4801
f 4801 4798 5202
f 4787 4793 5199
f 5198 5200 4791
f 4791 4786 5198
f 4786 4787 5198
f 5198 4787 5199
f 4784 4785 5196
f 5196 4785 5197
f 5199 4793 5201
f 5307 5312 5314
f 5305 5307 5308
f 5308 5307 5310
f 4769 4761 5304
f 5314 5310 5307
f 5299 5302 4758
f 4777 5299 4758
f 4756 5308 4781
f 4756 5302 5308
f 5304 4761 4765
f 5302 4756 4758
f 5308 5310 4781
f 5319 4740 4748
f 4742 5314 5319
f 4740 5319 5316
f 5316 4739 4740
f 5319 5314 5312
f 5312 5316 5319
f 5314 4742 4781
f 4781 5310 5314
f 5319 4748 4742
f 4209 4089 4253
f 4211 4209 4253
f 4209 4210 4094
f 4094 4093 4209
f 4207 4254 4206
f 4207 4208 4253
f 4207 4253 4088
f 4088 4092 4254
f 4207 4088 4254
f 4205 4206 4254
f 4205 4254 4091
f 4205 4091 4090
f 4092 4091 4254
f 4089 4088 4253
f 4209 4093 4089
f 4210 4087 4094
f 4210 4252 4087
f 4210 4183 4252
f 4211 4253 4208
f 4261 4350 4215
f 4218 4217 4351
f 4272 3908 3906
f 4272 3906 4354
f 4270 4272 4354
f 4270 4354 4353
f 4270 4353 4267
f 4219 4351 4353
f 4268 4219 4353
f 4268 4353 4354
f 4264 4267 4351
f 4264 4351 4350
f 4264 4350 4261
f 4218 4351 4219
f 4216 4215 4350
f 4217 4216 4350
f 4217 4350 4351
f 4267 4353 4351
f 4272 4355 3908
f 4355 3910 3908
f 4272 4275 4355
f 4277 4355 4275
f 3980 3979 4338
f 4338 3979 4335
f 4323 4335 3979
f 3979 3973 4323
f 4357 3978 3925
f 4331 3977 3978
f 4331 3978 4357
f 3907 3980 4338
f 4278 4331 4357
f 4360 3976 3977
f 4331 4360 3977
f 4326 4360 4329
f 4360 3975 3976
f 4326 4306 4359
f 4359 3974 3975
f 4359 3975 4360
f 4331 4329 4360
f 4326 4359 4360
f 4338 4260 3907
f 4359 3952 3974
f 4323 3972 4321
f 4277 4299 3921
f 3921 3919 4355
f 4277 3921 4355
f 3919 3910 4355
f 4296 4358 4298
f 4287 3915 3917
f 4287 3917 4358
f 4358 3917 3923
f 4296 4287 4358
f 4284 3914 3915
f 4287 4284 3915
f 4354 3906 4356
f 4356 3906 3914
f 4281 4356 4284
f 4354 4356 4268
f 4268 4356 4281
f 4284 4356 3914
f 3973 3972 4323
f 4301 4358 3926
f 4301 4298 4358
f 4319 4321 3972
f 3972 3971 4319
f 3971 3970 4319
f 4319 3970 4316
f 3970 3969 4316
f 4316 3969 4312
f 4310 4312 3969
f 4358 3923 3926
f 3969 3963 4310
f 4310 3921 4299
f 4305 4359 4306
f 3929 3952 4359
f 4303 3929 4359
f 4305 4303 4359
f 3926 3929 4301
f 4301 3929 4303
f 3963 3921 4310
f 4233 4028 4016
f 4134 4237 4169
f 4168 4169 4237
f 4168 4237 4030
f 4168 4030 4052
f 4168 4052 4050
f 4168 4050 4243
f 4167 4168 4243
f 4050 4049 4243
f 4166 4243 4049
f 4165 4166 4049
f 4165 4049 4048
f 4165 4048 4047
f 4164 4165 4047
f 4164 4047 4242
f 4167 4243 4166
f 4047 4044 4242
f 4164 4242 4163
f 4162 4242 4044
f 4155 4234 4156
f 4234 4024 4026
f 4155 4154 4232
f 4155 4232 4023
f 4023 4024 4234
f 4155 4023 4234
f 4151 4232 4154
f 4157 4156 4233
f 4150 4153 4019
f 4017 4015 4150
f 4150 4015 4146
f 4143 4146 4015
f 4015 4014 4143
f 4142 4143 4014
f 4014 4013 4230
f 4142 4014 4230
f 4019 4017 4150
f 4013 4012 4230
f 4156 4234 4233
f 4234 4026 4028
f 4044 4042 4241
f 4162 4044 4241
f 4162 4241 4161
f 4042 4039 4241
f 4241 4039 4038
f 4161 4241 4038
f 4160 4161 4038
f 4234 4028 4233
f 4159 4160 4038
f 4159 4038 4238
f 4036 4034 4238
f 4159 4238 4158
f 4238 4034 4019
f 4158 4238 4019
f 4153 4158 4019
f 4157 4233 4132
f 4038 4036 4238
f 4162 4163 4242
f 4142 4230 4141
f 4141 4230 4011
f 4230 4012 4011
f 4139 4141 4011
f 4139 4011 4010
f 4139 4010 4229
f 4136 4139 4229
f 4136 4229 4131
f 4009 4228 4010
f 4010 4228 4229
f 4008 4227 4009
f 4129 4131 4229
f 4229 4228 4129
f 4127 4129 4228
f 4228 4227 4127
f 4009 4227 4228
f 5582 5183 5581
f 4509 4612 4610
f 4511 4611 4510
f 4509 4610 4508
f 4607 4214 4212
f 4509 4510 4612
f 4510 4611 4612
f 4512 4611 4511
f 4614 4611 4512
f 4529 4636 4639
f 4639 4638 4640
f 4526 4639 4640
f 4527 4526 4640
f 4638 4612 4640
f 4640 4612 4616
f 4636 4635 4639
f 4529 4528 4636
f 4639 4635 4638
f 4635 4610 4612
f 4524 4637 4525
f 4524 4523 4636
f 4636 4637 4524
f 4635 4636 4522
f 4522 4636 4523
f 4610 4635 4508
f 4612 4638 4635
f 4508 4635 4522
f 4528 4637 4636
f 4529 4639 4526
f 4525 4637 4528
f 4531 4641 4630
f 4497 4531 4630
f 4497 4630 4609
f 4640 4641 4527
f 4527 4641 4530
f 4640 4616 4641
f 4641 4616 4630
f 4530 4641 4531
f 4520 4634 4521
f 4521 4634 4625
f 4616 4614 4629
f 4621 4629 4614
f 4516 4621 4614
f 4512 4516 4614
f 4518 4622 4626
f 4518 4626 4621
f 4517 4518 4621
f 4629 4630 4616
f 4519 4622 4518
f 4514 4515 4617
f 4617 4620 4618
f 4514 4617 4618
f 4503 4617 4515
f 4514 4618 4513
f 4614 4616 4612
f 4612 4611 4614
f 4517 4621 4516
f 4634 4633 4625
f 4629 4621 4626
f 4609 4629 4631
f 4506 4521 4625
f 4498 4609 4631
f 4520 4498 4631
f 4520 4631 4634
f 4631 4626 4634
f 4634 4626 4633
f 4633 4632 4625
f 4626 4631 4629
f 4625 4632 4623
f 4632 4618 4620
f 4632 4633 4626
f 4626 4622 4632
f 4618 4632 4622
f 4513 4618 4622
f 4519 4513 4622
f 4630 4629 4609
f 4620 4623 4632
f 4673 4845 4672
f 4673 4387 4845
f 4387 4386 4845
f 4853 4850 4695
f 4695 4850 4693
f 4406 4404 4853
f 4853 4404 4394
f 4394 4850 4853
f 4693 4850 4691
f 4691 4394 4392
f 4691 4392 4847
f 4684 4691 4847
f 4392 4387 4847
f 4684 4847 4682
f 4673 4682 4847
f 4673 4847 4387
f 4691 4850 4394
f 4856 4416 4419
f 4705 4860 4710
f 4705 4701 4856
f 4856 4419 4860
f 4705 4856 4860
f 4595 4181 4213
f 4462 4595 4213
f 4492 4213 4214
f 4395 4131 4129
f 4393 4395 4129
f 4385 4393 4129
f 4129 4127 4385
f 4395 4540 4131
f 4397 4398 4540
f 4398 4136 4131
f 4162 4161 4571
f 4430 4162 4571
f 4161 4160 4571
f 4430 4571 4429
f 4571 4160 4159
f 4429 4571 4159
f 4428 4429 4159
f 4428 4159 4158
f 4428 4158 4557
f 4411 4428 4557
f 4158 4153 4557
f 4427 4556 4416
f 4427 4425 4555
f 4555 4556 4427
f 4569 4553 4555
f 4430 4575 4162
f 4430 4433 4575
f 4436 4575 4433
f 4163 4162 4575
f 4423 4569 4555
f 4166 4165 4541
f 4541 4165 4164
f 4386 4541 4164
f 4438 4386 4164
f 4438 4164 4163
f 4438 4163 4575
f 4436 4438 4575
f 4425 4423 4555
f 4422 4569 4423
f 4569 4568 4157
f 4407 4409 4150
f 4407 4150 4146
f 4407 4146 4552
f 4407 4552 4405
f 4146 4143 4552
f 4403 4405 4552
f 4552 4143 4142
f 4409 4410 4150
f 4403 4552 4142
f 4401 4142 4141
f 4401 4141 4547
f 4141 4139 4547
f 4401 4547 4400
f 4547 4139 4136
f 4400 4547 4136
f 4398 4400 4136
f 4401 4403 4142
f 4398 4131 4540
f 4410 4557 4150
f 4411 4557 4410
f 4569 4157 4132
f 4553 4569 4132
f 4422 4421 4568
f 4568 4569 4422
f 4568 4156 4157
f 4418 4567 4155
f 4418 4155 4156
f 4557 4153 4150
f 4418 4156 4568
f 4567 4154 4155
f 4415 4567 4418
f 4413 4564 4151
f 4415 4413 4151
f 4415 4151 4154
f 4415 4154 4567
f 4412 4564 4413
f 4421 4418 4568
f 4492 4214 4607
f 4493 4607 4212
f 4494 4493 4212
f 4492 4607 4493
f 4492 4462 4213
f 5183 5182 5581
f 5184 5183 5582
f 6061 6058 6029
f 6029 6058 6028
f 6025 6028 6058
f 6025 6058 5936
f 6025 5936 5933
f 6061 5941 5939
f 5939 6058 6061
f 5939 5936 6058
f 6022 6025 5933
f 5933 5930 6022
f 5928 5925 6020
f 6020 5925 6017
f 6020 6022 5930
f 5930 5928 6020
f 5925 5923 6017
f 5945 5941 6061
f 6029 6065 6061
f 6065 5945 6061
f 6065 5946 5945
f 6017 5923 6014
f 5950 6065 5937
f 5937 6065 6060
f 5950 5946 6065
f 6060 6065 6016
f 6016 6065 6031
f 6029 6031 6065
f 6053 6066 6049
f 6053 6049 5912
f 5919 6053 5912
f 5915 6057 6052
f 5931 5929 6057
f 6027 6030 6052
f 6052 6057 6027
f 6027 6057 5929
f 6024 6027 5929
f 6024 5929 5927
f 5931 6057 5915
f 6024 5927 6056
f 5926 6055 5927
f 5927 6055 6056
f 5926 5924 6055
f 6018 6021 6056
f 6056 6055 6018
f 6018 6055 5924
f 6018 5924 5922
f 6024 6056 6021
f 6012 5943 6033
f 6033 5947 6034
f 6044 6066 6053
f 6030 6044 6053
f 6030 6053 6052
f 6040 6047 6049
f 6042 6040 6049
f 6042 6049 6066
f 6042 6066 6044
f 5921 5943 6012
f 6047 5953 5908
f 6038 5953 6047
f 6040 6038 6047
f 6038 6036 5949
f 5949 5951 6038
f 6036 6034 5947
f 5947 5949 6036
f 5943 5947 6033
f 6038 5951 5953
f 6015 6018 5922
f 6015 5922 5914
f 6013 6015 6054
f 5905 5907 6048
f 6048 5907 6050
f 5906 5905 6048
f 5909 5906 6048
f 6051 5909 6050
f 6051 5911 5909
f 6010 6013 6054
f 6054 6051 6010
f 5920 5921 6011
f 6011 5921 6012
f 6011 6009 5918
f 5918 5920 6011
f 6051 6050 6010
f 5909 6048 6050
f 6010 6050 6008
f 6007 5918 6009
f 6007 6008 6050
f 6007 6050 5907
f 6007 5907 5916
f 5914 5913 6054
f 6054 5913 5911
f 5911 6051 6054
f 5916 5918 6007
f 6015 5914 6054
f 5771 5750 5758
f 5845 5846 5770
f 5770 5846 5771
f 5737 5748 5750
f 5737 5750 5846
f 5736 5737 5846
f 5846 5845 5736
f 5736 5845 5735
f 5841 5842 5843
f 5843 5842 5844
f 5378 5376 5840
f 5843 5378 5840
f 5843 5840 5841
f 5732 5734 5842
f 5732 5842 5841
f 5846 5750 5771
f 5738 5848 5739
f 5847 5848 5738
f 5847 5381 5382
f 5732 5841 5836
f 5848 5382 5749
f 5749 5382 5385
f 5740 5739 5848
f 5740 5848 5749
f 5740 5749 5748
f 5382 5848 5847
f 5822 5836 5840
f 5840 5836 5841
f 5376 5374 5840
f 5828 5829 5835
f 5833 5818 5814
f 5814 5828 5833
f 5829 5359 5364
f 5828 5826 5358
f 5828 5358 5359
f 5829 5828 5359
f 5835 5833 5828
f 5828 5814 5811
f 5826 5357 5358
f 5811 5800 5356
f 5811 5356 5357
f 5826 5811 5357
f 5817 5818 5821
f 5821 5818 5822
f 5354 5816 5817
f 5811 5826 5828
f 5822 5833 5836
f 5731 5833 5835
f 5840 5374 5370
f 5370 5821 5822
f 5840 5370 5822
f 5370 5355 5821
f 5838 5837 5367
f 5838 5367 5368
f 5839 5838 5368
f 5818 5833 5822
f 5733 5731 5835
f 5733 5835 5838
f 5837 5366 5367
f 5835 5829 5364
f 5835 5364 5366
f 5837 5835 5366
f 5732 5836 5833
f 5731 5732 5833
f 5835 5837 5838
f 5355 5354 5817
f 5821 5355 5817
f 5813 5814 5817
f 5817 5814 5818
f 5799 5797 5428
f 5799 5428 5430
f 5800 5799 5430
f 5799 5795 5790
f 5790 5797 5799
f 5797 5427 5428
f 5790 5786 5424
f 5800 5430 5356
f 5790 5424 5427
f 5788 5790 5792
f 5792 5790 5795
f 5775 5788 5778
f 5778 5788 5792
f 5790 5788 5784
f 5784 5786 5790
f 5772 5784 5775
f 5797 5790 5427
f 5775 5784 5788
f 5801 5431 5792
f 5401 5778 5792
f 5805 5813 5816
f 5816 5813 5817
f 5814 5813 5808
f 5808 5811 5814
f 5803 5808 5805
f 5805 5808 5813
f 5811 5808 5799
f 5431 5401 5792
f 5799 5800 5811
f 5795 5799 5808
f 5805 5352 5432
f 5805 5432 5801
f 5805 5801 5803
f 5432 5431 5801
f 5792 5795 5801
f 5801 5795 5803
f 5808 5803 5795
f 5786 5418 5424
f 5784 5411 5418
f 5743 5744 5766
f 5742 5743 5763
f 5763 5743 5765
f 5386 5384 5763
f 5763 5384 5347
f 5347 5742 5763
f 5766 5765 5743
f 5784 5782 5411
f 5768 5387 5765
f 5386 5763 5765
f 5786 5784 5418
f 5784 5772 5766
f 5766 5782 5784
f 5782 5405 5411
f 5766 5744 5351
f 5766 5351 5405
f 5782 5766 5405
f 5387 5386 5765
f 5401 5393 5778
f 5392 5775 5778
f 5775 5392 5390
f 5775 5390 5768
f 5775 5768 5772
f 5390 5387 5768
f 5765 5766 5768
f 5768 5766 5772
f 5778 5393 5392
f 5434 5433 5849
f 5656 5650 4958
f 4958 4959 5656
f 5644 5702 5630
f 5702 4955 4954
f 5630 5702 4954
f 5627 5630 4954
f 5627 4954 4952
f 5627 4952 5700
f 5619 5627 5700
f 4952 4950 5700
f 4959 4962 5659
f 5659 5656 4959
f 5659 4963 5663
f 4962 4963 5659
f 5681 5683 5706
f 4987 4984 5706
f 5681 5706 5679
f 4984 4979 5704
f 5706 4984 5704
f 5679 5706 5704
f 5678 5679 5704
f 5678 5704 5673
f 5644 5673 5704
f 5644 5704 4970
f 4970 4968 5702
f 5644 4970 5702
f 4968 4955 5702
f 5664 5663 4963
f 4963 4965 5664
f 4979 4970 5704
f 5683 4998 5706
f 4998 4987 5706
f 5001 4998 5707
f 5018 5019 5694
f 5694 5019 5695
f 4965 5018 5664
f 5664 5018 5694
f 5267 4725 5013
f 5267 5013 5709
f 5709 5523 5130
f 5019 5020 5696
f 5267 5709 5130
f 5523 5709 5692
f 5692 5709 5689
f 5686 5689 5709
f 5686 5709 5004
f 5004 5001 5707
f 5686 5004 5707
f 5686 5707 5683
f 5013 5004 5709
f 5683 5707 4998
f 5696 5695 5019
f 5020 5022 5696
f 5525 5523 5406
f 5406 5523 5692
f 5106 5493 5714
f 5106 5714 5028
f 5247 5106 5028
f 5696 5022 5697
f 4826 5247 5028
f 5714 5493 5381
f 5714 5025 5028
f 5698 5023 5025
f 5698 5025 5714
f 5699 5698 5714
f 5698 5697 5022
f 5022 5023 5698
f 5381 5699 5714
f 5194 5597 5598
f 5594 5193 5188
f 5592 5192 5594
f 5594 5192 5193
f 5192 5592 5575
f 5575 5178 5192
f 5599 5189 5190
f 5191 5598 5596
f 5596 5599 5190
f 5191 5596 5190
f 5189 5599 5593
f 5593 5594 5188
f 5189 5593 5188
f 5598 5195 5194
f 5598 5191 5195
f 5590 5593 5596
f 5596 5593 5599
f 5598 5597 5595
f 5595 5596 5598
f 5587 5573 5567
f 5567 5568 5587
f 5186 5584 5187
f 5187 5584 5586
f 5186 5185 5584
f 5438 5586 5584
f 5437 5438 5584
f 5587 5569 5588
f 5437 5584 5583
f 5185 5184 5583
f 5584 5185 5583
f 5437 5583 5436
f 5436 5583 5582
f 5435 5436 5582
f 5435 5582 5581
f 5435 5581 5434
f 5184 5582 5583
f 5568 5569 5587
f 5573 5587 5577
f 5585 5595 5597
f 5596 5595 5589
f 5589 5590 5596
f 5577 5589 5585
f 5585 5589 5595
f 5594 5593 5591
f 5577 5587 5589
f 5591 5592 5594
f 5588 5591 5593
f 5574 5575 5591
f 5591 5575 5592
f 5591 5588 5569
f 5569 5574 5591
f 5587 5588 5589
f 5589 5588 5590
f 5593 5590 5588
f 5182 5580 5581
f 5904 5739 5740
f 5739 5904 5903
f 5903 5738 5739
f 5902 5737 5736
f 5902 5736 5735
f 5735 5901 5902
f 5734 5732 5900
f 5900 5731 5733
f 5732 5731 5900
f 2562 2649 3061
f 2959 2880 3061
f 2959 3061 2649
f 2959 2649 2648
f 3069 2647 2575
f 3094 2646 2647
f 3094 2647 3069
f 2950 2639 3093
f 2933 2947 2637
f 2637 2636 3082
f 2933 2637 3082
f 2636 2626 3082
f 2633 2634 2945
f 2945 2634 2946
f 2950 2638 2639
f 2943 3089 2629
f 2945 2629 2633
f 3088 2627 3089
f 3089 2627 2629
f 3076 2618 3088
f 3088 2618 2627
f 2941 3089 2943
f 3088 3089 2939
f 2945 2943 2629
f 2950 2948 2638
f 2950 3093 2951
f 2958 3094 3069
f 2924 2958 3069
f 2957 3094 2958
f 3094 2645 2646
f 2644 2645 3094
f 2956 2644 3094
f 2957 2956 3094
f 3093 2639 2640
f 2956 2955 2643
f 2642 2643 2954
f 2954 2643 2955
f 2954 2953 2641
f 2641 2642 2954
f 2953 2951 3093
f 2953 3093 2640
f 2953 2640 2641
f 2643 2644 2956
f 2939 3089 2941
f 3086 3076 3088
f 2936 3086 3088
f 2939 2936 3088
f 2918 3067 2919
f 2603 3067 3064
f 3064 3060 2600
f 2603 3064 2600
f 2915 3064 2918
f 3059 3060 3064
f 2911 3059 3064
f 3064 3067 2918
f 2915 2911 3064
f 2583 3060 3059
f 3059 2580 2583
f 2903 3059 2911
f 2579 2580 3059
f 3058 2579 3059
f 2895 3058 3059
f 2903 2895 3059
f 3060 2583 2600
f 3058 2577 2579
f 3072 2608 3068
f 3072 3073 2611
f 2935 3086 2936
f 2933 3082 2932
f 2626 2622 3078
f 3082 2626 3078
f 2932 3082 3078
f 2930 2932 3078
f 2930 3078 2926
f 3072 2611 2608
f 2619 3073 2622
f 2923 2926 3078
f 3078 3073 3072
f 2923 3078 3072
f 2618 3076 2616
f 2619 2618 2616
f 2619 2616 2611
f 3073 2619 2611
f 2622 3073 3078
f 2894 3058 2895
f 2893 2567 2577
f 2893 3056 2567
f 2893 2577 3058
f 2894 2893 3058
f 2571 2569 3057
f 3056 2564 2567
f 2888 3055 2561
f 2888 2561 2564
f 2889 2888 2564
f 2889 2564 3056
f 2886 3055 2888
f 2886 2882 2559
f 2559 2560 3055
f 2886 2559 3055
f 2558 2559 2878
f 2878 2559 2882
f 3055 2560 2561
f 3176 2195 2203
f 3166 3176 2203
f 3166 2203 2193
f 3217 2198 2201
f 3177 3217 2201
f 3176 3177 2201
f 3176 2201 2196
f 3176 2196 2195
f 2193 2188 2727
f 3166 2193 2727
f 3015 3166 2727
f 3121 3116 3021
f 3021 3116 3156
f 2496 2198 3217
f 2357 1716 1718
f 2142 2357 1718
f 2143 2142 1718
f 2143 1718 2359
f 2359 1718 1723
f 2356 1715 2357
f 2357 1715 1716
f 2353 1711 2355
f 2355 1711 1714
f 2353 1697 1711
f 2362 1727 1729
f 2365 1723 1731
f 2359 1723 2365
f 2143 2365 2146
f 2153 2152 2373
f 2368 1741 2373
f 2373 1741 1743
f 2371 2362 1729
f 2371 1729 1733
f 2368 2371 1733
f 2368 1733 1741
f 2150 2357 2142
f 2140 2357 2150
f 2146 2365 2148
f 1731 1727 2362
f 2365 1731 2362
f 2148 2365 2362
f 2149 2148 2362
f 2359 2365 2143
f 2356 2357 2140
f 2152 2371 2373
f 2371 2368 2373
f 2149 2371 2154
f 2362 2371 2149
f 2156 2379 2159
f 2159 2379 2353
f 2160 2353 2355
f 2373 2379 2153
f 2153 2379 2156
f 2373 1743 1697
f 2379 2373 1697
f 2353 2379 1697
f 2154 2371 2152
f 2160 2159 2353
f 2065 2245 2062
f 2247 2245 2065
f 2069 2247 2065
f 2083 2087 2261
f 2083 2261 2258
f 2083 2258 2079
f 2257 2256 2261
f 2261 2256 2258
f 2258 2256 2079
f 2079 2256 2076
f 2254 2249 2257
f 2076 2256 2249
f 2069 2076 2249
f 2069 2249 2247
f 2251 2248 2254
f 2254 2248 2249
f 2248 2245 2249
f 2249 2245 2247
f 2257 2249 2256
f 2087 2264 2261
f 2088 2264 2087
f 2272 2251 2254
f 2271 2251 2272
f 2329 2327 1671
f 1630 2329 1671
f 2108 2329 2110
f 2108 2105 2325
f 2325 2327 2329
f 2108 2325 2329
f 2104 2325 2105
f 1630 2293 2329
f 2099 2102 2322
f 2099 2322 2320
f 1664 2318 1667
f 1667 2318 2322
f 2318 2316 2322
f 2322 2316 2320
f 2099 2320 2097
f 2060 2329 2288
f 2060 2110 2329
f 2329 2293 2288
f 2320 2316 2097
f 1664 1661 2318
f 2294 2261 2298
f 2298 2261 2264
f 2290 2285 2296
f 2296 2285 2294
f 2285 2257 2294
f 2294 2257 2261
f 1639 2281 1641
f 2306 2294 2298
f 1641 2281 2290
f 1639 2279 2281
f 2285 2290 2281
f 2281 2272 2285
f 2272 2254 2285
f 2285 2254 2257
f 2272 2281 2279
f 2279 2271 2272
f 1636 2279 1639
f 2097 2316 2092
f 2296 2294 2306
f 2296 1652 1641
f 2316 2318 1661
f 1661 1659 2312
f 2316 1661 2312
f 1655 2306 1659
f 1659 2306 2312
f 2092 2316 2312
f 2090 2092 2312
f 1641 2290 2296
f 2090 2312 2310
f 2306 2298 2312
f 2312 2298 2310
f 2089 2310 2298
f 2088 2089 2298
f 2088 2298 2264
f 2306 1655 1652
f 1652 2296 2306
f 2090 2310 2089
f 2623 2797 2617
f 2131 2130 2797
f 2617 2797 2130
f 2613 2617 2130
f 2613 2130 2129
f 2129 2128 2613
f 2613 2128 2612
f 2609 2612 2128
f 2128 2127 2609
f 2127 2126 2609
f 2609 2126 2607
f 2604 2607 2126
f 2126 2125 2604
f 2125 2048 2604
f 2604 2048 2549
f 2798 2797 2623
f 2798 2131 2797
f 2798 2072 2131
f 2798 2751 2072
f 2635 2803 2058
f 2058 2061 2748
f 2635 2058 2748
f 2558 2635 2748
f 2803 2057 2058
f 2601 2598 2123
f 2632 2803 2635
f 2632 2557 2057
f 2632 2057 2803
f 2631 2802 2630
f 2630 2802 2751
f 2628 2630 2751
f 2628 2751 2798
f 2628 2798 2623
f 2557 2056 2057
f 2123 2124 2601
f 2598 2592 2122
f 2122 2123 2598
f 2121 2122 2588
f 2588 2122 2592
f 2588 2582 2119
f 2119 2121 2588
f 2120 2119 2585
f 2585 2119 2582
f 2198 2496 1767
f 2496 1556 1767
f 1556 1404 1767
f 2501 2455 2454
f 2530 1545 1569
f 2515 2530 1569
f 1559 1565 2508
f 2508 1565 2514
f 1563 1556 2513
f 2513 1556 2496
f 2513 2514 1565
f 2515 2516 2530
f 1565 1563 2513
f 1561 1559 2508
f 2038 1408 1423
f 2501 2454 2200
f 2197 2451 2453
f 2453 2448 2455
f 2197 2453 2455
f 2501 2197 2455
f 2508 2510 1561
f 2515 1561 2510
f 2486 2530 2516
f 2524 2538 2523
f 2520 1575 1578
f 2520 1578 2538
f 2524 2520 2538
f 2512 2523 2538
f 2512 2538 1580
f 1569 1561 2515
f 1580 1581 2539
f 2539 1581 1577
f 2538 1578 1580
f 2519 2209 1779
f 1779 1432 1574
f 2519 1779 1574
f 2520 2519 1574
f 1574 1575 2520
f 2512 1580 2539
f 3895 3892 3667
f 3667 3671 3895
f 3893 3670 3668
f 3668 3890 3892
f 3893 3668 3892
f 3668 3666 3890
f 3665 3667 3890
f 3890 3667 3892
f 3666 3665 3890
f 3895 3671 3673
f 3892 3895 3897
f 3898 3897 3676
f 3796 3814 3690
f 3690 3662 3796
f 3685 3690 3812
f 3812 3690 3814
f 3810 3685 3812
f 3810 3809 3679
f 3679 3684 3810
f 3678 3679 3807
f 3807 3679 3809
f 3897 3895 3673
f 3897 3673 3676
f 3684 3685 3810
f 3897 3893 3892
f 3461 3462 3786
f 3752 3461 3786
f 3753 3752 3786
f 3753 3786 3754
f 3752 3749 3789
f 3789 3457 3461
f 3752 3789 3461
f 3490 3463 3789
f 3751 3490 3789
f 3748 3751 3789
f 3788 3483 3489
f 3751 3739 3788
f 3788 3489 3490
f 3751 3788 3490
f 3748 3789 3749
f 3789 3463 3457
f 3785 3487 3480
f 3486 3487 3785
f 3746 3486 3785
f 3735 3746 3785
f 3474 3470 3725
f 3725 3470 3721
f 3723 3721 3470
f 3470 3473 3723
f 3717 3782 3718
f 3449 3468 3782
f 3712 3449 3782
f 3727 3476 3729
f 3717 3712 3782
f 3475 3476 3727
f 3731 3729 3784
f 3784 3479 3485
f 3746 3732 3784
f 3746 3784 3485
f 3746 3485 3486
f 3481 3483 3788
f 3737 3481 3788
f 3738 3737 3788
f 3731 3784 3732
f 3738 3788 3739
f 3737 3785 3480
f 3737 3480 3481
f 3735 3785 3736
f 3727 3723 3473
f 3473 3475 3727
f 3729 3476 3479
f 3729 3479 3784
f 3737 3736 3785
f 4059 4115 4054
f 4114 4115 4055
f 4055 4115 4059
f 4057 4116 4056
f 4112 3843 3856
f 4112 3856 4116
f 4057 4058 4116
f 4055 4056 4116
f 4055 4116 3851
f 4055 3851 3847
f 4055 3847 4114
f 3856 3851 4116
f 4115 3848 3849
f 4054 4115 3849
f 4053 4054 3849
f 4114 3848 4115
f 3847 3846 4114
f 3844 3843 4112
f 3846 3848 4114
f 4058 4112 4116
f 3612 3581 3995
f 3940 3849 3745
f 3499 3612 3995
f 3745 3499 3995
f 3940 3745 3995
f 3579 3604 3994
f 3924 3944 3602
f 3602 3577 3924
f 3944 3930 3994
f 3994 3604 3602
f 3944 3994 3602
f 3934 3938 3995
f 3581 3579 3994
f 3995 3581 3994
f 3934 3995 3994
f 3940 3995 3938
f 3934 3994 3930
f 3577 3574 3924
f 3924 3574 3922
f 3904 3750 3755
f 3870 3866 3904
f 3870 3904 3755
f 3864 3863 3903
f 3903 3747 3750
f 3903 3750 3904
f 3864 3903 3904
f 3864 3904 3866
f 3860 3903 3863
f 3860 3882 3903
f 3882 3754 3756
f 3882 3756 3903
f 3903 3756 3747
f 3260 3518 3519
f 3518 3260 3251
f 3251 3500 3501
f 3518 3251 3501
f 3251 3226 3500
f 3519 3261 3260
f 3518 3502 3520
f 3503 3229 3230
f 3523 3522 3418
f 3523 3273 3270
f 3270 3522 3523
f 3418 3522 3521
f 3391 3418 3521
f 3391 3521 3505
f 3522 3270 3263
f 3501 3502 3518
f 3522 3263 3519
f 3263 3261 3519
f 3520 3503 3521
f 3521 3503 3505
f 3518 3520 3519
f 3519 3520 3521
f 3520 3502 3229
f 3503 3520 3229
f 3522 3519 3521
f 3418 3420 3523
f 3255 3257 2927
f 2927 2887 3372
f 3255 2927 3372
f 3255 3372 3253
f 3593 3017 3014
f 3608 3593 3014
f 3608 3014 3012
f 3596 3599 3176
f 3176 3166 3596
f 3599 3603 3177
f 3177 3176 3599
f 3593 3015 3017
f 3166 3015 3596
f 3021 3156 3589
f 3589 3156 3586
f 3128 2948 3262
f 3548 3128 3262
f 3408 3548 3262
f 3596 3015 3593
f 3012 3021 3589
f 3582 3010 3009
f 3589 3608 3012
f 3601 3013 3011
f 3582 3601 3011
f 3582 3011 3010
f 248 246 346
f 244 239 345
f 328 317 346
f 328 346 246
f 328 246 245
f 307 340 221
f 316 307 221
f 316 221 224
f 316 224 341
f 342 341 223
f 223 225 342
f 224 223 341
f 309 342 343
f 222 221 340
f 309 316 342
f 342 225 226
f 328 245 244
f 325 328 244
f 325 244 345
f 345 239 232
f 320 345 232
f 327 320 232
f 326 230 222
f 316 341 342
f 326 222 340
f 326 327 232
f 232 230 326
f 325 345 320
f 344 227 228
f 344 343 342
f 342 226 227
f 344 342 227
f 308 326 340
f 1 30 2
f 27 30 1
f 2 30 4
f 30 27 32
f 32 34 30
f 283 218 329
f 217 216 329
f 259 270 258
f 259 252 265
f 265 270 259
f 257 258 270
f 270 269 257
f 218 217 329
f 269 268 257
f 269 270 265
f 265 192 195
f 269 265 195
f 268 269 195
f 195 194 268
f 268 267 256
f 256 267 255
f 257 268 256
f 255 267 254
f 283 285 218
f 194 193 268
f 193 184 264
f 233 180 178
f 233 178 262
f 218 233 262
f 178 174 262
f 261 169 176
f 219 261 176
f 220 219 176
f 233 181 180
f 219 216 260
f 10 36 12
f 7 34 8
f 10 8 34
f 10 34 32
f 10 32 36
f 30 34 4
f 4 34 7
f 260 261 219
f 268 193 267
f 233 264 181
f 184 181 264
f 267 193 264
f 254 267 264
f 253 254 264
f 253 264 234
f 249 265 252
f 249 247 191
f 191 192 265
f 233 234 264
f 249 191 265
f 242 191 247
f 188 189 240
f 240 189 242
f 186 188 237
f 237 188 240
f 237 220 176
f 176 186 237
f 189 191 242
f 6196 6197 6185
f 6185 6184 6216
f 6196 6185 6216
f 6183 6182 6215
f 6216 6184 6183
f 6216 6183 6215
f 6194 6216 6215
f 6193 6194 6215
f 6196 6216 6195
f 6195 6216 6194
f 6191 6192 6215
f 6191 6215 6182
f 6191 6182 6181
f 6191 6181 6214
f 6193 6215 6192
f 6191 6214 6190
f 6076 6164 6162
f 6162 6074 6076
f 6160 6072 6162
f 6162 6072 6074
f 6160 6070 6072
f 6164 6076 6078
f 6078 6166 6164
f 6166 6078 6081
f 6290 6292 6269
f 6290 6288 6198
f 6292 6290 6198
f 6199 6292 6198
f 6288 6206 6198
f 6267 6290 6268
f 6267 6266 6286
f 6269 6268 6290
f 6267 6286 6288
f 6265 6286 6266
f 6267 6288 6290
f 6271 6270 6200
f 6270 6292 6199
f 6270 6199 6200
f 6276 6293 6272
f 6271 6200 6293
f 6276 6271 6293
f 6293 6211 6213
f 6272 6293 6213
f 6273 6272 6213
f 6293 6207 6211
f 6269 6292 6270
f 6200 6207 6293
f 6209 6244 6245
f 6210 6209 6245
f 6230 6244 6208
f 6229 6243 6228
f 6242 6144 6151
f 6242 6151 6149
f 6149 6239 6242
f 6147 6237 6149
f 6149 6237 6239
f 6147 6140 6237
f 6241 6143 6242
f 6242 6143 6144
f 6227 6241 6242
f 6224 6227 6242
f 6224 6242 6239
f 6209 6208 6244
f 6230 6135 6244
f 6230 6228 6135
f 6228 6243 6135
f 6231 6246 6141
f 6231 6141 6139
f 6142 6141 6246
f 6231 6139 6138
f 6231 6138 6243
f 6229 6231 6243
f 6133 6218 6217
f 6240 6131 6241
f 6132 6133 6217
f 6206 6245 6217
f 6198 6206 6217
f 6206 6212 6210
f 6210 6245 6206
f 6244 6135 6245
f 6245 6135 6132
f 6243 6136 6135
f 6245 6132 6217
f 6241 6131 6143
f 6227 6226 6240
f 6240 6241 6227
f 6231 6232 6246
f 6222 6224 6239
f 6239 6237 6222
f 6237 6140 6137
f 6222 6237 6137
f 6220 6222 6137
f 6137 6134 6220
f 6220 6134 6219
f 6138 6136 6243
f 6145 6146 6233
f 6248 6251 6153
f 6154 6248 6153
f 6236 6234 6146
f 6146 6152 6251
f 6236 6146 6251
f 6235 6236 6251
f 6251 6248 6235
f 6154 6250 6248
f 6250 6249 6247
f 6249 6150 6148
f 6148 6247 6249
f 6235 6248 6247
f 6232 6235 6247
f 6232 6247 6246
f 6142 6246 6148
f 6148 6246 6247
f 6247 6248 6250
f 6233 6146 6234
f 6251 6152 6153
f 6211 6133 6155
f 6213 6211 6155
f 6250 6154 6157
f 6156 6249 6250
f 6156 6150 6249
f 6155 6145 6213
f 6213 6145 6233
f 6200 6218 6207
f 6211 6207 6218
f 6211 6218 6133
f 6250 6157 6156
f 6017 6014 6112
f 6080 6082 6112
f 6087 6090 6120
f 6120 6119 6117
f 6087 6120 6117
f 6119 6029 6028
f 6028 6117 6119
f 6117 6115 6087
f 6087 6115 6084
f 6022 6020 6114
f 6117 6028 6025
f 6082 6084 6115
f 6115 6114 6082
f 6022 6114 6025
f 6025 6114 6115
f 6114 6020 6017
f 6082 6114 6017
f 6082 6017 6112
f 6025 6115 6117
f 6031 6029 6119
f 6016 6119 6120
f 6031 6119 6016
f 6323 6274 6322
f 6275 6274 6323
f 6322 6277 6324
f 6311 6326 6279
f 6279 6265 6311
f 6326 6324 6277
f 6277 6279 6326
f 6323 6325 6278
f 6278 6275 6323
f 6274 6277 6322
f 6236 6356 6357
f 6235 6232 6356
f 6349 6233 6234
f 6349 6234 6357
f 6348 6349 6357
f 6347 6348 6357
f 6357 6356 6355
f 6347 6357 6355
f 6355 6354 6347
f 6347 6354 6334
f 6356 6232 6231
f 6231 6355 6356
f 6229 6354 6231
f 6231 6354 6355
f 6333 6334 6354
f 6235 6356 6236
f 6357 6234 6236
f 6349 6273 6233
f 6273 6213 6233
f 6333 6354 6228
f 6349 6319 6343
f 6349 6343 6273
f 6333 6228 6230
f 6230 6331 6332
f 6333 6230 6332
f 6230 6208 6278
f 6331 6230 6278
f 6325 6331 6278
f 6229 6228 6354
f 6444 6445 6496
f 6496 6445 6498
f 6516 6436 6444
f 6497 6516 6444
f 6496 6497 6444
f 6442 6519 6520
f 6443 6442 6520
f 6521 6443 6520
f 6442 6441 6519
f 6520 6519 6518
f 6495 6520 6518
f 6494 6495 6518
f 6519 6441 6440
f 6440 6518 6519
f 6493 6494 6518
f 6445 6446 6499
f 6499 6498 6445
f 6492 6516 6497
f 6499 6447 6500
f 6507 6506 6453
f 6453 6454 6507
f 6504 6507 6454
f 6454 6451 6504
f 6452 6453 6505
f 6505 6453 6506
f 6451 6449 6504
f 6518 6517 6493
f 6504 6449 6503
f 6449 6450 6521
f 6449 6521 6520
f 6502 6449 6520
f 6502 6520 6495
f 6501 6500 6447
f 6447 6448 6501
f 6446 6447 6499
f 6502 6503 6449
f 6439 6517 6440
f 6440 6517 6518
f 6492 6493 6517
f 6448 6455 6508
f 6492 6517 6438
f 6438 6437 6516
f 6492 6438 6516
f 6439 6438 6517
f 6437 6436 6516
f 6508 6501 6448
f 6509 6508 6455
f 6521 6450 6457
f 6505 6509 6456
f 6456 6452 6505
f 6455 6456 6509
f 6381 6380 6468
f 6436 6437 6379
f 6379 6378 6436
f 6383 6382 6438
f 6438 6439 6383
f 6382 6379 6438
f 6474 6395 6397
f 6476 6398 6400
f 6476 6400 6399
f 6399 6475 6476
f 6398 6476 6473
f 6473 6474 6397
f 6398 6473 6397
f 6457 6450 6473
f 6473 6476 6475
f 6457 6473 6475
f 6396 6392 6456
f 6456 6392 6452
f 6456 6455 6472
f 6456 6472 6391
f 6456 6391 6396
f 6386 6387 6445
f 6378 6386 6436
f 6436 6386 6444
f 6443 6471 6442
f 6442 6471 6470
f 6442 6470 6469
f 6441 6442 6469
f 6445 6444 6386
f 6469 6468 6441
f 6470 6385 6384
f 6384 6469 6470
f 6381 6468 6384
f 6384 6468 6469
f 6440 6468 6380
f 6439 6440 6380
f 6439 6380 6383
f 6441 6468 6440
f 6438 6379 6437
f 6445 6388 6446
f 6388 6389 6447
f 6448 6472 6455
f 6454 6453 6393
f 6393 6394 6454
f 6454 6394 6395
f 6454 6395 6474
f 6451 6454 6474
f 6453 6452 6392
f 6387 6388 6445
f 6392 6393 6453
f 6474 6473 6449
f 6449 6473 6450
f 6472 6390 6391
f 6389 6390 6472
f 6447 6389 6472
f 6448 6447 6472
f 6447 6446 6388
f 6449 6451 6474
f 6206 6286 6291
f 6206 6291 6212
f 6289 6210 6291
f 6291 6210 6212
f 6291 6286 6279
f 6279 6286 6265
f 6279 6277 6289
f 6206 6288 6286
f 6289 6291 6279
f 6210 6289 6287
f 6275 6278 6208
f 6287 6209 6210
f 6208 6209 6287
f 6275 6208 6287
f 6287 6289 6274
f 6274 6289 6277
f 6275 6287 6274
f 6144 6162 6164
f 6151 6144 6164
f 6151 6164 6174
f 6149 6151 6174
f 6174 6171 6149
f 6088 6086 6170
f 6088 6170 6171
f 6172 6088 6171
f 6086 6085 6170
f 6147 6149 6171
f 6171 6170 6147
f 6170 6085 6079
f 6147 6170 6079
f 6140 6147 6079
f 6144 6143 6160
f 6172 6174 6176
f 6171 6174 6172
f 6174 6164 6166
f 6166 6176 6174
f 6160 6162 6144
f 6166 6081 6091
f 6091 6176 6166
f 6089 6172 6091
f 6091 6172 6176
f 6089 6088 6172
f 6143 6131 6165
f 6143 6165 6083
f 6083 6070 6160
f 6127 6163 6128
f 6127 6124 6158
f 6158 6161 6127
f 6125 6126 6159
f 6159 6158 6125
f 6125 6158 6124
f 6161 6163 6127
f 6159 6161 6158
f 6071 6069 6161
f 6143 6083 6160
f 6165 6075 6083
f 6079 6077 6140
f 6140 6077 6137
f 6134 6137 6077
f 6077 6071 6159
f 6134 6077 6159
f 6159 6071 6161
f 6134 6159 6126
f 6129 6163 6073
f 6073 6075 6165
f 6129 6073 6165
f 6130 6129 6165
f 6128 6163 6129
f 6161 6069 6163
f 6163 6069 6073
f 6130 6165 6131
f 6477 6347 6412
f 6477 6412 6385
f 6477 6385 6470
f 6347 6334 6412
f 6443 6475 6471
f 6475 6399 6470
f 6475 6470 6471
f 6417 6319 6349
f 6348 6477 6349
f 6349 6477 6417
f 6348 6347 6477
f 6443 6457 6475
f 6399 6417 6477
f 6399 6477 6470
f 6554 6509 6505
f 6553 6508 6554
f 6554 6508 6509
f 6553 6501 6508
f 6557 6506 6507
f 6557 6507 6504
f 6504 6556 6557
f 6535 6554 6505
f 6535 6505 6506
f 6537 6535 6506
f 6537 6506 6557
f 6532 6551 6531
f 6552 6548 6547
f 6547 6551 6552
f 6531 6551 6549
f 6530 6531 6549
f 6530 6549 6550
f 6551 6547 6492
f 6552 6551 6532
f 6551 6492 6497
f 6550 6498 6499
f 6496 6498 6549
f 6549 6498 6550
f 6497 6496 6549
f 6495 6494 6548
f 6493 6547 6494
f 6494 6547 6548
f 6551 6497 6549
f 6533 6499 6500
f 6533 6530 6550
f 6536 6537 6557
f 6557 6556 6536
f 6503 6555 6504
f 6504 6555 6556
f 6503 6502 6555
f 6536 6556 6555
f 6532 6536 6555
f 6533 6550 6499
f 6532 6555 6552
f 6502 6495 6552
f 6555 6502 6552
f 6535 6534 6553
f 6553 6554 6535
f 6534 6533 6500
f 6500 6501 6553
f 6534 6500 6553
f 6495 6548 6552
f 6493 6492 6547
f 5621 5712 5586
f 5438 5621 5586
f 5712 5187 5586
f 5712 5330 5187
f 5330 4757 5329
f 4757 4755 5329
f 5712 4763 4760
f 4760 4757 5330
f 5712 4760 5330
f 4755 4753 5329
f 5612 5220 5221
f 5477 5476 5221
f 5477 5221 5222
f 5609 5219 5220
f 5461 5609 5220
f 5475 5461 5220
f 5475 5220 5612
f 5475 5612 5476
f 5476 5612 5221
f 5207 5212 5609
f 5471 5207 5609
f 5460 5471 5609
f 5470 5463 5210
f 5442 5441 5199
f 5442 5199 5603
f 5440 5439 5196
f 5196 5197 5440
f 5441 5602 5199
f 5602 5198 5199
f 5603 5199 5201
f 5210 5206 5470
f 5206 5207 5470
f 5470 5207 5471
f 5460 5609 5461
f 5459 5607 5458
f 5443 5605 5452
f 5456 5604 5451
f 5602 5200 5198
f 5607 5205 5203
f 5458 5607 5604
f 5456 5458 5604
f 5604 5202 5204
f 5451 5604 5204
f 5443 5451 5204
f 5443 5204 5605
f 5203 5202 5604
f 5607 5203 5604
f 5744 5350 5351
f 5744 5743 5349
f 5349 5350 5744
f 5742 5741 5348
f 5742 5348 5349
f 5743 5742 5349
f 5741 5345 5348
f 5346 5741 5347
f 5347 5741 5742
f 5346 5345 5741
f 5779 5764 5791
f 5774 5779 5780
f 5780 5779 5789
f 5780 5420 5417
f 5417 5774 5780
f 5779 5774 5759
f 5759 5761 5779
f 5774 5417 5415
f 5774 5415 5758
f 5774 5758 5759
f 5413 5771 5415
f 5415 5771 5758
f 5410 5770 5413
f 5413 5770 5771
f 5764 5400 5403
f 5761 5764 5779
f 5791 5403 5422
f 5764 5403 5791
f 5779 5791 5793
f 5804 5807 5806
f 5806 5807 5810
f 5807 5793 5423
f 5807 5423 5373
f 5809 5807 5373
f 5807 5804 5789
f 5789 5793 5807
f 5761 5756 5395
f 5806 5429 5426
f 5425 5780 5789
f 5426 5425 5789
f 5804 5426 5789
f 5425 5420 5780
f 5791 5422 5793
f 5793 5422 5423
f 5793 5789 5779
f 5426 5804 5806
f 5761 5395 5400
f 5764 5761 5400
f 5756 5388 5395
f 5807 5809 5815
f 5751 5756 5759
f 5759 5756 5761
f 5759 5758 5750
f 5750 5751 5759
f 5756 5751 5749
f 5756 5749 5385
f 5756 5385 5388
f 5751 5750 5748
f 5748 5749 5751
f 5815 5810 5807
f 5360 5429 5806
f 5820 5360 5810
f 5404 5369 5745
f 5781 5399 5402
f 5781 5760 5398
f 5398 5399 5781
f 5755 5397 5398
f 5823 5379 5383
f 5809 5375 5815
f 5815 5375 5379
f 5809 5373 5375
f 5745 5369 5365
f 5365 5827 5745
f 5363 5825 5365
f 5815 5379 5823
f 5365 5825 5827
f 5363 5362 5823
f 5825 5363 5823
f 5362 5361 5820
f 5823 5820 5810
f 5810 5815 5823
f 5820 5361 5360
f 5360 5806 5810
f 5362 5820 5823
f 5755 5834 5397
f 5830 5825 5389
f 5825 5823 5383
f 5760 5755 5398
f 5832 5834 5752
f 5752 5834 5755
f 5834 5396 5397
f 5834 5832 5394
f 5394 5396 5834
f 5831 5832 5746
f 5825 5383 5389
f 5746 5832 5752
f 5745 5831 5746
f 5831 5830 5391
f 5831 5391 5394
f 5832 5831 5394
f 5831 5827 5825
f 5825 5830 5831
f 5830 5389 5391
f 5827 5831 5745
f 4797 4802 4514
f 4797 4514 4513
f 4797 4513 4938
f 4804 4940 4802
f 4800 4939 4799
f 4797 4938 4796
f 4790 4937 4512
f 4795 4790 4512
f 4795 4512 4511
f 4789 4794 4510
f 4510 4509 4789
f 4511 4510 4795
f 4795 4510 4794
f 4792 4937 4790
f 4509 4508 4789
f 4802 4940 4514
f 4804 4515 4940
f 4804 4503 4515
f 4804 4939 4503
f 4944 4521 4506
f 4935 4498 4520
f 4513 4519 4938
f 4516 4512 4937
f 4518 4517 4942
f 4796 4938 4519
f 4810 4796 4519
f 4789 4508 4788
f 4810 4519 4518
f 4805 4942 4517
f 4792 4805 4517
f 4792 4517 4516
f 4792 4516 4937
f 4810 4942 4805
f 4515 4514 4940
f 4804 4799 4939
f 4810 4518 4942
f 4808 4521 4944
f 4808 4520 4521
f 4793 4935 4520
f 4963 5037 4331
f 4965 4963 4331
f 4965 4331 4278
f 5037 4329 4331
f 4962 5037 4963
f 4959 4326 4329
f 4959 4329 5037
f 4962 4959 5037
f 4959 4958 4306
f 4306 4326 4959
f 4955 4323 4321
f 4955 4321 5035
f 4954 4955 5035
f 4954 5035 4952
f 4321 4319 5035
f 4335 4323 4955
f 4955 4968 4335
f 4970 4335 4968
f 4338 4335 4970
f 5040 4271 5039
f 5013 5040 5039
f 5004 5013 5039
f 4269 4266 5039
f 5004 5039 5001
f 5039 4266 4265
f 5001 5039 4265
f 4950 4952 5035
f 4998 5001 4265
f 4998 4263 4987
f 4984 4987 4263
f 4263 4262 4984
f 4262 4260 4984
f 4984 4260 4979
f 4970 4979 4260
f 4260 4338 4970
f 4265 4263 4998
f 5035 4319 4316
f 4950 5035 4316
f 4821 4530 4531
f 4524 4525 4948
f 4815 4524 4948
f 4816 4815 4948
f 4946 4523 4947
f 4947 4523 4524
f 4814 4947 4815
f 4946 4947 4813
f 4815 4947 4524
f 4813 4947 4814
f 4945 4522 4523
f 4788 4508 4522
f 4788 4522 4945
f 4812 4788 4945
f 4945 4946 4811
f 4811 4946 4813
f 4812 4945 4811
f 4523 4946 4945
f 4808 4793 4520
f 4933 4526 4527
f 4818 4528 4949
f 4821 4531 4934
f 4791 4821 4934
f 4934 4531 4497
f 4785 4933 4527
f 4785 4527 4530
f 4821 4785 4530
f 4820 4948 4817
f 4949 4528 4529
f 4816 4948 4820
f 4819 4949 4529
f 4784 4819 4529
f 4784 4529 4526
f 4784 4526 4933
f 4948 4525 4528
f 4817 4948 4528
f 4818 4817 4528
f 4818 4949 4819
f 4921 4894 4904
f 4921 4904 4492
f 4493 4921 4492
f 4770 4765 4894
f 4770 4894 4921
f 4921 4493 4494
f 4904 4462 4492
f 4271 4269 5039
f 4725 5040 5013
f 4841 5040 4725
f 4273 4271 5040
f 5044 4289 4290
f 5023 5044 4290
f 5020 5044 5022
f 5044 4288 4289
f 5020 5019 5042
f 4282 4288 5044
f 5042 4282 5044
f 5023 5022 5044
f 5020 5042 5044
f 5018 5042 5019
f 4965 4278 4279
f 4965 4279 5042
f 5018 4965 5042
f 4127 4273 5040
f 4385 4127 5040
f 4385 5040 4841
f 5042 4279 4282
f 4290 4292 5025
f 4292 4293 5028
f 5025 5023 4290
f 4826 4868 4716
f 4293 4124 4442
f 5028 4293 4442
f 4826 5028 4442
f 4826 4442 4868
f 5028 5025 4292
f 4819 4784 5196
f 5234 5233 4817
f 4817 4818 5234
f 4815 4816 5231
f 5231 4816 5232
f 5231 5230 4814
f 4814 4815 5231
f 5230 5229 4813
f 4813 4814 5230
f 4788 4812 5208
f 5208 4812 5228
f 4811 4813 5227
f 5227 4813 5229
f 5227 5228 4812
f 4812 4811 5227
f 5196 5235 4819
f 5234 4819 5235
f 4818 4819 5234
f 4816 4820 5236
f 5210 5201 4793
f 4821 4791 5237
f 5237 4791 5200
f 5237 5197 4785
f 4785 4821 5237
f 5233 5236 4820
f 4820 4817 5233
f 5236 5232 4816
f 4793 4808 5210
f 5226 5216 4796
f 4796 4810 5226
f 5211 5213 4792
f 4792 4790 5211
f 5208 5209 4789
f 4789 4788 5208
f 4795 4794 5214
f 5214 5215 4795
f 4794 4789 5214
f 5213 5225 4805
f 4805 4792 5213
f 4810 4805 5226
f 5226 4805 5225
f 4799 4804 5218
f 5218 4804 5224
f 5217 5223 4802
f 5214 4789 5209
f 4802 4797 5217
f 4804 4802 5223
f 5218 5204 4800
f 4800 4799 5218
f 4797 4796 5217
f 5217 4796 5216
f 4790 4795 5211
f 5211 4795 5215
f 5223 5224 4804
f 6068 5957 5958
f 5957 6068 6064
f 6064 5956 5957
f 6067 5955 5954
f 6026 6067 5954
f 6026 5954 5932
f 6023 6026 5932
f 6062 5935 5940
f 6062 5940 5937
f 5937 6060 6062
f 6023 5932 5935
f 6019 6023 6062
f 6016 6019 6062
f 6062 6060 6016
f 6023 5935 6062
f 5912 5903 5919
f 5908 5953 5999
f 5908 5697 5698
f 5999 5696 5697
f 5951 5999 5953
f 5949 5695 5696
f 5949 5696 5999
f 5951 5949 5999
f 5694 5695 5947
f 5908 5999 5697
f 5947 5695 5949
f 5993 5664 5694
f 5947 5943 5694
f 5962 5960 5961
f 5962 5651 5960
f 5673 5644 5988
f 5922 5988 5914
f 5993 5663 5664
f 5921 5920 5659
f 5659 5663 5993
f 5921 5659 5993
f 5920 5918 5656
f 5922 5924 5988
f 5656 5659 5920
f 5918 5972 5650
f 5918 5650 5656
f 5971 5972 5907
f 5907 5972 5916
f 5914 5988 5644
f 5913 5914 5644
f 5913 5644 5630
f 5918 5916 5972
f 5913 5630 5985
f 5924 5673 5988
f 5679 5678 5924
f 5921 5993 5943
f 5689 5996 5692
f 5692 5996 5966
f 5689 5686 5996
f 5931 5915 5966
f 5966 5996 5931
f 5929 5931 5996
f 5924 5678 5673
f 5929 5996 5686
f 5929 5683 5995
f 5683 5681 5995
f 5929 5995 5927
f 5995 5681 5679
f 5927 5995 5679
f 5926 5927 5679
f 5924 5926 5679
f 5929 5686 5683
f 5630 5627 5985
f 5985 5977 5911
f 5970 5969 5669
f 5971 5970 5669
f 5971 5669 5671
f 5970 5968 5965
f 5965 5969 5970
f 5969 5667 5669
f 5965 5963 5648
f 5671 5677 5972
f 5965 5648 5667
f 5962 5965 5967
f 5967 5965 5968
f 5967 5654 5651
f 5651 5962 5967
f 5965 5962 5961
f 5961 5963 5965
f 5651 5623 5960
f 5969 5965 5667
f 5911 5913 5985
f 5972 5971 5671
f 5684 5654 5967
f 5985 5627 5619
f 5619 5977 5985
f 5911 5977 5909
f 5977 5619 5690
f 5909 5977 5690
f 5909 5690 5974
f 5906 5909 5974
f 5972 5677 5650
f 5970 5971 5905
f 5905 5906 5974
f 5905 5974 5968
f 5905 5968 5970
f 5690 5688 5974
f 5684 5967 5968
f 5688 5684 5968
f 5974 5688 5968
f 5905 5971 5907
f 5943 5993 5694
f 435 434 629
f 718 555 547
f 555 633 547
f 633 440 547
f 836 727 808
f 836 808 559
f 836 559 641
f 859 641 640
f 858 859 640
f 858 640 638
f 858 638 637
f 857 858 637
f 835 857 834
f 857 635 634
f 834 857 634
f 834 634 556
f 726 834 556
f 718 725 555
f 633 445 440
f 857 637 635
f 837 859 860
f 837 836 859
f 836 641 859
f 837 860 838
f 844 862 845
f 862 861 845
f 845 861 841
f 860 862 838
f 838 862 844
f 860 859 861
f 841 861 840
f 840 861 859
f 840 859 858
f 839 840 858
f 858 857 839
f 839 857 835
f 861 862 860
f 676 675 970
f 970 677 971
f 675 677 970
f 972 971 677
f 677 678 972
f 972 678 679
f 372 406 367
f 445 372 367
f 445 367 489
f 440 445 489
f 375 374 498
f 455 496 453
f 378 377 499
f 460 461 379
f 461 498 374
f 387 389 501
f 499 387 501
f 472 499 501
f 499 377 387
f 470 498 461
f 496 383 385
f 453 496 385
f 472 465 499
f 468 453 385
f 467 375 498
f 470 467 498
f 467 468 385
f 385 382 467
f 460 379 378
f 465 460 378
f 465 378 499
f 467 382 375
f 461 374 379
f 501 389 391
f 501 502 472
f 472 502 473
f 476 500 456
f 395 504 502
f 502 393 395
f 475 473 502
f 502 504 475
f 501 391 502
f 502 391 393
f 458 500 476
f 483 482 425
f 425 482 427
f 427 482 426
f 482 483 422
f 422 483 423
f 426 482 422
f 1625 1787 1626
f 1787 1786 1626
f 1626 1786 1622
f 1624 1787 1625
f 1623 1785 1786
f 1623 1786 1787
f 1624 1623 1787
f 1619 1785 1623
f 1622 1786 1621
f 1621 1786 1785
f 1620 1621 1785
f 1620 1785 1784
f 1620 1784 1618
f 1619 1617 1784
f 1784 1785 1619
f 1618 1784 1617
f 1782 2036 1783
f 1783 2036 1781
f 1780 2036 1782
f 1781 2036 1780
f 1770 2034 1776
f 1767 1406 1769
f 1403 1402 1762
f 1762 1402 1761
f 1400 1398 1759
f 1759 1398 1758
f 2028 1396 1395
f 2028 1395 2024
f 1404 1406 1767
f 2027 2028 2024
f 1395 1394 2024
f 1397 1396 2028
f 1406 1403 1762
f 1402 1407 1771
f 1760 1775 2028
f 2028 2027 1760
f 1772 1409 1397
f 1775 1772 1397
f 1775 1397 2028
f 1774 2032 1773
f 1398 1426 2032
f 1762 1769 1406
f 1758 1398 2032
f 2032 1424 1409
f 1773 2032 1409
f 1772 1773 1409
f 1426 1424 2032
f 1759 1771 1407
f 1407 1400 1759
f 1771 1761 1402
f 1774 1758 2032
f 1078 1121 958
f 1079 1078 958
f 932 926 1058
f 1059 1058 926
f 926 928 1059
f 1118 922 924
f 1116 923 921
f 1116 921 922
f 1056 1116 922
f 1058 1061 932
f 1057 1056 922
f 1057 922 1118
f 1059 933 1062
f 1067 939 1064
f 1079 958 960
f 958 1121 1120
f 1120 1119 955
f 958 1120 955
f 1119 938 955
f 1070 1076 951
f 951 943 1070
f 928 933 1059
f 1050 1072 946
f 1072 1064 939
f 939 946 1072
f 1067 1068 942
f 942 940 1067
f 943 942 1070
f 1070 942 1068
f 940 939 1067
f 946 927 1050
f 1134 1189 1091
f 1189 981 980
f 1091 1189 980
f 1090 1091 980
f 1090 980 977
f 1089 1090 977
f 1089 977 897
f 1096 1030 1088
f 897 1096 1088
f 1089 897 1088
f 1351 1252 1353
f 1351 1349 1250
f 1250 1251 1351
f 1249 1250 1348
f 1348 1250 1349
f 1348 1343 1248
f 1248 1249 1348
f 1251 1252 1351
f 1247 1248 1341
f 1245 1246 1334
f 1334 1246 1336
f 1334 1332 1244
f 1244 1245 1334
f 1332 1324 1450
f 1332 1450 1243
f 1332 1243 1244
f 1341 1248 1343
f 1353 1253 1354
f 1253 1254 1356
f 1252 1253 1353
f 1359 1459 1361
f 1360 1458 1358
f 1358 1458 1457
f 1359 1358 1457
f 1359 1457 1459
f 1356 1354 1253
f 1450 1235 1243
f 1242 1241 1330
f 1325 1327 1241
f 1330 1241 1327
f 1317 1314 1443
f 1443 1447 1317
f 1447 1233 1234
f 1447 1443 1232
f 1232 1233 1447
f 1315 1445 1439
f 1315 1439 1443
f 1314 1315 1443
f 1434 1439 1435
f 1435 1439 1445
f 1439 1436 1231
f 1443 1439 1231
f 1443 1231 1232
f 1433 1436 1434
f 1434 1436 1439
f 1321 1235 1450
f 1321 1317 1235
f 1317 1234 1235
f 1317 1447 1234
f 1241 1240 1325
f 1325 1240 1239
f 1325 1239 1454
f 1323 1325 1454
f 1239 1238 1454
f 1321 1450 1324
f 1322 1323 1454
f 1436 1230 1231
f 1454 1452 1322
f 1237 1452 1454
f 1452 1445 1322
f 1322 1445 1315
f 1452 1237 1236
f 1452 1236 1435
f 1452 1435 1445
f 1236 1229 1435
f 1454 1238 1237
f 1226 1230 1433
f 1433 1230 1436
f 1435 1229 1228
f 1228 1434 1435
f 1227 1433 1228
f 1228 1433 1434
f 1227 1226 1433
f 1278 1277 1304
f 1304 1305 1278
f 1277 1274 1301
f 1301 1304 1277
f 1276 1312 1275
f 1276 1255 1051
f 1051 1085 1312
f 1276 1051 1312
f 1275 1312 1084
f 1274 1275 1084
f 1084 1071 1301
f 1274 1084 1301
f 1085 1084 1312
f 1056 1303 1310
f 1310 1083 1056
f 1264 1086 1266
f 1062 1086 1264
f 1279 1311 1313
f 1279 1278 1311
f 1307 1081 1310
f 1313 1087 1061
f 1260 1279 1313
f 1313 1306 1260
f 1313 1311 1303
f 1313 1303 1057
f 1087 1313 1057
f 1278 1305 1311
f 1061 1306 1313
f 1310 1081 1083
f 1308 1310 1311
f 1311 1310 1303
f 1063 1065 1299
f 1272 1063 1299
f 1270 1299 1300
f 1270 1300 1298
f 1263 1270 1298
f 1272 1299 1270
f 1060 1063 1268
f 1272 1269 1063
f 1268 1063 1269
f 1265 1060 1268
f 1263 1298 1262
f 1258 1259 1297
f 1297 1055 1054
f 1258 1297 1054
f 1053 1052 1257
f 1257 1052 1256
f 1049 1060 1265
f 1299 1065 1066
f 1093 1055 1297
f 1302 1308 1305
f 1305 1308 1311
f 1308 1082 1080
f 1310 1308 1080
f 1310 1080 1307
f 1308 1302 1073
f 1073 1082 1308
f 1066 1300 1299
f 1307 1077 1081
f 1304 1075 1074
f 1304 1074 1302
f 1305 1304 1302
f 1304 1301 1069
f 1069 1075 1304
f 1074 1073 1302
f 1071 1069 1301
f 1080 1077 1307
f 1257 1258 1054
f 1054 1053 1257
f 1255 1256 1052
f 1052 1051 1255
f 243 277 251
f 277 281 251
f 251 281 250
f 250 281 248
f 279 159 163
f 159 279 275
f 275 157 159
f 275 156 157
f 235 272 236
f 238 276 241
f 241 276 274
f 243 241 274
f 243 274 277
f 272 183 190
f 236 272 190
f 238 236 190
f 190 179 276
f 187 185 134
f 134 136 187
f 183 182 124
f 124 122 209
f 183 124 209
f 208 209 122
f 122 120 208
f 177 179 208
f 208 206 177
f 177 206 175
f 120 118 204
f 208 120 204
f 206 208 204
f 173 175 206
f 206 204 173
f 170 134 185
f 116 134 170
f 187 124 182
f 136 124 187
f 276 179 274
f 235 231 187
f 187 182 272
f 235 187 272
f 229 228 170
f 170 185 229
f 185 187 229
f 238 190 276
f 229 187 231
f 183 209 190
f 209 208 190
f 190 208 179
f 272 182 183
f 172 204 118
f 172 118 96
f 158 172 96
f 173 204 172
f 59 61 113
f 113 61 114
f 145 55 57
f 113 109 145
f 113 145 57
f 113 57 59
f 103 54 55
f 103 55 145
f 107 103 145
f 107 145 109
f 98 140 51
f 103 98 51
f 103 51 54
f 138 140 95
f 95 140 98
f 158 93 155
f 96 93 158
f 101 99 160
f 160 161 101
f 114 116 163
f 163 116 170
f 168 155 93
f 93 110 168
f 108 101 166
f 166 101 161
f 166 168 110
f 140 50 51
f 110 108 166
f 164 200 156
f 160 99 105
f 160 105 198
f 164 160 198
f 200 198 104
f 104 95 200
f 105 104 198
f 198 200 164
f 140 138 48
f 48 50 140
f 59 85 61
f 43 78 41
f 55 83 57
f 57 83 10
f 57 10 12
f 57 12 85
f 59 57 85
f 7 8 83
f 54 7 83
f 55 54 83
f 54 51 4
f 4 7 54
f 2 4 50
f 50 4 51
f 50 48 1
f 1 2 50
f 46 78 43
f 83 8 10
