# GF5 hand-only SMPL-X avatar mesh subset
v -0.787597 0.010548 -0.138048 0.86274510 0.60392157 0.57647059
v 0.781138 0.007960 -0.138048 0.60784314 0.45882353 0.45882353
v -0.788177 0.013486 -0.138048 0.90980392 0.63529412 0.61568627
v -0.784464 0.008304 -0.138048 0.77254902 0.55686275 0.52941176
v 0.778833 0.008012 -0.138048 0.59215686 0.45098039 0.45490196
v -0.784599 0.015108 -0.138048 0.91764706 0.65490196 0.63529412
v -0.782522 0.007851 -0.138048 0.70980392 0.52549020 0.49803922
v 0.784851 0.009625 -0.138048 0.61568627 0.43529412 0.43137255
v -0.778568 0.008922 -0.138048 0.79607843 0.54509804 0.53725490
v 0.785023 0.014218 -0.138048 0.68235294 0.45490196 0.45490196
v -0.783282 0.014709 -0.138048 0.91764706 0.65098039 0.63137255
v -0.779589 0.012861 -0.138048 0.90588235 0.62352941 0.60000000
v 0.777331 0.011741 -0.138048 0.63529412 0.43529412 0.42352941
v 0.780473 0.013999 -0.138048 0.67450980 0.45490196 0.44313725
v -0.786413 0.011724 -0.139087 0.88627451 0.61568627 0.59607843
v -0.783730 0.009014 -0.138859 0.78431373 0.56470588 0.53725490
v 0.779953 0.009140 -0.138759 0.60784314 0.44313725 0.43921569
v 0.782641 0.011836 -0.139195 0.65098039 0.44705882 0.44705882
v -0.783778 0.014239 -0.138506 0.91764706 0.64313725 0.62745098
v -0.781111 0.011476 -0.139054 0.89411765 0.60784314 0.58431373
v -0.790145 0.013396 -0.134245 0.85098039 0.61568627 0.59215686
v -0.789635 0.014996 -0.134245 0.87450980 0.64705882 0.62745098
v -0.786481 0.017031 -0.134245 0.88627451 0.65490196 0.63137255
v -0.788692 0.009470 -0.134245 0.78431373 0.56078431 0.53333333
v -0.785591 0.007194 -0.134245 0.73725490 0.53333333 0.50980392
v -0.786337 0.017017 -0.134245 0.89411765 0.65098039 0.62745098
v -0.781347 0.006059 -0.134245 0.67843137 0.50196078 0.48235294
v 0.768515 0.008297 -0.134245 0.57254902 0.42745098 0.41960784
v -0.780580 0.005928 -0.134245 0.63921569 0.47843137 0.46666667
v -0.775894 0.006018 -0.134245 0.61960784 0.47058824 0.45882353
v 0.767597 0.010647 -0.134245 0.61568627 0.42745098 0.41960784
v -0.781295 0.016595 -0.134245 0.89411765 0.65098039 0.62745098
v -0.780944 0.016521 -0.134245 0.89803922 0.65098039 0.62352941
v 0.782739 0.006359 -0.134245 0.63529412 0.45098039 0.44313725
v -0.776794 0.015519 -0.134245 0.91764706 0.65882353 0.62745098
v 0.782423 0.006239 -0.134245 0.62745098 0.45490196 0.45098039
v -0.774172 0.014692 -0.134245 0.90196078 0.64313725 0.61568627
v 0.778371 0.005349 -0.134245 0.61176471 0.45882353 0.45490196
v -0.772557 0.014364 -0.134245 0.89411765 0.63921569 0.60784314
v 0.776140 0.005326 -0.134245 0.60000000 0.45882353 0.45098039
v -0.769218 0.012381 -0.134245 0.86274510 0.58823529 0.55294118
v 0.785968 0.008508 -0.134245 0.64705882 0.45098039 0.43921569
v -0.775562 0.006073 -0.134245 0.62352941 0.46666667 0.45490196
v 0.787774 0.011590 -0.134245 0.67058824 0.45098039 0.43529412
v -0.771599 0.007228 -0.134245 0.69019608 0.48627451 0.47058824
v 0.787871 0.011983 -0.134245 0.69411765 0.45098039 0.43529412
v -0.768648 0.009544 -0.134245 0.80000000 0.53333333 0.49803922
v 0.772028 0.006278 -0.134245 0.59607843 0.45882353 0.44705882
v 0.783215 0.016639 -0.134245 0.69411765 0.45098039 0.43529412
v 0.781945 0.016518 -0.134245 0.68235294 0.45098039 0.43921569
v 0.771835 0.006339 -0.134245 0.58431373 0.45490196 0.44313725
v 0.778406 0.016059 -0.134245 0.66666667 0.44313725 0.43137255
v 0.774978 0.014804 -0.134245 0.65490196 0.42745098 0.41568627
v 0.786292 0.015487 -0.134245 0.69803922 0.44705882 0.43137255
v 0.770249 0.013370 -0.134245 0.65882353 0.44705882 0.42745098
v 0.774372 0.014646 -0.134245 0.65490196 0.43137255 0.41568627
v -0.789093 0.014442 -0.136980 0.90980392 0.64313725 0.62745098
v -0.781026 0.006374 -0.135610 0.69411765 0.50588235 0.49411765
v 0.769238 0.009005 -0.134825 0.57254902 0.42352941 0.40784314
v -0.778424 0.008777 -0.137946 0.78823529 0.54117647 0.53333333
v -0.775697 0.006208 -0.134510 0.58039216 0.45490196 0.45490196
v -0.778519 0.013861 -0.136888 0.90980392 0.63529412 0.61176471
v 0.782641 0.006457 -0.134920 0.61568627 0.45098039 0.44705882
v -0.775818 0.011200 -0.137326 0.87058824 0.59607843 0.56470588
v 0.777268 0.006441 -0.136409 0.57647059 0.47058824 0.48235294
v 0.785330 0.009146 -0.137201 0.61176471 0.44313725 0.43137255
v -0.773099 0.008600 -0.135836 0.76862745 0.52941176 0.51764706
v 0.785330 0.014525 -0.137755 0.69411765 0.45098039 0.43921569
v -0.773189 0.013707 -0.134892 0.89019608 0.62745098 0.60000000
v 0.771900 0.006405 -0.134340 0.56862745 0.47058824 0.45882353
v 0.774592 0.009085 -0.137142 0.60000000 0.44313725 0.41568627
v -0.770451 0.011164 -0.135169 0.84705882 0.56862745 0.53725490
v 0.777274 0.011797 -0.137978 0.63529412 0.43529412 0.42352941
v 0.771916 0.011731 -0.135868 0.61176471 0.42352941 0.40392157
v 0.774607 0.014417 -0.134600 0.64705882 0.42352941 0.41176471
v 0.779954 0.014517 -0.137320 0.67843137 0.45490196 0.44313725
v -0.787816 0.010347 -0.130442 0.75294118 0.52941176 0.50196078
v -0.788262 0.013623 -0.130442 0.90196078 0.67058824 0.63137255
v -0.784885 0.007899 -0.130442 0.71764706 0.51764706 0.49019608
v -0.785345 0.016067 -0.130442 0.86666667 0.64313725 0.61568627
v -0.781129 0.006277 -0.130442 0.68235294 0.50196078 0.48235294
v -0.780836 0.006197 -0.130442 0.63921569 0.47843137 0.46666667
v -0.776468 0.005552 -0.130442 0.56470588 0.43921569 0.43529412
v 0.773516 0.004817 -0.130442 0.60784314 0.46274510 0.45490196
v 0.770464 0.004992 -0.130442 0.60392157 0.46274510 0.45098039
v -0.781126 0.016916 -0.130442 0.87450980 0.65490196 0.62352941
v 0.767531 0.005387 -0.130442 0.61176471 0.47843137 0.46274510
v 0.765902 0.005751 -0.130442 0.58823529 0.46274510 0.45490196
v -0.781044 0.016925 -0.130442 0.88235294 0.65490196 0.62352941
v -0.776309 0.017069 -0.130442 0.87058824 0.65490196 0.61960784
v 0.762127 0.007375 -0.130442 0.56470588 0.43137255 0.43137255
v -0.775264 0.017083 -0.130442 0.87843137 0.65490196 0.61568627
v 0.760432 0.011060 -0.130442 0.63529412 0.43529412 0.42352941
v -0.771092 0.017272 -0.130442 0.88627451 0.65882353 0.61568627
v 0.760781 0.012127 -0.130442 0.67058824 0.45882353 0.43921569
v -0.769787 0.017261 -0.130442 0.90196078 0.67450980 0.62352941
v 0.763490 0.014770 -0.130442 0.71764706 0.49411765 0.47450980
v -0.765604 0.016037 -0.130442 0.90196078 0.65098039 0.62352941
v 0.778384 0.005336 -0.130442 0.62745098 0.47058824 0.46274510
v 0.775737 0.004931 -0.130442 0.61176471 0.46274510 0.45490196
v 0.782270 0.006828 -0.130442 0.65490196 0.46666667 0.46274510
v 0.785266 0.009210 -0.130442 0.66666667 0.47058824 0.45490196
v 0.785150 0.014345 -0.130442 0.68627451 0.45490196 0.43529412
v 0.781288 0.015861 -0.130442 0.69411765 0.45098039 0.43529412
v 0.778096 0.016366 -0.130442 0.68235294 0.44705882 0.43529412
v 0.776593 0.016509 -0.130442 0.67450980 0.44313725 0.43137255
v 0.772479 0.016554 -0.130442 0.68627451 0.45490196 0.44313725
v -0.774834 0.005489 -0.130442 0.51764706 0.40784314 0.40000000
v 0.771319 0.016526 -0.130442 0.73333333 0.49411765 0.47450980
v 0.767352 0.016298 -0.130442 0.74117647 0.51372549 0.49803922
v 0.764921 0.015472 -0.130442 0.72156863 0.50196078 0.48235294
v -0.770652 0.005936 -0.130442 0.46274510 0.37647059 0.36862745
v -0.770057 0.005975 -0.130442 0.55686275 0.42352941 0.40392157
v -0.765709 0.006892 -0.130442 0.63137255 0.46666667 0.43921569
v -0.762445 0.008833 -0.130442 0.76078431 0.50980392 0.48627451
v -0.762609 0.013686 -0.130442 0.86666667 0.61176471 0.58431373
v -0.789090 0.014451 -0.131747 0.85490196 0.68235294 0.65882353
v 0.766537 0.006354 -0.131866 0.56078431 0.44705882 0.44313725
v -0.775831 0.016554 -0.131989 0.89019608 0.65490196 0.61960784
v 0.763855 0.009020 -0.132300 0.59215686 0.42352941 0.41960784
v 0.766551 0.011688 -0.133565 0.64313725 0.44313725 0.43529412
v -0.770465 0.016516 -0.131490 0.90196078 0.66666667 0.62352941
v 0.761151 0.011760 -0.130760 0.65882353 0.45098039 0.43529412
v -0.767779 0.013805 -0.132815 0.87843137 0.61568627 0.58039216
v -0.770333 0.006160 -0.131527 0.63137255 0.45490196 0.43529412
v -0.767703 0.008660 -0.133435 0.76470588 0.50980392 0.47450980
v 0.763855 0.014402 -0.130871 0.70980392 0.48627451 0.47058824
v -0.765049 0.011240 -0.132584 0.83921569 0.56078431 0.53333333
v 0.782641 0.006457 -0.131675 0.63921569 0.46274510 0.45098039
v 0.785330 0.009146 -0.130604 0.66666667 0.45490196 0.43921569
v 0.785330 0.014525 -0.130759 0.71764706 0.44705882 0.41568627
v 0.769238 0.014386 -0.133038 0.68627451 0.47058824 0.45098039
v -0.782314 0.010470 -0.126639 0.71764706 0.50980392 0.46274510
v -0.782802 0.013535 -0.126639 0.77647059 0.54901961 0.49803922
v 0.772621 0.005721 -0.126639 0.62352941 0.46666667 0.45882353
v 0.770944 0.005516 -0.126639 0.62745098 0.47450980 0.46274510
v 0.767689 0.005259 -0.126639 0.63529412 0.49019608 0.47450980
v -0.779161 0.008245 -0.126639 0.54117647 0.42745098 0.42352941
v 0.765396 0.005315 -0.126639 0.66666667 0.52156863 0.49803922
v -0.776301 0.007037 -0.126639 0.54509804 0.43529412 0.44705882
v 0.762095 0.005481 -0.126639 0.66274510 0.52156863 0.49803922
v 0.760437 0.005732 -0.126639 0.54509804 0.44705882 0.45490196
v -0.779914 0.015883 -0.126639 0.83921569 0.66666667 0.62745098
v 0.756814 0.007491 -0.126639 0.57647059 0.41568627 0.41960784
v -0.776327 0.017491 -0.126639 0.85490196 0.65098039 0.61176471
v 0.754457 0.010531 -0.126639 0.66666667 0.45098039 0.43137255
v -0.775313 0.006714 -0.126639 0.40784314 0.35686275 0.36078431
v 0.754567 0.013011 -0.126639 0.72549020 0.51372549 0.48235294
v 0.757075 0.015871 -0.126639 0.75686275 0.52941176 0.50196078
v -0.774531 0.018076 -0.126639 0.86666667 0.65098039 0.60784314
v 0.760944 0.017357 -0.126639 0.77254902 0.53725490 0.50196078
v -0.772091 0.018658 -0.126639 0.87843137 0.65098039 0.61176471
v 0.780021 0.009077 -0.126639 0.65098039 0.46666667 0.47450980
v 0.778909 0.008104 -0.126639 0.62745098 0.49019608 0.47843137
v -0.768200 0.018969 -0.126639 0.89411765 0.65882353 0.61960784
v 0.780614 0.009809 -0.126639 0.67058824 0.46274510 0.46666667
v -0.767172 0.018954 -0.126639 0.91372549 0.65882353 0.62745098
v 0.776711 0.007009 -0.126639 0.63921569 0.46666667 0.45882353
v -0.763007 0.018710 -0.126639 0.90980392 0.65882353 0.62352941
v 0.779644 0.014217 -0.126639 0.71764706 0.43921569 0.43529412
v 0.776117 0.016058 -0.126639 0.69019608 0.45098039 0.43921569
v -0.770537 0.006077 -0.126639 0.30196078 0.29803922 0.29803922
v 0.771700 0.017379 -0.126639 0.70196078 0.46666667 0.45490196
v 0.767332 0.017958 -0.126639 0.70588235 0.47450980 0.46274510
v -0.769995 0.006085 -0.126639 0.30196078 0.30196078 0.30196078
v 0.772009 0.017302 -0.126639 0.69803922 0.45882353 0.44705882
v -0.765145 0.006089 -0.126639 0.35686275 0.33725490 0.33333333
v 0.765691 0.017985 -0.126639 0.72549020 0.49019608 0.47843137
v 0.761409 0.017416 -0.126639 0.75294118 0.51764706 0.49411765
v -0.764712 0.006085 -0.126639 0.41960784 0.40000000 0.39607843
v -0.760440 0.007163 -0.126639 0.58823529 0.50588235 0.49411765
v -0.757242 0.009348 -0.126639 0.74117647 0.52156863 0.49803922
v -0.761171 0.018318 -0.126639 0.90588235 0.65882353 0.61568627
v -0.759071 0.017330 -0.126639 0.90588235 0.65098039 0.60784314
v -0.756250 0.014844 -0.126639 0.89411765 0.63137255 0.59215686
v -0.755723 0.013197 -0.126639 0.84313725 0.58039216 0.55294118
v -0.786401 0.011762 -0.128584 0.76470588 0.52941176 0.49803922
v 0.761145 0.006420 -0.128654 0.54117647 0.44313725 0.44705882
v 0.758449 0.009115 -0.129027 0.60000000 0.42352941 0.41568627
v -0.783712 0.009073 -0.128122 0.66274510 0.49019608 0.45490196
v -0.783712 0.014451 -0.127521 0.87058824 0.66274510 0.62745098
v 0.755754 0.011822 -0.127608 0.68627451 0.47058824 0.44313725
v -0.781023 0.006384 -0.130082 0.63529412 0.47843137 0.45882353
v 0.758455 0.014472 -0.128190 0.71764706 0.50588235 0.47450980
v -0.775645 0.006381 -0.127378 0.33725490 0.32941176 0.32549020
v -0.765048 0.016636 -0.129692 0.90196078 0.65098039 0.62745098
v 0.761147 0.017152 -0.126944 0.76862745 0.53333333 0.50196078
v 0.777263 0.006457 -0.127540 0.62745098 0.47058824 0.46274510
v -0.764922 0.006270 -0.127856 0.50980392 0.46274510 0.45490196
v 0.782641 0.011836 -0.127334 0.69803922 0.45098039 0.43921569
v -0.762297 0.008751 -0.130267 0.74901961 0.50588235 0.48235294
v -0.762355 0.013950 -0.130168 0.87450980 0.61960784 0.59215686
v 0.779952 0.014525 -0.127151 0.69019608 0.45098039 0.44313725
v -0.759604 0.011458 -0.129187 0.83137255 0.56470588 0.54117647
v 0.771900 0.017163 -0.128403 0.70980392 0.47450980 0.46274510
v -0.759641 0.016728 -0.127362 0.90196078 0.65098039 0.61176471
v 0.766534 0.017127 -0.128792 0.72156863 0.49019608 0.47450980
v -0.756891 0.014226 -0.127234 0.88627451 0.61960784 0.58823529
v -0.773042 0.008986 -0.122836 0.65882353 0.49019608 0.47450980
v -0.775280 0.011397 -0.122836 0.72941176 0.49411765 0.47450980
v -0.775488 0.011915 -0.122836 0.82745098 0.53333333 0.48627451
v -0.774623 0.016070 -0.122836 0.87450980 0.67058824 0.61960784
v -0.771591 0.018339 -0.122836 0.85882353 0.63921569 0.59607843
v -0.767718 0.019720 -0.122836 0.86666667 0.64705882 0.60392157
v -0.767492 0.019783 -0.122836 0.87450980 0.65098039 0.60784314
v -0.763298 0.020505 -0.122836 0.87843137 0.65490196 0.61176471
v -0.761198 0.020546 -0.122836 0.89803922 0.66274510 0.61568627
v -0.772566 0.008683 -0.122836 0.54117647 0.41568627 0.40784314
v -0.769411 0.007239 -0.122836 0.37254902 0.32156863 0.31372549
v -0.764966 0.006442 -0.122836 0.31764706 0.29411765 0.29411765
v -0.764825 0.006435 -0.122836 0.22352941 0.23137255 0.23137255
v -0.759796 0.006631 -0.122836 0.39215686 0.39215686 0.40392157
v -0.759155 0.006719 -0.122836 0.44313725 0.43529412 0.43921569
v -0.755542 0.007737 -0.122836 0.62352941 0.54117647 0.54117647
v -0.757971 0.020463 -0.122836 0.90980392 0.66274510 0.61568627
v -0.752344 0.009787 -0.122836 0.72549020 0.52941176 0.51372549
v -0.750184 0.012987 -0.122836 0.82352941 0.57254902 0.54509804
v -0.756167 0.020272 -0.122836 0.93333333 0.66666667 0.61960784
v -0.752761 0.018114 -0.122836 0.92549020 0.66666667 0.62352941
v -0.750146 0.015558 -0.122836 0.89803922 0.63529412 0.59607843
v 0.766666 0.006298 -0.122836 0.68235294 0.52549020 0.50196078
v 0.749187 0.010651 -0.122836 0.67058824 0.47843137 0.47058824
v 0.766289 0.006211 -0.122836 0.82745098 0.64705882 0.60392157
v 0.770669 0.007673 -0.122836 0.63529412 0.48235294 0.46666667
v 0.748610 0.013597 -0.122836 0.74901961 0.53333333 0.51764706
v 0.762025 0.005561 -0.122836 0.78039216 0.60392157 0.54901961
v 0.750781 0.016805 -0.122836 0.81176471 0.58039216 0.55686275
v 0.760253 0.005537 -0.122836 0.77647059 0.59215686 0.53725490
v 0.754092 0.018872 -0.122836 0.83529412 0.60000000 0.56862745
v 0.756130 0.006078 -0.122836 0.73725490 0.54117647 0.48627451
v 0.757836 0.019279 -0.122836 0.81960784 0.57647059 0.54509804
v 0.755530 0.006237 -0.122836 0.72549020 0.53333333 0.47843137
v 0.751760 0.007845 -0.122836 0.67058824 0.45490196 0.42352941
v 0.759003 0.019326 -0.122836 0.81960784 0.57647059 0.54509804
v 0.773564 0.010156 -0.122836 0.63529412 0.45490196 0.44313725
v 0.773859 0.013810 -0.122836 0.67058824 0.41568627 0.40000000
v 0.771286 0.016610 -0.122836 0.67843137 0.44313725 0.43137255
v 0.767523 0.018211 -0.122836 0.68627451 0.45882353 0.45098039
v 0.764876 0.018830 -0.122836 0.71764706 0.47843137 0.47058824
v 0.762991 0.019033 -0.122836 0.77254902 0.52156863 0.50196078
v -0.781023 0.011762 -0.125619 0.75686275 0.51764706 0.47058824
v -0.778334 0.009073 -0.125542 0.69019608 0.48627451 0.47058824
v -0.778343 0.014422 -0.124398 0.78823529 0.55686275 0.50980392
v -0.775692 0.016991 -0.124674 0.84705882 0.63921569 0.59607843
v -0.775644 0.011762 -0.122972 0.74901961 0.50196078 0.47843137
v -0.767669 0.019543 -0.124825 0.88627451 0.65490196 0.61176471
v -0.762326 0.019434 -0.125421 0.89411765 0.65882353 0.61568627
v -0.770267 0.006381 -0.125543 0.30980392 0.29019608 0.28627451
v -0.764893 0.006366 -0.123053 0.23137255 0.23921569 0.23529412
v -0.756850 0.008977 -0.126047 0.66666667 0.53333333 0.51372549
v -0.756922 0.019515 -0.123882 0.92549020 0.66666667 0.61960784
v -0.754220 0.016862 -0.124725 0.91372549 0.65490196 0.60784314
v -0.754162 0.011664 -0.125451 0.77647059 0.54117647 0.51764706
v -0.751502 0.014262 -0.123844 0.87058824 0.61176471 0.57254902
v 0.750372 0.011836 -0.124052 0.70196078 0.50588235 0.49411765
v 0.753064 0.014517 -0.125351 0.76078431 0.54901961 0.52941176
v 0.771885 0.006457 -0.125105 0.63137255 0.47058824 0.45882353
v 0.755755 0.017197 -0.124945 0.78823529 0.55686275 0.52941176
v 0.755750 0.006457 -0.123838 0.64705882 0.47058824 0.44705882
v 0.753061 0.009146 -0.125180 0.65490196 0.43137255 0.41568627
v 0.779952 0.009146 -0.126557 0.65098039 0.46666667 0.47450980
v 0.774573 0.009147 -0.123865 0.63137255 0.47058824 0.45882353
v 0.777263 0.011836 -0.124433 0.68235294 0.43921569 0.43529412
v 0.774573 0.014525 -0.123648 0.68627451 0.44313725 0.43529412
v 0.771890 0.017196 -0.125145 0.69411765 0.45490196 0.44705882
v -0.769821 0.012204 -0.119033 0.73725490 0.50196078 0.45882353
v -0.769610 0.016464 -0.119033 0.81568627 0.56470588 0.52941176
v -0.766889 0.018970 -0.119033 0.82745098 0.67450980 0.62745098
v -0.763433 0.020856 -0.119033 0.86666667 0.66274510 0.60784314
v -0.760064 0.021780 -0.119033 0.88627451 0.66666667 0.61568627
v -0.767307 0.009343 -0.119033 0.64313725 0.48235294 0.45490196
v -0.763527 0.007745 -0.119033 0.37647059 0.32156863 0.32549020
v -0.760406 0.007274 -0.119033 0.27843137 0.26666667 0.27058824
v -0.758768 0.007122 -0.119033 0.22745098 0.23529412 0.24313725
v -0.755069 0.007254 -0.119033 0.31372549 0.30980392 0.31372549
v -0.759288 0.021932 -0.119033 0.90588235 0.66274510 0.61568627
v -0.752745 0.007712 -0.119033 0.41568627 0.38823529 0.39215686
v -0.754442 0.022129 -0.119033 0.92156863 0.66274510 0.61568627
v -0.753856 0.022025 -0.119033 0.92941176 0.64705882 0.60784314
v -0.749875 0.021274 -0.119033 0.95294118 0.67843137 0.63529412
v -0.746956 0.018885 -0.119033 0.91764706 0.66274510 0.63137255
v -0.744692 0.015652 -0.119033 0.90980392 0.64705882 0.61568627
v -0.750739 0.008184 -0.119033 0.55686275 0.46274510 0.45882353
v -0.747132 0.009907 -0.119033 0.72549020 0.52156863 0.50588235
v -0.744951 0.012927 -0.119033 0.86274510 0.56862745 0.54901961
v 0.746765 0.008228 -0.119033 0.61568627 0.45098039 0.42745098
v 0.744080 0.010921 -0.119033 0.70196078 0.50196078 0.48235294
v 0.743250 0.013580 -0.119033 0.75686275 0.54901961 0.51764706
v 0.745035 0.017172 -0.119033 0.81176471 0.58039216 0.54509804
v 0.747803 0.019783 -0.119033 0.85098039 0.60392157 0.57254902
v 0.757695 0.020643 -0.119033 0.86666667 0.57254902 0.54117647
v 0.754177 0.021019 -0.119033 0.86666667 0.59607843 0.56470588
v 0.752056 0.020908 -0.119033 0.88235294 0.62745098 0.60392157
v 0.758924 0.020381 -0.119033 0.85882353 0.54901961 0.51764706
v 0.749692 0.007137 -0.119033 0.71372549 0.51372549 0.47450980
v 0.755996 0.006211 -0.119033 0.82745098 0.62745098 0.50588235
v 0.755536 0.006228 -0.119033 0.83529412 0.63529412 0.51372549
v 0.760918 0.006668 -0.119033 0.75294118 0.55686275 0.48627451
v 0.764879 0.008084 -0.119033 0.68235294 0.52156863 0.47843137
v 0.761510 0.006789 -0.119033 0.70588235 0.52156863 0.47058824
v 0.767622 0.010720 -0.119033 0.69019608 0.48235294 0.46666667
v 0.750751 0.006836 -0.119033 0.84313725 0.63529412 0.55294118
v 0.768342 0.013671 -0.119033 0.68235294 0.43921569 0.42352941
v 0.766255 0.016955 -0.119033 0.58823529 0.42352941 0.43529412
v 0.762879 0.018955 -0.119033 0.79607843 0.49019608 0.49019608
v -0.772955 0.009073 -0.122712 0.69019608 0.49019608 0.46666667
v -0.772958 0.014442 -0.120874 0.78039216 0.52549020 0.49411765
v -0.770266 0.011762 -0.119417 0.70980392 0.49803922 0.45882353
v -0.770280 0.017096 -0.119918 0.86274510 0.65882353 0.61176471
v -0.767633 0.019655 -0.121899 0.85490196 0.64313725 0.60000000
v -0.767577 0.009073 -0.119415 0.54901961 0.42745098 0.40392157
v -0.751507 0.008862 -0.121007 0.67843137 0.54117647 0.53333333
v -0.748825 0.011529 -0.121428 0.79215686 0.54901961 0.52941176
v -0.751576 0.019414 -0.121384 0.94117647 0.67450980 0.63529412
v -0.748843 0.016858 -0.121629 0.91764706 0.65882353 0.61960784
v -0.746165 0.014127 -0.120129 0.89019608 0.60784314 0.57647059
v 0.747683 0.009146 -0.120715 0.62745098 0.45098039 0.43529412
v 0.744994 0.011836 -0.120056 0.70980392 0.50196078 0.48627451
v 0.747683 0.014525 -0.122067 0.77647059 0.54901961 0.52549020
v 0.750372 0.017214 -0.122323 0.81960784 0.58431373 0.56470588
v 0.753061 0.019903 -0.121204 0.86274510 0.61960784 0.58823529
v 0.758441 0.019897 -0.121544 0.83137255 0.56862745 0.54117647
v 0.766521 0.006443 -0.122465 0.71372549 0.54117647 0.50980392
v 0.769195 0.009147 -0.120695 0.60784314 0.47058824 0.46274510
v 0.761157 0.006429 -0.119657 0.80784314 0.60000000 0.50196078
v 0.771885 0.011836 -0.121308 0.64313725 0.43137255 0.41960784
v 0.769195 0.014525 -0.119710 0.66274510 0.43529412 0.42745098
v 0.766508 0.017208 -0.119505 0.60000000 0.42745098 0.43921569
v -0.752869 0.007609 -0.115231 0.57647059 0.44705882 0.43137255
v -0.749966 0.007506 -0.115231 0.67450980 0.49411765 0.47450980
v -0.746955 0.008103 -0.115231 0.74901961 0.52156863 0.49411765
v -0.764374 0.017652 -0.115231 0.87843137 0.63529412 0.56470588
v -0.745666 0.008467 -0.115231 0.80784314 0.55686275 0.52941176
v -0.762342 0.019875 -0.115231 0.86666667 0.69411765 0.63529412
v -0.761335 0.020639 -0.115231 0.87843137 0.66274510 0.60784314
v -0.764188 0.012462 -0.115231 0.70588235 0.49019608 0.47450980
v -0.764751 0.017002 -0.115231 0.79607843 0.55294118 0.50588235
v -0.761456 0.009816 -0.115231 0.65882353 0.48235294 0.46666667
v -0.742100 0.010293 -0.115231 0.85098039 0.58823529 0.57254902
v -0.757512 0.008378 -0.115231 0.47450980 0.38039216 0.37254902
v -0.755864 0.008110 -0.115231 0.43529412 0.36862745 0.36470588
v -0.739328 0.012877 -0.115231 0.91372549 0.64705882 0.62352941
v -0.759047 0.021954 -0.115231 0.89803922 0.66666667 0.61960784
v -0.740887 0.019513 -0.115231 0.92549020 0.67450980 0.65098039
v -0.754729 0.023016 -0.115231 0.90196078 0.66274510 0.61960784
v -0.753525 0.023074 -0.115231 0.91372549 0.65882353 0.61568627
v -0.748851 0.022516 -0.115231 0.90588235 0.65490196 0.60784314
v -0.738729 0.016289 -0.115231 0.93725490 0.68235294 0.65882353
v 0.750168 0.006661 -0.115231 0.74509804 0.53333333 0.49411765
v 0.762085 0.016257 -0.115231 0.70196078 0.45098039 0.44705882
v 0.745425 0.006889 -0.115231 0.71764706 0.51764706 0.48235294
v 0.761346 0.017431 -0.115231 0.71764706 0.43921569 0.42745098
v 0.758936 0.008650 -0.115231 0.64705882 0.46274510 0.44313725
v 0.758551 0.020014 -0.115231 0.89019608 0.55294118 0.50588235
v 0.757284 0.007991 -0.115231 0.73725490 0.52941176 0.47843137
v 0.743965 0.007487 -0.115231 0.70196078 0.50980392 0.48627451
v 0.741804 0.008646 -0.115231 0.68235294 0.50196078 0.49019608
v 0.761944 0.011020 -0.115231 0.70196078 0.46666667 0.43137255
v 0.762805 0.013512 -0.115231 0.74901961 0.46666667 0.42745098
v 0.738926 0.011145 -0.115231 0.67843137 0.51764706 0.47843137
v 0.737727 0.013699 -0.115231 0.73333333 0.56470588 0.52941176
v 0.754899 0.007309 -0.115231 0.78823529 0.56862745 0.51372549
v 0.737831 0.015380 -0.115231 0.82352941 0.62745098 0.58823529
v 0.739069 0.017760 -0.115231 0.88235294 0.66666667 0.61960784
v 0.750613 0.006699 -0.115231 0.78039216 0.56078431 0.51372549
v 0.758016 0.020326 -0.115231 0.89803922 0.55686275 0.51372549
v 0.754740 0.021581 -0.115231 0.89019608 0.59607843 0.55686275
v 0.750923 0.022040 -0.115231 0.89019608 0.61568627 0.58039216
v 0.749763 0.021983 -0.115231 0.87450980 0.61960784 0.58039216
v 0.746121 0.021465 -0.115231 0.86274510 0.62352941 0.57647059
v 0.742598 0.020196 -0.115231 0.87058824 0.63921569 0.58431373
v 0.742214 0.019993 -0.115231 0.87450980 0.64705882 0.58823529
v -0.748781 0.022435 -0.115417 0.91764706 0.66274510 0.61960784
v -0.746118 0.019663 -0.117220 0.91372549 0.65490196 0.62352941
v -0.743448 0.016909 -0.117909 0.90196078 0.65882353 0.63529412
v -0.767580 0.014442 -0.117036 0.76078431 0.50980392 0.47058824
v -0.764890 0.017134 -0.115390 0.87450980 0.61568627 0.54509804
v -0.746118 0.008899 -0.116658 0.79215686 0.53725490 0.50980392
v -0.743436 0.011563 -0.117272 0.88235294 0.60392157 0.58431373
v -0.764888 0.011762 -0.115977 0.69411765 0.49019608 0.47058824
v -0.762199 0.009073 -0.116587 0.63137255 0.47843137 0.46666667
v -0.740745 0.014263 -0.116391 0.92156863 0.65882353 0.64705882
v -0.754176 0.022382 -0.118240 0.91764706 0.66274510 0.61960784
v 0.755750 0.006457 -0.118040 0.79607843 0.59215686 0.50980392
v 0.763832 0.009132 -0.117426 0.63529412 0.47450980 0.44705882
v 0.766506 0.011836 -0.117928 0.72156863 0.48627451 0.46274510
v 0.763817 0.014525 -0.116025 0.70588235 0.49803922 0.49411765
v 0.742305 0.009146 -0.116244 0.68627451 0.50196078 0.49019608
v 0.739616 0.011836 -0.115988 0.68627451 0.52549020 0.48235294
v 0.742305 0.014525 -0.118269 0.78431373 0.58039216 0.54117647
v 0.739616 0.017214 -0.115768 0.87450980 0.65882353 0.61568627
v 0.744994 0.017214 -0.118976 0.81568627 0.58039216 0.54901961
v 0.747683 0.019903 -0.118797 0.85098039 0.60392157 0.57254902
v 0.742305 0.019903 -0.115400 0.87058824 0.64313725 0.58823529
v -0.752045 0.008461 -0.111428 0.66666667 0.47450980 0.44705882
v -0.750543 0.008140 -0.111428 0.69411765 0.49411765 0.46666667
v -0.747176 0.007945 -0.111428 0.76862745 0.52941176 0.49411765
v -0.745034 0.007959 -0.111428 0.81176471 0.56078431 0.53333333
v -0.741437 0.008269 -0.111428 0.81176471 0.56862745 0.54117647
v -0.760228 0.016422 -0.111428 0.83921569 0.55294118 0.47450980
v -0.740196 0.008465 -0.111428 0.80392157 0.56862745 0.54117647
v -0.759959 0.017589 -0.111428 0.86274510 0.58823529 0.51372549
v -0.758901 0.012370 -0.111428 0.77647059 0.51372549 0.45882353
v -0.757711 0.020719 -0.111428 0.88627451 0.67058824 0.63137255
v -0.755909 0.009982 -0.111428 0.71764706 0.48627451 0.44705882
v -0.754222 0.022607 -0.111428 0.89411765 0.65490196 0.60784314
v -0.736277 0.009887 -0.111428 0.87058824 0.61176471 0.58039216
v -0.738062 0.022391 -0.111428 0.94117647 0.67843137 0.62352941
v -0.737957 0.022355 -0.111428 0.94117647 0.67843137 0.62352941
v -0.733439 0.012500 -0.111428 0.91372549 0.64705882 0.61176471
v -0.731830 0.016251 -0.111428 0.94117647 0.69019608 0.64313725
v -0.753921 0.022729 -0.111428 0.89803922 0.64705882 0.60000000
v -0.750030 0.023794 -0.111428 0.89019608 0.64705882 0.59215686
v -0.734496 0.020550 -0.111428 0.94117647 0.68627451 0.63529412
v -0.732089 0.017609 -0.111428 0.94117647 0.69411765 0.65098039
v 0.738568 0.007506 -0.111428 0.72549020 0.53333333 0.50980392
v 0.749632 0.007197 -0.111428 0.76862745 0.54509804 0.50980392
v 0.736036 0.008235 -0.111428 0.73333333 0.54509804 0.51372549
v 0.745224 0.006687 -0.111428 0.75686275 0.54117647 0.50980392
v 0.753490 0.008717 -0.111428 0.80000000 0.56470588 0.52156863
v 0.751845 0.007931 -0.111428 0.80392157 0.56470588 0.52156863
v 0.744726 0.006726 -0.111428 0.73725490 0.53333333 0.50588235
v 0.756593 0.010992 -0.111428 0.77254902 0.53725490 0.49803922
v 0.740385 0.007227 -0.111428 0.72549020 0.52941176 0.50588235
v 0.758139 0.014225 -0.111428 0.84705882 0.58039216 0.54901961
v 0.732954 0.010468 -0.111428 0.69411765 0.53333333 0.49019608
v 0.730838 0.013675 -0.111428 0.75686275 0.58431373 0.54117647
v 0.758188 0.014776 -0.111428 0.92156863 0.63921569 0.62352941
v 0.756938 0.018402 -0.111428 0.87843137 0.58431373 0.54117647
v 0.753946 0.020787 -0.111428 0.90588235 0.58823529 0.54901961
v 0.750940 0.022024 -0.111428 0.91764706 0.61176471 0.57647059
v 0.750059 0.022279 -0.111428 0.89411765 0.62352941 0.58039216
v 0.740484 0.021723 -0.111428 0.90196078 0.65882353 0.60784314
v 0.738578 0.021554 -0.111428 0.91764706 0.68627451 0.63529412
v 0.744912 0.022673 -0.111428 0.89803922 0.63921569 0.59215686
v 0.745111 0.022709 -0.111428 0.89803922 0.63137255 0.58823529
v 0.730682 0.015336 -0.111428 0.86666667 0.66666667 0.61176471
v 0.732858 0.018566 -0.111428 0.90588235 0.69803922 0.63529412
v 0.735808 0.020997 -0.111428 0.92941176 0.70980392 0.65490196
v -0.740728 0.008937 -0.112649 0.83137255 0.58039216 0.55686275
v -0.738041 0.011621 -0.113948 0.90196078 0.63137255 0.60784314
v -0.740741 0.019658 -0.115057 0.92549020 0.67843137 0.65098039
v -0.738057 0.016950 -0.114746 0.94117647 0.68627451 0.65882353
v -0.735336 0.014361 -0.113288 0.92941176 0.66666667 0.62745098
v -0.735368 0.019642 -0.112318 0.94509804 0.69019608 0.64313725
v -0.732650 0.017044 -0.111817 0.94117647 0.69411765 0.64705882
v -0.762222 0.019757 -0.114979 0.87450980 0.69803922 0.63137255
v -0.762199 0.014451 -0.113129 0.76470588 0.50588235 0.47450980
v -0.759510 0.011762 -0.112229 0.70980392 0.49411765 0.46666667
v -0.756824 0.009067 -0.113590 0.60392157 0.44705882 0.42745098
v 0.758439 0.009146 -0.114398 0.65882353 0.45882353 0.43529412
v 0.761128 0.011836 -0.114339 0.71764706 0.46274510 0.43137255
v 0.758439 0.014525 -0.111652 0.91372549 0.63137255 0.61960784
v 0.761128 0.017214 -0.114881 0.72549020 0.44313725 0.42745098
v 0.758439 0.019903 -0.114862 0.88235294 0.54901961 0.50196078
v 0.736936 0.009115 -0.112791 0.74117647 0.55294118 0.52156863
v 0.734245 0.011811 -0.112753 0.69411765 0.53333333 0.49411765
v 0.731573 0.014446 -0.111897 0.79607843 0.61568627 0.56470588
v 0.736939 0.014485 -0.114794 0.79215686 0.60784314 0.56862745
v 0.734243 0.017196 -0.112622 0.88235294 0.67843137 0.62352941
v 0.736938 0.019866 -0.112993 0.91764706 0.69803922 0.64705882
v 0.744994 0.022592 -0.112132 0.88627451 0.63529412 0.58823529
v -0.747426 0.023846 -0.111428 0.90588235 0.65882353 0.61176471
v -0.755339 0.015933 -0.107625 0.78431373 0.48235294 0.41176471
v -0.826278 0.020287 -0.107625 0.83921569 0.51372549 0.52941176
v -0.825671 0.024141 -0.107625 0.87843137 0.57254902 0.57254902
v -0.821559 0.025006 -0.107625 0.90588235 0.62745098 0.60000000
v -0.755055 0.018063 -0.107625 0.84705882 0.52941176 0.45882353
v -0.753537 0.012357 -0.107625 0.78823529 0.50196078 0.44313725
v -0.750381 0.010135 -0.107625 0.77647059 0.51764706 0.46666667
v -0.823880 0.017307 -0.107625 0.83529412 0.49411765 0.49803922
v -0.752596 0.020982 -0.107625 0.87843137 0.62352941 0.55686275
v -0.820476 0.015333 -0.107625 0.78431373 0.45098039 0.45882353
v -0.748760 0.022524 -0.107625 0.87843137 0.65882353 0.60392157
v -0.816161 0.014631 -0.107625 0.78431373 0.47058824 0.49019608
v -0.746447 0.008671 -0.107625 0.78431373 0.52941176 0.49019608
v -0.820934 0.024783 -0.107625 0.90196078 0.63529412 0.60784314
v -0.745435 0.008403 -0.107625 0.79607843 0.54509804 0.50588235
v -0.817268 0.023920 -0.107625 0.91764706 0.66274510 0.63529412
v -0.742055 0.007684 -0.107625 0.80784314 0.56078431 0.52941176
v -0.813813 0.022989 -0.107625 0.87058824 0.56078431 0.56470588
v -0.739127 0.007464 -0.107625 0.81176471 0.56470588 0.52941176
v -0.736683 0.007670 -0.107625 0.81960784 0.57647059 0.54509804
v -0.734419 0.008141 -0.107625 0.82352941 0.58823529 0.54901961
v -0.730022 0.009136 -0.107625 0.87058824 0.61176471 0.58431373
v -0.815742 0.014689 -0.107625 0.79215686 0.47450980 0.49019608
v -0.729785 0.009218 -0.107625 0.87058824 0.61176471 0.58431373
v -0.811591 0.015439 -0.107625 0.85490196 0.52156863 0.51764706
v -0.808500 0.016553 -0.107625 0.83529412 0.49411765 0.50196078
v -0.736163 0.024320 -0.107625 0.92941176 0.67058824 0.61568627
v -0.812880 0.022882 -0.107625 0.87058824 0.54509804 0.55686275
v -0.808085 0.022286 -0.107625 0.83921569 0.50196078 0.52156863
v -0.734208 0.024040 -0.107625 0.91764706 0.65882353 0.60392157
v -0.807446 0.021949 -0.107625 0.83137255 0.49803922 0.51372549
v -0.731746 0.023360 -0.107625 0.86666667 0.65098039 0.59607843
v -0.727668 0.022066 -0.107625 0.95686275 0.71372549 0.66274510
v -0.805194 0.019830 -0.107625 0.80000000 0.45098039 0.45882353
v -0.724578 0.019855 -0.107625 0.94901961 0.70588235 0.64705882
v -0.725776 0.010296 -0.107625 0.89019608 0.61960784 0.59215686
v -0.807743 0.016970 -0.107625 0.81960784 0.47843137 0.49411765
v -0.805195 0.019743 -0.107625 0.80000000 0.45098039 0.45882353
v 0.823805 0.019074 -0.107625 0.77647059 0.52941176 0.50588235
v 0.824507 0.021433 -0.107625 0.83137255 0.57254902 0.55294118
v 0.812777 0.013930 -0.107625 0.68235294 0.44705882 0.45882353
v 0.748160 0.008669 -0.107625 0.80784314 0.56470588 0.52549020
v 0.746543 0.008006 -0.107625 0.79607843 0.56078431 0.52941176
v 0.811754 0.013976 -0.107625 0.68235294 0.45098039 0.45882353
v 0.751430 0.010777 -0.107625 0.83529412 0.57647059 0.53725490
v 0.753427 0.014159 -0.107625 0.87058824 0.59215686 0.55294118
v 0.817565 0.014558 -0.107625 0.72549020 0.45882353 0.45882353
v 0.753548 0.015011 -0.107625 0.91764706 0.62352941 0.58039216
v 0.805785 0.015372 -0.107625 0.65882353 0.41176471 0.43137255
v 0.803869 0.016521 -0.107625 0.67843137 0.41176471 0.42352941
v 0.802491 0.018629 -0.107625 0.72941176 0.44705882 0.45098039
v 0.821144 0.016357 -0.107625 0.75294118 0.49803922 0.48235294
v 0.807423 0.014798 -0.107625 0.65490196 0.42745098 0.44705882
v 0.817664 0.014590 -0.107625 0.72549020 0.45882353 0.45882353
v 0.817994 0.024878 -0.107625 0.84313725 0.64705882 0.60392157
v 0.816687 0.024318 -0.107625 0.87843137 0.65490196 0.61176471
v 0.805071 0.021364 -0.107625 0.79215686 0.51764706 0.50196078
v 0.809313 0.022606 -0.107625 0.83921569 0.57647059 0.56470588
v 0.814039 0.023380 -0.107625 0.86274510 0.60784314 0.58823529
v 0.810002 0.022674 -0.107625 0.84705882 0.58039216 0.57254902
v 0.822512 0.024816 -0.107625 0.79215686 0.60392157 0.58431373
v 0.727185 0.008099 -0.107625 0.81960784 0.62745098 0.60000000
v 0.725573 0.008503 -0.107625 0.83529412 0.63921569 0.61176471
v 0.721710 0.010018 -0.107625 0.80000000 0.61960784 0.57647059
v 0.718758 0.012448 -0.107625 0.85490196 0.67058824 0.60784314
v 0.739673 0.006400 -0.107625 0.77647059 0.56078431 0.53333333
v 0.739543 0.006384 -0.107625 0.76862745 0.56470588 0.53333333
v 0.734283 0.006456 -0.107625 0.74901961 0.55294118 0.52156863
v 0.744135 0.007317 -0.107625 0.76470588 0.54901961 0.51764706
v 0.734201 0.006468 -0.107625 0.72549020 0.54117647 0.50588235
v 0.729882 0.007427 -0.107625 0.78039216 0.59607843 0.56078431
v 0.752017 0.018858 -0.107625 0.91372549 0.61568627 0.57254902
v 0.748686 0.020905 -0.107625 0.91372549 0.60392157 0.56078431
v 0.746119 0.021467 -0.107625 0.93725490 0.62745098 0.56862745
v 0.744296 0.021894 -0.107625 0.92156863 0.65098039 0.60392157
v 0.739674 0.022534 -0.107625 0.91372549 0.66666667 0.61960784
v 0.739562 0.022538 -0.107625 0.91764706 0.68627451 0.63529412
v 0.729808 0.021611 -0.107625 0.91372549 0.70196078 0.62745098
v 0.727413 0.021079 -0.107625 0.91764706 0.70588235 0.63529412
v 0.734159 0.022650 -0.107625 0.91764706 0.69019608 0.63529412
v -0.759510 0.017140 -0.110909 0.84705882 0.56470588 0.49019608
v -0.756821 0.014451 -0.108904 0.77254902 0.47843137 0.42352941
v -0.756821 0.019829 -0.109840 0.87450980 0.61176471 0.56862745
v -0.754133 0.011760 -0.108409 0.76078431 0.49411765 0.44313725
v -0.751448 0.009065 -0.109796 0.72941176 0.49803922 0.45882353
v -0.754132 0.022518 -0.111120 0.88235294 0.62745098 0.57254902
v -0.735325 0.009019 -0.109630 0.84313725 0.60000000 0.56470588
v -0.738027 0.022428 -0.111364 0.92156863 0.66274510 0.61176471
v -0.824047 0.022518 -0.109014 0.86274510 0.52941176 0.53725490
v -0.732628 0.011735 -0.110573 0.90588235 0.63921569 0.60392157
v -0.729947 0.014399 -0.110357 0.92941176 0.67450980 0.63137255
v -0.727242 0.011762 -0.108544 0.90588235 0.63529412 0.60784314
v -0.732640 0.022456 -0.109118 0.92941176 0.67843137 0.63137255
v -0.821358 0.019829 -0.109902 0.79215686 0.45098039 0.48235294
v -0.729945 0.019783 -0.109669 0.94901961 0.70980392 0.66666667
v -0.818669 0.017140 -0.109315 0.79215686 0.45490196 0.48627451
v -0.727251 0.017112 -0.109291 0.93725490 0.68627451 0.63921569
v -0.724553 0.014451 -0.108239 0.92156863 0.67450980 0.62352941
v -0.818669 0.022518 -0.108993 0.87843137 0.60784314 0.58823529
v -0.724553 0.019829 -0.107626 0.94117647 0.70196078 0.64313725
v -0.815980 0.019829 -0.109742 0.83137255 0.52549020 0.51764706
v -0.813305 0.022477 -0.107984 0.86666667 0.54117647 0.55294118
v -0.813291 0.017140 -0.108752 0.80784314 0.47843137 0.47843137
v -0.721863 0.017140 -0.107899 0.93725490 0.69803922 0.64705882
v -0.810618 0.019782 -0.108848 0.82745098 0.46666667 0.49019608
v -0.807913 0.017140 -0.107739 0.81568627 0.47058824 0.48627451
v -0.805238 0.019786 -0.107637 0.80000000 0.45098039 0.45882353
v 0.753061 0.009146 -0.110456 0.81960784 0.57254902 0.53333333
v 0.755750 0.011836 -0.110214 0.84705882 0.58431373 0.54509804
v 0.755750 0.017214 -0.109651 0.90980392 0.62745098 0.59215686
v 0.804259 0.016882 -0.107861 0.68235294 0.41568627 0.42352941
v 0.820287 0.017214 -0.108971 0.76078431 0.50588235 0.49019608
v 0.822976 0.019903 -0.108783 0.77647059 0.52156863 0.50196078
v 0.812242 0.014456 -0.108154 0.69411765 0.45882353 0.46274510
v 0.814922 0.017174 -0.109992 0.76470588 0.49803922 0.49803922
v 0.809604 0.016984 -0.109083 0.75294118 0.50980392 0.50196078
v 0.812267 0.019758 -0.109751 0.81960784 0.55294118 0.53725490
v 0.817598 0.019903 -0.110282 0.82352941 0.55294118 0.53333333
v 0.820287 0.022592 -0.109517 0.84313725 0.60784314 0.58039216
v 0.814936 0.022511 -0.108746 0.85490196 0.58823529 0.56862745
v 0.806980 0.019478 -0.108672 0.75686275 0.47843137 0.47843137
v 0.809630 0.022293 -0.107947 0.83921569 0.56862745 0.56078431
v 0.726185 0.009098 -0.108120 0.84313725 0.64313725 0.61176471
v 0.723496 0.011787 -0.108547 0.81960784 0.63529412 0.58431373
v 0.720804 0.014486 -0.108265 0.87843137 0.69019608 0.62745098
v 0.739616 0.006457 -0.108108 0.74901961 0.54901961 0.51764706
v 0.731569 0.009077 -0.109865 0.71764706 0.55686275 0.50588235
v 0.728922 0.011624 -0.110116 0.75686275 0.58039216 0.54509804
v 0.753061 0.019903 -0.109417 0.90588235 0.60392157 0.55294118
v 0.744994 0.022592 -0.109520 0.90980392 0.63529412 0.58431373
v 0.726187 0.014471 -0.109485 0.87058824 0.67058824 0.61960784
v 0.728879 0.017151 -0.110232 0.90196078 0.70196078 0.63921569
v 0.723496 0.017165 -0.108248 0.89803922 0.69803922 0.63921569
v 0.726187 0.019850 -0.108225 0.90980392 0.70980392 0.64705882
v 0.731563 0.019856 -0.110202 0.90588235 0.70196078 0.64313725
v 0.734247 0.022561 -0.107870 0.92549020 0.70980392 0.66274510
v -0.750401 0.015492 -0.103822 0.81176471 0.51764706 0.44705882
v -0.750298 0.018684 -0.103822 0.81960784 0.51372549 0.43529412
v -0.748323 0.012193 -0.103822 0.81568627 0.53333333 0.47058824
v -0.747626 0.021390 -0.103822 0.86274510 0.57254902 0.50196078
v -0.827242 0.019323 -0.103822 0.75686275 0.49019608 0.48627451
v -0.827723 0.020815 -0.103822 0.78431373 0.52156863 0.51372549
v -0.827790 0.024154 -0.103822 0.76862745 0.52549020 0.50980392
v -0.745296 0.009842 -0.103822 0.81176471 0.54509804 0.49019608
v -0.826967 0.025438 -0.103822 0.77254902 0.53333333 0.51372549
v -0.741928 0.007831 -0.103822 0.80784314 0.55294118 0.51372549
v -0.825365 0.026578 -0.103822 0.70980392 0.50196078 0.47058824
v -0.738628 0.006980 -0.103822 0.81176471 0.56078431 0.52549020
v -0.822890 0.026739 -0.103822 0.76862745 0.52941176 0.51372549
v -0.819813 0.026753 -0.103822 0.76862745 0.53725490 0.51764706
v -0.824703 0.016484 -0.103822 0.74509804 0.47843137 0.47058824
v -0.821379 0.014471 -0.103822 0.73725490 0.47058824 0.46274510
v -0.821351 0.014458 -0.103822 0.74901961 0.46274510 0.46274510
v -0.737520 0.006860 -0.103822 0.81176471 0.56862745 0.53333333
v -0.732765 0.006528 -0.103822 0.80392157 0.56862745 0.53333333
v -0.817313 0.013119 -0.103822 0.76470588 0.46274510 0.46666667
v -0.732481 0.006522 -0.103822 0.77647059 0.55294118 0.52156863
v -0.814343 0.012814 -0.103822 0.78823529 0.47843137 0.47843137
v -0.734755 0.025740 -0.103822 0.90588235 0.65490196 0.60784314
v -0.817082 0.026278 -0.103822 0.76470588 0.52156863 0.50196078
v -0.730261 0.025504 -0.103822 0.94117647 0.68627451 0.65098039
v -0.812202 0.012851 -0.103822 0.79607843 0.49019608 0.47843137
v -0.727337 0.006288 -0.103822 0.80000000 0.56078431 0.53725490
v -0.815130 0.026004 -0.103822 0.81176471 0.54509804 0.53333333
v -0.811379 0.025759 -0.103822 0.78039216 0.51372549 0.49803922
v -0.809821 0.025844 -0.103822 0.80784314 0.53333333 0.52156863
v -0.806315 0.026069 -0.103822 0.83137255 0.56078431 0.54901961
v -0.727160 0.006302 -0.103822 0.80000000 0.55686275 0.54509804
v -0.722313 0.006833 -0.103822 0.82745098 0.57647059 0.54901961
v -0.804266 0.026101 -0.103822 0.89019608 0.62745098 0.61568627
v -0.800618 0.025889 -0.103822 0.89803922 0.60392157 0.59607843
v -0.799223 0.025830 -0.103822 0.89411765 0.57647059 0.58039216
v -0.809163 0.013012 -0.103822 0.83137255 0.51764706 0.50980392
v -0.806377 0.013298 -0.103822 0.81960784 0.51764706 0.50196078
v -0.804397 0.013623 -0.103822 0.84705882 0.54509804 0.53333333
v -0.799849 0.014454 -0.103822 0.92941176 0.63137255 0.62745098
v -0.799841 0.014456 -0.103822 0.92941176 0.63137255 0.62745098
v -0.795386 0.015369 -0.103822 0.92549020 0.63529412 0.63529412
v -0.794823 0.024852 -0.103822 0.87058824 0.54117647 0.54117647
v -0.794020 0.024760 -0.103822 0.87058824 0.54901961 0.54117647
v -0.792789 0.016130 -0.103822 0.92549020 0.64313725 0.64705882
v -0.791299 0.016660 -0.103822 0.92156863 0.64705882 0.64313725
v -0.787948 0.018687 -0.103822 0.91372549 0.63921569 0.61568627
v 0.824526 0.018353 -0.103822 0.78431373 0.55294118 0.51372549
v 0.825711 0.022546 -0.103822 0.79607843 0.58039216 0.54117647
v 0.809105 0.012201 -0.103822 0.67058824 0.44313725 0.45098039
v 0.825698 0.022624 -0.103822 0.80392157 0.59215686 0.55294118
v 0.804883 0.012400 -0.103822 0.66666667 0.43529412 0.44313725
v 0.814187 0.012556 -0.103822 0.69803922 0.46274510 0.45882353
v 0.809966 0.012206 -0.103822 0.69019608 0.45882353 0.45882353
v 0.797485 0.013089 -0.103822 0.63137255 0.43137255 0.43921569
v 0.794998 0.013295 -0.103822 0.64705882 0.43529412 0.42745098
v 0.816056 0.012981 -0.103822 0.71372549 0.47058824 0.46274510
v 0.803425 0.012464 -0.103822 0.65882353 0.43137255 0.43921569
v 0.816801 0.026062 -0.103822 0.85098039 0.62745098 0.58823529
v 0.799807 0.012777 -0.103822 0.65098039 0.42745098 0.43529412
v 0.812471 0.025327 -0.103822 0.85882353 0.62745098 0.58823529
v 0.812102 0.025274 -0.103822 0.85882353 0.62352941 0.58431373
v 0.807091 0.025099 -0.103822 0.85490196 0.61960784 0.58431373
v 0.818365 0.013758 -0.103822 0.73333333 0.48627451 0.47450980
v 0.821870 0.015631 -0.103822 0.76078431 0.51764706 0.49411765
v 0.823466 0.025770 -0.103822 0.80784314 0.60392157 0.56470588
v 0.821987 0.026270 -0.103822 0.81176471 0.61176471 0.57254902
v 0.818477 0.026159 -0.103822 0.82745098 0.61960784 0.57647059
v 0.790805 0.014399 -0.103822 0.69411765 0.45882353 0.44705882
v 0.790675 0.014440 -0.103822 0.69411765 0.45882353 0.44705882
v 0.786985 0.015775 -0.103822 0.74117647 0.47450980 0.47450980
v 0.796588 0.024538 -0.103822 0.92156863 0.65098039 0.62745098
v 0.795551 0.024257 -0.103822 0.92156863 0.65490196 0.62745098
v 0.784379 0.018422 -0.103822 0.83137255 0.56470588 0.54117647
v 0.784824 0.020108 -0.103822 0.85882353 0.59607843 0.56078431
v 0.787709 0.022620 -0.103822 0.89411765 0.63921569 0.58823529
v 0.792209 0.023496 -0.103822 0.91372549 0.65490196 0.61176471
v 0.788962 0.022987 -0.103822 0.89803922 0.65098039 0.59215686
v 0.801637 0.024827 -0.103822 0.87843137 0.62352941 0.58823529
v 0.801563 0.024818 -0.103822 0.87843137 0.62352941 0.58823529
v 0.806790 0.025104 -0.103822 0.85098039 0.60784314 0.57254902
v 0.730161 0.005137 -0.103822 0.78431373 0.59607843 0.56862745
v 0.727343 0.004941 -0.103822 0.76862745 0.58823529 0.56470588
v 0.725103 0.004836 -0.103822 0.78431373 0.60000000 0.57647059
v 0.722312 0.005287 -0.103822 0.80000000 0.61176471 0.58039216
v 0.718172 0.006389 -0.103822 0.83921569 0.64705882 0.60000000
v 0.739673 0.006400 -0.103822 0.79607843 0.57254902 0.54117647
v 0.739485 0.006327 -0.103822 0.78431373 0.57254902 0.54117647
v 0.735288 0.005408 -0.103822 0.78431373 0.58039216 0.54901961
v 0.733032 0.005252 -0.103822 0.78039216 0.58823529 0.55686275
v 0.743091 0.008360 -0.103822 0.80392157 0.56862745 0.53725490
v 0.746211 0.010619 -0.103822 0.83137255 0.57254902 0.54117647
v 0.748334 0.013873 -0.103822 0.86274510 0.58431373 0.55294118
v 0.748609 0.015450 -0.103822 0.91372549 0.58431373 0.56078431
v 0.746812 0.019032 -0.103822 0.93333333 0.62745098 0.58823529
v 0.743497 0.021095 -0.103822 0.93333333 0.64705882 0.60784314
v 0.740133 0.023109 -0.103822 0.92156863 0.67450980 0.61960784
v 0.732645 0.024172 -0.103822 0.91372549 0.68627451 0.62745098
v 0.730406 0.024120 -0.103822 0.91764706 0.69411765 0.62745098
v -0.790371 0.023926 -0.103822 0.86274510 0.54901961 0.53725490
v -0.787455 0.021464 -0.103822 0.89411765 0.58039216 0.56078431
v -0.754132 0.017140 -0.106700 0.81176471 0.49803922 0.41960784
v -0.751444 0.014450 -0.104975 0.80392157 0.50980392 0.44313725
v -0.748755 0.011760 -0.104619 0.80000000 0.52156863 0.46274510
v -0.826736 0.019829 -0.106659 0.81176471 0.51372549 0.51372549
v -0.751443 0.019829 -0.105562 0.86274510 0.55686275 0.47450980
v -0.748754 0.022518 -0.107613 0.87843137 0.65882353 0.60000000
v -0.826736 0.025207 -0.106001 0.88627451 0.60000000 0.58823529
v -0.821358 0.025207 -0.107308 0.89803922 0.62745098 0.60000000
v -0.746074 0.009046 -0.106486 0.79607843 0.53725490 0.49019608
v -0.729931 0.009072 -0.107516 0.86666667 0.61176471 0.58039216
v -0.824047 0.017140 -0.107200 0.77647059 0.47843137 0.47843137
v -0.735321 0.025168 -0.105622 0.89803922 0.65098039 0.60000000
v -0.815980 0.014451 -0.107431 0.78039216 0.47450980 0.48235294
v -0.815999 0.025152 -0.105723 0.90588235 0.64705882 0.62745098
v -0.729939 0.025180 -0.104394 0.87843137 0.65098039 0.60000000
v -0.727254 0.022481 -0.107244 0.89803922 0.67450980 0.61960784
v -0.810602 0.014451 -0.106705 0.89019608 0.56078431 0.54901961
v -0.810672 0.024999 -0.105167 0.89019608 0.57254902 0.58431373
v -0.807945 0.022424 -0.107520 0.83921569 0.50588235 0.52549020
v -0.805265 0.025084 -0.105178 0.88235294 0.61176471 0.60392157
v -0.727242 0.006384 -0.103963 0.80392157 0.56078431 0.54901961
v -0.802548 0.022478 -0.106496 0.89019608 0.55294118 0.54901961
v -0.724553 0.009073 -0.106638 0.87058824 0.60392157 0.57647059
v -0.799858 0.025170 -0.104504 0.89411765 0.58039216 0.57647059
v -0.805224 0.014451 -0.105400 0.89803922 0.59215686 0.58823529
v -0.802535 0.017140 -0.106410 0.87843137 0.54901961 0.53725490
v -0.799846 0.019829 -0.106524 0.85098039 0.49411765 0.49019608
v -0.797157 0.017140 -0.105332 0.92156863 0.60784314 0.60784314
v -0.797157 0.022518 -0.105412 0.86274510 0.49803922 0.50980392
v -0.794468 0.019829 -0.105209 0.90196078 0.56470588 0.57254902
v -0.791779 0.022518 -0.104777 0.85098039 0.52549020 0.52549020
v -0.791779 0.017140 -0.104170 0.92156863 0.64313725 0.64313725
v -0.789090 0.019829 -0.104320 0.90588235 0.61176471 0.59607843
v 0.747683 0.009146 -0.106652 0.82352941 0.56862745 0.53725490
v 0.750372 0.011836 -0.106175 0.85882353 0.58039216 0.54901961
v 0.753061 0.014525 -0.107287 0.88627451 0.59607843 0.56078431
v 0.806915 0.014292 -0.107120 0.64705882 0.42352941 0.44705882
v 0.825665 0.022592 -0.105419 0.80000000 0.58431373 0.55294118
v 0.796136 0.014365 -0.105045 0.65098039 0.43529412 0.43529412
v 0.801524 0.014333 -0.105899 0.64705882 0.41176471 0.42745098
v 0.817598 0.014525 -0.107555 0.71764706 0.46274510 0.46274510
v 0.798849 0.016980 -0.106742 0.69803922 0.44313725 0.44705882
v 0.801584 0.019531 -0.107307 0.75686275 0.47450980 0.47450980
v 0.817603 0.025267 -0.106897 0.83137255 0.62745098 0.59215686
v 0.804290 0.022175 -0.107051 0.81568627 0.54509804 0.51764706
v 0.806958 0.024932 -0.104116 0.84705882 0.62352941 0.59215686
v 0.812283 0.025092 -0.104325 0.86274510 0.63529412 0.60784314
v 0.822976 0.025281 -0.107028 0.80392157 0.60000000 0.56470588
v 0.793476 0.016966 -0.105672 0.75294118 0.50980392 0.49019608
v 0.788129 0.016864 -0.104495 0.77647059 0.49803922 0.49019608
v 0.790819 0.019559 -0.105243 0.83921569 0.57647059 0.54117647
v 0.796182 0.019605 -0.106359 0.82745098 0.56078431 0.54117647
v 0.798908 0.022185 -0.105969 0.87058824 0.58039216 0.56078431
v 0.793511 0.022243 -0.104824 0.90588235 0.63921569 0.60784314
v 0.785469 0.019469 -0.104084 0.85490196 0.58823529 0.55686275
v 0.788154 0.022176 -0.104090 0.89019608 0.63921569 0.58431373
v 0.728870 0.006421 -0.106081 0.77647059 0.59215686 0.56078431
v 0.723491 0.006426 -0.105636 0.81960784 0.62352941 0.59607843
v 0.718104 0.006457 -0.103889 0.83921569 0.65098039 0.60000000
v 0.720802 0.009115 -0.106929 0.86274510 0.66274510 0.61568627
v 0.715415 0.009147 -0.105996 0.77254902 0.61176471 0.56470588
v 0.718112 0.011807 -0.107296 0.87058824 0.68235294 0.61960784
v 0.734248 0.006422 -0.107534 0.76470588 0.56862745 0.53725490
v 0.750372 0.017214 -0.105462 0.90196078 0.59215686 0.55686275
v 0.747683 0.019903 -0.105902 0.92156863 0.61176471 0.56862745
v 0.739616 0.022592 -0.107416 0.92156863 0.67450980 0.62352941
v 0.728873 0.022551 -0.106214 0.92549020 0.70588235 0.61960784
v -0.740496 0.024975 -0.103822 0.89411765 0.63529412 0.57647059
v -0.724560 0.025199 -0.103822 0.86666667 0.64705882 0.59215686
v -0.717367 0.023399 -0.103822 0.86274510 0.67058824 0.62352941
v -0.715990 0.023013 -0.103822 0.90588235 0.69803922 0.65490196
v -0.721241 0.007006 -0.103822 0.83137255 0.58431373 0.55294118
v -0.713759 0.009035 -0.103822 0.90588235 0.66274510 0.62745098
v -0.707287 0.013320 -0.103822 0.93333333 0.71372549 0.65490196
v -0.708715 0.019532 -0.103822 0.94117647 0.73333333 0.67450980
v 0.713335 0.007067 -0.103822 0.65098039 0.51764706 0.49019608
v 0.706039 0.010527 -0.103822 0.82352941 0.64705882 0.59215686
v 0.722246 0.023800 -0.103822 0.91372549 0.69411765 0.64313725
v 0.718566 0.023020 -0.103822 0.90980392 0.70196078 0.64313725
v 0.706173 0.018383 -0.103822 0.91372549 0.70196078 0.65098039
v 0.713533 0.021770 -0.103822 0.92156863 0.71764706 0.66274510
v -0.716485 0.022518 -0.104248 0.95294118 0.73333333 0.68627451
v -0.716485 0.011762 -0.105960 0.91764706 0.67843137 0.63921569
v -0.711107 0.017140 -0.104944 0.94117647 0.73333333 0.67843137
v 0.710036 0.014525 -0.105501 0.89803922 0.69803922 0.64313725
v 0.715420 0.019886 -0.105337 0.92156863 0.71764706 0.66274510
v -0.816942 0.026131 -0.100019 0.61960784 0.40784314 0.38039216
v -0.814846 0.026293 -0.100019 0.71372549 0.47843137 0.45882353
v -0.812129 0.026514 -0.100019 0.72549020 0.47058824 0.43921569
v -0.808780 0.026876 -0.100019 0.72549020 0.48627451 0.45882353
v -0.807353 0.027097 -0.100019 0.78431373 0.52941176 0.50588235
v -0.826152 0.020413 -0.100019 0.65490196 0.45490196 0.43921569
v -0.802569 0.027887 -0.100019 0.80000000 0.53333333 0.50588235
v -0.825453 0.023923 -0.100019 0.67450980 0.47058824 0.45490196
v -0.802516 0.027893 -0.100019 0.80784314 0.53725490 0.50588235
v -0.797351 0.028090 -0.100019 0.81960784 0.54117647 0.50980392
v -0.821883 0.025732 -0.100019 0.55294118 0.39607843 0.38823529
v -0.811871 0.013182 -0.100019 0.72549020 0.43529412 0.41176471
v -0.820671 0.025894 -0.100019 0.57647059 0.40392157 0.39215686
v -0.809328 0.013177 -0.100019 0.75686275 0.45882353 0.43921569
v -0.806435 0.013240 -0.100019 0.75686275 0.46666667 0.44313725
v -0.804054 0.013281 -0.100019 0.78431373 0.49411765 0.47058824
v -0.823880 0.017307 -0.100019 0.65490196 0.45882353 0.43921569
v -0.820608 0.015201 -0.100019 0.70980392 0.46274510 0.45098039
v -0.816685 0.013747 -0.100019 0.72941176 0.45882353 0.44705882
v -0.801015 0.013281 -0.100019 0.81960784 0.52941176 0.50980392
v -0.798555 0.013160 -0.100019 0.85098039 0.56470588 0.55294118
v -0.814966 0.013436 -0.100019 0.73333333 0.45098039 0.43529412
v -0.795782 0.013137 -0.100019 0.84313725 0.56470588 0.54901961
v -0.793239 0.013222 -0.100019 0.83529412 0.56078431 0.54117647
v -0.789952 0.013589 -0.100019 0.83529412 0.56862745 0.54509804
v -0.788357 0.013718 -0.100019 0.83529412 0.57254902 0.54901961
v -0.783814 0.014349 -0.100019 0.86666667 0.60392157 0.58431373
v -0.783651 0.014390 -0.100019 0.87450980 0.61176471 0.58823529
v -0.796943 0.028110 -0.100019 0.84705882 0.56078431 0.52549020
v -0.791999 0.028116 -0.100019 0.85490196 0.56078431 0.52549020
v -0.791582 0.028093 -0.100019 0.87843137 0.57647059 0.54117647
v -0.786517 0.027779 -0.100019 0.92941176 0.61960784 0.59215686
v -0.786229 0.027725 -0.100019 0.92941176 0.61568627 0.59215686
v -0.779517 0.015634 -0.100019 0.92941176 0.65882353 0.63529412
v -0.775875 0.016909 -0.100019 0.92156863 0.66274510 0.62745098
v -0.775551 0.017046 -0.100019 0.90588235 0.65098039 0.61176471
v -0.776978 0.026563 -0.100019 0.90588235 0.60392157 0.57254902
v -0.773753 0.024410 -0.100019 0.89019608 0.57647059 0.55686275
v -0.771927 0.020857 -0.100019 0.91764706 0.64705882 0.61568627
v -0.772848 0.019722 -0.100019 0.91372549 0.65490196 0.61960784
v -0.746839 0.013677 -0.100019 0.82745098 0.54901961 0.49411765
v -0.747988 0.016373 -0.100019 0.84313725 0.56078431 0.50196078
v -0.748397 0.017497 -0.100019 0.85098039 0.56078431 0.50196078
v -0.747453 0.021216 -0.100019 0.83529412 0.52549020 0.45882353
v -0.744708 0.010430 -0.100019 0.82352941 0.55294118 0.50196078
v -0.741533 0.008226 -0.100019 0.81960784 0.55686275 0.50980392
v -0.738520 0.006903 -0.100019 0.81568627 0.56078431 0.51764706
v -0.737766 0.006614 -0.100019 0.81176471 0.56470588 0.52549020
v -0.733572 0.005431 -0.100019 0.81176471 0.56470588 0.53333333
v -0.731359 0.005122 -0.100019 0.81176471 0.56862745 0.53725490
v -0.728741 0.004884 -0.100019 0.80784314 0.56862745 0.54117647
v -0.725794 0.004936 -0.100019 0.81960784 0.57647059 0.54901961
v -0.723279 0.004969 -0.100019 0.82745098 0.58431373 0.55686275
v 0.808890 0.012456 -0.100019 0.68235294 0.45490196 0.45098039
v 0.804720 0.012354 -0.100019 0.67058824 0.44313725 0.44313725
v 0.798499 0.012097 -0.100019 0.65490196 0.44313725 0.44313725
v 0.793432 0.011802 -0.100019 0.65882353 0.44705882 0.44313725
v 0.803697 0.012267 -0.100019 0.66666667 0.43921569 0.44313725
v 0.799062 0.012097 -0.100019 0.65882353 0.44313725 0.44313725
v 0.781426 0.012905 -0.100019 0.66274510 0.45098039 0.44705882
v 0.779246 0.013578 -0.100019 0.66274510 0.44705882 0.43529412
v 0.820804 0.016697 -0.100019 0.75294118 0.51764706 0.48627451
v 0.817704 0.014631 -0.100019 0.73725490 0.49803922 0.47450980
v 0.823137 0.019742 -0.100019 0.75686275 0.53333333 0.48627451
v 0.823286 0.020213 -0.100019 0.76862745 0.55294118 0.48627451
v 0.813567 0.013176 -0.100019 0.71372549 0.47450980 0.46274510
v 0.810359 0.012657 -0.100019 0.70196078 0.46666667 0.45882353
v 0.817559 0.014564 -0.100019 0.72549020 0.48627451 0.46666667
v 0.783581 0.012534 -0.100019 0.66666667 0.45098039 0.44313725
v 0.775270 0.015081 -0.100019 0.66274510 0.42745098 0.41568627
v 0.818069 0.024810 -0.100019 0.74509804 0.57647059 0.54901961
v 0.793391 0.011805 -0.100019 0.66274510 0.44705882 0.43921569
v 0.788500 0.012109 -0.100019 0.64705882 0.43921569 0.42352941
v 0.817139 0.024821 -0.100019 0.84705882 0.61568627 0.56078431
v 0.787552 0.012184 -0.100019 0.64705882 0.44313725 0.43137255
v 0.794406 0.026782 -0.100019 0.88235294 0.63529412 0.60000000
v 0.792558 0.026691 -0.100019 0.89803922 0.64705882 0.60392157
v 0.812492 0.025458 -0.100019 0.86274510 0.61960784 0.57254902
v 0.789235 0.026519 -0.100019 0.90196078 0.65490196 0.60392157
v 0.811938 0.025510 -0.100019 0.86274510 0.61960784 0.57254902
v 0.787121 0.026514 -0.100019 0.90196078 0.67450980 0.61176471
v 0.807741 0.025854 -0.100019 0.85882353 0.61568627 0.56862745
v 0.772847 0.016132 -0.100019 0.70980392 0.47058824 0.45490196
v 0.821585 0.023890 -0.100019 0.82745098 0.63921569 0.57254902
v 0.771669 0.016654 -0.100019 0.73725490 0.49803922 0.47843137
v 0.768745 0.018904 -0.100019 0.80392157 0.54509804 0.52941176
v 0.805841 0.026128 -0.100019 0.84313725 0.60784314 0.56078431
v 0.802915 0.026407 -0.100019 0.85098039 0.60784314 0.56862745
v 0.799897 0.026680 -0.100019 0.87450980 0.62352941 0.58823529
v 0.797864 0.026676 -0.100019 0.88627451 0.63137255 0.59607843
v 0.726423 0.003516 -0.100019 0.80000000 0.61960784 0.58823529
v 0.725897 0.003495 -0.100019 0.80784314 0.62745098 0.59607843
v 0.731239 0.004078 -0.100019 0.79607843 0.60784314 0.57647059
v 0.720922 0.003898 -0.100019 0.81176471 0.62745098 0.59215686
v 0.735482 0.005213 -0.100019 0.80000000 0.58823529 0.56078431
v 0.732055 0.004275 -0.100019 0.79215686 0.59215686 0.56470588
v 0.739326 0.006747 -0.100019 0.81176471 0.58431373 0.55686275
v 0.742300 0.009152 -0.100019 0.82352941 0.58431373 0.55686275
v 0.744452 0.012378 -0.100019 0.85882353 0.59607843 0.56470588
v 0.744815 0.017003 -0.100019 0.89019608 0.61176471 0.57254902
v 0.744548 0.017646 -0.100019 0.92941176 0.62745098 0.58039216
v 0.742960 0.020498 -0.100019 0.92156863 0.65098039 0.60000000
v 0.740190 0.023136 -0.100019 0.91372549 0.67058824 0.61568627
v -0.802546 0.027863 -0.100134 0.84313725 0.56862745 0.54509804
v -0.797157 0.027896 -0.100493 0.90588235 0.61176471 0.58823529
v -0.799846 0.014451 -0.103817 0.88235294 0.58823529 0.58039216
v -0.794468 0.014451 -0.102735 0.91764706 0.63529412 0.63137255
v -0.794468 0.025207 -0.103544 0.87450980 0.55686275 0.54901961
v -0.789090 0.014451 -0.101315 0.91372549 0.64705882 0.62745098
v -0.826736 0.019829 -0.101155 0.71764706 0.48235294 0.47058824
v -0.786401 0.017140 -0.102930 0.92549020 0.65882353 0.64313725
v -0.826736 0.025207 -0.102438 0.72941176 0.50980392 0.49019608
v -0.824047 0.017140 -0.100391 0.70980392 0.47058824 0.45882353
v -0.783712 0.014451 -0.100114 0.91764706 0.64313725 0.62745098
v -0.791779 0.027896 -0.100404 0.92156863 0.62745098 0.59607843
v -0.789090 0.025207 -0.102864 0.87843137 0.56862745 0.55294118
v -0.786401 0.022518 -0.103380 0.88627451 0.56078431 0.54117647
v -0.783712 0.019829 -0.102831 0.90980392 0.63529412 0.61176471
v -0.783712 0.025207 -0.101443 0.87843137 0.54117647 0.52941176
v -0.781023 0.022518 -0.102453 0.90588235 0.60392157 0.58431373
v -0.781023 0.017140 -0.101533 0.92156863 0.66274510 0.63921569
v -0.778334 0.019829 -0.101505 0.93725490 0.66274510 0.63529412
v -0.775645 0.017140 -0.100094 0.92156863 0.66274510 0.62745098
v -0.778334 0.025207 -0.101008 0.89411765 0.59215686 0.56470588
v -0.775644 0.022518 -0.101084 0.92549020 0.63137255 0.60392157
v -0.772956 0.019829 -0.100073 0.91764706 0.65490196 0.61960784
v -0.748754 0.017140 -0.101647 0.81960784 0.52549020 0.45490196
v -0.732620 0.006383 -0.103459 0.80392157 0.56470588 0.53333333
v -0.721864 0.006384 -0.102969 0.83137255 0.58823529 0.55686275
v 0.817598 0.014525 -0.100101 0.72549020 0.48235294 0.46666667
v 0.825665 0.022592 -0.103556 0.80000000 0.58823529 0.53725490
v 0.817598 0.025281 -0.100750 0.82745098 0.61568627 0.56862745
v 0.822976 0.025281 -0.101973 0.81176471 0.60784314 0.56470588
v 0.785413 0.014258 -0.102502 0.69019608 0.45490196 0.45882353
v 0.780021 0.014301 -0.101046 0.67843137 0.45490196 0.44313725
v 0.782747 0.016877 -0.103219 0.77254902 0.52941176 0.50980392
v 0.777363 0.016894 -0.101798 0.72156863 0.47058824 0.45490196
v 0.780078 0.019507 -0.103155 0.84313725 0.57647059 0.54509804
v 0.790761 0.014356 -0.103778 0.69411765 0.45882353 0.44705882
v 0.796206 0.024918 -0.103318 0.92156863 0.65882353 0.63137255
v 0.782785 0.022147 -0.102643 0.87058824 0.60392157 0.57254902
v 0.785483 0.024817 -0.101974 0.90980392 0.65490196 0.60000000
v 0.790844 0.024869 -0.102602 0.90980392 0.66274510 0.61960784
v 0.771969 0.016943 -0.100223 0.74509804 0.49803922 0.48235294
v 0.769324 0.019500 -0.100240 0.81176471 0.54901961 0.52941176
v 0.774696 0.019517 -0.101404 0.78039216 0.52156863 0.49803922
v 0.777418 0.022112 -0.101833 0.83529412 0.56862745 0.53725490
v 0.772025 0.022158 -0.100334 0.85098039 0.59215686 0.55686275
v 0.774740 0.024773 -0.100456 0.85490196 0.60392157 0.56078431
v 0.801604 0.024860 -0.103768 0.86666667 0.61960784 0.58039216
v 0.726171 0.003768 -0.101054 0.79215686 0.60784314 0.58039216
v 0.739617 0.006456 -0.103042 0.80392157 0.58039216 0.54901961
v 0.742307 0.009144 -0.100071 0.81176471 0.57647059 0.54509804
v 0.744995 0.011834 -0.101587 0.83921569 0.58431373 0.55294118
v 0.747683 0.014525 -0.102974 0.87843137 0.59215686 0.56078431
v 0.745002 0.017192 -0.100617 0.90588235 0.61176471 0.57647059
v -0.814743 0.023940 -0.096216 0.56470588 0.39215686 0.40000000
v -0.810818 0.025337 -0.096216 0.61176471 0.41176471 0.38039216
v -0.810209 0.025553 -0.096216 0.61960784 0.41960784 0.38431373
v -0.806777 0.026676 -0.096216 0.64313725 0.44313725 0.39215686
v -0.802746 0.027663 -0.096216 0.73725490 0.45490196 0.41176471
v -0.802398 0.027715 -0.096216 0.74117647 0.45882353 0.41568627
v -0.797714 0.028454 -0.096216 0.76862745 0.49411765 0.45490196
v -0.809576 0.015477 -0.096216 0.67450980 0.38823529 0.35686275
v -0.597153 0.007398 -0.096216 0.87450980 0.86666667 0.88627451
v -0.805799 0.015026 -0.096216 0.69411765 0.40784314 0.37254902
v -0.596127 0.009721 -0.096216 0.88235294 0.87450980 0.89411765
v -0.817462 0.018347 -0.096216 0.68235294 0.50980392 0.47843137
v -0.818000 0.021848 -0.096216 0.53333333 0.43921569 0.42352941
v -0.804818 0.014857 -0.096216 0.70196078 0.42352941 0.38823529
v -0.813926 0.016505 -0.096216 0.65882353 0.43529412 0.40784314
v -0.800351 0.013945 -0.096216 0.75686275 0.47058824 0.44705882
v -0.812054 0.015902 -0.096216 0.63921569 0.38039216 0.35294118
v -0.799127 0.013732 -0.096216 0.78823529 0.50588235 0.48235294
v -0.795631 0.013288 -0.096216 0.74901961 0.47450980 0.45098039
v -0.793031 0.013014 -0.096216 0.73333333 0.46666667 0.43529412
v -0.790621 0.012919 -0.096216 0.75294118 0.49019608 0.45882353
v -0.787422 0.012783 -0.096216 0.76470588 0.50980392 0.47843137
v -0.785412 0.012751 -0.096216 0.78823529 0.53333333 0.50588235
v -0.782226 0.012965 -0.096216 0.82352941 0.56862745 0.54901961
v -0.796436 0.028617 -0.096216 0.80392157 0.52156863 0.48235294
v -0.792882 0.028999 -0.096216 0.80784314 0.51372549 0.46274510
v -0.790380 0.029295 -0.096216 0.81568627 0.52156863 0.47450980
v -0.788049 0.029544 -0.096216 0.86666667 0.56078431 0.52156863
v -0.779578 0.013206 -0.096216 0.77254902 0.53333333 0.50980392
v -0.777282 0.013399 -0.096216 0.76470588 0.53333333 0.50980392
v -0.773718 0.013688 -0.096216 0.78431373 0.55294118 0.52549020
v -0.772457 0.013953 -0.096216 0.80392157 0.57254902 0.54509804
v -0.768763 0.015637 -0.096216 0.83529412 0.59607843 0.56862745
v -0.765224 0.016804 -0.096216 0.85490196 0.60784314 0.58039216
v -0.749299 0.016595 -0.096216 0.87450980 0.60000000 0.55686275
v -0.749460 0.017845 -0.096216 0.90196078 0.62352941 0.58039216
v -0.747293 0.013223 -0.096216 0.85098039 0.57647059 0.52941176
v -0.747249 0.021013 -0.096216 0.88627451 0.60000000 0.54901961
v -0.744576 0.010561 -0.096216 0.82745098 0.56078431 0.51372549
v -0.741369 0.008390 -0.096216 0.81960784 0.56078431 0.51764706
v -0.738009 0.006372 -0.096216 0.81568627 0.56470588 0.52156863
v -0.737963 0.006348 -0.096216 0.81568627 0.56470588 0.52549020
v -0.734173 0.004830 -0.096216 0.81176471 0.56470588 0.52941176
v -0.730614 0.004377 -0.096216 0.81176471 0.56862745 0.53333333
v -0.729280 0.004345 -0.096216 0.81568627 0.57647059 0.54117647
v -0.724681 0.003823 -0.096216 0.81960784 0.58039216 0.54901961
v -0.724468 0.003779 -0.096216 0.82745098 0.59215686 0.55686275
v 0.761198 0.016964 -0.096216 0.76470588 0.53333333 0.49803922
v 0.782476 0.011562 -0.096216 0.66666667 0.45882353 0.44313725
v 0.758426 0.019354 -0.096216 0.80392157 0.56470588 0.53725490
v 0.777577 0.012096 -0.096216 0.65882353 0.45490196 0.43529412
v 0.797896 0.012713 -0.096216 0.66666667 0.45098039 0.44705882
v 0.776883 0.012197 -0.096216 0.64705882 0.44313725 0.42352941
v 0.793685 0.012102 -0.096216 0.67450980 0.45882353 0.45098039
v 0.788162 0.011645 -0.096216 0.67058824 0.45882353 0.44705882
v 0.802298 0.013688 -0.096216 0.67450980 0.45098039 0.44705882
v 0.800172 0.013229 -0.096216 0.67843137 0.45490196 0.45098039
v 0.793146 0.012086 -0.096216 0.67450980 0.45882353 0.44705882
v 0.793958 0.027280 -0.096216 0.79607843 0.60000000 0.56862745
v 0.806585 0.014779 -0.096216 0.68235294 0.45098039 0.44705882
v 0.793056 0.027365 -0.096216 0.88627451 0.63529412 0.59215686
v 0.810771 0.015974 -0.096216 0.70196078 0.47450980 0.45490196
v 0.807309 0.014987 -0.096216 0.68627451 0.45490196 0.44705882
v 0.814283 0.017839 -0.096216 0.74117647 0.50196078 0.47058824
v 0.788308 0.027920 -0.096216 0.90196078 0.63529412 0.59607843
v 0.814341 0.022024 -0.096216 0.84705882 0.58431373 0.51764706
v 0.770626 0.013043 -0.096216 0.63921569 0.44313725 0.41960784
v 0.768431 0.013669 -0.096216 0.65490196 0.45882353 0.43137255
v 0.772792 0.012641 -0.096216 0.65490196 0.44705882 0.42745098
v 0.764682 0.015169 -0.096216 0.71372549 0.49803922 0.47058824
v 0.807159 0.024895 -0.096216 0.85882353 0.61568627 0.55294118
v 0.806713 0.025005 -0.096216 0.85490196 0.61176471 0.55294118
v 0.810675 0.023685 -0.096216 0.88627451 0.63137255 0.57647059
v 0.802421 0.026040 -0.096216 0.80784314 0.59607843 0.55294118
v 0.787908 0.011633 -0.096216 0.67058824 0.45882353 0.44313725
v 0.800138 0.026491 -0.096216 0.85490196 0.60392157 0.56078431
v 0.797826 0.026781 -0.096216 0.85490196 0.60784314 0.56470588
v 0.726831 0.003108 -0.096216 0.80392157 0.62352941 0.59607843
v 0.782876 0.011543 -0.096216 0.67058824 0.45882353 0.44705882
v 0.725296 0.002894 -0.096216 0.80784314 0.62745098 0.59607843
v 0.731470 0.003847 -0.096216 0.80000000 0.61568627 0.58431373
v 0.722009 0.002552 -0.096216 0.80784314 0.63529412 0.60392157
v 0.735694 0.005002 -0.096216 0.80784314 0.59607843 0.56862745
v 0.731670 0.003890 -0.096216 0.80000000 0.60392157 0.57647059
v 0.739017 0.007056 -0.096216 0.81176471 0.58823529 0.56078431
v 0.742054 0.009398 -0.096216 0.82352941 0.58823529 0.55686275
v 0.744640 0.012170 -0.096216 0.83137255 0.58823529 0.56078431
v 0.746327 0.015843 -0.096216 0.85490196 0.60392157 0.56862745
v 0.745943 0.017999 -0.096216 0.87058824 0.62352941 0.57647059
v 0.758348 0.019716 -0.096216 0.83529412 0.58823529 0.55686275
v 0.743320 0.020736 -0.096216 0.88235294 0.63921569 0.58431373
v 0.740283 0.023074 -0.096216 0.90196078 0.66666667 0.61568627
v -0.784335 0.029961 -0.096216 0.89411765 0.58431373 0.55294118
v -0.783198 0.030071 -0.096216 0.94117647 0.63921569 0.60784314
v -0.778877 0.030042 -0.096216 0.92156863 0.66666667 0.61568627
v -0.777797 0.030048 -0.096216 0.92549020 0.67058824 0.61960784
v -0.773692 0.029848 -0.096216 0.92941176 0.64705882 0.61176471
v 0.781716 0.028689 -0.096216 0.86666667 0.66666667 0.64313725
v 0.778660 0.028851 -0.096216 0.84705882 0.65490196 0.63137255
v 0.787827 0.027977 -0.096216 0.89803922 0.64313725 0.60000000
v 0.783547 0.028414 -0.096216 0.89803922 0.65098039 0.60784314
v 0.776196 0.028754 -0.096216 0.87058824 0.63921569 0.60784314
v 0.772798 0.028306 -0.096216 0.86274510 0.66666667 0.61960784
v 0.771523 0.028033 -0.096216 0.88235294 0.66666667 0.61176471
v -0.815988 0.025184 -0.097824 0.57254902 0.40000000 0.40000000
v -0.802547 0.027862 -0.097017 0.76078431 0.49803922 0.46274510
v -0.810602 0.014451 -0.097449 0.69411765 0.39215686 0.36078431
v -0.805224 0.014451 -0.096932 0.73725490 0.45098039 0.42352941
v -0.824047 0.022518 -0.098421 0.52156863 0.38823529 0.36862745
v -0.821358 0.025207 -0.099219 0.52549020 0.39607843 0.38823529
v -0.786401 0.027896 -0.099874 0.90588235 0.59607843 0.56470588
v -0.778334 0.014451 -0.098395 0.84313725 0.59607843 0.56862745
v -0.821358 0.019829 -0.097119 0.65882353 0.48627451 0.45490196
v -0.818669 0.017140 -0.097064 0.68235294 0.48235294 0.45490196
v -0.815980 0.014451 -0.098638 0.69411765 0.44313725 0.42352941
v -0.818669 0.022518 -0.096591 0.51764706 0.43921569 0.42352941
v -0.772955 0.014451 -0.097185 0.85490196 0.61176471 0.58039216
v -0.775644 0.027896 -0.098925 0.90196078 0.60784314 0.56862745
v -0.772955 0.025207 -0.099429 0.88627451 0.56078431 0.54509804
v -0.770266 0.022518 -0.099837 0.92549020 0.62745098 0.60392157
v -0.770266 0.017140 -0.098292 0.90196078 0.66666667 0.62352941
v -0.767577 0.019829 -0.098490 0.91764706 0.66274510 0.62745098
v -0.764888 0.017140 -0.096396 0.89019608 0.63137255 0.60000000
v -0.748754 0.017140 -0.096886 0.86666667 0.58823529 0.53725490
v -0.737998 0.006383 -0.096779 0.81568627 0.56470588 0.52156863
v 0.782687 0.011684 -0.097681 0.66666667 0.45490196 0.44313725
v 0.758568 0.019498 -0.096293 0.83137255 0.58431373 0.55294118
v 0.774607 0.014415 -0.099276 0.66666667 0.44705882 0.43137255
v 0.788052 0.011727 -0.098578 0.66274510 0.45098039 0.43921569
v 0.806843 0.014521 -0.096532 0.67843137 0.45098039 0.44705882
v 0.788122 0.027663 -0.097596 0.89803922 0.64705882 0.60000000
v 0.820287 0.017214 -0.099128 0.74509804 0.50980392 0.47450980
v 0.822976 0.019903 -0.099813 0.74117647 0.52941176 0.46666667
v 0.769211 0.014475 -0.097593 0.70196078 0.48235294 0.45882353
v 0.766593 0.016939 -0.098494 0.76078431 0.52941176 0.50980392
v 0.812220 0.014525 -0.097748 0.71764706 0.48235294 0.46274510
v 0.806879 0.025170 -0.096517 0.83529412 0.60784314 0.55294118
v 0.814909 0.017214 -0.096653 0.73333333 0.49411765 0.46666667
v 0.720793 0.003768 -0.099776 0.81568627 0.63921569 0.60392157
v 0.817598 0.019903 -0.096744 0.75294118 0.49803922 0.46274510
v 0.745010 0.017166 -0.097185 0.89019608 0.62745098 0.58039216
v 0.820287 0.022592 -0.098575 0.89019608 0.63529412 0.56862745
v 0.814909 0.022592 -0.096696 0.90980392 0.61960784 0.54901961
v 0.812234 0.025240 -0.099144 0.87450980 0.62352941 0.56862745
v -0.732980 0.028257 -0.096216 0.91372549 0.65882353 0.61960784
v -0.731977 0.028539 -0.096216 0.92549020 0.66274510 0.62745098
v -0.724123 0.030156 -0.096216 0.87058824 0.65098039 0.59215686
v -0.765865 0.026919 -0.096216 0.87843137 0.57254902 0.53333333
v -0.719320 0.030440 -0.096216 0.80000000 0.60392157 0.56470588
v -0.759990 0.022038 -0.096216 0.93725490 0.65882353 0.62745098
v -0.713769 0.030557 -0.096216 0.65490196 0.49803922 0.48235294
v -0.719095 0.003615 -0.096216 0.84705882 0.61176471 0.57647059
v -0.713831 0.003661 -0.096216 0.85490196 0.62745098 0.59215686
v -0.764742 0.016994 -0.096216 0.84313725 0.59607843 0.56470588
v -0.708637 0.003913 -0.096216 0.85098039 0.64313725 0.59607843
v -0.701746 0.004989 -0.096216 0.82352941 0.62352941 0.56470588
v -0.740641 0.025161 -0.096216 0.90588235 0.64313725 0.59607843
v -0.699368 0.005401 -0.096216 0.82745098 0.63529412 0.59215686
v -0.691239 0.008027 -0.096216 0.83529412 0.64705882 0.60784314
v -0.708487 0.030517 -0.096216 0.72941176 0.55686275 0.52156863
v -0.702698 0.030243 -0.096216 0.76470588 0.60392157 0.56862745
v -0.698300 0.029948 -0.096216 0.85490196 0.68235294 0.64313725
v -0.690136 0.028429 -0.096216 0.81960784 0.67058824 0.64313725
v -0.684791 0.012335 -0.096216 0.92549020 0.88235294 0.90980392
v -0.681462 0.019757 -0.096216 0.91764706 0.91764706 0.92156863
v -0.689328 0.028163 -0.096216 0.87450980 0.73333333 0.70980392
v 0.719623 0.002599 -0.096216 0.81176471 0.64705882 0.61960784
v -0.682990 0.023745 -0.096216 0.93333333 0.92156863 0.93333333
v 0.765805 0.026547 -0.096216 0.92941176 0.67058824 0.63137255
v 0.711357 0.002448 -0.096216 0.80784314 0.65490196 0.62745098
v 0.708784 0.002516 -0.096216 0.78039216 0.64313725 0.61568627
v 0.699586 0.003463 -0.096216 0.78431373 0.69803922 0.68627451
v 0.699038 0.003526 -0.096216 0.81176471 0.76078431 0.76470588
v 0.729625 0.027151 -0.096216 0.89803922 0.69411765 0.62352941
v 0.724164 0.028536 -0.096216 0.90588235 0.68627451 0.62745098
v 0.732599 0.026248 -0.096216 0.91372549 0.69803922 0.63921569
v 0.690492 0.005736 -0.096216 0.82352941 0.81176471 0.82745098
v 0.683337 0.009334 -0.096216 0.75294118 0.74509804 0.76078431
v 0.706104 0.029192 -0.096216 0.88235294 0.67843137 0.60000000
v 0.703107 0.029097 -0.096216 0.87843137 0.67450980 0.59607843
v 0.678525 0.015278 -0.096216 0.83529412 0.83137255 0.85098039
v 0.680141 0.022908 -0.096216 0.91372549 0.90980392 0.92549020
v 0.686826 0.026979 -0.096216 0.90196078 0.89803922 0.90980392
v 0.695859 0.028701 -0.096216 0.81960784 0.74901961 0.72156863
v 0.691396 0.028152 -0.096216 0.84705882 0.84705882 0.85098039
v 0.716928 0.029096 -0.096216 0.92549020 0.68235294 0.60392157
v 0.713979 0.029129 -0.096216 0.92156863 0.68627451 0.61176471
v 0.763288 0.025473 -0.096216 0.91764706 0.66274510 0.61960784
v -0.732620 0.027896 -0.097345 0.90980392 0.65882353 0.61568627
v -0.721864 0.027896 -0.099778 0.83921569 0.63137255 0.57647059
v -0.711107 0.027896 -0.099082 0.79607843 0.60392157 0.55686275
v -0.711107 0.006384 -0.100822 0.85098039 0.61568627 0.58039216
v -0.705729 0.011762 -0.103046 0.92156863 0.70588235 0.63921569
v -0.705729 0.022518 -0.102047 0.91764706 0.70980392 0.65882353
v -0.700351 0.017140 -0.102334 0.93333333 0.74117647 0.67843137
v 0.763983 0.024776 -0.096939 0.90980392 0.65882353 0.61568627
v 0.710036 0.003768 -0.099150 0.83137255 0.64313725 0.60392157
v -0.700351 0.006384 -0.097749 0.85098039 0.64705882 0.59607843
v 0.699280 0.003768 -0.096649 0.83137255 0.77254902 0.78039216
v -0.694973 0.011762 -0.099816 0.91372549 0.69019608 0.65098039
v 0.704658 0.009146 -0.102943 0.66274510 0.52941176 0.49411765
v -0.700351 0.027896 -0.098003 0.88235294 0.69803922 0.66274510
v -0.694973 0.022518 -0.099909 0.93725490 0.73725490 0.67058824
v 0.731563 0.025236 -0.100139 0.91372549 0.69019608 0.62745098
v -0.689599 0.027892 -0.096425 0.89803922 0.74117647 0.71372549
v 0.720812 0.025221 -0.101698 0.91764706 0.68235294 0.61960784
v -0.689595 0.017140 -0.099206 0.87843137 0.71372549 0.65882353
v -0.684220 0.022515 -0.096919 0.93725490 0.91372549 0.92549020
v 0.693902 0.009146 -0.099848 0.70588235 0.69803922 0.72549020
v 0.699280 0.014525 -0.102817 0.86274510 0.77254902 0.74901961
v 0.688524 0.014525 -0.099813 0.82352941 0.81960784 0.83137255
v 0.693902 0.019903 -0.100758 0.88235294 0.87843137 0.88235294
v 0.704661 0.019894 -0.102886 0.90196078 0.70196078 0.65098039
v 0.710049 0.025241 -0.100468 0.89411765 0.70196078 0.63921569
v 0.699283 0.025274 -0.099149 0.86666667 0.72549020 0.67058824
v 0.683146 0.019903 -0.097879 0.87843137 0.87058824 0.89019608
v 0.688524 0.025281 -0.097501 0.89803922 0.89803922 0.90588235
v -0.803037 0.023020 -0.092413 0.70588235 0.46274510 0.44313725
v -0.799890 0.025163 -0.092413 0.68627451 0.42745098 0.38823529
v -0.803473 0.021579 -0.092413 0.70980392 0.49803922 0.47843137
v -0.801246 0.018428 -0.092413 0.68235294 0.48627451 0.47058824
v -0.797847 0.016449 -0.092413 0.55294118 0.34901961 0.35686275
v -0.607378 0.007929 -0.092413 0.85882353 0.85098039 0.87450980
v -0.607924 0.010762 -0.092413 0.87450980 0.86274510 0.88235294
v -0.795529 0.015512 -0.092413 0.63529412 0.37647059 0.34509804
v -0.605105 0.004824 -0.092413 0.85882353 0.84313725 0.87450980
v -0.799800 0.025161 -0.092413 0.66666667 0.42352941 0.38039216
v -0.795977 0.026716 -0.092413 0.69803922 0.44313725 0.38039216
v -0.793853 0.015065 -0.092413 0.64313725 0.38039216 0.33725490
v -0.603038 0.017648 -0.092413 0.91764706 0.90588235 0.92549020
v -0.789407 0.014133 -0.092413 0.68235294 0.42745098 0.38823529
v -0.607717 0.012969 -0.092413 0.89019608 0.88235294 0.90196078
v -0.599718 0.018691 -0.092413 0.91372549 0.90196078 0.92156863
v -0.606902 0.015118 -0.092413 0.90980392 0.89803922 0.92156863
v -0.788657 0.014018 -0.092413 0.69019608 0.43921569 0.40000000
v -0.595939 0.020289 -0.092413 0.89803922 0.89019608 0.90588235
v -0.784705 0.013457 -0.092413 0.70588235 0.46666667 0.43137255
v -0.603747 0.017342 -0.092413 0.91764706 0.90588235 0.92549020
v -0.782598 0.013337 -0.092413 0.73333333 0.49411765 0.47450980
v -0.791930 0.028047 -0.092413 0.74901961 0.47058824 0.41176471
v -0.791473 0.028202 -0.092413 0.75686275 0.47058824 0.41176471
v -0.787862 0.029357 -0.092413 0.80392157 0.49411765 0.44705882
v -0.601812 0.002739 -0.092413 0.85098039 0.83529412 0.86274510
v -0.599240 0.002078 -0.092413 0.83921569 0.83137255 0.85098039
v -0.784107 0.030190 -0.092413 0.82745098 0.52156863 0.47843137
v -0.597377 0.001796 -0.092413 0.83529412 0.82745098 0.84705882
v -0.783432 0.030305 -0.092413 0.85098039 0.55686275 0.50980392
v -0.778520 0.030772 -0.092413 0.85882353 0.56470588 0.51372549
v -0.779657 0.013127 -0.092413 0.69019608 0.46666667 0.45098039
v -0.776705 0.012822 -0.092413 0.70588235 0.48235294 0.46666667
v -0.774669 0.012737 -0.092413 0.71764706 0.49411765 0.47450980
v -0.771732 0.013227 -0.092413 0.73333333 0.51372549 0.49411765
v -0.767615 0.014413 -0.092413 0.72549020 0.50980392 0.49019608
v -0.778134 0.030785 -0.092413 0.85882353 0.56862745 0.51764706
v -0.773174 0.030366 -0.092413 0.86666667 0.56862745 0.51764706
v -0.757024 0.014248 -0.092413 0.83921569 0.58823529 0.55686275
v -0.756540 0.014169 -0.092413 0.85098039 0.59215686 0.55686275
v -0.752679 0.013215 -0.092413 0.85098039 0.59215686 0.54901961
v -0.748908 0.011916 -0.092413 0.84313725 0.58039216 0.53725490
v -0.748690 0.011826 -0.092413 0.83529412 0.57254902 0.52549020
v -0.745220 0.009918 -0.092413 0.82352941 0.56470588 0.52156863
v -0.741744 0.008015 -0.092413 0.81568627 0.56078431 0.52156863
v -0.738414 0.006799 -0.092413 0.80784314 0.56470588 0.52156863
v -0.737792 0.006590 -0.092413 0.80784314 0.56470588 0.52549020
v -0.733884 0.005119 -0.092413 0.81176471 0.56862745 0.52941176
v 0.632927 0.010963 -0.092413 0.87843137 0.86274510 0.87450980
v 0.630498 0.010280 -0.092413 0.88627451 0.87450980 0.88627451
v 0.636476 0.012792 -0.092413 0.85882353 0.84313725 0.85098039
v 0.627728 0.010784 -0.092413 0.89411765 0.88627451 0.90196078
v 0.626436 0.011596 -0.092413 0.89803922 0.89019608 0.90588235
v 0.615191 0.027241 -0.092413 0.90980392 0.89803922 0.91372549
v 0.624332 0.014179 -0.092413 0.90196078 0.89803922 0.91372549
v 0.612930 0.030358 -0.092413 0.89019608 0.88235294 0.89803922
v 0.613007 0.030882 -0.092413 0.89019608 0.88235294 0.90196078
v 0.624241 0.014778 -0.092413 0.90196078 0.90196078 0.91372549
v 0.639835 0.014811 -0.092413 0.83529412 0.82352941 0.83137255
v 0.642182 0.017843 -0.092413 0.85882353 0.84705882 0.85882353
v 0.613834 0.035434 -0.092413 0.90196078 0.89411765 0.90980392
v 0.643738 0.021665 -0.092413 0.87450980 0.87058824 0.88627451
v 0.635957 0.029445 -0.092413 0.94901961 0.94901961 0.96470588
v 0.634065 0.029980 -0.092413 0.94117647 0.94117647 0.95686275
v 0.638232 0.028769 -0.092413 0.94901961 0.95294118 0.96078431
v 0.644038 0.023785 -0.092413 0.90588235 0.90588235 0.91764706
v 0.630078 0.031372 -0.092413 0.90980392 0.90588235 0.92156863
v 0.625721 0.034302 -0.092413 0.92156863 0.91372549 0.92941176
v 0.641611 0.026771 -0.092413 0.94509804 0.94117647 0.95294118
v 0.622693 0.034743 -0.092413 0.93333333 0.92941176 0.94509804
v 0.622664 0.018580 -0.092413 0.92549020 0.91764706 0.92941176
v 0.627107 0.033779 -0.092413 0.91372549 0.90980392 0.92549020
v 0.620637 0.021931 -0.092413 0.93333333 0.92941176 0.93725490
v 0.619313 0.035332 -0.092413 0.92549020 0.92549020 0.93725490
v 0.619453 0.024437 -0.092413 0.93333333 0.92549020 0.94117647
v 0.618739 0.025411 -0.092413 0.92941176 0.92156863 0.93725490
v 0.618046 0.035474 -0.092413 0.91764706 0.91764706 0.92941176
v 0.615969 0.027920 -0.092413 0.91372549 0.90588235 0.92156863
v 0.798324 0.016763 -0.092413 0.69411765 0.46666667 0.45882353
v 0.753673 0.013806 -0.092413 0.76862745 0.54117647 0.51372549
v 0.795373 0.015238 -0.092413 0.69803922 0.47450980 0.46274510
v 0.800024 0.018445 -0.092413 0.69411765 0.45882353 0.44705882
v 0.752277 0.013562 -0.092413 0.79215686 0.56078431 0.53333333
v 0.800512 0.020839 -0.092413 0.70980392 0.45882353 0.43921569
v 0.797105 0.024220 -0.092413 0.83137255 0.56078431 0.51372549
v 0.798829 0.017160 -0.092413 0.69411765 0.46274510 0.45490196
v 0.786993 0.012847 -0.092413 0.68627451 0.47450980 0.45882353
v 0.795662 0.024774 -0.092413 0.85490196 0.58431373 0.53333333
v 0.791726 0.026161 -0.092413 0.91764706 0.61960784 0.58039216
v 0.783169 0.012339 -0.092413 0.69019608 0.48235294 0.46274510
v 0.788761 0.027113 -0.092413 0.91764706 0.63529412 0.59607843
v 0.787759 0.027453 -0.092413 0.90980392 0.63529412 0.60000000
v 0.776813 0.012284 -0.092413 0.63921569 0.44313725 0.42352941
v 0.772035 0.011987 -0.092413 0.60392157 0.42352941 0.40000000
v 0.771720 0.012000 -0.092413 0.58039216 0.41176471 0.38431373
v 0.782228 0.012235 -0.092413 0.68235294 0.47843137 0.45490196
v 0.767370 0.012642 -0.092413 0.58039216 0.41176471 0.38431373
v 0.777749 0.012312 -0.092413 0.66274510 0.45882353 0.43921569
v 0.765034 0.013214 -0.092413 0.60784314 0.43529412 0.40392157
v 0.781392 0.029048 -0.092413 0.89019608 0.63529412 0.60392157
v 0.791370 0.013862 -0.092413 0.69019608 0.47058824 0.45882353
v 0.789571 0.013364 -0.092413 0.69019608 0.47450980 0.45882353
v 0.779079 0.029455 -0.092413 0.88235294 0.63921569 0.61568627
v 0.783575 0.028558 -0.092413 0.89411765 0.63137255 0.59215686
v 0.775302 0.029735 -0.092413 0.89019608 0.63529412 0.61176471
v 0.774133 0.029832 -0.092413 0.89411765 0.64313725 0.61568627
v 0.770389 0.029200 -0.092413 0.90588235 0.63921569 0.60392157
v 0.799174 0.022908 -0.092413 0.79607843 0.52156863 0.47843137
v 0.742505 0.008946 -0.092413 0.81176471 0.58431373 0.55294118
v 0.741229 0.008065 -0.092413 0.81176471 0.58823529 0.55686275
v 0.745761 0.011048 -0.092413 0.80392157 0.57254902 0.54509804
v 0.739279 0.006794 -0.092413 0.80784314 0.59215686 0.56470588
v 0.749451 0.012722 -0.092413 0.80784314 0.57254902 0.54509804
v -0.805224 0.025207 -0.093964 0.65098039 0.43137255 0.41176471
v -0.799846 0.025207 -0.092450 0.69019608 0.43137255 0.38823529
v -0.797157 0.027896 -0.094372 0.72549020 0.45490196 0.40784314
v -0.807913 0.017140 -0.094718 0.69019608 0.45098039 0.41568627
v -0.606234 0.009073 -0.093067 0.87058824 0.85882353 0.87843137
v -0.805224 0.019829 -0.093084 0.69019608 0.50196078 0.47450980
v -0.603545 0.006384 -0.093840 0.86666667 0.85490196 0.87450980
v -0.603545 0.017140 -0.092523 0.91764706 0.90588235 0.92549020
v -0.802535 0.017140 -0.093360 0.61568627 0.40784314 0.40000000
v -0.600856 0.014451 -0.093638 0.90980392 0.89803922 0.91764706
v -0.799846 0.014451 -0.095070 0.70980392 0.43137255 0.39607843
v -0.606235 0.014451 -0.092712 0.90588235 0.89803922 0.91764706
v -0.794468 0.014451 -0.093268 0.69019608 0.42745098 0.39215686
v -0.598167 0.017140 -0.093232 0.90980392 0.90196078 0.91764706
v -0.603545 0.011762 -0.093686 0.89019608 0.87843137 0.89803922
v -0.598167 0.011762 -0.094835 0.89411765 0.88235294 0.89803922
v -0.600856 0.009073 -0.094975 0.87450980 0.86666667 0.87843137
v -0.595478 0.014451 -0.095085 0.90588235 0.89411765 0.90980392
v -0.778333 0.030585 -0.094164 0.89411765 0.61176471 0.56470588
v -0.595478 0.019829 -0.092702 0.90196078 0.89019608 0.90980392
v -0.767577 0.014451 -0.092520 0.79215686 0.56078431 0.53333333
v -0.756821 0.014451 -0.092644 0.87450980 0.61176471 0.58039216
v -0.815980 0.019829 -0.095421 0.64313725 0.49411765 0.47450980
v -0.813291 0.022517 -0.094998 0.55294118 0.37254902 0.37254902
v -0.813291 0.017140 -0.095645 0.72549020 0.49803922 0.47450980
v -0.810602 0.019829 -0.094361 0.69411765 0.48235294 0.45098039
v -0.754132 0.017140 -0.094475 0.89411765 0.62352941 0.58431373
v -0.810624 0.025143 -0.095923 0.59215686 0.40392157 0.37647059
v -0.751443 0.014451 -0.093947 0.86274510 0.59607843 0.55294118
v -0.751443 0.019829 -0.094537 0.94117647 0.67450980 0.63529412
v -0.807913 0.022518 -0.093692 0.66274510 0.44313725 0.41960784
v -0.748754 0.022518 -0.094232 0.94509804 0.66274510 0.61960784
v -0.737998 0.006383 -0.093810 0.81176471 0.56470588 0.52156863
v -0.600856 0.003695 -0.093444 0.85882353 0.84705882 0.86666667
v -0.598167 0.006384 -0.095778 0.86666667 0.85882353 0.87843137
v -0.595478 0.003695 -0.094673 0.85882353 0.84705882 0.86666667
v 0.632054 0.011836 -0.092977 0.89803922 0.88235294 0.89803922
v 0.634743 0.014525 -0.093626 0.90588235 0.90196078 0.91372549
v 0.626676 0.011836 -0.092545 0.89803922 0.89019608 0.90588235
v 0.629365 0.014525 -0.093669 0.91372549 0.90980392 0.92549020
v 0.615920 0.027970 -0.092541 0.91372549 0.90588235 0.92156863
v 0.613231 0.030659 -0.092469 0.89411765 0.88627451 0.90196078
v 0.618609 0.030659 -0.092992 0.92941176 0.92549020 0.93725490
v 0.615920 0.033348 -0.092718 0.91372549 0.90588235 0.92156863
v 0.632054 0.017214 -0.094401 0.93333333 0.92941176 0.94509804
v 0.629365 0.019903 -0.094334 0.90588235 0.90196078 0.91764706
v 0.632054 0.022592 -0.094380 0.92156863 0.92156863 0.93333333
v 0.626676 0.017214 -0.093429 0.90196078 0.89803922 0.90588235
v 0.637450 0.017197 -0.094167 0.91372549 0.90980392 0.92156863
v 0.640139 0.019885 -0.094121 0.91372549 0.90588235 0.91764706
v 0.626676 0.022592 -0.093734 0.91372549 0.90588235 0.92156863
v 0.629365 0.025281 -0.093758 0.90588235 0.90196078 0.92156863
v 0.634743 0.025281 -0.093692 0.93725490 0.93725490 0.95294118
v 0.632054 0.027970 -0.093189 0.91764706 0.91372549 0.92941176
v 0.642828 0.022575 -0.092733 0.90588235 0.90196078 0.91372549
v 0.623987 0.025281 -0.093357 0.92941176 0.92549020 0.94117647
v 0.626676 0.027970 -0.093502 0.90588235 0.90196078 0.92156863
v 0.629365 0.030659 -0.092710 0.90196078 0.89803922 0.91372549
v 0.634743 0.019903 -0.094923 0.94117647 0.94117647 0.95294118
v 0.637432 0.027970 -0.092737 0.94901961 0.94901961 0.96470588
v 0.637432 0.022592 -0.094648 0.93333333 0.93333333 0.94901961
v 0.621298 0.027970 -0.093210 0.94117647 0.93725490 0.94901961
v 0.623987 0.030659 -0.093367 0.93333333 0.92941176 0.94509804
v 0.640121 0.025281 -0.093102 0.94117647 0.94117647 0.94901961
v 0.626676 0.033348 -0.092663 0.90980392 0.90588235 0.92156863
v 0.621298 0.033348 -0.092832 0.94117647 0.93725490 0.95294118
v 0.623987 0.019903 -0.092977 0.92156863 0.91764706 0.92941176
v 0.621298 0.022592 -0.092657 0.93725490 0.93333333 0.94117647
v 0.753110 0.014365 -0.092900 0.79607843 0.56470588 0.53725490
v 0.796086 0.014525 -0.093145 0.68235294 0.46274510 0.45490196
v 0.801469 0.019886 -0.092676 0.67450980 0.43529412 0.42352941
v 0.796106 0.025221 -0.092922 0.87843137 0.60784314 0.54901961
v 0.801465 0.014522 -0.095048 0.68627451 0.45882353 0.45098039
v 0.788088 0.027765 -0.093493 0.90588235 0.63529412 0.59607843
v 0.804158 0.017200 -0.093934 0.68235294 0.45098039 0.44313725
v 0.763867 0.014362 -0.094478 0.68235294 0.48235294 0.45098039
v 0.809531 0.017214 -0.095251 0.69019608 0.46666667 0.45098039
v 0.812220 0.019903 -0.095155 0.69019608 0.48235294 0.45098039
v 0.806847 0.019888 -0.094061 0.68235294 0.45098039 0.44313725
v 0.804169 0.022543 -0.093732 0.80784314 0.53333333 0.48627451
v 0.809539 0.022567 -0.095128 0.84313725 0.56862745 0.50980392
v 0.801500 0.025172 -0.094543 0.87058824 0.61176471 0.55294118
v 0.788039 0.011771 -0.095318 0.67450980 0.46666667 0.45098039
v 0.742310 0.009142 -0.093491 0.81960784 0.58823529 0.55686275
v 0.782655 0.011788 -0.093797 0.67450980 0.46666667 0.44705882
v 0.745007 0.011802 -0.094576 0.81960784 0.58431373 0.55294118
v 0.747708 0.014448 -0.094444 0.82352941 0.58431373 0.55686275
v 0.750445 0.016979 -0.093824 0.81960784 0.58431373 0.56470588
v 0.747762 0.019653 -0.094695 0.85098039 0.60392157 0.57254902
v 0.745061 0.022383 -0.093788 0.87450980 0.63529412 0.58431373
v 0.742379 0.025051 -0.092669 0.90588235 0.66274510 0.62352941
v -0.789509 0.019410 -0.088610 0.67058824 0.47058824 0.43529412
v -0.790542 0.021281 -0.088610 0.74509804 0.53725490 0.49803922
v -0.612002 0.036352 -0.088610 0.89019608 0.87843137 0.90196078
v -0.609281 0.038302 -0.088610 0.89411765 0.88235294 0.90588235
v -0.622445 0.019752 -0.088610 0.86274510 0.84705882 0.87450980
v -0.608905 0.038500 -0.088610 0.89411765 0.88235294 0.90588235
v -0.786631 0.016909 -0.088610 0.61960784 0.41960784 0.38823529
v -0.622478 0.019935 -0.088610 0.86274510 0.84705882 0.87450980
v -0.622244 0.025082 -0.088610 0.87058824 0.85490196 0.87843137
v -0.604507 0.039463 -0.088610 0.90196078 0.88627451 0.91372549
v -0.785819 0.016558 -0.088610 0.50588235 0.34117647 0.33333333
v -0.789763 0.024534 -0.088610 0.80392157 0.52941176 0.48627451
v -0.620234 0.016584 -0.088610 0.85490196 0.83921569 0.86274510
v -0.602745 0.039460 -0.088610 0.90588235 0.89411765 0.91764706
v -0.617177 0.014265 -0.088610 0.85098039 0.83921569 0.86274510
v -0.598931 0.039281 -0.088610 0.92156863 0.90980392 0.92549020
v -0.597788 0.039039 -0.088610 0.91764706 0.90980392 0.92549020
v -0.611791 0.003516 -0.088610 0.83529412 0.82352941 0.85098039
v -0.593049 0.038408 -0.088610 0.91764706 0.90588235 0.92549020
v -0.789138 0.025256 -0.088610 0.80784314 0.51372549 0.47450980
v -0.787881 0.026415 -0.088610 0.78039216 0.47843137 0.44705882
v -0.612446 0.004528 -0.088610 0.83529412 0.81960784 0.85098039
v -0.608915 0.001014 -0.088610 0.83529412 0.81960784 0.85098039
v -0.786188 0.027683 -0.088610 0.77647059 0.47843137 0.43921569
v -0.608953 0.001035 -0.088610 0.83529412 0.81960784 0.85098039
v -0.782428 0.029301 -0.088610 0.76078431 0.47058824 0.41176471
v -0.605000 -0.000449 -0.088610 0.82745098 0.81176471 0.84313725
v -0.778674 0.030245 -0.088610 0.78039216 0.47843137 0.40784314
v -0.601815 -0.000725 -0.088610 0.82352941 0.80784314 0.83529412
v -0.599997 -0.000825 -0.088610 0.81568627 0.80392157 0.82745098
v -0.778076 0.030327 -0.088610 0.78823529 0.48627451 0.41568627
v -0.614793 0.011271 -0.088610 0.85098039 0.83921569 0.86274510
v -0.782629 0.015534 -0.088610 0.62745098 0.42745098 0.41176471
v -0.778702 0.014082 -0.088610 0.64705882 0.43921569 0.42352941
v -0.613447 0.007238 -0.088610 0.83921569 0.82745098 0.85490196
v -0.595919 -0.001243 -0.088610 0.80392157 0.79607843 0.81568627
v -0.777707 0.013824 -0.088610 0.64705882 0.43921569 0.42745098
v -0.774134 0.013273 -0.088610 0.66666667 0.44313725 0.42352941
v -0.771716 0.013212 -0.088610 0.62352941 0.41960784 0.40784314
v -0.622153 0.025423 -0.088610 0.87058824 0.85490196 0.87843137
v -0.620593 0.028809 -0.088610 0.90196078 0.88235294 0.90980392
v -0.768694 0.013334 -0.088610 0.64313725 0.44705882 0.43529412
v -0.617111 0.030705 -0.088610 0.91764706 0.90588235 0.92941176
v -0.773079 0.030708 -0.088610 0.83137255 0.52941176 0.47058824
v -0.772838 0.030703 -0.088610 0.84313725 0.54117647 0.48235294
v -0.616661 0.030915 -0.088610 0.91764706 0.90588235 0.92941176
v -0.614133 0.033105 -0.088610 0.90196078 0.89019608 0.91372549
v -0.758810 0.012461 -0.088610 0.81568627 0.56862745 0.53725490
v -0.613899 0.033677 -0.088610 0.89803922 0.88627451 0.90980392
v -0.754322 0.011572 -0.088610 0.81176471 0.56470588 0.52941176
v -0.753802 0.011432 -0.088610 0.81568627 0.56862745 0.52941176
v -0.750172 0.010343 -0.088610 0.82745098 0.57254902 0.53333333
v -0.746347 0.009354 -0.088610 0.81568627 0.56470588 0.52156863
v -0.745883 0.009254 -0.088610 0.81176471 0.56078431 0.51764706
v -0.741813 0.007946 -0.088610 0.80392157 0.56078431 0.51764706
v -0.738177 0.006563 -0.088610 0.80392157 0.56078431 0.51764706
v -0.737902 0.006480 -0.088610 0.80392157 0.56470588 0.52549020
v -0.733549 0.005455 -0.088610 0.80784314 0.56862745 0.53333333
v 0.623410 0.004345 -0.088610 0.85882353 0.84705882 0.85490196
v 0.619955 0.005115 -0.088610 0.85490196 0.84313725 0.85882353
v 0.615974 0.006404 -0.088610 0.87450980 0.85882353 0.87843137
v 0.615894 0.006431 -0.088610 0.87450980 0.86274510 0.87843137
v 0.632923 0.005589 -0.088610 0.81176471 0.79607843 0.80784314
v 0.630071 0.004475 -0.088610 0.81176471 0.80000000 0.80784314
v 0.628928 0.004205 -0.088610 0.81960784 0.80784314 0.81568627
v 0.624399 0.004181 -0.088610 0.85098039 0.83921569 0.85098039
v 0.636464 0.007425 -0.088610 0.81176471 0.80000000 0.80784314
v 0.639651 0.009617 -0.088610 0.81568627 0.80392157 0.81960784
v 0.593228 0.007637 -0.088610 0.85098039 0.83921569 0.85882353
v 0.596303 0.009939 -0.088610 0.86666667 0.85490196 0.87450980
v 0.633009 0.037771 -0.088610 0.94117647 0.94117647 0.95294118
v 0.648398 0.017006 -0.088610 0.86274510 0.85490196 0.87450980
v 0.631443 0.038115 -0.088610 0.93725490 0.93725490 0.94509804
v 0.627612 0.039662 -0.088610 0.94901961 0.94117647 0.94901961
v 0.644388 0.034926 -0.088610 0.95294118 0.95686275 0.96470588
v 0.646902 0.015830 -0.088610 0.85490196 0.84313725 0.86274510
v 0.640705 0.036620 -0.088610 0.95686275 0.96078431 0.96862745
v 0.650972 0.019810 -0.088610 0.88627451 0.88235294 0.89803922
v 0.639172 0.036987 -0.088610 0.95294118 0.95686275 0.96470588
v 0.636153 0.037447 -0.088610 0.94901961 0.95294118 0.96078431
v 0.659935 0.018085 -0.088610 0.89411765 0.88627451 0.90588235
v 0.656997 0.020544 -0.088610 0.85490196 0.85098039 0.87058824
v 0.624031 0.041459 -0.088610 0.95294118 0.94117647 0.94901961
v 0.654600 0.021560 -0.088610 0.87450980 0.86666667 0.88235294
v 0.623905 0.041497 -0.088610 0.95294118 0.94117647 0.94901961
v 0.609498 0.045148 -0.088610 0.90588235 0.90196078 0.90980392
v 0.619694 0.042500 -0.088610 0.93725490 0.92549020 0.93725490
v 0.642509 0.012138 -0.088610 0.83137255 0.82352941 0.83921569
v 0.645336 0.014689 -0.088610 0.84705882 0.83529412 0.85098039
v 0.616788 0.043236 -0.088610 0.92549020 0.91764706 0.92941176
v 0.605775 0.044715 -0.088610 0.90196078 0.89411765 0.90980392
v 0.615332 0.043517 -0.088610 0.92156863 0.90980392 0.92156863
v 0.611247 0.044809 -0.088610 0.90588235 0.89803922 0.90980392
v 0.601286 0.037226 -0.088610 0.90588235 0.89803922 0.91372549
v 0.597440 0.036380 -0.088610 0.90588235 0.89803922 0.91372549
v 0.596755 0.036378 -0.088610 0.90588235 0.89803922 0.91764706
v 0.659947 0.032345 -0.088610 0.93725490 0.94117647 0.95294118
v 0.593536 0.037854 -0.088610 0.91372549 0.90588235 0.92156863
v 0.657622 0.032026 -0.088610 0.93333333 0.93725490 0.95686275
v 0.655143 0.031772 -0.088610 0.92941176 0.93333333 0.95294118
v 0.602125 0.041065 -0.088610 0.90588235 0.89411765 0.91372549
v 0.651811 0.031592 -0.088610 0.90980392 0.91372549 0.93333333
v 0.604924 0.044344 -0.088610 0.90196078 0.89411765 0.90980392
v 0.602356 0.041534 -0.088610 0.90588235 0.89411765 0.91372549
v 0.649402 0.032134 -0.088610 0.91764706 0.91764706 0.93725490
v 0.647741 0.032900 -0.088610 0.92941176 0.93333333 0.94901961
v 0.609537 0.007462 -0.088610 0.87843137 0.86274510 0.89019608
v 0.605654 0.006948 -0.088610 0.85098039 0.83921569 0.85882353
v 0.611810 0.007726 -0.088610 0.88627451 0.87058824 0.89803922
v 0.603548 0.008073 -0.088610 0.87058824 0.85490196 0.87450980
v 0.602340 0.009012 -0.088610 0.89411765 0.87843137 0.89803922
v 0.599095 0.011145 -0.088610 0.88627451 0.87843137 0.89803922
v 0.784321 0.015529 -0.088610 0.70588235 0.49803922 0.47450980
v 0.787366 0.017861 -0.088610 0.72941176 0.52549020 0.50196078
v 0.788734 0.021854 -0.088610 0.76862745 0.50980392 0.47843137
v 0.788278 0.022768 -0.088610 0.81960784 0.52549020 0.49803922
v 0.785733 0.025534 -0.088610 0.83921569 0.52156863 0.49019608
v 0.771078 0.012642 -0.088610 0.49411765 0.36078431 0.32941176
v 0.767517 0.012847 -0.088610 0.50588235 0.37254902 0.33725490
v 0.772757 0.012708 -0.088610 0.56862745 0.40392157 0.37647059
v 0.765454 0.012888 -0.088610 0.58039216 0.41960784 0.38431373
v 0.783724 0.026803 -0.088610 0.88235294 0.56862745 0.52549020
v 0.782347 0.027502 -0.088610 0.89803922 0.59607843 0.54901961
v 0.778363 0.028860 -0.088610 0.89411765 0.61176471 0.59607843
v 0.775744 0.029370 -0.088610 0.90980392 0.61960784 0.61176471
v 0.773760 0.029563 -0.088610 0.92941176 0.63921569 0.62745098
v 0.769950 0.029716 -0.088610 0.89803922 0.60784314 0.57647059
v 0.751332 0.010839 -0.088610 0.76862745 0.54509804 0.51372549
v 0.749266 0.010684 -0.088610 0.78431373 0.56078431 0.52941176
v 0.755707 0.011830 -0.088610 0.75686275 0.53333333 0.50196078
v 0.742951 0.008501 -0.088610 0.80000000 0.58039216 0.55294118
v 0.740139 0.006977 -0.088610 0.80784314 0.58823529 0.55686275
v 0.775910 0.013188 -0.088610 0.62352941 0.43921569 0.41176471
v 0.746663 0.010150 -0.088610 0.78823529 0.56862745 0.53725490
v 0.739462 0.006611 -0.088610 0.80392157 0.59215686 0.56078431
v 0.780049 0.014427 -0.088610 0.68627451 0.47843137 0.45490196
v 0.779775 0.014348 -0.088610 0.66666667 0.46666667 0.43921569
v -0.767780 0.030788 -0.088610 0.84705882 0.54509804 0.48235294
v -0.762362 0.030423 -0.088610 0.83529412 0.53725490 0.47450980
v -0.762021 0.030407 -0.088610 0.87450980 0.58431373 0.52941176
v -0.757122 0.030284 -0.088610 0.89411765 0.60784314 0.56078431
v -0.756526 0.030290 -0.088610 0.91372549 0.63529412 0.58823529
v -0.766463 0.013337 -0.088610 0.69803922 0.48627451 0.47058824
v -0.763555 0.013095 -0.088610 0.76078431 0.53333333 0.50980392
v -0.760393 0.012644 -0.088610 0.80392157 0.56470588 0.53725490
v 0.762080 0.012680 -0.088610 0.64313725 0.45882353 0.42745098
v 0.760426 0.012483 -0.088610 0.72156863 0.50980392 0.47843137
v 0.755862 0.011857 -0.088610 0.74509804 0.52549020 0.49411765
v 0.768589 0.029667 -0.088610 0.89803922 0.60392157 0.56862745
v 0.759279 0.029479 -0.088610 0.90980392 0.69019608 0.62745098
v 0.757950 0.029545 -0.088610 0.91372549 0.65882353 0.61176471
v 0.764878 0.029357 -0.088610 0.90980392 0.61960784 0.58039216
v 0.763007 0.029328 -0.088610 0.91372549 0.63137255 0.59215686
v -0.802535 0.022518 -0.092164 0.65882353 0.45882353 0.43529412
v -0.622369 0.019827 -0.088657 0.86274510 0.84705882 0.87450980
v -0.799846 0.019829 -0.091607 0.74509804 0.53725490 0.50980392
v -0.600856 0.019829 -0.091853 0.91764706 0.90588235 0.92156863
v -0.619680 0.022518 -0.089746 0.87058824 0.85490196 0.88235294
v -0.598167 0.022518 -0.091331 0.89803922 0.89019608 0.90588235
v -0.797157 0.017140 -0.091752 0.69019608 0.47058824 0.45098039
v -0.611613 0.035963 -0.088805 0.89019608 0.87843137 0.90196078
v -0.797157 0.022518 -0.090746 0.72549020 0.50196078 0.46274510
v -0.608924 0.033274 -0.089582 0.89019608 0.87843137 0.90196078
v -0.606300 0.035903 -0.089685 0.88627451 0.87450980 0.89803922
v -0.794468 0.019829 -0.089916 0.71764706 0.51372549 0.47843137
v -0.603621 0.038585 -0.088979 0.89803922 0.88235294 0.90588235
v -0.794468 0.025207 -0.090734 0.70196078 0.44705882 0.40392157
v -0.619680 0.017138 -0.088933 0.85490196 0.83921569 0.86274510
v -0.791779 0.022518 -0.088960 0.80784314 0.56862745 0.52549020
v -0.616991 0.014451 -0.088723 0.85098039 0.83921569 0.86274510
v -0.606235 0.030585 -0.089389 0.89019608 0.87843137 0.89803922
v -0.616991 0.019829 -0.090102 0.87058824 0.85882353 0.87843137
v -0.603602 0.033223 -0.089783 0.88627451 0.87450980 0.89411765
v -0.791779 0.017140 -0.090121 0.63137255 0.43137255 0.39215686
v -0.614302 0.017140 -0.089930 0.87058824 0.86274510 0.87843137
v -0.789090 0.014451 -0.091860 0.64313725 0.39607843 0.34901961
v -0.611613 0.003695 -0.088789 0.83529412 0.82352941 0.85098039
v -0.603546 0.027896 -0.089891 0.89803922 0.89019608 0.90196078
v -0.600856 0.030585 -0.090283 0.89019608 0.88235294 0.89803922
v -0.614302 0.011762 -0.088972 0.85490196 0.83921569 0.86666667
v -0.783712 0.014451 -0.090271 0.62352941 0.39215686 0.39215686
v -0.611613 0.009073 -0.090067 0.85098039 0.83921569 0.86666667
v -0.600915 0.035910 -0.089764 0.88235294 0.87450980 0.89411765
v -0.611613 0.014451 -0.090653 0.87058824 0.86274510 0.87843137
v -0.791779 0.027896 -0.092101 0.74901961 0.46666667 0.41176471
v -0.608924 0.011762 -0.091953 0.87450980 0.86666667 0.88235294
v -0.786401 0.027896 -0.088927 0.78039216 0.47843137 0.43921569
v -0.608923 0.006384 -0.091223 0.84705882 0.83529412 0.86274510
v -0.778334 0.030585 -0.089786 0.82352941 0.52941176 0.47058824
v -0.606235 0.003695 -0.091202 0.84705882 0.83137255 0.86274510
v -0.598197 0.033247 -0.090558 0.88235294 0.87450980 0.89019608
v -0.619680 0.027896 -0.089002 0.90196078 0.88235294 0.90980392
v -0.598236 0.038591 -0.088905 0.91372549 0.90588235 0.92156863
v -0.595534 0.035913 -0.089898 0.89411765 0.88627451 0.90196078
v -0.600856 0.025207 -0.090450 0.90196078 0.89019608 0.90588235
v -0.598167 0.027896 -0.091068 0.89411765 0.88235294 0.89803922
v -0.772955 0.030585 -0.088651 0.84705882 0.54901961 0.49019608
v -0.595478 0.025207 -0.091731 0.89019608 0.88235294 0.89803922
v -0.595478 0.030585 -0.091580 0.88627451 0.87843137 0.89411765
v -0.754132 0.011762 -0.089291 0.82745098 0.57647059 0.54117647
v -0.748754 0.011762 -0.092276 0.83137255 0.57254902 0.52941176
v -0.616991 0.025207 -0.089845 0.90588235 0.89019608 0.91372549
v -0.592843 0.033225 -0.090922 0.89411765 0.88235294 0.89803922
v -0.616991 0.030585 -0.088649 0.91764706 0.90588235 0.92941176
v -0.614302 0.027896 -0.089396 0.91764706 0.90588235 0.92941176
v -0.614302 0.022518 -0.090235 0.90588235 0.89411765 0.91372549
v -0.611613 0.019829 -0.090414 0.90980392 0.89803922 0.91764706
v -0.611613 0.025207 -0.089867 0.92156863 0.90980392 0.92941176
v -0.608924 0.022518 -0.089953 0.92156863 0.91372549 0.92941176
v -0.611613 0.030585 -0.089348 0.90980392 0.89803922 0.91764706
v -0.608924 0.027896 -0.089438 0.91372549 0.90196078 0.92156863
v -0.603545 0.001006 -0.090340 0.83921569 0.82352941 0.85098039
v -0.606235 0.025207 -0.089795 0.91372549 0.90588235 0.92156863
v -0.598167 0.001005 -0.091330 0.82745098 0.81960784 0.83921569
v -0.608924 0.017140 -0.091386 0.91372549 0.90196078 0.92156863
v -0.606235 0.019829 -0.091136 0.92156863 0.90980392 0.92941176
v -0.603545 0.022518 -0.090625 0.91764706 0.90588235 0.92156863
v 0.602475 0.014525 -0.089073 0.91372549 0.90588235 0.91372549
v 0.605164 0.017214 -0.089123 0.89411765 0.88627451 0.89803922
v 0.599786 0.017214 -0.089480 0.90980392 0.89803922 0.90980392
v 0.602475 0.019903 -0.089441 0.92549020 0.91764706 0.92549020
v 0.607853 0.019903 -0.090062 0.87450980 0.86274510 0.87450980
v 0.605164 0.022592 -0.089409 0.90588235 0.89411765 0.90588235
v 0.597096 0.019903 -0.090365 0.88627451 0.88235294 0.88627451
v 0.599785 0.022592 -0.089783 0.90588235 0.89411765 0.90588235
v 0.602475 0.025281 -0.089347 0.90980392 0.89803922 0.90980392
v 0.594407 0.011835 -0.089111 0.85882353 0.85098039 0.86666667
v 0.591718 0.014525 -0.090197 0.86666667 0.86274510 0.87450980
v 0.594407 0.017214 -0.090280 0.87450980 0.86666667 0.87843137
v 0.594407 0.022592 -0.091191 0.89019608 0.88235294 0.89019608
v 0.591718 0.025281 -0.091677 0.89803922 0.89019608 0.90196078
v 0.597096 0.025281 -0.090527 0.89411765 0.87843137 0.89411765
v 0.599785 0.027970 -0.089723 0.89411765 0.88235294 0.89411765
v 0.594407 0.027970 -0.091001 0.89803922 0.88627451 0.90196078
v 0.607853 0.041415 -0.090679 0.90588235 0.89803922 0.91372549
v 0.597096 0.030659 -0.090038 0.90196078 0.88627451 0.90196078
v 0.610542 0.044104 -0.089845 0.90980392 0.90588235 0.91372549
v 0.610542 0.022592 -0.090963 0.87843137 0.86666667 0.88627451
v 0.605164 0.044104 -0.089012 0.90196078 0.89803922 0.90980392
v 0.607853 0.025281 -0.090501 0.88235294 0.87450980 0.88627451
v 0.591718 0.030659 -0.090979 0.89803922 0.88627451 0.90196078
v 0.613231 0.025281 -0.091996 0.89411765 0.88235294 0.89803922
v 0.594407 0.033348 -0.089975 0.90196078 0.89019608 0.90588235
v 0.610542 0.027970 -0.091735 0.87843137 0.86666667 0.88627451
v 0.605164 0.027970 -0.089509 0.90980392 0.89803922 0.91372549
v 0.607853 0.030659 -0.090658 0.89019608 0.87843137 0.89803922
v 0.610542 0.033348 -0.091617 0.88235294 0.87058824 0.89019608
v 0.613231 0.036037 -0.092295 0.90196078 0.89411765 0.90980392
v 0.602475 0.030659 -0.089216 0.90588235 0.89803922 0.91372549
v 0.605164 0.033348 -0.089782 0.90980392 0.89803922 0.91372549
v 0.599786 0.033348 -0.089224 0.90196078 0.89019608 0.90980392
v 0.602474 0.036037 -0.088814 0.90588235 0.89803922 0.91372549
v 0.607853 0.036037 -0.090577 0.88627451 0.87843137 0.89411765
v 0.597097 0.036037 -0.088675 0.90196078 0.89411765 0.91372549
v 0.610542 0.038726 -0.091279 0.89803922 0.88627451 0.90588235
v 0.605164 0.038726 -0.089770 0.89803922 0.88627451 0.90588235
v 0.602475 0.041415 -0.088674 0.90588235 0.89411765 0.91372549
v 0.634743 0.030659 -0.092135 0.94509804 0.94509804 0.95686275
v 0.640121 0.030659 -0.091591 0.95294118 0.95294118 0.96078431
v 0.637432 0.033348 -0.090939 0.94901961 0.94901961 0.96078431
v 0.632054 0.033348 -0.091466 0.92941176 0.92941176 0.94117647
v 0.634743 0.036037 -0.089663 0.94509804 0.94901961 0.96078431
v 0.623987 0.036037 -0.091830 0.92941176 0.92156863 0.93725490
v 0.629365 0.036037 -0.090690 0.91764706 0.91764706 0.92941176
v 0.626676 0.038726 -0.089885 0.93333333 0.92549020 0.94117647
v 0.642810 0.033348 -0.089712 0.95294118 0.95294118 0.96078431
v 0.640121 0.036037 -0.089015 0.95686275 0.96078431 0.96470588
v 0.618609 0.036037 -0.092261 0.91764706 0.91764706 0.92941176
v 0.621298 0.038726 -0.091218 0.92941176 0.92549020 0.93725490
v 0.615920 0.038726 -0.091469 0.90980392 0.90588235 0.92156863
v 0.618609 0.041415 -0.090591 0.93333333 0.92941176 0.93725490
v 0.623987 0.041415 -0.088798 0.94901961 0.94509804 0.95294118
v 0.613231 0.041415 -0.090873 0.92156863 0.91764706 0.92549020
v 0.798775 0.017214 -0.092373 0.70196078 0.47058824 0.45882353
v 0.793398 0.017210 -0.090723 0.70196078 0.47843137 0.46274510
v 0.796090 0.019889 -0.091146 0.71764706 0.49019608 0.47450980
v 0.798794 0.022534 -0.092176 0.74117647 0.49411765 0.46274510
v 0.790716 0.019876 -0.089213 0.70980392 0.48627451 0.46666667
v 0.793411 0.022548 -0.090471 0.75294118 0.48235294 0.46274510
v 0.785333 0.014514 -0.089884 0.70196078 0.49019608 0.47058824
v 0.750390 0.011779 -0.090778 0.79215686 0.56078431 0.53333333
v 0.788020 0.017209 -0.089062 0.70588235 0.49019608 0.47450980
v 0.790709 0.014521 -0.091532 0.70196078 0.48235294 0.46274510
v 0.790740 0.025182 -0.090904 0.87450980 0.56078431 0.51764706
v 0.621298 0.006457 -0.089435 0.86274510 0.85098039 0.86274510
v 0.782687 0.027833 -0.089345 0.91372549 0.62352941 0.57647059
v 0.615920 0.006457 -0.088624 0.87450980 0.86274510 0.88235294
v 0.618609 0.009146 -0.089832 0.88627451 0.87058824 0.89411765
v 0.632054 0.006457 -0.089694 0.82352941 0.80392157 0.81568627
v 0.626676 0.006457 -0.090259 0.85882353 0.84705882 0.85882353
v 0.629365 0.009147 -0.091890 0.87450980 0.86274510 0.87843137
v 0.634743 0.009147 -0.090690 0.82745098 0.81176471 0.81960784
v 0.637469 0.011799 -0.091378 0.81960784 0.80392157 0.81176471
v 0.623987 0.009147 -0.091024 0.88235294 0.87450980 0.88627451
v 0.621298 0.011836 -0.091131 0.89411765 0.88627451 0.90196078
v 0.623987 0.014525 -0.092303 0.90196078 0.90196078 0.91372549
v 0.648239 0.017165 -0.088812 0.86274510 0.85098039 0.87450980
v 0.650928 0.019854 -0.088636 0.88627451 0.88235294 0.89803922
v 0.661677 0.019861 -0.089887 0.90196078 0.89803922 0.91764706
v 0.658968 0.022570 -0.089650 0.90588235 0.90588235 0.92156863
v 0.653593 0.022567 -0.088841 0.88627451 0.88235294 0.89803922
v 0.656269 0.025268 -0.088957 0.90196078 0.89803922 0.92156863
v 0.640140 0.014506 -0.092060 0.83137255 0.81960784 0.82745098
v 0.642831 0.017194 -0.091647 0.84705882 0.83529412 0.84705882
v 0.645521 0.019882 -0.091330 0.85490196 0.84705882 0.86274510
v 0.648208 0.022573 -0.090014 0.86666667 0.86666667 0.88235294
v 0.645516 0.025265 -0.091776 0.90588235 0.90196078 0.91764706
v 0.642810 0.027970 -0.091790 0.94117647 0.94117647 0.94901961
v 0.650896 0.025264 -0.089466 0.89411765 0.89411765 0.91372549
v 0.653583 0.027955 -0.089333 0.90980392 0.90980392 0.92941176
v 0.648204 0.027956 -0.090061 0.90980392 0.91372549 0.92941176
v 0.650877 0.030659 -0.088976 0.91372549 0.91372549 0.93725490
v 0.658960 0.027956 -0.089621 0.92156863 0.92156863 0.94117647
v 0.656255 0.030659 -0.089026 0.92549020 0.92941176 0.95294118
v 0.661633 0.030659 -0.089696 0.92549020 0.92941176 0.94901961
v 0.645499 0.030659 -0.090109 0.94117647 0.94117647 0.95294118
v 0.607853 0.009146 -0.089132 0.87058824 0.85490196 0.87843137
v 0.613231 0.009146 -0.089136 0.89411765 0.87843137 0.89803922
v 0.615920 0.011836 -0.090116 0.89411765 0.88627451 0.89803922
v 0.610542 0.011836 -0.089698 0.88235294 0.87450980 0.88627451
v 0.613231 0.014525 -0.090445 0.89411765 0.87843137 0.89019608
v 0.602474 0.009146 -0.088650 0.89411765 0.87843137 0.89803922
v 0.605164 0.011836 -0.089227 0.87843137 0.86666667 0.88235294
v 0.599785 0.011835 -0.088678 0.89411765 0.88627451 0.90196078
v 0.607853 0.014525 -0.089756 0.87843137 0.86666667 0.87843137
v 0.610542 0.017214 -0.090392 0.88627451 0.87058824 0.89019608
v 0.618609 0.014525 -0.091127 0.90980392 0.90196078 0.91372549
v 0.621298 0.017214 -0.091866 0.92549020 0.91764706 0.92941176
v 0.615920 0.017214 -0.091206 0.90196078 0.89411765 0.90588235
v 0.618609 0.019903 -0.091751 0.92549020 0.92156863 0.92549020
v 0.613231 0.019903 -0.091182 0.89803922 0.88627451 0.90196078
v 0.615920 0.022592 -0.091963 0.91372549 0.90588235 0.91764706
v 0.618609 0.025281 -0.092370 0.92941176 0.92156863 0.93725490
v 0.597096 0.014525 -0.089474 0.87058824 0.86274510 0.87058824
v -0.731559 0.005323 -0.088610 0.81176471 0.57254902 0.53725490
v -0.662826 0.022639 -0.088610 0.91764706 0.90980392 0.93725490
v -0.736317 0.031593 -0.088610 0.91372549 0.70196078 0.65098039
v -0.752068 0.029960 -0.088610 0.94117647 0.68627451 0.63921569
v -0.664247 0.031734 -0.088610 0.94509804 0.93333333 0.94509804
v -0.745172 0.029692 -0.088610 0.92156863 0.65098039 0.60784314
v -0.727778 0.033811 -0.088610 0.92156863 0.69411765 0.64313725
v -0.740645 0.030627 -0.088610 0.93333333 0.70196078 0.65490196
v -0.726483 0.034033 -0.088610 0.90196078 0.67843137 0.62352941
v -0.718318 0.035106 -0.088610 0.87058824 0.64705882 0.58823529
v -0.723924 0.004323 -0.088610 0.81568627 0.58431373 0.54901961
v -0.719398 0.003918 -0.088610 0.83137255 0.60784314 0.56862745
v -0.714130 0.003361 -0.088610 0.83921569 0.62745098 0.58823529
v 0.690671 0.001622 -0.088610 0.81960784 0.78823529 0.79607843
v 0.665118 0.012537 -0.088610 0.86274510 0.85490196 0.87450980
v 0.686774 0.002018 -0.088610 0.81960784 0.80000000 0.81568627
v 0.678243 0.004241 -0.088610 0.81176471 0.80392157 0.82745098
v 0.721356 0.003205 -0.088610 0.80784314 0.63529412 0.60784314
v 0.676636 0.004900 -0.088610 0.81568627 0.80784314 0.82745098
v 0.720137 0.003112 -0.088610 0.80784314 0.65098039 0.62352941
v 0.671076 0.007818 -0.088610 0.82745098 0.81568627 0.83137255
v 0.730914 0.004403 -0.088610 0.80784314 0.62352941 0.59607843
v 0.711643 0.002162 -0.088610 0.80784314 0.66666667 0.64313725
v 0.708102 0.001834 -0.088610 0.80000000 0.68627451 0.67058824
v -0.707508 0.002784 -0.088610 0.83921569 0.63921569 0.60000000
v 0.701666 0.001383 -0.088610 0.80392157 0.71764706 0.70980392
v 0.696743 0.001231 -0.088610 0.81176471 0.76078431 0.76470588
v -0.704082 0.002653 -0.088610 0.83529412 0.65098039 0.60784314
v 0.732503 0.004723 -0.088610 0.80784314 0.60392157 0.57647059
v -0.696630 0.002663 -0.088610 0.83137255 0.66666667 0.63137255
v -0.692894 0.003084 -0.088610 0.83529412 0.69803922 0.67058824
v 0.749157 0.028860 -0.088610 0.90980392 0.67450980 0.61960784
v 0.745955 0.028376 -0.088610 0.90980392 0.67450980 0.61960784
v 0.738074 0.029321 -0.088610 0.93333333 0.70196078 0.64705882
v 0.736343 0.029710 -0.088610 0.93333333 0.70196078 0.64313725
v -0.714218 0.035542 -0.088610 0.77254902 0.59607843 0.54509804
v 0.727631 0.031904 -0.088610 0.89803922 0.69803922 0.63921569
v -0.708448 0.035993 -0.088610 0.58431373 0.45882353 0.42352941
v 0.700232 0.035074 -0.088610 0.89803922 0.67450980 0.58039216
v -0.702493 0.036510 -0.088610 0.62352941 0.49803922 0.46666667
v 0.698505 0.035248 -0.088610 0.87058824 0.67843137 0.60000000
v 0.689136 0.035425 -0.088610 0.94509804 0.93333333 0.94901961
v 0.687931 0.035444 -0.088610 0.94509804 0.94509804 0.96078431
v -0.698515 0.036810 -0.088610 0.63137255 0.50980392 0.47058824
v 0.724190 0.032541 -0.088610 0.90980392 0.68235294 0.61176471
v 0.718269 0.033352 -0.088610 0.92156863 0.67450980 0.60000000
v -0.691259 0.036989 -0.088610 0.61176471 0.50588235 0.47843137
v 0.711896 0.034125 -0.088610 0.91372549 0.67843137 0.60000000
v -0.687993 0.037012 -0.088610 0.70588235 0.66274510 0.65490196
v 0.708516 0.034448 -0.088610 0.90980392 0.67450980 0.58823529
v -0.680851 0.036644 -0.088610 0.79215686 0.78431373 0.79215686
v -0.676469 0.036207 -0.088610 0.85490196 0.84705882 0.85882353
v -0.671307 0.035431 -0.088610 0.91372549 0.91372549 0.92549020
v 0.678639 0.035165 -0.088610 0.92941176 0.92156863 0.93333333
v 0.676740 0.035009 -0.088610 0.93725490 0.93725490 0.94509804
v 0.668963 0.034085 -0.088610 0.92941176 0.92549020 0.93725490
v -0.687204 0.003992 -0.088610 0.85882353 0.78431373 0.78039216
v 0.664410 0.033436 -0.088610 0.93333333 0.93333333 0.94509804
v -0.679181 0.006726 -0.088610 0.88235294 0.86666667 0.88627451
v -0.677891 0.007332 -0.088610 0.88235294 0.86666667 0.88627451
v -0.672351 0.010652 -0.088610 0.88235294 0.87058824 0.89411765
v -0.666722 0.015780 -0.088610 0.90196078 0.89019608 0.91764706
v -0.662984 0.022238 -0.088610 0.91764706 0.90980392 0.93725490
v -0.727242 0.033274 -0.089786 0.91764706 0.69803922 0.64705882
v -0.668083 0.027896 -0.090671 0.92941176 0.92549020 0.94509804
v -0.716485 0.033274 -0.091988 0.79607843 0.60000000 0.56470588
v -0.764888 0.027896 -0.094797 0.90196078 0.61176471 0.56470588
v -0.759510 0.022518 -0.095993 0.93333333 0.65098039 0.61960784
v -0.689595 0.006384 -0.093829 0.81960784 0.69019608 0.65098039
v -0.754132 0.027896 -0.091607 0.90980392 0.61176471 0.57254902
v -0.705729 0.033274 -0.092722 0.64313725 0.50980392 0.47058824
v -0.694976 0.033271 -0.092887 0.74901961 0.58823529 0.54901961
v -0.684217 0.011762 -0.095686 0.92156863 0.88235294 0.91372549
v -0.678839 0.017140 -0.095024 0.90980392 0.90196078 0.90980392
v -0.684232 0.033261 -0.091916 0.85490196 0.83921569 0.84705882
v -0.743376 0.027896 -0.091022 0.92549020 0.64313725 0.60784314
v -0.678844 0.027891 -0.093820 0.93725490 0.92549020 0.93333333
v -0.673461 0.022518 -0.093049 0.92156863 0.91372549 0.92941176
v -0.673483 0.033254 -0.090100 0.92941176 0.93333333 0.94509804
v 0.667039 0.014498 -0.090643 0.75294118 0.74509804 0.76470588
v 0.688524 0.003768 -0.093020 0.81568627 0.80000000 0.81568627
v 0.672395 0.019897 -0.093963 0.87450980 0.87058824 0.89019608
v 0.667016 0.025277 -0.091682 0.92156863 0.92156863 0.93725490
v 0.683147 0.009145 -0.096023 0.59607843 0.59215686 0.61176471
v 0.672398 0.009138 -0.090534 0.63921569 0.62745098 0.63921569
v -0.673461 0.011762 -0.090107 0.89019608 0.87843137 0.89803922
v 0.677770 0.014523 -0.095778 0.73333333 0.72941176 0.74509804
v -0.668083 0.017140 -0.089865 0.90196078 0.89411765 0.92156863
v 0.753218 0.024799 -0.093545 0.90588235 0.64705882 0.61568627
v 0.726213 0.030532 -0.091645 0.90196078 0.68627451 0.61960784
v 0.704665 0.030639 -0.094379 0.90196078 0.68235294 0.59215686
v 0.677769 0.025280 -0.094820 0.91372549 0.90980392 0.92549020
v 0.683146 0.030659 -0.093144 0.86666667 0.86666667 0.87843137
v 0.693902 0.030659 -0.094318 0.77647059 0.72549020 0.70980392
v 0.715445 0.030567 -0.093822 0.92156863 0.67450980 0.60000000
v 0.672390 0.030659 -0.091112 0.92549020 0.91764706 0.93333333
v -0.781825 0.021715 -0.084807 0.73725490 0.53333333 0.49019608
v -0.781950 0.023445 -0.084807 0.89411765 0.64705882 0.58823529
v -0.779441 0.026314 -0.084807 0.88235294 0.60784314 0.55294118
v -0.635796 0.017021 -0.084807 0.90196078 0.89019608 0.91372549
v -0.776105 0.028357 -0.084807 0.80000000 0.50196078 0.45882353
v -0.658094 0.016373 -0.084807 0.90588235 0.89803922 0.91764706
v -0.635773 0.017180 -0.084807 0.90196078 0.89019608 0.91372549
v -0.631348 0.016225 -0.084807 0.88627451 0.87450980 0.90196078
v -0.631734 0.018400 -0.084807 0.88627451 0.87450980 0.90196078
v -0.779243 0.018919 -0.084807 0.69019608 0.49803922 0.46274510
v -0.628898 0.013297 -0.084807 0.86274510 0.84705882 0.87843137
v -0.776141 0.016643 -0.084807 0.62352941 0.43529412 0.41568627
v -0.632033 0.020919 -0.084807 0.89019608 0.87843137 0.90196078
v -0.626416 0.010401 -0.084807 0.83529412 0.81960784 0.85098039
v -0.623703 0.007736 -0.084807 0.82352941 0.80784314 0.83529412
v -0.657260 0.017010 -0.084807 0.90588235 0.89803922 0.91764706
v -0.654578 0.019893 -0.084807 0.91372549 0.90588235 0.92549020
v -0.621068 0.004993 -0.084807 0.81960784 0.80392157 0.83529412
v -0.774488 0.015983 -0.084807 0.49019608 0.32549020 0.33333333
v -0.618887 0.001797 -0.084807 0.81176471 0.80000000 0.82745098
v -0.615958 -0.000652 -0.084807 0.81568627 0.80392157 0.82745098
v -0.652954 0.023280 -0.084807 0.92941176 0.92549020 0.94117647
v -0.612433 -0.002503 -0.084807 0.81568627 0.80392157 0.82745098
v -0.655411 0.029820 -0.084807 0.94509804 0.93725490 0.94509804
v -0.771952 0.015454 -0.084807 0.49411765 0.32549020 0.33725490
v -0.655837 0.031574 -0.084807 0.94509804 0.93725490 0.94509804
v -0.767857 0.014731 -0.084807 0.58823529 0.41176471 0.40392157
v -0.630526 0.033328 -0.084807 0.87843137 0.87058824 0.89019608
v -0.609128 0.043844 -0.084807 0.93333333 0.92549020 0.94117647
v -0.767397 0.014631 -0.084807 0.64705882 0.45490196 0.43921569
v -0.629045 0.037261 -0.084807 0.89803922 0.88627451 0.90588235
v -0.657884 0.038109 -0.084807 0.95686275 0.95294118 0.96078431
v -0.774789 0.028752 -0.084807 0.80392157 0.49803922 0.45882353
v -0.626094 0.039689 -0.084807 0.89411765 0.88627451 0.90196078
v -0.771440 0.029070 -0.084807 0.79215686 0.49411765 0.43921569
v -0.655484 0.035129 -0.084807 0.95686275 0.95294118 0.95686275
v -0.609031 0.043845 -0.084807 0.92941176 0.92156863 0.93333333
v -0.622989 0.041961 -0.084807 0.90588235 0.89803922 0.91764706
v -0.768887 0.029276 -0.084807 0.77254902 0.47450980 0.40392157
v -0.653605 0.029281 -0.084807 0.94509804 0.93725490 0.94901961
v -0.650443 0.026024 -0.084807 0.94901961 0.94117647 0.95294118
v -0.620664 0.043046 -0.084807 0.92156863 0.91372549 0.92549020
v -0.619251 0.043602 -0.084807 0.92549020 0.92156863 0.93333333
v -0.597210 0.042744 -0.084807 0.92549020 0.91372549 0.92941176
v -0.614615 0.044234 -0.084807 0.92549020 0.92156863 0.93725490
v -0.603967 0.043629 -0.084807 0.92941176 0.92156863 0.93725490
v -0.614092 0.044248 -0.084807 0.92156863 0.91372549 0.92941176
v -0.651853 0.028004 -0.084807 0.94509804 0.93725490 0.94901961
v -0.766612 0.029620 -0.084807 0.76862745 0.46666667 0.39215686
v -0.603459 0.043620 -0.084807 0.93333333 0.92156863 0.94117647
v -0.654630 0.019639 -0.084807 0.91372549 0.90588235 0.92549020
v -0.762521 0.030263 -0.084807 0.79215686 0.49411765 0.41960784
v -0.635948 0.017006 -0.084807 0.90196078 0.89019608 0.91372549
v -0.599054 0.043159 -0.084807 0.92549020 0.90980392 0.92941176
v -0.761949 0.030335 -0.084807 0.87058824 0.58431373 0.52549020
v -0.610187 -0.003109 -0.084807 0.81960784 0.80392157 0.83137255
v -0.756833 0.030597 -0.084807 0.90196078 0.63137255 0.58039216
v -0.608190 -0.003639 -0.084807 0.81960784 0.80392157 0.83137255
v -0.637099 0.018331 -0.084807 0.90588235 0.89411765 0.91764706
v -0.763171 0.013479 -0.084807 0.70196078 0.49411765 0.47450980
v -0.760718 0.012970 -0.084807 0.76862745 0.53725490 0.50980392
v -0.603820 -0.004098 -0.084807 0.80784314 0.79607843 0.81960784
v -0.758648 0.012624 -0.084807 0.79215686 0.55294118 0.51764706
v -0.603328 -0.004155 -0.084807 0.81176471 0.79607843 0.81960784
v -0.598749 -0.004954 -0.084807 0.79215686 0.78039216 0.79607843
v -0.597925 -0.004615 -0.084807 0.78823529 0.78039216 0.79607843
v -0.593203 -0.004787 -0.084807 0.78823529 0.77647059 0.80000000
v -0.632447 0.024447 -0.084807 0.89019608 0.87843137 0.89803922
v -0.666234 0.040510 -0.084807 0.77647059 0.76470588 0.77647059
v -0.630548 0.033164 -0.084807 0.87843137 0.87058824 0.89019608
v -0.664767 0.040493 -0.084807 0.87843137 0.87058824 0.87843137
v -0.632499 0.025833 -0.084807 0.88235294 0.87450980 0.89411765
v -0.631911 0.029319 -0.084807 0.88235294 0.87058824 0.89019608
v -0.661340 0.040029 -0.084807 0.91764706 0.91372549 0.91764706
v 0.617926 -0.000927 -0.084807 0.83921569 0.82745098 0.83921569
v 0.613323 -0.001518 -0.084807 0.83921569 0.82352941 0.84705882
v 0.609027 -0.002784 -0.084807 0.83529412 0.81960784 0.83921569
v 0.613155 -0.001534 -0.084807 0.83921569 0.82352941 0.84705882
v 0.602735 0.046532 -0.084807 0.89803922 0.88627451 0.90196078
v 0.602312 0.046631 -0.084807 0.89803922 0.88627451 0.89803922
v 0.598611 0.048307 -0.084807 0.89411765 0.88627451 0.90196078
v 0.595518 0.050592 -0.084807 0.89019608 0.88235294 0.89803922
v 0.629735 0.041045 -0.084807 0.95294118 0.94901961 0.95686275
v 0.600571 -0.005084 -0.084807 0.82352941 0.81176471 0.82352941
v 0.598691 -0.005393 -0.084807 0.81568627 0.80392157 0.81960784
v 0.595771 -0.005663 -0.084807 0.82352941 0.80784314 0.81960784
v 0.629025 0.041075 -0.084807 0.95686275 0.94901961 0.95686275
v 0.592872 -0.005834 -0.084807 0.82745098 0.81568627 0.82745098
v 0.619365 -0.000853 -0.084807 0.83529412 0.82745098 0.83529412
v 0.605014 -0.004150 -0.084807 0.83137255 0.81960784 0.83921569
v 0.605418 -0.004044 -0.084807 0.83137255 0.81960784 0.83921569
v 0.627664 0.000092 -0.084807 0.79607843 0.78823529 0.79607843
v 0.647387 0.039527 -0.084807 0.93333333 0.92941176 0.94509804
v 0.632046 0.001087 -0.084807 0.79607843 0.78039216 0.79215686
v 0.632069 0.001094 -0.084807 0.79607843 0.78039216 0.79215686
v 0.635959 0.002552 -0.084807 0.81176471 0.80000000 0.80784314
v 0.644420 0.040336 -0.084807 0.94901961 0.94509804 0.95686275
v 0.643063 0.006204 -0.084807 0.83921569 0.83137255 0.84705882
v 0.648572 0.039110 -0.084807 0.92941176 0.92941176 0.94117647
v 0.641942 0.005501 -0.084807 0.83529412 0.82745098 0.84313725
v 0.640286 0.041580 -0.084807 0.96470588 0.96078431 0.96862745
v 0.634895 0.041263 -0.084807 0.95294118 0.95294118 0.96470588
v 0.657173 0.013610 -0.084807 0.80392157 0.79215686 0.81568627
v 0.634571 0.041243 -0.084807 0.95294118 0.95294118 0.96078431
v 0.639588 0.004301 -0.084807 0.83529412 0.81960784 0.83529412
v 0.608879 0.045767 -0.084807 0.90588235 0.89411765 0.90980392
v 0.607135 0.046075 -0.084807 0.90588235 0.89803922 0.90588235
v 0.639892 0.041644 -0.084807 0.96078431 0.96078431 0.96862745
v 0.656304 0.014355 -0.084807 0.81960784 0.80784314 0.83137255
v 0.611631 0.045193 -0.084807 0.90588235 0.89411765 0.90980392
v 0.625280 -0.000316 -0.084807 0.80784314 0.79215686 0.80392157
v 0.622956 -0.000579 -0.084807 0.82745098 0.81568627 0.82352941
v 0.624287 0.041715 -0.084807 0.94901961 0.93725490 0.94901961
v 0.645827 0.008819 -0.084807 0.85098039 0.83921569 0.85490196
v 0.623567 0.041835 -0.084807 0.94901961 0.93725490 0.94901961
v 0.648714 0.011311 -0.084807 0.85882353 0.84705882 0.86666667
v 0.620195 0.043001 -0.084807 0.92941176 0.91764706 0.92941176
v 0.615802 0.044222 -0.084807 0.91372549 0.90588235 0.91764706
v 0.652414 0.012990 -0.084807 0.85882353 0.84705882 0.86666667
v 0.615993 0.044178 -0.084807 0.91372549 0.90588235 0.91764706
v 0.653843 0.038449 -0.084807 0.94117647 0.94117647 0.95686275
v 0.653292 0.038452 -0.084807 0.94117647 0.94117647 0.95294118
v 0.764243 0.014099 -0.084807 0.56470588 0.41176471 0.37254902
v 0.763110 0.013805 -0.084807 0.65098039 0.46666667 0.42745098
v 0.756027 0.011533 -0.084807 0.74509804 0.52941176 0.49411765
v 0.773190 0.015908 -0.084807 0.34509804 0.27058824 0.24313725
v 0.769720 0.015049 -0.084807 0.36078431 0.28627451 0.24705882
v 0.760103 0.012838 -0.084807 0.70588235 0.50196078 0.46666667
v 0.768759 0.014962 -0.084807 0.37647059 0.29803922 0.25882353
v 0.776880 0.017593 -0.084807 0.63529412 0.44705882 0.41568627
v 0.779444 0.020398 -0.084807 0.76862745 0.52549020 0.49803922
v 0.771799 0.028003 -0.084807 0.86274510 0.54901961 0.50980392
v 0.767027 0.028250 -0.084807 0.89019608 0.56862745 0.52941176
v 0.779057 0.024284 -0.084807 0.90980392 0.59215686 0.56862745
v 0.775583 0.026196 -0.084807 0.89019608 0.56078431 0.52549020
v 0.771982 0.027964 -0.084807 0.86274510 0.54509804 0.50588235
v 0.759756 0.029115 -0.084807 0.91764706 0.63529412 0.59215686
v 0.757476 0.029218 -0.084807 0.91764706 0.65490196 0.60392157
v 0.765942 0.028406 -0.084807 0.89411765 0.56862745 0.53333333
v 0.762491 0.028959 -0.084807 0.91372549 0.58823529 0.56078431
v 0.658922 0.038748 -0.084807 0.93725490 0.93725490 0.94901961
v 0.658957 0.038739 -0.084807 0.93725490 0.93725490 0.94901961
v -0.789090 0.019829 -0.088363 0.69019608 0.49803922 0.46666667
v -0.786401 0.017140 -0.088381 0.65490196 0.45882353 0.43137255
v -0.789090 0.025207 -0.088568 0.77254902 0.49803922 0.45882353
v -0.657357 0.017110 -0.084874 0.90588235 0.89803922 0.91764706
v -0.786401 0.022518 -0.086752 0.78823529 0.56862745 0.52156863
v -0.662705 0.022518 -0.088529 0.91764706 0.90980392 0.93725490
v -0.660058 0.019788 -0.086806 0.91372549 0.90196078 0.91764706
v -0.660048 0.025176 -0.088210 0.92549020 0.92156863 0.93333333
v -0.657398 0.022450 -0.086337 0.91764706 0.91764706 0.92941176
v -0.654730 0.019740 -0.084842 0.91372549 0.90588235 0.92549020
v -0.783712 0.019829 -0.086287 0.66274510 0.46666667 0.43921569
v -0.657407 0.027820 -0.086775 0.93725490 0.93333333 0.94117647
v -0.635864 0.017089 -0.084812 0.90588235 0.89019608 0.91764706
v -0.654763 0.025089 -0.085677 0.93725490 0.93725490 0.94509804
v -0.630454 0.017120 -0.085045 0.87450980 0.86274510 0.89019608
v -0.783712 0.025207 -0.086201 0.84313725 0.59215686 0.53725490
v -0.627748 0.014448 -0.085317 0.85490196 0.83921569 0.86666667
v -0.781023 0.027896 -0.086283 0.78039216 0.49803922 0.43529412
v -0.630437 0.022515 -0.085475 0.87058824 0.85882353 0.87843137
v -0.627748 0.019826 -0.086131 0.85490196 0.83921569 0.86666667
v -0.781023 0.017140 -0.086331 0.65882353 0.46274510 0.43921569
v -0.625059 0.017137 -0.086931 0.85098039 0.83529412 0.86666667
v -0.778334 0.014451 -0.087857 0.61568627 0.41960784 0.40784314
v -0.662738 0.033243 -0.087838 0.94901961 0.93725490 0.94509804
v -0.625059 0.011759 -0.085681 0.83529412 0.81960784 0.84705882
v -0.614353 0.038606 -0.087364 0.89411765 0.88235294 0.89803922
v -0.611683 0.041278 -0.086653 0.91372549 0.90196078 0.92156863
v -0.608994 0.038589 -0.088556 0.89411765 0.87843137 0.90588235
v -0.660069 0.030535 -0.087528 0.94509804 0.93725490 0.94509804
v -0.606322 0.041263 -0.087455 0.91372549 0.90588235 0.92549020
v -0.660080 0.035905 -0.087153 0.95294118 0.94901961 0.95294118
v -0.600935 0.041271 -0.087419 0.92941176 0.91372549 0.93725490
v -0.657435 0.033174 -0.086026 0.94509804 0.94117647 0.94901961
v -0.622370 0.009070 -0.085589 0.83137255 0.81568627 0.84313725
v -0.772955 0.014451 -0.086186 0.53725490 0.35294118 0.34509804
v -0.595660 0.041180 -0.086379 0.92941176 0.92156863 0.93725490
v -0.652128 0.027728 -0.084904 0.94509804 0.93725490 0.94901961
v -0.622369 0.014449 -0.087337 0.85490196 0.83921569 0.86274510
v -0.592931 0.038525 -0.088536 0.91764706 0.90980392 0.92549020
v -0.619680 0.011760 -0.087034 0.84313725 0.83137255 0.85490196
v -0.627748 0.025205 -0.086544 0.85882353 0.85098039 0.87058824
v -0.625058 0.022516 -0.087368 0.86274510 0.85098039 0.87450980
v -0.611613 -0.001683 -0.085710 0.82352941 0.81176471 0.83529412
v -0.625058 0.027896 -0.087454 0.86274510 0.85098039 0.87058824
v -0.608923 0.001006 -0.088602 0.83529412 0.81960784 0.85098039
v -0.622369 0.025207 -0.088547 0.87058824 0.85490196 0.87843137
v -0.630461 0.033251 -0.084830 0.87843137 0.87058824 0.88627451
v -0.630461 0.027871 -0.085605 0.87450980 0.86274510 0.88627451
v -0.627747 0.030585 -0.086242 0.87058824 0.85882353 0.87843137
v -0.606234 -0.001683 -0.087118 0.82352941 0.81176471 0.83921569
v -0.600856 -0.001683 -0.087555 0.81568627 0.80392157 0.82745098
v -0.598167 -0.004373 -0.085046 0.79215686 0.78431373 0.80000000
v -0.767577 0.014451 -0.085112 0.65490196 0.45882353 0.44313725
v -0.619680 0.006381 -0.085608 0.82352941 0.80784314 0.83529412
v -0.616991 0.003692 -0.086177 0.82745098 0.81176471 0.83921569
v -0.772955 0.030585 -0.088006 0.82352941 0.51372549 0.44705882
v -0.616991 0.009073 -0.087200 0.83921569 0.82745098 0.85490196
v -0.767577 0.030585 -0.086809 0.80784314 0.49019608 0.40784314
v -0.595478 -0.001684 -0.088113 0.80000000 0.79215686 0.81176471
v -0.756821 0.030585 -0.085166 0.90196078 0.62745098 0.58039216
v -0.614302 0.006384 -0.088011 0.83529412 0.82352941 0.85490196
v -0.614302 0.001006 -0.086367 0.82352941 0.81176471 0.83921569
v -0.668161 0.038581 -0.086259 0.82352941 0.81960784 0.83137255
v -0.627747 0.035963 -0.085189 0.89411765 0.88235294 0.90588235
v -0.665441 0.035919 -0.087606 0.92549020 0.92549020 0.93333333
v -0.625058 0.038652 -0.085093 0.89803922 0.89019608 0.90980392
v -0.625058 0.033274 -0.086573 0.89411765 0.88235294 0.90588235
v -0.622369 0.030585 -0.087815 0.90196078 0.88235294 0.90588235
v -0.622369 0.035963 -0.086321 0.90588235 0.89803922 0.91764706
v -0.662801 0.038565 -0.085809 0.89803922 0.89411765 0.90196078
v -0.619680 0.033274 -0.087727 0.91764706 0.90196078 0.92549020
v -0.622369 0.041341 -0.085047 0.89803922 0.89411765 0.90588235
v -0.619680 0.038652 -0.086168 0.88627451 0.87843137 0.89411765
v -0.616991 0.035963 -0.087464 0.88627451 0.87450980 0.89803922
v -0.616991 0.041341 -0.086063 0.90980392 0.90196078 0.91764706
v -0.614362 0.043977 -0.085024 0.92941176 0.92156863 0.94117647
v -0.614302 0.033274 -0.088546 0.90196078 0.89019608 0.91372549
v 0.615920 0.001079 -0.086152 0.84313725 0.82745098 0.85098039
v 0.632054 0.038726 -0.087920 0.94901961 0.94509804 0.95294118
v 0.607853 -0.001610 -0.085555 0.83921569 0.82745098 0.84705882
v 0.610542 0.001079 -0.086160 0.85490196 0.83529412 0.86274510
v 0.613231 0.003768 -0.087342 0.85882353 0.84313725 0.87058824
v 0.621298 0.001079 -0.086194 0.84705882 0.83921569 0.84705882
v 0.618609 0.003768 -0.087756 0.85098039 0.83921569 0.85490196
v 0.623987 0.003768 -0.088266 0.85490196 0.83921569 0.85098039
v 0.645499 0.036037 -0.087898 0.94509804 0.94901961 0.96078431
v 0.599786 0.038726 -0.088435 0.91372549 0.90196078 0.92156863
v 0.626676 0.001079 -0.085978 0.81176471 0.79607843 0.81176471
v 0.642810 0.038726 -0.087063 0.94901961 0.95294118 0.96078431
v 0.629365 0.003768 -0.088150 0.81176471 0.80000000 0.80784314
v 0.594407 0.038726 -0.088269 0.91372549 0.90980392 0.92549020
v 0.634743 0.003768 -0.086306 0.80392157 0.79215686 0.80392157
v 0.597097 0.041415 -0.088072 0.91372549 0.90588235 0.92156863
v 0.637471 0.006419 -0.087338 0.81568627 0.80000000 0.81568627
v 0.599786 -0.004299 -0.085235 0.82352941 0.81176471 0.82745098
v 0.599786 0.044104 -0.087287 0.90588235 0.89803922 0.91372549
v 0.640162 0.009106 -0.087999 0.81960784 0.81176471 0.82352941
v 0.637432 0.038726 -0.087682 0.95686275 0.95686275 0.96470588
v 0.594407 -0.004299 -0.085458 0.84313725 0.82745098 0.84313725
v 0.597097 -0.001610 -0.086348 0.85098039 0.83529412 0.85490196
v 0.640121 0.041415 -0.085087 0.96078431 0.96078431 0.96862745
v 0.648188 0.038726 -0.085343 0.92156863 0.92156863 0.94117647
v 0.656367 0.014416 -0.084848 0.81568627 0.80392157 0.82745098
v 0.642856 0.006412 -0.085022 0.83921569 0.83137255 0.84705882
v 0.591718 0.041415 -0.087942 0.91764706 0.90980392 0.92941176
v 0.602475 -0.001610 -0.086163 0.83529412 0.82352941 0.83921569
v 0.615920 0.044104 -0.085401 0.91372549 0.90588235 0.91764706
v 0.645549 0.009097 -0.085084 0.85098039 0.83921569 0.85490196
v 0.605164 0.001079 -0.086955 0.84313725 0.83137255 0.85098039
v 0.648247 0.011778 -0.085303 0.85882353 0.85098039 0.86666667
v 0.594407 0.044104 -0.087441 0.92156863 0.91372549 0.92941176
v 0.599785 0.001079 -0.087063 0.85490196 0.84313725 0.85882353
v 0.602475 0.003768 -0.087696 0.85098039 0.83921569 0.86274510
v 0.591718 -0.001610 -0.086459 0.84705882 0.83529412 0.85098039
v 0.642854 0.011793 -0.088181 0.83529412 0.82352941 0.83921569
v 0.594407 0.001079 -0.087116 0.86274510 0.85098039 0.87058824
v 0.645545 0.014480 -0.088358 0.84705882 0.83921569 0.85490196
v 0.591718 0.046793 -0.087077 0.91764706 0.90588235 0.92549020
v 0.597097 0.046793 -0.086089 0.90588235 0.89803922 0.91372549
v 0.650944 0.014460 -0.085767 0.85882353 0.85098039 0.87058824
v 0.594407 0.049482 -0.085834 0.89411765 0.88627451 0.90196078
v 0.591718 0.003768 -0.087819 0.83921569 0.82352941 0.84705882
v 0.653648 0.017135 -0.086631 0.86274510 0.85490196 0.87450980
v 0.597096 0.003768 -0.087552 0.87843137 0.86274510 0.88627451
v 0.659017 0.017144 -0.087853 0.86666667 0.85882353 0.87843137
v 0.599785 0.006457 -0.087945 0.87843137 0.87058824 0.88627451
v 0.656314 0.019846 -0.088246 0.84705882 0.84313725 0.85490196
v 0.594407 0.006457 -0.088182 0.85882353 0.84705882 0.87058824
v 0.597096 0.009146 -0.088445 0.87058824 0.85882353 0.88235294
v 0.658944 0.033348 -0.087974 0.93725490 0.94117647 0.95686275
v 0.653566 0.033348 -0.087942 0.92549020 0.92941176 0.94901961
v 0.656255 0.036037 -0.086822 0.94117647 0.94509804 0.95686275
v 0.648188 0.033348 -0.088343 0.92549020 0.92549020 0.94117647
v 0.650877 0.036037 -0.086813 0.91764706 0.91764706 0.93725490
v 0.607853 0.003768 -0.087583 0.85882353 0.84313725 0.87058824
v 0.610542 0.006457 -0.088210 0.87843137 0.86666667 0.89019608
v 0.605164 0.006457 -0.088479 0.84705882 0.83529412 0.85490196
v 0.782643 0.017206 -0.086975 0.70980392 0.49803922 0.47450980
v 0.785340 0.019871 -0.087251 0.73725490 0.52156863 0.49019608
v 0.788038 0.022531 -0.088460 0.78039216 0.50980392 0.47843137
v 0.779954 0.019894 -0.085190 0.73725490 0.51372549 0.48627451
v 0.782655 0.022546 -0.085957 0.83529412 0.57254902 0.54901961
v 0.755771 0.011766 -0.088241 0.74117647 0.52549020 0.49019608
v 0.785360 0.025188 -0.088197 0.81176471 0.50588235 0.47843137
v 0.774574 0.014525 -0.086477 0.55686275 0.40000000 0.36862745
v 0.779952 0.014524 -0.088480 0.69411765 0.48627451 0.45882353
v 0.769195 0.014525 -0.085395 0.34117647 0.27843137 0.23921569
v 0.777264 0.017209 -0.085001 0.66666667 0.46666667 0.43921569
v 0.779970 0.025226 -0.085738 0.87450980 0.55686275 0.52941176
v 0.777297 0.027868 -0.086489 0.87843137 0.56078431 0.53725490
v 0.658944 0.038726 -0.084817 0.93725490 0.93725490 0.94901961
v -0.843837 0.024241 -0.081005 0.79215686 0.54509804 0.52156863
v -0.843515 0.025851 -0.081005 0.80392157 0.58039216 0.54509804
v -0.840216 0.027930 -0.081005 0.79215686 0.58039216 0.55294118
v -0.842287 0.020413 -0.081005 0.78431373 0.48235294 0.47450980
v -0.839186 0.018135 -0.081005 0.70196078 0.46274510 0.48627451
v -0.835363 0.016581 -0.081005 0.71764706 0.46666667 0.47450980
v -0.833915 0.016252 -0.081005 0.70980392 0.45882353 0.45882353
v -0.830059 0.016506 -0.081005 0.78039216 0.51372549 0.50588235
v -0.828972 0.016687 -0.081005 0.82745098 0.54901961 0.53725490
v -0.824996 0.018088 -0.081005 0.83921569 0.49803922 0.50588235
v -0.824455 0.022110 -0.081005 0.85882353 0.52549020 0.53725490
v -0.772080 0.020705 -0.081005 0.72549020 0.52549020 0.49411765
v -0.772103 0.024355 -0.081005 0.87450980 0.62745098 0.59215686
v -0.661409 0.045342 -0.081005 0.89803922 0.88627451 0.89411765
v -0.658582 0.044975 -0.081005 0.91764706 0.90980392 0.91764706
v -0.768122 0.019284 -0.081005 0.66274510 0.47450980 0.45098039
v -0.633790 0.004326 -0.081005 0.85098039 0.83921569 0.85882353
v -0.765093 0.016935 -0.081005 0.64313725 0.45490196 0.43921569
v -0.632940 0.003877 -0.081005 0.85098039 0.83921569 0.85882353
v -0.656907 0.044468 -0.081005 0.94117647 0.93333333 0.94117647
v -0.769858 0.022926 -0.081005 0.90588235 0.65490196 0.60784314
v -0.766788 0.025997 -0.081005 0.90588235 0.64705882 0.58431373
v -0.765143 0.028150 -0.081005 0.87450980 0.60000000 0.53725490
v -0.767507 0.025137 -0.081005 0.90980392 0.65490196 0.60000000
v -0.629323 0.002116 -0.081005 0.85098039 0.83921569 0.86274510
v -0.653191 0.042808 -0.081005 0.94509804 0.94117647 0.94901961
v -0.764204 0.028581 -0.081005 0.87843137 0.59607843 0.53725490
v -0.761031 0.029417 -0.081005 0.87450980 0.59607843 0.53725490
v -0.625988 0.000073 -0.081005 0.83921569 0.82745098 0.84705882
v -0.660718 0.009752 -0.081005 0.87843137 0.86274510 0.88627451
v -0.757052 0.030815 -0.081005 0.90196078 0.63921569 0.58431373
v -0.657451 0.011825 -0.081005 0.89019608 0.87843137 0.90196078
v -0.657305 0.011784 -0.081005 0.89019608 0.87843137 0.90196078
v -0.763049 0.015301 -0.081005 0.72156863 0.50588235 0.47843137
v -0.623750 -0.003067 -0.081005 0.81960784 0.81176471 0.82352941
v -0.654478 0.009232 -0.081005 0.87843137 0.87058824 0.88627451
v -0.762094 0.014556 -0.081005 0.74901961 0.52549020 0.49411765
v -0.620598 -0.005293 -0.081005 0.80392157 0.79215686 0.80392157
v -0.651281 0.007049 -0.081005 0.86274510 0.85098039 0.87058824
v -0.606929 0.046050 -0.081005 0.92941176 0.92156863 0.93725490
v -0.605895 0.045965 -0.081005 0.92941176 0.91764706 0.93333333
v -0.758523 0.012749 -0.081005 0.76862745 0.53725490 0.50588235
v -0.618344 -0.005712 -0.081005 0.78823529 0.77647059 0.78823529
v -0.646796 0.006506 -0.081005 0.87058824 0.85882353 0.87843137
v -0.601998 0.045609 -0.081005 0.91764706 0.90588235 0.92156863
v -0.616085 -0.006158 -0.081005 0.79215686 0.78039216 0.79607843
v -0.646355 0.006597 -0.081005 0.87450980 0.86274510 0.87843137
v -0.642821 0.045468 -0.081005 0.95294118 0.94509804 0.95686275
v -0.639638 0.047743 -0.081005 0.92941176 0.92941176 0.93333333
v -0.650882 0.042630 -0.081005 0.93725490 0.93725490 0.94509804
v -0.635924 0.049466 -0.081005 0.92941176 0.91764706 0.93333333
v -0.646997 0.043618 -0.081005 0.94117647 0.93333333 0.94509804
v -0.646584 0.043743 -0.081005 0.94117647 0.93725490 0.94509804
v -0.600028 0.045301 -0.081005 0.91372549 0.89803922 0.91764706
v -0.641878 0.006977 -0.081005 0.87058824 0.86274510 0.88235294
v -0.612209 -0.006468 -0.081005 0.79215686 0.78039216 0.79607843
v -0.611086 -0.006535 -0.081005 0.79215686 0.77647059 0.80000000
v -0.606608 -0.007435 -0.081005 0.78431373 0.77254902 0.79215686
v -0.640731 0.006841 -0.081005 0.86666667 0.85882353 0.87843137
v -0.840153 0.027925 -0.081005 0.80784314 0.59607843 0.56862745
v -0.636364 0.005830 -0.081005 0.85490196 0.84705882 0.86666667
v -0.836362 0.026337 -0.081005 0.88627451 0.64313725 0.61568627
v -0.635728 0.049498 -0.081005 0.92941176 0.92156863 0.93333333
v -0.832400 0.024921 -0.081005 0.91372549 0.64313725 0.59607843
v -0.605803 -0.007493 -0.081005 0.78431373 0.77254902 0.78823529
v -0.630564 0.049536 -0.081005 0.94509804 0.93725490 0.94901961
v -0.831484 0.024576 -0.081005 0.90980392 0.63137255 0.57254902
v -0.600890 -0.007095 -0.081005 0.78039216 0.76862745 0.78823529
v -0.600827 -0.007091 -0.081005 0.78039216 0.76862745 0.78823529
v -0.827836 0.024107 -0.081005 0.87843137 0.58823529 0.58039216
v -0.630346 0.049498 -0.081005 0.94117647 0.93333333 0.94509804
v -0.595550 -0.006990 -0.081005 0.78431373 0.77254902 0.78823529
v -0.625907 0.048559 -0.081005 0.94117647 0.93725490 0.94509804
v -0.595426 -0.007009 -0.081005 0.78431373 0.77254902 0.78823529
v -0.624072 0.048423 -0.081005 0.93333333 0.92156863 0.93725490
v -0.621260 0.047835 -0.081005 0.92549020 0.91372549 0.92941176
v -0.597264 0.044972 -0.081005 0.90980392 0.89019608 0.91764706
v -0.617765 0.047393 -0.081005 0.91764706 0.90196078 0.92156863
v -0.616494 0.047230 -0.081005 0.91764706 0.90196078 0.92156863
v -0.611824 0.046637 -0.081005 0.92549020 0.90980392 0.92941176
v -0.611730 0.046622 -0.081005 0.92549020 0.91372549 0.92941176
v 0.646538 0.002729 -0.081005 0.83529412 0.82352941 0.83921569
v 0.649067 0.005579 -0.081005 0.85098039 0.83921569 0.85490196
v 0.652126 0.007898 -0.081005 0.84313725 0.83921569 0.85098039
v 0.659910 0.007289 -0.081005 0.85490196 0.83529412 0.85882353
v 0.656828 0.009484 -0.081005 0.80784314 0.79215686 0.81176471
v 0.650499 0.041794 -0.081005 0.94509804 0.94117647 0.94901961
v 0.646736 0.042652 -0.081005 0.96078431 0.95686275 0.96078431
v 0.655588 0.009816 -0.081005 0.83529412 0.81960784 0.84313725
v 0.643291 0.043623 -0.081005 0.96470588 0.96078431 0.97254902
v 0.642519 0.043813 -0.081005 0.96470588 0.96470588 0.97254902
v 0.637007 0.044529 -0.081005 0.96470588 0.96078431 0.96470588
v 0.592500 -0.013147 -0.081005 0.78431373 0.77254902 0.78431373
v 0.633073 0.045123 -0.081005 0.96078431 0.95686275 0.96078431
v 0.596894 -0.012568 -0.081005 0.78039216 0.77254902 0.77647059
v 0.637754 0.044426 -0.081005 0.96470588 0.96078431 0.96470588
v 0.621644 0.043758 -0.081005 0.94117647 0.93725490 0.94901961
v 0.621093 0.043899 -0.081005 0.92549020 0.91372549 0.92549020
v 0.626175 0.044605 -0.081005 0.94509804 0.94117647 0.95686275
v 0.597262 -0.012531 -0.081005 0.78039216 0.77254902 0.77647059
v 0.614581 0.045443 -0.081005 0.91372549 0.90588235 0.91764706
v 0.630576 -0.002820 -0.081005 0.80392157 0.78823529 0.80000000
v 0.613979 -0.007736 -0.081005 0.80000000 0.78431373 0.80392157
v 0.611350 -0.008868 -0.081005 0.78823529 0.77647059 0.79215686
v 0.612680 0.046242 -0.081005 0.90980392 0.89803922 0.91372549
v 0.616846 0.045030 -0.081005 0.91764706 0.90980392 0.92156863
v 0.608828 0.047768 -0.081005 0.90980392 0.90588235 0.91764706
v 0.606342 0.050661 -0.081005 0.90196078 0.89019608 0.90588235
v 0.627174 -0.003801 -0.081005 0.78823529 0.77647059 0.78039216
v 0.602872 0.051774 -0.081005 0.90196078 0.89019608 0.90588235
v 0.630602 0.045556 -0.081005 0.95294118 0.94901961 0.95686275
v 0.642852 0.001038 -0.081005 0.83137255 0.81568627 0.83137255
v 0.627489 0.044917 -0.081005 0.94509804 0.94117647 0.95686275
v 0.602187 0.051883 -0.081005 0.90196078 0.89019608 0.90588235
v 0.642801 0.001016 -0.081005 0.83137255 0.81568627 0.83137255
v 0.634958 -0.001824 -0.081005 0.81960784 0.80392157 0.81568627
v 0.634387 -0.001966 -0.081005 0.81960784 0.80392157 0.81176471
v 0.598270 0.053345 -0.081005 0.91372549 0.90196078 0.91764706
v 0.638968 -0.000457 -0.081005 0.83529412 0.81568627 0.83137255
v 0.605770 -0.010283 -0.081005 0.78823529 0.78039216 0.79215686
v 0.603974 -0.010866 -0.081005 0.79215686 0.78431373 0.79607843
v 0.622175 -0.005176 -0.081005 0.79607843 0.78431373 0.78823529
v 0.619857 -0.005740 -0.081005 0.80392157 0.79215686 0.79607843
v 0.617880 -0.006260 -0.081005 0.80784314 0.79607843 0.80392157
v 0.626403 -0.004026 -0.081005 0.78431373 0.77254902 0.77647059
v 0.601713 -0.011604 -0.081005 0.78823529 0.77647059 0.78431373
v 0.610198 -0.009333 -0.081005 0.78431373 0.77254902 0.78823529
v 0.762377 0.015931 -0.081005 0.69803922 0.49803922 0.45882353
v 0.755808 0.011731 -0.081005 0.74901961 0.52941176 0.49803922
v 0.759269 0.013652 -0.081005 0.73725490 0.52156863 0.48235294
v 0.826841 0.015853 -0.081005 0.75294118 0.47450980 0.46666667
v 0.825211 0.016315 -0.081005 0.72941176 0.46666667 0.45882353
v 0.822472 0.018828 -0.081005 0.78039216 0.53333333 0.51764706
v 0.832476 0.015747 -0.081005 0.76862745 0.48627451 0.48235294
v 0.765146 0.018546 -0.081005 0.72549020 0.51372549 0.47058824
v 0.829492 0.015429 -0.081005 0.77647059 0.49019608 0.47843137
v 0.836364 0.017264 -0.081005 0.80000000 0.52941176 0.51764706
v 0.768332 0.020766 -0.081005 0.79215686 0.54901961 0.50588235
v 0.767564 0.023601 -0.081005 0.96078431 0.65098039 0.61176471
v 0.839490 0.019514 -0.081005 0.81960784 0.56470588 0.55294118
v 0.836552 0.017330 -0.081005 0.80392157 0.52941176 0.51764706
v 0.764070 0.025374 -0.081005 0.94509804 0.62352941 0.58431373
v 0.840606 0.021382 -0.081005 0.83529412 0.60392157 0.59215686
v 0.841072 0.023311 -0.081005 0.80392157 0.60392157 0.59607843
v 0.761417 0.027530 -0.081005 0.92941176 0.59607843 0.56862745
v 0.825959 0.022030 -0.081005 0.86274510 0.62352941 0.61176471
v 0.761180 0.027715 -0.081005 0.92941176 0.59607843 0.56470588
v 0.825208 0.021641 -0.081005 0.85882353 0.60784314 0.59215686
v 0.830279 0.023080 -0.081005 0.82745098 0.66666667 0.65098039
v 0.757170 0.028940 -0.081005 0.92156863 0.62745098 0.58823529
v 0.839452 0.025562 -0.081005 0.77647059 0.58431373 0.57647059
v 0.838548 0.025803 -0.081005 0.76470588 0.58431373 0.57647059
v 0.834433 0.024431 -0.081005 0.77647059 0.61176471 0.60000000
v 0.832761 0.023906 -0.081005 0.78431373 0.64705882 0.62352941
v 0.822752 0.019878 -0.081005 0.80784314 0.56470588 0.54509804
v 0.660573 0.042475 -0.081005 0.95294118 0.94901961 0.95294118
v 0.657041 0.042200 -0.081005 0.95294118 0.94509804 0.95686275
v 0.655595 0.042075 -0.081005 0.95294118 0.94509804 0.95294118
v 0.651230 0.041768 -0.081005 0.93725490 0.93333333 0.94901961
v -0.664011 0.045071 -0.081005 0.88235294 0.87058824 0.87843137
v -0.842871 0.025207 -0.081683 0.83137255 0.58431373 0.54901961
v -0.840182 0.027896 -0.081034 0.73725490 0.56862745 0.53725490
v -0.840182 0.022518 -0.082909 0.85098039 0.54117647 0.50588235
v -0.837493 0.019829 -0.082727 0.80000000 0.49411765 0.51764706
v -0.837493 0.025207 -0.081903 0.88235294 0.61176471 0.57647059
v -0.834804 0.022518 -0.083100 0.89411765 0.58823529 0.58431373
v -0.834803 0.017140 -0.081678 0.73333333 0.46274510 0.47058824
v -0.832115 0.019829 -0.082789 0.81960784 0.50980392 0.51372549
v -0.829425 0.017140 -0.081363 0.81960784 0.53725490 0.52941176
v -0.826736 0.019829 -0.081803 0.83529412 0.50980392 0.52549020
v -0.781023 0.022518 -0.084293 0.73725490 0.54901961 0.49803922
v -0.662861 0.043891 -0.082475 0.87843137 0.87058824 0.87450980
v -0.778334 0.025207 -0.083979 0.84705882 0.60784314 0.55686275
v -0.660166 0.041206 -0.083916 0.91764706 0.91372549 0.91764706
v -0.657490 0.043885 -0.081573 0.94509804 0.93725490 0.94509804
v -0.657484 0.038509 -0.084524 0.95294118 0.94901961 0.95686275
v -0.654824 0.041174 -0.082171 0.94901961 0.94509804 0.94901961
v -0.775645 0.027896 -0.084282 0.83529412 0.53725490 0.49803922
v -0.662714 0.011752 -0.083569 0.89019608 0.87843137 0.90196078
v -0.778334 0.019829 -0.084185 0.71372549 0.52941176 0.48627451
v -0.775645 0.017140 -0.084275 0.65882353 0.47450980 0.44705882
v -0.660046 0.014422 -0.084276 0.89803922 0.88627451 0.90980392
v -0.775644 0.022518 -0.082223 0.81568627 0.59607843 0.54509804
v -0.654691 0.014399 -0.083284 0.90588235 0.89411765 0.91372549
v -0.772955 0.019829 -0.081826 0.62745098 0.45098039 0.43137255
v -0.829425 0.022518 -0.082018 0.88235294 0.59607843 0.58431373
v -0.772955 0.025207 -0.081776 0.93333333 0.67450980 0.63921569
v -0.652008 0.011703 -0.082491 0.89803922 0.88627451 0.90588235
v -0.770266 0.017140 -0.082745 0.44705882 0.32941176 0.33333333
v -0.649316 0.009015 -0.082008 0.88235294 0.87058824 0.89019608
v -0.635851 0.006343 -0.081321 0.85490196 0.84705882 0.86274510
v -0.770266 0.027896 -0.083112 0.84313725 0.56862745 0.51764706
v -0.633158 0.009036 -0.082730 0.87843137 0.86666667 0.88627451
v -0.767577 0.025207 -0.081079 0.90980392 0.65490196 0.60000000
v -0.630449 0.006368 -0.082217 0.86666667 0.84705882 0.87450980
v -0.652083 0.022390 -0.084493 0.92549020 0.92156863 0.93725490
v -0.609079 0.043893 -0.084757 0.92549020 0.91764706 0.92941176
v -0.654760 0.030471 -0.084356 0.94509804 0.93725490 0.94509804
v -0.762199 0.014451 -0.081374 0.74117647 0.52156863 0.49019608
v -0.654803 0.035811 -0.084439 0.95686275 0.95294118 0.95686275
v -0.603724 0.043873 -0.084472 0.92941176 0.92156863 0.93725490
v -0.652136 0.033101 -0.083915 0.95294118 0.94509804 0.95294118
v -0.627748 0.003691 -0.081998 0.84705882 0.83137255 0.85490196
v -0.649434 0.025042 -0.084618 0.94901961 0.94117647 0.95294118
v -0.598393 0.043831 -0.083479 0.92156863 0.90588235 0.92549020
v -0.665500 0.041245 -0.084272 0.77647059 0.76470588 0.77647059
v -0.649426 0.030431 -0.084160 0.95294118 0.94509804 0.95686275
v -0.630437 0.011758 -0.084150 0.87450980 0.86274510 0.89411765
v -0.646737 0.027740 -0.084164 0.94509804 0.93725490 0.94901961
v -0.627748 0.009069 -0.083961 0.84313725 0.82352941 0.85882353
v -0.652059 0.017033 -0.084146 0.90588235 0.89411765 0.91764706
v -0.625059 0.006381 -0.083983 0.81960784 0.80392157 0.83137255
v -0.649361 0.014350 -0.083687 0.89803922 0.89019608 0.91372549
v -0.614302 -0.004375 -0.083124 0.80000000 0.79215686 0.80784314
v -0.625059 0.001002 -0.081951 0.82352941 0.81176471 0.83137255
v -0.622370 -0.001686 -0.081844 0.81568627 0.80784314 0.82352941
v -0.649421 0.019673 -0.083927 0.91372549 0.90980392 0.92549020
v -0.608924 -0.004373 -0.084007 0.81176471 0.79607843 0.82352941
v -0.622370 0.003692 -0.084095 0.81568627 0.80000000 0.83137255
v -0.646681 0.017031 -0.084352 0.90980392 0.90196078 0.92156863
v -0.619680 0.001003 -0.084186 0.81176471 0.79607843 0.82352941
v -0.619680 -0.004375 -0.081770 0.80000000 0.78823529 0.80000000
v -0.646659 0.011672 -0.083076 0.89803922 0.89019608 0.91372549
v -0.643932 0.009020 -0.081818 0.88627451 0.87843137 0.89803922
v -0.643970 0.014362 -0.083998 0.90588235 0.89411765 0.91372549
v -0.641239 0.011712 -0.083379 0.88627451 0.87843137 0.89803922
v -0.646699 0.022394 -0.084362 0.93333333 0.92549020 0.94117647
v -0.643982 0.019730 -0.084328 0.91764706 0.90588235 0.92549020
v -0.644013 0.025081 -0.084206 0.94509804 0.93725490 0.95294118
v -0.606234 -0.007062 -0.082359 0.78431373 0.77647059 0.79607843
v -0.641274 0.022438 -0.084250 0.93333333 0.92156863 0.94509804
v -0.603545 -0.004373 -0.084614 0.80784314 0.79215686 0.81568627
v -0.641269 0.017063 -0.084545 0.90980392 0.89803922 0.91764706
v -0.638567 0.014385 -0.084285 0.89411765 0.88627451 0.90588235
v -0.600856 -0.007062 -0.081391 0.78039216 0.76470588 0.78431373
v -0.616991 -0.001686 -0.083793 0.80784314 0.80000000 0.81960784
v -0.638556 0.019776 -0.084492 0.91372549 0.90588235 0.92549020
v -0.652122 0.038495 -0.082300 0.95294118 0.94509804 0.95294118
v -0.649453 0.035787 -0.083095 0.94901961 0.94117647 0.94901961
v -0.633156 0.014418 -0.084367 0.89411765 0.87843137 0.90588235
v -0.633142 0.019810 -0.084554 0.90588235 0.89019608 0.91764706
v -0.649433 0.041186 -0.081584 0.93725490 0.93333333 0.94509804
v -0.646734 0.038504 -0.082455 0.93333333 0.92941176 0.93725490
v -0.641291 0.043943 -0.081871 0.94117647 0.93333333 0.94117647
v -0.646736 0.033122 -0.083607 0.95294118 0.94509804 0.95294118
v -0.638556 0.046672 -0.081791 0.92549020 0.92156863 0.92941176
v -0.635842 0.049384 -0.081068 0.92941176 0.92156863 0.93333333
v -0.638588 0.041266 -0.083000 0.92941176 0.92156863 0.93333333
v -0.635862 0.043988 -0.083009 0.91764706 0.90980392 0.92549020
v -0.635882 0.038591 -0.083637 0.90980392 0.90196078 0.91764706
v -0.644005 0.030471 -0.084015 0.94901961 0.94117647 0.95294118
v -0.633170 0.041301 -0.083748 0.91372549 0.90588235 0.92156863
v -0.644026 0.035831 -0.083366 0.93333333 0.92549020 0.93725490
v -0.641314 0.033162 -0.083925 0.93725490 0.92549020 0.94117647
v -0.644004 0.041231 -0.082140 0.92549020 0.91764706 0.92941176
v -0.633151 0.046697 -0.082644 0.92156863 0.91372549 0.92941176
v -0.641296 0.038558 -0.083221 0.92941176 0.92549020 0.93725490
v -0.630460 0.044009 -0.083610 0.90588235 0.89803922 0.91764706
v -0.638584 0.035889 -0.083671 0.92941176 0.92156863 0.93725490
v -0.630436 0.049408 -0.081094 0.95294118 0.94509804 0.95294118
v -0.627747 0.046719 -0.082470 0.93725490 0.93333333 0.94117647
v -0.641298 0.027796 -0.084253 0.94117647 0.92941176 0.94509804
v -0.638581 0.025132 -0.084029 0.93333333 0.92549020 0.94509804
v -0.633169 0.035923 -0.084169 0.88627451 0.87843137 0.89803922
v -0.638578 0.030514 -0.083985 0.93333333 0.92156863 0.94117647
v -0.630436 0.038652 -0.084470 0.90196078 0.89019608 0.90980392
v -0.635862 0.027850 -0.084082 0.92549020 0.91372549 0.93725490
v -0.635863 0.022469 -0.084278 0.92549020 0.91372549 0.93725490
v -0.633166 0.025167 -0.084583 0.90588235 0.89411765 0.91372549
v -0.635880 0.033214 -0.083991 0.92156863 0.90980392 0.92941176
v -0.627747 0.041341 -0.084411 0.89411765 0.88627451 0.90196078
v -0.633152 0.030559 -0.084229 0.90980392 0.89803922 0.91764706
v -0.625058 0.044030 -0.083938 0.92156863 0.91372549 0.93333333
v -0.638543 0.009029 -0.082044 0.87843137 0.86666667 0.88627451
v -0.622369 0.046719 -0.082511 0.93333333 0.92941176 0.94117647
v -0.619680 0.044030 -0.084530 0.92549020 0.91764706 0.93333333
v -0.635849 0.011723 -0.083497 0.87843137 0.87058824 0.89019608
v -0.617044 0.046673 -0.082019 0.92549020 0.91372549 0.93333333
v -0.611769 0.046582 -0.081099 0.92941176 0.91764706 0.93333333
v 0.597097 -0.012366 -0.081138 0.78431373 0.77647059 0.78039216
v 0.613231 -0.006988 -0.081736 0.80392157 0.79215686 0.81176471
v 0.615920 -0.004299 -0.082777 0.82745098 0.81176471 0.83137255
v 0.610542 -0.004299 -0.083800 0.82352941 0.81176471 0.83529412
v 0.605164 -0.009677 -0.081535 0.79607843 0.79215686 0.80000000
v 0.629365 0.041415 -0.084263 0.94901961 0.94901961 0.96078431
v 0.613231 -0.001610 -0.084766 0.83921569 0.82352941 0.84705882
v 0.599786 -0.009677 -0.082401 0.80392157 0.79215686 0.80000000
v 0.645499 0.041415 -0.083255 0.94901961 0.94901961 0.95686275
v 0.602475 -0.006988 -0.083754 0.82352941 0.81176471 0.82352941
v 0.602475 0.046793 -0.084623 0.89411765 0.88627451 0.89803922
v 0.597096 0.052171 -0.083000 0.90196078 0.89411765 0.90980392
v 0.607853 -0.006988 -0.083044 0.81568627 0.80392157 0.81960784
v 0.618609 -0.001610 -0.084288 0.83529412 0.82352941 0.83529412
v 0.605164 -0.004299 -0.084722 0.83137255 0.81960784 0.83921569
v 0.599785 0.049482 -0.083722 0.89019608 0.88235294 0.89803922
v 0.650877 0.041415 -0.081426 0.93333333 0.93333333 0.94509804
v 0.629365 -0.001610 -0.082631 0.79607843 0.78431373 0.79215686
v 0.634743 0.041415 -0.084631 0.95294118 0.95294118 0.96470588
v 0.637432 0.044104 -0.081681 0.95686275 0.95686275 0.96862745
v 0.632054 0.001079 -0.084798 0.79607843 0.78039216 0.79215686
v 0.632054 0.044104 -0.082370 0.95294118 0.95686275 0.96470588
v 0.626676 0.044104 -0.081492 0.94901961 0.94509804 0.95686275
v 0.645549 0.003718 -0.082122 0.83921569 0.82745098 0.84313725
v 0.648244 0.006402 -0.082019 0.85098039 0.83921569 0.85882353
v 0.607853 0.046793 -0.082003 0.90980392 0.89803922 0.91372549
v 0.605164 0.049482 -0.082364 0.90196078 0.89411765 0.90588235
v 0.650947 0.009078 -0.082138 0.85098039 0.84313725 0.85490196
v 0.661693 0.009088 -0.083701 0.86666667 0.85490196 0.87450980
v 0.659028 0.011753 -0.084748 0.83529412 0.82352941 0.83921569
v 0.594407 -0.009677 -0.082729 0.79607843 0.78431373 0.78823529
v 0.653655 0.011748 -0.083334 0.85490196 0.84313725 0.86666667
v 0.653566 0.038726 -0.084545 0.93725490 0.94117647 0.95686275
v 0.597096 -0.006988 -0.084153 0.80392157 0.79607843 0.80392157
v 0.642837 0.001052 -0.081023 0.83137255 0.81568627 0.83137255
v 0.634743 -0.001610 -0.081286 0.81960784 0.80392157 0.81568627
v 0.637455 0.001056 -0.082935 0.83137255 0.81568627 0.83137255
v 0.640163 0.003726 -0.084185 0.83921569 0.82352941 0.83921569
v 0.621298 -0.004299 -0.081912 0.80392157 0.78823529 0.79607843
v 0.623987 -0.001610 -0.083792 0.80784314 0.79607843 0.80000000
v 0.771884 0.017214 -0.083538 0.51372549 0.38039216 0.34117647
v 0.763820 0.014514 -0.083975 0.63921569 0.45882353 0.41960784
v 0.766518 0.017176 -0.082223 0.55294118 0.41568627 0.36470588
v 0.769195 0.019902 -0.081387 0.67450980 0.47843137 0.43529412
v 0.774574 0.019900 -0.083592 0.64313725 0.45490196 0.41960784
v 0.777269 0.022571 -0.083643 0.83529412 0.56078431 0.52549020
v 0.771885 0.022592 -0.081881 0.85882353 0.59215686 0.54901961
v 0.774585 0.025247 -0.084027 0.89019608 0.57647059 0.53333333
v 0.769205 0.025252 -0.082060 0.94509804 0.62745098 0.59215686
v 0.771911 0.027891 -0.084716 0.86274510 0.54509804 0.50980392
v 0.766565 0.027795 -0.084026 0.88627451 0.55686275 0.52549020
v 0.761205 0.027739 -0.081051 0.92941176 0.59607843 0.56470588
v 0.839128 0.025229 -0.081311 0.78823529 0.61176471 0.60000000
v 0.825775 0.016874 -0.081321 0.74509804 0.47450980 0.46274510
v 0.823110 0.019493 -0.081110 0.77647059 0.52156863 0.50196078
v 0.656255 0.041415 -0.082588 0.94117647 0.93725490 0.95294118
v 0.831098 0.017044 -0.081987 0.78431373 0.50588235 0.49803922
v 0.661633 0.041415 -0.082526 0.94901961 0.94509804 0.95294118
v 0.833769 0.019792 -0.082686 0.82352941 0.60392157 0.60784314
v 0.839116 0.019888 -0.081460 0.85490196 0.60000000 0.58431373
v 0.836454 0.022495 -0.082256 0.82352941 0.67450980 0.66274510
v 0.828472 0.019543 -0.082009 0.83137255 0.56470588 0.54117647
v 0.831158 0.022246 -0.081864 0.85882353 0.67843137 0.65490196
v -0.693190 0.002789 -0.081005 0.84313725 0.73333333 0.71372549
v -0.749013 0.033015 -0.081005 0.91764706 0.65882353 0.60784314
v -0.750578 0.009937 -0.081005 0.79607843 0.55294118 0.51372549
v -0.685919 0.002708 -0.081005 0.85098039 0.76862745 0.76470588
v -0.682059 0.003163 -0.081005 0.85490196 0.79607843 0.80000000
v -0.746011 0.009019 -0.081005 0.80000000 0.55686275 0.51372549
v -0.748609 0.033129 -0.081005 0.91372549 0.68235294 0.61568627
v -0.739733 0.035009 -0.081005 0.91372549 0.67843137 0.62352941
v 0.690874 0.001419 -0.081005 0.81960784 0.77647059 0.78039216
v -0.733543 0.007307 -0.081005 0.79607843 0.56470588 0.52549020
v -0.731855 0.007148 -0.081005 0.79607843 0.57647059 0.53333333
v 0.685917 0.001162 -0.081005 0.82352941 0.79607843 0.80784314
v -0.735132 0.036140 -0.081005 0.90980392 0.68627451 0.63137255
v 0.680053 0.001483 -0.081005 0.82745098 0.80784314 0.81960784
v 0.675934 0.001935 -0.081005 0.82352941 0.81176471 0.82745098
v -0.730862 0.036895 -0.081005 0.90980392 0.68627451 0.62745098
v -0.741495 0.008264 -0.081005 0.79215686 0.55686275 0.51372549
v 0.665692 0.005088 -0.081005 0.82745098 0.81176471 0.82745098
v -0.722387 0.038129 -0.081005 0.89803922 0.67450980 0.61568627
v 0.667553 0.004259 -0.081005 0.81568627 0.80000000 0.81960784
v -0.721522 0.038311 -0.081005 0.88235294 0.66666667 0.60392157
v -0.676519 0.004063 -0.081005 0.86274510 0.83137255 0.84705882
v -0.668371 0.006672 -0.081005 0.85490196 0.84313725 0.87450980
v 0.748850 0.031323 -0.081005 0.91764706 0.65490196 0.60392157
v 0.729275 0.006042 -0.081005 0.80784314 0.63137255 0.60392157
v -0.721889 0.006409 -0.081005 0.80000000 0.58823529 0.54509804
v 0.722545 0.005521 -0.081005 0.81568627 0.65490196 0.63137255
v 0.746085 0.032013 -0.081005 0.91764706 0.66666667 0.61176471
v -0.721843 0.006405 -0.081005 0.80784314 0.59607843 0.55686275
v 0.700482 0.002567 -0.081005 0.81568627 0.72941176 0.72156863
v -0.667417 0.007050 -0.081005 0.86666667 0.85098039 0.88235294
v -0.712203 0.005288 -0.081005 0.81960784 0.61568627 0.57647059
v 0.747792 0.009222 -0.081005 0.76862745 0.54901961 0.51372549
v 0.683834 0.040727 -0.081005 0.92549020 0.91372549 0.93333333
v -0.709574 0.004850 -0.081005 0.83137255 0.63921569 0.60000000
v 0.682589 0.040858 -0.081005 0.91764706 0.90980392 0.92549020
v -0.702958 0.003777 -0.081005 0.83137255 0.66274510 0.62745098
v 0.692397 0.039910 -0.081005 0.87843137 0.81568627 0.78431373
v -0.697035 0.003068 -0.081005 0.83529412 0.68627451 0.65490196
v 0.672774 0.041799 -0.081005 0.92941176 0.93333333 0.94117647
v -0.711855 0.039399 -0.081005 0.88235294 0.67058824 0.60784314
v 0.671946 0.041858 -0.081005 0.92941176 0.93333333 0.94117647
v 0.697676 0.002164 -0.081005 0.81568627 0.75686275 0.75686275
v 0.662730 0.042512 -0.081005 0.95294118 0.94509804 0.95686275
v -0.710138 0.039621 -0.081005 0.87058824 0.67058824 0.60392157
v -0.702505 0.040807 -0.081005 0.79607843 0.66274510 0.61176471
v 0.709622 0.004183 -0.081005 0.81568627 0.71372549 0.70196078
v 0.719360 0.005201 -0.081005 0.81568627 0.67450980 0.65490196
v -0.697815 0.041189 -0.081005 0.78039216 0.69803922 0.66274510
v 0.710576 0.004308 -0.081005 0.81960784 0.70196078 0.68627451
v -0.692777 0.041828 -0.081005 0.78823529 0.72549020 0.71372549
v -0.685776 0.042473 -0.081005 0.85098039 0.84705882 0.85490196
v 0.738774 0.007295 -0.081005 0.80000000 0.59215686 0.56078431
v 0.734410 0.006629 -0.081005 0.80784314 0.61176471 0.58431373
v -0.683031 0.042766 -0.081005 0.83921569 0.83529412 0.83921569
v 0.747634 0.009177 -0.081005 0.79215686 0.57254902 0.54117647
v -0.673656 0.043845 -0.081005 0.86274510 0.85098039 0.86274510
v 0.739847 0.033131 -0.081005 0.92156863 0.67843137 0.61960784
v -0.673471 0.043858 -0.081005 0.88627451 0.87450980 0.88627451
v 0.732773 0.034649 -0.081005 0.91764706 0.68627451 0.62352941
v 0.730877 0.035039 -0.081005 0.91372549 0.67843137 0.61176471
v 0.695772 0.039539 -0.081005 0.84313725 0.66274510 0.58039216
v 0.720213 0.036498 -0.081005 0.91764706 0.65882353 0.57647059
v 0.711857 0.037727 -0.081005 0.91764706 0.65490196 0.56078431
v 0.721319 0.036312 -0.081005 0.91764706 0.67058824 0.59215686
v 0.707861 0.038157 -0.081005 0.90588235 0.64313725 0.56470588
v 0.702370 0.039081 -0.081005 0.90196078 0.62745098 0.53333333
v -0.678839 0.006384 -0.087857 0.86666667 0.82745098 0.83921569
v -0.737998 0.033274 -0.085182 0.89411765 0.68235294 0.63137255
v -0.732620 0.006384 -0.084380 0.80784314 0.57647059 0.53725490
v -0.721864 0.006384 -0.081068 0.81176471 0.59215686 0.55294118
v -0.711107 0.038652 -0.082759 0.85882353 0.66274510 0.60392157
v -0.700351 0.038652 -0.085429 0.56470588 0.46274510 0.42745098
v 0.677770 0.003767 -0.087427 0.81960784 0.80784314 0.82352941
v -0.689612 0.038636 -0.086542 0.56862745 0.51764706 0.50980392
v -0.678892 0.038604 -0.086652 0.72156863 0.70980392 0.71764706
v 0.747833 0.030212 -0.085088 0.91764706 0.66666667 0.61176471
v 0.720793 0.003768 -0.086158 0.81176471 0.64705882 0.62352941
v 0.710036 0.003768 -0.082181 0.81176471 0.69411765 0.68235294
v 0.677768 0.036037 -0.087698 0.93333333 0.92941176 0.93725490
v 0.667012 0.036037 -0.087166 0.92941176 0.92941176 0.93725490
v 0.672390 0.041415 -0.081561 0.92941176 0.93725490 0.94901961
v 0.737022 0.030374 -0.087288 0.93333333 0.70196078 0.64313725
v 0.688524 0.036037 -0.087809 0.94509804 0.93725490 0.95294118
v 0.699284 0.036026 -0.087250 0.87450980 0.65882353 0.56470588
v 0.720855 0.035854 -0.082182 0.91764706 0.67058824 0.59215686
v 0.710065 0.035954 -0.085224 0.89411765 0.65882353 0.56470588
v -0.845083 0.022995 -0.077202 0.78823529 0.54901961 0.52941176
v -0.845135 0.027471 -0.077202 0.79215686 0.55686275 0.53333333
v -0.841779 0.029493 -0.077202 0.80000000 0.56470588 0.54117647
v -0.843062 0.019638 -0.077202 0.76078431 0.51764706 0.50196078
v -0.844018 0.020976 -0.077202 0.78039216 0.53725490 0.51764706
v -0.840198 0.017123 -0.077202 0.74901961 0.50980392 0.49803922
v -0.840108 0.017066 -0.077202 0.74117647 0.50196078 0.49411765
v -0.836741 0.015202 -0.077202 0.72156863 0.48627451 0.48627451
v -0.832469 0.014096 -0.077202 0.70980392 0.49411765 0.48627451
v -0.831685 0.014021 -0.077202 0.71764706 0.49411765 0.49019608
v -0.827217 0.013970 -0.077202 0.74117647 0.49411765 0.48627451
v -0.826269 0.013983 -0.077202 0.77254902 0.49803922 0.48627451
v -0.838627 0.029450 -0.077202 0.81960784 0.59215686 0.56470588
v -0.835679 0.028771 -0.077202 0.83137255 0.60392157 0.57647059
v -0.635243 -0.004977 -0.077202 0.80784314 0.80000000 0.80784314
v -0.631570 -0.005509 -0.077202 0.81176471 0.80392157 0.81176471
v -0.834255 0.028444 -0.077202 0.85098039 0.61568627 0.58039216
v -0.829768 0.027554 -0.077202 0.88627451 0.64313725 0.58039216
v -0.629457 -0.005356 -0.077202 0.81568627 0.80784314 0.81960784
v -0.829046 0.027517 -0.077202 0.90588235 0.64705882 0.58039216
v -0.626118 -0.005435 -0.077202 0.81568627 0.80784314 0.81960784
v -0.767403 0.020003 -0.077202 0.81176471 0.56862745 0.52941176
v -0.824284 0.027659 -0.077202 0.90980392 0.64705882 0.60392157
v -0.623821 -0.005613 -0.077202 0.80392157 0.79215686 0.80392157
v -0.767494 0.025124 -0.077202 0.89019608 0.63137255 0.56862745
v -0.763180 0.018848 -0.077202 0.77254902 0.54117647 0.50196078
v -0.823801 0.027650 -0.077202 0.91372549 0.65098039 0.60784314
v -0.620962 -0.005657 -0.077202 0.79607843 0.78431373 0.79607843
v -0.618196 -0.005859 -0.077202 0.79215686 0.78039216 0.79215686
v -0.819171 0.027395 -0.077202 0.90980392 0.67058824 0.63921569
v -0.616092 -0.006165 -0.077202 0.78823529 0.77647059 0.79215686
v -0.627601 0.051952 -0.077202 0.93333333 0.92549020 0.94117647
v -0.821406 0.014498 -0.077202 0.79215686 0.45098039 0.45098039
v -0.821296 0.014513 -0.077202 0.78823529 0.44705882 0.44705882
v -0.623799 0.050667 -0.077202 0.92941176 0.91764706 0.93333333
v -0.816862 0.015333 -0.077202 0.81960784 0.50980392 0.49803922
v -0.643322 0.052665 -0.077202 0.93725490 0.93333333 0.94509804
v -0.763179 0.026187 -0.077202 0.89019608 0.61960784 0.56078431
v -0.817951 0.027178 -0.077202 0.90588235 0.67058824 0.64313725
v -0.760688 0.029074 -0.077202 0.90196078 0.63137255 0.57647059
v -0.640075 0.053591 -0.077202 0.92941176 0.92156863 0.93333333
v -0.619808 0.049454 -0.077202 0.92549020 0.91372549 0.92941176
v -0.619675 0.049419 -0.077202 0.91764706 0.90588235 0.92156863
v -0.814672 0.015759 -0.077202 0.82745098 0.52941176 0.51372549
v -0.812279 0.016128 -0.077202 0.82745098 0.53333333 0.51372549
v -0.807933 0.017160 -0.077202 0.82352941 0.53333333 0.50980392
v -0.757356 0.031120 -0.077202 0.91372549 0.65490196 0.60000000
v -0.813822 0.027365 -0.077202 0.92156863 0.62745098 0.60392157
v -0.812652 0.027256 -0.077202 0.92156863 0.61960784 0.60000000
v -0.637029 0.053573 -0.077202 0.92549020 0.91764706 0.92941176
v -0.808680 0.027129 -0.077202 0.90980392 0.61960784 0.61176471
v -0.761471 0.015179 -0.077202 0.75686275 0.52941176 0.49411765
v -0.807876 0.017177 -0.077202 0.82352941 0.53333333 0.50980392
v -0.634492 0.053423 -0.077202 0.92549020 0.91764706 0.92941176
v -0.758533 0.012739 -0.077202 0.76862745 0.53333333 0.49803922
v -0.632060 0.053163 -0.077202 0.92549020 0.91764706 0.93333333
v -0.627821 0.052024 -0.077202 0.93333333 0.92549020 0.94117647
v -0.615166 0.048561 -0.077202 0.91372549 0.90588235 0.91764706
v -0.807041 0.027024 -0.077202 0.90980392 0.63137255 0.61960784
v -0.666306 0.047446 -0.077202 0.94901961 0.93725490 0.94117647
v -0.613647 0.048470 -0.077202 0.91372549 0.90588235 0.92156863
v -0.664399 0.047725 -0.077202 0.95294118 0.93725490 0.94117647
v -0.803693 0.018298 -0.077202 0.81960784 0.52941176 0.50588235
v -0.610144 0.048220 -0.077202 0.92156863 0.90980392 0.92549020
v -0.800269 0.019406 -0.077202 0.83137255 0.53333333 0.51372549
v -0.607852 0.047905 -0.077202 0.91764706 0.90980392 0.92156863
v -0.661510 0.047995 -0.077202 0.94901961 0.93725490 0.94117647
v -0.605458 0.047529 -0.077202 0.90980392 0.89803922 0.91764706
v -0.658821 0.047931 -0.077202 0.94901961 0.94117647 0.94509804
v -0.601787 0.046995 -0.077202 0.90588235 0.89019608 0.91372549
v -0.656207 0.048011 -0.077202 0.95294118 0.94509804 0.94901961
v -0.600736 0.046885 -0.077202 0.90588235 0.88627451 0.91372549
v -0.652104 0.049268 -0.077202 0.95294118 0.94509804 0.95294118
v -0.596620 0.046921 -0.077202 0.89803922 0.88235294 0.90980392
v -0.652063 0.049288 -0.077202 0.95294118 0.94901961 0.95686275
v -0.799641 0.019624 -0.077202 0.83529412 0.52941176 0.51372549
v -0.648434 0.051093 -0.077202 0.95294118 0.94901961 0.95294118
v -0.611868 -0.006806 -0.077202 0.78823529 0.77647059 0.79215686
v -0.644287 0.052343 -0.077202 0.94117647 0.93725490 0.94509804
v -0.611433 -0.006882 -0.077202 0.78823529 0.77647059 0.79215686
v -0.657361 0.006387 -0.077202 0.85882353 0.84705882 0.86666667
v -0.606599 -0.007426 -0.077202 0.78431373 0.77254902 0.78823529
v -0.657332 0.006378 -0.077202 0.85882353 0.84705882 0.86666667
v -0.605863 -0.007434 -0.077202 0.78431373 0.77254902 0.78823529
v -0.654077 0.004255 -0.077202 0.84705882 0.83529412 0.85490196
v -0.651339 0.001613 -0.077202 0.83921569 0.83137255 0.85098039
v -0.601054 -0.007259 -0.077202 0.78431373 0.77254902 0.78823529
v -0.648914 -0.001341 -0.077202 0.83137255 0.81960784 0.83137255
v -0.600670 -0.007248 -0.077202 0.78431373 0.76862745 0.78823529
v -0.645988 -0.003793 -0.077202 0.79215686 0.78431373 0.79215686
v -0.641581 -0.004765 -0.077202 0.80000000 0.78823529 0.79607843
v -0.640702 -0.004900 -0.077202 0.80392157 0.79215686 0.80392157
v -0.595854 -0.007437 -0.077202 0.78431373 0.77254902 0.78823529
v -0.636257 -0.004819 -0.077202 0.79607843 0.78431373 0.79215686
v 0.591833 -0.017858 -0.077202 0.76862745 0.75686275 0.76862745
v 0.597159 -0.017807 -0.077202 0.76470588 0.75294118 0.76078431
v 0.597023 -0.017817 -0.077202 0.76470588 0.75686275 0.76470588
v 0.625014 -0.008015 -0.077202 0.78039216 0.77254902 0.77254902
v 0.601808 -0.017078 -0.077202 0.76470588 0.75686275 0.76470588
v 0.621798 -0.009177 -0.077202 0.77647059 0.76862745 0.77254902
v 0.618687 0.046715 -0.077202 0.92156863 0.91372549 0.92941176
v 0.618542 0.046727 -0.077202 0.91764706 0.90980392 0.92156863
v 0.605370 -0.015261 -0.077202 0.76470588 0.75686275 0.76470588
v 0.633638 -0.005883 -0.077202 0.79607843 0.78039216 0.78431373
v 0.604595 -0.015623 -0.077202 0.76470588 0.75686275 0.76078431
v 0.609562 -0.014075 -0.077202 0.76470588 0.75686275 0.76470588
v 0.613624 -0.012759 -0.077202 0.77254902 0.76078431 0.77254902
v 0.623458 0.047322 -0.077202 0.90196078 0.89411765 0.90588235
v 0.612674 -0.012923 -0.077202 0.77254902 0.76078431 0.77254902
v 0.614939 0.048502 -0.077202 0.91764706 0.90588235 0.91764706
v 0.617317 -0.011074 -0.077202 0.77254902 0.76862745 0.76862745
v 0.629616 -0.006737 -0.077202 0.78039216 0.76862745 0.77254902
v 0.633794 0.045844 -0.077202 0.96078431 0.95294118 0.96078431
v 0.629221 -0.006844 -0.077202 0.78431373 0.76862745 0.77254902
v 0.637882 -0.004750 -0.077202 0.79607843 0.78431373 0.78823529
v 0.636600 -0.005131 -0.077202 0.79607843 0.78431373 0.78823529
v 0.641969 -0.003458 -0.077202 0.79607843 0.78039216 0.79607843
v 0.629560 0.046988 -0.077202 0.94509804 0.93725490 0.94509804
v 0.645743 -0.001854 -0.077202 0.81568627 0.79607843 0.81568627
v 0.644920 -0.002244 -0.077202 0.81176471 0.79215686 0.81176471
v 0.629043 0.047115 -0.077202 0.94509804 0.93333333 0.94509804
v 0.624676 0.047483 -0.077202 0.92156863 0.90980392 0.92156863
v 0.649027 0.000240 -0.077202 0.83529412 0.81960784 0.83137255
v 0.621065 -0.009444 -0.077202 0.77647059 0.77254902 0.77254902
v 0.651473 0.003172 -0.077202 0.84705882 0.83137255 0.84313725
v 0.655050 0.004974 -0.077202 0.83137255 0.81568627 0.83137255
v 0.657659 0.005050 -0.077202 0.80000000 0.78823529 0.80000000
v 0.648780 0.043513 -0.077202 0.96078431 0.95294118 0.96078431
v 0.647884 0.043799 -0.077202 0.96862745 0.96078431 0.96470588
v 0.643416 0.044710 -0.077202 0.97647059 0.96862745 0.97254902
v 0.635973 0.045563 -0.077202 0.96470588 0.95686275 0.96078431
v 0.641949 0.044965 -0.077202 0.97254902 0.96470588 0.96862745
v 0.638686 0.045358 -0.077202 0.96470588 0.95686275 0.96078431
v 0.609226 0.050798 -0.077202 0.90588235 0.89019608 0.90980392
v 0.607137 0.051456 -0.077202 0.89803922 0.88627451 0.90196078
v 0.611228 0.050169 -0.077202 0.90588235 0.89411765 0.90980392
v 0.603324 0.053021 -0.077202 0.90588235 0.89803922 0.90980392
v 0.600748 0.053897 -0.077202 0.92156863 0.90980392 0.92156863
v 0.599213 0.054288 -0.077202 0.92941176 0.91764706 0.92941176
v 0.594652 0.055105 -0.077202 0.94117647 0.92941176 0.94509804
v 0.758897 0.013998 -0.077202 0.75294118 0.52941176 0.49019608
v 0.755786 0.011755 -0.077202 0.75686275 0.53333333 0.49411765
v 0.761310 0.016959 -0.077202 0.74509804 0.52549020 0.48627451
v 0.755775 0.011749 -0.077202 0.76078431 0.53725490 0.50196078
v 0.764384 0.019291 -0.077202 0.79607843 0.55686275 0.51764706
v 0.766028 0.021980 -0.077202 0.87058824 0.60392157 0.56078431
v 0.763592 0.024853 -0.077202 0.91372549 0.62745098 0.58823529
v 0.805782 0.015370 -0.077202 0.76470588 0.52549020 0.49803922
v 0.803323 0.015754 -0.077202 0.78039216 0.53725490 0.50980392
v 0.783290 0.022773 -0.077202 0.83529412 0.61960784 0.58039216
v 0.799073 0.016599 -0.077202 0.78039216 0.54117647 0.50980392
v 0.784224 0.026079 -0.077202 0.85882353 0.63921569 0.60000000
v 0.798826 0.016650 -0.077202 0.78823529 0.54901961 0.51764706
v 0.829910 0.012922 -0.077202 0.75294118 0.48627451 0.47450980
v 0.759833 0.026334 -0.077202 0.92156863 0.62745098 0.58823529
v 0.826753 0.012801 -0.077202 0.74509804 0.47843137 0.47058824
v 0.757388 0.029237 -0.077202 0.92156863 0.64313725 0.59607843
v 0.842618 0.021773 -0.077202 0.81176471 0.57254902 0.56862745
v 0.818417 0.013542 -0.077202 0.72156863 0.45490196 0.45098039
v 0.842890 0.023682 -0.077202 0.78431373 0.56862745 0.56078431
v 0.817107 0.013762 -0.077202 0.72941176 0.47843137 0.46666667
v 0.824510 0.012834 -0.077202 0.73333333 0.47450980 0.46666667
v 0.821864 0.013100 -0.077202 0.74117647 0.47450980 0.46666667
v 0.834225 0.014033 -0.077202 0.76862745 0.50196078 0.49411765
v 0.832719 0.013488 -0.077202 0.74901961 0.48627451 0.47450980
v 0.837789 0.015847 -0.077202 0.79607843 0.52941176 0.52156863
v 0.840641 0.018372 -0.077202 0.81568627 0.56078431 0.55294118
v 0.841483 0.027639 -0.077202 0.73725490 0.54901961 0.54117647
v 0.836498 0.027918 -0.077202 0.70980392 0.52941176 0.51764706
v 0.831983 0.026821 -0.077202 0.73725490 0.54901961 0.53725490
v 0.829708 0.026119 -0.077202 0.79607843 0.60784314 0.59215686
v 0.836421 0.027907 -0.077202 0.72549020 0.54509804 0.53333333
v 0.659013 0.044035 -0.077202 0.95686275 0.94901961 0.95686275
v 0.658852 0.044012 -0.077202 0.95686275 0.94901961 0.95686275
v 0.654185 0.043486 -0.077202 0.94901961 0.94117647 0.95294118
v 0.812350 0.014453 -0.077202 0.74509804 0.49803922 0.48235294
v 0.652749 0.043286 -0.077202 0.95294118 0.94117647 0.95294118
v 0.812156 0.014482 -0.077202 0.74901961 0.50588235 0.48627451
v 0.807590 0.015096 -0.077202 0.74901961 0.50980392 0.48627451
v 0.816224 0.026321 -0.077202 0.76470588 0.60392157 0.56862745
v 0.814019 0.026250 -0.077202 0.78039216 0.60000000 0.56862745
v 0.810797 0.026266 -0.077202 0.80000000 0.61960784 0.59607843
v 0.808846 0.026354 -0.077202 0.80392157 0.62745098 0.60392157
v 0.827531 0.025834 -0.077202 0.81960784 0.59607843 0.58039216
v 0.824131 0.026129 -0.077202 0.81176471 0.60000000 0.58039216
v 0.821693 0.026339 -0.077202 0.80784314 0.60784314 0.58039216
v 0.819363 0.026508 -0.077202 0.80784314 0.61568627 0.58431373
v 0.794497 0.017697 -0.077202 0.80784314 0.56470588 0.53333333
v 0.790950 0.019552 -0.077202 0.82745098 0.58431373 0.55294118
v 0.790553 0.019740 -0.077202 0.82745098 0.59607843 0.56470588
v 0.786795 0.020921 -0.077202 0.81176471 0.59215686 0.55294118
v 0.794006 0.026844 -0.077202 0.88235294 0.67058824 0.64313725
v 0.792333 0.025892 -0.077202 0.90588235 0.67058824 0.63921569
v 0.790421 0.025073 -0.077202 0.87450980 0.65490196 0.61176471
v 0.787169 0.026388 -0.077202 0.86666667 0.65098039 0.60784314
v -0.842871 0.019829 -0.078951 0.77254902 0.51372549 0.50196078
v -0.840182 0.017140 -0.077402 0.74901961 0.49803922 0.49019608
v -0.832115 0.014451 -0.078444 0.73725490 0.49019608 0.48627451
v -0.826736 0.014451 -0.078233 0.76470588 0.48627451 0.48235294
v -0.770266 0.022518 -0.079559 0.89803922 0.64313725 0.59215686
v -0.764888 0.027896 -0.080395 0.89019608 0.61568627 0.55686275
v -0.767577 0.019829 -0.079956 0.76470588 0.54509804 0.50980392
v -0.625058 0.049408 -0.079821 0.93333333 0.92549020 0.93725490
v -0.834804 0.027896 -0.078900 0.85098039 0.65098039 0.62745098
v -0.619724 0.049370 -0.077331 0.92156863 0.90980392 0.92549020
v -0.652112 0.043885 -0.080588 0.93725490 0.93725490 0.94509804
v -0.606462 0.046521 -0.079848 0.92549020 0.91372549 0.92941176
v -0.832115 0.025207 -0.080580 0.91372549 0.64705882 0.59215686
v -0.764888 0.017140 -0.080442 0.73333333 0.51764706 0.48627451
v -0.601195 0.046424 -0.078494 0.90588235 0.89019608 0.90980392
v -0.826736 0.025207 -0.080084 0.89019608 0.60000000 0.58823529
v -0.649401 0.046594 -0.079743 0.95294118 0.94901961 0.95686275
v -0.824047 0.022518 -0.080790 0.87450980 0.57647059 0.56862745
v -0.665485 0.046638 -0.078640 0.94901961 0.93725490 0.94117647
v -0.646703 0.043912 -0.080950 0.94509804 0.94117647 0.94901961
v -0.821358 0.025207 -0.079376 0.90980392 0.63529412 0.60784314
v -0.660160 0.046592 -0.079362 0.95294118 0.94509804 0.94901961
v -0.646681 0.049312 -0.078717 0.95686275 0.95294118 0.96078431
v -0.643989 0.046624 -0.080429 0.95686275 0.95294118 0.96078431
v -0.824047 0.017140 -0.080358 0.83921569 0.49803922 0.50196078
v -0.646620 0.006332 -0.080914 0.87058824 0.85882353 0.87450980
v -0.821358 0.019829 -0.080602 0.85490196 0.52941176 0.52941176
v -0.643925 0.003648 -0.079281 0.85490196 0.84313725 0.86666667
v -0.818669 0.017140 -0.079200 0.83529412 0.51764706 0.50980392
v -0.641235 0.006337 -0.080760 0.86274510 0.85490196 0.87450980
v -0.641232 0.000962 -0.077899 0.84313725 0.83529412 0.85490196
v -0.818669 0.022518 -0.079858 0.87058824 0.57254902 0.55686275
v -0.654804 0.046572 -0.078957 0.95294118 0.94901961 0.95294118
v -0.638542 0.003652 -0.079675 0.84313725 0.83921569 0.85882353
v -0.815980 0.019829 -0.079600 0.84705882 0.54509804 0.52941176
v -0.643968 0.052022 -0.077512 0.94117647 0.93725490 0.94509804
v -0.638520 -0.001704 -0.078446 0.83137255 0.81960784 0.83137255
v -0.635830 0.000986 -0.079675 0.83529412 0.82352941 0.84313725
v -0.595958 0.046300 -0.078400 0.89803922 0.88235294 0.91372549
v -0.815980 0.025207 -0.078438 0.90196078 0.61960784 0.59607843
v -0.635830 -0.004392 -0.078907 0.80392157 0.79215686 0.80000000
v -0.660028 0.009060 -0.080108 0.87058824 0.85882353 0.87843137
v -0.633140 -0.001701 -0.079715 0.83921569 0.82745098 0.83921569
v -0.813291 0.022518 -0.079411 0.87843137 0.58431373 0.56470588
v -0.657358 0.011731 -0.080950 0.89019608 0.87843137 0.90196078
v -0.654681 0.009030 -0.080811 0.87450980 0.86666667 0.88627451
v -0.813291 0.017140 -0.078168 0.84705882 0.54901961 0.53333333
v -0.651995 0.006336 -0.080288 0.85490196 0.84705882 0.86274510
v -0.649305 0.003647 -0.079168 0.84705882 0.83529412 0.85882353
v -0.810602 0.019829 -0.078802 0.84705882 0.55686275 0.53725490
v -0.646613 0.000960 -0.078160 0.83921569 0.83137255 0.85098039
v -0.643899 -0.001705 -0.077736 0.82745098 0.81568627 0.83137255
v -0.810602 0.025207 -0.078043 0.89803922 0.60392157 0.58823529
v -0.807913 0.022518 -0.078721 0.88235294 0.59607843 0.58431373
v -0.633139 0.003677 -0.080915 0.84705882 0.83921569 0.85490196
v -0.805224 0.019829 -0.078062 0.85098039 0.56470588 0.54901961
v -0.805224 0.025207 -0.077690 0.88235294 0.61176471 0.60392157
v -0.802535 0.022518 -0.078347 0.85882353 0.56862745 0.54901961
v -0.641209 -0.004393 -0.077991 0.79607843 0.78823529 0.79607843
v -0.799846 0.019829 -0.077282 0.85490196 0.55294118 0.53725490
v -0.630449 0.000989 -0.080480 0.84705882 0.83529412 0.85490196
v -0.630437 -0.004376 -0.078876 0.81568627 0.81176471 0.81960784
v -0.627748 -0.001687 -0.079521 0.84705882 0.83921569 0.85490196
v -0.625059 -0.004376 -0.079827 0.81176471 0.80392157 0.81176471
v -0.641273 0.049338 -0.079849 0.93725490 0.93333333 0.94509804
v -0.638542 0.052063 -0.078800 0.92549020 0.92156863 0.93333333
v -0.633150 0.052076 -0.078820 0.93725490 0.92941176 0.94117647
v 0.597096 -0.017744 -0.077360 0.74901961 0.74117647 0.74509804
v 0.599785 -0.015055 -0.078415 0.76078431 0.75294118 0.76078431
v 0.594407 -0.015055 -0.079091 0.76078431 0.75294118 0.76078431
v 0.623987 -0.006988 -0.078682 0.78431373 0.77254902 0.77647059
v 0.605164 -0.015055 -0.077300 0.76470588 0.75686275 0.76078431
v 0.621298 0.044104 -0.080725 0.93725490 0.92941176 0.94117647
v 0.607853 -0.012366 -0.079231 0.76862745 0.76078431 0.77647059
v 0.632054 -0.004299 -0.079097 0.80000000 0.78431373 0.79215686
v 0.623987 0.046793 -0.078561 0.89019608 0.89019608 0.90588235
v 0.626676 -0.004299 -0.080664 0.78431373 0.77254902 0.77647059
v 0.613231 0.046793 -0.079943 0.91372549 0.90588235 0.92156863
v 0.637455 -0.004322 -0.077784 0.80000000 0.78823529 0.79607843
v 0.613231 -0.012366 -0.077613 0.77254902 0.76470588 0.77647059
v 0.615920 -0.009677 -0.078872 0.78823529 0.77647059 0.78431373
v 0.640146 -0.001635 -0.079497 0.82352941 0.80392157 0.81960784
v 0.610542 -0.009677 -0.080660 0.78431373 0.76862745 0.78823529
v 0.645527 -0.001638 -0.077487 0.81568627 0.79607843 0.81568627
v 0.629365 0.046793 -0.078367 0.93725490 0.92941176 0.94509804
v 0.602475 -0.012366 -0.080364 0.78039216 0.77254902 0.78039216
v 0.648238 0.001029 -0.078544 0.83137255 0.81960784 0.83137255
v 0.618609 -0.006988 -0.080205 0.80000000 0.79215686 0.79607843
v 0.650932 0.003714 -0.078077 0.84705882 0.83529412 0.84705882
v 0.653636 0.006388 -0.079198 0.84705882 0.83529412 0.85098039
v 0.659014 0.006388 -0.079483 0.81960784 0.80392157 0.82352941
v 0.656372 0.009032 -0.080325 0.81960784 0.80392157 0.82745098
v 0.642810 0.044104 -0.080157 0.97254902 0.96862745 0.97254902
v 0.594407 0.054860 -0.079430 0.94117647 0.93333333 0.94901961
v 0.610542 0.049482 -0.079544 0.91372549 0.90588235 0.91764706
v 0.602475 0.052171 -0.080393 0.89411765 0.88627451 0.90196078
v 0.766520 0.022550 -0.079837 0.86274510 0.58823529 0.54901961
v 0.755774 0.011757 -0.078047 0.75294118 0.53333333 0.49803922
v 0.763857 0.025160 -0.080551 0.94901961 0.62352941 0.58823529
v 0.804307 0.016730 -0.077993 0.79215686 0.54509804 0.51764706
v 0.785479 0.024830 -0.077574 0.85098039 0.63137255 0.59607843
v 0.798927 0.016736 -0.077277 0.80392157 0.55686275 0.52941176
v 0.801679 0.019236 -0.078734 0.81176471 0.55294118 0.52941176
v 0.828411 0.014345 -0.080012 0.76470588 0.48627451 0.48235294
v 0.817678 0.014272 -0.078047 0.74509804 0.49411765 0.47843137
v 0.823071 0.014225 -0.079139 0.73333333 0.47450980 0.46666667
v 0.820408 0.016837 -0.080338 0.76078431 0.50588235 0.49019608
v 0.841800 0.022592 -0.080048 0.80784314 0.58823529 0.58039216
v 0.833738 0.014509 -0.079095 0.76078431 0.49019608 0.47843137
v 0.836455 0.027871 -0.077329 0.74509804 0.56862745 0.55686275
v 0.836425 0.017204 -0.080931 0.78431373 0.51764706 0.50588235
v 0.825796 0.022199 -0.080916 0.86274510 0.62352941 0.61568627
v 0.828495 0.024862 -0.078560 0.81960784 0.61568627 0.60000000
v 0.833815 0.025036 -0.080282 0.75294118 0.58431373 0.56862745
v 0.814986 0.016976 -0.079590 0.77254902 0.52549020 0.50588235
v 0.809635 0.016888 -0.078896 0.77647059 0.53333333 0.50980392
v 0.812341 0.019530 -0.079946 0.81568627 0.56470588 0.54509804
v 0.817703 0.019582 -0.080443 0.80392157 0.56470588 0.54117647
v 0.820393 0.022273 -0.080176 0.80784314 0.58823529 0.56470588
v 0.815055 0.022150 -0.079621 0.85490196 0.58823529 0.56862745
v 0.817723 0.024907 -0.078678 0.83529412 0.64705882 0.60392157
v 0.807029 0.019327 -0.079262 0.80784314 0.55686275 0.53333333
v 0.809726 0.022000 -0.079336 0.83921569 0.56862745 0.56078431
v 0.804401 0.021835 -0.078562 0.81568627 0.54509804 0.51764706
v 0.807110 0.024475 -0.078341 0.84705882 0.62352941 0.59215686
v 0.812409 0.024714 -0.078518 0.86274510 0.63529412 0.60784314
v 0.823065 0.025018 -0.078580 0.75686275 0.58039216 0.56470588
v 0.796300 0.019236 -0.078109 0.83137255 0.57647059 0.54901961
v 0.799050 0.021750 -0.078463 0.87058824 0.58039216 0.56078431
v 0.793612 0.021933 -0.078186 0.86274510 0.61568627 0.58431373
v 0.796363 0.024444 -0.078221 0.92156863 0.65882353 0.63137255
v 0.788196 0.022048 -0.077507 0.84705882 0.62352941 0.58823529
v 0.790946 0.024559 -0.077336 0.86666667 0.63137255 0.59607843
v -0.843703 0.024375 -0.073399 0.78823529 0.55686275 0.54117647
v -0.843495 0.025831 -0.073399 0.78431373 0.54509804 0.52549020
v -0.840475 0.028189 -0.073399 0.80000000 0.54901961 0.52941176
v -0.842255 0.020445 -0.073399 0.78431373 0.54117647 0.49803922
v -0.839694 0.017628 -0.073399 0.74901961 0.53333333 0.52156863
v -0.836389 0.015554 -0.073399 0.70196078 0.50196078 0.49411765
v -0.832388 0.014177 -0.073399 0.69019608 0.49411765 0.49019608
v -0.831703 0.014040 -0.073399 0.69019608 0.49411765 0.49019608
v -0.827650 0.013537 -0.073399 0.71764706 0.50588235 0.49411765
v -0.825722 0.013437 -0.073399 0.76470588 0.52941176 0.50588235
v -0.776412 0.028664 -0.073399 0.91764706 0.63921569 0.59607843
v -0.775030 0.028510 -0.073399 0.91372549 0.61960784 0.58039216
v -0.635199 -0.005020 -0.073399 0.80392157 0.79215686 0.80392157
v -0.631264 -0.005203 -0.073399 0.80000000 0.78823529 0.80000000
v -0.839675 0.028403 -0.073399 0.78823529 0.55294118 0.53725490
v -0.835577 0.028670 -0.073399 0.81960784 0.57254902 0.54117647
v -0.629467 -0.005345 -0.073399 0.80784314 0.79607843 0.80784314
v -0.834088 0.028612 -0.073399 0.82745098 0.58823529 0.55686275
v -0.830025 0.028495 -0.073399 0.83137255 0.58431373 0.55294118
v -0.828756 0.028565 -0.073399 0.84313725 0.58823529 0.55294118
v -0.825151 0.028999 -0.073399 0.85490196 0.60000000 0.56470588
v -0.822550 0.029393 -0.073399 0.85882353 0.61176471 0.57647059
v -0.820311 0.029538 -0.073399 0.87450980 0.63529412 0.59215686
v -0.626235 -0.005552 -0.073399 0.80392157 0.79215686 0.80392157
v -0.822312 0.013497 -0.073399 0.78823529 0.52549020 0.50196078
v -0.820481 0.013574 -0.073399 0.79607843 0.50980392 0.49019608
v -0.816304 0.014127 -0.073399 0.79607843 0.51372549 0.49019608
v -0.770507 0.027655 -0.073399 0.90980392 0.59215686 0.56862745
v -0.815699 0.014170 -0.073399 0.79607843 0.50980392 0.48627451
v -0.810618 0.014435 -0.073399 0.78823529 0.50588235 0.47843137
v -0.816738 0.029827 -0.073399 0.89019608 0.63921569 0.60392157
v -0.770002 0.027632 -0.073399 0.90588235 0.59215686 0.56470588
v -0.623776 -0.005657 -0.073399 0.80000000 0.78431373 0.79607843
v -0.765406 0.028413 -0.073399 0.91372549 0.63137255 0.58039216
v -0.630099 0.055123 -0.073399 0.92156863 0.91372549 0.92941176
v -0.815343 0.029948 -0.073399 0.89019608 0.62745098 0.59215686
v -0.625976 0.053869 -0.073399 0.92549020 0.91764706 0.92941176
v -0.764149 0.028635 -0.073399 0.91372549 0.63529412 0.58431373
v -0.810675 0.030512 -0.073399 0.90196078 0.63921569 0.60784314
v -0.623106 0.052835 -0.073399 0.92941176 0.92156863 0.93333333
v -0.761255 0.029641 -0.073399 0.90980392 0.64313725 0.58823529
v -0.810556 0.030539 -0.073399 0.90196078 0.63137255 0.60784314
v -0.621075 -0.005770 -0.073399 0.79215686 0.78039216 0.79215686
v -0.757681 0.031445 -0.073399 0.92156863 0.65882353 0.60784314
v -0.622015 0.052451 -0.073399 0.92941176 0.92156863 0.93333333
v -0.810589 0.014438 -0.073399 0.78823529 0.50196078 0.47450980
v -0.618261 -0.005794 -0.073399 0.78823529 0.77647059 0.78823529
v -0.618202 0.050901 -0.073399 0.92549020 0.91764706 0.92941176
v -0.615810 -0.005881 -0.073399 0.78823529 0.77254902 0.78823529
v -0.805641 0.014868 -0.073399 0.79215686 0.50196078 0.47058824
v -0.639189 0.056797 -0.073399 0.91372549 0.90588235 0.91764706
v -0.765541 0.016487 -0.073399 0.78039216 0.53725490 0.49803922
v -0.804649 0.015026 -0.073399 0.78823529 0.49803922 0.46666667
v -0.615518 0.050282 -0.073399 0.92156863 0.91372549 0.92549020
v -0.613657 0.050081 -0.073399 0.92156863 0.91372549 0.92156863
v -0.637710 0.056596 -0.073399 0.90980392 0.90196078 0.91764706
v -0.609857 0.049835 -0.073399 0.91764706 0.90588235 0.92156863
v -0.800670 0.015274 -0.073399 0.77254902 0.48235294 0.44705882
v -0.762737 0.014988 -0.073399 0.77254902 0.53333333 0.49411765
v -0.608709 0.049662 -0.073399 0.91372549 0.90196078 0.91764706
v -0.799110 0.015187 -0.073399 0.76862745 0.47843137 0.44705882
v -0.603927 0.049074 -0.073399 0.90196078 0.88627451 0.91372549
v -0.634420 0.056183 -0.073399 0.91372549 0.90588235 0.91764706
v -0.762105 0.014545 -0.073399 0.76470588 0.53333333 0.49411765
v -0.783505 0.030792 -0.073399 0.91372549 0.65098039 0.60392157
v -0.603877 0.049071 -0.073399 0.90196078 0.88627451 0.91372549
v -0.758542 0.012730 -0.073399 0.76470588 0.52941176 0.49019608
v -0.779860 0.029058 -0.073399 0.92156863 0.65882353 0.61568627
v -0.598757 0.048999 -0.073399 0.89019608 0.87450980 0.89803922
v -0.631044 0.055394 -0.073399 0.92156863 0.91372549 0.92941176
v -0.786127 0.016866 -0.073399 0.76078431 0.48235294 0.47058824
v -0.667921 0.049110 -0.073399 0.94901961 0.94117647 0.94509804
v -0.612309 -0.006366 -0.073399 0.78823529 0.77254902 0.78823529
v -0.598605 0.049042 -0.073399 0.89019608 0.87450980 0.89803922
v -0.663392 0.049981 -0.073399 0.94901961 0.93725490 0.94509804
v -0.782071 0.018189 -0.073399 0.76862745 0.50196078 0.48627451
v -0.661751 0.050364 -0.073399 0.94901961 0.93725490 0.94117647
v -0.611103 -0.006552 -0.073399 0.78431373 0.77254902 0.78823529
v -0.659097 0.050969 -0.073399 0.95294118 0.94117647 0.94509804
v -0.606357 -0.007184 -0.073399 0.78431373 0.77254902 0.78823529
v -0.779622 0.018541 -0.073399 0.79215686 0.52549020 0.50196078
v -0.606097 -0.007200 -0.073399 0.78431373 0.77254902 0.78823529
v -0.600907 -0.007113 -0.073399 0.78431373 0.76862745 0.78823529
v -0.600806 -0.007112 -0.073399 0.78431373 0.76862745 0.78823529
v -0.595496 -0.007044 -0.073399 0.78431373 0.76862745 0.78431373
v -0.655358 0.052611 -0.073399 0.96078431 0.94509804 0.95294118
v -0.652876 0.053871 -0.073399 0.95686275 0.94901961 0.95294118
v -0.651796 0.054473 -0.073399 0.96078431 0.95294118 0.95686275
v -0.777418 0.018913 -0.073399 0.81176471 0.54509804 0.51372549
v -0.648171 0.056222 -0.073399 0.92941176 0.92156863 0.92941176
v -0.773886 0.018898 -0.073399 0.81176471 0.54901961 0.51372549
v -0.644175 0.057191 -0.073399 0.94117647 0.92941176 0.94117647
v -0.771391 0.018265 -0.073399 0.80392157 0.54509804 0.50980392
v -0.643760 0.057237 -0.073399 0.94509804 0.93725490 0.94509804
v -0.769638 0.017769 -0.073399 0.80000000 0.54901961 0.50980392
v -0.658850 0.004860 -0.073399 0.85098039 0.83529412 0.85490196
v -0.656081 0.002251 -0.073399 0.83921569 0.82745098 0.84313725
v -0.653253 -0.000299 -0.073399 0.83137255 0.81960784 0.83529412
v -0.650504 -0.002928 -0.073399 0.81960784 0.80784314 0.82352941
v -0.647002 -0.004807 -0.073399 0.80784314 0.79607843 0.80784314
v -0.645956 -0.005023 -0.073399 0.80000000 0.78823529 0.80000000
v -0.641660 -0.004844 -0.073399 0.80000000 0.78823529 0.80000000
v -0.640845 -0.004755 -0.073399 0.80000000 0.78823529 0.80000000
v -0.636434 -0.004996 -0.073399 0.80000000 0.78823529 0.80000000
v 0.656397 0.003627 -0.073399 0.82352941 0.81176471 0.82352941
v 0.655655 0.003110 -0.073399 0.83137255 0.81960784 0.83137255
v 0.636551 -0.008796 -0.073399 0.78039216 0.76470588 0.77254902
v 0.632094 -0.009636 -0.073399 0.77254902 0.76078431 0.76470588
v 0.616295 -0.015430 -0.073399 0.76078431 0.75294118 0.75686275
v 0.615116 -0.015859 -0.073399 0.76078431 0.75294118 0.76078431
v 0.623047 0.047733 -0.073399 0.92941176 0.91764706 0.92941176
v 0.620209 -0.013966 -0.073399 0.76078431 0.75294118 0.75686275
v 0.624160 -0.012539 -0.073399 0.75686275 0.74509804 0.74901961
v 0.601115 -0.016385 -0.073399 0.76862745 0.75686275 0.76862745
v 0.598269 -0.016572 -0.073399 0.76862745 0.76078431 0.76862745
v 0.623240 -0.013113 -0.073399 0.75686275 0.74117647 0.74901961
v 0.620251 0.048436 -0.073399 0.91764706 0.90980392 0.92156863
v 0.627914 -0.010915 -0.073399 0.76862745 0.75686275 0.75686275
v 0.616194 0.049757 -0.073399 0.90588235 0.89411765 0.90980392
v 0.632026 -0.009649 -0.073399 0.77254902 0.76078431 0.76470588
v 0.634322 0.046372 -0.073399 0.96078431 0.95294118 0.95686275
v 0.640843 -0.007710 -0.073399 0.78039216 0.76470588 0.77254902
v 0.629762 0.047191 -0.073399 0.95294118 0.94117647 0.95294118
v 0.628888 0.047270 -0.073399 0.94901961 0.93725490 0.94509804
v 0.596173 -0.016820 -0.073399 0.76862745 0.76078431 0.77254902
v 0.624686 0.047493 -0.073399 0.93333333 0.92156863 0.93333333
v 0.639069 -0.008087 -0.073399 0.77647059 0.76470588 0.77254902
v 0.645009 -0.006498 -0.073399 0.80000000 0.78039216 0.79607843
v 0.611766 -0.016280 -0.073399 0.76078431 0.75294118 0.76078431
v 0.609312 -0.016284 -0.073399 0.76470588 0.75294118 0.76470588
v 0.648003 -0.004114 -0.073399 0.82352941 0.80000000 0.81960784
v 0.650584 -0.001317 -0.073399 0.83529412 0.81960784 0.83137255
v 0.606455 -0.016346 -0.073399 0.76470588 0.75686275 0.76470588
v 0.603975 -0.016243 -0.073399 0.76862745 0.75686275 0.76862745
v 0.594441 0.054826 -0.073399 0.94117647 0.92941176 0.94509804
v 0.653452 0.001193 -0.073399 0.83529412 0.81568627 0.82745098
v 0.608091 0.051932 -0.073399 0.90196078 0.89019608 0.90588235
v 0.607711 0.052029 -0.073399 0.90196078 0.89019608 0.90588235
v 0.647663 0.044629 -0.073399 0.96862745 0.96078431 0.96470588
v 0.615382 0.050020 -0.073399 0.90588235 0.89019608 0.90980392
v 0.643671 0.044964 -0.073399 0.97647059 0.96862745 0.96862745
v 0.612022 0.050962 -0.073399 0.89803922 0.89019608 0.90588235
v 0.635325 0.046212 -0.073399 0.96470588 0.95686275 0.95686275
v 0.641505 0.045409 -0.073399 0.97254902 0.96470588 0.96862745
v 0.603618 0.053315 -0.073399 0.92156863 0.90980392 0.92549020
v 0.599948 0.054698 -0.073399 0.94117647 0.93333333 0.94509804
v 0.639107 0.045779 -0.073399 0.96862745 0.96078431 0.96078431
v 0.599680 0.054755 -0.073399 0.94117647 0.93333333 0.94509804
v 0.762331 0.015944 -0.073399 0.76470588 0.53725490 0.49803922
v 0.766446 0.017248 -0.073399 0.77647059 0.54509804 0.50588235
v 0.766624 0.017284 -0.073399 0.79215686 0.55686275 0.51764706
v 0.771742 0.027888 -0.073399 0.88235294 0.66274510 0.60784314
v 0.766781 0.027823 -0.073399 0.92549020 0.67450980 0.63529412
v 0.780328 0.029913 -0.073399 0.87450980 0.65098039 0.61176471
v 0.779687 0.029731 -0.073399 0.86666667 0.64705882 0.61568627
v 0.776330 0.028629 -0.073399 0.84705882 0.65490196 0.62745098
v 0.755826 0.011665 -0.073399 0.76078431 0.53333333 0.49411765
v 0.772319 0.027951 -0.073399 0.87450980 0.66274510 0.61176471
v 0.759378 0.013502 -0.073399 0.76078431 0.52941176 0.49019608
v 0.760918 0.027949 -0.073399 0.91764706 0.65882353 0.61176471
v 0.807935 0.013318 -0.073399 0.71372549 0.49019608 0.45882353
v 0.757683 0.029359 -0.073399 0.91372549 0.66274510 0.61176471
v 0.766435 0.027836 -0.073399 0.92941176 0.67843137 0.63921569
v 0.805926 0.013387 -0.073399 0.72941176 0.50196078 0.47058824
v 0.761532 0.027903 -0.073399 0.92941176 0.68627451 0.63529412
v 0.802272 0.013537 -0.073399 0.71372549 0.49411765 0.45882353
v 0.841675 0.022716 -0.073399 0.84705882 0.59215686 0.59215686
v 0.800957 0.013678 -0.073399 0.72549020 0.50196078 0.46666667
v 0.840291 0.026461 -0.073399 0.65490196 0.47058824 0.46666667
v 0.796318 0.014114 -0.073399 0.72549020 0.50588235 0.47058824
v 0.836727 0.027641 -0.073399 0.63137255 0.45882353 0.44313725
v 0.830018 0.012848 -0.073399 0.72941176 0.48235294 0.46666667
v 0.657631 0.045417 -0.073399 0.94509804 0.94117647 0.95294118
v 0.826316 0.012438 -0.073399 0.72549020 0.48235294 0.47058824
v 0.653823 0.044360 -0.073399 0.94901961 0.94117647 0.95294118
v 0.653442 0.044229 -0.073399 0.94901961 0.94509804 0.95294118
v 0.819512 0.012531 -0.073399 0.71372549 0.46274510 0.45490196
v 0.648697 0.044612 -0.073399 0.96862745 0.96078431 0.96470588
v 0.816072 0.012840 -0.073399 0.70980392 0.46666667 0.45098039
v 0.825090 0.012351 -0.073399 0.71764706 0.47843137 0.46666667
v 0.821070 0.012475 -0.073399 0.71372549 0.47058824 0.46274510
v 0.834002 0.014255 -0.073399 0.74901961 0.48235294 0.47450980
v 0.833002 0.013794 -0.073399 0.73333333 0.47843137 0.46274510
v 0.837418 0.016217 -0.073399 0.77254902 0.50196078 0.50196078
v 0.840054 0.018959 -0.073399 0.80392157 0.53333333 0.53333333
v 0.841609 0.022401 -0.073399 0.83137255 0.57254902 0.57647059
v 0.836117 0.027614 -0.073399 0.64313725 0.45882353 0.44313725
v 0.831448 0.027430 -0.073399 0.71372549 0.47843137 0.48235294
v 0.830756 0.027398 -0.073399 0.80000000 0.56862745 0.55686275
v 0.813600 0.013062 -0.073399 0.71764706 0.47843137 0.45882353
v 0.810984 0.013099 -0.073399 0.71764706 0.48627451 0.45882353
v 0.813916 0.028627 -0.073399 0.84705882 0.61176471 0.58823529
v 0.811209 0.028907 -0.073399 0.83529412 0.61176471 0.58823529
v 0.826200 0.027209 -0.073399 0.83137255 0.58823529 0.57254902
v 0.825435 0.027292 -0.073399 0.84705882 0.60000000 0.57647059
v 0.820894 0.028070 -0.073399 0.86274510 0.60392157 0.57647059
v 0.819765 0.028231 -0.073399 0.85490196 0.60784314 0.58039216
v 0.816035 0.028528 -0.073399 0.85882353 0.61176471 0.58823529
v 0.783477 0.016315 -0.073399 0.73333333 0.52941176 0.49019608
v 0.782065 0.016537 -0.073399 0.71372549 0.51764706 0.47843137
v 0.777307 0.017181 -0.073399 0.72941176 0.52941176 0.48627451
v 0.796047 0.014141 -0.073399 0.73725490 0.51764706 0.48235294
v 0.791426 0.015059 -0.073399 0.74901961 0.52941176 0.49411765
v 0.789777 0.015428 -0.073399 0.74509804 0.53333333 0.49411765
v 0.786671 0.015701 -0.073399 0.74117647 0.53333333 0.49411765
v 0.771053 0.018026 -0.073399 0.78431373 0.56078431 0.51764706
v 0.777201 0.017234 -0.073399 0.74117647 0.53725490 0.49803922
v 0.773246 0.018503 -0.073399 0.75686275 0.54509804 0.50588235
v -0.842871 0.019829 -0.075194 0.77254902 0.53333333 0.51372549
v -0.840182 0.017140 -0.075452 0.74509804 0.51372549 0.50196078
v -0.775644 0.027896 -0.073896 0.89803922 0.60784314 0.57254902
v -0.829425 0.027896 -0.076408 0.86666667 0.61960784 0.57254902
v -0.772955 0.025207 -0.075064 0.87843137 0.59215686 0.55686275
v -0.824047 0.027896 -0.076841 0.88627451 0.62745098 0.58823529
v -0.770266 0.022518 -0.076093 0.83921569 0.57647059 0.53333333
v -0.818669 0.027896 -0.076560 0.90588235 0.67058824 0.63921569
v -0.821358 0.014451 -0.077112 0.78823529 0.48627451 0.47450980
v -0.767577 0.025207 -0.076814 0.89019608 0.61176471 0.56470588
v -0.764888 0.027896 -0.074259 0.90196078 0.62352941 0.57254902
v -0.815980 0.014451 -0.074777 0.81176471 0.51764706 0.49803922
v -0.767577 0.019829 -0.076427 0.80784314 0.56078431 0.52156863
v -0.764888 0.017140 -0.074583 0.78431373 0.54509804 0.50588235
v -0.810602 0.014451 -0.073459 0.80784314 0.51764706 0.49411765
v -0.807913 0.017140 -0.077184 0.80784314 0.51764706 0.49019608
v -0.813291 0.027896 -0.076815 0.92156863 0.62745098 0.60392157
v -0.662779 0.049343 -0.074872 0.95294118 0.94117647 0.94901961
v -0.641244 0.054742 -0.075903 0.93333333 0.92156863 0.93333333
v -0.807913 0.027896 -0.076912 0.92156863 0.63921569 0.62352941
v -0.657460 0.049291 -0.075714 0.95294118 0.94509804 0.94901961
v -0.630436 0.054786 -0.074035 0.92156863 0.91372549 0.92941176
v -0.654743 0.052006 -0.074154 0.96078431 0.94901961 0.95686275
v -0.635851 0.054755 -0.075450 0.91764706 0.90588235 0.92156863
v -0.627747 0.052097 -0.077061 0.92941176 0.92156863 0.93725490
v -0.622369 0.052097 -0.074122 0.92941176 0.91764706 0.93333333
v -0.802535 0.017140 -0.076147 0.80392157 0.50980392 0.48235294
v -0.614450 0.049280 -0.075236 0.91764706 0.90980392 0.92156863
v -0.797157 0.017140 -0.075907 0.80392157 0.50196078 0.48235294
v -0.652073 0.049299 -0.077191 0.95294118 0.94509804 0.95294118
v -0.609198 0.049170 -0.074679 0.91764706 0.90980392 0.92156863
v -0.649340 0.052027 -0.076284 0.95686275 0.94901961 0.95294118
v -0.786401 0.027896 -0.075809 0.93333333 0.61960784 0.59607843
v -0.646655 0.054713 -0.075011 0.94509804 0.93725490 0.94509804
v -0.783712 0.025207 -0.076028 0.86666667 0.56862745 0.54901961
v -0.598702 0.048945 -0.073493 0.89019608 0.87450980 0.89803922
v -0.595478 -0.007062 -0.073475 0.78431373 0.76862745 0.78823529
v -0.783712 0.030585 -0.073661 0.91764706 0.63529412 0.60000000
v -0.781023 0.027896 -0.074470 0.90196078 0.61568627 0.58431373
v -0.781023 0.022518 -0.075810 0.82352941 0.54509804 0.52156863
v -0.778334 0.025207 -0.075277 0.87450980 0.59607843 0.56078431
v -0.657342 0.006368 -0.077180 0.85882353 0.84705882 0.86666667
v -0.786401 0.017140 -0.073711 0.79607843 0.50196078 0.49411765
v -0.654654 0.003678 -0.076245 0.84705882 0.83137255 0.85490196
v -0.783712 0.019829 -0.074919 0.81176471 0.52156863 0.50588235
v -0.651966 0.000988 -0.076299 0.83921569 0.82745098 0.84705882
v -0.778334 0.019829 -0.074286 0.82745098 0.55686275 0.52549020
v -0.649277 -0.001704 -0.076819 0.82745098 0.81568627 0.82745098
v -0.646588 -0.004393 -0.076449 0.81176471 0.80000000 0.81176471
v -0.775644 0.022518 -0.074984 0.83921569 0.56862745 0.53333333
v -0.772955 0.019829 -0.074259 0.82352941 0.56078431 0.52549020
v 0.615920 -0.015055 -0.074358 0.74901961 0.73725490 0.74901961
v 0.634743 -0.006988 -0.075938 0.78823529 0.77647059 0.78039216
v 0.618609 -0.012366 -0.074792 0.76470588 0.75686275 0.75686275
v 0.656285 0.003738 -0.073778 0.82352941 0.80784314 0.82352941
v 0.597096 -0.017744 -0.077190 0.76862745 0.75686275 0.76862745
v 0.623987 -0.012366 -0.073617 0.76078431 0.74901961 0.74901961
v 0.610542 -0.015055 -0.075712 0.75686275 0.74901961 0.75686275
v 0.626676 -0.009677 -0.074926 0.76862745 0.75686275 0.76078431
v 0.621298 -0.009677 -0.076835 0.77254902 0.76862745 0.76862745
v 0.629365 -0.006988 -0.077019 0.78039216 0.76862745 0.77254902
v 0.618609 0.046793 -0.077100 0.91764706 0.90980392 0.92549020
v 0.640145 -0.007012 -0.074257 0.77647059 0.76470588 0.77254902
v 0.615920 0.049482 -0.074599 0.90196078 0.89411765 0.90980392
v 0.642836 -0.004325 -0.076043 0.79215686 0.77647059 0.79215686
v 0.594407 0.054860 -0.076238 0.94117647 0.92941176 0.94509804
v 0.648188 0.044104 -0.075869 0.96862745 0.96078431 0.96470588
v 0.755780 0.011738 -0.076203 0.76078431 0.53333333 0.49411765
v 0.769207 0.019867 -0.075099 0.83137255 0.59215686 0.54901961
v 0.766538 0.022494 -0.076553 0.88627451 0.62745098 0.58431373
v 0.763865 0.025135 -0.076419 0.91372549 0.65490196 0.61176471
v 0.806901 0.014337 -0.076087 0.73333333 0.50196078 0.47450980
v 0.771909 0.022516 -0.075581 0.81960784 0.59607843 0.55294118
v 0.769228 0.025182 -0.074671 0.87058824 0.63529412 0.59215686
v 0.801550 0.014251 -0.074928 0.74901961 0.51764706 0.48627451
v 0.774653 0.025040 -0.075458 0.84313725 0.63137255 0.59215686
v 0.796166 0.014268 -0.073709 0.75686275 0.52941176 0.49803922
v 0.771994 0.027642 -0.073599 0.85882353 0.63921569 0.59215686
v 0.841800 0.022592 -0.073590 0.81960784 0.57647059 0.57647059
v 0.766605 0.027673 -0.073527 0.90588235 0.65490196 0.61176471
v 0.836434 0.027933 -0.074009 0.68627451 0.50196078 0.49019608
v 0.779986 0.019797 -0.075857 0.76862745 0.56078431 0.52156863
v 0.782747 0.022266 -0.076833 0.80784314 0.59215686 0.55294118
v 0.812269 0.014370 -0.077068 0.73333333 0.49019608 0.47058824
v 0.777318 0.022421 -0.075996 0.81568627 0.60000000 0.56470588
v 0.815146 0.027269 -0.075687 0.81960784 0.60784314 0.58039216
v 0.809761 0.027290 -0.076292 0.82352941 0.61568627 0.59215686
v 0.780064 0.024938 -0.076113 0.84313725 0.62745098 0.58823529
v 0.820414 0.027598 -0.075367 0.82745098 0.60784314 0.58039216
v 0.782807 0.027474 -0.076215 0.89019608 0.66274510 0.63137255
v 0.777380 0.027617 -0.074401 0.85098039 0.63921569 0.60392157
v 0.782684 0.017075 -0.074128 0.74117647 0.53725490 0.49803922
v 0.761245 0.027619 -0.073741 0.91764706 0.65098039 0.60784314
v 0.793526 0.016807 -0.076407 0.78039216 0.54901961 0.51764706
v 0.788085 0.017003 -0.075252 0.78039216 0.55686275 0.52156863
v 0.790852 0.019454 -0.077150 0.80392157 0.57254902 0.53725490
v 0.785406 0.019665 -0.076556 0.76862745 0.55686275 0.51764706
v 0.658944 0.044104 -0.077036 0.95686275 0.94901961 0.95686275
v 0.653566 0.044104 -0.074244 0.95294118 0.94509804 0.95294118
v 0.793655 0.027201 -0.076989 0.87058824 0.66666667 0.63921569
v 0.788245 0.027294 -0.076549 0.88235294 0.68627451 0.62745098
v 0.790934 0.029994 -0.074962 0.88235294 0.66666667 0.62745098
v 0.774595 0.019837 -0.074541 0.78039216 0.56862745 0.52941176
v -0.804717 0.031092 -0.073399 0.89411765 0.63137255 0.60784314
v -0.750027 0.034548 -0.073399 0.92549020 0.67450980 0.61960784
v -0.800718 0.031457 -0.073399 0.92549020 0.65882353 0.65490196
v -0.691664 0.004314 -0.073399 0.83921569 0.72549020 0.70588235
v -0.795614 0.015597 -0.073399 0.75294118 0.46666667 0.44313725
v -0.745929 0.036099 -0.073399 0.92156863 0.67843137 0.61960784
v -0.786690 0.016850 -0.073399 0.76078431 0.47450980 0.46666667
v -0.793286 0.031767 -0.073399 0.92549020 0.67058824 0.62745098
v -0.742243 0.037520 -0.073399 0.91764706 0.68235294 0.61960784
v -0.790176 0.031671 -0.073399 0.94509804 0.67450980 0.62352941
v -0.735334 0.009098 -0.073399 0.78431373 0.56078431 0.51764706
v -0.729984 0.009020 -0.073399 0.78039216 0.56862745 0.52549020
v -0.750327 0.010189 -0.073399 0.76862745 0.53725490 0.49411765
v -0.746723 0.009730 -0.073399 0.78039216 0.54509804 0.50588235
v -0.740492 0.009268 -0.073399 0.77254902 0.54509804 0.50196078
v -0.733146 0.039178 -0.073399 0.91372549 0.68235294 0.61960784
v -0.731845 0.039427 -0.073399 0.91372549 0.68235294 0.61960784
v 0.689245 0.003048 -0.073399 0.82745098 0.78823529 0.79607843
v -0.686774 0.003563 -0.073399 0.84705882 0.76470588 0.75686275
v 0.687471 0.002716 -0.073399 0.83137255 0.80000000 0.80784314
v -0.682056 0.003166 -0.073399 0.85098039 0.79215686 0.79607843
v 0.679923 0.001613 -0.073399 0.83137255 0.80784314 0.81960784
v -0.724311 0.041100 -0.073399 0.90980392 0.67843137 0.61568627
v -0.675664 0.003209 -0.073399 0.85098039 0.81176471 0.82352941
v 0.675455 0.001455 -0.073399 0.83529412 0.81568627 0.83137255
v 0.789917 0.031035 -0.073399 0.87450980 0.65098039 0.61176471
v -0.670509 0.003957 -0.073399 0.85098039 0.82352941 0.83529412
v 0.668567 0.002213 -0.073399 0.83137255 0.81568627 0.83137255
v 0.747951 0.009334 -0.073399 0.76470588 0.54117647 0.50588235
v -0.666185 0.004486 -0.073399 0.85098039 0.83137255 0.84705882
v 0.801796 0.029818 -0.073399 0.85098039 0.60784314 0.58039216
v -0.724397 0.008917 -0.073399 0.79607843 0.58431373 0.54509804
v 0.665822 0.002547 -0.073399 0.82352941 0.80784314 0.82352941
v 0.750129 0.032649 -0.073399 0.91764706 0.66666667 0.60784314
v 0.801674 0.029832 -0.073399 0.88627451 0.63137255 0.60392157
v -0.719551 0.008696 -0.073399 0.80392157 0.60784314 0.56862745
v 0.743325 0.034831 -0.073399 0.92156863 0.66666667 0.60784314
v -0.712882 0.008158 -0.073399 0.81176471 0.63137255 0.59215686
v -0.709729 0.007762 -0.073399 0.81960784 0.65098039 0.61568627
v -0.700461 0.006274 -0.073399 0.82745098 0.66666667 0.63529412
v -0.700188 0.006221 -0.073399 0.83529412 0.69411765 0.66666667
v 0.692097 0.043214 -0.073399 0.96078431 0.92156863 0.90588235
v -0.718884 0.041631 -0.073399 0.90196078 0.67450980 0.60784314
v 0.791888 0.030952 -0.073399 0.87843137 0.65098039 0.61568627
v -0.714627 0.042172 -0.073399 0.89803922 0.67450980 0.60000000
v 0.685791 0.044051 -0.073399 0.94901961 0.93725490 0.96078431
v -0.706426 0.043333 -0.073399 0.87843137 0.66666667 0.58823529
v 0.727347 0.007967 -0.073399 0.81176471 0.63921569 0.61176471
v -0.705218 0.043519 -0.073399 0.87058824 0.66666667 0.59215686
v 0.724940 0.007910 -0.073399 0.81568627 0.65882353 0.63529412
v -0.695750 0.044807 -0.073399 0.87058824 0.76470588 0.73333333
v 0.707206 0.006599 -0.073399 0.82352941 0.72549020 0.71764706
v -0.694022 0.044981 -0.073399 0.89411765 0.81568627 0.78823529
v 0.701183 0.005671 -0.073399 0.83137255 0.76078431 0.76078431
v -0.686228 0.046022 -0.073399 0.93725490 0.92156863 0.91764706
v 0.716936 0.007625 -0.073399 0.81960784 0.67843137 0.65882353
v 0.713664 0.007396 -0.073399 0.82352941 0.70196078 0.69019608
v 0.679754 0.044806 -0.073399 0.94901961 0.93725490 0.94117647
v 0.737819 0.008246 -0.073399 0.79607843 0.59215686 0.56078431
v 0.735903 0.008110 -0.073399 0.80784314 0.61568627 0.58823529
v 0.747534 0.009251 -0.073399 0.78431373 0.56470588 0.52941176
v 0.676292 0.045317 -0.073399 0.94509804 0.94117647 0.93725490
v -0.681553 0.046696 -0.073399 0.94901961 0.93333333 0.93333333
v 0.741926 0.035287 -0.073399 0.92156863 0.67058824 0.61176471
v 0.667600 0.046205 -0.073399 0.92941176 0.92941176 0.93333333
v 0.733408 0.037548 -0.073399 0.92156863 0.67058824 0.60392157
v -0.676981 0.047504 -0.073399 0.94901961 0.94117647 0.93333333
v 0.666475 0.046256 -0.073399 0.92941176 0.92941176 0.93333333
v -0.668464 0.049035 -0.073399 0.94901961 0.94117647 0.94509804
v 0.698061 0.004987 -0.073399 0.83137255 0.78039216 0.78431373
v 0.716647 0.040081 -0.073399 0.91372549 0.65490196 0.56862745
v 0.714515 0.040310 -0.073399 0.91372549 0.64705882 0.55686275
v 0.695367 0.042841 -0.073399 0.90980392 0.76862745 0.70980392
v 0.729259 0.038169 -0.073399 0.92156863 0.66666667 0.59607843
v 0.724216 0.039175 -0.073399 0.91764706 0.66274510 0.58431373
v 0.705089 0.041748 -0.073399 0.91372549 0.63529412 0.54117647
v 0.704194 0.041845 -0.073399 0.92156863 0.62352941 0.53333333
v -0.748754 0.033274 -0.080147 0.91372549 0.66666667 0.61176471
v -0.797157 0.027896 -0.076835 0.90588235 0.61176471 0.58823529
v -0.668083 0.006384 -0.080158 0.85882353 0.83921569 0.86274510
v -0.791779 0.022518 -0.077442 0.85098039 0.52549020 0.52549020
v -0.732620 0.038652 -0.075273 0.91372549 0.68235294 0.62352941
v -0.721864 0.038652 -0.080093 0.89803922 0.67450980 0.61176471
v -0.711107 0.006384 -0.077574 0.81960784 0.63921569 0.60392157
v -0.694973 0.044030 -0.075575 0.87843137 0.79607843 0.76862745
v -0.684238 0.044012 -0.078454 0.92156863 0.91372549 0.91372549
v -0.673556 0.043945 -0.080880 0.83137255 0.81568627 0.82745098
v 0.667038 0.003742 -0.079132 0.82352941 0.80784314 0.82352941
v 0.683146 0.041415 -0.079845 0.92549020 0.91372549 0.93333333
v 0.699280 0.003768 -0.077147 0.82352941 0.76078431 0.76078431
v 0.693905 0.041407 -0.077310 0.89019608 0.79215686 0.73333333
v 0.731633 0.035791 -0.078786 0.91764706 0.67450980 0.60392157
v 0.704683 0.041345 -0.074665 0.91764706 0.61960784 0.52941176
v -0.836986 0.020336 -0.069596 0.72156863 0.49803922 0.49019608
v -0.836812 0.024526 -0.069596 0.79215686 0.56862745 0.54117647
v -0.834296 0.017647 -0.069596 0.68627451 0.48627451 0.48627451
v -0.830460 0.016105 -0.069596 0.67843137 0.50588235 0.49803922
v -0.827482 0.015197 -0.069596 0.70980392 0.50588235 0.49411765
v -0.826228 0.014959 -0.069596 0.80000000 0.58823529 0.54509804
v -0.821572 0.014665 -0.069596 0.80000000 0.56078431 0.51372549
v -0.821191 0.014618 -0.069596 0.80000000 0.56078431 0.51372549
v -0.816124 0.014307 -0.069596 0.79607843 0.52549020 0.49411765
v -0.815831 0.014302 -0.069596 0.78431373 0.50196078 0.47450980
v -0.810725 0.014328 -0.069596 0.77254902 0.49019608 0.45882353
v -0.820252 0.029479 -0.069596 0.82352941 0.60000000 0.55294118
v -0.635617 -0.004574 -0.069596 0.79607843 0.78431373 0.79607843
v -0.816449 0.030116 -0.069596 0.84705882 0.61176471 0.55294118
v -0.815633 0.030237 -0.069596 0.86666667 0.62352941 0.57647059
v -0.631077 -0.005016 -0.069596 0.79215686 0.78039216 0.78823529
v -0.810701 0.030486 -0.069596 0.87450980 0.62745098 0.58431373
v -0.810516 0.030499 -0.069596 0.87843137 0.62745098 0.59215686
v -0.629698 -0.005114 -0.069596 0.79607843 0.78431373 0.79607843
v -0.626123 -0.005440 -0.069596 0.79215686 0.77647059 0.78823529
v -0.833136 0.026228 -0.069596 0.82352941 0.58431373 0.54509804
v -0.623868 -0.005566 -0.069596 0.79215686 0.78039216 0.79215686
v -0.810483 0.014332 -0.069596 0.77254902 0.48627451 0.45098039
v -0.830127 0.027194 -0.069596 0.82745098 0.58431373 0.56078431
v -0.828998 0.027469 -0.069596 0.84313725 0.59215686 0.57647059
v -0.620790 -0.005483 -0.069596 0.78823529 0.77254902 0.78431373
v -0.618628 -0.005425 -0.069596 0.78823529 0.77254902 0.78431373
v -0.824716 0.028565 -0.069596 0.81176471 0.55686275 0.52941176
v -0.615466 -0.005537 -0.069596 0.78431373 0.76862745 0.78039216
v -0.822934 0.029009 -0.069596 0.81176471 0.56862745 0.53333333
v -0.805289 0.014516 -0.069596 0.76470588 0.47450980 0.43529412
v -0.636610 0.059373 -0.069596 0.91764706 0.90588235 0.91764706
v -0.634749 0.059056 -0.069596 0.92156863 0.90980392 0.92156863
v -0.805157 0.014518 -0.069596 0.76078431 0.47058824 0.42745098
v -0.632134 0.058466 -0.069596 0.91764706 0.90980392 0.92156863
v -0.800362 0.014967 -0.069596 0.74901961 0.46274510 0.41568627
v -0.799259 0.015038 -0.069596 0.74117647 0.45882353 0.41568627
v -0.627981 0.057241 -0.069596 0.90980392 0.90196078 0.91372549
v -0.774688 0.016184 -0.069596 0.75686275 0.50588235 0.47450980
v -0.627392 0.057121 -0.069596 0.90980392 0.90196078 0.91372549
v -0.771769 0.015638 -0.069596 0.77647059 0.52549020 0.49019608
v -0.623595 0.056250 -0.069596 0.90588235 0.89803922 0.90980392
v -0.620110 0.054365 -0.069596 0.90980392 0.89803922 0.91764706
v -0.618667 0.053621 -0.069596 0.91764706 0.90196078 0.92549020
v -0.767708 0.014320 -0.069596 0.76862745 0.52156863 0.48235294
v -0.616510 0.052602 -0.069596 0.91764706 0.90980392 0.92941176
v -0.767392 0.014265 -0.069596 0.77254902 0.52549020 0.48235294
v -0.612023 0.051722 -0.069596 0.91372549 0.90588235 0.92156863
v -0.763158 0.013492 -0.069596 0.77254902 0.52941176 0.49019608
v -0.611687 0.051701 -0.069596 0.91372549 0.90196078 0.92156863
v -0.760545 0.012797 -0.069596 0.76470588 0.52549020 0.48235294
v -0.607116 0.051262 -0.069596 0.90196078 0.88627451 0.90980392
v -0.605957 0.051172 -0.069596 0.89803922 0.88235294 0.90980392
v -0.758887 0.012385 -0.069596 0.76078431 0.52941176 0.48627451
v -0.612828 -0.005847 -0.069596 0.78431373 0.77254902 0.78431373
v -0.666813 0.050688 -0.069596 0.95294118 0.94509804 0.94509804
v -0.610623 -0.006072 -0.069596 0.78431373 0.76862745 0.78039216
v -0.664558 0.051094 -0.069596 0.95294118 0.94509804 0.94509804
v -0.606887 -0.006409 -0.069596 0.78431373 0.76862745 0.78039216
v -0.660302 0.052200 -0.069596 0.94901961 0.94117647 0.94117647
v -0.659749 0.052377 -0.069596 0.95294118 0.94117647 0.94117647
v -0.605671 -0.006498 -0.069596 0.78431373 0.76862745 0.78039216
v -0.656490 0.053699 -0.069596 0.96078431 0.94509804 0.94901961
v -0.652706 0.055327 -0.069596 0.96470588 0.95294118 0.95686275
v -0.601206 -0.006712 -0.069596 0.78431373 0.76862745 0.78039216
v -0.650055 0.056696 -0.069596 0.95686275 0.94901961 0.95294118
v -0.649158 0.057175 -0.069596 0.95686275 0.94509804 0.95294118
v -0.645430 0.058893 -0.069596 0.92941176 0.91372549 0.92941176
v -0.641428 0.060292 -0.069596 0.92156863 0.91372549 0.92941176
v -0.641017 0.060349 -0.069596 0.91764706 0.90588235 0.92156863
v -0.600514 -0.006719 -0.069596 0.78431373 0.76862745 0.78039216
v -0.601609 0.051411 -0.069596 0.88627451 0.87058824 0.89411765
v -0.653888 -0.000934 -0.069596 0.82352941 0.80784314 0.82352941
v -0.650726 -0.003150 -0.069596 0.80784314 0.79607843 0.80784314
v -0.595872 -0.006668 -0.069596 0.78431373 0.76862745 0.78431373
v -0.601191 0.051532 -0.069596 0.88627451 0.87058824 0.89411765
v -0.646665 -0.004470 -0.069596 0.80392157 0.78823529 0.80000000
v -0.646499 -0.004477 -0.069596 0.80000000 0.78431373 0.79607843
v -0.598227 0.053761 -0.069596 0.86666667 0.85490196 0.87450980
v -0.641232 -0.004366 -0.069596 0.79607843 0.78039216 0.79215686
v -0.641185 -0.004368 -0.069596 0.79607843 0.78039216 0.79215686
v -0.636020 -0.004581 -0.069596 0.79607843 0.78039216 0.79215686
v 0.643180 -0.010047 -0.069596 0.77254902 0.76078431 0.76862745
v 0.642421 -0.010066 -0.069596 0.77254902 0.76078431 0.76470588
v 0.647277 -0.008767 -0.069596 0.79215686 0.77647059 0.78431373
v 0.635086 -0.012709 -0.069596 0.77254902 0.76078431 0.76470588
v 0.649882 -0.005993 -0.069596 0.81568627 0.79607843 0.81176471
v 0.634240 -0.012869 -0.069596 0.76862745 0.75686275 0.76078431
v 0.651755 -0.002488 -0.069596 0.83137255 0.81568627 0.82745098
v 0.638785 -0.011029 -0.069596 0.77647059 0.76470588 0.76862745
v 0.630383 -0.013384 -0.069596 0.76470588 0.75294118 0.76078431
v 0.625670 -0.014049 -0.069596 0.76470588 0.75294118 0.75686275
v 0.622073 -0.014280 -0.069596 0.76470588 0.75294118 0.76078431
v 0.620614 -0.014372 -0.069596 0.76470588 0.75294118 0.76470588
v 0.628217 -0.013514 -0.069596 0.76470588 0.75294118 0.76078431
v 0.616237 -0.014737 -0.069596 0.76470588 0.75686275 0.76470588
v 0.647336 0.044956 -0.069596 0.96470588 0.96078431 0.96078431
v 0.644388 0.045682 -0.069596 0.97254902 0.96470588 0.96862745
v 0.634896 0.046640 -0.069596 0.96470588 0.95686275 0.96078431
v 0.634620 0.046671 -0.069596 0.96470588 0.95686275 0.96078431
v 0.600884 -0.016154 -0.069596 0.77254902 0.76078431 0.77254902
v 0.640965 0.045949 -0.069596 0.96862745 0.96470588 0.96470588
v 0.639506 0.046178 -0.069596 0.96470588 0.95686275 0.96078431
v 0.614987 0.050415 -0.069596 0.90588235 0.89411765 0.90980392
v 0.612384 0.051325 -0.069596 0.89803922 0.88627451 0.90196078
v 0.598411 -0.016429 -0.069596 0.77647059 0.76470588 0.77647059
v 0.616407 0.049970 -0.069596 0.90980392 0.89803922 0.91372549
v 0.595983 -0.016631 -0.069596 0.77647059 0.76470588 0.77647059
v 0.622585 0.048195 -0.069596 0.92941176 0.91764706 0.92941176
v 0.608317 0.052636 -0.069596 0.91372549 0.90588235 0.92156863
v 0.620502 0.048687 -0.069596 0.92156863 0.90980392 0.92156863
v 0.611043 -0.015556 -0.069596 0.76470588 0.75686275 0.76470588
v 0.630080 0.047508 -0.069596 0.95686275 0.94509804 0.95294118
v 0.609978 -0.015619 -0.069596 0.76862745 0.75686275 0.76862745
v 0.628406 0.047752 -0.069596 0.95294118 0.94117647 0.94901961
v 0.607092 0.052931 -0.069596 0.92549020 0.91372549 0.92941176
v 0.625138 0.047944 -0.069596 0.93725490 0.92549020 0.93725490
v 0.603991 0.053687 -0.069596 0.94117647 0.93333333 0.94509804
v 0.605927 -0.015819 -0.069596 0.76862745 0.75686275 0.76862745
v 0.604328 -0.015890 -0.069596 0.77254902 0.76078431 0.77254902
v 0.615683 -0.014819 -0.069596 0.76470588 0.75686275 0.76470588
v 0.600009 0.054636 -0.069596 0.94509804 0.93333333 0.94509804
v 0.599617 0.054692 -0.069596 0.94509804 0.93333333 0.94509804
v 0.829189 0.025944 -0.069596 0.84705882 0.58039216 0.55686275
v 0.827151 0.026364 -0.069596 0.85882353 0.58823529 0.57254902
v 0.819996 0.028084 -0.069596 0.87843137 0.60784314 0.58431373
v 0.815953 0.028726 -0.069596 0.90980392 0.61568627 0.60392157
v 0.820626 0.027938 -0.069596 0.89411765 0.60392157 0.56862745
v 0.813978 0.028714 -0.069596 0.87450980 0.61960784 0.59607843
v 0.791084 0.014077 -0.069596 0.69803922 0.49803922 0.45882353
v 0.790447 0.014134 -0.069596 0.69019608 0.49411765 0.45490196
v 0.795555 0.013763 -0.069596 0.71372549 0.50196078 0.46274510
v 0.785393 0.014425 -0.069596 0.68627451 0.49411765 0.45490196
v 0.657063 0.045986 -0.069596 0.94117647 0.93725490 0.94901961
v 0.654856 0.045393 -0.069596 0.94509804 0.93725490 0.94901961
v 0.652678 0.044993 -0.069596 0.94901961 0.94117647 0.95294118
v 0.648893 0.044809 -0.069596 0.96078431 0.96078431 0.95686275
v 0.756360 0.011144 -0.069596 0.76078431 0.52941176 0.49411765
v 0.760359 0.012535 -0.069596 0.75686275 0.52549020 0.48627451
v 0.762851 0.013452 -0.069596 0.76078431 0.52941176 0.49019608
v 0.807876 0.013442 -0.069596 0.68627451 0.47450980 0.43921569
v 0.805853 0.013398 -0.069596 0.69803922 0.48235294 0.44705882
v 0.802394 0.013522 -0.069596 0.69411765 0.47843137 0.43921569
v 0.800668 0.013573 -0.069596 0.70588235 0.49019608 0.45098039
v 0.796772 0.013704 -0.069596 0.70588235 0.49411765 0.45490196
v 0.818446 0.013641 -0.069596 0.70196078 0.46274510 0.45098039
v 0.816732 0.013611 -0.069596 0.70196078 0.45882353 0.44705882
v 0.823655 0.013834 -0.069596 0.70196078 0.48235294 0.47058824
v 0.822266 0.013790 -0.069596 0.68627451 0.46666667 0.45882353
v 0.828125 0.014754 -0.069596 0.71372549 0.49019608 0.47843137
v 0.832167 0.016090 -0.069596 0.72549020 0.47843137 0.45098039
v 0.828716 0.014886 -0.069596 0.72549020 0.48235294 0.46274510
v 0.835106 0.018529 -0.069596 0.80000000 0.50980392 0.51764706
v 0.836080 0.022250 -0.069596 0.83529412 0.58823529 0.58823529
v 0.833285 0.024798 -0.069596 0.81568627 0.57647059 0.54117647
v 0.813231 0.013475 -0.069596 0.69803922 0.46274510 0.43921569
v 0.811183 0.013408 -0.069596 0.68627451 0.47058824 0.43529412
v 0.810728 0.028573 -0.069596 0.87058824 0.61568627 0.58823529
v 0.824879 0.026890 -0.069596 0.87843137 0.60000000 0.58431373
v -0.842871 0.025207 -0.072589 0.78823529 0.58431373 0.56862745
v -0.840182 0.027896 -0.072974 0.75294118 0.54509804 0.52549020
v -0.840182 0.022518 -0.070902 0.78039216 0.55686275 0.53333333
v -0.837493 0.019829 -0.070023 0.72941176 0.50588235 0.49411765
v -0.837493 0.025207 -0.070121 0.79607843 0.56862745 0.54509804
v -0.834804 0.017140 -0.070112 0.67843137 0.49019608 0.49019608
v -0.832115 0.014451 -0.072483 0.62352941 0.49019608 0.48627451
v -0.826736 0.014451 -0.070414 0.74901961 0.53333333 0.50980392
v -0.821358 0.014451 -0.069937 0.79607843 0.54509804 0.50980392
v -0.775644 0.017140 -0.071061 0.78431373 0.52549020 0.49411765
v -0.770266 0.017140 -0.072598 0.79215686 0.53725490 0.50196078
v -0.638553 0.057433 -0.072362 0.90980392 0.90196078 0.91372549
v -0.633125 0.057475 -0.071218 0.91764706 0.90980392 0.92156863
v -0.767577 0.014451 -0.070001 0.78039216 0.53333333 0.49411765
v -0.625058 0.054786 -0.071817 0.91764706 0.90980392 0.92156863
v -0.762199 0.014451 -0.073043 0.76862745 0.52941176 0.49019608
v -0.617157 0.051954 -0.070948 0.92549020 0.91372549 0.92941176
v -0.668153 0.049346 -0.072758 0.94901961 0.93725490 0.94509804
v -0.660127 0.052001 -0.070535 0.94901961 0.94117647 0.94117647
v -0.603904 0.049098 -0.073348 0.90196078 0.89019608 0.91372549
v -0.652044 0.054704 -0.072937 0.95294118 0.94117647 0.94901961
v -0.606234 -0.007062 -0.072566 0.78431373 0.76862745 0.78431373
v -0.600856 -0.007062 -0.072747 0.78431373 0.76862745 0.78431373
v -0.643945 0.057421 -0.073208 0.92941176 0.91764706 0.93333333
v -0.641251 0.060115 -0.069951 0.92156863 0.91372549 0.92549020
v -0.641207 -0.004391 -0.070025 0.80000000 0.78431373 0.79607843
v -0.596101 0.051563 -0.072524 0.87058824 0.85490196 0.88235294
v -0.834804 0.027896 -0.071897 0.80392157 0.56862745 0.54117647
v -0.829425 0.027896 -0.070470 0.81568627 0.54117647 0.52156863
v 0.642810 -0.009677 -0.070018 0.77647059 0.76470588 0.76862745
v 0.645525 -0.007014 -0.072711 0.80000000 0.78039216 0.79607843
v 0.648215 -0.004326 -0.072973 0.82352941 0.80000000 0.81960784
v 0.650904 -0.001637 -0.072356 0.83529412 0.81960784 0.83137255
v 0.615920 -0.015055 -0.073205 0.76470588 0.75294118 0.76078431
v 0.629365 -0.012366 -0.071486 0.75686275 0.74901961 0.74901961
v 0.634743 -0.012366 -0.070183 0.76470588 0.75294118 0.75686275
v 0.637432 -0.009677 -0.071779 0.77647059 0.76470588 0.76862745
v 0.607853 0.052171 -0.072675 0.90196078 0.89411765 0.90980392
v 0.632054 -0.009677 -0.073361 0.77254902 0.76078431 0.76470588
v 0.594407 0.054860 -0.070058 0.93333333 0.92549020 0.94117647
v 0.790739 0.014424 -0.071370 0.71764706 0.51372549 0.47450980
v 0.785346 0.014472 -0.069854 0.70196078 0.50588235 0.46666667
v 0.763839 0.014456 -0.070932 0.76470588 0.53333333 0.49411765
v 0.766518 0.017176 -0.073303 0.76862745 0.54117647 0.50196078
v 0.828354 0.014524 -0.069891 0.69803922 0.48235294 0.46666667
v 0.758594 0.030199 -0.071090 0.90588235 0.68627451 0.62745098
v 0.839111 0.025281 -0.071753 0.78431373 0.57254902 0.55686275
v 0.833733 0.014525 -0.072430 0.70980392 0.46666667 0.44313725
v 0.836422 0.017214 -0.071138 0.75294118 0.46666667 0.47843137
v 0.839111 0.019903 -0.071444 0.85098039 0.52549020 0.52156863
v 0.836422 0.022592 -0.069799 0.83529412 0.59215686 0.58823529
v 0.833742 0.025252 -0.070062 0.82352941 0.58039216 0.55294118
v -0.825071 0.021494 -0.065793 0.61960784 0.44313725 0.43529412
v -0.635909 -0.004281 -0.065793 0.78039216 0.76470588 0.77254902
v -0.635727 -0.004288 -0.065793 0.78039216 0.76078431 0.77254902
v -0.822538 0.018649 -0.065793 0.59607843 0.42352941 0.43529412
v -0.818775 0.017245 -0.065793 0.61568627 0.42352941 0.42745098
v -0.630564 -0.004503 -0.065793 0.78431373 0.76862745 0.78039216
v -0.630295 -0.004517 -0.065793 0.78823529 0.77254902 0.78431373
v -0.625583 -0.004899 -0.065793 0.78431373 0.76862745 0.78039216
v -0.818600 0.017209 -0.065793 0.61960784 0.42745098 0.42745098
v -0.624468 -0.004965 -0.065793 0.78431373 0.76862745 0.78039216
v -0.620159 -0.004852 -0.065793 0.78039216 0.76470588 0.77647059
v -0.814179 0.016252 -0.065793 0.71764706 0.44705882 0.43529412
v -0.812112 0.015961 -0.065793 0.72549020 0.44313725 0.42352941
v -0.619240 -0.004812 -0.065793 0.78431373 0.76862745 0.78039216
v -0.809241 0.015812 -0.065793 0.73725490 0.45098039 0.41960784
v -0.818791 0.028017 -0.065793 0.81176471 0.58431373 0.54117647
v -0.614824 -0.004895 -0.065793 0.78039216 0.76470588 0.77647059
v -0.818457 0.028108 -0.065793 0.82745098 0.60392157 0.55686275
v -0.633875 0.062108 -0.065793 0.94117647 0.92941176 0.93725490
v -0.814383 0.028988 -0.065793 0.85490196 0.62352941 0.57254902
v -0.632204 0.061889 -0.065793 0.93725490 0.92549020 0.93333333
v -0.628738 0.061866 -0.065793 0.92549020 0.91372549 0.92549020
v -0.824878 0.023348 -0.065793 0.75294118 0.50588235 0.49019608
v -0.625291 0.060398 -0.065793 0.89803922 0.88627451 0.90196078
v -0.810927 0.030260 -0.065793 0.86666667 0.63921569 0.58823529
v -0.624998 0.060224 -0.065793 0.90196078 0.89019608 0.90588235
v -0.822295 0.026144 -0.065793 0.80784314 0.56470588 0.52941176
v -0.620345 0.060627 -0.065793 0.91372549 0.89803922 0.91764706
v -0.810474 0.030457 -0.065793 0.85490196 0.62352941 0.56862745
v -0.618533 0.061332 -0.065793 0.90196078 0.88627451 0.90980392
v -0.806444 0.015671 -0.065793 0.75686275 0.45490196 0.40392157
v -0.804013 0.015662 -0.065793 0.73725490 0.44705882 0.38431373
v -0.616279 0.061872 -0.065793 0.89411765 0.87843137 0.90196078
v -0.613003 0.056120 -0.065793 0.89411765 0.88235294 0.90588235
v -0.612073 0.057466 -0.065793 0.88235294 0.87058824 0.89019608
v -0.800582 0.015187 -0.065793 0.71764706 0.44313725 0.38039216
v -0.799235 0.015062 -0.065793 0.72156863 0.43529412 0.36862745
v -0.773695 0.015190 -0.065793 0.73725490 0.49019608 0.46274510
v -0.609477 0.054275 -0.065793 0.89019608 0.88235294 0.89803922
v -0.608851 0.054151 -0.065793 0.89019608 0.87843137 0.89803922
v -0.772358 0.015048 -0.065793 0.75294118 0.50588235 0.47058824
v -0.613700 -0.004974 -0.065793 0.78431373 0.76862745 0.78039216
v -0.768153 0.013875 -0.065793 0.76470588 0.51764706 0.47843137
v -0.609782 -0.005231 -0.065793 0.78039216 0.76470588 0.77647059
v -0.766419 0.013292 -0.065793 0.76862745 0.52156863 0.47843137
v -0.607853 -0.005443 -0.065793 0.78431373 0.76862745 0.78039216
v -0.763900 0.012751 -0.065793 0.76470588 0.52156863 0.47843137
v -0.604923 -0.005750 -0.065793 0.78039216 0.76470588 0.77647059
v -0.759859 0.012111 -0.065793 0.76078431 0.52156863 0.47843137
v -0.759283 0.011989 -0.065793 0.75294118 0.52156863 0.47843137
v -0.601935 -0.005983 -0.065793 0.78431373 0.76862745 0.78039216
v -0.599897 -0.006103 -0.065793 0.78039216 0.76862745 0.77647059
v -0.665839 0.051665 -0.065793 0.96470588 0.95686275 0.95686275
v -0.612490 0.063249 -0.065793 0.88235294 0.87058824 0.89019608
v -0.665268 0.051760 -0.065793 0.96470588 0.95686275 0.95686275
v -0.610380 0.064136 -0.065793 0.86666667 0.85098039 0.87058824
v -0.660528 0.052392 -0.065793 0.96470588 0.95294118 0.95294118
v -0.659625 0.052503 -0.065793 0.96470588 0.95686275 0.95686275
v -0.656147 0.053378 -0.065793 0.96470588 0.95294118 0.96078431
v -0.652218 0.054539 -0.065793 0.95686275 0.95294118 0.95686275
v -0.609802 0.059334 -0.065793 0.86666667 0.85490196 0.87058824
v -0.608510 0.059164 -0.065793 0.86274510 0.85098039 0.87058824
v -0.608351 0.064396 -0.065793 0.87058824 0.85882353 0.87450980
v -0.652053 0.054597 -0.065793 0.95686275 0.95294118 0.95686275
v -0.604386 0.059396 -0.065793 0.84705882 0.83137255 0.85490196
v -0.604999 0.055545 -0.065793 0.87843137 0.87058824 0.88627451
v -0.605228 0.063933 -0.065793 0.87843137 0.87058824 0.88627451
v -0.648249 0.056285 -0.065793 0.94117647 0.93725490 0.94117647
v -0.603551 0.060234 -0.065793 0.83921569 0.82745098 0.84705882
v -0.644730 0.058199 -0.065793 0.93333333 0.92156863 0.93333333
v -0.600642 0.061658 -0.065793 0.85098039 0.84313725 0.85882353
v -0.641236 0.060145 -0.065793 0.90588235 0.89411765 0.90588235
v -0.641173 0.060189 -0.065793 0.90588235 0.89411765 0.90588235
v -0.637764 0.062060 -0.065793 0.93725490 0.92549020 0.94117647
v -0.654167 -0.001213 -0.065793 0.81176471 0.79607843 0.81176471
v -0.650726 -0.003150 -0.065793 0.80000000 0.78431373 0.79607843
v -0.646809 -0.004612 -0.065793 0.80000000 0.78431373 0.79607843
v -0.646326 -0.004644 -0.065793 0.79215686 0.77647059 0.78823529
v -0.641408 -0.004590 -0.065793 0.78823529 0.76862745 0.78039216
v -0.641006 -0.004563 -0.065793 0.78431373 0.76862745 0.78039216
v 0.634955 -0.012577 -0.065793 0.77647059 0.76470588 0.77254902
v 0.634465 -0.012644 -0.065793 0.77254902 0.76078431 0.76862745
v 0.640031 -0.012276 -0.065793 0.77647059 0.76470588 0.77254902
v 0.630113 -0.013114 -0.065793 0.76862745 0.75686275 0.76470588
v 0.614761 0.050641 -0.065793 0.90196078 0.89411765 0.90980392
v 0.612444 0.051384 -0.065793 0.90588235 0.89803922 0.91372549
v 0.648540 -0.010028 -0.065793 0.80392157 0.78823529 0.80000000
v 0.645829 -0.012036 -0.065793 0.79215686 0.77647059 0.78823529
v 0.645403 -0.012270 -0.065793 0.78039216 0.76862745 0.77647059
v 0.616541 0.050103 -0.065793 0.90588235 0.89803922 0.91372549
v 0.625381 -0.013760 -0.065793 0.76862745 0.75686275 0.76470588
v 0.608341 0.052659 -0.065793 0.93333333 0.92549020 0.94117647
v 0.622555 -0.013798 -0.065793 0.77254902 0.76078431 0.76862745
v 0.640221 -0.012266 -0.065793 0.77647059 0.76470588 0.77254902
v 0.606983 0.053041 -0.065793 0.94117647 0.92941176 0.94509804
v 0.651085 -0.007196 -0.065793 0.81568627 0.80000000 0.81568627
v 0.604025 0.053722 -0.065793 0.94509804 0.93333333 0.94901961
v 0.628390 -0.013341 -0.065793 0.77254902 0.76078431 0.76862745
v 0.600363 0.054283 -0.065793 0.94509804 0.93333333 0.94901961
v 0.620200 -0.013957 -0.065793 0.76862745 0.75686275 0.76862745
v 0.599380 0.054455 -0.065793 0.94509804 0.93333333 0.94901961
v 0.616634 -0.014341 -0.065793 0.77254902 0.76078431 0.77254902
v 0.651720 -0.006145 -0.065793 0.82352941 0.80784314 0.82352941
v 0.653025 -0.003757 -0.065793 0.83137255 0.81568627 0.83137255
v 0.600141 -0.015411 -0.065793 0.77254902 0.76078431 0.77647059
v 0.599371 -0.015469 -0.065793 0.77647059 0.76470588 0.78039216
v 0.595013 -0.015661 -0.065793 0.78039216 0.76862745 0.78431373
v 0.594640 0.055093 -0.065793 0.92156863 0.91372549 0.92549020
v 0.605300 -0.015191 -0.065793 0.77254902 0.76078431 0.77254902
v 0.646929 0.045363 -0.065793 0.96862745 0.95686275 0.96078431
v 0.605013 -0.015206 -0.065793 0.77254902 0.76078431 0.77254902
v 0.644467 0.045761 -0.065793 0.96862745 0.96078431 0.96470588
v 0.610403 -0.014916 -0.065793 0.77647059 0.76470588 0.77647059
v 0.615357 -0.014492 -0.065793 0.77254902 0.76078431 0.77254902
v 0.610698 -0.014899 -0.065793 0.77647059 0.76470588 0.77647059
v 0.640719 0.046195 -0.065793 0.96862745 0.96078431 0.96470588
v 0.639658 0.046330 -0.065793 0.96862745 0.96078431 0.96078431
v 0.634816 0.046866 -0.065793 0.96470588 0.95686275 0.96078431
v 0.622424 0.048356 -0.065793 0.93725490 0.92941176 0.94117647
v 0.620606 0.048790 -0.065793 0.92941176 0.91764706 0.92941176
v 0.634657 0.046879 -0.065793 0.96470588 0.95686275 0.96078431
v 0.630108 0.047537 -0.065793 0.96078431 0.94901961 0.95686275
v 0.628318 0.047840 -0.065793 0.95294118 0.94509804 0.95294118
v 0.625287 0.048094 -0.065793 0.94509804 0.93725490 0.94901961
v 0.818813 0.026385 -0.065793 0.84705882 0.60784314 0.58431373
v 0.815652 0.027181 -0.065793 0.84313725 0.61176471 0.59607843
v 0.795888 0.014647 -0.065793 0.66274510 0.45882353 0.41960784
v 0.790854 0.014585 -0.065793 0.65490196 0.46666667 0.43137255
v 0.790603 0.014586 -0.065793 0.65490196 0.46666667 0.43137255
v 0.785461 0.014635 -0.065793 0.61568627 0.45882353 0.41568627
v 0.796410 0.014691 -0.065793 0.66666667 0.46274510 0.41960784
v 0.785191 0.014652 -0.065793 0.61176471 0.46274510 0.41568627
v 0.656547 0.046502 -0.065793 0.93725490 0.93333333 0.94117647
v 0.655463 0.046000 -0.065793 0.94117647 0.93333333 0.94117647
v 0.652573 0.045097 -0.065793 0.94509804 0.93725490 0.94901961
v 0.649374 0.045290 -0.065793 0.96078431 0.95686275 0.95686275
v 0.756685 0.010824 -0.065793 0.76078431 0.52549020 0.48627451
v 0.760928 0.011973 -0.065793 0.75686275 0.52549020 0.48627451
v 0.761563 0.012158 -0.065793 0.75686275 0.52549020 0.48627451
v 0.806102 0.015229 -0.065793 0.66274510 0.46274510 0.41568627
v 0.801958 0.014890 -0.065793 0.67450980 0.46274510 0.41568627
v 0.801063 0.014854 -0.065793 0.67450980 0.46666667 0.41960784
v 0.823439 0.019435 -0.065793 0.79215686 0.52549020 0.50588235
v 0.821349 0.018267 -0.065793 0.75686275 0.51372549 0.48627451
v 0.824585 0.021484 -0.065793 0.81176471 0.52156863 0.49803922
v 0.815565 0.016556 -0.065793 0.69411765 0.46274510 0.42745098
v 0.813899 0.016196 -0.065793 0.67058824 0.44705882 0.40784314
v 0.811105 0.015614 -0.065793 0.64705882 0.45882353 0.41568627
v 0.807640 0.015262 -0.065793 0.65098039 0.46274510 0.42352941
v 0.819884 0.017615 -0.065793 0.73333333 0.50196078 0.46274510
v 0.814403 0.027257 -0.065793 0.84313725 0.60784314 0.60000000
v 0.810188 0.028209 -0.065793 0.89019608 0.62352941 0.59215686
v 0.822102 0.024292 -0.065793 0.84313725 0.52941176 0.51764706
v -0.795318 0.015301 -0.065793 0.70980392 0.43137255 0.39215686
v -0.793652 0.015267 -0.065793 0.69411765 0.42352941 0.39607843
v -0.789621 0.014982 -0.065793 0.70196078 0.43137255 0.41568627
v -0.788717 0.014823 -0.065793 0.70980392 0.44705882 0.43921569
v -0.660392 0.003318 -0.065793 0.84313725 0.82352941 0.83921569
v -0.658994 0.002674 -0.065793 0.83529412 0.81960784 0.83529412
v -0.656997 0.001335 -0.065793 0.82745098 0.81176471 0.82745098
v 0.665334 0.048470 -0.065793 0.95686275 0.94901961 0.95686275
v 0.662979 0.048139 -0.065793 0.93725490 0.92941176 0.93725490
v 0.660651 0.047776 -0.065793 0.93725490 0.92941176 0.93725490
v -0.834803 0.022518 -0.068332 0.61960784 0.45490196 0.45098039
v -0.832115 0.019829 -0.067894 0.55294118 0.42745098 0.44313725
v -0.829425 0.017140 -0.068336 0.64313725 0.45490196 0.45490196
v -0.826736 0.019829 -0.066333 0.58431373 0.41176471 0.41960784
v -0.824047 0.017140 -0.067114 0.67058824 0.46274510 0.46666667
v -0.818669 0.017140 -0.065859 0.63137255 0.42745098 0.43529412
v -0.815980 0.014451 -0.069149 0.79215686 0.51764706 0.49411765
v -0.810602 0.014451 -0.068987 0.73725490 0.45882353 0.41960784
v -0.635815 -0.004376 -0.067037 0.78823529 0.77254902 0.78431373
v -0.832115 0.025207 -0.068421 0.80784314 0.57647059 0.54117647
v -0.635839 0.060143 -0.068861 0.92156863 0.91372549 0.92156863
v -0.652103 0.054653 -0.065924 0.96078431 0.95294118 0.95686275
v -0.630457 0.060147 -0.067604 0.91372549 0.90588235 0.91764706
v -0.627747 0.057476 -0.069302 0.90196078 0.89803922 0.91372549
v -0.625058 0.060165 -0.065879 0.88627451 0.87843137 0.89411765
v -0.622369 0.057476 -0.068032 0.89411765 0.88235294 0.89803922
v -0.829425 0.022518 -0.066704 0.65490196 0.46274510 0.46274510
v -0.641207 -0.004390 -0.069091 0.79215686 0.77647059 0.78823529
v -0.619734 0.054741 -0.069047 0.90196078 0.88627451 0.91372549
v -0.826736 0.025207 -0.066637 0.80000000 0.54509804 0.53333333
v -0.619788 0.060074 -0.066918 0.88235294 0.87058824 0.88627451
v -0.824047 0.027896 -0.067990 0.83529412 0.59607843 0.57254902
v -0.617102 0.057381 -0.066992 0.89411765 0.87843137 0.90196078
v -0.614527 0.059975 -0.066534 0.87450980 0.86274510 0.88235294
v -0.614507 0.054611 -0.066656 0.89411765 0.88627451 0.90588235
v -0.611863 0.051882 -0.069281 0.90980392 0.90196078 0.91764706
v -0.611884 0.062628 -0.066476 0.85098039 0.83921569 0.85882353
v -0.606576 0.051804 -0.068422 0.89411765 0.88235294 0.90588235
v -0.609232 0.059906 -0.066187 0.86274510 0.85098039 0.86666667
v -0.606642 0.062515 -0.066297 0.85098039 0.84705882 0.85882353
v -0.603995 0.059788 -0.065801 0.84313725 0.82745098 0.85098039
v -0.603937 0.054453 -0.066278 0.88235294 0.87058824 0.89019608
v -0.601340 0.051681 -0.069371 0.88627451 0.87450980 0.89803922
v -0.601355 0.057055 -0.066444 0.85882353 0.84705882 0.86666667
v -0.598757 0.054285 -0.068863 0.87058824 0.85882353 0.87843137
v -0.598774 0.059657 -0.066958 0.84705882 0.83529412 0.85490196
v 0.648188 -0.009677 -0.067010 0.80000000 0.78431373 0.79607843
v 0.610542 -0.015055 -0.066543 0.77254902 0.76078431 0.77254902
v 0.650877 -0.006988 -0.066585 0.80784314 0.79215686 0.80392157
v 0.634743 0.046793 -0.067283 0.96470588 0.95294118 0.96078431
v 0.828396 0.025156 -0.068357 0.79607843 0.56862745 0.53725490
v 0.820373 0.027719 -0.068697 0.89019608 0.60784314 0.57647059
v 0.806861 0.014463 -0.066827 0.68235294 0.47058824 0.43529412
v 0.814979 0.027764 -0.066680 0.90980392 0.63529412 0.63137255
v 0.801497 0.014420 -0.066578 0.68235294 0.47450980 0.43137255
v 0.796121 0.014413 -0.066439 0.68627451 0.47843137 0.43921569
v 0.790729 0.014457 -0.066230 0.67843137 0.48235294 0.44313725
v 0.817606 0.014499 -0.068055 0.69019608 0.44705882 0.43529412
v 0.785335 0.014508 -0.066494 0.66274510 0.48235294 0.43921569
v 0.822981 0.014508 -0.068617 0.61960784 0.47058824 0.47058824
v 0.825668 0.017206 -0.066853 0.72941176 0.51764706 0.50588235
v 0.820289 0.017207 -0.066086 0.71764706 0.49803922 0.45882353
v 0.831044 0.017214 -0.068401 0.74117647 0.52156863 0.50980392
v 0.833733 0.019903 -0.068389 0.81960784 0.51764706 0.51372549
v 0.828359 0.019889 -0.066755 0.84705882 0.56470588 0.55294118
v 0.831048 0.022578 -0.067594 0.85098039 0.57254902 0.52156863
v 0.825674 0.022565 -0.066051 0.83921569 0.54117647 0.52941176
v 0.812233 0.014483 -0.067283 0.69019608 0.45882353 0.42352941
v 0.823020 0.025152 -0.066454 0.82745098 0.58039216 0.55686275
v -0.804045 0.031764 -0.065793 0.83921569 0.61568627 0.56470588
v -0.750219 0.010297 -0.065793 0.75294118 0.52549020 0.48235294
v -0.801440 0.032179 -0.065793 0.86274510 0.63529412 0.59215686
v -0.690034 0.005945 -0.065793 0.83529412 0.72941176 0.71372549
v -0.747006 0.010014 -0.065793 0.76078431 0.53333333 0.49019608
v -0.688817 0.005606 -0.065793 0.83921569 0.75686275 0.74901961
v -0.784083 0.014822 -0.065793 0.70588235 0.45490196 0.44313725
v -0.739824 0.009935 -0.065793 0.75294118 0.53725490 0.49019608
v -0.736258 0.010022 -0.065793 0.76862745 0.55294118 0.50588235
v -0.681399 0.003824 -0.065793 0.84313725 0.78431373 0.78431373
v -0.792098 0.033594 -0.065793 0.87843137 0.65490196 0.59215686
v -0.760731 0.034495 -0.065793 0.91372549 0.65882353 0.60392157
v -0.676018 0.003563 -0.065793 0.84313725 0.80000000 0.80784314
v -0.757389 0.035395 -0.065793 0.92941176 0.67843137 0.62352941
v -0.752355 0.036875 -0.065793 0.92549020 0.67843137 0.61960784
v -0.791395 0.033658 -0.065793 0.89019608 0.65490196 0.60000000
v -0.744004 0.039281 -0.065793 0.92549020 0.67843137 0.61568627
v -0.742291 0.039737 -0.065793 0.92156863 0.67843137 0.61568627
v -0.781044 0.033253 -0.065793 0.88235294 0.63921569 0.58039216
v -0.728591 0.010412 -0.065793 0.76862745 0.56078431 0.51372549
v -0.780984 0.033236 -0.065793 0.90980392 0.66274510 0.61568627
v -0.735248 0.041281 -0.065793 0.92156863 0.68235294 0.61568627
v 0.679288 0.002248 -0.065793 0.84313725 0.81960784 0.83137255
v -0.777200 0.015584 -0.065793 0.72941176 0.48235294 0.46274510
v -0.670525 0.003941 -0.065793 0.84313725 0.81568627 0.82745098
v -0.728697 0.042575 -0.065793 0.91764706 0.68235294 0.61568627
v 0.675983 0.001984 -0.065793 0.84313725 0.82352941 0.83921569
v -0.770391 0.033399 -0.065793 0.90980392 0.67450980 0.62745098
v -0.665582 0.003883 -0.065793 0.83921569 0.81960784 0.83529412
v 0.687813 0.004480 -0.065793 0.84313725 0.81568627 0.82352941
v -0.726232 0.043021 -0.065793 0.91372549 0.67843137 0.60784314
v 0.668587 0.002193 -0.065793 0.84313725 0.82745098 0.84313725
v 0.665483 0.002240 -0.065793 0.83529412 0.81960784 0.83529412
v -0.725960 0.010480 -0.065793 0.78431373 0.58431373 0.53725490
v -0.770126 0.033414 -0.065793 0.90980392 0.67058824 0.62352941
v 0.658092 0.001932 -0.065793 0.83529412 0.82352941 0.83529412
v -0.717726 0.010521 -0.065793 0.79607843 0.60000000 0.55686275
v -0.715188 0.010465 -0.065793 0.80784314 0.62745098 0.58431373
v 0.748146 0.009492 -0.065793 0.76470588 0.53333333 0.49411765
v -0.707672 0.009819 -0.065793 0.81176471 0.64313725 0.60392157
v -0.703142 0.009174 -0.065793 0.81960784 0.67058824 0.63921569
v 0.747397 0.009370 -0.065793 0.77647059 0.55294118 0.51764706
v -0.698687 0.008047 -0.065793 0.83137255 0.70588235 0.68235294
v -0.716507 0.044052 -0.065793 0.92156863 0.67843137 0.60392157
v 0.726272 0.009218 -0.065793 0.82352941 0.64705882 0.61568627
v -0.716458 0.044058 -0.065793 0.92156863 0.67450980 0.60392157
v 0.726074 0.009226 -0.065793 0.82745098 0.66666667 0.63921569
v -0.707031 0.045332 -0.065793 0.91764706 0.67058824 0.59607843
v 0.765004 0.013315 -0.065793 0.75686275 0.52549020 0.48627451
v -0.704001 0.045759 -0.065793 0.91764706 0.66666667 0.60000000
v -0.697811 0.046868 -0.065793 0.84313725 0.67058824 0.63529412
v -0.691433 0.047570 -0.065793 0.96078431 0.90196078 0.89019608
v -0.688250 0.048063 -0.065793 0.95686275 0.92941176 0.92941176
v 0.775005 0.014942 -0.065793 0.67450980 0.49019608 0.44705882
v -0.678891 0.049438 -0.065793 0.95686275 0.94509804 0.94901961
v 0.739806 0.038374 -0.065793 0.92549020 0.66666667 0.60392157
v -0.678798 0.049450 -0.065793 0.95686275 0.94509804 0.94901961
v 0.774144 0.014946 -0.065793 0.74901961 0.52941176 0.49019608
v -0.669654 0.050874 -0.065793 0.96470588 0.95294118 0.95686275
v 0.735269 0.039450 -0.065793 0.92549020 0.66666667 0.59607843
v 0.788355 0.032768 -0.065793 0.86274510 0.63137255 0.58823529
v 0.782529 0.032728 -0.065793 0.86666667 0.63921569 0.60000000
v 0.696322 0.006727 -0.065793 0.83921569 0.78823529 0.78823529
v 0.777930 0.032438 -0.065793 0.86666667 0.64313725 0.60392157
v 0.689841 0.005086 -0.065793 0.84313725 0.80392157 0.81176471
v 0.771114 0.032068 -0.065793 0.88235294 0.65490196 0.61176471
v 0.703954 0.008442 -0.065793 0.83529412 0.76470588 0.76078431
v 0.801689 0.030146 -0.065793 0.91372549 0.61568627 0.58431373
v 0.801567 0.030176 -0.065793 0.90980392 0.61568627 0.58039216
v 0.726444 0.041005 -0.065793 0.92156863 0.66666667 0.59215686
v 0.792766 0.032174 -0.065793 0.87450980 0.63137255 0.59215686
v 0.726105 0.041064 -0.065793 0.92156863 0.66666667 0.58823529
v 0.705211 0.008593 -0.065793 0.83529412 0.73725490 0.72549020
v 0.716413 0.042176 -0.065793 0.91764706 0.66274510 0.58039216
v 0.715625 0.009354 -0.065793 0.83137255 0.68627451 0.66666667
v 0.714294 0.042428 -0.065793 0.90980392 0.65882353 0.57254902
v 0.715224 0.009335 -0.065793 0.83137255 0.70980392 0.69411765
v 0.707012 0.043611 -0.065793 0.90588235 0.63529412 0.52549020
v 0.701812 0.044206 -0.065793 0.89411765 0.63529412 0.53725490
v 0.737212 0.008825 -0.065793 0.79607843 0.58823529 0.55294118
v 0.697480 0.044901 -0.065793 0.90588235 0.76078431 0.72156863
v 0.736667 0.008822 -0.065793 0.80784314 0.61960784 0.58431373
v 0.767350 0.032210 -0.065793 0.90980392 0.66274510 0.61176471
v 0.761201 0.032832 -0.065793 0.91764706 0.66666667 0.60784314
v 0.754496 0.034333 -0.065793 0.91764706 0.66666667 0.60784314
v 0.752422 0.034916 -0.065793 0.92156863 0.66274510 0.60392157
v 0.743894 0.037251 -0.065793 0.92156863 0.66666667 0.60392157
v 0.689461 0.045841 -0.065793 0.96078431 0.95294118 0.95686275
v 0.687843 0.046059 -0.065793 0.95686275 0.95294118 0.95686275
v 0.678306 0.047301 -0.065793 0.96078431 0.95686275 0.95294118
v 0.677144 0.047419 -0.065793 0.96078431 0.95686275 0.95686275
v 0.668535 0.048316 -0.065793 0.96078431 0.96078431 0.96078431
v -0.791779 0.033274 -0.070984 0.90588235 0.65490196 0.61176471
v -0.759510 0.033274 -0.069128 0.95686275 0.71764706 0.67058824
v -0.743376 0.038652 -0.068823 0.92156863 0.67843137 0.61960784
v -0.770266 0.033274 -0.066600 0.92156863 0.70196078 0.67843137
v -0.700351 0.006384 -0.073126 0.82745098 0.68627451 0.65882353
v 0.688524 0.003768 -0.070785 0.83529412 0.80000000 0.81176471
v -0.716485 0.044030 -0.065889 0.91372549 0.67450980 0.60392157
v -0.705729 0.044030 -0.071451 0.89411765 0.67450980 0.59607843
v 0.726177 0.009125 -0.066708 0.81960784 0.65882353 0.63137255
v 0.769364 0.030159 -0.071544 0.90196078 0.66666667 0.61960784
v -0.678851 0.049398 -0.065987 0.95294118 0.94117647 0.94117647
v 0.780123 0.030153 -0.073213 0.86666667 0.64705882 0.60784314
v 0.742400 0.035761 -0.071662 0.92156863 0.67058824 0.60784314
v 0.715415 0.009144 -0.067166 0.82745098 0.70196078 0.68627451
v 0.715475 0.041243 -0.069677 0.91372549 0.65098039 0.56078431
v 0.677789 0.046770 -0.068046 0.95686275 0.95294118 0.94901961
v 0.667012 0.046793 -0.071831 0.94901961 0.95294118 0.95686275
v -0.796271 0.018026 -0.061990 0.65882353 0.40000000 0.36862745
v -0.634994 0.060991 -0.061990 0.95294118 0.94901961 0.95686275
v -0.631785 0.061437 -0.061990 0.95686275 0.95294118 0.96470588
v -0.792084 0.017445 -0.061990 0.67058824 0.40784314 0.38431373
v -0.628919 0.061684 -0.061990 0.93725490 0.92549020 0.94117647
v -0.626602 0.061678 -0.061990 0.91764706 0.90980392 0.92549020
v -0.623921 0.061308 -0.061990 0.91372549 0.90196078 0.92156863
v -0.791546 0.017372 -0.061990 0.65882353 0.39607843 0.37647059
v -0.620088 0.060373 -0.061990 0.90588235 0.89411765 0.91372549
v -0.619467 0.060395 -0.061990 0.90196078 0.89019608 0.90980392
v -0.615337 0.060926 -0.061990 0.89019608 0.87450980 0.89411765
v -0.614380 -0.004451 -0.061990 0.77647059 0.76078431 0.76862745
v -0.614216 -0.004458 -0.061990 0.78039216 0.76470588 0.77254902
v -0.609310 -0.004759 -0.061990 0.78039216 0.76470588 0.77254902
v -0.612603 0.061904 -0.061990 0.88235294 0.86666667 0.88235294
v -0.611717 0.062486 -0.061990 0.87843137 0.86274510 0.88235294
v -0.608343 0.064416 -0.061990 0.87843137 0.86666667 0.88235294
v -0.604432 0.064728 -0.061990 0.88235294 0.87450980 0.88627451
v -0.786464 0.017077 -0.061990 0.66666667 0.41960784 0.41960784
v -0.608466 -0.004830 -0.061990 0.78039216 0.76470588 0.77647059
v -0.603579 0.064727 -0.061990 0.88627451 0.87450980 0.88627451
v -0.793786 0.031267 -0.061990 0.88235294 0.65490196 0.59607843
v -0.599527 0.064282 -0.061990 0.90980392 0.89803922 0.91372549
v -0.789719 0.031214 -0.061990 0.87843137 0.65490196 0.58823529
v -0.665595 0.051914 -0.061990 0.97254902 0.96078431 0.96470588
v -0.665481 0.051918 -0.061990 0.97254902 0.96078431 0.96470588
v -0.660418 0.051711 -0.061990 0.96470588 0.95686275 0.96078431
v -0.604316 -0.005143 -0.061990 0.78039216 0.76470588 0.77647059
v -0.659780 0.051640 -0.061990 0.96078431 0.95686275 0.96078431
v -0.808841 0.021590 -0.061990 0.66274510 0.46274510 0.43921569
v -0.655228 0.051522 -0.061990 0.96470588 0.95686275 0.96470588
v -0.602580 -0.005338 -0.061990 0.78039216 0.76470588 0.77647059
v -0.654546 0.051779 -0.061990 0.96470588 0.95686275 0.96470588
v -0.809710 0.024315 -0.061990 0.71372549 0.50980392 0.48235294
v -0.599410 -0.005615 -0.061990 0.78039216 0.76470588 0.77647059
v -0.651047 0.053638 -0.061990 0.94901961 0.94117647 0.94901961
v -0.805351 0.019956 -0.061990 0.64705882 0.45882353 0.42745098
v -0.647236 0.055286 -0.061990 0.93725490 0.92941176 0.93725490
v -0.806947 0.026930 -0.061990 0.83137255 0.60000000 0.55686275
v -0.645057 0.056312 -0.061990 0.93725490 0.92941176 0.93725490
v -0.643740 0.057187 -0.061990 0.91372549 0.90588235 0.91764706
v -0.805155 0.019898 -0.061990 0.63529412 0.43921569 0.41176471
v -0.640997 0.059874 -0.061990 0.90196078 0.89411765 0.90588235
v -0.636630 0.060896 -0.061990 0.95294118 0.94901961 0.95686275
v -0.800743 0.018932 -0.061990 0.63921569 0.41176471 0.38039216
v -0.798415 0.018398 -0.061990 0.65098039 0.40000000 0.36862745
v -0.660700 0.003010 -0.061990 0.83137255 0.81176471 0.82745098
v -0.657350 0.000982 -0.061990 0.82352941 0.80784314 0.82352941
v -0.657077 0.000756 -0.061990 0.81568627 0.80000000 0.81568627
v -0.654387 -0.001433 -0.061990 0.80392157 0.78823529 0.80000000
v -0.650914 -0.003338 -0.061990 0.78823529 0.77254902 0.78431373
v -0.646913 -0.004030 -0.061990 0.78039216 0.76078431 0.77254902
v -0.646307 -0.004110 -0.061990 0.76862745 0.74901961 0.75686275
v -0.641387 -0.004181 -0.061990 0.76862745 0.74901961 0.75686275
v -0.640948 -0.004130 -0.061990 0.76862745 0.74901961 0.75686275
v -0.636403 -0.003787 -0.061990 0.77254902 0.75686275 0.76470588
v -0.635291 -0.003851 -0.061990 0.76862745 0.74901961 0.76078431
v -0.630779 -0.004033 -0.061990 0.76862745 0.74901961 0.76078431
v -0.630122 -0.004060 -0.061990 0.76862745 0.74901961 0.76078431
v -0.625258 -0.004175 -0.061990 0.77254902 0.74901961 0.76470588
v -0.624885 -0.004199 -0.061990 0.77254902 0.75294118 0.76470588
v -0.619761 -0.004453 -0.061990 0.77647059 0.75686275 0.76862745
v -0.619598 -0.004454 -0.061990 0.78039216 0.76078431 0.77254902
v 0.649267 -0.010755 -0.061990 0.81568627 0.80000000 0.81568627
v 0.645914 -0.011951 -0.061990 0.79607843 0.78039216 0.79607843
v 0.640261 -0.012506 -0.061990 0.78431373 0.77254902 0.78431373
v 0.599434 -0.014703 -0.061990 0.76862745 0.75686275 0.77647059
v 0.645248 -0.012114 -0.061990 0.78823529 0.77254902 0.78431373
v 0.651736 -0.007846 -0.061990 0.82745098 0.81176471 0.82745098
v 0.609699 -0.014212 -0.061990 0.78039216 0.76470588 0.78431373
v 0.605795 -0.014424 -0.061990 0.78039216 0.76862745 0.78431373
v 0.653317 -0.004548 -0.061990 0.83137255 0.81568627 0.83137255
v 0.614780 -0.013915 -0.061990 0.77647059 0.76470588 0.78039216
v 0.653467 -0.004199 -0.061990 0.83529412 0.82352941 0.83529412
v 0.611463 -0.014134 -0.061990 0.78039216 0.76862745 0.78431373
v 0.646860 0.045433 -0.061990 0.96078431 0.95294118 0.95686275
v 0.644410 0.045704 -0.061990 0.96470588 0.95686275 0.96078431
v 0.617266 -0.013709 -0.061990 0.78039216 0.76862745 0.78431373
v 0.604582 -0.014473 -0.061990 0.77647059 0.76470588 0.78039216
v 0.600155 -0.014685 -0.061990 0.77254902 0.75686275 0.77647059
v 0.640949 0.045968 -0.061990 0.96862745 0.96078431 0.96470588
v 0.639516 0.046144 -0.061990 0.96862745 0.96470588 0.96470588
v 0.635013 0.047018 -0.061990 0.96862745 0.96078431 0.96078431
v 0.622375 0.048408 -0.061990 0.94509804 0.93333333 0.94509804
v 0.620697 0.048881 -0.061990 0.93725490 0.92941176 0.93725490
v 0.616653 0.050215 -0.061990 0.90980392 0.89803922 0.91764706
v 0.639979 -0.012508 -0.061990 0.78431373 0.76862745 0.78039216
v 0.634446 0.047093 -0.061990 0.96862745 0.96078431 0.96078431
v 0.630234 0.047618 -0.061990 0.96470588 0.95294118 0.96862745
v 0.628231 0.047930 -0.061990 0.95686275 0.94901961 0.95686275
v 0.625351 0.048118 -0.061990 0.94901961 0.94117647 0.94901961
v 0.630103 -0.013104 -0.061990 0.77647059 0.76078431 0.77254902
v 0.628534 -0.013197 -0.061990 0.77647059 0.76078431 0.77254902
v 0.634983 -0.012606 -0.061990 0.78039216 0.76862745 0.78039216
v 0.634469 -0.012640 -0.061990 0.77647059 0.76470588 0.77647059
v 0.625010 -0.013389 -0.061990 0.77254902 0.76078431 0.77254902
v 0.622899 -0.013454 -0.061990 0.77647059 0.76470588 0.77647059
v 0.619839 -0.013596 -0.061990 0.77647059 0.76470588 0.77647059
v 0.614709 0.050693 -0.061990 0.91372549 0.90196078 0.91764706
v 0.612363 0.051304 -0.061990 0.92156863 0.91372549 0.92941176
v 0.608156 0.052474 -0.061990 0.94509804 0.93333333 0.94901961
v 0.607384 0.052639 -0.061990 0.94117647 0.92941176 0.94901961
v 0.603577 0.053274 -0.061990 0.94509804 0.93725490 0.94901961
v 0.600900 0.053746 -0.061990 0.94509804 0.93333333 0.94901961
v 0.599162 0.054237 -0.061990 0.94117647 0.92941176 0.94117647
v 0.594986 0.055439 -0.061990 0.90980392 0.89803922 0.91372549
v 0.801985 0.019346 -0.061990 0.75294118 0.50588235 0.47058824
v 0.802041 0.020410 -0.061990 0.78431373 0.52156863 0.49411765
v 0.792788 0.017790 -0.061990 0.63137255 0.41960784 0.40392157
v 0.788049 0.017222 -0.061990 0.56078431 0.38823529 0.35294118
v 0.797287 0.018681 -0.061990 0.70196078 0.47058824 0.43137255
v 0.794156 0.017903 -0.061990 0.64705882 0.43529412 0.41176471
v 0.800618 0.018995 -0.061990 0.73725490 0.49019608 0.45098039
v 0.783002 0.016845 -0.061990 0.52941176 0.40392157 0.34509804
v 0.788008 0.017213 -0.061990 0.56078431 0.38823529 0.35294118
v 0.791686 0.029567 -0.061990 0.83921569 0.61176471 0.56862745
v 0.790172 0.029861 -0.061990 0.81568627 0.60392157 0.56078431
v 0.656322 0.046727 -0.061990 0.93333333 0.92549020 0.93725490
v 0.655864 0.046402 -0.061990 0.94117647 0.93333333 0.94117647
v 0.665065 0.048740 -0.061990 0.94901961 0.94117647 0.94901961
v 0.663392 0.048551 -0.061990 0.94117647 0.93333333 0.94117647
v 0.660158 0.048269 -0.061990 0.92941176 0.92156863 0.92941176
v 0.756647 0.010858 -0.061990 0.76078431 0.52549020 0.48627451
v 0.760748 0.012157 -0.061990 0.75686275 0.52156863 0.48235294
v 0.652726 0.044944 -0.061990 0.94509804 0.93725490 0.94509804
v 0.762042 0.012617 -0.061990 0.75686275 0.52156863 0.48235294
v 0.649567 0.045483 -0.061990 0.95686275 0.94901961 0.95294118
v -0.797157 0.017140 -0.062856 0.68235294 0.40784314 0.36078431
v -0.791779 0.017140 -0.062223 0.67058824 0.40000000 0.37647059
v -0.791779 0.033274 -0.064574 0.87843137 0.67843137 0.61568627
v -0.611869 0.057258 -0.065612 0.88235294 0.87450980 0.89411765
v -0.824047 0.022518 -0.065499 0.65882353 0.46274510 0.44313725
v -0.609221 0.054533 -0.065639 0.88627451 0.88235294 0.89803922
v -0.660141 0.051989 -0.062977 0.96470588 0.95686275 0.96078431
v -0.611877 0.062634 -0.064109 0.89019608 0.87843137 0.89411765
v -0.654763 0.051988 -0.062488 0.96470588 0.95686275 0.96078431
v -0.821358 0.025207 -0.064992 0.71372549 0.48235294 0.45490196
v -0.606585 0.057179 -0.065528 0.87058824 0.85882353 0.87843137
v -0.818669 0.027896 -0.065629 0.76078431 0.51764706 0.48627451
v -0.643961 0.057407 -0.062987 0.92156863 0.90980392 0.92156863
v -0.821358 0.019829 -0.064918 0.60000000 0.43137255 0.42352941
v -0.641226 0.060136 -0.065506 0.90980392 0.89803922 0.90980392
v -0.601382 0.062418 -0.065454 0.86666667 0.85490196 0.87058824
v -0.818669 0.022518 -0.063885 0.68627451 0.47843137 0.45098039
v -0.815980 0.019829 -0.063623 0.60392157 0.41960784 0.40000000
v -0.657326 0.001006 -0.062300 0.82745098 0.81176471 0.82745098
v -0.815980 0.025207 -0.063294 0.80392157 0.56470588 0.53333333
v -0.813291 0.022518 -0.062591 0.67843137 0.47450980 0.45882353
v -0.646570 -0.004373 -0.063624 0.78823529 0.76862745 0.78039216
v -0.641193 -0.004375 -0.063274 0.77647059 0.76078431 0.76862745
v -0.630437 -0.004375 -0.064635 0.77647059 0.76078431 0.77254902
v -0.813291 0.017140 -0.064724 0.65490196 0.40784314 0.39607843
v -0.625058 -0.004375 -0.063023 0.77647059 0.75686275 0.77254902
v -0.810602 0.019829 -0.062738 0.61176471 0.40000000 0.38431373
v -0.807913 0.017140 -0.064117 0.68627451 0.43137255 0.40784314
v -0.810602 0.025207 -0.062284 0.82352941 0.58431373 0.55294118
v -0.805224 0.019829 -0.062028 0.61568627 0.41568627 0.39215686
v -0.807913 0.027896 -0.062408 0.83921569 0.60784314 0.56862745
v -0.802535 0.017140 -0.063649 0.67450980 0.41568627 0.36470588
v 0.640121 -0.012366 -0.065366 0.78039216 0.76862745 0.77647059
v 0.599786 -0.015055 -0.063797 0.77647059 0.76470588 0.78039216
v 0.594407 -0.015055 -0.062986 0.78431373 0.77254902 0.78823529
v 0.605164 -0.015055 -0.065031 0.77647059 0.76470588 0.77647059
v 0.809541 0.017181 -0.064301 0.67058824 0.49411765 0.43529412
v 0.804176 0.017143 -0.063740 0.69019608 0.46666667 0.41568627
v 0.798794 0.017155 -0.063200 0.65882353 0.44313725 0.38823529
v 0.822979 0.019896 -0.065617 0.79215686 0.51764706 0.49411765
v 0.814910 0.017211 -0.065234 0.71372549 0.48627451 0.45098039
v 0.806852 0.019871 -0.062806 0.77254902 0.51764706 0.47843137
v 0.812230 0.019872 -0.063430 0.76862745 0.54117647 0.49019608
v 0.817599 0.019899 -0.064448 0.78823529 0.52549020 0.49019608
v 0.809557 0.022513 -0.062904 0.80392157 0.51764706 0.48627451
v 0.820305 0.022537 -0.064851 0.84313725 0.58823529 0.55294118
v 0.804173 0.022531 -0.062010 0.84705882 0.56862745 0.52941176
v 0.814918 0.022566 -0.063801 0.83921569 0.54901961 0.53333333
v 0.817617 0.025223 -0.064497 0.81568627 0.60000000 0.56470588
v 0.806889 0.025141 -0.062292 0.83529412 0.59215686 0.56078431
v 0.812256 0.025173 -0.063781 0.82352941 0.59607843 0.57647059
v 0.809613 0.027727 -0.064739 0.92549020 0.63529412 0.60000000
v 0.793415 0.017158 -0.062439 0.61960784 0.41568627 0.38823529
v 0.788024 0.017197 -0.062006 0.55686275 0.38431373 0.34901961
v 0.790776 0.030457 -0.062370 0.87058824 0.61568627 0.56862745
v -0.781543 0.021998 -0.058187 0.69803922 0.47843137 0.44313725
v -0.781177 0.022672 -0.058187 0.88627451 0.60000000 0.55686275
v -0.666381 0.051123 -0.058187 0.97254902 0.96470588 0.96862745
v -0.664403 0.050908 -0.058187 0.97254902 0.96470588 0.97254902
v -0.635381 0.059647 -0.058187 0.96078431 0.95686275 0.96862745
v -0.631137 0.059470 -0.058187 0.96078431 0.96078431 0.96862745
v -0.629847 0.059501 -0.058187 0.96078431 0.95686275 0.96862745
v -0.661576 0.050551 -0.058187 0.96862745 0.96078431 0.96862745
v -0.657579 0.049167 -0.058187 0.96470588 0.96078431 0.96862745
v -0.625270 0.059955 -0.058187 0.93725490 0.92941176 0.94509804
v -0.657243 0.049158 -0.058187 0.96470588 0.96470588 0.96862745
v -0.624895 0.059973 -0.058187 0.93333333 0.92549020 0.94117647
v -0.620157 0.059694 -0.058187 0.90980392 0.90196078 0.91372549
v -0.619308 0.059710 -0.058187 0.90588235 0.89411765 0.90980392
v -0.615349 0.060955 -0.058187 0.88235294 0.86666667 0.88627451
v -0.652988 0.050282 -0.058187 0.96470588 0.96078431 0.96862745
v -0.649492 0.052140 -0.058187 0.93333333 0.92549020 0.93725490
v -0.614315 -0.004386 -0.058187 0.77254902 0.75294118 0.76078431
v -0.614287 -0.004388 -0.058187 0.77647059 0.76078431 0.76862745
v -0.648635 0.052735 -0.058187 0.92549020 0.92156863 0.93333333
v -0.609145 -0.004594 -0.058187 0.78039216 0.76078431 0.76862745
v -0.608676 -0.004620 -0.058187 0.78039216 0.76470588 0.77254902
v -0.603813 -0.004640 -0.058187 0.78039216 0.76470588 0.77254902
v -0.603232 -0.004686 -0.058187 0.78039216 0.76470588 0.77647059
v -0.646352 0.054401 -0.058187 0.93333333 0.92549020 0.93725490
v -0.643012 0.056472 -0.058187 0.90588235 0.90196078 0.91372549
v -0.639420 0.058306 -0.058187 0.93725490 0.93333333 0.94117647
v -0.612225 0.063143 -0.058187 0.87450980 0.85882353 0.87450980
v -0.636564 0.059422 -0.058187 0.95686275 0.95686275 0.96470588
v -0.610759 0.063741 -0.058187 0.87450980 0.85882353 0.87450980
v -0.660791 0.002919 -0.058187 0.82745098 0.80784314 0.82352941
v -0.607940 0.064157 -0.058187 0.89411765 0.88235294 0.89803922
v -0.657476 0.000856 -0.058187 0.81960784 0.80392157 0.81960784
v -0.604941 0.064202 -0.058187 0.90588235 0.89411765 0.90980392
v -0.603047 0.064341 -0.058187 0.91372549 0.90196078 0.91372549
v -0.655914 -0.000407 -0.058187 0.81176471 0.79607843 0.81176471
v -0.654493 -0.001540 -0.058187 0.80392157 0.78431373 0.80000000
v -0.650960 -0.003384 -0.058187 0.78431373 0.76470588 0.78039216
v -0.647392 -0.003551 -0.058187 0.77254902 0.74901961 0.76078431
v -0.645801 -0.003603 -0.058187 0.74509804 0.72549020 0.72941176
v -0.642181 -0.003384 -0.058187 0.76078431 0.73725490 0.74117647
v -0.640051 -0.003232 -0.058187 0.77254902 0.74901961 0.75686275
v -0.636953 -0.003234 -0.058187 0.76862745 0.74901961 0.76078431
v -0.634702 -0.003260 -0.058187 0.75686275 0.74117647 0.75294118
v -0.631597 -0.003212 -0.058187 0.75686275 0.73333333 0.75294118
v -0.629319 -0.003256 -0.058187 0.76078431 0.73725490 0.75686275
v -0.625868 -0.003562 -0.058187 0.76862745 0.74509804 0.75686275
v -0.624430 -0.003745 -0.058187 0.77254902 0.74509804 0.76078431
v -0.619992 -0.004060 -0.058187 0.76470588 0.74509804 0.75294118
v -0.619408 -0.004100 -0.058187 0.76862745 0.74901961 0.75294118
v 0.649165 -0.010654 -0.058187 0.81176471 0.79607843 0.81176471
v 0.646331 -0.011534 -0.058187 0.78431373 0.76862745 0.78431373
v 0.644849 -0.011715 -0.058187 0.78039216 0.76470588 0.78039216
v 0.640933 -0.011554 -0.058187 0.81176471 0.79607843 0.81176471
v 0.651732 -0.007843 -0.058187 0.83529412 0.81960784 0.83529412
v 0.653869 -0.004601 -0.058187 0.84705882 0.83137255 0.84705882
v 0.598239 -0.013509 -0.058187 0.78431373 0.76862745 0.78823529
v 0.608987 -0.013500 -0.058187 0.78431373 0.77254902 0.78823529
v 0.606722 -0.013497 -0.058187 0.78431373 0.77254902 0.79215686
v 0.614182 -0.013317 -0.058187 0.78431373 0.77254902 0.78823529
v 0.612195 -0.013401 -0.058187 0.78039216 0.76470588 0.78431373
v 0.646549 0.045746 -0.058187 0.95686275 0.94901961 0.95686275
v 0.644804 0.046047 -0.058187 0.96078431 0.95294118 0.95686275
v 0.640673 0.046245 -0.058187 0.96470588 0.96078431 0.96078431
v 0.617789 -0.013185 -0.058187 0.78431373 0.77254902 0.78823529
v 0.639602 0.046218 -0.058187 0.96862745 0.96078431 0.96078431
v 0.603529 -0.013420 -0.058187 0.78431373 0.76862745 0.78431373
v 0.634815 0.046809 -0.058187 0.96862745 0.96078431 0.95686275
v 0.601397 -0.013444 -0.058187 0.78039216 0.76862745 0.78431373
v 0.622073 0.048710 -0.058187 0.94117647 0.93333333 0.94117647
v 0.620810 0.048958 -0.058187 0.93725490 0.92549020 0.93725490
v 0.616581 0.050144 -0.058187 0.91764706 0.90980392 0.92156863
v 0.634710 0.046830 -0.058187 0.96862745 0.96078431 0.95686275
v 0.630270 0.047645 -0.058187 0.96862745 0.96078431 0.96862745
v 0.628263 0.047899 -0.058187 0.96470588 0.95294118 0.96470588
v 0.625446 0.048207 -0.058187 0.95686275 0.94509804 0.95686275
v 0.619350 -0.013107 -0.058187 0.78431373 0.77254902 0.78823529
v 0.639268 -0.011512 -0.058187 0.80000000 0.78431373 0.80000000
v 0.635273 -0.011836 -0.058187 0.78431373 0.76862745 0.78431373
v 0.634339 -0.011961 -0.058187 0.77647059 0.76078431 0.77647059
v 0.629485 -0.012246 -0.058187 0.77647059 0.76078431 0.78039216
v 0.624307 -0.012686 -0.058187 0.77647059 0.76470588 0.78039216
v 0.623619 -0.012734 -0.058187 0.78039216 0.76862745 0.78431373
v 0.629260 -0.012261 -0.058187 0.77647059 0.76078431 0.78039216
v 0.614753 0.050649 -0.058187 0.92156863 0.91372549 0.92549020
v 0.612335 0.051275 -0.058187 0.93333333 0.92549020 0.93725490
v 0.608028 0.052347 -0.058187 0.94509804 0.93333333 0.94901961
v 0.607611 0.052413 -0.058187 0.94509804 0.93333333 0.94901961
v 0.603380 0.053077 -0.058187 0.94117647 0.92941176 0.94509804
v 0.601015 0.053631 -0.058187 0.93333333 0.92156863 0.93333333
v 0.599209 0.054284 -0.058187 0.92549020 0.91372549 0.92549020
v 0.764867 0.015401 -0.058187 0.76078431 0.52156863 0.47843137
v 0.763640 0.014588 -0.058187 0.75686275 0.51764706 0.47843137
v 0.656385 0.046664 -0.058187 0.93725490 0.92941176 0.93725490
v 0.656015 0.046553 -0.058187 0.93725490 0.92941176 0.94117647
v 0.664816 0.048989 -0.058187 0.94117647 0.92941176 0.94509804
v 0.663518 0.048677 -0.058187 0.93333333 0.92549020 0.93725490
v 0.660561 0.047866 -0.058187 0.92156863 0.91764706 0.92549020
v 0.651971 0.045699 -0.058187 0.94901961 0.94117647 0.94901961
v 0.649761 0.045677 -0.058187 0.95294118 0.94509804 0.94901961
v 0.756415 0.011058 -0.058187 0.75686275 0.52156863 0.47843137
v 0.760069 0.012801 -0.058187 0.75686275 0.51764706 0.47843137
v -0.794468 0.019829 -0.060671 0.65882353 0.42745098 0.40000000
v -0.791779 0.022518 -0.059162 0.70196078 0.47058824 0.43529412
v -0.789090 0.019829 -0.059861 0.63921569 0.41960784 0.40392157
v -0.635860 0.060125 -0.059392 0.95686275 0.95294118 0.96470588
v -0.630477 0.060130 -0.059082 0.96078431 0.95686275 0.96470588
v -0.786401 0.017140 -0.061932 0.66666667 0.41568627 0.41960784
v -0.625074 0.060151 -0.058434 0.93333333 0.92549020 0.94117647
v -0.611797 0.062700 -0.059352 0.87058824 0.85490196 0.87058824
v -0.797157 0.027896 -0.060325 0.84705882 0.60392157 0.55294118
v -0.619729 0.060123 -0.060322 0.90588235 0.89019608 0.90980392
v -0.794468 0.025207 -0.059370 0.72941176 0.50980392 0.45882353
v -0.794468 0.030585 -0.061354 0.88627451 0.65490196 0.59607843
v -0.791779 0.027896 -0.059444 0.76470588 0.53725490 0.48235294
v -0.807913 0.022518 -0.061755 0.68627451 0.49019608 0.46274510
v -0.789090 0.025207 -0.058504 0.74117647 0.50588235 0.45490196
v -0.789090 0.030585 -0.061322 0.83921569 0.59607843 0.53333333
v -0.805224 0.025207 -0.061469 0.81568627 0.58431373 0.53725490
v -0.786401 0.027896 -0.058711 0.85490196 0.60784314 0.54901961
v -0.786401 0.022518 -0.058369 0.70980392 0.48235294 0.44313725
v -0.783712 0.019829 -0.060197 0.60000000 0.38823529 0.38823529
v -0.802535 0.022518 -0.060813 0.69019608 0.49803922 0.46274510
v -0.783712 0.025207 -0.058320 0.85098039 0.58823529 0.54509804
v -0.657418 0.049328 -0.058557 0.96470588 0.96470588 0.96862745
v -0.799846 0.019829 -0.061373 0.65490196 0.43529412 0.40784314
v -0.799846 0.025207 -0.060277 0.82745098 0.58431373 0.53725490
v -0.797157 0.022518 -0.059958 0.69019608 0.47450980 0.43921569
v -0.646665 0.054705 -0.059437 0.93725490 0.92941176 0.94117647
v -0.619680 -0.004373 -0.060896 0.77254902 0.75294118 0.76470588
v 0.640121 -0.012366 -0.061056 0.78823529 0.77254902 0.78823529
v 0.653566 -0.004299 -0.061490 0.83921569 0.82352941 0.83921569
v 0.629365 -0.012366 -0.058543 0.77647059 0.76470588 0.77647059
v 0.634743 -0.012366 -0.060179 0.78431373 0.76862745 0.78039216
v 0.801481 0.019851 -0.061769 0.76470588 0.51372549 0.48235294
v 0.790711 0.019892 -0.060770 0.69019608 0.46666667 0.44313725
v 0.796098 0.019865 -0.061256 0.72941176 0.49411765 0.46274510
v 0.798783 0.022566 -0.061227 0.86666667 0.60392157 0.54901961
v 0.793408 0.022559 -0.060139 0.77254902 0.52549020 0.49019608
v 0.796113 0.025198 -0.060646 0.86274510 0.56470588 0.52156863
v 0.782644 0.017204 -0.061594 0.53333333 0.39607843 0.34509804
v 0.785332 0.019896 -0.059879 0.65882353 0.45882353 0.41176471
v 0.788027 0.022568 -0.059383 0.76470588 0.52941176 0.47843137
v 0.779954 0.019896 -0.059505 0.63921569 0.43921569 0.41176471
v 0.782644 0.022581 -0.059223 0.73725490 0.50980392 0.47450980
v 0.785339 0.025253 -0.059013 0.81568627 0.56470588 0.50980392
v 0.790714 0.025261 -0.059807 0.83529412 0.56862745 0.51372549
v 0.763853 0.014410 -0.059005 0.75686275 0.52156863 0.47843137
v 0.793443 0.027832 -0.061380 0.86274510 0.63137255 0.58823529
v 0.788046 0.027888 -0.060659 0.88235294 0.64705882 0.59607843
v -0.766524 0.015504 -0.058187 0.76470588 0.51372549 0.47058824
v -0.760333 0.012584 -0.058187 0.75686275 0.51764706 0.47450980
v -0.780280 0.023260 -0.058187 0.74117647 0.50196078 0.46274510
v -0.759187 0.012085 -0.058187 0.74509804 0.51372549 0.47058824
v -0.690569 0.005409 -0.058187 0.83137255 0.72941176 0.70980392
v -0.750187 0.010328 -0.058187 0.74117647 0.51764706 0.47058824
v -0.780014 0.021510 -0.058187 0.64705882 0.43921569 0.40784314
v -0.687889 0.004677 -0.058187 0.83529412 0.75294118 0.74117647
v -0.747058 0.010065 -0.058187 0.74117647 0.52156863 0.47450980
v -0.773144 0.019640 -0.058187 0.69803922 0.45098039 0.40784314
v -0.739596 0.010163 -0.058187 0.74509804 0.52941176 0.48235294
v -0.681794 0.003428 -0.058187 0.83921569 0.77647059 0.77647059
v -0.736446 0.010210 -0.058187 0.75294118 0.54509804 0.49411765
v -0.775635 0.027887 -0.058187 0.77254902 0.51764706 0.47058824
v -0.675768 0.003313 -0.058187 0.83529412 0.78823529 0.79215686
v -0.760359 0.034123 -0.058187 0.88627451 0.59215686 0.53333333
v -0.670481 0.003985 -0.058187 0.83529412 0.80392157 0.81176471
v -0.767808 0.030816 -0.058187 0.89411765 0.58431373 0.51764706
v -0.757075 0.035709 -0.058187 0.91764706 0.65882353 0.59607843
v -0.753048 0.037568 -0.058187 0.92549020 0.67450980 0.60784314
v -0.665564 0.003865 -0.058187 0.83137255 0.80784314 0.82352941
v -0.745040 0.040316 -0.058187 0.92549020 0.67843137 0.60784314
v -0.740598 0.041430 -0.058187 0.92156863 0.68235294 0.61176471
v -0.728192 0.010811 -0.058187 0.76470588 0.55686275 0.50980392
v -0.736311 0.042344 -0.058187 0.92156863 0.68235294 0.61176471
v 0.679704 0.001832 -0.058187 0.85098039 0.82745098 0.83921569
v -0.727262 0.044010 -0.058187 0.92156863 0.68235294 0.61176471
v 0.675635 0.001635 -0.058187 0.85098039 0.83137255 0.84705882
v 0.748113 0.009422 -0.058187 0.76470588 0.53333333 0.49411765
v -0.727227 0.044015 -0.058187 0.92156863 0.67843137 0.60784314
v 0.688277 0.004015 -0.058187 0.84705882 0.81568627 0.82745098
v -0.726416 0.010936 -0.058187 0.78039216 0.57647059 0.52941176
v 0.668646 0.002134 -0.058187 0.85882353 0.84313725 0.85882353
v -0.717360 0.010887 -0.058187 0.79215686 0.60000000 0.55294118
v 0.769953 0.019040 -0.058187 0.74901961 0.51764706 0.47843137
v 0.665406 0.002162 -0.058187 0.85098039 0.83529412 0.85098039
v 0.774435 0.025033 -0.058187 0.79215686 0.55294118 0.50196078
v 0.747420 0.009327 -0.058187 0.77647059 0.54901961 0.50980392
v 0.658599 0.001425 -0.058187 0.85490196 0.84313725 0.85882353
v 0.767244 0.028467 -0.058187 0.91372549 0.62745098 0.56862745
v 0.726538 0.009461 -0.058187 0.82745098 0.64705882 0.61568627
v 0.725787 0.009506 -0.058187 0.83137255 0.66666667 0.64313725
v 0.705284 0.008521 -0.058187 0.83921569 0.73333333 0.72156863
v 0.703750 0.008238 -0.058187 0.83921569 0.76470588 0.76078431
v -0.715536 0.010813 -0.058187 0.80392157 0.61960784 0.57647059
v 0.738234 0.039973 -0.058187 0.92941176 0.67058824 0.60392157
v 0.715830 0.009548 -0.058187 0.83529412 0.69019608 0.67058824
v -0.707587 0.009904 -0.058187 0.81176471 0.64705882 0.60784314
v 0.736198 0.040413 -0.058187 0.93333333 0.67058824 0.60000000
v 0.715054 0.009499 -0.058187 0.83529412 0.70980392 0.69411765
v -0.702893 0.008926 -0.058187 0.81960784 0.66274510 0.62745098
v 0.696723 0.006326 -0.058187 0.84705882 0.79215686 0.79607843
v 0.688983 0.004227 -0.058187 0.84705882 0.80784314 0.81568627
v -0.698963 0.007772 -0.058187 0.82352941 0.69411765 0.66274510
v 0.727102 0.042064 -0.058187 0.92941176 0.66666667 0.59215686
v 0.725086 0.042368 -0.058187 0.92549020 0.66666667 0.58823529
v 0.717553 0.043296 -0.058187 0.91764706 0.66666667 0.58431373
v -0.717669 0.045214 -0.058187 0.92549020 0.67843137 0.60392157
v 0.712856 0.043872 -0.058187 0.90980392 0.66666667 0.58431373
v 0.708018 0.044559 -0.058187 0.89803922 0.67058824 0.59215686
v -0.715017 0.045498 -0.058187 0.92941176 0.67843137 0.60392157
v 0.700420 0.045570 -0.058187 0.86274510 0.67450980 0.61960784
v -0.708059 0.046360 -0.058187 0.93333333 0.66666667 0.59607843
v 0.737111 0.008898 -0.058187 0.79607843 0.57647059 0.54117647
v 0.736789 0.008891 -0.058187 0.81568627 0.62352941 0.58823529
v -0.702581 0.047179 -0.058187 0.92941176 0.66274510 0.60784314
v -0.698759 0.047816 -0.058187 0.85882353 0.66274510 0.61960784
v -0.690143 0.048862 -0.058187 0.97254902 0.94117647 0.93333333
v 0.698546 0.045878 -0.058187 0.90980392 0.79215686 0.76078431
v -0.689222 0.049007 -0.058187 0.96862745 0.94901961 0.94117647
v -0.679798 0.050312 -0.058187 0.96862745 0.95686275 0.96862745
v 0.759901 0.031737 -0.058187 0.92549020 0.63529412 0.58039216
v -0.677753 0.050501 -0.058187 0.96862745 0.95686275 0.96862745
v 0.754198 0.034699 -0.058187 0.91764706 0.65098039 0.59607843
v -0.669873 0.051067 -0.058187 0.96862745 0.96470588 0.96862745
v 0.752820 0.035328 -0.058187 0.92156863 0.65882353 0.59607843
v 0.744837 0.038215 -0.058187 0.92549020 0.66666667 0.60392157
v 0.688165 0.047113 -0.058187 0.96470588 0.95686275 0.96470588
v 0.679383 0.048259 -0.058187 0.96470588 0.96078431 0.96078431
v 0.676015 0.048547 -0.058187 0.96470588 0.96078431 0.96078431
v 0.669312 0.049044 -0.058187 0.95686275 0.95686275 0.96078431
v 0.688925 0.047032 -0.058187 0.96470588 0.95686275 0.96470588
v -0.775644 0.027896 -0.058192 0.85882353 0.60000000 0.54509804
v -0.775644 0.017140 -0.061333 0.70588235 0.46666667 0.43921569
v -0.770266 0.033274 -0.062054 0.89803922 0.65490196 0.58823529
v 0.726245 0.041205 -0.065049 0.92156863 0.66666667 0.58823529
v 0.774600 0.025199 -0.058217 0.78039216 0.54509804 0.49411765
v 0.769264 0.030456 -0.060135 0.88627451 0.63921569 0.59215686
v 0.779989 0.030548 -0.060821 0.84313725 0.61176471 0.58431373
v 0.688575 0.046707 -0.061446 0.96470588 0.95686275 0.96078431
v -0.638035 -0.002152 -0.054384 0.78431373 0.76078431 0.77647059
v -0.633500 -0.002058 -0.054384 0.77254902 0.75294118 0.76862745
v -0.632744 -0.002065 -0.054384 0.76862745 0.75294118 0.76862745
v -0.627842 -0.001778 -0.054384 0.76862745 0.74509804 0.76862745
v -0.627650 -0.001781 -0.054384 0.76862745 0.74509804 0.76862745
v -0.622404 -0.001649 -0.054384 0.78823529 0.76470588 0.78431373
v -0.622342 -0.001657 -0.054384 0.78823529 0.76470588 0.78039216
v -0.667071 0.050428 -0.054384 0.96862745 0.96470588 0.97254902
v -0.618153 -0.002846 -0.054384 0.78039216 0.76470588 0.77647059
v -0.615373 -0.003301 -0.054384 0.78823529 0.76862745 0.78039216
v -0.662870 0.049421 -0.054384 0.96862745 0.96470588 0.97647059
v -0.613515 -0.003586 -0.054384 0.78823529 0.77254902 0.78039216
v -0.662746 0.049377 -0.054384 0.96862745 0.96470588 0.97254902
v -0.658793 0.047952 -0.054384 0.96078431 0.96078431 0.96862745
v -0.642578 0.053408 -0.054384 0.91764706 0.91372549 0.92156863
v -0.654805 0.046562 -0.054384 0.96470588 0.96078431 0.97254902
v -0.640602 0.054126 -0.054384 0.92549020 0.92156863 0.93333333
v -0.636662 0.055555 -0.054384 0.94901961 0.94901961 0.95686275
v -0.634624 0.055984 -0.054384 0.95686275 0.96078431 0.96470588
v -0.632086 0.056388 -0.054384 0.96470588 0.96470588 0.97254902
v -0.654669 0.046584 -0.054384 0.96862745 0.96470588 0.97254902
v -0.628525 0.056701 -0.054384 0.96862745 0.96470588 0.97647059
v -0.627177 0.056868 -0.054384 0.96470588 0.96078431 0.97254902
v -0.650961 0.048256 -0.054384 0.94901961 0.94901961 0.96078431
v -0.622421 0.057504 -0.054384 0.94117647 0.92941176 0.94117647
v -0.647638 0.050315 -0.054384 0.92549020 0.92156863 0.93725490
v -0.644477 0.052547 -0.054384 0.93725490 0.93725490 0.94509804
v -0.622328 0.057519 -0.054384 0.94117647 0.92941176 0.94509804
v -0.618075 0.058472 -0.054384 0.90196078 0.89411765 0.90588235
v -0.660735 0.002969 -0.054384 0.82352941 0.80392157 0.81960784
v -0.614847 0.059640 -0.054384 0.89411765 0.88235294 0.89803922
v -0.657329 0.000997 -0.054384 0.81960784 0.80000000 0.81568627
v -0.657325 0.000994 -0.054384 0.81176471 0.79607843 0.81176471
v -0.614265 0.059881 -0.054384 0.90196078 0.89411765 0.90588235
v -0.654213 -0.001266 -0.054384 0.80392157 0.78431373 0.80000000
v -0.609533 -0.003764 -0.054384 0.79215686 0.77254902 0.78039216
v -0.608387 -0.003836 -0.054384 0.78823529 0.77254902 0.78039216
v -0.650368 -0.002792 -0.054384 0.78431373 0.76470588 0.78039216
v -0.648165 -0.002778 -0.054384 0.75686275 0.73333333 0.74901961
v -0.603751 -0.004167 -0.054384 0.78431373 0.76470588 0.77254902
v -0.644773 -0.002576 -0.054384 0.75686275 0.73725490 0.74509804
v -0.603365 -0.004192 -0.054384 0.78039216 0.76078431 0.76862745
v -0.643108 -0.002456 -0.054384 0.76470588 0.74117647 0.74901961
v -0.610736 0.061669 -0.054384 0.90196078 0.89019608 0.90588235
v -0.639034 -0.002214 -0.054384 0.77647059 0.75686275 0.76470588
v -0.606658 0.062821 -0.054384 0.91372549 0.90588235 0.91764706
v -0.606265 0.062866 -0.054384 0.91764706 0.90588235 0.92156863
v -0.601719 0.063080 -0.054384 0.93725490 0.92941176 0.94117647
v 0.643059 -0.009925 -0.054384 0.84313725 0.83137255 0.84705882
v 0.634350 0.046329 -0.054384 0.96470588 0.95686275 0.95294118
v 0.629822 0.047186 -0.054384 0.96862745 0.96078431 0.96470588
v 0.628788 0.047374 -0.054384 0.96470588 0.96078431 0.96470588
v 0.625267 0.048021 -0.054384 0.95686275 0.94901961 0.95686275
v 0.642558 -0.009929 -0.054384 0.84313725 0.83137255 0.84705882
v 0.648104 -0.009593 -0.054384 0.81176471 0.79607843 0.81568627
v 0.622313 0.048470 -0.054384 0.94509804 0.93333333 0.94509804
v 0.651185 -0.007295 -0.054384 0.85098039 0.83529412 0.85098039
v 0.648578 -0.009288 -0.054384 0.83529412 0.81960784 0.83529412
v 0.653375 -0.004490 -0.054384 0.86274510 0.84705882 0.86274510
v 0.618258 -0.012015 -0.054384 0.80000000 0.79215686 0.80784314
v 0.653493 -0.004225 -0.054384 0.86666667 0.85490196 0.87058824
v 0.638039 -0.010283 -0.054384 0.81960784 0.80784314 0.82352941
v 0.613363 -0.012233 -0.054384 0.79607843 0.78431373 0.80392157
v 0.636673 -0.010436 -0.054384 0.80784314 0.79607843 0.81176471
v 0.633094 -0.010716 -0.054384 0.80392157 0.78823529 0.80392157
v 0.630943 -0.010788 -0.054384 0.80000000 0.78431373 0.80392157
v 0.627977 -0.010977 -0.054384 0.80000000 0.78823529 0.80784314
v 0.613106 -0.012241 -0.054384 0.79607843 0.78431373 0.80392157
v 0.625196 -0.011157 -0.054384 0.80000000 0.78431373 0.80784314
v 0.623050 -0.011429 -0.054384 0.80784314 0.79215686 0.81176471
v 0.619023 -0.011952 -0.054384 0.80784314 0.79607843 0.81176471
v 0.607938 -0.012280 -0.054384 0.80000000 0.78431373 0.80392157
v 0.602666 -0.012558 -0.054384 0.79215686 0.78039216 0.79607843
v 0.646068 0.046228 -0.054384 0.95294118 0.94509804 0.95294118
v 0.645166 0.046399 -0.054384 0.95294118 0.94509804 0.95294118
v 0.635357 0.046184 -0.054384 0.96470588 0.95686275 0.95294118
v 0.607772 -0.012286 -0.054384 0.80000000 0.78823529 0.80784314
v 0.640605 0.046314 -0.054384 0.96470588 0.95686275 0.96078431
v 0.639560 0.046160 -0.054384 0.96470588 0.96078431 0.96078431
v 0.620568 0.048711 -0.054384 0.94117647 0.92941176 0.94117647
v 0.616136 0.049698 -0.054384 0.92549020 0.91764706 0.92941176
v 0.607967 0.052057 -0.054384 0.94117647 0.93333333 0.94509804
v 0.607774 0.052093 -0.054384 0.94117647 0.93333333 0.94509804
v 0.615486 0.049916 -0.054384 0.92941176 0.91764706 0.92941176
v 0.612124 0.051065 -0.054384 0.93725490 0.92941176 0.94117647
v 0.603068 0.052765 -0.054384 0.92941176 0.92156863 0.93725490
v 0.601384 0.053262 -0.054384 0.92156863 0.90980392 0.92549020
v 0.599147 0.054222 -0.054384 0.90980392 0.89803922 0.90980392
v 0.595644 0.056097 -0.054384 0.89411765 0.88235294 0.89803922
v 0.656820 0.046228 -0.054384 0.92941176 0.92156863 0.93333333
v 0.655328 0.045866 -0.054384 0.93725490 0.92941176 0.94117647
v 0.665255 0.048552 -0.054384 0.93725490 0.92941176 0.94117647
v 0.662878 0.048038 -0.054384 0.91764706 0.90980392 0.92156863
v 0.660946 0.047481 -0.054384 0.90980392 0.90196078 0.91372549
v 0.652147 0.045526 -0.054384 0.94509804 0.93725490 0.94901961
v 0.650009 0.045876 -0.054384 0.94509804 0.93725490 0.94901961
v 0.756390 0.011067 -0.054384 0.75294118 0.51764706 0.47450980
v 0.759776 0.013034 -0.054384 0.75294118 0.51372549 0.47450980
v 0.762405 0.015765 -0.054384 0.75686275 0.51764706 0.47450980
v 0.765605 0.017956 -0.054384 0.77254902 0.52941176 0.48627451
v 0.768843 0.019228 -0.054384 0.77647059 0.52941176 0.49019608
v -0.781023 0.022518 -0.057423 0.74509804 0.50588235 0.46666667
v -0.622369 -0.001684 -0.054434 0.78431373 0.76470588 0.78039216
v -0.654726 0.046641 -0.054481 0.96470588 0.96470588 0.97254902
v -0.614302 -0.004373 -0.058051 0.77254902 0.75294118 0.76078431
v -0.652026 0.049341 -0.056674 0.96078431 0.95686275 0.96862745
v -0.649359 0.052011 -0.057897 0.92549020 0.92156863 0.93333333
v -0.641231 0.054753 -0.055154 0.91764706 0.91372549 0.92549020
v -0.638545 0.057440 -0.056764 0.94901961 0.94509804 0.95294118
v -0.633170 0.057437 -0.055705 0.96078431 0.96470588 0.97254902
v -0.627767 0.057458 -0.055295 0.96470588 0.96078431 0.97254902
v -0.614436 0.060052 -0.054715 0.89019608 0.87843137 0.89411765
v -0.611784 0.062712 -0.056117 0.89019608 0.87843137 0.89411765
v -0.608924 -0.004373 -0.056685 0.78431373 0.76470588 0.77254902
v -0.603545 -0.004373 -0.055775 0.78431373 0.76470588 0.77254902
v 0.648188 -0.009677 -0.054616 0.81176471 0.79607843 0.81176471
v 0.653566 -0.004299 -0.054790 0.85490196 0.84313725 0.85882353
v 0.634774 0.046766 -0.057868 0.96862745 0.96078431 0.96078431
v 0.618609 -0.012366 -0.055410 0.79215686 0.78039216 0.79607843
v 0.623987 -0.012366 -0.057139 0.78039216 0.77254902 0.78823529
v 0.607853 -0.012366 -0.054619 0.79607843 0.78431373 0.80392157
v 0.613231 -0.012366 -0.054775 0.79215686 0.78039216 0.80000000
v 0.607853 0.052171 -0.055311 0.94117647 0.93333333 0.94509804
v 0.766542 0.017100 -0.057435 0.76470588 0.52549020 0.48235294
v -0.650799 0.045186 -0.050581 0.95294118 0.94901961 0.96470588
v -0.648614 0.045961 -0.050581 0.92941176 0.92549020 0.94117647
v -0.644912 0.047629 -0.050581 0.93725490 0.93725490 0.95294118
v -0.639345 -0.000841 -0.050581 0.79607843 0.77254902 0.78823529
v -0.637209 -0.000390 -0.050581 0.80000000 0.78039216 0.79607843
v -0.634661 -0.000148 -0.050581 0.80000000 0.78431373 0.79607843
v -0.631584 -0.000143 -0.050581 0.78823529 0.76862745 0.78823529
v -0.629104 -0.000326 -0.050581 0.78431373 0.76470588 0.78431373
v -0.626713 -0.000650 -0.050581 0.78039216 0.76078431 0.78039216
v -0.623372 -0.000680 -0.050581 0.79215686 0.76862745 0.78823529
v -0.621279 -0.000594 -0.050581 0.80000000 0.78039216 0.80000000
v -0.618016 -0.000658 -0.050581 0.80784314 0.79215686 0.80392157
v -0.667687 0.049811 -0.050581 0.97254902 0.96862745 0.98039216
v -0.663865 0.048253 -0.050581 0.96470588 0.96078431 0.97254902
v -0.615969 -0.000662 -0.050581 0.80784314 0.79607843 0.80784314
v -0.660478 0.046265 -0.050581 0.95686275 0.95686275 0.96470588
v -0.658882 0.045447 -0.050581 0.95686275 0.95686275 0.96862745
v -0.612074 -0.001222 -0.050581 0.80784314 0.78823529 0.80392157
v -0.611357 -0.001428 -0.050581 0.80392157 0.78431373 0.80000000
v -0.641899 0.048710 -0.050581 0.93725490 0.93725490 0.94509804
v -0.656828 0.044537 -0.050581 0.96470588 0.96078431 0.97254902
v -0.640882 0.048975 -0.050581 0.93333333 0.92941176 0.94117647
v -0.652732 0.044713 -0.050581 0.96470588 0.96078431 0.97254902
v -0.636879 0.050396 -0.050581 0.90588235 0.90588235 0.91372549
v -0.633771 0.052675 -0.050581 0.95294118 0.95294118 0.95686275
v -0.660369 0.003334 -0.050581 0.82352941 0.80784314 0.81960784
v -0.659180 0.002847 -0.050581 0.82352941 0.80392157 0.81960784
v -0.656800 0.001524 -0.050581 0.81960784 0.80000000 0.81568627
v -0.653480 -0.000533 -0.050581 0.80392157 0.78039216 0.80392157
v -0.631566 0.053661 -0.050581 0.96078431 0.96470588 0.96862745
v -0.612056 0.057680 -0.050581 0.90196078 0.89411765 0.90980392
v -0.649369 -0.001586 -0.050581 0.77254902 0.75294118 0.77254902
v -0.611032 0.058077 -0.050581 0.90196078 0.89019608 0.90588235
v -0.608325 0.059293 -0.050581 0.90980392 0.89803922 0.90980392
v -0.603769 0.060034 -0.050581 0.93725490 0.92941176 0.94509804
v -0.649174 -0.001606 -0.050581 0.77254902 0.75294118 0.77254902
v -0.644138 -0.001427 -0.050581 0.76862745 0.74901961 0.76078431
v -0.643573 -0.001375 -0.050581 0.77254902 0.75294118 0.76078431
v -0.603698 0.060043 -0.050581 0.93725490 0.93333333 0.94509804
v -0.598516 0.060016 -0.050581 0.94901961 0.94117647 0.95294118
v -0.629900 0.054197 -0.050581 0.96470588 0.96470588 0.96862745
v -0.625198 0.054889 -0.050581 0.96862745 0.96078431 0.97254902
v -0.624920 0.054928 -0.050581 0.96470588 0.95686275 0.96862745
v -0.620633 0.055641 -0.050581 0.92549020 0.92156863 0.93333333
v -0.618311 0.056161 -0.050581 0.90980392 0.90196078 0.91764706
v -0.616331 0.056719 -0.050581 0.90196078 0.89019608 0.90588235
v -0.606864 -0.002313 -0.050581 0.79215686 0.77254902 0.78431373
v -0.605331 -0.002587 -0.050581 0.78431373 0.76470588 0.77254902
v -0.602333 -0.003160 -0.050581 0.78039216 0.76470588 0.76862745
v 0.634182 0.046141 -0.050581 0.96862745 0.95686275 0.95686275
v 0.629576 0.046929 -0.050581 0.96862745 0.96078431 0.96470588
v 0.629179 0.046984 -0.050581 0.96862745 0.96078431 0.96470588
v 0.624969 0.047718 -0.050581 0.96078431 0.94901961 0.96078431
v 0.635998 -0.008243 -0.050581 0.82352941 0.81176471 0.83529412
v 0.633528 -0.008203 -0.050581 0.82352941 0.81176471 0.83137255
v 0.616601 -0.010358 -0.050581 0.81960784 0.80784314 0.82745098
v 0.625915 -0.008916 -0.050581 0.82745098 0.81568627 0.83921569
v 0.615038 -0.010558 -0.050581 0.81568627 0.80392157 0.82352941
v 0.622676 0.048107 -0.050581 0.94901961 0.94117647 0.95294118
v 0.621722 -0.009253 -0.050581 0.83137255 0.81568627 0.83921569
v 0.611563 -0.010698 -0.050581 0.81568627 0.80392157 0.82352941
v 0.630752 -0.008374 -0.050581 0.82352941 0.81176471 0.83137255
v 0.627603 -0.008749 -0.050581 0.82745098 0.81568627 0.83921569
v 0.609603 -0.010616 -0.050581 0.82352941 0.80784314 0.82745098
v 0.641297 -0.008164 -0.050581 0.87450980 0.85882353 0.87450980
v 0.646404 -0.007893 -0.050581 0.86274510 0.85098039 0.86666667
v 0.638829 -0.008280 -0.050581 0.84313725 0.83137255 0.85098039
v 0.644409 -0.008078 -0.050581 0.87843137 0.86274510 0.87843137
v 0.621001 -0.009380 -0.050581 0.83137255 0.81568627 0.84313725
v 0.650040 -0.006151 -0.050581 0.87058824 0.85490196 0.87450980
v 0.646329 0.045967 -0.050581 0.93725490 0.92941176 0.94117647
v 0.606123 -0.010636 -0.050581 0.82352941 0.81176471 0.83137255
v 0.645128 0.046347 -0.050581 0.94117647 0.93333333 0.94509804
v 0.604056 -0.010784 -0.050581 0.82352941 0.81176471 0.83137255
v 0.653065 -0.003798 -0.050581 0.87450980 0.85882353 0.87450980
v 0.635506 0.046036 -0.050581 0.96862745 0.95686275 0.96078431
v 0.640233 0.046687 -0.050581 0.96078431 0.95686275 0.96078431
v 0.600966 -0.010857 -0.050581 0.81568627 0.80392157 0.81960784
v 0.640084 0.046663 -0.050581 0.96470588 0.95686275 0.96078431
v 0.620402 0.048543 -0.050581 0.94509804 0.93333333 0.94509804
v 0.616038 0.049600 -0.050581 0.93333333 0.92549020 0.93725490
v 0.608750 0.051274 -0.050581 0.94509804 0.93725490 0.94901961
v 0.607318 0.051636 -0.050581 0.94117647 0.93333333 0.94901961
v 0.615724 0.049678 -0.050581 0.93333333 0.92549020 0.93725490
v 0.611706 0.050647 -0.050581 0.94117647 0.93333333 0.94117647
v 0.602813 0.052510 -0.050581 0.92156863 0.90980392 0.92941176
v 0.601599 0.053047 -0.050581 0.91372549 0.90196078 0.91764706
v 0.599328 0.054402 -0.050581 0.89803922 0.89019608 0.90196078
v 0.595705 0.056158 -0.050581 0.89411765 0.88235294 0.89803922
v 0.653629 0.044044 -0.050581 0.93725490 0.92549020 0.93725490
v 0.653573 0.044065 -0.050581 0.93725490 0.92549020 0.94117647
v 0.657928 0.045120 -0.050581 0.92941176 0.92156863 0.93333333
v 0.665722 0.048083 -0.050581 0.92549020 0.91764706 0.93333333
v 0.661723 0.046882 -0.050581 0.89019608 0.88235294 0.89803922
v 0.661599 0.046827 -0.050581 0.89411765 0.88627451 0.90196078
v 0.649325 0.045183 -0.050581 0.93333333 0.92549020 0.93725490
v 0.756661 0.010786 -0.050581 0.74509804 0.50588235 0.46274510
v 0.759917 0.012855 -0.050581 0.74117647 0.50196078 0.46274510
v 0.763401 0.014734 -0.050581 0.74901961 0.50980392 0.46666667
v 0.766073 0.017402 -0.050581 0.76862745 0.52156863 0.48235294
v 0.768652 0.020191 -0.050581 0.80000000 0.54509804 0.50196078
v 0.655569 -0.000923 -0.050581 0.87843137 0.86274510 0.88235294
v 0.658608 0.001416 -0.050581 0.88235294 0.86666667 0.88627451
v -0.662785 0.049337 -0.054243 0.96470588 0.96470588 0.97254902
v -0.649344 0.046644 -0.051758 0.93333333 0.92941176 0.94509804
v -0.646633 0.049354 -0.052806 0.92549020 0.92156863 0.93725490
v -0.638503 -0.001684 -0.052812 0.78431373 0.76470588 0.78039216
v -0.660090 0.046653 -0.051470 0.96078431 0.96078431 0.96862745
v -0.633125 -0.001684 -0.053313 0.77647059 0.75686275 0.77254902
v -0.627747 -0.001684 -0.054026 0.76862745 0.74901961 0.76862745
v -0.643959 0.052030 -0.053680 0.93725490 0.93725490 0.94509804
v -0.616991 -0.001684 -0.052151 0.79607843 0.78039216 0.79607843
v -0.657329 0.000997 -0.054379 0.81568627 0.79607843 0.81176471
v -0.611613 -0.001683 -0.051030 0.80392157 0.78431373 0.80000000
v -0.649262 -0.001693 -0.050802 0.77254902 0.75294118 0.76862745
v -0.609082 0.060032 -0.051964 0.90980392 0.90196078 0.91372549
v -0.641257 0.049351 -0.050871 0.93333333 0.92941176 0.94117647
v -0.606482 0.062648 -0.054102 0.92549020 0.91764706 0.93333333
v -0.643881 -0.001684 -0.051369 0.76862745 0.74901961 0.75686275
v -0.601191 0.062576 -0.053523 0.94117647 0.93725490 0.94901961
v -0.638558 0.052050 -0.052243 0.91764706 0.91372549 0.92549020
v -0.635862 0.054746 -0.053437 0.94901961 0.94901961 0.95686275
v -0.630464 0.054762 -0.051679 0.96470588 0.96470588 0.97254902
v -0.622382 0.057465 -0.054308 0.94117647 0.92941176 0.94509804
v -0.617042 0.057432 -0.052067 0.90588235 0.89411765 0.90980392
v 0.642810 -0.009677 -0.053835 0.85098039 0.83921569 0.85490196
v 0.650877 -0.006988 -0.053177 0.85882353 0.84705882 0.86274510
v 0.602474 -0.012366 -0.053813 0.80000000 0.78823529 0.80392157
v 0.637432 -0.009677 -0.052977 0.82352941 0.81568627 0.83137255
v 0.632054 -0.009677 -0.052625 0.81568627 0.80000000 0.81960784
v 0.626676 -0.009677 -0.051845 0.81960784 0.80392157 0.82745098
v 0.621298 -0.009677 -0.051081 0.82745098 0.81176471 0.83529412
v 0.653591 0.044082 -0.050630 0.93725490 0.92549020 0.94117647
v 0.769300 0.019573 -0.051781 0.82352941 0.55686275 0.51372549
v -0.692949 0.003030 -0.050581 0.82745098 0.72156863 0.70196078
v -0.765898 0.016130 -0.050581 0.77647059 0.52549020 0.48235294
v -0.684932 0.001720 -0.050581 0.83137255 0.74901961 0.74117647
v -0.759889 0.012140 -0.050581 0.74901961 0.51372549 0.46666667
v -0.683561 0.001662 -0.050581 0.83529412 0.76862745 0.76470588
v -0.759407 0.011865 -0.050581 0.74117647 0.51372549 0.46666667
v -0.674766 0.002311 -0.050581 0.83137255 0.78039216 0.78039216
v -0.671440 0.003027 -0.050581 0.82745098 0.80000000 0.80784314
v -0.750659 0.009856 -0.050581 0.72941176 0.50980392 0.46274510
v -0.770208 0.022460 -0.050581 0.84313725 0.56862745 0.51764706
v -0.665426 0.003716 -0.050581 0.82745098 0.80784314 0.81960784
v -0.746499 0.009506 -0.050581 0.71764706 0.50980392 0.46274510
v -0.770180 0.022605 -0.050581 0.87450980 0.59215686 0.54117647
v -0.766108 0.029116 -0.050581 0.89803922 0.61568627 0.55294118
v -0.740243 0.009517 -0.050581 0.73725490 0.52549020 0.47843137
v -0.759989 0.033753 -0.050581 0.90980392 0.64313725 0.57647059
v -0.735681 0.009445 -0.050581 0.74901961 0.54117647 0.49019608
v 0.690702 0.001590 -0.050581 0.85490196 0.80392157 0.80784314
v -0.757596 0.035188 -0.050581 0.92156863 0.66274510 0.59607843
v 0.685263 0.000478 -0.050581 0.85490196 0.82352941 0.83137255
v -0.753011 0.037531 -0.050581 0.92549020 0.67450980 0.60392157
v 0.681499 0.000037 -0.050581 0.85882353 0.83529412 0.84705882
v 0.674240 0.000205 -0.050581 0.86274510 0.84313725 0.85490196
v -0.745227 0.040503 -0.050581 0.92549020 0.67450980 0.60392157
v 0.669792 0.000987 -0.050581 0.87450980 0.85882353 0.87058824
v 0.664891 0.001648 -0.050581 0.87450980 0.86274510 0.87843137
v 0.688504 0.046784 -0.050581 0.96078431 0.94901961 0.96078431
v 0.678856 0.047611 -0.050581 0.96078431 0.96078431 0.96470588
v 0.676807 0.047766 -0.050581 0.96078431 0.96078431 0.96862745
v 0.668358 0.048092 -0.050581 0.94509804 0.93725490 0.95294118
v -0.740553 0.041475 -0.050581 0.92549020 0.68235294 0.60784314
v 0.698510 0.045751 -0.050581 0.91764706 0.83137255 0.80000000
v 0.688765 0.046762 -0.050581 0.96078431 0.94901961 0.96078431
v -0.729154 0.009849 -0.050581 0.76470588 0.55686275 0.50980392
v 0.765497 0.026457 -0.050581 0.85098039 0.58823529 0.54117647
v -0.736228 0.042260 -0.050581 0.92549020 0.68235294 0.61176471
v -0.727557 0.043714 -0.050581 0.92549020 0.68235294 0.60392157
v 0.747872 0.008842 -0.050581 0.76470588 0.52156863 0.47843137
v 0.726626 0.008652 -0.050581 0.83137255 0.62352941 0.58431373
v -0.727001 0.043790 -0.050581 0.92941176 0.68235294 0.60392157
v 0.747555 0.008808 -0.050581 0.77647059 0.53725490 0.49411765
v 0.725779 0.008683 -0.050581 0.83921569 0.64705882 0.60784314
v -0.725425 0.009945 -0.050581 0.78039216 0.57647059 0.52549020
v 0.707332 0.006468 -0.050581 0.84705882 0.72156863 0.70588235
v -0.718741 0.009506 -0.050581 0.79215686 0.60000000 0.55294118
v 0.699876 0.004346 -0.050581 0.84705882 0.76470588 0.75686275
v -0.713388 0.008664 -0.050581 0.80392157 0.61568627 0.57254902
v 0.716367 0.008177 -0.050581 0.84313725 0.67058824 0.63921569
v 0.714123 0.007823 -0.050581 0.84313725 0.69803922 0.67450980
v -0.709600 0.007891 -0.050581 0.81176471 0.64313725 0.60000000
v -0.701248 0.005487 -0.050581 0.81960784 0.66274510 0.62352941
v 0.737647 0.008349 -0.050581 0.79215686 0.56078431 0.51764706
v -0.698703 0.004736 -0.050581 0.82352941 0.68235294 0.64705882
v 0.736170 0.008263 -0.050581 0.81568627 0.60392157 0.56470588
v -0.717610 0.045155 -0.050581 0.92941176 0.68235294 0.60392157
v 0.738328 0.039886 -0.050581 0.94117647 0.67450980 0.60784314
v -0.715097 0.045418 -0.050581 0.93333333 0.68235294 0.61176471
v 0.736005 0.040263 -0.050581 0.94117647 0.67450980 0.60392157
v -0.707948 0.046249 -0.050581 0.94509804 0.67843137 0.61176471
v 0.699001 0.004048 -0.050581 0.85098039 0.78823529 0.78823529
v -0.702822 0.046938 -0.050581 0.93333333 0.66666667 0.60392157
v -0.698477 0.047534 -0.050581 0.83921569 0.64705882 0.60392157
v 0.727016 0.041968 -0.050581 0.93333333 0.66666667 0.59607843
v -0.690605 0.048400 -0.050581 0.97647059 0.94509804 0.93725490
v 0.725270 0.042187 -0.050581 0.92941176 0.66666667 0.59215686
v -0.688841 0.048621 -0.050581 0.97254902 0.95294118 0.94901961
v 0.717495 0.043204 -0.050581 0.92549020 0.66666667 0.58823529
v -0.679068 0.049546 -0.050581 0.96862745 0.96078431 0.97254902
v 0.713039 0.043674 -0.050581 0.91372549 0.67058824 0.59215686
v -0.678684 0.049569 -0.050581 0.96862745 0.96078431 0.97254902
v 0.707785 0.044289 -0.050581 0.90196078 0.69019608 0.61960784
v 0.700573 0.045432 -0.050581 0.87843137 0.72941176 0.67450980
v -0.668637 0.049852 -0.050581 0.96862745 0.96470588 0.97647059
v 0.759356 0.031110 -0.050581 0.89803922 0.62352941 0.56862745
v 0.755028 0.033834 -0.050581 0.90980392 0.63921569 0.58039216
v 0.752632 0.035161 -0.050581 0.91764706 0.64705882 0.58431373
v 0.745016 0.038368 -0.050581 0.93333333 0.66666667 0.60000000
v -0.770266 0.022518 -0.057873 0.90588235 0.60000000 0.54509804
v -0.700351 0.006384 -0.052788 0.81960784 0.66666667 0.63137255
v 0.688524 0.003768 -0.057011 0.85098039 0.81176471 0.82352941
v 0.747726 0.009000 -0.052702 0.77254902 0.53725490 0.49411765
v 0.726183 0.009105 -0.053221 0.83137255 0.64705882 0.61176471
v 0.715418 0.009135 -0.054928 0.83921569 0.69411765 0.67058824
v -0.804814 0.020239 -0.046779 0.89019608 0.60000000 0.58039216
v -0.800813 0.018862 -0.046779 0.89019608 0.60000000 0.58431373
v -0.799106 0.019089 -0.046779 0.88627451 0.60000000 0.58039216
v -0.800589 0.024433 -0.046779 0.89803922 0.60784314 0.58039216
v -0.799046 0.024351 -0.046779 0.89411765 0.60784314 0.58039216
v -0.795280 0.019017 -0.046779 0.87843137 0.59607843 0.57647059
v -0.795412 0.026083 -0.046779 0.89411765 0.61176471 0.58039216
v -0.641151 0.000954 -0.046779 0.80392157 0.78823529 0.80392157
v -0.609214 0.000715 -0.046779 0.80392157 0.78431373 0.80000000
v -0.793577 0.018938 -0.046779 0.86666667 0.58823529 0.56470588
v -0.608621 0.000703 -0.046779 0.80000000 0.78039216 0.79607843
v -0.637196 0.002387 -0.046779 0.83921569 0.81568627 0.83921569
v -0.789724 0.019195 -0.046779 0.84705882 0.57647059 0.54901961
v -0.604813 -0.000262 -0.046779 0.78431373 0.76862745 0.78039216
v -0.787826 0.018565 -0.046779 0.81176471 0.54901961 0.51764706
v -0.633304 0.003874 -0.046779 0.83921569 0.82352941 0.84313725
v -0.792632 0.027019 -0.046779 0.89019608 0.61176471 0.57647059
v -0.632819 0.004001 -0.046779 0.84313725 0.82745098 0.84705882
v -0.601751 -0.000789 -0.046779 0.78431373 0.77254902 0.78039216
v -0.628071 0.004018 -0.046779 0.82352941 0.80392157 0.82745098
v -0.791330 0.027404 -0.046779 0.88627451 0.61176471 0.57254902
v -0.627507 0.003935 -0.046779 0.81960784 0.80392157 0.82352941
v -0.787799 0.029294 -0.046779 0.89019608 0.61568627 0.57254902
v -0.785652 0.017888 -0.046779 0.78823529 0.53333333 0.49803922
v -0.662070 0.044667 -0.046779 0.94901961 0.94901961 0.96078431
v -0.622521 0.003542 -0.046779 0.82745098 0.81176471 0.83529412
v -0.659573 0.041786 -0.046779 0.95686275 0.95686275 0.96470588
v -0.803658 0.023592 -0.046779 0.89411765 0.60392157 0.57647059
v -0.657050 0.038929 -0.046779 0.96470588 0.96470588 0.97254902
v -0.620842 0.002168 -0.046779 0.82352941 0.80784314 0.82745098
v -0.619563 0.001122 -0.046779 0.81960784 0.80392157 0.82352941
v -0.615027 0.000280 -0.046779 0.82352941 0.80392157 0.81960784
v -0.659573 0.004128 -0.046779 0.82745098 0.81176471 0.81960784
v -0.655743 0.002581 -0.046779 0.83529412 0.82352941 0.83529412
v -0.652289 0.000657 -0.046779 0.81568627 0.79607843 0.82352941
v -0.613396 0.000100 -0.046779 0.82352941 0.80392157 0.81960784
v -0.651379 0.000423 -0.046779 0.80784314 0.78823529 0.81176471
v -0.641095 0.043858 -0.046779 0.94509804 0.94509804 0.95294118
v -0.647238 0.000331 -0.046779 0.78431373 0.76862745 0.78431373
v -0.636005 0.044148 -0.046779 0.87058824 0.86274510 0.87843137
v -0.646060 0.000483 -0.046779 0.78039216 0.76470588 0.78039216
v -0.610796 0.056544 -0.046779 0.90588235 0.89411765 0.90980392
v -0.633924 0.047441 -0.046779 0.89803922 0.89019608 0.90588235
v -0.606513 0.057215 -0.046779 0.93333333 0.92549020 0.93725490
v -0.631477 0.050379 -0.046779 0.95294118 0.95294118 0.96078431
v -0.606180 0.057212 -0.046779 0.94509804 0.94117647 0.94901961
v -0.641259 0.000932 -0.046779 0.80392157 0.78823529 0.80392157
v -0.601323 0.057019 -0.046779 0.94509804 0.94117647 0.94901961
v -0.600316 0.056798 -0.046779 0.94509804 0.94117647 0.94901961
v -0.653685 0.040389 -0.046779 0.96862745 0.96470588 0.97647059
v -0.627879 0.051970 -0.046779 0.95686275 0.95686275 0.96470588
v -0.650264 0.042294 -0.046779 0.94509804 0.94509804 0.95686275
v -0.627705 0.052005 -0.046779 0.95686275 0.96078431 0.96470588
v -0.647184 0.043420 -0.046779 0.93333333 0.92941176 0.94509804
v -0.646262 0.043657 -0.046779 0.92549020 0.92549020 0.94117647
v -0.623194 0.052892 -0.046779 0.95686275 0.95294118 0.96078431
v -0.641313 0.043914 -0.046779 0.94509804 0.94117647 0.95294118
v -0.621224 0.053244 -0.046779 0.94509804 0.93725490 0.94901961
v -0.618645 0.053728 -0.046779 0.92549020 0.91764706 0.92941176
v -0.614545 0.054937 -0.046779 0.89803922 0.88235294 0.90196078
v -0.613871 0.055225 -0.046779 0.89803922 0.88627451 0.90196078
v 0.632300 -0.004545 -0.046779 0.84313725 0.83137255 0.85098039
v 0.631818 -0.004535 -0.046779 0.84705882 0.83529412 0.85490196
v 0.627949 -0.005572 -0.046779 0.85098039 0.83529412 0.86274510
v 0.614291 -0.008048 -0.046779 0.83921569 0.82745098 0.84705882
v 0.624669 -0.006306 -0.046779 0.85098039 0.83529412 0.86666667
v 0.611931 -0.008287 -0.046779 0.83921569 0.82745098 0.85098039
v 0.648840 0.043456 -0.046779 0.92156863 0.90980392 0.92549020
v 0.643638 -0.005126 -0.046779 0.89803922 0.88235294 0.90196078
v 0.641838 -0.005271 -0.046779 0.87450980 0.86274510 0.88235294
v 0.648027 0.043877 -0.046779 0.91764706 0.90588235 0.92156863
v 0.638110 -0.004977 -0.046779 0.83921569 0.82352941 0.84705882
v 0.636832 -0.004899 -0.046779 0.84313725 0.82745098 0.85098039
v 0.603488 -0.008001 -0.046779 0.85098039 0.83921569 0.85882353
v 0.647413 -0.005074 -0.046779 0.89411765 0.87843137 0.90196078
v 0.644105 0.045309 -0.046779 0.92941176 0.92156863 0.93333333
v 0.601426 -0.008037 -0.046779 0.84313725 0.83137255 0.84705882
v 0.634931 0.046613 -0.046779 0.96862745 0.96078431 0.96078431
v 0.618643 -0.007022 -0.046779 0.83921569 0.82745098 0.85098039
v 0.634691 0.046622 -0.046779 0.96862745 0.95686275 0.96078431
v 0.618550 -0.007047 -0.046779 0.83921569 0.82745098 0.85098039
v 0.609056 -0.008191 -0.046779 0.85098039 0.83921569 0.86274510
v 0.648713 -0.004823 -0.046779 0.89411765 0.87843137 0.89803922
v 0.606830 -0.008010 -0.046779 0.85490196 0.84313725 0.86274510
v 0.651557 -0.002289 -0.046779 0.90588235 0.89019608 0.90588235
v 0.640982 0.045939 -0.046779 0.94509804 0.93725490 0.94509804
v 0.639539 0.046090 -0.046779 0.95686275 0.94901961 0.95686275
v 0.623350 -0.006351 -0.046779 0.85098039 0.83529412 0.86274510
v 0.623474 0.047310 -0.046779 0.96078431 0.95294118 0.95686275
v 0.619851 0.047994 -0.046779 0.94117647 0.93333333 0.94117647
v 0.616613 0.048791 -0.046779 0.93725490 0.92941176 0.94117647
v 0.654549 0.000097 -0.046779 0.90588235 0.89411765 0.91372549
v 0.657727 0.002297 -0.046779 0.88627451 0.87450980 0.89411765
v 0.615536 0.049098 -0.046779 0.94117647 0.92941176 0.94117647
v 0.629814 0.046350 -0.046779 0.96862745 0.96078431 0.96470588
v 0.629055 0.046402 -0.046779 0.96862745 0.96078431 0.96470588
v 0.624443 0.047192 -0.046779 0.96470588 0.95686275 0.96078431
v 0.611256 0.050196 -0.046779 0.94901961 0.94117647 0.94901961
v 0.607859 0.052178 -0.046779 0.93725490 0.92549020 0.94117647
v 0.607833 0.052191 -0.046779 0.93725490 0.92549020 0.94117647
v 0.603831 0.053527 -0.046779 0.91372549 0.90588235 0.92156863
v 0.599820 0.054825 -0.046779 0.89803922 0.89019608 0.90196078
v 0.599766 0.054841 -0.046779 0.89803922 0.88627451 0.90196078
v 0.598155 -0.008046 -0.046779 0.84313725 0.83137255 0.85098039
v 0.797820 0.017961 -0.046779 0.72156863 0.49411765 0.47058824
v 0.794890 0.018076 -0.046779 0.72156863 0.49019608 0.46666667
v 0.800638 0.020477 -0.046779 0.72941176 0.50196078 0.48235294
v 0.793080 0.017356 -0.046779 0.71372549 0.48235294 0.45490196
v 0.798796 0.022283 -0.046779 0.74117647 0.51372549 0.49019608
v 0.795222 0.023745 -0.046779 0.74509804 0.51764706 0.49019608
v 0.798988 0.022138 -0.046779 0.73725490 0.50980392 0.49019608
v 0.656024 0.041647 -0.046779 0.92549020 0.91764706 0.93333333
v 0.651794 0.042280 -0.046779 0.92549020 0.91764706 0.93725490
v 0.658780 0.044269 -0.046779 0.91764706 0.90980392 0.92549020
v -0.802548 0.022480 -0.047175 0.89411765 0.60392157 0.58039216
v -0.799846 0.019829 -0.046979 0.89411765 0.60392157 0.58039216
v -0.797169 0.022483 -0.047223 0.88627451 0.60392157 0.57647059
v -0.635814 0.001005 -0.049116 0.81960784 0.80000000 0.81960784
v -0.794468 0.019829 -0.047067 0.87843137 0.59607843 0.57254902
v -0.633125 0.003695 -0.047007 0.83921569 0.82352941 0.84705882
v -0.794482 0.025165 -0.047215 0.88627451 0.60784314 0.57647059
v -0.606234 -0.001683 -0.049400 0.78823529 0.77254902 0.78039216
v -0.630436 0.001006 -0.049513 0.80392157 0.78431373 0.80784314
v -0.791779 0.022518 -0.047746 0.87058824 0.59607843 0.56470588
v -0.627747 0.003695 -0.046994 0.82352941 0.80392157 0.82745098
v -0.625058 0.001006 -0.048442 0.80000000 0.78431373 0.80000000
v -0.789090 0.019829 -0.047055 0.84705882 0.58039216 0.54509804
v -0.611682 0.057417 -0.049702 0.89411765 0.88235294 0.89803922
v -0.606350 0.057378 -0.047001 0.92941176 0.92156863 0.93333333
v -0.789090 0.025207 -0.047943 0.87058824 0.60000000 0.56078431
v -0.603737 0.060004 -0.050537 0.93725490 0.92941176 0.94509804
v -0.786401 0.027896 -0.047600 0.87843137 0.60784314 0.56470588
v -0.786401 0.022518 -0.048417 0.83921569 0.57647059 0.53725490
v -0.600902 0.057437 -0.047209 0.94509804 0.94117647 0.94901961
v -0.783712 0.019829 -0.047544 0.80784314 0.54901961 0.50980392
v -0.619680 0.001006 -0.046932 0.81960784 0.80392157 0.82352941
v -0.783712 0.025207 -0.048172 0.86274510 0.59215686 0.54901961
v -0.781023 0.022518 -0.048825 0.83921569 0.57254902 0.52941176
v -0.657398 0.043967 -0.049725 0.96078431 0.96078431 0.97254902
v -0.643947 0.046662 -0.049357 0.94117647 0.94117647 0.95294118
v -0.654660 0.041321 -0.048149 0.96470588 0.96470588 0.97647059
v -0.641232 0.043994 -0.046849 0.94509804 0.94117647 0.95294118
v -0.638547 0.046680 -0.048814 0.90980392 0.90588235 0.91764706
v -0.652002 0.043983 -0.049549 0.96078431 0.95686275 0.97254902
v -0.635857 0.049370 -0.049356 0.90196078 0.89803922 0.90980392
v -0.633163 0.052064 -0.049579 0.95294118 0.95294118 0.96078431
v -0.627775 0.052074 -0.046878 0.96078431 0.96078431 0.96470588
v -0.660019 0.003683 -0.048611 0.82745098 0.80784314 0.82352941
v -0.625078 0.054769 -0.050323 0.96470588 0.96078431 0.96862745
v -0.646628 0.043979 -0.047257 0.93725490 0.93333333 0.94901961
v -0.619693 0.054775 -0.048688 0.92549020 0.91764706 0.93333333
v 0.634743 -0.006988 -0.048929 0.83137255 0.81960784 0.83921569
v 0.645499 -0.006988 -0.049158 0.89019608 0.87450980 0.89411765
v 0.623987 -0.006988 -0.047507 0.84705882 0.83137255 0.85882353
v 0.629365 -0.006988 -0.048710 0.83529412 0.82352941 0.84705882
v 0.640121 -0.006988 -0.048681 0.85490196 0.84705882 0.86274510
v 0.648223 0.044073 -0.047303 0.92156863 0.91372549 0.92941176
v 0.615920 -0.009677 -0.049309 0.82352941 0.81176471 0.83529412
v 0.615920 0.049482 -0.049423 0.93333333 0.92549020 0.93725490
v 0.629407 0.046757 -0.049255 0.96862745 0.95686275 0.96470588
v 0.610542 -0.009677 -0.048769 0.83137255 0.81960784 0.84313725
v 0.607853 0.052171 -0.046799 0.93725490 0.92549020 0.94117647
v 0.605164 -0.009677 -0.048983 0.83921569 0.82745098 0.84705882
v 0.599786 -0.009677 -0.048880 0.82745098 0.81568627 0.83137255
v 0.796260 0.019473 -0.046954 0.73333333 0.50588235 0.48235294
v 0.798965 0.022116 -0.046786 0.73725490 0.50980392 0.48627451
v 0.790844 0.019624 -0.047762 0.72941176 0.49803922 0.46666667
v 0.793571 0.022136 -0.047139 0.74117647 0.51372549 0.48627451
v -0.833867 0.018077 -0.042976 0.77254902 0.52549020 0.50980392
v -0.834683 0.022397 -0.042976 0.79215686 0.54901961 0.52941176
v -0.830899 0.015667 -0.042976 0.75294118 0.50196078 0.49019608
v -0.827103 0.014084 -0.042976 0.74509804 0.48627451 0.47843137
v -0.826044 0.013758 -0.042976 0.74901961 0.47450980 0.46666667
v -0.804603 0.013830 -0.042976 0.89803922 0.60392157 0.59215686
v -0.607310 0.002620 -0.042976 0.79607843 0.77254902 0.78823529
v -0.604080 0.001540 -0.042976 0.78431373 0.76862745 0.77647059
v -0.800277 0.014020 -0.042976 0.88235294 0.59215686 0.58039216
v -0.638007 0.036461 -0.042976 0.92941176 0.92156863 0.94117647
v -0.634900 0.037692 -0.042976 0.86666667 0.85882353 0.87843137
v -0.799450 0.014055 -0.042976 0.92156863 0.62745098 0.62352941
v -0.643821 0.003622 -0.042976 0.83137255 0.81176471 0.83137255
v -0.794520 0.014503 -0.042976 0.85490196 0.58039216 0.56470588
v -0.639526 0.004707 -0.042976 0.85490196 0.83921569 0.85882353
v -0.794409 0.014509 -0.042976 0.81568627 0.54509804 0.52549020
v -0.636185 0.006754 -0.042976 0.87450980 0.85882353 0.88235294
v -0.789589 0.014950 -0.042976 0.78823529 0.52941176 0.50588235
v -0.633451 0.008747 -0.042976 0.87058824 0.85490196 0.87843137
v -0.633031 0.008979 -0.042976 0.87450980 0.85882353 0.88627451
v -0.627918 0.008902 -0.042976 0.83529412 0.82352941 0.84705882
v -0.627382 0.008708 -0.042976 0.83529412 0.81960784 0.84705882
v -0.623937 0.007504 -0.042976 0.83921569 0.82352941 0.84705882
v -0.788601 0.014939 -0.042976 0.76470588 0.51764706 0.48627451
v -0.619934 0.006637 -0.042976 0.85098039 0.83137255 0.85490196
v -0.619547 0.006516 -0.042976 0.85098039 0.83137255 0.85490196
v -0.831275 0.024367 -0.042976 0.81176471 0.56078431 0.53725490
v -0.827095 0.024848 -0.042976 0.82352941 0.56078431 0.53333333
v -0.826392 0.024862 -0.042976 0.83529412 0.56470588 0.53725490
v -0.615767 0.004919 -0.042976 0.84705882 0.82745098 0.84313725
v -0.821685 0.025534 -0.042976 0.84705882 0.57647059 0.54117647
v -0.793804 0.031205 -0.042976 0.90588235 0.63137255 0.58431373
v -0.820928 0.025638 -0.042976 0.85882353 0.58039216 0.54901961
v -0.790379 0.031825 -0.042976 0.90588235 0.62745098 0.58431373
v -0.608475 0.054243 -0.042976 0.93333333 0.92549020 0.93725490
v -0.822464 0.013345 -0.042976 0.78823529 0.45490196 0.45098039
v -0.605085 0.053255 -0.042976 0.93333333 0.92941176 0.93725490
v -0.601009 0.051952 -0.042976 0.93725490 0.92941176 0.94117647
v -0.612607 0.002700 -0.042976 0.82745098 0.80784314 0.82745098
v -0.663769 0.042967 -0.042976 0.94901961 0.94901961 0.95686275
v -0.610462 0.002544 -0.042976 0.81176471 0.79215686 0.81176471
v -0.661221 0.040135 -0.042976 0.94901961 0.94509804 0.95686275
v -0.820170 0.013263 -0.042976 0.79607843 0.46274510 0.45882353
v -0.658806 0.037173 -0.042976 0.96078431 0.96470588 0.96862745
v -0.633813 0.040656 -0.042976 0.84705882 0.83921569 0.85490196
v -0.816897 0.013534 -0.042976 0.80784314 0.49803922 0.51372549
v -0.633695 0.041854 -0.042976 0.85098039 0.84313725 0.85490196
v -0.658147 0.005552 -0.042976 0.85490196 0.83921569 0.85098039
v -0.815166 0.013637 -0.042976 0.82352941 0.51372549 0.52549020
v -0.655757 0.004796 -0.042976 0.86274510 0.84705882 0.86274510
v -0.816989 0.026216 -0.042976 0.87058824 0.59215686 0.55686275
v -0.631565 0.045098 -0.042976 0.91372549 0.90588235 0.91764706
v -0.811396 0.013657 -0.042976 0.89803922 0.56862745 0.56470588
v -0.814567 0.026620 -0.042976 0.88235294 0.59215686 0.56078431
v -0.628469 0.047389 -0.042976 0.95686275 0.95294118 0.96078431
v -0.625857 0.048612 -0.042976 0.95294118 0.94901961 0.95686275
v -0.654114 0.004208 -0.042976 0.86274510 0.84313725 0.86666667
v -0.649629 0.003316 -0.042976 0.83137255 0.81176471 0.83921569
v -0.812370 0.026975 -0.042976 0.89019608 0.60392157 0.56862745
v -0.648892 0.003312 -0.042976 0.82745098 0.81176471 0.83529412
v -0.808074 0.027735 -0.042976 0.89803922 0.60784314 0.57254902
v -0.643975 0.003593 -0.042976 0.83137255 0.81176471 0.83137255
v -0.624767 0.049078 -0.042976 0.95294118 0.94901961 0.95686275
v -0.655492 0.035109 -0.042976 0.96470588 0.96078431 0.96862745
v -0.654164 0.035490 -0.042976 0.96862745 0.96470588 0.97254902
v -0.620812 0.050511 -0.042976 0.93725490 0.93333333 0.94117647
v -0.651295 0.037999 -0.042976 0.95686275 0.95294118 0.96470588
v -0.807793 0.027775 -0.042976 0.90196078 0.61176471 0.57647059
v -0.618076 0.051012 -0.042976 0.93333333 0.92549020 0.93725490
v -0.647665 0.039698 -0.042976 0.93725490 0.93333333 0.95294118
v -0.616259 0.051366 -0.042976 0.92941176 0.92156863 0.93333333
v -0.645353 0.039872 -0.042976 0.93725490 0.93333333 0.95294118
v -0.641700 0.038147 -0.042976 0.94901961 0.94509804 0.96078431
v -0.803604 0.028883 -0.042976 0.90588235 0.61960784 0.57647059
v -0.640006 0.037418 -0.042976 0.94117647 0.93725490 0.95686275
v -0.612333 0.052731 -0.042976 0.90588235 0.89411765 0.91372549
v -0.800873 0.029479 -0.042976 0.90588235 0.61960784 0.58039216
v -0.799286 0.029748 -0.042976 0.90588235 0.62352941 0.58431373
v -0.809851 0.013699 -0.042976 0.90588235 0.58039216 0.56862745
v -0.805866 0.013809 -0.042976 0.87843137 0.57647059 0.56078431
v -0.609655 0.054063 -0.042976 0.92549020 0.91764706 0.93333333
v 0.649264 0.000004 -0.042976 0.92941176 0.91372549 0.93333333
v 0.609061 -0.002818 -0.042976 0.89411765 0.88235294 0.90196078
v 0.646960 -0.000149 -0.042976 0.92549020 0.90980392 0.93333333
v 0.643553 0.001822 -0.042976 0.88235294 0.86666667 0.89019608
v 0.606572 -0.002890 -0.042976 0.88235294 0.87058824 0.89019608
v 0.636339 0.002173 -0.042976 0.86274510 0.84705882 0.87450980
v 0.632495 0.001520 -0.042976 0.87058824 0.85882353 0.88235294
v 0.641186 0.002704 -0.042976 0.86666667 0.85098039 0.87450980
v 0.639277 0.002924 -0.042976 0.86666667 0.85490196 0.87843137
v 0.622191 0.000186 -0.042976 0.85490196 0.83921569 0.86274510
v 0.619620 -0.000598 -0.042976 0.85098039 0.83529412 0.85882353
v 0.626494 0.001262 -0.042976 0.87450980 0.86274510 0.88235294
v 0.649958 0.040443 -0.042976 0.90980392 0.90196078 0.92156863
v 0.614136 -0.002515 -0.042976 0.87058824 0.85490196 0.88235294
v 0.645874 0.041722 -0.042976 0.90980392 0.90196078 0.92156863
v 0.612332 -0.002509 -0.042976 0.88235294 0.87058824 0.89411765
v 0.618133 -0.001134 -0.042976 0.85098039 0.83529412 0.86274510
v 0.631571 0.001562 -0.042976 0.87058824 0.86274510 0.88627451
v 0.626937 0.001340 -0.042976 0.87450980 0.86274510 0.88627451
v 0.644596 0.042323 -0.042976 0.91372549 0.90588235 0.92156863
v 0.603860 -0.002996 -0.042976 0.86274510 0.85098039 0.87058824
v 0.601152 -0.002933 -0.042976 0.86274510 0.84705882 0.87058824
v 0.652336 0.002309 -0.042976 0.92156863 0.90980392 0.92941176
v 0.656019 0.004004 -0.042976 0.91764706 0.90588235 0.92156863
v 0.656723 0.004147 -0.042976 0.90980392 0.89803922 0.91372549
v 0.642193 0.043399 -0.042976 0.91764706 0.90980392 0.92156863
v 0.652809 0.039483 -0.042976 0.91372549 0.90196078 0.92549020
v 0.635832 0.045712 -0.042976 0.95294118 0.94509804 0.95686275
v 0.610905 0.049119 -0.042976 0.94509804 0.93725490 0.94901961
v 0.633789 0.045729 -0.042976 0.96078431 0.95294118 0.96078431
v 0.638448 0.045004 -0.042976 0.93725490 0.92941176 0.94117647
v 0.610324 0.049265 -0.042976 0.94509804 0.93725490 0.94901961
v 0.606708 0.051027 -0.042976 0.92549020 0.91764706 0.92941176
v 0.624645 0.046138 -0.042976 0.95686275 0.94901961 0.95686275
v 0.614762 0.048325 -0.042976 0.94117647 0.93333333 0.94509804
v 0.623550 0.046305 -0.042976 0.95686275 0.94901961 0.95686275
v 0.619031 0.047178 -0.042976 0.94117647 0.93333333 0.94509804
v 0.602626 0.052020 -0.042976 0.90588235 0.89803922 0.91372549
v 0.617977 0.047427 -0.042976 0.94117647 0.93333333 0.94117647
v 0.602390 0.052086 -0.042976 0.90196078 0.89411765 0.90980392
v 0.597968 0.053043 -0.042976 0.90980392 0.90196078 0.91764706
v 0.630621 0.045543 -0.042976 0.96078431 0.95294118 0.96078431
v 0.628391 0.045744 -0.042976 0.96078431 0.95686275 0.96078431
v 0.828496 0.014666 -0.042976 0.74901961 0.49019608 0.47843137
v 0.828280 0.014599 -0.042976 0.74117647 0.48627451 0.47843137
v 0.831850 0.018020 -0.042976 0.76078431 0.49803922 0.48235294
v 0.830998 0.022546 -0.042976 0.75686275 0.50588235 0.48627451
v 0.826687 0.023614 -0.042976 0.75686275 0.51764706 0.49411765
v 0.814784 0.011916 -0.042976 0.67450980 0.44313725 0.44705882
v 0.810056 0.012204 -0.042976 0.64313725 0.43137255 0.43921569
v 0.815053 0.011895 -0.042976 0.65098039 0.41960784 0.43529412
v 0.809002 0.012266 -0.042976 0.67450980 0.45490196 0.44705882
v 0.818173 0.024674 -0.042976 0.74901961 0.52549020 0.50588235
v 0.817398 0.024756 -0.042976 0.74901961 0.52941176 0.50588235
v 0.812723 0.025269 -0.042976 0.75294118 0.53725490 0.51372549
v 0.812076 0.025302 -0.042976 0.75294118 0.54117647 0.51372549
v 0.808040 0.025858 -0.042976 0.74901961 0.53333333 0.50588235
v 0.824467 0.023790 -0.042976 0.75294118 0.51764706 0.49411765
v 0.805071 0.012475 -0.042976 0.68235294 0.45882353 0.44705882
v 0.821756 0.023972 -0.042976 0.75294118 0.52156863 0.50196078
v 0.797935 0.012615 -0.042976 0.69411765 0.46274510 0.44313725
v 0.794597 0.012655 -0.042976 0.69803922 0.46666667 0.44313725
v 0.805884 0.026115 -0.042976 0.74901961 0.53333333 0.50588235
v 0.803364 0.012567 -0.042976 0.69019608 0.46274510 0.44705882
v 0.803268 0.026420 -0.042976 0.74901961 0.52941176 0.50196078
v 0.799911 0.012581 -0.042976 0.69019608 0.45882353 0.44313725
v 0.799003 0.027557 -0.042976 0.75294118 0.52941176 0.50196078
v 0.820170 0.011953 -0.042976 0.71372549 0.45490196 0.44705882
v 0.824692 0.012808 -0.042976 0.73333333 0.48235294 0.47843137
v 0.656635 0.041035 -0.042976 0.92549020 0.91764706 0.93333333
v 0.654822 0.039982 -0.042976 0.91764706 0.90588235 0.92941176
v 0.820412 0.011960 -0.042976 0.72156863 0.46666667 0.46274510
v 0.659894 0.043154 -0.042976 0.93333333 0.92549020 0.93333333
v 0.831243 0.017015 -0.042976 0.75294118 0.49019608 0.47843137
v -0.783825 0.014564 -0.042976 0.76862745 0.52156863 0.48627451
v -0.783590 0.014573 -0.042976 0.76862745 0.51764706 0.48235294
v -0.778369 0.014416 -0.042976 0.75686275 0.51372549 0.47450980
v -0.794952 0.030937 -0.042976 0.90980392 0.62745098 0.58431373
v -0.787438 0.032216 -0.042976 0.89803922 0.62352941 0.58039216
v -0.785614 0.032488 -0.042976 0.89411765 0.61960784 0.57254902
v -0.781708 0.032588 -0.042976 0.88235294 0.61176471 0.56470588
v 0.787147 0.012709 -0.042976 0.69411765 0.46666667 0.43921569
v 0.783664 0.012739 -0.042976 0.69411765 0.46274510 0.43529412
v 0.781661 0.012815 -0.042976 0.70196078 0.47058824 0.43921569
v 0.778466 0.012954 -0.042976 0.69019608 0.46274510 0.43137255
v 0.776207 0.012840 -0.042976 0.67058824 0.45098039 0.41568627
v 0.792559 0.012646 -0.042976 0.69803922 0.46666667 0.44705882
v 0.789083 0.012672 -0.042976 0.69803922 0.46666667 0.44313725
v 0.792003 0.029096 -0.042976 0.75686275 0.52941176 0.50196078
v 0.790116 0.029505 -0.042976 0.76470588 0.52941176 0.50196078
v 0.785484 0.030430 -0.042976 0.77254902 0.53725490 0.50588235
v 0.785347 0.030456 -0.042976 0.77647059 0.54117647 0.50980392
v 0.780744 0.031167 -0.042976 0.79215686 0.55294118 0.51764706
v -0.832114 0.019829 -0.044795 0.79215686 0.53725490 0.51764706
v -0.829425 0.017140 -0.045008 0.77647059 0.51764706 0.50196078
v -0.826736 0.014451 -0.043647 0.76862745 0.50196078 0.48627451
v -0.807913 0.017140 -0.046170 0.88627451 0.58039216 0.56470588
v -0.805224 0.014451 -0.043908 0.89019608 0.59215686 0.57647059
v -0.829425 0.022518 -0.044828 0.81176471 0.54901961 0.52549020
v -0.805224 0.019829 -0.046618 0.89019608 0.59215686 0.57647059
v -0.802535 0.017140 -0.046189 0.89019608 0.60000000 0.58431373
v -0.826736 0.019829 -0.045931 0.79607843 0.52549020 0.50980392
v -0.799846 0.014451 -0.043612 0.89411765 0.60392157 0.59215686
v -0.797157 0.017140 -0.045910 0.87843137 0.59607843 0.58039216
v -0.824047 0.022518 -0.045235 0.82745098 0.55294118 0.52941176
v -0.799862 0.025159 -0.046462 0.89803922 0.61176471 0.58039216
v -0.821358 0.025207 -0.043475 0.84705882 0.56862745 0.54117647
v -0.824047 0.017140 -0.045741 0.78823529 0.49411765 0.48627451
v -0.821358 0.014451 -0.044330 0.80392157 0.49019608 0.48235294
v -0.797185 0.027815 -0.045592 0.90196078 0.61960784 0.58039216
v -0.821358 0.019829 -0.046172 0.81960784 0.52549020 0.51372549
v -0.791779 0.017140 -0.045822 0.83921569 0.56862745 0.54509804
v -0.635841 0.038628 -0.043930 0.88627451 0.87450980 0.89803922
v -0.786401 0.017140 -0.046336 0.78431373 0.52941176 0.49803922
v -0.818669 0.017140 -0.045803 0.81568627 0.50588235 0.50588235
v -0.794497 0.030501 -0.043819 0.90196078 0.62352941 0.58039216
v -0.641194 0.000997 -0.046704 0.80392157 0.78823529 0.80392157
v -0.815980 0.014451 -0.043980 0.83137255 0.52156863 0.52549020
v -0.791792 0.027857 -0.046492 0.89411765 0.61568627 0.57647059
v -0.818669 0.022518 -0.045477 0.85098039 0.56470588 0.54117647
v -0.815980 0.019829 -0.046206 0.84705882 0.54509804 0.53333333
v -0.638503 0.003695 -0.044382 0.84705882 0.82745098 0.85490196
v -0.815980 0.025207 -0.044294 0.87058824 0.58431373 0.55294118
v -0.789103 0.030548 -0.045216 0.89803922 0.62352941 0.58039216
v -0.635814 0.006384 -0.043502 0.87058824 0.85490196 0.87843137
v -0.813291 0.022518 -0.045958 0.87058824 0.57647059 0.55294118
v -0.630436 0.006384 -0.044951 0.83921569 0.82745098 0.84705882
v -0.813291 0.017140 -0.045866 0.85882353 0.54901961 0.54509804
v -0.608924 0.001006 -0.046329 0.80392157 0.78431373 0.80000000
v -0.625058 0.006384 -0.044173 0.83137255 0.81176471 0.83921569
v -0.810602 0.014451 -0.043997 0.88627451 0.56862745 0.56078431
v -0.603545 0.001006 -0.043539 0.78431373 0.76862745 0.77647059
v -0.622369 0.003695 -0.046663 0.82745098 0.81568627 0.83529412
v -0.810602 0.019829 -0.046516 0.87450980 0.56862745 0.55294118
v -0.662723 0.044014 -0.045319 0.95294118 0.95294118 0.96078431
v -0.660015 0.041341 -0.045869 0.95294118 0.95294118 0.96470588
v -0.810602 0.025207 -0.045111 0.88627451 0.60000000 0.56470588
v -0.600904 0.052057 -0.043082 0.93725490 0.92941176 0.94117647
v -0.657326 0.038652 -0.046478 0.96078431 0.96470588 0.96862745
v -0.619680 0.006384 -0.043148 0.85098039 0.83137255 0.85490196
v -0.807913 0.022518 -0.046448 0.88627451 0.59215686 0.56862745
v -0.598276 0.054694 -0.045623 0.94509804 0.93725490 0.94509804
v -0.805234 0.025176 -0.045770 0.89803922 0.60784314 0.57254902
v -0.616991 0.003695 -0.044858 0.84313725 0.82352941 0.84313725
v -0.654641 0.003681 -0.044055 0.85490196 0.83921569 0.85882353
v -0.802558 0.027828 -0.044625 0.90196078 0.61568627 0.58039216
v -0.651951 0.000994 -0.046101 0.81960784 0.80000000 0.82745098
v -0.646573 0.000995 -0.045935 0.78823529 0.76862745 0.79215686
v -0.614302 0.001006 -0.045457 0.83137255 0.81176471 0.83137255
v -0.654637 0.035963 -0.043637 0.96862745 0.96470588 0.97254902
v -0.638538 0.041310 -0.045561 0.93333333 0.92549020 0.94117647
v -0.651948 0.038652 -0.044073 0.96078431 0.95686275 0.96862745
v -0.635852 0.043996 -0.046602 0.86274510 0.85490196 0.87058824
v -0.633164 0.046685 -0.045675 0.90196078 0.89411765 0.90980392
v -0.630471 0.049378 -0.045392 0.94901961 0.94901961 0.95686275
v -0.649287 0.041317 -0.045292 0.94117647 0.94117647 0.95294118
v -0.625080 0.049389 -0.043397 0.94901961 0.94901961 0.95686275
v -0.608977 0.054741 -0.043404 0.92156863 0.90980392 0.92549020
v -0.603599 0.054741 -0.044533 0.94117647 0.93333333 0.94509804
v -0.622384 0.052084 -0.045419 0.94509804 0.94117647 0.94901961
v -0.617005 0.052085 -0.044085 0.92941176 0.91764706 0.92941176
v -0.643913 0.041313 -0.044401 0.94901961 0.94509804 0.96078431
v -0.614352 0.054744 -0.046411 0.90196078 0.89019608 0.90588235
v -0.641219 0.038628 -0.043460 0.94901961 0.94509804 0.96078431
v 0.648188 -0.004299 -0.045997 0.90196078 0.88627451 0.90980392
v 0.632054 -0.004299 -0.046592 0.84705882 0.83529412 0.85490196
v 0.626676 -0.004299 -0.045430 0.85882353 0.84705882 0.87058824
v 0.650877 -0.001610 -0.045535 0.90980392 0.89803922 0.91372549
v 0.629365 -0.001610 -0.044081 0.86274510 0.85098039 0.87450980
v 0.642810 -0.004299 -0.046095 0.88235294 0.87058824 0.89019608
v 0.650905 0.041390 -0.045162 0.91764706 0.90980392 0.92549020
v 0.653566 0.001079 -0.044804 0.91372549 0.90196078 0.91764706
v 0.642859 0.044061 -0.044030 0.92156863 0.91372549 0.92549020
v 0.656299 0.003725 -0.043381 0.91372549 0.90196078 0.91764706
v 0.624016 0.046767 -0.044831 0.96078431 0.95294118 0.96078431
v 0.637432 -0.004299 -0.046361 0.84705882 0.83137255 0.85490196
v 0.613231 -0.006988 -0.045603 0.84313725 0.83137255 0.85490196
v 0.640121 -0.001610 -0.044920 0.85882353 0.84313725 0.86666667
v 0.602475 -0.006988 -0.045730 0.85098039 0.83921569 0.85882353
v 0.610542 0.049482 -0.043781 0.94901961 0.94117647 0.95294118
v 0.607853 -0.006988 -0.045705 0.86274510 0.85098039 0.87058824
v 0.645499 -0.001610 -0.044192 0.91372549 0.90196078 0.92156863
v 0.610542 -0.004299 -0.043731 0.87843137 0.86666667 0.88627451
v 0.642810 0.001079 -0.043372 0.87450980 0.86274510 0.88235294
v 0.605164 -0.004299 -0.043736 0.87058824 0.85882353 0.87843137
v 0.607853 0.052171 -0.046693 0.93333333 0.92156863 0.93725490
v 0.602475 0.052171 -0.043122 0.90588235 0.89803922 0.91372549
v 0.634743 -0.001610 -0.044448 0.85098039 0.83529412 0.85882353
v 0.637432 0.001079 -0.043562 0.86274510 0.84705882 0.87058824
v 0.632054 0.001079 -0.043148 0.86666667 0.85882353 0.87843137
v 0.618609 -0.006988 -0.046737 0.83921569 0.82745098 0.85098039
v 0.621298 -0.004299 -0.045113 0.84705882 0.83137255 0.85882353
v 0.615920 -0.004299 -0.043821 0.84313725 0.82745098 0.85490196
v 0.618609 -0.001610 -0.043271 0.84705882 0.83529412 0.85882353
v 0.623987 -0.001610 -0.044060 0.86274510 0.85098039 0.87058824
v 0.626676 0.001079 -0.043054 0.87450980 0.86274510 0.88235294
v 0.599786 -0.004299 -0.043789 0.85882353 0.84705882 0.86666667
v 0.831044 0.017214 -0.043284 0.75294118 0.49803922 0.48235294
v 0.825665 0.017214 -0.045679 0.74117647 0.49411765 0.47843137
v 0.828355 0.019903 -0.044865 0.74901961 0.49803922 0.48235294
v 0.822976 0.019903 -0.045814 0.74509804 0.50588235 0.49019608
v 0.825665 0.022592 -0.044157 0.74901961 0.50588235 0.48627451
v 0.812259 0.014401 -0.045334 0.69411765 0.46274510 0.45882353
v 0.817609 0.014492 -0.045572 0.72549020 0.45882353 0.45882353
v 0.814943 0.017108 -0.046270 0.72549020 0.48627451 0.47843137
v 0.806936 0.014266 -0.044997 0.69803922 0.47058824 0.45882353
v 0.809626 0.016919 -0.046213 0.71764706 0.49019608 0.47843137
v 0.796257 0.014270 -0.044999 0.70588235 0.47843137 0.45490196
v 0.801628 0.014270 -0.044951 0.70196078 0.47058824 0.45490196
v 0.804276 0.016886 -0.046220 0.71764706 0.49019608 0.47450980
v 0.812333 0.019611 -0.046338 0.73333333 0.50588235 0.49019608
v 0.820297 0.017183 -0.046205 0.73725490 0.49019608 0.47843137
v 0.817653 0.019776 -0.046252 0.73725490 0.49803922 0.48627451
v 0.798951 0.016834 -0.046587 0.71764706 0.49019608 0.47058824
v 0.820330 0.022514 -0.044792 0.74117647 0.50980392 0.49019608
v 0.801632 0.019485 -0.046710 0.72549020 0.49803922 0.47843137
v 0.815034 0.022318 -0.045338 0.74117647 0.50980392 0.49411765
v 0.806992 0.019531 -0.046468 0.72941176 0.50588235 0.48627451
v 0.809697 0.022204 -0.045583 0.73725490 0.51764706 0.49803922
v 0.804341 0.022140 -0.045962 0.73725490 0.50980392 0.49019608
v 0.807072 0.024888 -0.044214 0.74117647 0.51764706 0.49803922
v 0.812424 0.024969 -0.043384 0.74509804 0.52156863 0.50196078
v 0.822976 0.014525 -0.045143 0.73333333 0.47843137 0.47058824
v 0.793561 0.016876 -0.046475 0.70588235 0.47450980 0.45098039
v 0.796272 0.024765 -0.046440 0.74901961 0.52156863 0.49803922
v 0.801690 0.024828 -0.045046 0.74117647 0.51764706 0.49411765
v 0.798979 0.027532 -0.043044 0.74901961 0.52549020 0.49803922
v 0.656255 0.041415 -0.045671 0.92549020 0.91372549 0.93333333
v 0.658944 0.044104 -0.046078 0.92549020 0.91764706 0.93333333
v -0.695571 0.000407 -0.042976 0.82352941 0.66666667 0.62745098
v -0.694100 0.000132 -0.042976 0.82352941 0.67843137 0.63921569
v -0.769014 0.013014 -0.042976 0.70980392 0.48235294 0.44313725
v -0.685648 -0.000426 -0.042976 0.82352941 0.71764706 0.69411765
v -0.760132 0.011140 -0.042976 0.72941176 0.50196078 0.45882353
v -0.780329 0.032580 -0.042976 0.89019608 0.61960784 0.56862745
v -0.683020 -0.000191 -0.042976 0.82352941 0.75686275 0.74901961
v -0.758622 0.010874 -0.042976 0.71764706 0.50196078 0.45490196
v -0.674314 0.001849 -0.042976 0.82352941 0.78431373 0.78431373
v -0.772296 0.013791 -0.042976 0.73725490 0.49803922 0.45490196
v -0.671212 0.003248 -0.042976 0.81176471 0.79607843 0.80392157
v -0.750887 0.009629 -0.042976 0.69803922 0.49411765 0.44705882
v -0.666669 0.004960 -0.042976 0.83137255 0.81568627 0.83137255
v -0.770289 0.033251 -0.042976 0.90588235 0.64313725 0.58431373
v -0.746222 0.009229 -0.042976 0.69019608 0.49803922 0.44705882
v -0.770250 0.033257 -0.042976 0.91372549 0.64705882 0.58431373
v -0.740616 0.009144 -0.042976 0.72549020 0.52156863 0.47058824
v -0.761457 0.035221 -0.042976 0.91764706 0.65490196 0.58431373
v -0.735115 0.008879 -0.042976 0.75294118 0.54117647 0.49411765
v 0.683517 -0.001992 -0.042976 0.85882353 0.81960784 0.82745098
v 0.682914 -0.001950 -0.042976 0.86274510 0.83529412 0.84705882
v -0.755970 0.036814 -0.042976 0.92549020 0.67843137 0.60392157
v 0.772908 0.012566 -0.042976 0.65882353 0.44313725 0.40392157
v 0.766700 0.011485 -0.042976 0.69411765 0.46666667 0.43137255
v 0.693399 -0.001108 -0.042976 0.85490196 0.80784314 0.81176471
v 0.779290 0.031149 -0.042976 0.80784314 0.56862745 0.52941176
v 0.673539 -0.000580 -0.042976 0.87058824 0.85098039 0.86274510
v 0.770489 0.031203 -0.042976 0.84313725 0.59607843 0.54901961
v -0.753118 0.037638 -0.042976 0.93725490 0.69019608 0.61176471
v 0.669886 0.000883 -0.042976 0.89803922 0.88627451 0.90196078
v 0.665879 0.002551 -0.042976 0.89803922 0.89019608 0.90588235
v -0.744471 0.039748 -0.042976 0.92941176 0.67450980 0.59607843
v 0.727889 0.007381 -0.042976 0.83921569 0.61960784 0.57647059
v 0.724093 0.006998 -0.042976 0.84313725 0.64313725 0.60392157
v 0.690194 0.045090 -0.042976 0.94901961 0.94117647 0.95294118
v 0.701874 0.001172 -0.042976 0.85098039 0.74901961 0.74117647
v 0.694819 -0.000781 -0.042976 0.85490196 0.78823529 0.78823529
v 0.709731 0.004065 -0.042976 0.84705882 0.72156863 0.70196078
v 0.687026 0.044966 -0.042976 0.95294118 0.94509804 0.95686275
v 0.718480 0.006055 -0.042976 0.84705882 0.66666667 0.63529412
v 0.679485 0.045079 -0.042976 0.95294118 0.94901961 0.95686275
v 0.710620 0.004308 -0.042976 0.84705882 0.69803922 0.67450980
v 0.748082 0.008601 -0.042976 0.75686275 0.51372549 0.47058824
v 0.737983 0.008001 -0.042976 0.79607843 0.55294118 0.50588235
v 0.747307 0.008518 -0.042976 0.77647059 0.53333333 0.49019608
v 0.735737 0.007811 -0.042976 0.82352941 0.59215686 0.54509804
v -0.741706 0.040322 -0.042976 0.92941176 0.68627451 0.60392157
v 0.760241 0.010574 -0.042976 0.69803922 0.46666667 0.42745098
v 0.757437 0.010027 -0.042976 0.73333333 0.48627451 0.44313725
v 0.739448 0.038690 -0.042976 0.96078431 0.69411765 0.62745098
v 0.735359 0.039471 -0.042976 0.94901961 0.67843137 0.61176471
v -0.730380 0.008623 -0.042976 0.77254902 0.56078431 0.50980392
v -0.735411 0.041444 -0.042976 0.92156863 0.69019608 0.61568627
v 0.676458 0.045323 -0.042976 0.93725490 0.93333333 0.94901961
v -0.728786 0.042486 -0.042976 0.92549020 0.67843137 0.59607843
v 0.726684 0.040748 -0.042976 0.93725490 0.64313725 0.58039216
v 0.725952 0.040841 -0.042976 0.94117647 0.64313725 0.58431373
v -0.726076 0.042864 -0.042976 0.93725490 0.68627451 0.59607843
v 0.668434 0.045373 -0.042976 0.92156863 0.91372549 0.92941176
v 0.716507 0.042203 -0.042976 0.94509804 0.66274510 0.57647059
v 0.664991 0.044772 -0.042976 0.90196078 0.89411765 0.90980392
v -0.723276 0.007796 -0.042976 0.79215686 0.57647059 0.52549020
v 0.714244 0.042486 -0.042976 0.92156863 0.66666667 0.58823529
v -0.720861 0.007387 -0.042976 0.80000000 0.59215686 0.54509804
v 0.706900 0.043344 -0.042976 0.89803922 0.65098039 0.56470588
v 0.697860 0.045035 -0.042976 0.93725490 0.87843137 0.87058824
v -0.711997 0.005494 -0.042976 0.80784314 0.60784314 0.56078431
v 0.701671 0.044341 -0.042976 0.89803922 0.74901961 0.70196078
v -0.709371 0.004647 -0.042976 0.81176471 0.62352941 0.57647059
v -0.704068 0.002667 -0.042976 0.81960784 0.65490196 0.61568627
v 0.767940 0.031513 -0.042976 0.86274510 0.60784314 0.56078431
v 0.761500 0.032983 -0.042976 0.88627451 0.62745098 0.57254902
v -0.716550 0.044095 -0.042976 0.93333333 0.68235294 0.60392157
v 0.753622 0.035177 -0.042976 0.90588235 0.63921569 0.58039216
v 0.752989 0.035360 -0.042976 0.90588235 0.62745098 0.56078431
v -0.716411 0.044105 -0.042976 0.93333333 0.68235294 0.60784314
v 0.744329 0.037579 -0.042976 0.96078431 0.69019608 0.63137255
v -0.707122 0.045423 -0.042976 0.92941176 0.68627451 0.62352941
v -0.703504 0.046256 -0.042976 0.92941176 0.67450980 0.60392157
v -0.697426 0.046484 -0.042976 0.81960784 0.64313725 0.60392157
v -0.692743 0.046262 -0.042976 0.89411765 0.82745098 0.82745098
v -0.686605 0.046384 -0.042976 0.95294118 0.94509804 0.94901961
v -0.681757 0.046493 -0.042976 0.95294118 0.95294118 0.96078431
v -0.676312 0.046839 -0.042976 0.97254902 0.96862745 0.97647059
v -0.670703 0.046791 -0.042976 0.96470588 0.96470588 0.97254902
v -0.759510 0.011762 -0.050348 0.73333333 0.50588235 0.46274510
v -0.694973 0.001006 -0.044679 0.82352941 0.68627451 0.65490196
v -0.684217 0.001005 -0.048260 0.82745098 0.75686275 0.74509804
v -0.775645 0.027896 -0.048338 0.87843137 0.60784314 0.55294118
v -0.775644 0.017140 -0.046747 0.80000000 0.54509804 0.49803922
v -0.770266 0.022518 -0.050539 0.84705882 0.57647059 0.52941176
v -0.711107 0.006384 -0.045577 0.80392157 0.61176471 0.56470588
v 0.683188 -0.001661 -0.044191 0.85882353 0.82745098 0.83529412
v -0.678887 0.049366 -0.049832 0.95294118 0.94509804 0.96078431
v -0.668137 0.049361 -0.049072 0.96862745 0.96078431 0.97647059
v 0.785406 0.014450 -0.045033 0.70980392 0.47843137 0.44705882
v 0.774649 0.014325 -0.045537 0.69803922 0.47058824 0.43529412
v 0.763928 0.014207 -0.049726 0.73333333 0.49411765 0.45490196
v 0.780004 0.019786 -0.048612 0.73333333 0.49803922 0.46666667
v 0.688647 0.046639 -0.049635 0.96078431 0.94901961 0.96078431
v 0.785417 0.025044 -0.047619 0.75294118 0.52156863 0.49019608
v 0.677870 0.046692 -0.046801 0.95686275 0.95294118 0.96470588
v 0.769316 0.019523 -0.050323 0.74509804 0.50980392 0.47058824
v 0.774688 0.024933 -0.049080 0.80000000 0.55686275 0.51372549
v 0.667055 0.046754 -0.046349 0.92549020 0.91764706 0.94117647
v 0.769420 0.029994 -0.045055 0.85098039 0.59607843 0.54901961
v 0.780019 0.030459 -0.044098 0.77647059 0.54117647 0.50196078
v 0.699290 0.003759 -0.049750 0.85098039 0.78039216 0.78039216
v 0.726263 0.041186 -0.044629 0.93725490 0.66274510 0.59215686
v -0.836601 0.020720 -0.039173 0.78823529 0.54901961 0.52941176
v -0.836172 0.023886 -0.039173 0.80000000 0.56862745 0.54901961
v -0.834616 0.017327 -0.039173 0.76470588 0.52941176 0.50980392
v -0.831662 0.014903 -0.039173 0.73725490 0.50196078 0.49019608
v -0.827901 0.013286 -0.039173 0.71372549 0.47843137 0.46666667
v -0.824689 0.012404 -0.039173 0.71764706 0.46666667 0.45490196
v -0.782833 0.013573 -0.039173 0.73333333 0.49411765 0.45882353
v -0.634077 0.015403 -0.039173 0.89019608 0.87843137 0.90196078
v -0.631693 0.018397 -0.039173 0.87843137 0.86666667 0.88627451
v -0.629669 0.017907 -0.039173 0.86274510 0.85098039 0.87450980
v -0.626772 0.015426 -0.039173 0.85490196 0.83921569 0.86274510
v -0.832900 0.025993 -0.039173 0.80000000 0.57647059 0.55686275
v -0.830931 0.026391 -0.039173 0.81176471 0.58039216 0.55686275
v -0.778510 0.014274 -0.039173 0.70980392 0.47450980 0.43529412
v -0.827957 0.026427 -0.039173 0.82745098 0.57647059 0.54509804
v -0.623432 0.013387 -0.039173 0.85882353 0.84313725 0.86666667
v -0.825491 0.026452 -0.039173 0.84705882 0.58431373 0.54509804
v -0.822888 0.026736 -0.039173 0.85490196 0.58431373 0.54509804
v -0.819166 0.027399 -0.039173 0.87058824 0.59607843 0.55686275
v -0.619943 0.011498 -0.039173 0.86274510 0.84313725 0.86666667
v -0.823527 0.012282 -0.039173 0.73333333 0.46274510 0.45490196
v -0.665571 0.041163 -0.039173 0.95686275 0.96078431 0.96470588
v -0.819039 0.012131 -0.039173 0.74901961 0.46666667 0.46274510
v -0.618581 0.010663 -0.039173 0.85882353 0.84313725 0.85882353
v -0.605045 0.047909 -0.039173 0.93333333 0.92549020 0.93333333
v -0.601109 0.046467 -0.039173 0.93333333 0.92941176 0.93725490
v -0.662799 0.038557 -0.039173 0.94509804 0.94901961 0.95294118
v -0.600087 0.045950 -0.039173 0.93333333 0.92941176 0.93725490
v -0.616613 0.009450 -0.039173 0.84705882 0.83137255 0.84705882
v -0.660600 0.035378 -0.039173 0.95294118 0.95686275 0.96470588
v -0.612644 0.008042 -0.039173 0.81568627 0.79607843 0.81176471
v -0.818254 0.012177 -0.039173 0.75686275 0.47843137 0.47843137
v -0.609830 0.005477 -0.039173 0.80000000 0.78039216 0.79607843
v -0.813925 0.012396 -0.039173 0.76862745 0.49019608 0.49019608
v -0.659488 0.008520 -0.039173 0.87058824 0.86274510 0.87843137
v -0.607346 0.004807 -0.039173 0.78823529 0.76470588 0.78039216
v -0.818320 0.027546 -0.039173 0.88627451 0.60784314 0.56862745
v -0.655781 0.007917 -0.039173 0.88627451 0.87058824 0.89411765
v -0.652295 0.006027 -0.039173 0.88235294 0.86274510 0.89019608
v -0.812632 0.012421 -0.039173 0.78823529 0.50980392 0.49803922
v -0.651496 0.005914 -0.039173 0.87843137 0.86274510 0.88235294
v -0.630745 0.038345 -0.039173 0.87058824 0.85490196 0.87058824
v -0.630584 0.038762 -0.039173 0.87450980 0.85882353 0.87450980
v -0.813686 0.028291 -0.039173 0.89411765 0.61960784 0.57647059
v -0.631808 0.034647 -0.039173 0.84313725 0.82745098 0.85098039
v -0.812718 0.028469 -0.039173 0.90196078 0.61960784 0.57647059
v -0.628315 0.041869 -0.039173 0.93725490 0.92549020 0.94117647
v -0.809137 0.029120 -0.039173 0.90196078 0.61568627 0.57254902
v -0.806173 0.029614 -0.039173 0.90980392 0.62352941 0.57647059
v -0.625581 0.044517 -0.039173 0.94901961 0.94117647 0.95294118
v -0.646748 0.006547 -0.039173 0.85098039 0.83529412 0.85882353
v -0.804633 0.029936 -0.039173 0.90980392 0.62745098 0.58039216
v -0.622828 0.046262 -0.039173 0.92941176 0.92549020 0.93725490
v -0.658854 0.031747 -0.039173 0.95294118 0.95686275 0.96470588
v -0.800318 0.030941 -0.039173 0.91372549 0.63137255 0.58431373
v -0.622195 0.046520 -0.039173 0.92549020 0.92156863 0.93333333
v -0.617767 0.047496 -0.039173 0.91764706 0.91372549 0.92549020
v -0.656311 0.028906 -0.039173 0.95686275 0.95294118 0.96470588
v -0.653730 0.029678 -0.039173 0.96078431 0.95686275 0.96470588
v -0.808755 0.012604 -0.039173 0.80000000 0.51764706 0.50196078
v -0.616030 0.047680 -0.039173 0.92941176 0.92156863 0.93333333
v -0.650902 0.032228 -0.039173 0.94901961 0.94509804 0.95686275
v -0.806994 0.012681 -0.039173 0.80392157 0.52549020 0.50588235
v -0.612775 0.047882 -0.039173 0.93725490 0.92941176 0.93725490
v -0.803505 0.012731 -0.039173 0.80784314 0.52941176 0.51372549
v -0.609982 0.048350 -0.039173 0.93725490 0.92549020 0.93725490
v -0.607901 0.048386 -0.039173 0.93725490 0.92549020 0.93333333
v -0.801454 0.012843 -0.039173 0.80392157 0.52941176 0.51764706
v -0.798287 0.012892 -0.039173 0.80000000 0.52941176 0.51764706
v -0.646378 0.006568 -0.039173 0.85490196 0.83529412 0.85882353
v -0.795892 0.013027 -0.039173 0.77254902 0.50588235 0.49019608
v -0.793198 0.013181 -0.039173 0.76470588 0.50588235 0.48627451
v -0.647689 0.034393 -0.039173 0.93333333 0.93333333 0.94901961
v -0.790230 0.013311 -0.039173 0.71372549 0.47058824 0.44705882
v -0.788015 0.013376 -0.039173 0.71764706 0.47843137 0.45098039
v -0.645559 0.034285 -0.039173 0.93333333 0.93333333 0.94509804
v -0.642115 0.032351 -0.039173 0.93725490 0.93333333 0.95294118
v -0.639417 0.029671 -0.039173 0.92941176 0.92549020 0.94901961
v -0.784800 0.013362 -0.039173 0.71764706 0.48627451 0.45098039
v -0.636907 0.026803 -0.039173 0.91764706 0.90980392 0.93333333
v -0.799198 0.031175 -0.039173 0.91372549 0.63529412 0.58431373
v -0.795886 0.031907 -0.039173 0.91372549 0.63137255 0.58431373
v -0.634564 0.026646 -0.039173 0.89803922 0.88627451 0.91372549
v -0.792432 0.032593 -0.039173 0.91372549 0.63529412 0.58823529
v -0.791348 0.032795 -0.039173 0.90980392 0.63529412 0.58823529
v -0.632351 0.031359 -0.039173 0.85882353 0.84705882 0.87058824
v -0.786407 0.033268 -0.039173 0.90196078 0.63137255 0.58039216
v -0.786393 0.033267 -0.039173 0.89803922 0.62745098 0.57647059
v -0.781669 0.032628 -0.039173 0.89411765 0.62352941 0.57647059
v -0.632699 0.030159 -0.039173 0.87058824 0.85882353 0.88235294
v -0.642058 0.007238 -0.039173 0.87058824 0.85490196 0.87450980
v -0.638718 0.009287 -0.039173 0.87843137 0.86666667 0.88627451
v -0.636145 0.012092 -0.039173 0.89411765 0.87843137 0.90588235
v 0.610729 0.006270 -0.039173 0.88627451 0.87058824 0.89803922
v 0.619733 0.008022 -0.039173 0.86274510 0.85098039 0.87450980
v 0.617034 0.007572 -0.039173 0.87843137 0.86274510 0.88627451
v 0.615168 0.007209 -0.039173 0.88627451 0.87450980 0.89803922
v 0.597885 0.002980 -0.039173 0.87450980 0.86274510 0.88235294
v 0.603202 0.004496 -0.039173 0.87843137 0.86274510 0.89019608
v 0.635021 0.014247 -0.039173 0.87843137 0.86274510 0.88235294
v 0.634362 0.014094 -0.039173 0.87843137 0.86274510 0.88627451
v 0.602053 0.004190 -0.039173 0.87843137 0.86666667 0.89019608
v 0.627138 0.011373 -0.039173 0.85490196 0.83921569 0.86666667
v 0.625006 0.010166 -0.039173 0.85490196 0.84313725 0.87058824
v 0.623727 0.009406 -0.039173 0.85882353 0.84705882 0.87450980
v 0.643739 0.037802 -0.039173 0.90196078 0.89019608 0.90980392
v 0.642397 0.038213 -0.039173 0.90980392 0.89803922 0.91764706
v 0.630983 0.012907 -0.039173 0.86666667 0.85098039 0.87843137
v 0.638864 0.040097 -0.039173 0.90980392 0.90196078 0.91372549
v 0.656438 0.008965 -0.039173 0.92941176 0.91764706 0.92941176
v 0.598346 0.050922 -0.039173 0.91372549 0.90588235 0.92156863
v 0.656297 0.009029 -0.039173 0.92941176 0.92156863 0.93333333
v 0.596228 0.051303 -0.039173 0.91764706 0.91372549 0.92549020
v 0.647255 0.037739 -0.039173 0.89411765 0.88235294 0.89803922
v 0.635252 0.041855 -0.039173 0.92549020 0.91372549 0.92549020
v 0.613038 0.046601 -0.039173 0.93725490 0.93333333 0.94117647
v 0.634115 0.042047 -0.039173 0.92941176 0.92156863 0.93333333
v 0.630515 0.042500 -0.039173 0.94117647 0.93333333 0.94509804
v 0.659974 0.007333 -0.039173 0.91372549 0.90196078 0.91764706
v 0.609034 0.047975 -0.039173 0.93333333 0.92549020 0.93725490
v 0.627169 0.043615 -0.039173 0.94901961 0.94117647 0.94901961
v 0.626467 0.043840 -0.039173 0.94509804 0.93725490 0.94901961
v 0.605671 0.048975 -0.039173 0.91764706 0.90980392 0.92549020
v 0.621989 0.044757 -0.039173 0.94509804 0.93725490 0.94509804
v 0.652667 0.010771 -0.039173 0.93333333 0.92156863 0.93725490
v 0.650638 0.014148 -0.039173 0.91764706 0.90588235 0.92156863
v 0.604882 0.049200 -0.039173 0.91372549 0.90588235 0.92156863
v 0.650764 0.014640 -0.039173 0.91372549 0.90196078 0.91764706
v 0.600713 0.050410 -0.039173 0.90980392 0.90196078 0.91764706
v 0.613534 0.046490 -0.039173 0.93725490 0.92941176 0.94117647
v 0.649314 0.018170 -0.039173 0.88235294 0.86666667 0.88627451
v 0.620321 0.045083 -0.039173 0.94117647 0.93333333 0.94117647
v 0.617520 0.045704 -0.039173 0.92941176 0.92156863 0.93333333
v 0.639058 0.015589 -0.039173 0.87450980 0.85882353 0.87843137
v 0.642373 0.017652 -0.039173 0.87450980 0.85882353 0.87843137
v 0.646344 0.019061 -0.039173 0.87450980 0.86274510 0.88235294
v 0.644142 0.018450 -0.039173 0.87450980 0.86274510 0.88235294
v 0.653681 0.038612 -0.039173 0.90588235 0.89411765 0.91372549
v 0.653407 0.038520 -0.039173 0.90196078 0.89019608 0.90980392
v 0.649151 0.037766 -0.039173 0.89411765 0.88627451 0.90196078
v 0.610273 0.006189 -0.039173 0.88235294 0.86666667 0.89411765
v 0.606198 0.005422 -0.039173 0.87450980 0.85490196 0.88627451
v 0.821148 0.010975 -0.039173 0.69803922 0.46666667 0.45098039
v 0.825527 0.011974 -0.039173 0.71372549 0.47058824 0.45882353
v 0.825966 0.012136 -0.039173 0.73333333 0.47843137 0.46274510
v 0.829154 0.013725 -0.039173 0.74901961 0.48627451 0.47058824
v 0.832165 0.016092 -0.039173 0.76470588 0.49019608 0.47450980
v 0.834149 0.019486 -0.039173 0.77647059 0.49803922 0.48235294
v 0.834256 0.020426 -0.039173 0.77254902 0.51372549 0.49019608
v 0.832554 0.024102 -0.039173 0.76470588 0.52549020 0.49411765
v 0.828373 0.025299 -0.039173 0.76078431 0.53333333 0.49803922
v 0.813988 0.010868 -0.039173 0.66274510 0.44705882 0.43921569
v 0.810299 0.011045 -0.039173 0.66274510 0.44705882 0.43921569
v 0.816459 0.026407 -0.039173 0.76078431 0.55686275 0.52549020
v 0.814080 0.026714 -0.039173 0.76470588 0.56078431 0.52941176
v 0.810325 0.027162 -0.039173 0.76862745 0.55686275 0.52549020
v 0.809367 0.027273 -0.039173 0.76470588 0.55294118 0.52156863
v 0.828332 0.025304 -0.039173 0.76078431 0.53725490 0.50196078
v 0.823030 0.025285 -0.039173 0.76470588 0.54117647 0.50980392
v 0.822971 0.025287 -0.039173 0.76470588 0.55294118 0.51764706
v 0.818507 0.026025 -0.039173 0.76078431 0.54901961 0.51764706
v 0.788143 0.011712 -0.039173 0.67843137 0.44705882 0.41960784
v 0.787985 0.011714 -0.039173 0.67450980 0.44313725 0.41960784
v 0.782688 0.011788 -0.039173 0.67058824 0.44313725 0.41568627
v 0.782646 0.011788 -0.039173 0.67058824 0.44313725 0.41568627
v 0.777409 0.011911 -0.039173 0.66274510 0.43921569 0.40784314
v 0.777127 0.011972 -0.039173 0.64705882 0.43137255 0.39607843
v 0.793331 0.011593 -0.039173 0.68235294 0.44705882 0.42352941
v 0.791464 0.029670 -0.039173 0.76470588 0.53725490 0.50980392
v 0.790493 0.029975 -0.039173 0.76470588 0.53333333 0.50588235
v 0.786151 0.031087 -0.039173 0.77254902 0.54117647 0.50980392
v 0.784566 0.031242 -0.039173 0.78431373 0.54901961 0.51764706
v 0.780776 0.031109 -0.039173 0.80000000 0.56470588 0.52941176
v 0.808863 0.011092 -0.039173 0.67058824 0.45098039 0.43529412
v 0.804214 0.027853 -0.039173 0.76078431 0.55294118 0.52156863
v 0.804558 0.011413 -0.039173 0.67843137 0.45098039 0.43529412
v 0.799423 0.028113 -0.039173 0.76078431 0.54117647 0.51372549
v 0.803885 0.011426 -0.039173 0.68235294 0.45098039 0.43137255
v 0.804562 0.027846 -0.039173 0.75686275 0.55294118 0.52156863
v 0.799023 0.011589 -0.039173 0.68235294 0.45098039 0.42745098
v 0.798782 0.011590 -0.039173 0.68235294 0.44705882 0.42352941
v 0.661876 0.041173 -0.039173 0.93725490 0.92549020 0.94117647
v 0.661212 0.040993 -0.039173 0.93725490 0.92941176 0.94117647
v 0.793653 0.011581 -0.039173 0.68235294 0.44705882 0.42352941
v 0.819252 0.010800 -0.039173 0.68627451 0.45882353 0.44313725
v 0.815892 0.010849 -0.039173 0.67450980 0.45490196 0.44313725
v 0.657876 0.039795 -0.039173 0.92941176 0.92156863 0.93725490
v -0.834804 0.022518 -0.042835 0.80000000 0.56078431 0.54117647
v -0.783712 0.014451 -0.042770 0.74901961 0.50588235 0.47058824
v -0.633125 0.014451 -0.039937 0.88627451 0.87058824 0.89411765
v -0.630436 0.017140 -0.039578 0.87058824 0.85490196 0.87843137
v -0.665394 0.041341 -0.039528 0.95294118 0.95686275 0.96078431
v -0.630436 0.011762 -0.041917 0.85490196 0.84313725 0.86666667
v -0.627747 0.014451 -0.039916 0.85490196 0.83921569 0.86274510
v -0.662705 0.038652 -0.039402 0.94509804 0.94509804 0.95294118
v -0.627747 0.009073 -0.042851 0.83921569 0.82352941 0.84705882
v -0.625058 0.011762 -0.040751 0.84705882 0.83137255 0.85490196
v -0.660015 0.035963 -0.040362 0.95686275 0.95686275 0.96862745
v -0.832115 0.025207 -0.041740 0.80784314 0.56862745 0.54901961
v -0.826736 0.025207 -0.042409 0.83529412 0.57254902 0.54117647
v -0.657331 0.006367 -0.041418 0.86666667 0.85098039 0.86666667
v -0.622369 0.009073 -0.041531 0.85098039 0.83529412 0.85490196
v -0.649262 0.003683 -0.042472 0.83529412 0.81568627 0.84313725
v -0.616991 0.009073 -0.039641 0.85098039 0.83529412 0.84705882
v -0.646573 0.006373 -0.039309 0.85098039 0.83529412 0.85882353
v -0.813291 0.027896 -0.040895 0.89019608 0.60784314 0.56862745
v -0.807913 0.027896 -0.042779 0.90196078 0.61568627 0.57254902
v -0.614302 0.006384 -0.041101 0.83529412 0.81960784 0.83137255
v -0.799897 0.030438 -0.041387 0.90980392 0.62745098 0.58431373
v -0.611613 0.003695 -0.041491 0.81960784 0.80000000 0.81568627
v -0.794468 0.014451 -0.042890 0.82352941 0.55294118 0.53725490
v -0.606234 0.003695 -0.040805 0.78431373 0.76470588 0.77647059
v -0.789090 0.014451 -0.042108 0.74509804 0.49803922 0.47058824
v -0.643884 0.003685 -0.042898 0.83137255 0.81176471 0.83137255
v -0.633153 0.041316 -0.042200 0.85098039 0.84313725 0.85490196
v -0.603583 0.049376 -0.040437 0.93333333 0.92549020 0.93333333
v -0.600856 0.046719 -0.039398 0.93333333 0.92941176 0.93725490
v -0.657326 0.033274 -0.040868 0.96078431 0.96470588 0.97254902
v -0.630463 0.044006 -0.041284 0.91764706 0.91372549 0.92156863
v -0.654637 0.030585 -0.039907 0.95686275 0.95686275 0.96470588
v -0.627773 0.046697 -0.042124 0.95686275 0.94901961 0.96078431
v -0.598212 0.049370 -0.041809 0.94117647 0.93333333 0.94117647
v -0.651948 0.033274 -0.040062 0.95294118 0.94901961 0.96078431
v -0.633125 0.035963 -0.040675 0.85098039 0.83529412 0.85882353
v -0.649259 0.035963 -0.040504 0.94509804 0.94117647 0.95686275
v -0.622383 0.046707 -0.039428 0.92941176 0.92549020 0.93333333
v -0.646594 0.038631 -0.041860 0.93333333 0.92941176 0.94901961
v -0.643901 0.035945 -0.040716 0.93725490 0.93333333 0.95294118
v -0.619695 0.049396 -0.041637 0.92941176 0.92156863 0.93333333
v -0.641192 0.033274 -0.040122 0.93725490 0.93333333 0.95686275
v -0.614302 0.049408 -0.040744 0.92941176 0.92549020 0.93333333
v -0.638525 0.035943 -0.042441 0.92941176 0.92549020 0.94509804
v -0.611658 0.052058 -0.042077 0.92549020 0.91372549 0.92941176
v -0.638503 0.030585 -0.039934 0.92941176 0.92156863 0.94509804
v -0.608924 0.049408 -0.039808 0.93333333 0.92156863 0.93333333
v -0.606280 0.052058 -0.041767 0.93333333 0.92549020 0.93333333
v -0.635814 0.027896 -0.039671 0.91372549 0.90588235 0.92941176
v -0.635814 0.033274 -0.041731 0.91764706 0.90588235 0.92941176
v -0.633125 0.030585 -0.039554 0.87843137 0.86666667 0.89019608
v -0.641195 0.006375 -0.040279 0.86274510 0.84313725 0.86666667
v -0.638503 0.009073 -0.039433 0.87843137 0.86666667 0.88627451
v -0.635814 0.011762 -0.039560 0.89411765 0.87843137 0.90196078
v -0.633125 0.009073 -0.042893 0.86666667 0.85490196 0.87843137
v 0.613231 0.003768 -0.040584 0.89803922 0.88627451 0.90588235
v 0.615920 0.006457 -0.039609 0.88627451 0.87058824 0.89411765
v 0.602475 0.003768 -0.039414 0.87843137 0.86666667 0.89019608
v 0.642864 0.038677 -0.039591 0.91372549 0.90196078 0.92156863
v 0.640159 0.041381 -0.040460 0.91372549 0.90588235 0.91764706
v 0.648213 0.001054 -0.042272 0.93333333 0.92156863 0.94117647
v 0.597096 0.052171 -0.041043 0.91372549 0.90588235 0.92156863
v 0.648214 0.038703 -0.040004 0.89803922 0.89019608 0.90980392
v 0.645534 0.041384 -0.042382 0.90588235 0.89803922 0.91372549
v 0.645528 0.003740 -0.042074 0.89803922 0.88627451 0.90196078
v 0.607853 -0.001610 -0.042373 0.89019608 0.87450980 0.89803922
v 0.637484 0.044058 -0.041480 0.92941176 0.92156863 0.93333333
v 0.632098 0.044065 -0.041018 0.94509804 0.94117647 0.94901961
v 0.613231 0.046793 -0.039501 0.94117647 0.93333333 0.94509804
v 0.626706 0.044077 -0.039561 0.95686275 0.94901961 0.95686275
v 0.602475 -0.001610 -0.042158 0.86274510 0.85098039 0.87450980
v 0.605164 0.001079 -0.040935 0.86274510 0.85098039 0.87450980
v 0.605164 0.049482 -0.039792 0.91764706 0.90980392 0.92549020
v 0.599785 0.001079 -0.040355 0.87843137 0.86666667 0.89019608
v 0.634743 0.003768 -0.042233 0.87058824 0.85882353 0.88627451
v 0.618627 0.046777 -0.041715 0.93725490 0.92941176 0.94117647
v 0.640121 0.003768 -0.042690 0.87058824 0.85490196 0.87843137
v 0.642839 0.006429 -0.041733 0.87058824 0.85882353 0.87843137
v 0.637459 0.006431 -0.041593 0.87058824 0.85490196 0.88235294
v 0.640150 0.009118 -0.041010 0.87058824 0.85882353 0.87843137
v 0.621298 0.001079 -0.042434 0.85490196 0.83921569 0.86274510
v 0.623987 0.003768 -0.041727 0.85882353 0.84313725 0.86666667
v 0.613231 -0.001610 -0.042666 0.88235294 0.87058824 0.89411765
v 0.615920 0.001079 -0.041792 0.87450980 0.86274510 0.88627451
v 0.610542 0.001079 -0.041324 0.89803922 0.88627451 0.90980392
v 0.618609 0.003768 -0.041010 0.86666667 0.85098039 0.87450980
v 0.621298 0.006457 -0.040071 0.86274510 0.85098039 0.87450980
v 0.629365 0.003768 -0.042225 0.88235294 0.86666667 0.89019608
v 0.632054 0.006457 -0.041352 0.87843137 0.86666667 0.89019608
v 0.626676 0.006457 -0.041104 0.86274510 0.84705882 0.87058824
v 0.629365 0.009147 -0.040337 0.87450980 0.85490196 0.88235294
v 0.634743 0.009147 -0.040766 0.87450980 0.86274510 0.88627451
v 0.637460 0.011808 -0.040102 0.87450980 0.86274510 0.88235294
v 0.632054 0.011836 -0.039762 0.87843137 0.86274510 0.89019608
v 0.623987 0.009147 -0.039350 0.85882353 0.84313725 0.87058824
v 0.650930 0.003715 -0.041738 0.93333333 0.92156863 0.93725490
v 0.653639 0.006385 -0.040923 0.92941176 0.91764706 0.93333333
v 0.648244 0.006402 -0.040787 0.91764706 0.90588235 0.92156863
v 0.650937 0.009087 -0.039917 0.92549020 0.91372549 0.92941176
v 0.820287 0.011836 -0.042790 0.70980392 0.46666667 0.45490196
v 0.828354 0.014525 -0.042813 0.74117647 0.48627451 0.47450980
v 0.658995 0.006407 -0.040409 0.91764706 0.90588235 0.92156863
v 0.833733 0.019903 -0.040980 0.76470588 0.50196078 0.48235294
v 0.645553 0.009093 -0.040930 0.87450980 0.86274510 0.88235294
v 0.648247 0.011778 -0.040185 0.89803922 0.88627451 0.90196078
v 0.642843 0.011803 -0.040429 0.87058824 0.85882353 0.87843137
v 0.831043 0.022592 -0.042932 0.76470588 0.51372549 0.49019608
v 0.645558 0.014467 -0.040239 0.87058824 0.86274510 0.87843137
v 0.828354 0.025281 -0.039263 0.76078431 0.52549020 0.49803922
v 0.648258 0.017147 -0.039982 0.88235294 0.87058824 0.88627451
v 0.640154 0.014493 -0.039671 0.87058824 0.85882353 0.87450980
v 0.814920 0.011801 -0.042746 0.67843137 0.44705882 0.44313725
v 0.809573 0.011734 -0.042098 0.66666667 0.45098039 0.44313725
v 0.804219 0.011742 -0.041001 0.67843137 0.45490196 0.43921569
v 0.642852 0.017173 -0.039415 0.87450980 0.86274510 0.87843137
v 0.798908 0.011691 -0.040017 0.68235294 0.45490196 0.43137255
v 0.653567 0.038726 -0.039794 0.90588235 0.89411765 0.92156863
v 0.607853 0.003768 -0.040132 0.87058824 0.85882353 0.88235294
v 0.793505 0.011729 -0.040174 0.69019608 0.45882353 0.43529412
v 0.817749 0.025113 -0.042371 0.75686275 0.54509804 0.51372549
v 0.823002 0.025257 -0.039304 0.75686275 0.53333333 0.50588235
v 0.788075 0.011780 -0.039848 0.68627451 0.45490196 0.42745098
v 0.782667 0.011809 -0.039430 0.67843137 0.45098039 0.42352941
v 0.804409 0.027637 -0.040029 0.75686275 0.54509804 0.51764706
v 0.661634 0.041415 -0.039552 0.93725490 0.92549020 0.93725490
v -0.835599 0.021723 -0.035370 0.79215686 0.56078431 0.54117647
v -0.835270 0.022985 -0.035370 0.81176471 0.59215686 0.58039216
v -0.833982 0.017961 -0.035370 0.73333333 0.50588235 0.49019608
v -0.830934 0.015631 -0.035370 0.67843137 0.47058824 0.46666667
v -0.826996 0.014192 -0.035370 0.66666667 0.45882353 0.44313725
v -0.826220 0.013935 -0.035370 0.67058824 0.45882353 0.43921569
v -0.783034 0.013773 -0.035370 0.69411765 0.47058824 0.42745098
v -0.832135 0.025227 -0.035370 0.78431373 0.58431373 0.57254902
v -0.778658 0.014126 -0.035370 0.66666667 0.44313725 0.40000000
v -0.832072 0.025249 -0.035370 0.81568627 0.60000000 0.57647059
v -0.667474 0.039261 -0.035370 0.95686275 0.95686275 0.96862745
v -0.664811 0.036546 -0.035370 0.94117647 0.94117647 0.95294118
v -0.827629 0.026099 -0.035370 0.83529412 0.59215686 0.55686275
v -0.625499 0.022077 -0.035370 0.87058824 0.85490196 0.87843137
v -0.626669 0.024129 -0.035370 0.87058824 0.85490196 0.87843137
v -0.663112 0.033682 -0.035370 0.95294118 0.95294118 0.96470588
v -0.825688 0.026255 -0.035370 0.85490196 0.58823529 0.53333333
v -0.822789 0.026638 -0.035370 0.86666667 0.58823529 0.53725490
v -0.608053 0.043159 -0.035370 0.93725490 0.92941176 0.93725490
v -0.622915 0.019282 -0.035370 0.87058824 0.85490196 0.87843137
v -0.605462 0.042114 -0.035370 0.93333333 0.92549020 0.93333333
v -0.601866 0.040331 -0.035370 0.93333333 0.92549020 0.93333333
v -0.598230 0.038589 -0.035370 0.92941176 0.92156863 0.93333333
v -0.819427 0.027138 -0.035370 0.89019608 0.62352941 0.57647059
v -0.598017 0.038502 -0.035370 0.92941176 0.92156863 0.93333333
v -0.662569 0.011607 -0.035370 0.88627451 0.87843137 0.89411765
v -0.627311 0.025643 -0.035370 0.87058824 0.85490196 0.87450980
v -0.659262 0.013677 -0.035370 0.90196078 0.89803922 0.90980392
v -0.655040 0.014038 -0.035370 0.92549020 0.91372549 0.93333333
v -0.619827 0.016993 -0.035370 0.86666667 0.84705882 0.87058824
v -0.822573 0.013236 -0.035370 0.69019608 0.45490196 0.43921569
v -0.654170 0.013967 -0.035370 0.92549020 0.91764706 0.93725490
v -0.819882 0.012974 -0.035370 0.70980392 0.45882353 0.45490196
v -0.660765 0.024451 -0.035370 0.93725490 0.93725490 0.94901961
v -0.618897 0.016357 -0.035370 0.86274510 0.84313725 0.86274510
v -0.661477 0.026658 -0.035370 0.93725490 0.93725490 0.94901961
v -0.817532 0.012899 -0.035370 0.69803922 0.46274510 0.45882353
v -0.616644 0.014797 -0.035370 0.84313725 0.82352941 0.83921569
v -0.613378 0.012686 -0.035370 0.81568627 0.79215686 0.80784314
v -0.662845 0.033133 -0.035370 0.94901961 0.95294118 0.96470588
v -0.610020 0.010666 -0.035370 0.79607843 0.77647059 0.79215686
v -0.661443 0.029157 -0.035370 0.94117647 0.94509804 0.95686275
v -0.814557 0.013027 -0.035370 0.70196078 0.46666667 0.45882353
v -0.818103 0.027330 -0.035370 0.89411765 0.63137255 0.58039216
v -0.657597 0.022241 -0.035370 0.94509804 0.93725490 0.94901961
v -0.812030 0.013023 -0.035370 0.70196078 0.47450980 0.44705882
v -0.656946 0.022126 -0.035370 0.94901961 0.94117647 0.95294118
v -0.652068 0.022395 -0.035370 0.94117647 0.93333333 0.94901961
v -0.813475 0.028080 -0.035370 0.90196078 0.63137255 0.58431373
v -0.606461 0.008846 -0.035370 0.80000000 0.77647059 0.79607843
v -0.813024 0.028163 -0.035370 0.90588235 0.63137255 0.58039216
v -0.605606 0.008365 -0.035370 0.80000000 0.77647059 0.79215686
v -0.808942 0.028925 -0.035370 0.91372549 0.61960784 0.56862745
v -0.806473 0.029336 -0.035370 0.91372549 0.62745098 0.57647059
v -0.804401 0.029762 -0.035370 0.91372549 0.63137255 0.57647059
v -0.800052 0.030726 -0.035370 0.91372549 0.63529412 0.58039216
v -0.809188 0.013037 -0.035370 0.70588235 0.45882353 0.43137255
v -0.806580 0.013095 -0.035370 0.71372549 0.47450980 0.44705882
v -0.803867 0.013094 -0.035370 0.71764706 0.45882353 0.44313725
v -0.627964 0.030803 -0.035370 0.87058824 0.85490196 0.87450980
v -0.649998 0.013704 -0.035370 0.90196078 0.89019608 0.91372549
v -0.651729 0.022292 -0.035370 0.94117647 0.93333333 0.94901961
v -0.648838 0.014016 -0.035370 0.89411765 0.88627451 0.90588235
v -0.801130 0.013167 -0.035370 0.70588235 0.45882353 0.44313725
v -0.645024 0.015582 -0.035370 0.89803922 0.89019608 0.90980392
v -0.626906 0.035122 -0.035370 0.90196078 0.88627451 0.90196078
v -0.798599 0.013203 -0.035370 0.70196078 0.44705882 0.43137255
v -0.646773 0.022712 -0.035370 0.91372549 0.90588235 0.92549020
v -0.625056 0.038651 -0.035370 0.93333333 0.92156863 0.93725490
v -0.646342 0.022741 -0.035370 0.91372549 0.90588235 0.92549020
v -0.795568 0.013351 -0.035370 0.70196078 0.44313725 0.42352941
v -0.625050 0.038660 -0.035370 0.93333333 0.92156863 0.93725490
v -0.793475 0.013458 -0.035370 0.69019608 0.43921569 0.41568627
v -0.622531 0.041504 -0.035370 0.92549020 0.91764706 0.92941176
v -0.789953 0.013587 -0.035370 0.66274510 0.44313725 0.42352941
v -0.788294 0.013655 -0.035370 0.69411765 0.46666667 0.43529412
v -0.784474 0.013688 -0.035370 0.65882353 0.45098039 0.41176471
v -0.621111 0.042599 -0.035370 0.91372549 0.90588235 0.91372549
v -0.619144 0.043495 -0.035370 0.89803922 0.89019608 0.90196078
v -0.643463 0.020247 -0.035370 0.91764706 0.90980392 0.92941176
v -0.643125 0.019072 -0.035370 0.91372549 0.90588235 0.92549020
v -0.614440 0.043892 -0.035370 0.93725490 0.92549020 0.93725490
v -0.628036 0.030295 -0.035370 0.86274510 0.84705882 0.87058824
v -0.614178 0.043906 -0.035370 0.93725490 0.92941176 0.93725490
v -0.609383 0.043571 -0.035370 0.94117647 0.93333333 0.94117647
v -0.799583 0.030817 -0.035370 0.91372549 0.63921569 0.58431373
v -0.795523 0.031587 -0.035370 0.92156863 0.63921569 0.58823529
v -0.793006 0.032024 -0.035370 0.92156863 0.65490196 0.60784314
v -0.790829 0.032324 -0.035370 0.91764706 0.63921569 0.59215686
v -0.787154 0.032521 -0.035370 0.89803922 0.63529412 0.58431373
v -0.785661 0.032534 -0.035370 0.89803922 0.63137255 0.58039216
v -0.781773 0.032524 -0.035370 0.90196078 0.63529412 0.58039216
v 0.613511 0.014244 -0.035370 0.87450980 0.85882353 0.88235294
v 0.601609 0.047659 -0.035370 0.91372549 0.90588235 0.92156863
v 0.598502 0.048199 -0.035370 0.92156863 0.91372549 0.92941176
v 0.594568 0.049642 -0.035370 0.93333333 0.92549020 0.94117647
v 0.629691 0.019577 -0.035370 0.86274510 0.85098039 0.87058824
v 0.628453 0.018990 -0.035370 0.86274510 0.85098039 0.87058824
v 0.612891 0.014185 -0.035370 0.87058824 0.85490196 0.87843137
v 0.603570 0.013429 -0.035370 0.87450980 0.85882353 0.88627451
v 0.657803 0.015798 -0.035370 0.93333333 0.92549020 0.93725490
v 0.600721 0.012771 -0.035370 0.87058824 0.85490196 0.88235294
v 0.655700 0.019086 -0.035370 0.93725490 0.92549020 0.93725490
v 0.609300 0.045345 -0.035370 0.93333333 0.92549020 0.93725490
v 0.652869 0.021596 -0.035370 0.90980392 0.89803922 0.91372549
v 0.608494 0.013883 -0.035370 0.87450980 0.86274510 0.88627451
v 0.607267 0.046207 -0.035370 0.92549020 0.91764706 0.92941176
v 0.607126 0.013798 -0.035370 0.87450980 0.86274510 0.88627451
v 0.610997 0.044560 -0.035370 0.92941176 0.92549020 0.93725490
v 0.622355 0.016157 -0.035370 0.87058824 0.85882353 0.87843137
v 0.603076 0.047394 -0.035370 0.90980392 0.90196078 0.91372549
v 0.633249 0.021398 -0.035370 0.86274510 0.85098039 0.86666667
v 0.636117 0.023908 -0.035370 0.87058824 0.86274510 0.87843137
v 0.619191 0.015107 -0.035370 0.86666667 0.85490196 0.87843137
v 0.638679 0.026725 -0.035370 0.87843137 0.86666667 0.88627451
v 0.618237 0.014897 -0.035370 0.87058824 0.85882353 0.88235294
v 0.626045 0.017845 -0.035370 0.87058824 0.85490196 0.87450980
v 0.639850 0.030334 -0.035370 0.89019608 0.87843137 0.89803922
v 0.650916 0.025094 -0.035370 0.87843137 0.86666667 0.88235294
v 0.637440 0.033321 -0.035370 0.90196078 0.89019608 0.90980392
v 0.650809 0.025356 -0.035370 0.87843137 0.86666667 0.88235294
v 0.633828 0.035086 -0.035370 0.90980392 0.89803922 0.91372549
v 0.650931 0.030608 -0.035370 0.88627451 0.87450980 0.88627451
v 0.650976 0.030680 -0.035370 0.88627451 0.87450980 0.89019608
v 0.653190 0.033727 -0.035370 0.89019608 0.87843137 0.89803922
v 0.655764 0.036530 -0.035370 0.91372549 0.90588235 0.91764706
v 0.630772 0.037401 -0.035370 0.91764706 0.90980392 0.92549020
v 0.627643 0.039649 -0.035370 0.92941176 0.92156863 0.93333333
v 0.625155 0.040250 -0.035370 0.92941176 0.92156863 0.93333333
v 0.623282 0.040674 -0.035370 0.92549020 0.91764706 0.93333333
v 0.619160 0.041966 -0.035370 0.92156863 0.91764706 0.92941176
v 0.617672 0.042352 -0.035370 0.92549020 0.91764706 0.92941176
v 0.614961 0.043145 -0.035370 0.92156863 0.91372549 0.92549020
v 0.824755 0.012746 -0.035370 0.69411765 0.45882353 0.44313725
v 0.820331 0.011879 -0.035370 0.69019608 0.47843137 0.44705882
v 0.827908 0.014078 -0.035370 0.73725490 0.47843137 0.46274510
v 0.820249 0.011874 -0.035370 0.69019608 0.47843137 0.44705882
v 0.828497 0.014382 -0.035370 0.75294118 0.48235294 0.46666667
v 0.831616 0.016641 -0.035370 0.77254902 0.48235294 0.46666667
v 0.833308 0.019478 -0.035370 0.79215686 0.47843137 0.47450980
v 0.833489 0.020146 -0.035370 0.80392157 0.50588235 0.49803922
v 0.828721 0.024914 -0.035370 0.76470588 0.54901961 0.49803922
v 0.828035 0.024961 -0.035370 0.69411765 0.54901961 0.48627451
v 0.831967 0.023515 -0.035370 0.78039216 0.52941176 0.49411765
v 0.814578 0.011493 -0.035370 0.65098039 0.45098039 0.43137255
v 0.809562 0.011775 -0.035370 0.65490196 0.44705882 0.43137255
v 0.816739 0.026144 -0.035370 0.76470588 0.56862745 0.53333333
v 0.813798 0.026548 -0.035370 0.78039216 0.58823529 0.54901961
v 0.810538 0.026970 -0.035370 0.78431373 0.58039216 0.54509804
v 0.809109 0.027162 -0.035370 0.80000000 0.58431373 0.54509804
v 0.823052 0.025337 -0.035370 0.77254902 0.56862745 0.52941176
v 0.822913 0.025345 -0.035370 0.77647059 0.56862745 0.53333333
v 0.818341 0.025878 -0.035370 0.77647059 0.58039216 0.54117647
v 0.787859 0.011996 -0.035370 0.67058824 0.43529412 0.40000000
v 0.783050 0.012159 -0.035370 0.65882353 0.43137255 0.41176471
v 0.782273 0.012204 -0.035370 0.66274510 0.43529412 0.41568627
v 0.778046 0.012502 -0.035370 0.63921569 0.41960784 0.39215686
v 0.809541 0.011775 -0.035370 0.67058824 0.45490196 0.43921569
v 0.776555 0.012544 -0.035370 0.63921569 0.41960784 0.38431373
v 0.804303 0.011683 -0.035370 0.67843137 0.45490196 0.43529412
v 0.793379 0.011855 -0.035370 0.68235294 0.43529412 0.40392157
v 0.788286 0.011965 -0.035370 0.67450980 0.43529412 0.40000000
v 0.793579 0.011848 -0.035370 0.67843137 0.43529412 0.40392157
v 0.791018 0.030170 -0.035370 0.75686275 0.52549020 0.50196078
v 0.790633 0.030214 -0.035370 0.76078431 0.52549020 0.50196078
v 0.785706 0.030661 -0.035370 0.77254902 0.53725490 0.50588235
v 0.804089 0.011687 -0.035370 0.68627451 0.45490196 0.42745098
v 0.798841 0.011770 -0.035370 0.69019608 0.44705882 0.41960784
v 0.798876 0.011768 -0.035370 0.69411765 0.44705882 0.41960784
v 0.785091 0.030730 -0.035370 0.78823529 0.55686275 0.52156863
v 0.780768 0.031165 -0.035370 0.81176471 0.57647059 0.54117647
v 0.804310 0.027822 -0.035370 0.74509804 0.55294118 0.52156863
v 0.799801 0.028633 -0.035370 0.78823529 0.57647059 0.54117647
v 0.804349 0.027818 -0.035370 0.75686275 0.55686275 0.52549020
v 0.664358 0.038692 -0.035370 0.94901961 0.93725490 0.95686275
v 0.664304 0.038674 -0.035370 0.94901961 0.93725490 0.95294118
v 0.815228 0.011512 -0.035370 0.66666667 0.46274510 0.43921569
v 0.660180 0.037491 -0.035370 0.94117647 0.93333333 0.94901961
v 0.657327 0.037108 -0.035370 0.92549020 0.91764706 0.93725490
v -0.780221 0.032473 -0.035370 0.90980392 0.62352941 0.57647059
v -0.662705 0.033274 -0.035575 0.94901961 0.95294118 0.96470588
v -0.660021 0.009053 -0.038611 0.87058824 0.86274510 0.87843137
v -0.657331 0.011744 -0.036655 0.90196078 0.89411765 0.90980392
v -0.654642 0.009057 -0.037906 0.89803922 0.88627451 0.90980392
v -0.651952 0.011749 -0.036208 0.90980392 0.89411765 0.91764706
v -0.635814 0.017140 -0.037848 0.90588235 0.89803922 0.91764706
v -0.651952 0.006370 -0.038800 0.88235294 0.86666667 0.89019608
v -0.633125 0.019829 -0.038642 0.89019608 0.87843137 0.90196078
v -0.630436 0.022518 -0.037805 0.86274510 0.85098039 0.87450980
v -0.649263 0.009061 -0.037825 0.87843137 0.85882353 0.88627451
v -0.627747 0.019829 -0.037575 0.85882353 0.84313725 0.87058824
v -0.608924 0.044030 -0.035798 0.94117647 0.93333333 0.94117647
v -0.625058 0.017140 -0.037636 0.86274510 0.84705882 0.87450980
v -0.606235 0.046719 -0.038155 0.93333333 0.92549020 0.93333333
v -0.622369 0.014451 -0.038086 0.87058824 0.85098039 0.87450980
v -0.598167 0.044030 -0.038558 0.93333333 0.92549020 0.93333333
v -0.603545 0.044030 -0.037050 0.93333333 0.92549020 0.93333333
v -0.619680 0.011762 -0.038888 0.86274510 0.84313725 0.86666667
v -0.600856 0.041341 -0.036327 0.92941176 0.92549020 0.92941176
v -0.660018 0.025198 -0.036177 0.94117647 0.94117647 0.95294118
v -0.627747 0.025207 -0.035775 0.86666667 0.85098039 0.87450980
v -0.660015 0.030585 -0.037314 0.94901961 0.94901961 0.96078431
v -0.616991 0.014451 -0.035792 0.84705882 0.82745098 0.84705882
v -0.598167 0.038652 -0.035423 0.92941176 0.92156863 0.93333333
v -0.614302 0.011762 -0.036366 0.82352941 0.80000000 0.81960784
v -0.611613 0.009073 -0.037767 0.80392157 0.78039216 0.80000000
v -0.608923 0.006384 -0.038232 0.79215686 0.77254902 0.78823529
v -0.657329 0.027888 -0.038164 0.95294118 0.95294118 0.96078431
v -0.657329 0.022509 -0.035519 0.94901961 0.94117647 0.95294118
v -0.654640 0.025199 -0.036899 0.95686275 0.94901961 0.96078431
v -0.651950 0.022513 -0.035400 0.94117647 0.93725490 0.94901961
v -0.630456 0.038634 -0.039039 0.87450980 0.85882353 0.87450980
v -0.630436 0.033274 -0.037780 0.85098039 0.83529412 0.85882353
v -0.651948 0.027896 -0.037503 0.94901961 0.94509804 0.95686275
v -0.649259 0.025207 -0.036099 0.92549020 0.92156863 0.93725490
v -0.627747 0.035963 -0.036210 0.90196078 0.88627451 0.90196078
v -0.627766 0.041324 -0.038625 0.93725490 0.92549020 0.94117647
v -0.625058 0.038652 -0.035372 0.93333333 0.92156863 0.93725490
v -0.625076 0.044015 -0.038473 0.94509804 0.93725490 0.94901961
v -0.649259 0.030585 -0.037839 0.93725490 0.93333333 0.94901961
v -0.619680 0.044030 -0.035905 0.90588235 0.89803922 0.90980392
v -0.646570 0.027896 -0.036169 0.92156863 0.92156863 0.93725490
v -0.616991 0.046719 -0.038163 0.91764706 0.91372549 0.92549020
v -0.646573 0.011752 -0.036740 0.87843137 0.86666667 0.89019608
v -0.614302 0.044030 -0.035483 0.93725490 0.92941176 0.93725490
v -0.611613 0.046719 -0.037929 0.94117647 0.92941176 0.94117647
v -0.643884 0.009063 -0.038135 0.87450980 0.86274510 0.88627451
v -0.643884 0.014442 -0.035850 0.89411765 0.88627451 0.90588235
v -0.641194 0.011754 -0.037263 0.88627451 0.87450980 0.89803922
v -0.643881 0.025207 -0.036071 0.92549020 0.92156863 0.94117647
v -0.641192 0.022518 -0.036341 0.91764706 0.91372549 0.93333333
v -0.641192 0.017140 -0.035917 0.90980392 0.89803922 0.92156863
v -0.638503 0.014451 -0.037114 0.90196078 0.89019608 0.91372549
v -0.638503 0.019829 -0.036826 0.91372549 0.90588235 0.92549020
v -0.646570 0.033274 -0.038476 0.92941176 0.92941176 0.94509804
v -0.643881 0.030585 -0.037689 0.93333333 0.92941176 0.94901961
v -0.641192 0.027896 -0.037689 0.92941176 0.92549020 0.94509804
v -0.638503 0.025207 -0.038083 0.92156863 0.91764706 0.93725490
v -0.635814 0.022518 -0.038184 0.90980392 0.90196078 0.92156863
v -0.633125 0.025207 -0.038476 0.88627451 0.87058824 0.89411765
v -0.630436 0.027896 -0.037027 0.85490196 0.83921569 0.86274510
v 0.610542 0.006457 -0.039048 0.88235294 0.86666667 0.89411765
v 0.613231 0.009146 -0.037936 0.88235294 0.87058824 0.89411765
v 0.618609 0.009146 -0.038497 0.87058824 0.85490196 0.87843137
v 0.615920 0.011836 -0.036783 0.88235294 0.87058824 0.89411765
v 0.607853 0.009146 -0.037541 0.87058824 0.85490196 0.88235294
v 0.610542 0.011836 -0.036399 0.87450980 0.85882353 0.88235294
v 0.605164 0.006457 -0.038504 0.87450980 0.85882353 0.88627451
v 0.599785 0.006457 -0.037967 0.87450980 0.86274510 0.88627451
v 0.602474 0.009146 -0.037056 0.87843137 0.86274510 0.89019608
v 0.599785 0.049482 -0.037431 0.91764706 0.90980392 0.92549020
v 0.605164 0.011836 -0.036154 0.87843137 0.86274510 0.89019608
v 0.607853 0.046793 -0.036567 0.92549020 0.91764706 0.93333333
v 0.621298 0.011836 -0.037430 0.85882353 0.84705882 0.87058824
v 0.618609 0.014525 -0.035610 0.87058824 0.85882353 0.88235294
v 0.623987 0.014525 -0.036611 0.85882353 0.84313725 0.87058824
v 0.626676 0.017214 -0.035865 0.86274510 0.84705882 0.87058824
v 0.634768 0.014500 -0.039048 0.87450980 0.86274510 0.88235294
v 0.640150 0.030633 -0.035464 0.89019608 0.87843137 0.89803922
v 0.637451 0.033331 -0.035375 0.90196078 0.89019608 0.90980392
v 0.634763 0.036019 -0.035921 0.90980392 0.89803922 0.91372549
v 0.626676 0.011836 -0.038851 0.85098039 0.83921569 0.86274510
v 0.597096 0.003768 -0.038778 0.87058824 0.85490196 0.87843137
v 0.632080 0.038703 -0.036588 0.92549020 0.91372549 0.92941176
v 0.629365 0.014525 -0.038027 0.85490196 0.83529412 0.86274510
v 0.629394 0.041389 -0.037628 0.93725490 0.92941176 0.94117647
v 0.642841 0.033320 -0.036809 0.89019608 0.87450980 0.89411765
v 0.632054 0.017214 -0.037197 0.85882353 0.84313725 0.86274510
v 0.640167 0.035996 -0.037146 0.90588235 0.89411765 0.90980392
v 0.656336 0.009067 -0.039141 0.92941176 0.92156863 0.93333333
v 0.661762 0.009019 -0.035835 0.92549020 0.91764706 0.92941176
v 0.659074 0.011709 -0.036636 0.92941176 0.92156863 0.93333333
v 0.653654 0.011749 -0.038695 0.93333333 0.92156863 0.93725490
v 0.645529 0.036010 -0.038059 0.88627451 0.87843137 0.89411765
v 0.656372 0.014411 -0.036821 0.93725490 0.92549020 0.94117647
v 0.637459 0.038702 -0.037823 0.90588235 0.89803922 0.91372549
v 0.650949 0.014455 -0.039018 0.91764706 0.90588235 0.92156863
v 0.634777 0.041384 -0.038734 0.92156863 0.90980392 0.92549020
v 0.653661 0.017122 -0.038243 0.92549020 0.91372549 0.92941176
v 0.651009 0.019776 -0.037248 0.89019608 0.87843137 0.89411765
v 0.637461 0.017186 -0.038254 0.87450980 0.86274510 0.87843137
v 0.624008 0.041396 -0.036228 0.93333333 0.92549020 0.93725490
v 0.621316 0.044088 -0.038076 0.93725490 0.92941176 0.93725490
v 0.640158 0.019867 -0.037847 0.87450980 0.86666667 0.88235294
v 0.615920 0.044104 -0.036636 0.92549020 0.91764706 0.92549020
v 0.645581 0.019824 -0.038712 0.87450980 0.86274510 0.88235294
v 0.648312 0.022474 -0.036925 0.87843137 0.86666667 0.88235294
v 0.642860 0.022545 -0.037601 0.87843137 0.86274510 0.88627451
v 0.645561 0.025222 -0.036996 0.87843137 0.86666667 0.88627451
v 0.634769 0.019878 -0.036353 0.87058824 0.86274510 0.87450980
v 0.637458 0.022567 -0.036158 0.87843137 0.87058824 0.88627451
v 0.640154 0.025250 -0.036103 0.88235294 0.87058824 0.89019608
v 0.642851 0.027931 -0.036114 0.87843137 0.86274510 0.88627451
v 0.648247 0.027915 -0.035986 0.88627451 0.87450980 0.89019608
v 0.650918 0.030621 -0.035378 0.88627451 0.87450980 0.89019608
v 0.645541 0.030620 -0.036846 0.87450980 0.86666667 0.87843137
v 0.648224 0.033315 -0.036678 0.88627451 0.87843137 0.89411765
v 0.650906 0.036011 -0.037431 0.88235294 0.87450980 0.89019608
v 0.820287 0.011836 -0.035439 0.65882353 0.45882353 0.42745098
v 0.833733 0.019903 -0.035877 0.78431373 0.50588235 0.48627451
v 0.828354 0.025281 -0.036466 0.75686275 0.54117647 0.50196078
v 0.798859 0.011753 -0.035530 0.68235294 0.44705882 0.41960784
v 0.793480 0.011753 -0.035869 0.67843137 0.44313725 0.41568627
v 0.788073 0.011783 -0.036557 0.67058824 0.43921569 0.41176471
v 0.782666 0.011810 -0.037480 0.66274510 0.43529412 0.41176471
v 0.664340 0.038710 -0.035396 0.94509804 0.93333333 0.95294118
v 0.658945 0.038726 -0.036991 0.93333333 0.92549020 0.94117647
v -0.770816 0.032724 -0.035370 0.92549020 0.68235294 0.60784314
v -0.772327 0.013822 -0.035370 0.67058824 0.44313725 0.40784314
v -0.697662 -0.001684 -0.035370 0.82352941 0.64705882 0.60000000
v -0.768650 0.013378 -0.035370 0.65098039 0.44705882 0.40392157
v -0.769824 0.032826 -0.035370 0.92941176 0.68235294 0.60784314
v -0.691856 -0.002111 -0.035370 0.82352941 0.65882353 0.61176471
v -0.760112 0.033867 -0.035370 0.93725490 0.68627451 0.61176471
v -0.686936 -0.001714 -0.035370 0.82352941 0.69411765 0.65882353
v -0.682502 -0.000709 -0.035370 0.80392157 0.78039216 0.79215686
v -0.760571 0.012823 -0.035370 0.69019608 0.48235294 0.45098039
v -0.674727 0.002272 -0.035370 0.83137255 0.81568627 0.82352941
v -0.758629 0.012643 -0.035370 0.70196078 0.49019608 0.44705882
v -0.668318 0.006607 -0.035370 0.86274510 0.85098039 0.86666667
v -0.748946 0.011569 -0.035370 0.70588235 0.50588235 0.45882353
v -0.664542 0.009914 -0.035370 0.87843137 0.86666667 0.88627451
v -0.748505 0.011512 -0.035370 0.63137255 0.46274510 0.41176471
v 0.695650 -0.003359 -0.035370 0.84705882 0.75294118 0.74509804
v 0.661948 0.009196 -0.035370 0.93333333 0.92549020 0.93333333
v 0.691974 -0.003730 -0.035370 0.85098039 0.78823529 0.79215686
v -0.739277 0.010483 -0.035370 0.75294118 0.53725490 0.48627451
v -0.736171 0.009935 -0.035370 0.77647059 0.55686275 0.50588235
v 0.684885 -0.003365 -0.035370 0.85882353 0.81568627 0.82352941
v 0.765790 0.012500 -0.035370 0.63137255 0.42352941 0.38823529
v 0.682122 -0.002870 -0.035370 0.86666667 0.84313725 0.85490196
v 0.762036 0.012412 -0.035370 0.64705882 0.42352941 0.39215686
v 0.728138 0.007140 -0.035370 0.85098039 0.60784314 0.55686275
v -0.758663 0.034117 -0.035370 0.92549020 0.69803922 0.61960784
v 0.755480 0.011966 -0.035370 0.67058824 0.43137255 0.38823529
v 0.722574 0.005469 -0.035370 0.85098039 0.63529412 0.58823529
v 0.750055 0.011229 -0.035370 0.75686275 0.49411765 0.45098039
v -0.750949 0.035461 -0.035370 0.92941176 0.70588235 0.62352941
v 0.711975 0.001822 -0.035370 0.84705882 0.67450980 0.64313725
v 0.705689 -0.000632 -0.035370 0.84705882 0.70196078 0.67843137
v -0.745440 0.036588 -0.035370 0.93333333 0.71372549 0.63529412
v 0.772984 0.012739 -0.035370 0.61176471 0.41176471 0.36862745
v 0.704223 -0.001175 -0.035370 0.84705882 0.72156863 0.70588235
v 0.674027 -0.000269 -0.035370 0.87058824 0.86666667 0.87450980
v 0.667392 0.003869 -0.035370 0.93725490 0.92941176 0.94117647
v -0.741933 0.037209 -0.035370 0.94117647 0.71764706 0.63921569
v -0.730549 0.008455 -0.035370 0.80000000 0.57647059 0.52549020
v 0.779333 0.031136 -0.035370 0.83921569 0.60000000 0.55686275
v 0.769959 0.030897 -0.035370 0.87450980 0.62352941 0.57254902
v 0.719911 0.004620 -0.035370 0.85098039 0.65098039 0.61176471
v 0.746000 0.010686 -0.035370 0.80000000 0.54117647 0.49411765
v 0.737333 0.009390 -0.035370 0.83529412 0.57254902 0.52156863
v 0.736713 0.009274 -0.035370 0.85098039 0.59607843 0.54117647
v -0.732923 0.038955 -0.035370 0.94509804 0.72156863 0.65098039
v 0.743199 0.034879 -0.035370 0.87843137 0.66666667 0.61568627
v 0.741883 0.035083 -0.035370 0.87450980 0.66666667 0.60784314
v 0.732836 0.036907 -0.035370 0.90980392 0.66666667 0.59607843
v -0.732168 0.039104 -0.035370 0.94509804 0.72156863 0.65098039
v 0.717145 0.039560 -0.035370 0.94509804 0.67058824 0.59607843
v 0.714279 0.039942 -0.035370 0.94117647 0.68235294 0.59215686
v -0.723760 0.040548 -0.035370 0.90196078 0.69019608 0.61960784
v 0.729930 0.037477 -0.035370 0.91764706 0.65882353 0.59215686
v 0.723624 0.038512 -0.035370 0.93725490 0.66666667 0.59607843
v -0.722302 0.005945 -0.035370 0.81176471 0.58039216 0.53333333
v -0.721002 0.005522 -0.035370 0.81568627 0.58823529 0.53725490
v 0.705012 0.040992 -0.035370 0.93333333 0.65882353 0.57647059
v 0.704605 0.041033 -0.035370 0.90980392 0.71764706 0.65490196
v -0.714322 0.003169 -0.035370 0.81176471 0.60392157 0.55294118
v 0.694396 0.041488 -0.035370 0.93333333 0.92941176 0.94117647
v -0.706369 0.000366 -0.035370 0.81568627 0.61568627 0.56470588
v 0.768646 0.030914 -0.035370 0.87450980 0.61960784 0.56862745
v 0.760100 0.031674 -0.035370 0.90588235 0.65882353 0.60392157
v -0.704554 -0.000169 -0.035370 0.81960784 0.62352941 0.56862745
v 0.756597 0.032164 -0.035370 0.91764706 0.66666667 0.61176471
v 0.750864 0.033241 -0.035370 0.92549020 0.67843137 0.61568627
v -0.719248 0.041268 -0.035370 0.89019608 0.65882353 0.57647059
v 0.673780 0.040032 -0.035370 0.95686275 0.95294118 0.95686275
v -0.714251 0.041796 -0.035370 0.90588235 0.66666667 0.56862745
v 0.670812 0.039728 -0.035370 0.96078431 0.95686275 0.96470588
v -0.707012 0.042747 -0.035370 0.92156863 0.67058824 0.59607843
v 0.683815 0.040754 -0.035370 0.91764706 0.91372549 0.92549020
v -0.704603 0.042904 -0.035370 0.92156863 0.66274510 0.60000000
v 0.682824 0.040713 -0.035370 0.90980392 0.90980392 0.91764706
v 0.693831 0.041471 -0.035370 0.92941176 0.92941176 0.94117647
v -0.696566 0.042437 -0.035370 0.85098039 0.63137255 0.56470588
v -0.693360 0.042417 -0.035370 0.80784314 0.68627451 0.65490196
v -0.686262 0.041985 -0.035370 0.95686275 0.96078431 0.97254902
v -0.681889 0.041702 -0.035370 0.97254902 0.96470588 0.97647059
v -0.676359 0.041132 -0.035370 0.96470588 0.96470588 0.97254902
v -0.669367 0.039936 -0.035370 0.95686275 0.96078431 0.96862745
v -0.759510 0.011762 -0.038190 0.70196078 0.48627451 0.44313725
v -0.668085 0.006374 -0.036374 0.86274510 0.84705882 0.86274510
v -0.743376 0.038652 -0.038895 0.94117647 0.71372549 0.63921569
v -0.721864 0.006384 -0.038146 0.80392157 0.58431373 0.53725490
v -0.705729 0.001006 -0.037664 0.81568627 0.62745098 0.58039216
v -0.716485 0.044030 -0.042689 0.93725490 0.68627451 0.59607843
v 0.693950 -0.001659 -0.041309 0.85490196 0.79215686 0.79215686
v -0.705729 0.044030 -0.037645 0.92156863 0.67058824 0.60392157
v 0.710054 0.003742 -0.041929 0.84705882 0.70588235 0.68235294
v -0.694973 0.044030 -0.038236 0.81960784 0.66274510 0.62745098
v 0.747744 0.008941 -0.040785 0.76862745 0.51764706 0.47450980
v 0.667132 0.003625 -0.036593 0.93725490 0.92941176 0.93725490
v -0.684226 0.044022 -0.038792 0.96078431 0.96078431 0.96862745
v 0.736963 0.009024 -0.036369 0.82352941 0.57647059 0.52549020
v 0.742442 0.035638 -0.036589 0.91372549 0.67450980 0.61176471
v -0.673473 0.044020 -0.039134 0.96470588 0.96470588 0.97254902
v 0.715529 0.041188 -0.039107 0.93725490 0.67058824 0.58039216
v 0.704788 0.041216 -0.035838 0.90980392 0.71372549 0.65490196
v 0.672467 0.041345 -0.037083 0.94901961 0.94901961 0.95686275
v 0.683342 0.041228 -0.036152 0.91372549 0.90980392 0.92156863
v -0.798584 0.015713 -0.031567 0.70588235 0.45882353 0.44705882
v -0.795904 0.015887 -0.031567 0.71372549 0.45882353 0.43529412
v -0.792903 0.016016 -0.031567 0.70980392 0.45882353 0.43137255
v -0.790698 0.016059 -0.031567 0.70980392 0.47058824 0.43921569
v -0.787309 0.016232 -0.031567 0.71372549 0.48627451 0.45098039
v -0.785450 0.016189 -0.031567 0.70588235 0.48235294 0.44313725
v -0.623388 0.029566 -0.031567 0.87843137 0.86274510 0.87843137
v -0.797809 0.028548 -0.031567 0.88235294 0.62352941 0.56470588
v -0.623322 0.031538 -0.031567 0.89411765 0.87843137 0.89411765
v -0.796319 0.028734 -0.031567 0.89019608 0.63137255 0.57647059
v -0.621661 0.035255 -0.031567 0.90588235 0.89019608 0.90980392
v -0.793214 0.029332 -0.031567 0.89803922 0.63921569 0.58431373
v -0.790111 0.029564 -0.031567 0.88627451 0.62745098 0.56862745
v -0.788189 0.029685 -0.031567 0.87450980 0.61960784 0.56078431
v -0.619435 0.038408 -0.031567 0.88627451 0.87450980 0.89019608
v -0.784564 0.029732 -0.031567 0.88627451 0.62352941 0.56862745
v -0.827540 0.019026 -0.031567 0.76078431 0.52941176 0.49803922
v -0.782671 0.029545 -0.031567 0.88627451 0.62352941 0.57254902
v -0.779743 0.029176 -0.031567 0.89411765 0.63529412 0.57647059
v -0.614584 0.038935 -0.031567 0.92156863 0.91372549 0.92156863
v -0.828294 0.021386 -0.031567 0.81568627 0.56078431 0.52549020
v -0.614018 0.038936 -0.031567 0.92549020 0.91372549 0.92549020
v -0.824818 0.023288 -0.031567 0.83529412 0.56862745 0.53333333
v -0.776757 0.029009 -0.031567 0.89411765 0.64313725 0.58039216
v -0.822580 0.023985 -0.031567 0.83529412 0.58039216 0.53333333
v -0.621546 0.026029 -0.031567 0.85098039 0.83529412 0.85098039
v -0.781942 0.016221 -0.031567 0.70588235 0.47843137 0.43921569
v -0.619015 0.023183 -0.031567 0.83529412 0.81568627 0.83529412
v -0.824125 0.017217 -0.031567 0.71372549 0.47843137 0.46274510
v -0.780390 0.016507 -0.031567 0.70980392 0.47843137 0.43529412
v -0.616365 0.020455 -0.031567 0.82352941 0.80392157 0.82352941
v -0.823972 0.017216 -0.031567 0.71764706 0.48235294 0.46666667
v -0.819596 0.016213 -0.031567 0.72941176 0.47843137 0.47450980
v -0.817589 0.016059 -0.031567 0.73725490 0.49019608 0.47843137
v -0.613715 0.017727 -0.031567 0.81176471 0.79215686 0.80784314
v -0.820509 0.024358 -0.031567 0.83921569 0.58823529 0.53333333
v -0.610472 0.015592 -0.031567 0.80784314 0.78823529 0.80392157
v -0.816005 0.025183 -0.031567 0.84705882 0.58431373 0.54117647
v -0.775656 0.017151 -0.031567 0.70980392 0.47843137 0.45098039
v -0.815959 0.025186 -0.031567 0.85098039 0.58431373 0.54509804
v -0.607188 0.013456 -0.031567 0.81176471 0.79215686 0.81176471
v -0.664262 0.020955 -0.031567 0.92156863 0.91764706 0.93333333
v -0.603858 0.011991 -0.031567 0.81960784 0.80000000 0.81568627
v -0.664844 0.024657 -0.031567 0.92941176 0.92941176 0.94509804
v -0.609818 0.037757 -0.031567 0.93725490 0.92549020 0.93725490
v -0.665568 0.014614 -0.031567 0.90588235 0.89411765 0.90588235
v -0.664062 0.018489 -0.031567 0.91372549 0.90980392 0.92156863
v -0.814143 0.016288 -0.031567 0.74901961 0.50980392 0.49019608
v -0.812419 0.016268 -0.031567 0.74901961 0.50588235 0.48235294
v -0.606335 0.035862 -0.031567 0.92941176 0.92156863 0.92941176
v -0.665627 0.030352 -0.031567 0.94117647 0.94117647 0.95686275
v -0.808598 0.016455 -0.031567 0.74509804 0.48627451 0.47058824
v -0.811103 0.025708 -0.031567 0.87450980 0.59215686 0.56078431
v -0.664724 0.025877 -0.031567 0.93333333 0.93333333 0.94901961
v -0.809841 0.025968 -0.031567 0.88235294 0.60392157 0.57254902
v -0.605895 0.035623 -0.031567 0.92941176 0.92156863 0.92941176
v -0.806585 0.026568 -0.031567 0.88235294 0.61568627 0.56862745
v -0.803049 0.027382 -0.031567 0.87843137 0.62352941 0.56470588
v -0.802291 0.027652 -0.031567 0.87843137 0.62352941 0.56078431
v -0.602897 0.033922 -0.031567 0.92549020 0.91764706 0.92549020
v -0.807032 0.016259 -0.031567 0.73725490 0.47058824 0.46274510
v -0.599465 0.031976 -0.031567 0.91764706 0.90588235 0.92549020
v -0.803618 0.016057 -0.031567 0.72549020 0.46666667 0.45490196
v -0.801411 0.016016 -0.031567 0.71764706 0.46666667 0.45490196
v 0.660617 0.018606 -0.031567 0.92941176 0.91764706 0.92549020
v 0.659069 0.022472 -0.031567 0.93333333 0.92549020 0.92941176
v 0.615033 0.023479 -0.031567 0.88235294 0.87058824 0.89411765
v 0.611106 0.023156 -0.031567 0.88627451 0.87450980 0.89803922
v 0.619255 0.024635 -0.031567 0.88627451 0.87450980 0.89803922
v 0.617197 0.023868 -0.031567 0.88235294 0.87058824 0.89019608
v 0.622558 0.026710 -0.031567 0.90588235 0.89411765 0.91372549
v 0.605339 0.022417 -0.031567 0.87450980 0.86274510 0.88235294
v 0.604985 0.022413 -0.031567 0.87450980 0.86274510 0.88235294
v 0.600068 0.022308 -0.031567 0.87843137 0.86666667 0.88627451
v 0.610139 0.022994 -0.031567 0.88627451 0.87450980 0.89411765
v 0.623856 0.030528 -0.031567 0.91764706 0.90980392 0.92156863
v 0.623879 0.030767 -0.031567 0.91372549 0.90588235 0.92156863
v 0.622791 0.034841 -0.031567 0.90980392 0.90196078 0.91764706
v 0.619982 0.037411 -0.031567 0.90980392 0.89803922 0.91372549
v 0.616184 0.038990 -0.031567 0.92549020 0.91764706 0.92941176
v 0.615429 0.039217 -0.031567 0.92549020 0.91764706 0.93333333
v 0.612104 0.040288 -0.031567 0.92549020 0.91372549 0.92941176
v 0.608538 0.042101 -0.031567 0.92549020 0.91372549 0.92941176
v 0.605609 0.043659 -0.031567 0.91764706 0.90588235 0.92549020
v 0.604994 0.043935 -0.031567 0.91764706 0.90588235 0.92549020
v 0.600556 0.044874 -0.031567 0.92156863 0.91372549 0.92549020
v 0.597995 0.045894 -0.031567 0.93333333 0.92549020 0.93725490
v 0.596660 0.046357 -0.031567 0.93725490 0.92941176 0.94117647
v 0.796399 0.014213 -0.031567 0.71764706 0.46274510 0.43529412
v 0.795919 0.014201 -0.031567 0.70980392 0.46274510 0.43137255
v 0.801562 0.014428 -0.031567 0.72549020 0.45490196 0.42352941
v 0.801482 0.014426 -0.031567 0.72549020 0.45490196 0.42352941
v 0.806542 0.014823 -0.031567 0.73725490 0.46666667 0.44313725
v 0.821497 0.016003 -0.031567 0.76470588 0.49803922 0.47450980
v 0.818314 0.015240 -0.031567 0.74509804 0.47450980 0.44313725
v 0.788038 0.027656 -0.031567 0.87450980 0.64313725 0.60392157
v 0.825370 0.017509 -0.031567 0.78823529 0.51372549 0.49019608
v 0.782904 0.027951 -0.031567 0.89803922 0.64705882 0.60784314
v 0.782540 0.027967 -0.031567 0.90196078 0.65098039 0.61568627
v 0.824981 0.021902 -0.031567 0.84705882 0.61568627 0.58039216
v 0.817138 0.014982 -0.031567 0.73725490 0.47058824 0.43921569
v 0.812743 0.015016 -0.031567 0.75294118 0.47450980 0.45882353
v 0.806652 0.024975 -0.031567 0.84705882 0.60392157 0.56078431
v 0.811755 0.014986 -0.031567 0.74901961 0.47450980 0.45882353
v 0.801676 0.025436 -0.031567 0.86274510 0.62745098 0.58039216
v 0.807245 0.014829 -0.031567 0.73725490 0.47058824 0.44313725
v 0.819839 0.023039 -0.031567 0.82352941 0.60784314 0.56078431
v 0.816124 0.023751 -0.031567 0.83137255 0.61960784 0.56470588
v 0.801220 0.025515 -0.031567 0.86666667 0.63137255 0.58431373
v 0.807241 0.024884 -0.031567 0.84313725 0.60000000 0.55294118
v 0.797629 0.026649 -0.031567 0.86666667 0.64705882 0.58823529
v 0.813308 0.024192 -0.031567 0.81960784 0.61176471 0.57254902
v 0.811450 0.024402 -0.031567 0.83529412 0.62352941 0.58039216
v 0.820591 0.022873 -0.031567 0.82352941 0.60784314 0.56470588
v 0.785121 0.014724 -0.031567 0.70980392 0.45490196 0.41960784
v 0.780488 0.014933 -0.031567 0.70588235 0.46274510 0.43921569
v 0.779358 0.015109 -0.031567 0.70588235 0.45882353 0.43921569
v 0.776105 0.015896 -0.031567 0.69019608 0.43921569 0.41176471
v 0.790862 0.014526 -0.031567 0.72156863 0.45098039 0.41176471
v 0.790706 0.014528 -0.031567 0.71764706 0.44705882 0.41176471
v 0.785644 0.014684 -0.031567 0.70588235 0.45098039 0.41568627
v 0.794197 0.027034 -0.031567 0.87843137 0.65490196 0.60392157
v 0.792915 0.027154 -0.031567 0.88627451 0.65882353 0.60784314
v 0.788175 0.027651 -0.031567 0.87843137 0.64705882 0.60392157
v 0.777934 0.027212 -0.031567 0.91372549 0.64705882 0.59607843
v 0.776684 0.027183 -0.031567 0.92549020 0.65882353 0.60000000
v -0.834804 0.022518 -0.034694 0.79607843 0.56078431 0.52941176
v -0.832115 0.019829 -0.032835 0.78039216 0.52941176 0.50588235
v -0.829425 0.017140 -0.033027 0.71372549 0.49803922 0.47843137
v -0.826736 0.014451 -0.034788 0.67058824 0.47058824 0.45490196
v -0.799846 0.014451 -0.032918 0.69803922 0.45490196 0.44313725
v -0.794468 0.014451 -0.033324 0.70196078 0.44705882 0.41960784
v -0.625058 0.022518 -0.034920 0.87450980 0.85882353 0.88235294
v -0.789090 0.014451 -0.033594 0.69019608 0.46666667 0.43921569
v -0.622369 0.019829 -0.034805 0.87058824 0.85098039 0.87843137
v -0.625058 0.027896 -0.033069 0.87450980 0.85882353 0.87450980
v -0.783712 0.014451 -0.033659 0.68235294 0.47058824 0.42352941
v -0.598167 0.033274 -0.032542 0.92156863 0.90980392 0.92549020
v -0.622369 0.025207 -0.032347 0.85490196 0.83921569 0.85882353
v -0.799862 0.030539 -0.034721 0.90980392 0.64313725 0.58431373
v -0.832115 0.025207 -0.035333 0.82352941 0.60392157 0.57254902
v -0.619680 0.022518 -0.032257 0.83921569 0.81960784 0.84313725
v -0.595478 0.035963 -0.034264 0.92156863 0.90980392 0.92549020
v -0.829425 0.022518 -0.032127 0.84705882 0.58431373 0.54117647
v -0.619680 0.017140 -0.035208 0.86666667 0.84705882 0.86666667
v -0.794479 0.030554 -0.033097 0.91764706 0.65490196 0.60392157
v -0.826736 0.025207 -0.033694 0.85882353 0.59215686 0.55294118
v -0.616991 0.019829 -0.032217 0.82745098 0.80784314 0.82745098
v -0.821358 0.025207 -0.032444 0.85882353 0.60000000 0.54901961
v -0.614302 0.017140 -0.032331 0.81176471 0.79607843 0.81176471
v -0.789090 0.030585 -0.032512 0.89019608 0.63137255 0.57254902
v -0.824047 0.017140 -0.031611 0.70980392 0.47058824 0.45490196
v -0.611613 0.014451 -0.033222 0.80392157 0.78039216 0.80000000
v -0.821358 0.014451 -0.033451 0.69803922 0.45490196 0.44705882
v -0.783712 0.030585 -0.032425 0.89019608 0.62745098 0.57254902
v -0.608924 0.011762 -0.033757 0.80392157 0.78039216 0.79607843
v -0.606235 0.009073 -0.035051 0.80000000 0.78039216 0.79607843
v -0.815980 0.014451 -0.033135 0.71764706 0.47843137 0.47058824
v -0.627747 0.030585 -0.035146 0.87058824 0.85490196 0.87450980
v -0.778334 0.030585 -0.032796 0.90196078 0.64313725 0.58431373
v -0.625058 0.033274 -0.033417 0.89803922 0.88235294 0.89803922
v -0.815980 0.025207 -0.031585 0.85490196 0.58039216 0.53725490
v -0.622369 0.035963 -0.032344 0.91372549 0.90196078 0.92156863
v -0.778333 0.014451 -0.034574 0.68627451 0.46274510 0.41960784
v -0.622369 0.041341 -0.035171 0.92549020 0.91764706 0.92941176
v -0.619680 0.038652 -0.031818 0.89411765 0.88235294 0.89803922
v -0.616991 0.041341 -0.033537 0.90196078 0.89411765 0.90196078
v -0.775644 0.017140 -0.031573 0.70588235 0.47843137 0.44705882
v -0.662707 0.022510 -0.032866 0.92941176 0.92549020 0.94117647
v -0.665396 0.014442 -0.031783 0.90588235 0.89411765 0.90196078
v -0.611613 0.041341 -0.033359 0.94117647 0.92941176 0.94117647
v -0.603564 0.011695 -0.031707 0.81568627 0.80000000 0.81568627
v -0.662705 0.017138 -0.032536 0.90980392 0.90588235 0.92156863
v -0.662709 0.011747 -0.035199 0.88627451 0.87843137 0.89411765
v -0.608924 0.038652 -0.032311 0.93725490 0.92941176 0.93725490
v -0.660020 0.014437 -0.034810 0.90196078 0.89803922 0.91372549
v -0.660018 0.019819 -0.033956 0.92549020 0.92549020 0.93725490
v -0.657330 0.017128 -0.034583 0.92941176 0.92156863 0.93333333
v -0.606234 0.035963 -0.031652 0.92941176 0.92156863 0.93333333
v -0.654641 0.014437 -0.035241 0.92549020 0.91764706 0.93725490
v -0.606234 0.041341 -0.034662 0.93333333 0.92549020 0.92941176
v -0.810602 0.014451 -0.033099 0.72156863 0.47843137 0.45490196
v -0.665394 0.030585 -0.031764 0.94509804 0.94509804 0.96078431
v -0.662704 0.027896 -0.033191 0.94117647 0.94509804 0.95686275
v -0.813291 0.027896 -0.034758 0.91372549 0.64705882 0.60000000
v -0.603545 0.038652 -0.033860 0.92941176 0.92156863 0.92941176
v -0.807913 0.027896 -0.032955 0.89803922 0.62352941 0.58431373
v -0.600856 0.035963 -0.033288 0.92549020 0.91764706 0.92941176
v -0.654640 0.019820 -0.034848 0.94509804 0.93725490 0.94901961
v -0.802535 0.027896 -0.031833 0.88235294 0.62352941 0.56078431
v -0.651951 0.017130 -0.034981 0.92941176 0.91764706 0.93725490
v -0.805224 0.014451 -0.032866 0.71764706 0.45882353 0.44705882
v -0.649262 0.014440 -0.035178 0.89803922 0.88627451 0.90588235
v -0.649262 0.019821 -0.035159 0.91372549 0.90588235 0.92549020
v -0.646573 0.017131 -0.034996 0.90588235 0.89411765 0.91372549
v -0.646572 0.022511 -0.035328 0.91372549 0.90588235 0.92549020
v -0.643881 0.019829 -0.035247 0.91372549 0.90980392 0.92941176
v 0.629365 0.019903 -0.035136 0.86274510 0.85098039 0.87058824
v 0.659106 0.017058 -0.033614 0.92941176 0.92156863 0.92941176
v 0.632078 0.022569 -0.034675 0.87058824 0.85882353 0.87450980
v 0.626676 0.022592 -0.033424 0.89411765 0.88235294 0.90196078
v 0.656388 0.019776 -0.034541 0.94117647 0.92941176 0.94117647
v 0.629387 0.025260 -0.033241 0.89411765 0.88627451 0.90196078
v 0.634763 0.025262 -0.034631 0.87450980 0.86666667 0.88235294
v 0.632076 0.027949 -0.033557 0.90196078 0.89411765 0.90980392
v 0.623987 0.025281 -0.032174 0.90588235 0.89411765 0.90980392
v 0.626676 0.027970 -0.032185 0.91372549 0.90196078 0.91372549
v 0.629365 0.030659 -0.032916 0.90980392 0.90196078 0.91764706
v 0.659051 0.022491 -0.031574 0.92941176 0.92549020 0.92941176
v 0.637456 0.027948 -0.034845 0.88627451 0.87450980 0.89411765
v 0.634764 0.030639 -0.034216 0.90196078 0.89411765 0.91372549
v 0.632054 0.033348 -0.034305 0.90980392 0.89803922 0.91764706
v 0.653698 0.022467 -0.034805 0.92156863 0.90980392 0.92156863
v 0.623987 0.030659 -0.031608 0.91764706 0.90980392 0.92156863
v 0.656336 0.025205 -0.032610 0.94509804 0.92941176 0.94509804
v 0.626676 0.033348 -0.032607 0.91372549 0.90588235 0.91764706
v 0.623987 0.036037 -0.032539 0.92156863 0.90980392 0.92549020
v 0.629386 0.036018 -0.034129 0.90980392 0.90196078 0.91764706
v 0.626697 0.038707 -0.034460 0.92549020 0.91372549 0.92941176
v 0.621298 0.038726 -0.033100 0.91764706 0.90980392 0.92156863
v 0.650992 0.025173 -0.035331 0.88235294 0.86666667 0.88235294
v 0.618609 0.041415 -0.034719 0.92549020 0.91764706 0.92941176
v 0.605164 0.044104 -0.031796 0.91372549 0.90588235 0.92156863
v 0.602474 0.046793 -0.034383 0.91372549 0.90588235 0.91764706
v 0.613231 0.041415 -0.033086 0.92549020 0.91764706 0.92941176
v 0.653635 0.027905 -0.033557 0.90196078 0.89019608 0.90588235
v 0.610542 0.044104 -0.034539 0.92941176 0.92156863 0.93333333
v 0.653597 0.033320 -0.035061 0.89411765 0.88235294 0.89803922
v 0.656279 0.036015 -0.034839 0.91764706 0.90980392 0.92156863
v 0.597097 0.046793 -0.032344 0.93725490 0.92549020 0.93725490
v 0.613231 0.014525 -0.035212 0.87058824 0.85882353 0.88235294
v 0.602475 0.014525 -0.034829 0.87058824 0.85882353 0.88235294
v 0.607853 0.014525 -0.035044 0.87843137 0.86666667 0.88627451
v 0.610542 0.017214 -0.033810 0.87450980 0.86274510 0.88627451
v 0.605164 0.017214 -0.033710 0.87450980 0.86274510 0.88627451
v 0.607853 0.019903 -0.032559 0.87843137 0.86666667 0.88627451
v 0.621298 0.017214 -0.034594 0.87450980 0.86274510 0.88627451
v 0.615920 0.017214 -0.034030 0.87058824 0.85882353 0.88235294
v 0.618609 0.019903 -0.033011 0.87450980 0.86274510 0.88235294
v 0.623987 0.019903 -0.033857 0.89019608 0.87843137 0.90196078
v 0.621298 0.022592 -0.032386 0.89803922 0.88627451 0.90980392
v 0.613231 0.019903 -0.032785 0.87058824 0.86274510 0.88235294
v 0.615920 0.022592 -0.031842 0.87843137 0.86666667 0.89019608
v 0.610542 0.022592 -0.031719 0.88627451 0.87450980 0.89411765
v 0.599786 0.017212 -0.033597 0.87843137 0.86274510 0.88627451
v 0.597097 0.019901 -0.032510 0.88235294 0.87058824 0.89019608
v 0.602475 0.019901 -0.032563 0.87450980 0.85882353 0.87843137
v 0.788103 0.027719 -0.031624 0.88235294 0.64313725 0.60392157
v 0.785424 0.030382 -0.034742 0.79607843 0.56862745 0.53725490
v 0.780007 0.030506 -0.034029 0.82745098 0.60000000 0.56470588
v 0.809551 0.011786 -0.035350 0.67843137 0.45882353 0.44705882
v 0.804189 0.011797 -0.035095 0.68627451 0.47058824 0.43529412
v 0.806891 0.014472 -0.031837 0.72156863 0.46274510 0.43921569
v 0.806902 0.025223 -0.031812 0.82745098 0.58431373 0.53725490
v 0.804330 0.027802 -0.035302 0.65490196 0.52156863 0.50196078
v 0.798878 0.027804 -0.032928 0.81568627 0.61568627 0.55686275
v 0.828354 0.014525 -0.035034 0.74901961 0.47843137 0.46274510
v 0.814912 0.011828 -0.034681 0.68235294 0.46666667 0.44313725
v 0.817598 0.014525 -0.031904 0.72549020 0.46666667 0.43529412
v 0.822976 0.014525 -0.032604 0.74901961 0.48235294 0.46666667
v 0.825665 0.017214 -0.031774 0.78039216 0.50196078 0.48235294
v 0.831044 0.017214 -0.034234 0.76862745 0.47450980 0.45098039
v 0.828354 0.019903 -0.031882 0.80784314 0.53333333 0.50196078
v 0.831044 0.022592 -0.033844 0.81960784 0.57254902 0.50196078
v 0.825668 0.022589 -0.032096 0.85098039 0.62352941 0.59215686
v 0.812234 0.014506 -0.031965 0.73725490 0.47058824 0.45098039
v 0.817645 0.025233 -0.033549 0.73333333 0.58823529 0.54509804
v 0.812290 0.025212 -0.032406 0.76862745 0.59215686 0.55686275
v 0.822986 0.025271 -0.035174 0.80392157 0.59215686 0.55294118
v 0.785388 0.014467 -0.031796 0.70196078 0.45098039 0.41960784
v 0.780015 0.014462 -0.032014 0.69411765 0.45882353 0.43529412
v 0.774649 0.014449 -0.032656 0.67058824 0.43137255 0.40784314
v 0.790782 0.014452 -0.031634 0.71372549 0.44705882 0.40784314
v 0.793483 0.027736 -0.032061 0.88235294 0.64705882 0.59607843
v 0.777319 0.027821 -0.031970 0.91372549 0.65882353 0.60392157
v -0.669059 0.021541 -0.027764 0.91764706 0.90980392 0.91764706
v -0.669498 0.023933 -0.027764 0.91764706 0.90980392 0.92156863
v -0.614925 0.027273 -0.027764 0.85490196 0.83921569 0.85098039
v -0.668362 0.017412 -0.027764 0.90980392 0.90196078 0.90980392
v -0.614949 0.028543 -0.027764 0.86666667 0.85098039 0.86274510
v -0.670102 0.025877 -0.027764 0.91372549 0.90588235 0.92156863
v -0.612813 0.024007 -0.027764 0.83921569 0.82352941 0.83529412
v -0.610713 0.020729 -0.027764 0.82745098 0.81176471 0.82352941
v -0.612179 0.030019 -0.027764 0.90196078 0.88627451 0.89803922
v -0.610656 0.029629 -0.027764 0.90980392 0.89411765 0.90980392
v -0.608040 0.028780 -0.027764 0.91764706 0.90196078 0.91372549
v -0.603979 0.027462 -0.027764 0.91764706 0.90588235 0.91764706
v -0.607764 0.018300 -0.027764 0.83529412 0.81568627 0.83137255
v -0.604145 0.017740 -0.027764 0.85490196 0.83529412 0.85490196
v -0.602747 0.017893 -0.027764 0.86274510 0.84313725 0.86274510
v -0.601308 0.024755 -0.027764 0.90588235 0.89411765 0.90980392
v -0.599872 0.024147 -0.027764 0.90588235 0.89019608 0.90980392
v 0.603528 0.034984 -0.027764 0.90588235 0.89019608 0.90980392
v 0.599793 0.033354 -0.027764 0.89411765 0.88627451 0.90196078
v 0.608290 0.035600 -0.027764 0.90588235 0.89803922 0.91372549
v 0.607836 0.036020 -0.027764 0.90588235 0.89803922 0.91372549
v 0.608048 0.036233 -0.027764 0.91372549 0.90588235 0.92156863
v 0.606105 0.037785 -0.027764 0.90588235 0.89803922 0.91372549
v 0.603407 0.036970 -0.027764 0.90196078 0.89019608 0.90980392
v 0.594917 0.032837 -0.027764 0.90196078 0.89411765 0.90980392
v 0.599783 0.033350 -0.027764 0.89411765 0.88627451 0.90196078
v 0.598707 0.039804 -0.027764 0.92156863 0.90980392 0.92549020
v 0.596376 0.040693 -0.027764 0.93333333 0.92549020 0.93725490
v 0.600621 0.039562 -0.027764 0.91372549 0.90196078 0.91764706
v 0.592921 0.042615 -0.027764 0.93725490 0.92941176 0.94117647
v -0.797157 0.017140 -0.030564 0.72941176 0.47843137 0.45490196
v -0.802535 0.022518 -0.029619 0.82745098 0.56078431 0.52156863
v -0.799846 0.019829 -0.029514 0.78431373 0.52941176 0.50196078
v -0.826736 0.019829 -0.031125 0.78039216 0.53725490 0.50588235
v -0.824047 0.022518 -0.030994 0.80392157 0.54901961 0.51764706
v -0.821358 0.019829 -0.030413 0.77254902 0.52156863 0.49411765
v -0.622369 0.030585 -0.030795 0.88235294 0.86666667 0.88235294
v -0.818669 0.017140 -0.030909 0.74901961 0.50196078 0.49019608
v -0.619680 0.033274 -0.029636 0.87450980 0.85882353 0.87450980
v -0.818669 0.022518 -0.030373 0.81568627 0.56078431 0.51764706
v -0.815980 0.019829 -0.030270 0.80000000 0.54509804 0.51764706
v -0.616991 0.035963 -0.029768 0.88627451 0.87450980 0.89019608
v -0.799846 0.025207 -0.029718 0.85882353 0.59215686 0.54509804
v -0.813291 0.022518 -0.030186 0.81568627 0.55294118 0.52549020
v -0.614302 0.038652 -0.031372 0.92156863 0.90980392 0.92156863
v -0.813291 0.017140 -0.031045 0.76078431 0.52156863 0.49803922
v -0.797157 0.022518 -0.029140 0.81960784 0.55294118 0.52156863
v -0.810602 0.019829 -0.030178 0.78823529 0.53725490 0.50980392
v -0.619680 0.027896 -0.029792 0.85098039 0.83529412 0.84705882
v -0.794468 0.019829 -0.029579 0.76470588 0.50980392 0.47450980
v -0.616991 0.025207 -0.029175 0.83529412 0.81960784 0.83137255
v -0.807913 0.017140 -0.031142 0.75294118 0.49019608 0.47843137
v -0.797157 0.027896 -0.031001 0.87058824 0.61568627 0.56078431
v -0.616991 0.030585 -0.028392 0.86274510 0.84705882 0.86274510
v -0.794468 0.025207 -0.029540 0.84313725 0.57647059 0.52941176
v -0.614302 0.022518 -0.029445 0.82745098 0.81176471 0.82352941
v -0.611613 0.019829 -0.028898 0.81960784 0.80000000 0.81568627
v -0.791779 0.022518 -0.028917 0.80392157 0.54901961 0.50196078
v -0.614302 0.033274 -0.028667 0.90196078 0.89019608 0.90588235
v -0.810602 0.025207 -0.031181 0.86666667 0.59607843 0.56862745
v -0.791779 0.017140 -0.030704 0.72549020 0.47843137 0.44313725
v -0.807913 0.022518 -0.029980 0.82745098 0.56078431 0.52941176
v -0.805224 0.019829 -0.029851 0.78039216 0.52156863 0.49411765
v -0.805224 0.025207 -0.030625 0.85882353 0.60000000 0.55294118
v -0.789090 0.019829 -0.029585 0.75294118 0.50980392 0.47058824
v -0.802535 0.017140 -0.030927 0.73333333 0.48235294 0.47058824
v -0.786401 0.017140 -0.030870 0.72549020 0.49803922 0.45882353
v -0.791779 0.027896 -0.030406 0.87058824 0.61176471 0.55294118
v -0.611613 0.030585 -0.027992 0.90980392 0.89411765 0.90588235
v -0.789090 0.025207 -0.029411 0.84313725 0.58431373 0.53333333
v -0.611613 0.035963 -0.030173 0.92941176 0.91764706 0.92941176
v -0.786401 0.027896 -0.030247 0.86666667 0.60392157 0.55294118
v -0.786401 0.022518 -0.029038 0.80392157 0.54509804 0.50588235
v -0.783712 0.019829 -0.029650 0.76078431 0.51372549 0.47843137
v -0.608924 0.033274 -0.029577 0.92941176 0.91764706 0.92549020
v -0.783712 0.025207 -0.029436 0.85490196 0.58431373 0.54509804
v -0.781023 0.022518 -0.029176 0.80392157 0.54117647 0.50980392
v -0.781023 0.027896 -0.030578 0.87058824 0.61176471 0.56470588
v -0.606235 0.030585 -0.028858 0.92549020 0.90980392 0.92549020
v -0.778334 0.025207 -0.029949 0.84313725 0.59215686 0.54117647
v -0.603545 0.027896 -0.028058 0.91764706 0.90588235 0.91764706
v -0.608924 0.017140 -0.029316 0.81960784 0.80000000 0.81960784
v -0.775644 0.027896 -0.030910 0.87450980 0.62352941 0.56862745
v -0.606251 0.014392 -0.030532 0.82352941 0.80000000 0.81960784
v -0.781023 0.017140 -0.030957 0.72941176 0.49411765 0.45490196
v -0.778334 0.019829 -0.030226 0.75294118 0.50196078 0.47058824
v -0.668083 0.022518 -0.028782 0.91764706 0.91372549 0.92549020
v -0.603563 0.017077 -0.028179 0.85490196 0.83529412 0.85490196
v -0.668084 0.017134 -0.028040 0.90980392 0.90588235 0.90980392
v -0.600856 0.025207 -0.028041 0.90980392 0.89803922 0.91372549
v -0.665396 0.019822 -0.030637 0.91764706 0.91372549 0.92549020
v -0.668083 0.027896 -0.029918 0.92941176 0.92941176 0.94509804
v -0.603545 0.033274 -0.030979 0.92549020 0.91764706 0.92941176
v -0.665394 0.025207 -0.031263 0.93333333 0.92941176 0.94509804
v -0.600856 0.030585 -0.030418 0.92156863 0.90588235 0.92549020
v -0.598184 0.027844 -0.029376 0.91764706 0.90196078 0.92156863
v 0.661756 0.019786 -0.030453 0.93725490 0.92941176 0.93725490
v 0.613231 0.025281 -0.031057 0.88627451 0.87450980 0.89803922
v 0.618609 0.025281 -0.031350 0.88235294 0.87058824 0.89019608
v 0.621298 0.027970 -0.031096 0.90196078 0.89411765 0.90980392
v 0.615920 0.027970 -0.030603 0.88627451 0.87450980 0.89803922
v 0.618609 0.030659 -0.030366 0.88627451 0.87843137 0.89411765
v 0.605164 0.022592 -0.031498 0.87450980 0.86274510 0.88235294
v 0.599786 0.022590 -0.031446 0.87843137 0.86666667 0.88627451
v 0.602475 0.025279 -0.030441 0.87843137 0.86666667 0.88627451
v 0.597097 0.025279 -0.030373 0.88627451 0.87843137 0.89411765
v 0.621298 0.033348 -0.030676 0.90196078 0.89411765 0.90588235
v 0.615920 0.033348 -0.029543 0.90196078 0.89411765 0.90980392
v 0.618609 0.036037 -0.030393 0.90196078 0.89019608 0.90980392
v 0.599786 0.027968 -0.029430 0.88235294 0.87058824 0.89019608
v 0.613231 0.036037 -0.029103 0.90980392 0.90588235 0.91764706
v 0.615920 0.038726 -0.031282 0.92156863 0.91372549 0.92549020
v 0.597097 0.030657 -0.028487 0.89019608 0.87843137 0.89803922
v 0.607853 0.025281 -0.030711 0.87843137 0.87058824 0.89019608
v 0.610542 0.038726 -0.029576 0.92156863 0.91372549 0.92549020
v 0.610542 0.027970 -0.030233 0.88627451 0.87843137 0.89803922
v 0.605164 0.027970 -0.029782 0.87843137 0.87058824 0.88627451
v 0.607853 0.030659 -0.028894 0.89019608 0.87843137 0.89803922
v 0.607853 0.041415 -0.030479 0.91764706 0.90980392 0.92549020
v 0.613231 0.030659 -0.029435 0.90196078 0.88627451 0.90588235
v 0.610542 0.033348 -0.028503 0.89803922 0.88627451 0.90588235
v 0.602475 0.030659 -0.028662 0.88627451 0.87843137 0.89411765
v 0.605164 0.033348 -0.028018 0.89411765 0.88235294 0.90196078
v 0.599786 0.033346 -0.027765 0.89411765 0.88627451 0.90196078
v 0.597096 0.041415 -0.028293 0.93333333 0.92549020 0.93725490
v 0.605164 0.038726 -0.028181 0.90980392 0.89803922 0.91372549
v 0.602475 0.041415 -0.028636 0.91372549 0.90588235 0.92156863
v 0.599786 0.044104 -0.030661 0.92549020 0.91764706 0.92941176
v 0.594407 0.044104 -0.029198 0.93725490 0.92941176 0.94117647
v 0.796164 0.014448 -0.031353 0.73333333 0.47450980 0.44705882
v 0.785424 0.025079 -0.029962 0.91372549 0.65098039 0.59215686
v 0.801523 0.014467 -0.031536 0.73725490 0.46666667 0.43921569
v 0.804204 0.017164 -0.030173 0.75294118 0.47058824 0.43921569
v 0.782719 0.027785 -0.031428 0.89411765 0.64313725 0.60784314
v 0.798822 0.017168 -0.029996 0.77647059 0.50980392 0.47058824
v 0.801485 0.019882 -0.029632 0.81176471 0.53333333 0.48627451
v 0.820287 0.017214 -0.030898 0.78823529 0.51764706 0.49019608
v 0.804188 0.022558 -0.029925 0.86274510 0.58431373 0.53333333
v 0.798820 0.022530 -0.029543 0.88627451 0.62352941 0.56470588
v 0.801497 0.025240 -0.031408 0.86274510 0.63137255 0.58431373
v 0.822979 0.019900 -0.030580 0.82745098 0.56862745 0.53725490
v 0.796157 0.025172 -0.030382 0.89411765 0.65490196 0.60392157
v 0.814911 0.017207 -0.030436 0.79215686 0.49803922 0.48235294
v 0.809551 0.017191 -0.030314 0.79215686 0.50980392 0.48627451
v 0.812229 0.019893 -0.030206 0.85098039 0.58431373 0.54901961
v 0.817602 0.019896 -0.030150 0.83921569 0.56470588 0.51372549
v 0.820297 0.022580 -0.031297 0.83921569 0.61176471 0.56862745
v 0.814940 0.022558 -0.030667 0.86274510 0.61960784 0.56470588
v 0.806849 0.019896 -0.030009 0.81568627 0.52941176 0.49411765
v 0.809563 0.022560 -0.030392 0.87450980 0.60784314 0.55686275
v 0.782749 0.017092 -0.030168 0.75686275 0.50196078 0.46666667
v 0.777339 0.017129 -0.030799 0.72941176 0.47450980 0.44313725
v 0.780045 0.019797 -0.029554 0.80392157 0.54117647 0.50980392
v 0.793517 0.017097 -0.029856 0.77254902 0.50588235 0.47450980
v 0.788144 0.017076 -0.029943 0.77254902 0.49019608 0.45490196
v 0.790834 0.019750 -0.029238 0.84313725 0.54901961 0.51764706
v 0.796152 0.019820 -0.029136 0.84313725 0.57647059 0.53333333
v 0.793471 0.022469 -0.029309 0.89019608 0.61568627 0.57254902
v 0.785468 0.019747 -0.029351 0.83137255 0.57254902 0.50980392
v 0.788125 0.022402 -0.029199 0.88235294 0.61176471 0.56470588
v 0.782737 0.022442 -0.029328 0.86274510 0.60392157 0.54901961
v 0.790806 0.025079 -0.030004 0.89019608 0.63921569 0.59215686
v 0.777325 0.022498 -0.029788 0.86666667 0.57254902 0.53725490
v 0.780003 0.025181 -0.030256 0.90588235 0.62745098 0.58823529
v 0.774623 0.025159 -0.030564 0.91372549 0.63137255 0.57647059
v -0.741878 0.018637 -0.027764 0.84705882 0.58823529 0.53725490
v -0.698848 -0.002869 -0.027764 0.82352941 0.62745098 0.56862745
v -0.743163 0.027683 -0.027764 0.93333333 0.69019608 0.61960784
v -0.691570 -0.002398 -0.027764 0.82745098 0.64705882 0.58431373
v -0.736046 0.031322 -0.027764 0.95294118 0.70980392 0.64705882
v -0.686392 -0.001170 -0.027764 0.82745098 0.63529412 0.54901961
v -0.735326 0.014433 -0.027764 0.87450980 0.62745098 0.57254902
v -0.683208 -0.000003 -0.027764 0.83529412 0.69019608 0.65098039
v -0.729242 0.009761 -0.027764 0.83137255 0.59215686 0.53725490
v -0.728423 0.034456 -0.027764 0.94117647 0.70588235 0.63137255
v -0.676594 0.004139 -0.027764 0.86274510 0.84313725 0.86666667
v -0.671455 0.009756 -0.027764 0.88235294 0.86666667 0.87843137
v -0.724758 0.035758 -0.027764 0.94117647 0.71372549 0.62745098
v -0.668383 0.016836 -0.027764 0.90980392 0.90196078 0.90588235
v -0.720268 0.037057 -0.027764 0.94901961 0.71372549 0.64705882
v 0.666518 0.013648 -0.027764 0.96470588 0.95294118 0.96078431
v -0.722830 0.005417 -0.027764 0.82352941 0.58431373 0.53333333
v 0.665915 0.015611 -0.027764 0.95686275 0.94509804 0.95294118
v 0.696902 -0.004614 -0.027764 0.83529412 0.74509804 0.74117647
v -0.718585 0.003105 -0.027764 0.81960784 0.58039216 0.53333333
v 0.667191 0.025103 -0.027764 0.94901961 0.94509804 0.95294118
v 0.691346 -0.004481 -0.027764 0.84705882 0.80000000 0.80784314
v 0.726843 0.008432 -0.027764 0.86666667 0.62352941 0.56862745
v 0.684479 -0.003005 -0.027764 0.86666667 0.84313725 0.85490196
v 0.722575 0.005504 -0.027764 0.85490196 0.63137255 0.58039216
v 0.682679 -0.002397 -0.027764 0.87058824 0.86274510 0.88627451
v -0.715766 0.001725 -0.027764 0.81568627 0.59215686 0.54117647
v 0.705883 -0.002835 -0.027764 0.84313725 0.68627451 0.65882353
v 0.675540 0.001238 -0.027764 0.89803922 0.89019608 0.90196078
v -0.708004 -0.001269 -0.027764 0.81960784 0.60392157 0.55294118
v 0.702615 -0.003747 -0.027764 0.84313725 0.71372549 0.69803922
v -0.702130 -0.002594 -0.027764 0.81960784 0.61176471 0.55686275
v 0.713537 0.000260 -0.027764 0.84313725 0.65882353 0.62352941
v 0.670215 0.006648 -0.027764 0.94509804 0.93725490 0.94509804
v 0.720441 0.004105 -0.027764 0.84705882 0.64705882 0.60392157
v -0.711189 0.038734 -0.027764 0.91764706 0.70196078 0.62745098
v 0.732943 0.013039 -0.027764 0.89019608 0.62745098 0.56470588
v -0.711008 0.038751 -0.027764 0.92156863 0.69019608 0.61568627
v 0.739242 0.017435 -0.027764 0.88627451 0.60000000 0.55686275
v -0.700625 0.038926 -0.027764 0.89411765 0.68235294 0.60784314
v 0.742259 0.024831 -0.027764 0.92156863 0.63529412 0.57647059
v 0.735533 0.028852 -0.027764 0.94117647 0.70196078 0.63137255
v -0.700098 0.038905 -0.027764 0.88627451 0.68235294 0.60784314
v 0.727966 0.032109 -0.027764 0.95294118 0.72549020 0.64313725
v -0.690601 0.037646 -0.027764 0.81176471 0.68627451 0.66666667
v -0.688093 0.037150 -0.027764 0.85098039 0.75686275 0.75294118
v -0.682199 0.035292 -0.027764 0.91764706 0.89019608 0.89803922
v -0.675095 0.031640 -0.027764 0.94509804 0.94117647 0.95294118
v 0.697847 0.037444 -0.027764 0.79607843 0.71372549 0.70196078
v 0.689491 0.036603 -0.027764 0.88235294 0.85882353 0.86666667
v 0.722581 0.034123 -0.027764 0.95294118 0.72156863 0.64313725
v 0.719976 0.034942 -0.027764 0.92941176 0.70980392 0.62745098
v 0.711034 0.036730 -0.027764 0.87843137 0.65882353 0.57254902
v 0.708957 0.037012 -0.027764 0.85098039 0.65098039 0.57647059
v 0.701222 0.037620 -0.027764 0.80784314 0.69019608 0.66666667
v 0.667688 0.025884 -0.027764 0.94901961 0.94901961 0.95294118
v 0.679744 0.034075 -0.027764 0.94117647 0.94117647 0.95686275
v 0.673168 0.031232 -0.027764 0.93725490 0.93333333 0.94117647
v 0.672344 0.030711 -0.027764 0.94117647 0.93725490 0.94117647
v 0.688128 0.036415 -0.027764 0.91764706 0.89411765 0.90196078
v -0.770268 0.022512 -0.029358 0.81568627 0.56862745 0.52549020
v -0.764892 0.027884 -0.030376 0.86666667 0.61176471 0.55686275
v -0.764890 0.017134 -0.030980 0.72549020 0.48627451 0.46274510
v -0.759516 0.022502 -0.029131 0.83529412 0.59215686 0.54509804
v -0.759513 0.033267 -0.034389 0.92549020 0.70196078 0.61960784
v -0.754136 0.027885 -0.029501 0.89803922 0.64313725 0.58823529
v -0.754134 0.017134 -0.030300 0.78039216 0.54117647 0.49019608
v -0.748754 0.011762 -0.035014 0.80392157 0.59607843 0.53725490
v -0.748756 0.022512 -0.028061 0.87843137 0.63137255 0.58039216
v -0.743376 0.017140 -0.028790 0.82745098 0.57254902 0.52549020
v 0.667042 0.025252 -0.027884 0.94901961 0.94509804 0.95294118
v -0.737998 0.011762 -0.032425 0.81176471 0.57647059 0.52549020
v 0.661673 0.030622 -0.031301 0.93333333 0.92941176 0.93725490
v -0.748756 0.033269 -0.032254 0.92549020 0.69019608 0.61960784
v 0.704683 -0.001635 -0.033549 0.84705882 0.70196078 0.67843137
v -0.743376 0.027896 -0.027873 0.93333333 0.69019608 0.61960784
v -0.737998 0.033274 -0.029765 0.94509804 0.70980392 0.63137255
v 0.763951 0.014345 -0.032970 0.72549020 0.47450980 0.42745098
v -0.732620 0.038652 -0.034722 0.94117647 0.73333333 0.66274510
v 0.753138 0.014274 -0.032450 0.75294118 0.46274510 0.43137255
v 0.758520 0.019689 -0.030135 0.84313725 0.55294118 0.49019608
v -0.721864 0.038652 -0.030941 0.93333333 0.71372549 0.63921569
v 0.769267 0.019804 -0.030049 0.79607843 0.51764706 0.47450980
v 0.742371 0.014309 -0.030363 0.80784314 0.53333333 0.48627451
v 0.763901 0.025058 -0.030318 0.89803922 0.61960784 0.55686275
v -0.689595 0.038652 -0.029461 0.85490196 0.76862745 0.76078431
v 0.747769 0.019630 -0.028870 0.85490196 0.54901961 0.50196078
v 0.769323 0.030281 -0.034296 0.87058824 0.65098039 0.60784314
v 0.753171 0.024945 -0.029628 0.90980392 0.63921569 0.58823529
v -0.678839 0.038652 -0.032218 0.96862745 0.96470588 0.97647059
v 0.742404 0.024975 -0.027819 0.91764706 0.63137255 0.57254902
v -0.673461 0.033274 -0.029513 0.94509804 0.94117647 0.95294118
v 0.747817 0.030261 -0.031422 0.94901961 0.69019608 0.61176471
v -0.668083 0.038652 -0.034748 0.95686275 0.95686275 0.96470588
v 0.737033 0.030341 -0.029119 0.95294118 0.69411765 0.62745098
v 0.731653 0.035734 -0.033082 0.89019608 0.67058824 0.61568627
v 0.694106 0.041196 -0.034922 0.92549020 0.91764706 0.92941176
v 0.720877 0.035833 -0.029427 0.91764706 0.69019608 0.61176471
v 0.758607 0.030161 -0.033307 0.93725490 0.69803922 0.63137255
v 0.677923 0.035895 -0.030106 0.95294118 0.95294118 0.96470588
v 0.667035 0.036015 -0.032814 0.94901961 0.94117647 0.95294118
v -0.614302 0.027896 -0.027597 0.86666667 0.85098039 0.86274510
v -0.611613 0.025207 -0.027017 0.86666667 0.85098039 0.86274510
v -0.608924 0.022518 -0.026473 0.85882353 0.84313725 0.85882353
v -0.608923 0.027896 -0.027333 0.90980392 0.89411765 0.90980392
v -0.606234 0.025207 -0.026732 0.90588235 0.89019608 0.90588235
v -0.606235 0.019829 -0.026688 0.85882353 0.83921569 0.85490196
v -0.603545 0.022518 -0.026709 0.89411765 0.87843137 0.89803922
v -0.600875 0.019765 -0.027207 0.87843137 0.85882353 0.88235294
v 0.602475 0.036037 -0.027656 0.90196078 0.89411765 0.90980392
v 0.607853 0.036037 -0.027712 0.90980392 0.89803922 0.91372549
v 0.599786 0.038726 -0.027542 0.91372549 0.90196078 0.91764706
v 0.597097 0.036035 -0.027071 0.90980392 0.90588235 0.91764706
v -0.727589 0.022171 -0.020158 0.92941176 0.67058824 0.60784314
v -0.716108 0.032897 -0.020158 0.94509804 0.68627451 0.61960784
v -0.727449 0.022725 -0.020158 0.92549020 0.67843137 0.61176471
v -0.727109 0.011894 -0.020158 0.87058824 0.57647059 0.53725490
v -0.706603 0.034147 -0.020158 0.92156863 0.68627451 0.60000000
v -0.723014 0.029047 -0.020158 0.93725490 0.69019608 0.61568627
v -0.704862 0.034142 -0.020158 0.92156863 0.68235294 0.59607843
v -0.717313 0.032447 -0.020158 0.94509804 0.68627451 0.62352941
v -0.722640 0.005608 -0.020158 0.82745098 0.56862745 0.52941176
v -0.726839 0.011359 -0.020158 0.85098039 0.56862745 0.53333333
v -0.695218 0.033029 -0.020158 0.81960784 0.61568627 0.54117647
v -0.694528 0.032829 -0.020158 0.87843137 0.65490196 0.57647059
v 0.706738 -0.003691 -0.020158 0.84313725 0.65882353 0.62352941
v -0.716538 0.000953 -0.020158 0.81176471 0.56470588 0.52156863
v -0.687604 0.029887 -0.020158 0.89019608 0.69411765 0.63137255
v 0.702014 -0.004501 -0.020158 0.83921569 0.69019608 0.66666667
v -0.716310 0.000830 -0.020158 0.81176471 0.57647059 0.52941176
v -0.681752 0.024982 -0.020158 0.88627451 0.77647059 0.73725490
v 0.714419 -0.000618 -0.020158 0.83921569 0.62745098 0.58431373
v -0.708824 -0.002089 -0.020158 0.81960784 0.59607843 0.54117647
v -0.677962 0.018017 -0.020158 0.90588235 0.85098039 0.83137255
v 0.692312 -0.003593 -0.020158 0.83137255 0.80392157 0.80392157
v 0.696554 -0.004267 -0.020158 0.80392157 0.76078431 0.78431373
v -0.701910 -0.002813 -0.020158 0.81960784 0.60392157 0.54901961
v 0.684777 -0.000466 -0.020158 0.90196078 0.89803922 0.91372549
v -0.698389 -0.002410 -0.020158 0.81960784 0.60000000 0.53333333
v 0.678985 0.004624 -0.020158 0.92941176 0.91764706 0.92941176
v -0.692789 -0.001179 -0.020158 0.83529412 0.61176471 0.53725490
v 0.675340 0.011799 -0.020158 0.94117647 0.93333333 0.93725490
v -0.685566 0.002355 -0.020158 0.83921569 0.65882353 0.59215686
v 0.675532 0.016679 -0.020158 0.94117647 0.93725490 0.93725490
v -0.680389 0.007934 -0.020158 0.87058824 0.75686275 0.73725490
v 0.720421 0.004133 -0.020158 0.84313725 0.61568627 0.56862745
v -0.677681 0.015982 -0.020158 0.89411765 0.79607843 0.77254902
v 0.724868 0.010440 -0.020158 0.83921569 0.54901961 0.48235294
v 0.725818 0.019467 -0.020158 0.87450980 0.58431373 0.51764706
v 0.725449 0.020572 -0.020158 0.87843137 0.59215686 0.52156863
v 0.722139 0.026440 -0.020158 0.92549020 0.65098039 0.57254902
v 0.679262 0.023720 -0.020158 0.93333333 0.92941176 0.93333333
v 0.685239 0.028514 -0.020158 0.89411765 0.84705882 0.83529412
v 0.702620 0.032573 -0.020158 0.71764706 0.57647059 0.52549020
v 0.695812 0.032169 -0.020158 0.76862745 0.63921569 0.60392157
v 0.692924 0.031574 -0.020158 0.85490196 0.71764706 0.66666667
v 0.715726 0.030198 -0.020158 0.91764706 0.67450980 0.58039216
v 0.715362 0.030308 -0.020158 0.91372549 0.67058824 0.57647059
v 0.706712 0.032385 -0.020158 0.71764706 0.56078431 0.49411765
v -0.737998 0.022518 -0.025711 0.91372549 0.65882353 0.60000000
v -0.716485 0.033274 -0.020949 0.94117647 0.68627451 0.62352941
v -0.732620 0.027896 -0.024617 0.93333333 0.69803922 0.64313725
v -0.732620 0.017140 -0.024306 0.87843137 0.62352941 0.56078431
v -0.711107 0.038652 -0.027599 0.91764706 0.69411765 0.61960784
v -0.727242 0.011762 -0.020779 0.85882353 0.59607843 0.54901961
v -0.700351 0.038652 -0.027295 0.88627451 0.68627451 0.61176471
v -0.727242 0.033274 -0.026141 0.93333333 0.70196078 0.62352941
v -0.694973 0.033274 -0.020574 0.82352941 0.61960784 0.54509804
v -0.716486 0.001006 -0.020705 0.81960784 0.58039216 0.53333333
v -0.684217 0.033274 -0.024867 0.86274510 0.77254902 0.76470588
v -0.678839 0.027896 -0.023443 0.94509804 0.92156863 0.91764706
v -0.673461 0.022518 -0.024422 0.89411765 0.86274510 0.86666667
v 0.683313 -0.001842 -0.024839 0.89019608 0.88627451 0.90196078
v 0.667182 0.014338 -0.026890 0.95686275 0.94901961 0.95294118
v 0.672472 0.019788 -0.022916 0.94901961 0.94117647 0.94509804
v 0.677905 0.003529 -0.022129 0.92156863 0.90980392 0.92156863
v -0.684217 0.001005 -0.023867 0.84313725 0.67058824 0.61568627
v 0.672516 0.008927 -0.023609 0.94117647 0.93333333 0.93725490
v -0.678839 0.006384 -0.022752 0.85098039 0.76078431 0.75294118
v -0.673461 0.011762 -0.024508 0.88235294 0.87843137 0.88627451
v 0.726187 0.009093 -0.025845 0.86274510 0.61176471 0.55686275
v 0.731585 0.014406 -0.025933 0.89803922 0.63529412 0.57647059
v 0.737005 0.019655 -0.026333 0.91764706 0.63529412 0.58823529
v 0.726193 0.019832 -0.020659 0.89019608 0.60392157 0.54509804
v 0.731615 0.025075 -0.024711 0.92549020 0.67058824 0.60392157
v 0.726257 0.030400 -0.025623 0.94901961 0.71764706 0.64705882
v 0.677870 0.025144 -0.021652 0.94509804 0.93725490 0.94117647
v 0.683315 0.030477 -0.022789 0.91764706 0.90588235 0.90588235
v 0.699427 0.035826 -0.024823 0.67450980 0.55686275 0.52549020
v 0.688716 0.035825 -0.026799 0.90196078 0.86666667 0.87058824
v 0.715488 0.030436 -0.020406 0.91764706 0.67450980 0.58039216
v 0.710134 0.035832 -0.025988 0.86274510 0.66274510 0.58431373
v 0.672485 0.030570 -0.027606 0.93725490 0.93333333 0.93725490
v -0.711952 0.028741 -0.012553 0.92156863 0.67058824 0.60000000
v -0.709843 0.029160 -0.012553 0.89019608 0.65490196 0.58431373
v -0.727284 0.011717 -0.012553 0.85098039 0.52941176 0.50980392
v -0.727285 0.011802 -0.012553 0.85098039 0.52941176 0.51372549
v -0.700949 0.028494 -0.012553 0.77647059 0.58039216 0.52549020
v -0.700035 0.028212 -0.012553 0.87843137 0.65882353 0.58823529
v -0.724896 0.020169 -0.012553 0.90196078 0.61568627 0.57254902
v -0.692999 0.024492 -0.012553 0.90196078 0.69803922 0.62745098
v -0.719598 0.025631 -0.012553 0.94117647 0.68235294 0.61176471
v -0.689808 0.006597 -0.012553 0.88235294 0.65882353 0.58823529
v -0.687505 0.015049 -0.012553 0.90980392 0.68235294 0.60784314
v -0.688418 0.018317 -0.012553 0.90196078 0.69803922 0.61960784
v 0.691035 0.001200 -0.012553 0.88235294 0.80392157 0.79215686
v 0.688621 0.003395 -0.012553 0.90196078 0.85490196 0.85490196
v 0.687717 0.004455 -0.012553 0.90588235 0.86274510 0.87058824
v 0.722083 0.002466 -0.012553 0.77647059 0.58039216 0.54117647
v 0.715609 -0.001481 -0.012553 0.81960784 0.60392157 0.56078431
v 0.725104 0.008057 -0.012553 0.83137255 0.60784314 0.56862745
v -0.724138 0.004109 -0.012553 0.79215686 0.53725490 0.50588235
v 0.706637 -0.003592 -0.012553 0.85098039 0.63921569 0.59215686
v 0.702978 -0.003603 -0.012553 0.86274510 0.63529412 0.57254902
v -0.717486 0.000005 -0.012553 0.80000000 0.56078431 0.51764706
v 0.715361 -0.001561 -0.012553 0.83529412 0.62352941 0.57647059
v -0.714491 -0.000989 -0.012553 0.80392157 0.57254902 0.52549020
v 0.694702 -0.001338 -0.012553 0.87843137 0.74117647 0.70588235
v -0.708664 -0.001929 -0.012553 0.81960784 0.59215686 0.53725490
v -0.703119 -0.001605 -0.012553 0.82352941 0.59607843 0.54117647
v 0.725368 0.009943 -0.012553 0.83529412 0.54901961 0.47843137
v 0.723612 0.017272 -0.012553 0.87843137 0.60000000 0.51372549
v -0.695363 0.001396 -0.012553 0.84705882 0.62745098 0.56078431
v 0.718620 0.022855 -0.012553 0.89019608 0.61568627 0.52549020
v 0.685165 0.010758 -0.012553 0.94117647 0.89411765 0.89803922
v 0.707732 0.027383 -0.012553 0.69411765 0.54509804 0.49019608
v 0.701638 0.027317 -0.012553 0.75294118 0.60392157 0.56078431
v 0.686213 0.016677 -0.012553 0.87058824 0.77647059 0.74901961
v 0.690828 0.022821 -0.012553 0.93725490 0.76470588 0.70196078
v 0.697954 0.026501 -0.012553 0.86666667 0.71372549 0.67058824
v 0.711580 0.026436 -0.012553 0.65490196 0.50980392 0.46666667
v -0.705729 0.033274 -0.018754 0.91764706 0.67843137 0.60000000
v -0.727242 0.011759 -0.012907 0.85098039 0.53333333 0.51372549
v -0.727242 0.022518 -0.019900 0.94117647 0.67058824 0.61176471
v -0.689595 0.027896 -0.017366 0.90588235 0.69019608 0.61568627
v -0.721863 0.027896 -0.018396 0.93725490 0.68627451 0.61176471
v -0.689595 0.006384 -0.012884 0.88235294 0.65882353 0.58431373
v -0.684217 0.011762 -0.015247 0.88235294 0.67843137 0.61960784
v -0.684217 0.022518 -0.017203 0.89019608 0.69803922 0.65098039
v -0.694973 0.001006 -0.013604 0.85098039 0.63137255 0.55294118
v -0.678839 0.017140 -0.019369 0.90980392 0.82745098 0.80392157
v 0.694121 -0.001871 -0.014192 0.86666667 0.78431373 0.76862745
v 0.683257 0.008836 -0.014337 0.93725490 0.92156863 0.93725490
v 0.677861 0.014320 -0.018085 0.94509804 0.93333333 0.93725490
v 0.720800 0.003750 -0.017345 0.82352941 0.59607843 0.54901961
v 0.720840 0.025134 -0.018263 0.90980392 0.62352941 0.54117647
v 0.704757 0.030408 -0.016935 0.70980392 0.56862745 0.50980392
v 0.683234 0.019655 -0.015728 0.92549020 0.90196078 0.90196078
v 0.688645 0.025049 -0.015497 0.89803922 0.73725490 0.69411765
v 0.694040 0.030402 -0.018470 0.89803922 0.73725490 0.67450980
v -0.733711 0.005291 -0.004947 0.72549020 0.49803922 0.47058824
v -0.735095 0.008851 -0.004947 0.83529412 0.57647059 0.54509804
v -0.727358 0.000889 -0.004947 0.69803922 0.49019608 0.46666667
v -0.727009 0.000772 -0.004947 0.74117647 0.51764706 0.48627451
v -0.731568 0.016058 -0.004947 0.88235294 0.56862745 0.52941176
v -0.725164 0.020427 -0.004947 0.90980392 0.63137255 0.57647059
v -0.717565 0.023597 -0.004947 0.87450980 0.63137255 0.58039216
v -0.714784 0.024219 -0.004947 0.84313725 0.62352941 0.56862745
v -0.718288 -0.000797 -0.004947 0.78431373 0.55294118 0.50980392
v -0.714693 -0.000787 -0.004947 0.80784314 0.58039216 0.52941176
v 0.716068 -0.002266 -0.004947 0.81176471 0.59215686 0.54509804
v 0.732038 0.003279 -0.004947 0.69411765 0.52549020 0.48627451
v -0.705741 0.001017 -0.004947 0.83921569 0.61960784 0.54901961
v 0.714950 -0.002283 -0.004947 0.85098039 0.61960784 0.56470588
v 0.727808 0.000012 -0.004947 0.71764706 0.54509804 0.51372549
v -0.706967 0.023756 -0.004947 0.77647059 0.59607843 0.53333333
v -0.705688 0.001047 -0.004947 0.83921569 0.61960784 0.54901961
v 0.725390 -0.000832 -0.004947 0.77647059 0.56470588 0.52549020
v -0.699547 0.005579 -0.004947 0.88627451 0.66274510 0.59215686
v -0.697262 0.009472 -0.004947 0.90588235 0.67843137 0.61176471
v -0.696996 0.013785 -0.004947 0.90980392 0.69411765 0.62745098
v 0.705458 -0.001325 -0.004947 0.89411765 0.65098039 0.58823529
v 0.703629 -0.000585 -0.004947 0.90196078 0.66274510 0.60000000
v 0.698583 0.002569 -0.004947 0.92156863 0.69019608 0.61960784
v -0.705073 0.023175 -0.004947 0.90196078 0.69019608 0.61568627
v -0.699017 0.018474 -0.004947 0.92156863 0.70588235 0.64313725
v 0.733428 0.005648 -0.004947 0.72156863 0.53333333 0.49803922
v 0.730721 0.013693 -0.004947 0.86274510 0.57647059 0.49803922
v 0.724316 0.017921 -0.004947 0.89803922 0.61960784 0.52941176
v 0.717009 0.021197 -0.004947 0.58039216 0.43529412 0.38431373
v 0.695292 0.007645 -0.004947 0.94509804 0.72156863 0.63921569
v 0.695112 0.009847 -0.004947 0.94117647 0.72549020 0.65098039
v 0.697203 0.016453 -0.004947 0.92549020 0.74117647 0.66666667
v 0.712937 0.022216 -0.004947 0.57647059 0.45098039 0.41176471
v 0.707236 0.022045 -0.004947 0.76078431 0.58823529 0.53333333
v 0.703288 0.021108 -0.004947 0.90588235 0.72549020 0.66666667
v -0.732620 0.006381 -0.006231 0.77254902 0.52941176 0.50196078
v -0.727242 0.001006 -0.005189 0.69803922 0.49019608 0.47058824
v -0.711107 0.027896 -0.010876 0.87843137 0.64313725 0.58431373
v -0.705729 0.001006 -0.004976 0.84705882 0.62745098 0.54901961
v 0.688736 0.003459 -0.012417 0.89411765 0.83921569 0.83529412
v -0.694973 0.011762 -0.006524 0.90980392 0.68627451 0.61568627
v 0.731549 0.003768 -0.005540 0.71372549 0.52941176 0.49019608
v 0.715446 -0.001646 -0.012379 0.83529412 0.61568627 0.56862745
v -0.700351 0.027896 -0.012081 0.89411765 0.67450980 0.60000000
v 0.726175 0.009135 -0.011349 0.83529412 0.59607843 0.54509804
v -0.694973 0.022518 -0.010017 0.91764706 0.70196078 0.61960784
v 0.704869 -0.001825 -0.006420 0.89411765 0.64313725 0.58039216
v -0.689595 0.017140 -0.011349 0.90588235 0.69803922 0.61176471
v 0.694062 0.008850 -0.005831 0.94509804 0.72549020 0.64705882
v 0.688660 0.014240 -0.010162 0.86666667 0.70588235 0.65490196
v 0.694021 0.019582 -0.008712 0.93725490 0.77647059 0.70588235
v 0.710124 0.025006 -0.009432 0.60000000 0.47450980 0.44313725
v 0.699372 0.025037 -0.010535 0.91372549 0.74117647 0.69019608
v -0.746337 0.008725 0.002659 0.76470588 0.50980392 0.47843137
v -0.746265 0.009127 0.002659 0.77254902 0.50980392 0.48235294
v -0.745579 0.004158 0.002659 0.65490196 0.44705882 0.41176471
v -0.744634 0.012753 0.002659 0.89803922 0.61568627 0.59215686
v -0.741696 0.015161 0.002659 0.88627451 0.59607843 0.56078431
v 0.743845 0.002229 0.002659 0.54117647 0.42745098 0.41960784
v 0.744770 0.006234 0.002659 0.54117647 0.40784314 0.39607843
v -0.739965 -0.000962 0.002659 0.74117647 0.54117647 0.53333333
v -0.734705 -0.002288 0.002659 0.73333333 0.52156863 0.49411765
v -0.730733 -0.002486 0.002659 0.73725490 0.51764706 0.48235294
v -0.724754 -0.001482 0.002659 0.72549020 0.51372549 0.47450980
v -0.734144 0.018430 0.002659 0.92549020 0.61176471 0.56470588
v -0.730436 0.019248 0.002659 0.93333333 0.63529412 0.58431373
v -0.724375 0.019589 0.002659 0.90196078 0.63921569 0.59607843
v -0.719723 0.019274 0.002659 0.82352941 0.60784314 0.54901961
v 0.738015 -0.002699 0.002659 0.61568627 0.46666667 0.44313725
v -0.717201 0.001721 0.002659 0.82745098 0.59215686 0.52941176
v -0.711349 0.006626 0.002659 0.88627451 0.66274510 0.60392157
v 0.735028 -0.003529 0.002659 0.67843137 0.50196078 0.47058824
v -0.712353 0.015895 0.002659 0.92941176 0.71372549 0.63137255
v 0.728523 -0.003963 0.002659 0.72156863 0.51372549 0.48235294
v 0.724560 -0.003338 0.002659 0.73333333 0.47843137 0.45098039
v 0.716904 -0.000462 0.002659 0.84313725 0.58431373 0.53725490
v 0.710786 0.003866 0.002659 0.92156863 0.68235294 0.61960784
v 0.710825 0.013659 0.002659 0.94117647 0.73725490 0.67058824
v 0.717974 0.017258 0.002659 0.68235294 0.52156863 0.47843137
v 0.741382 0.013590 0.002659 0.80784314 0.59607843 0.56078431
v 0.733768 0.016702 0.002659 0.87450980 0.60784314 0.52549020
v 0.728305 0.017713 0.002659 0.76470588 0.56862745 0.51372549
v 0.724229 0.017824 0.002659 0.65490196 0.49019608 0.45098039
v -0.743386 0.006350 0.000656 0.69411765 0.47450980 0.44705882
v -0.737998 0.001005 0.000005 0.69803922 0.49019608 0.47058824
v -0.738008 0.011728 -0.002719 0.85098039 0.55294118 0.53333333
v -0.732635 0.017091 -0.002741 0.84705882 0.53725490 0.49803922
v -0.716487 0.022513 -0.002620 0.83921569 0.61960784 0.56078431
v 0.736936 -0.001619 0.001067 0.54901961 0.49411765 0.47843137
v 0.726184 -0.001624 -0.003457 0.75294118 0.53333333 0.49803922
v -0.716486 0.001006 0.000952 0.81960784 0.58039216 0.52549020
v -0.711107 0.006384 0.002432 0.88627451 0.65882353 0.60000000
v 0.742305 0.003768 0.001015 0.53725490 0.43137255 0.43529412
v 0.715565 -0.001763 -0.001936 0.82352941 0.56862745 0.52156863
v -0.711107 0.017140 0.001558 0.90588235 0.69803922 0.61568627
v 0.710346 0.003448 0.002201 0.92156863 0.67843137 0.60784314
v -0.705729 0.011762 0.000798 0.91372549 0.69411765 0.61176471
v 0.699559 0.003463 -0.003704 0.92156863 0.69411765 0.62352941
v 0.704942 0.008840 0.001039 0.88627451 0.68235294 0.60000000
v -0.705729 0.022518 -0.004145 0.90980392 0.70196078 0.62745098
v 0.710198 0.014288 0.002116 0.93333333 0.72941176 0.66274510
v -0.700351 0.017140 -0.003547 0.91764706 0.70588235 0.64313725
v 0.715469 0.019728 -0.001368 0.74901961 0.56862745 0.51372549
v -0.700351 0.006384 -0.003916 0.88627451 0.66666667 0.59607843
v 0.736927 0.009146 -0.002853 0.75294118 0.54117647 0.49803922
v 0.731553 0.014510 -0.003493 0.86666667 0.58039216 0.49803922
v 0.699466 0.014237 -0.002757 0.89803922 0.70588235 0.62745098
v 0.704767 0.019652 -0.003201 0.94117647 0.74117647 0.67450980
v -0.750729 0.009715 0.006462 0.77254902 0.51764706 0.49411765
v -0.749486 0.012250 0.006462 0.82745098 0.56470588 0.52941176
v -0.746624 0.014664 0.006462 0.85882353 0.58431373 0.54509804
v -0.744954 0.015372 0.006462 0.87843137 0.60000000 0.55686275
v -0.750346 0.004775 0.006462 0.63921569 0.43137255 0.41960784
v -0.750926 0.008533 0.006462 0.74901961 0.49411765 0.48235294
v -0.748746 0.001013 0.006462 0.67843137 0.51372549 0.48235294
v -0.742554 0.015884 0.006462 0.90980392 0.61960784 0.57254902
v 0.746243 -0.000170 0.006462 0.62352941 0.46274510 0.43921569
v 0.748566 0.002885 0.006462 0.57254902 0.44313725 0.42745098
v 0.749536 0.005622 0.006462 0.55686275 0.44705882 0.43529412
v 0.749637 0.007193 0.006462 0.61960784 0.45882353 0.43921569
v 0.748710 0.010173 0.006462 0.65490196 0.47058824 0.44705882
v 0.746144 0.012986 0.006462 0.70196078 0.49019608 0.46274510
v 0.742535 0.014740 0.006462 0.74509804 0.50980392 0.47450980
v -0.748807 0.011587 0.005485 0.84313725 0.57254902 0.53725490
v -0.746146 0.014188 0.005260 0.85490196 0.58039216 0.54509804
v -0.748771 0.006325 0.004652 0.63529412 0.41568627 0.40392157
v -0.746074 0.003665 0.003360 0.66666667 0.45882353 0.41568627
v 0.744994 0.001079 0.004536 0.56078431 0.43921569 0.42352941
v 0.747683 0.003768 0.005333 0.45882353 0.39607843 0.39215686
v 0.744994 0.006457 0.002903 0.58823529 0.44705882 0.43137255
v 0.747683 0.009146 0.005214 0.62745098 0.45098039 0.43529412
v 0.744994 0.011836 0.004493 0.69803922 0.50588235 0.47843137
v 0.742308 0.014514 0.005745 0.77647059 0.53725490 0.49803922
v -0.754239 0.006260 0.010265 0.62745098 0.43137255 0.42352941
v -0.754273 0.006493 0.010265 0.63529412 0.43137255 0.42352941
v -0.752855 0.002282 0.010265 0.49411765 0.42745098 0.41960784
v -0.750546 -0.000787 0.010265 0.63137255 0.47843137 0.45882353
v -0.747244 -0.002862 0.010265 0.69803922 0.51372549 0.48627451
v -0.743907 -0.003841 0.010265 0.71764706 0.52941176 0.50196078
v -0.753906 0.011395 0.010265 0.83529412 0.55686275 0.52941176
v -0.753003 0.012772 0.010265 0.80392157 0.54509804 0.51372549
v -0.751540 0.014256 0.010265 0.82745098 0.56470588 0.52941176
v -0.751343 0.014372 0.010265 0.83921569 0.57254902 0.53333333
v -0.747867 0.015846 0.010265 0.85882353 0.58823529 0.54509804
v -0.743648 0.016596 0.010265 0.88627451 0.61176471 0.56078431
v -0.743364 0.016625 0.010265 0.90980392 0.63137255 0.57647059
v 0.748297 -0.002224 0.010265 0.65882353 0.47843137 0.45098039
v 0.750789 0.000662 0.010265 0.63529412 0.47058824 0.44313725
v 0.751798 0.002505 0.010265 0.61176471 0.45882353 0.43921569
v 0.752536 0.004294 0.010265 0.59607843 0.45098039 0.43137255
v 0.752933 0.009018 0.010265 0.62352941 0.44705882 0.42352941
v 0.752843 0.009364 0.010265 0.63921569 0.45882353 0.43921569
v 0.751015 0.012478 0.010265 0.69411765 0.47843137 0.45098039
v 0.747725 0.014483 0.010265 0.70588235 0.48627451 0.45882353
v 0.747658 0.014500 0.010265 0.73333333 0.49803922 0.46666667
v 0.743357 0.015564 0.010265 0.77254902 0.51372549 0.47843137
v -0.742976 -0.003973 0.010265 0.72549020 0.53333333 0.50980392
v -0.738494 -0.003877 0.010265 0.74117647 0.52941176 0.50196078
v -0.737317 -0.003692 0.010265 0.74901961 0.52941176 0.49803922
v -0.733973 -0.003019 0.010265 0.74117647 0.52549020 0.48235294
v -0.730298 -0.001316 0.010265 0.76078431 0.54117647 0.49019608
v -0.729119 -0.000871 0.010265 0.76862745 0.54117647 0.49019608
v -0.738213 0.016877 0.010265 0.92156863 0.63921569 0.58823529
v -0.738004 0.016881 0.010265 0.94509804 0.65490196 0.60392157
v -0.732762 0.016808 0.010265 0.91764706 0.64313725 0.59215686
v 0.740639 -0.005322 0.010265 0.67450980 0.47450980 0.44705882
v 0.738504 -0.005444 0.010265 0.67058824 0.47058824 0.43921569
v 0.735461 -0.005523 0.010265 0.68627451 0.48627451 0.44705882
v 0.733438 -0.005184 0.010265 0.70980392 0.50196078 0.45882353
v 0.745188 -0.004105 0.010265 0.65882353 0.47450980 0.45098039
v 0.744910 -0.004215 0.010265 0.65882353 0.47450980 0.44705882
v 0.741010 0.015809 0.010265 0.79607843 0.52941176 0.49019608
v 0.738311 0.015861 0.010265 0.81568627 0.55294118 0.50588235
v 0.735540 0.015862 0.010265 0.76078431 0.54509804 0.49803922
v 0.733098 0.015925 0.010265 0.67058824 0.47843137 0.44705882
v -0.754140 0.006358 0.010086 0.63137255 0.43137255 0.42352941
v -0.751443 0.003695 0.007857 0.60784314 0.45098039 0.42745098
v -0.748754 0.001006 0.006472 0.67843137 0.51372549 0.48235294
v -0.746065 -0.001683 0.007803 0.70980392 0.54509804 0.52156863
v -0.751464 0.009003 0.006976 0.76862745 0.50980392 0.49019608
v -0.751523 0.014193 0.010194 0.82352941 0.56078431 0.52549020
v 0.747683 -0.001610 0.008874 0.63921569 0.47058824 0.44313725
v 0.750372 0.001079 0.009361 0.61568627 0.46274510 0.43921569
v 0.750372 0.006457 0.007107 0.56862745 0.44705882 0.43137255
v 0.750372 0.011836 0.008960 0.67058824 0.47450980 0.45098039
v -0.726849 0.000613 0.010265 0.79215686 0.54901961 0.49803922
v -0.732633 0.016800 0.010265 0.90196078 0.63921569 0.57647059
v -0.725397 0.013567 0.010265 0.90588235 0.66666667 0.58823529
v 0.726908 -0.002348 0.010265 0.73333333 0.49803922 0.47450980
v -0.723926 0.004321 0.010265 0.84313725 0.60000000 0.54901961
v -0.723141 0.007661 0.010265 0.87843137 0.63921569 0.58039216
v 0.726090 -0.001779 0.010265 0.76470588 0.50588235 0.47450980
v 0.722393 0.002156 0.010265 0.83137255 0.57254902 0.50980392
v 0.721793 0.004570 0.010265 0.88235294 0.62352941 0.56862745
v 0.723580 0.011686 0.010265 0.92941176 0.68235294 0.61960784
v 0.730487 0.015530 0.010265 0.74509804 0.53333333 0.49411765
v -0.732705 0.016867 0.010182 0.93333333 0.64705882 0.60784314
v -0.721868 0.017127 0.005727 0.90980392 0.67843137 0.61176471
v -0.721864 0.006384 0.009125 0.86666667 0.62745098 0.57254902
v -0.716487 0.011756 0.005917 0.91764706 0.68627451 0.61568627
v 0.720925 0.003628 0.009347 0.85882353 0.60392157 0.54117647
v 0.715595 0.008925 0.006195 0.94509804 0.71372549 0.65098039
v 0.720842 0.014405 0.006777 0.90980392 0.67843137 0.61176471
v -0.744074 0.016175 0.014068 0.89803922 0.62745098 0.57254902
v -0.742800 0.016048 0.014068 0.90196078 0.61960784 0.55686275
v -0.743545 -0.004542 0.014068 0.73725490 0.52156863 0.48627451
v -0.743226 -0.004522 0.014068 0.74509804 0.52156863 0.48627451
v -0.738776 -0.003595 0.014068 0.75686275 0.51372549 0.47843137
v -0.736218 -0.002593 0.014068 0.76078431 0.53725490 0.49411765
v -0.735047 -0.001946 0.014068 0.77254902 0.54901961 0.50588235
v -0.732033 0.000419 0.014068 0.80784314 0.57647059 0.53333333
v -0.729506 0.003270 0.014068 0.83921569 0.59607843 0.54509804
v -0.739245 0.015646 0.014068 0.92156863 0.65098039 0.58823529
v -0.736482 0.015196 0.014068 0.91764706 0.65098039 0.58823529
v -0.757020 0.008873 0.014068 0.72941176 0.50196078 0.47843137
v -0.757023 0.009274 0.014068 0.76470588 0.51764706 0.49019608
v -0.756119 0.004397 0.014068 0.65490196 0.46666667 0.45098039
v -0.754269 0.000869 0.014068 0.63921569 0.47450980 0.45490196
v -0.734879 0.014690 0.014068 0.90588235 0.64313725 0.58039216
v -0.754699 0.001573 0.014068 0.62352941 0.46666667 0.44705882
v -0.751682 -0.001922 0.014068 0.65882353 0.48235294 0.45882353
v -0.750099 -0.003028 0.014068 0.69019608 0.50196078 0.47450980
v -0.748236 -0.003854 0.014068 0.72549020 0.51764706 0.48627451
v -0.755650 0.013153 0.014068 0.78823529 0.54117647 0.50588235
v -0.752638 0.015307 0.014068 0.81960784 0.56078431 0.52549020
v -0.749443 0.016244 0.014068 0.85490196 0.58823529 0.54509804
v -0.748345 0.016312 0.014068 0.88235294 0.61176471 0.56078431
v 0.740956 -0.005639 0.014068 0.74117647 0.50588235 0.46274510
v 0.738620 -0.005311 0.014068 0.70196078 0.45098039 0.41568627
v 0.734482 -0.004076 0.014068 0.75686275 0.54117647 0.47450980
v 0.745741 -0.005046 0.014068 0.68627451 0.49019608 0.45882353
v 0.743761 -0.005532 0.014068 0.71764706 0.49803922 0.46274510
v 0.749334 -0.003261 0.014068 0.68235294 0.49019608 0.45882353
v 0.752113 -0.000662 0.014068 0.65490196 0.47843137 0.45098039
v 0.754207 0.002622 0.014068 0.63921569 0.46274510 0.44313725
v 0.755343 0.006050 0.014068 0.63529412 0.45882353 0.43529412
v 0.755479 0.006728 0.014068 0.64705882 0.45882353 0.43529412
v 0.754985 0.011070 0.014068 0.67058824 0.46666667 0.44313725
v 0.752433 0.013896 0.014068 0.70980392 0.47843137 0.45098039
v 0.727085 0.008194 0.014068 0.90980392 0.64313725 0.58431373
v 0.730006 0.010633 0.014068 0.92156863 0.65490196 0.59607843
v 0.732958 0.013072 0.014068 0.83529412 0.59607843 0.55294118
v 0.737027 0.014397 0.014068 0.87843137 0.59215686 0.55294118
v 0.736790 0.014334 0.014068 0.81960784 0.56078431 0.52156863
v 0.741585 0.015234 0.014068 0.81960784 0.51764706 0.48235294
v 0.748426 0.015268 0.014068 0.73725490 0.49019608 0.45882353
v 0.746707 0.015500 0.014068 0.77254902 0.50196078 0.46666667
v 0.743149 0.015354 0.014068 0.79215686 0.50980392 0.47058824
v -0.756821 0.009072 0.013710 0.77647059 0.50196078 0.48235294
v -0.743376 -0.004373 0.011861 0.72941176 0.52156863 0.49411765
v -0.754132 0.001006 0.013624 0.61568627 0.47058824 0.45098039
v -0.751443 -0.001684 0.012987 0.64705882 0.48235294 0.45882353
v -0.727242 0.001006 0.011153 0.79607843 0.56078431 0.50980392
v -0.754164 0.011657 0.010695 0.76862745 0.51372549 0.49019608
v -0.738113 0.016773 0.010740 0.92549020 0.64705882 0.59215686
v 0.734255 -0.004317 0.013587 0.74901961 0.52156863 0.45098039
v 0.744997 -0.004302 0.010521 0.67843137 0.48235294 0.45098039
v 0.753061 0.003768 0.011280 0.62352941 0.45490196 0.43137255
v 0.753061 0.009146 0.010441 0.62745098 0.44705882 0.42745098
v 0.726220 0.009058 0.013456 0.89019608 0.63921569 0.58039216
v 0.728895 0.011750 0.012977 0.91372549 0.65490196 0.59607843
v 0.731572 0.014447 0.012361 0.88235294 0.63529412 0.58431373
v 0.736939 0.014484 0.013886 0.87450980 0.58823529 0.54901961
v 0.747683 0.014525 0.010340 0.73725490 0.49411765 0.46274510
v -0.743853 -0.003896 0.017871 0.76470588 0.51764706 0.47843137
v -0.742391 -0.003388 0.017871 0.76470588 0.52549020 0.48627451
v -0.745445 0.014802 0.017871 0.91764706 0.65882353 0.60784314
v -0.741337 0.013600 0.017871 0.92156863 0.67058824 0.61568627
v -0.739500 0.012935 0.017871 0.92156863 0.67450980 0.61176471
v -0.735612 0.008705 0.017871 0.87843137 0.65098039 0.58431373
v -0.735794 0.009368 0.017871 0.88627451 0.65882353 0.59215686
v -0.734426 0.004560 0.017871 0.86274510 0.60784314 0.54509804
v -0.740089 -0.002282 0.017871 0.77647059 0.55294118 0.50588235
v -0.737049 0.000057 0.017871 0.81176471 0.57254902 0.52156863
v -0.734887 0.003243 0.017871 0.85490196 0.60000000 0.53725490
v -0.737654 0.011967 0.017871 0.90196078 0.67058824 0.60784314
v -0.757291 0.003225 0.017871 0.68235294 0.48627451 0.46274510
v -0.757882 0.004756 0.017871 0.68235294 0.49019608 0.46274510
v -0.758627 0.007267 0.017871 0.69803922 0.49411765 0.46666667
v -0.758610 0.010859 0.017871 0.75686275 0.52549020 0.49019608
v -0.755166 -0.000028 0.017871 0.66274510 0.48235294 0.45882353
v -0.752172 -0.002413 0.017871 0.69411765 0.49411765 0.46666667
v -0.749423 -0.003703 0.017871 0.71372549 0.50588235 0.47843137
v -0.748370 -0.003988 0.017871 0.74901961 0.52156863 0.49019608
v -0.756622 0.014200 0.017871 0.79215686 0.54901961 0.50980392
v -0.753000 0.015745 0.017871 0.82352941 0.57254902 0.52941176
v -0.749699 0.016033 0.017871 0.86274510 0.60392157 0.55294118
v -0.747498 0.015458 0.017871 0.90588235 0.63529412 0.58039216
v 0.739566 -0.004249 0.017871 0.80784314 0.56470588 0.50588235
v 0.736021 -0.002526 0.017871 0.76862745 0.54117647 0.48235294
v 0.745736 -0.005040 0.017871 0.72549020 0.50980392 0.47450980
v 0.744144 -0.005149 0.017871 0.80000000 0.52941176 0.48627451
v 0.749724 -0.003651 0.017871 0.69411765 0.49803922 0.46666667
v 0.752860 -0.001408 0.017871 0.66274510 0.48235294 0.45490196
v 0.755261 0.001568 0.017871 0.65098039 0.47058824 0.44705882
v 0.739637 -0.004278 0.017871 0.80784314 0.56470588 0.50588235
v 0.756907 0.005301 0.017871 0.65490196 0.46666667 0.44313725
v 0.757340 0.008047 0.017871 0.66666667 0.46666667 0.44313725
v 0.757043 0.010543 0.017871 0.67843137 0.46666667 0.44313725
v 0.756194 0.012279 0.017871 0.69411765 0.47058824 0.44705882
v 0.753138 0.014601 0.017871 0.70980392 0.47450980 0.44705882
v 0.732527 0.002782 0.017871 0.79215686 0.52156863 0.48627451
v 0.732493 0.004696 0.017871 0.83137255 0.55294118 0.51372549
v 0.742848 0.013982 0.017871 0.81960784 0.51372549 0.47058824
v 0.740763 0.012982 0.017871 0.85490196 0.55686275 0.51372549
v 0.733357 0.007317 0.017871 0.85882353 0.56470588 0.52941176
v 0.735935 0.010119 0.017871 0.87843137 0.58039216 0.53725490
v 0.739183 0.012254 0.017871 0.87058824 0.57254902 0.53333333
v 0.752903 0.014682 0.017871 0.72156863 0.47843137 0.45098039
v 0.748387 0.015228 0.017871 0.73725490 0.48627451 0.45490196
v 0.747055 0.015152 0.017871 0.78431373 0.50196078 0.46666667
v -0.743376 -0.004373 0.015697 0.75294118 0.52549020 0.48627451
v -0.740779 0.014153 0.016973 0.91372549 0.66274510 0.60392157
v -0.735336 0.008981 0.017541 0.88235294 0.65490196 0.58823529
v -0.732640 0.006316 0.016867 0.87058824 0.61176471 0.56470588
v -0.735309 -0.001684 0.014767 0.77254902 0.55294118 0.50980392
v -0.732620 0.001006 0.015103 0.82352941 0.58431373 0.54117647
v -0.729931 0.003695 0.014490 0.84313725 0.59607843 0.54901961
v -0.735388 0.014193 0.014883 0.90196078 0.65490196 0.58823529
v -0.756821 0.003695 0.016259 0.66666667 0.48235294 0.45882353
v 0.739621 -0.004304 0.017812 0.80784314 0.56078431 0.50588235
v 0.755750 0.006457 0.014674 0.65098039 0.46274510 0.43921569
v 0.755750 0.011836 0.016224 0.68627451 0.47058824 0.44313725
v 0.753061 0.014525 0.017287 0.70196078 0.47450980 0.44705882
v 0.731557 0.003751 0.017274 0.81960784 0.54117647 0.49803922
v 0.742305 0.014525 0.016133 0.81176471 0.50196078 0.46274510
v 0.728885 0.006406 0.015306 0.88235294 0.60784314 0.55294118
v 0.731565 0.009091 0.015807 0.89803922 0.61960784 0.56862745
v 0.734251 0.011792 0.015739 0.89019608 0.61568627 0.56862745
v -0.727262 0.011693 0.012390 0.89411765 0.65490196 0.58039216
v 0.726211 -0.001651 0.010544 0.75294118 0.50588235 0.47450980
v -0.746865 0.013517 0.021673 0.90980392 0.67450980 0.61960784
v -0.744056 0.010989 0.021673 0.90980392 0.68235294 0.62745098
v -0.741716 0.007991 0.021673 0.87843137 0.63529412 0.57647059
v -0.740841 0.003822 0.021673 0.83921569 0.58039216 0.52156863
v -0.757915 0.002601 0.021673 0.68627451 0.49019608 0.46274510
v -0.759333 0.006206 0.021673 0.69019608 0.49411765 0.46666667
v -0.759405 0.006488 0.021673 0.69803922 0.49803922 0.46666667
v -0.759245 0.011494 0.021673 0.71372549 0.50588235 0.47058824
v -0.755359 -0.000221 0.021673 0.69019608 0.49019608 0.46274510
v -0.752074 -0.002315 0.021673 0.70980392 0.49019608 0.46274510
v -0.750342 -0.002785 0.021673 0.73333333 0.50588235 0.47450980
v -0.747202 -0.002820 0.021673 0.80392157 0.55686275 0.51764706
v -0.745373 -0.002376 0.021673 0.79607843 0.56078431 0.52549020
v -0.758805 0.012465 0.021673 0.75686275 0.53333333 0.49411765
v -0.756909 0.014495 0.021673 0.79215686 0.55294118 0.50980392
v -0.756501 0.014749 0.021673 0.81176471 0.56862745 0.52156863
v -0.752654 0.015540 0.021673 0.85882353 0.60000000 0.54901961
v -0.750588 0.015203 0.021673 0.87843137 0.61960784 0.56470588
v -0.742333 -0.000037 0.021673 0.80392157 0.56862745 0.52941176
v -0.740856 0.003513 0.021673 0.83529412 0.57647059 0.51764706
v 0.749497 -0.003424 0.021673 0.66666667 0.49019608 0.46274510
v 0.745481 -0.003812 0.021673 0.81568627 0.60392157 0.53725490
v 0.752974 -0.001522 0.021673 0.65098039 0.47843137 0.45490196
v 0.755708 0.001122 0.021673 0.64705882 0.47450980 0.45098039
v 0.744293 -0.003598 0.021673 0.83529412 0.62352941 0.56078431
v 0.741498 -0.002416 0.021673 0.82352941 0.58823529 0.53725490
v 0.738952 0.000416 0.021673 0.69803922 0.48235294 0.44313725
v 0.757576 0.004632 0.021673 0.65882353 0.47058824 0.44705882
v 0.758281 0.008989 0.021673 0.67058824 0.46666667 0.44705882
v 0.758245 0.009340 0.021673 0.68235294 0.46666667 0.44313725
v 0.756608 0.012693 0.021673 0.70196078 0.46666667 0.44705882
v 0.753269 0.014732 0.021673 0.72156863 0.47450980 0.45098039
v 0.738329 0.002366 0.021673 0.75686275 0.52941176 0.49411765
v 0.738657 0.005498 0.021673 0.84705882 0.58039216 0.54117647
v 0.739233 0.006840 0.021673 0.87450980 0.60000000 0.55686275
v 0.741697 0.009754 0.021673 0.88235294 0.59607843 0.55294118
v 0.744289 0.012540 0.021673 0.82352941 0.53333333 0.49019608
v 0.747934 0.014274 0.021673 0.76470588 0.48627451 0.45490196
v 0.747071 0.013912 0.021673 0.78823529 0.48627451 0.44705882
v 0.752741 0.014845 0.021673 0.74117647 0.48235294 0.45490196
v -0.746145 0.014191 0.019543 0.91372549 0.66666667 0.61568627
v -0.743430 0.011584 0.020715 0.91372549 0.68235294 0.62745098
v -0.740730 0.008930 0.020543 0.88627451 0.64705882 0.58823529
v -0.738058 0.011565 0.018344 0.90196078 0.67058824 0.60784314
v -0.740692 0.003676 0.021551 0.83921569 0.58039216 0.52156863
v -0.738009 0.006345 0.020159 0.85882353 0.60784314 0.54509804
v -0.738003 0.000986 0.019056 0.81960784 0.57647059 0.52156863
v -0.735316 0.003670 0.018272 0.85098039 0.59607843 0.53725490
v -0.756830 0.014422 0.019575 0.80000000 0.55686275 0.51372549
v -0.740687 -0.001684 0.018996 0.78039216 0.56078431 0.51372549
v 0.736932 -0.001615 0.019106 0.74117647 0.51764706 0.47058824
v 0.744994 -0.004299 0.020527 0.76470588 0.54901961 0.50196078
v 0.734238 0.001079 0.018670 0.74117647 0.51764706 0.48627451
v 0.736927 0.003768 0.020715 0.80000000 0.54901961 0.50980392
v 0.734242 0.006444 0.018668 0.84705882 0.55294118 0.52156863
v 0.736930 0.009136 0.019002 0.87058824 0.57254902 0.53333333
v 0.739618 0.011828 0.018505 0.87450980 0.57647059 0.53725490
v 0.747683 0.014525 0.020549 0.77254902 0.49803922 0.46274510
v -0.746954 0.009918 0.025476 0.89019608 0.67058824 0.61176471
v -0.748464 0.012018 0.025476 0.89411765 0.66666667 0.60784314
v -0.757611 0.002905 0.025476 0.69019608 0.49803922 0.46666667
v -0.759102 0.005975 0.025476 0.69019608 0.49803922 0.46666667
v -0.759276 0.006618 0.025476 0.69411765 0.49803922 0.46274510
v -0.759110 0.011360 0.025476 0.67843137 0.49411765 0.45098039
v -0.754652 0.000485 0.025476 0.69411765 0.50196078 0.47450980
v -0.752815 -0.000311 0.025476 0.69019608 0.49019608 0.47058824
v -0.750480 -0.000720 0.025476 0.72549020 0.49411765 0.45882353
v -0.747842 0.000094 0.025476 0.77254902 0.52941176 0.49411765
v -0.756434 0.014049 0.025476 0.80000000 0.54901961 0.50196078
v -0.751721 0.014141 0.025476 0.87450980 0.62352941 0.56470588
v -0.750672 0.013609 0.025476 0.89019608 0.63921569 0.58823529
v -0.746392 0.008717 0.025476 0.89803922 0.67843137 0.61960784
v -0.745822 0.003937 0.025476 0.86274510 0.59215686 0.55294118
v -0.745885 0.003514 0.025476 0.85490196 0.58823529 0.54509804
v 0.752209 -0.000758 0.025476 0.62745098 0.46666667 0.44313725
v 0.747854 -0.001439 0.025476 0.56078431 0.41568627 0.42745098
v 0.755343 0.001487 0.025476 0.63921569 0.47450980 0.44705882
v 0.747425 -0.001351 0.025476 0.56470588 0.41568627 0.42745098
v 0.744407 0.000492 0.025476 0.67450980 0.49019608 0.48627451
v 0.743388 0.002686 0.025476 0.77647059 0.56078431 0.54509804
v 0.743201 0.004664 0.025476 0.85490196 0.60392157 0.58039216
v 0.757320 0.004888 0.025476 0.65098039 0.47450980 0.45098039
v 0.757957 0.008664 0.025476 0.67450980 0.47058824 0.44705882
v 0.757926 0.009660 0.025476 0.69019608 0.46274510 0.44313725
v 0.753776 0.013810 0.025476 0.68627451 0.45098039 0.44313725
v 0.752441 0.013905 0.025476 0.72549020 0.46274510 0.44313725
v 0.756359 0.012444 0.025476 0.69411765 0.46274510 0.43921569
v 0.743747 0.007705 0.025476 0.88627451 0.61568627 0.58431373
v 0.745934 0.010896 0.025476 0.83921569 0.56470588 0.52156863
v 0.748889 0.013318 0.025476 0.79215686 0.49803922 0.46274510
v -0.751443 -0.001684 0.023773 0.72156863 0.46666667 0.44313725
v -0.746078 0.009030 0.024888 0.90196078 0.67058824 0.61568627
v -0.746065 -0.001683 0.022816 0.78431373 0.54901961 0.52156863
v -0.743383 0.006361 0.023440 0.87450980 0.61568627 0.56470588
v -0.756831 0.014418 0.023096 0.79607843 0.56078431 0.51372549
v -0.751467 0.014374 0.024675 0.87843137 0.61960784 0.56862745
v -0.743376 0.001006 0.023008 0.81568627 0.56862745 0.53333333
v 0.747683 -0.001610 0.025235 0.56862745 0.41568627 0.42745098
v 0.742305 -0.001610 0.022827 0.73333333 0.51372549 0.47843137
v 0.739616 0.001079 0.022366 0.70980392 0.49411765 0.45882353
v 0.742305 0.003768 0.024603 0.83529412 0.59215686 0.56862745
v 0.753061 0.014525 0.023232 0.73333333 0.47450980 0.45098039
v 0.739616 0.006457 0.022077 0.86666667 0.59215686 0.55294118
v 0.742305 0.009146 0.022667 0.88235294 0.60392157 0.56470588
v 0.744994 0.011836 0.023203 0.82745098 0.54901961 0.50588235
v -0.757240 0.008653 0.029279 0.69411765 0.49803922 0.45882353
v -0.757036 0.009288 0.029279 0.72941176 0.51372549 0.47058824
v -0.755778 0.004738 0.029279 0.62352941 0.49411765 0.47058824
v -0.751774 0.004026 0.029279 0.81568627 0.59607843 0.56470588
v -0.754516 0.011377 0.029279 0.87058824 0.59215686 0.53725490
v -0.753608 0.011236 0.029279 0.87058824 0.61568627 0.55686275
v -0.751124 0.009390 0.029279 0.87843137 0.63529412 0.57647059
v -0.750528 0.008155 0.029279 0.85882353 0.63529412 0.57647059
v 0.753365 0.003465 0.029279 0.64313725 0.47450980 0.45490196
v 0.752241 0.002948 0.029279 0.63137255 0.47450980 0.44705882
v 0.748514 0.004600 0.029279 0.80000000 0.56470588 0.52549020
v 0.748336 0.008494 0.029279 0.87058824 0.59215686 0.55294118
v 0.755404 0.006111 0.029279 0.64705882 0.47450980 0.45882353
v 0.755556 0.006652 0.029279 0.65098039 0.47843137 0.45882353
v 0.754259 0.010344 0.029279 0.74509804 0.47843137 0.45098039
v 0.751435 0.010772 0.029279 0.80784314 0.50980392 0.47450980
v -0.756821 0.003695 0.027608 0.68235294 0.50588235 0.47450980
v -0.754132 0.001006 0.026656 0.70588235 0.53333333 0.50588235
v -0.751443 0.003695 0.029021 0.83137255 0.60392157 0.57254902
v -0.748754 0.001006 0.026533 0.78431373 0.54901961 0.51764706
v -0.754133 0.011760 0.029014 0.87058824 0.59607843 0.54509804
v -0.748767 0.011718 0.026021 0.88627451 0.66666667 0.60392157
v -0.748755 0.006381 0.028309 0.87843137 0.65098039 0.60000000
v -0.746065 0.003694 0.025651 0.85882353 0.59215686 0.54901961
v 0.744994 0.006457 0.027055 0.88627451 0.61568627 0.58823529
v 0.747683 0.009146 0.028520 0.86274510 0.59215686 0.55294118
v 0.750372 0.011836 0.028121 0.80000000 0.50588235 0.46666667
v 0.750372 0.001079 0.028084 0.58823529 0.46666667 0.41960784
v 0.744994 0.001079 0.026084 0.68627451 0.50588235 0.50196078
v 0.747683 0.003768 0.028585 0.77647059 0.55294118 0.51764706
v 0.755750 0.006457 0.029054 0.63137255 0.47843137 0.45882353
v 0.755750 0.011836 0.027341 0.70588235 0.45882353 0.43137255
v -0.756821 0.009073 0.029476 0.72156863 0.51372549 0.46666667
v -0.754132 0.006384 0.030230 0.77647059 0.57647059 0.52549020
v -0.751444 0.009071 0.029524 0.87450980 0.63529412 0.57254902
v 0.753061 0.003768 0.029539 0.64705882 0.48627451 0.46274510
v 0.750372 0.006457 0.030209 0.82745098 0.56470588 0.52156863
v 0.753061 0.009146 0.029993 0.80000000 0.51372549 0.47450980
f 3 15 1
f 504 578 510
f 507 577 504
f 502 576 503
f 577 578 504
f 516 577 507
f 578 577 579
f 584 574 514
f 580 579 585
f 585 579 584
f 512 574 584
f 512 584 579
f 516 512 579
f 519 518 582
f 519 582 581
f 519 581 583
f 581 578 583
f 583 578 580
f 576 575 582
f 582 575 581
f 517 510 578
f 578 581 575
f 517 578 575
f 579 580 578
f 579 577 516
f 514 520 584
f 521 584 520
f 585 584 521
f 523 580 585
f 542 541 595
f 542 595 597
f 439 438 599
f 599 438 598
f 595 598 438
f 438 437 595
f 596 597 595
f 595 594 596
f 588 596 594
f 594 587 588
f 594 595 437
f 594 437 427
f 594 427 591
f 587 594 591
f 591 586 587
f 593 435 433
f 538 593 433
f 541 598 595
f 539 538 433
f 543 598 541
f 599 598 543
f 540 539 433
f 433 434 540
f 537 593 538
f 532 424 422
f 418 416 589
f 531 418 589
f 530 531 589
f 530 589 529
f 527 528 588
f 588 587 527
f 587 586 527
f 527 586 526
f 526 586 525
f 524 582 518
f 524 503 576
f 576 582 524
f 523 585 521
f 519 583 522
f 522 583 580
f 523 522 580
f 532 589 424
f 532 529 589
f 532 419 506
f 422 419 532
f 592 430 431
f 536 535 592
f 536 592 431
f 536 431 432
f 430 592 573
f 573 429 430
f 573 592 511
f 511 592 535
f 426 590 427
f 525 586 591
f 534 525 591
f 534 591 590
f 590 426 418
f 533 590 418
f 531 533 418
f 534 590 533
f 416 424 589
f 427 590 591
f 169 151 240
f 240 151 234
f 164 168 238
f 240 239 168
f 262 257 135
f 135 158 262
f 261 153 156
f 154 153 261
f 234 151 149
f 234 149 258
f 231 234 258
f 149 148 258
f 258 148 256
f 255 256 148
f 255 148 146
f 255 146 260
f 233 222 255
f 255 260 233
f 260 146 144
f 144 259 260
f 260 259 233
f 263 154 261
f 238 168 239
f 263 158 154
f 257 262 235
f 168 169 240
f 265 166 163
f 166 265 264
f 264 161 166
f 238 237 265
f 265 163 164
f 238 265 164
f 237 236 264
f 264 265 237
f 161 264 263
f 263 160 161
f 261 156 263
f 263 156 160
f 235 262 263
f 236 235 263
f 236 263 264
f 235 224 257
f 263 262 158
f 233 259 232
f 141 139 226
f 228 230 259
f 176 198 175
f 176 172 194
f 194 198 176
f 174 175 198
f 198 196 174
f 174 196 173
f 196 198 194
f 194 192 196
f 173 196 192
f 173 192 186
f 228 259 144
f 228 144 142
f 232 259 230
f 142 141 228
f 228 141 226
f 224 221 137
f 224 137 136
f 224 136 257
f 221 223 139
f 139 137 221
f 136 135 257
f 159 173 186
f 172 171 191
f 191 194 172
f 189 191 170
f 33 32 86
f 80 86 32
f 32 26 80
f 83 82 29
f 29 30 83
f 82 81 27
f 27 29 82
f 81 79 25
f 25 27 81
f 80 26 23
f 80 23 117
f 78 80 117
f 79 77 24
f 24 25 79
f 77 78 117
f 77 117 21
f 77 21 24
f 86 89 33
f 226 139 223
f 89 35 33
f 89 90 119
f 155 157 96
f 96 94 155
f 155 94 152
f 150 152 94
f 94 92 150
f 92 90 150
f 150 90 145
f 140 185 147
f 143 145 90
f 90 89 143
f 143 89 86
f 143 86 181
f 134 143 181
f 86 80 181
f 183 82 83
f 138 183 83
f 140 138 83
f 157 186 96
f 140 83 185
f 186 98 96
f 185 83 108
f 170 191 171
f 194 191 115
f 194 115 116
f 192 194 116
f 116 98 192
f 192 98 186
f 115 191 189
f 189 114 115
f 167 189 170
f 165 113 114
f 165 114 189
f 167 165 189
f 165 162 112
f 112 113 165
f 162 147 185
f 162 185 108
f 162 108 112
f 159 186 157
f 138 133 180
f 180 183 138
f 183 81 82
f 112 125 113
f 108 43 45
f 108 45 125
f 112 108 125
f 30 43 83
f 83 43 108
f 124 122 98
f 98 122 96
f 96 122 94
f 41 39 124
f 124 39 122
f 122 39 37
f 122 37 119
f 94 122 119
f 92 94 119
f 92 119 90
f 37 35 119
f 125 45 47
f 47 126 125
f 113 126 114
f 125 126 113
f 183 180 79
f 79 81 183
f 134 181 177
f 133 134 177
f 133 177 180
f 78 177 80
f 80 177 181
f 77 79 177
f 89 119 35
f 177 79 180
f 115 128 116
f 128 124 116
f 116 124 98
f 126 128 114
f 114 128 115
f 128 126 47
f 128 47 41
f 124 128 41
f 78 77 177
f 332 268 377
f 267 376 268
f 268 376 377
f 267 266 376
f 332 269 268
f 332 334 269
f 334 335 270
f 343 270 335
f 332 377 337
f 341 340 274
f 274 275 341
f 340 338 381
f 340 381 273
f 340 273 274
f 381 272 273
f 338 336 380
f 380 381 338
f 337 377 376
f 336 337 376
f 336 376 380
f 381 380 271
f 271 272 381
f 266 271 376
f 376 271 380
f 270 269 334
f 276 270 343
f 341 277 329
f 343 383 276
f 346 347 373
f 346 373 280
f 280 279 383
f 346 280 383
f 346 383 345
f 279 278 383
f 343 345 383
f 383 278 276
f 275 277 341
f 6688 6729 6687
f 6696 6697 6663
f 6696 6663 6734
f 6696 6734 6695
f 6694 6734 6663
f 6694 6663 6662
f 6694 6662 6733
f 6693 6694 6733
f 6695 6734 6694
f 6688 6693 6733
f 6733 6729 6688
f 6691 6732 6692
f 6691 6690 6731
f 6731 6732 6691
f 6690 6689 6730
f 6730 6731 6690
f 6729 6730 6687
f 6687 6730 6689
f 6697 6664 6663
f 6698 6664 6697
f 6733 6667 6729
f 6701 6700 6735
f 6738 6674 6675
f 6707 6738 6675
f 6708 6707 6675
f 6705 6738 6706
f 6705 6704 6737
f 6705 6737 6673
f 6673 6674 6738
f 6705 6673 6738
f 6703 6737 6704
f 6737 6672 6673
f 6702 6736 6671
f 6702 6671 6672
f 6703 6702 6672
f 6703 6672 6737
f 6735 6670 6736
f 6736 6670 6671
f 6701 6736 6702
f 6735 6736 6701
f 6706 6738 6707
f 6708 6676 6709
f 6675 6676 6708
f 6665 6664 6698
f 6698 6699 6669
f 6669 6665 6698
f 6662 6667 6733
f 6668 6731 6730
f 6730 6666 6668
f 6667 6666 6730
f 6667 6730 6729
f 6822 6829 6872
f 6868 6867 6825
f 6825 6867 6823
f 6823 6867 6824
f 6822 6866 6821
f 6820 6821 6866
f 6820 6866 6758
f 6820 6758 6757
f 6818 6865 6819
f 6865 6759 6760
f 6772 6767 6872
f 6826 6865 6761
f 6826 6819 6865
f 6822 6872 6767
f 6822 6767 6766
f 6822 6766 6866
f 6766 6758 6866
f 6765 6871 6870
f 6870 6764 6765
f 6825 6828 6870
f 6870 6871 6868
f 6825 6870 6868
f 6869 6763 6870
f 6870 6763 6764
f 6869 6870 6827
f 6827 6870 6828
f 6869 6762 6763
f 6826 6761 6762
f 6827 6826 6762
f 6827 6762 6869
f 6865 6760 6761
f 6845 6781 6785
f 6848 6847 6787
f 6787 6788 6848
f 6786 6787 6846
f 6846 6787 6847
f 6784 6786 6844
f 6844 6786 6846
f 6844 6845 6785
f 6785 6784 6844
f 6843 6783 6782
f 6842 6843 6782
f 6842 6782 6874
f 6782 6781 6874
f 6845 6874 6781
f 6845 6849 6874
f 6850 6788 6875
f 6879 6801 6798
f 6854 6877 6862
f 6856 6859 6880
f 6856 6880 6878
f 6857 6879 6858
f 6856 6878 6855
f 6876 6877 6853
f 6853 6877 6854
f 6852 6876 6853
f 6876 6791 6877
f 6877 6791 6792
f 6875 6790 6791
f 6851 6875 6791
f 6852 6851 6791
f 6852 6791 6876
f 6875 6789 6790
f 6850 6875 6851
f 6850 6848 6788
f 6788 6789 6875
f 6859 6881 6880
f 6860 6881 6859
f 6882 6881 6860
f 6793 6880 6881
f 6864 6863 6799
f 6799 6800 6864
f 6800 6801 6879
f 6864 6800 6879
f 6857 6864 6879
f 6863 6862 6877
f 6863 6877 6792
f 6863 6792 6799
f 6842 6874 6849
f 6882 6797 6795
f 6858 6798 6796
f 6861 6858 6796
f 6861 6796 6797
f 6861 6797 6882
f 6860 6861 6882
f 6882 6795 6794
f 6794 6881 6882
f 6881 6794 6793
f 6858 6879 6798
f 2589 2587 3087
f 2909 2912 3087
f 3087 2587 2585
f 2909 3087 2585
f 3249 3411 3409
f 3248 3249 3409
f 3248 3409 3410
f 3407 3409 3408
f 3408 3409 3411
f 2847 2848 3409
f 3409 2848 3410
f 2844 2847 3407
f 3407 2847 3409
f 3408 2846 2845
f 2845 3407 3408
f 2845 2844 3407
f 2848 2849 3412
f 3412 3410 2848
f 2849 2850 3413
f 3413 3412 2849
f 3414 2852 2853
f 3251 3413 2852
f 3252 3251 2852
f 3252 2852 3414
f 3413 2850 2851
f 3251 3250 3412
f 3412 3413 3251
f 3250 3248 3410
f 3410 3412 3250
f 3413 2851 2852
f 2461 2215 2808
f 3183 2461 2659
f 2969 2967 2636
f 2636 2637 2969
f 2628 2633 2964
f 2964 2633 2966
f 3113 3115 2960
f 2960 3115 2962
f 3113 2617 3115
f 3115 2617 2625
f 2960 2954 2623
f 2623 2616 3113
f 2960 2623 3113
f 3113 2616 2617
f 2966 2636 2967
f 2633 2636 2966
f 2637 2623 2969
f 2969 2623 2954
f 2991 2654 3117
f 2978 2991 3117
f 2652 2653 2988
f 2988 2653 2989
f 2991 2989 2653
f 2653 2654 2991
f 2650 2652 2981
f 2981 2652 2988
f 2651 2649 2985
f 2985 2649 2980
f 2962 3115 2983
f 2985 2983 3115
f 2985 3115 2625
f 2985 2625 2651
f 2981 2980 2649
f 2649 2650 2981
f 2654 2655 3117
f 3203 3205 3239
f 3239 2477 2474
f 3203 3239 2474
f 3201 3203 2474
f 2474 2473 3201
f 2473 2469 3201
f 3201 2469 3199
f 3197 3199 2469
f 2469 2449 3237
f 3197 2469 3237
f 3197 3237 3177
f 2467 2429 3195
f 3195 2429 3158
f 3195 3194 2465
f 2465 2467 3195
f 3194 3193 3238
f 3238 2463 2465
f 3207 3239 3205
f 3194 3238 2465
f 2479 2477 3239
f 3209 2479 3239
f 3183 2659 3119
f 3000 3183 3119
f 3223 2915 2575
f 2729 2246 2487
f 2729 2487 3241
f 2575 2729 3241
f 3223 2575 3241
f 2487 2485 3241
f 3223 3241 3221
f 3221 3241 2485
f 3221 2485 2483
f 3221 2483 3240
f 3217 3221 3240
f 3217 3240 3209
f 2483 2480 3240
f 3240 2480 2479
f 3209 3240 2479
f 3207 3209 3239
f 3192 3238 3193
f 3238 2460 2463
f 3190 2457 2460
f 3160 3232 3156
f 3232 2430 2117
f 3232 2117 2562
f 3156 3232 2562
f 2887 3156 2562
f 2435 2430 3232
f 3160 2436 3232
f 2436 2435 3232
f 3160 3163 2436
f 3190 2460 3238
f 3192 3190 3238
f 2454 2457 3186
f 3186 2457 3190
f 3186 3166 2439
f 2439 2454 3186
f 2449 2447 3237
f 3237 2447 2444
f 3177 3237 2444
f 3171 3177 3236
f 3171 3236 3170
f 2444 2441 3236
f 3163 3170 3236
f 3163 3236 2441
f 3163 2441 2436
f 2438 2439 3165
f 3165 2439 3166
f 3177 2444 3236
f 2461 2808 2659
f 1703 1701 2430
f 1701 1505 1995
f 1701 1995 1850
f 2430 1701 1850
f 2117 2430 1850
f 2430 2435 1703
f 2435 2436 1703
f 2436 2497 1705
f 2460 1709 1710
f 2454 2499 2457
f 2499 1708 1709
f 2498 1698 1708
f 2498 1708 2499
f 2439 2498 2499
f 2454 2439 2499
f 2447 2449 1707
f 1707 1706 2447
f 1706 1704 2447
f 2447 1704 2444
f 2444 1704 1700
f 2441 2444 1700
f 2441 1700 2497
f 2441 2497 2436
f 2438 2498 2439
f 1700 1705 2497
f 2436 1705 1703
f 2460 2499 1709
f 2460 2457 2499
f 1710 1722 2463
f 2463 2460 1710
f 2461 1492 1491
f 1491 1493 2078
f 1491 2078 1918
f 2461 1491 1918
f 2215 2461 1918
f 2100 2258 2246
f 2246 2258 2292
f 1741 1737 2501
f 2477 2501 2474
f 2501 1737 1735
f 2474 2501 1735
f 2474 1735 2500
f 2473 2474 2500
f 2473 2500 2469
f 1735 1733 2500
f 2449 2469 2500
f 2500 1733 1707
f 2449 2500 1707
f 1727 1728 2467
f 2467 1728 2429
f 2467 2465 1725
f 1725 1727 2467
f 1722 1725 2463
f 2463 1725 2465
f 2477 2479 2501
f 2479 1744 2501
f 1744 1741 2501
f 2479 2503 1744
f 2487 2246 2292
f 2487 2292 1862
f 2487 1862 1998
f 2000 1959 1702
f 2000 1702 1750
f 2000 1750 1998
f 2485 2487 1998
f 1998 1750 1749
f 1998 1749 2504
f 2485 2504 2483
f 1749 1748 2504
f 2480 2483 2504
f 2480 2504 1748
f 2480 1748 1746
f 2480 1746 2503
f 2480 2503 2479
f 1746 1744 2503
f 2485 1998 2504
f 2087 2090 2711
f 2520 2087 2711
f 2521 2712 2522
f 2711 2712 2519
f 2519 2712 2521
f 2520 2711 2519
f 2089 2088 2518
f 2518 2088 2517
f 2088 2087 2517
f 2517 2087 2516
f 2520 2516 2087
f 2712 2090 2091
f 2523 2091 2092
f 2526 2714 2527
f 2526 2525 2713
f 2094 2095 2714
f 2713 2094 2714
f 2526 2713 2714
f 2524 2713 2525
f 2713 2093 2094
f 2523 2092 2093
f 2523 2093 2713
f 2524 2523 2713
f 2523 2522 2712
f 2523 2712 2091
f 2711 2090 2712
f 2370 2378 2206
f 2206 2378 2213
f 2207 2212 2373
f 2207 2373 2375
f 2207 2375 2370
f 2366 2373 2186
f 2186 2373 2212
f 2207 2370 2206
f 2190 2367 2189
f 2181 2366 2186
f 2190 2369 2367
f 2190 2378 2369
f 2190 2213 2378
f 2378 2370 2375
f 1870 2369 2378
f 1884 1870 2378
f 2380 1884 2378
f 2375 2380 2378
f 2098 2102 2717
f 2099 2098 2715
f 2580 2770 2591
f 2578 2766 2768
f 2580 2578 2768
f 2580 2768 2770
f 2568 2766 2578
f 2767 2768 2766
f 2766 2764 2767
f 2574 2767 2764
f 2566 2574 2764
f 2566 2764 2763
f 2568 2561 2760
f 2760 2764 2766
f 2568 2760 2766
f 2760 2754 2764
f 2764 2754 2763
f 2717 2715 2098
f 2566 2763 2564
f 2102 2104 2724
f 2724 2717 2102
f 2564 2763 2754
f 2563 2564 2750
f 2549 2735 2739
f 2737 2735 2096
f 2737 2096 2097
f 2728 2737 2097
f 2714 2735 2527
f 2527 2735 2548
f 2096 2735 2714
f 2714 2095 2096
f 2545 2731 2542
f 2538 2542 2731
f 2731 2728 2726
f 2538 2731 2726
f 2538 2726 2535
f 2097 2156 2728
f 2728 2156 2726
f 2535 2726 2156
f 2535 2156 2153
f 2735 2737 2739
f 2564 2754 2750
f 2549 2548 2735
f 2742 2728 2731
f 2563 2750 2554
f 2757 2760 2560
f 2560 2760 2561
f 2754 2760 2757
f 2757 2745 2754
f 2559 2757 2560
f 2551 2739 2745
f 2559 2551 2745
f 2559 2745 2757
f 2745 2742 2754
f 2754 2742 2750
f 2750 2742 2731
f 2554 2750 2731
f 2545 2554 2731
f 2742 2745 2739
f 2739 2737 2742
f 2737 2728 2742
f 2549 2739 2551
f 2533 2535 2153
f 2533 2153 2723
f 2153 2150 2723
f 2723 2719 2533
f 2533 2719 2532
f 2532 2719 2529
f 2719 2723 2150
f 2150 2148 2719
f 2528 2529 2719
f 2528 2719 2148
f 2528 2148 2146
f 2146 2089 2528
f 2528 2089 2518
f 3961 3958 3953
f 3953 3959 3961
f 3954 3598 3607
f 3954 3607 3953
f 3958 3954 3953
f 3897 3958 3963
f 3897 3896 3958
f 3896 3954 3958
f 3963 3961 3966
f 3594 3568 3916
f 3916 3568 3865
f 3592 3593 3908
f 3908 3593 3914
f 3916 3914 3593
f 3593 3594 3916
f 3898 3586 3969
f 3588 3587 3970
f 3586 3585 3969
f 3583 3965 3962
f 3962 3611 3583
f 3956 3603 3962
f 3962 3603 3611
f 3610 3968 3967
f 3967 3609 3610
f 3961 3967 3966
f 3966 3967 3968
f 3964 3965 3584
f 3967 3964 3584
f 3609 3967 3584
f 3959 3964 3961
f 3961 3964 3967
f 3958 3961 3963
f 3898 3587 3586
f 3898 3899 3587
f 3899 3970 3587
f 3900 3901 3955
f 3620 3621 3910
f 3910 3621 3911
f 3907 3911 3621
f 3621 3591 3907
f 3910 3909 3619
f 3619 3620 3910
f 3908 3907 3591
f 3591 3592 3908
f 3905 3971 3906
f 3903 3590 3588
f 3904 3903 3588
f 3904 3588 3970
f 3898 3969 3901
f 3900 3955 3902
f 3901 3969 3585
f 3901 3585 3589
f 3901 3589 3955
f 3904 3970 3899
f 3835 3834 3948
f 3835 3948 3494
f 3835 3494 3495
f 3835 3495 3917
f 3834 3831 3946
f 3946 3948 3834
f 3948 3490 3494
f 3948 3946 3944
f 3948 3944 3489
f 3948 3489 3490
f 3944 3473 3489
f 3826 3946 3831
f 3823 3828 3947
f 3947 3945 3823
f 3819 3943 3944
f 3826 3819 3944
f 3826 3944 3946
f 3835 3917 3790
f 3823 3945 3937
f 3819 3823 3937
f 3943 3941 3471
f 3481 3921 3485
f 3485 3921 3926
f 3481 3459 3921
f 3485 3926 3928
f 3819 3937 3943
f 3928 3474 3485
f 3459 3462 3921
f 3943 3471 3473
f 3944 3943 3473
f 3943 3937 3934
f 3934 3941 3943
f 3941 3470 3471
f 3941 3934 3467
f 3467 3470 3941
f 3933 3934 3936
f 3936 3934 3937
f 3926 3933 3928
f 3928 3933 3936
f 3934 3933 3930
f 3934 3930 3463
f 3934 3463 3467
f 3921 3930 3926
f 3926 3930 3933
f 3930 3462 3463
f 3921 3462 3930
f 3875 3543 3888
f 3889 3888 3543
f 3543 3544 3889
f 3548 3543 3875
f 3889 3550 3890
f 3891 3555 3892
f 3895 3894 3559
f 3559 3566 3895
f 3891 3890 3550
f 3550 3553 3891
f 3893 3892 3555
f 3555 3557 3893
f 3557 3559 3893
f 3893 3559 3894
f 3553 3555 3891
f 3544 3550 3889
f 3870 3866 3570
f 3570 3574 3870
f 3574 3575 3870
f 3870 3575 3871
f 3866 3865 3568
f 3568 3570 3866
f 3575 3576 3872
f 3872 3871 3575
f 3577 3578 3874
f 3874 3873 3577
f 3582 3577 3880
f 3880 3577 3873
f 3576 3579 3872
f 3580 3581 3878
f 3878 3581 3879
f 3880 3879 3581
f 3581 3582 3880
f 3878 3877 3579
f 3579 3580 3878
f 3875 3874 3578
f 3578 3548 3875
f 3872 3579 3877
f 3916 3865 4071
f 4071 3865 4033
f 3908 3914 4066
f 4066 3914 4070
f 4139 4137 3692
f 3692 3715 4206
f 4139 3692 4206
f 4135 4139 4206
f 4206 4204 4135
f 3715 3708 4206
f 4206 3708 3701
f 3701 4204 4206
f 4122 4131 4205
f 4205 3496 3499
f 4122 4205 3499
f 4122 3499 3501
f 4135 4204 4124
f 4131 4135 4124
f 4131 4124 4128
f 4079 3615 3687
f 3917 3495 3612
f 3681 3947 3828
f 3681 3828 4090
f 3683 3681 4090
f 4090 4094 4098
f 3683 4090 4098
f 4082 3683 4098
f 3681 3487 3947
f 3947 3487 3483
f 3476 3928 3936
f 3478 3476 3936
f 3936 3937 3945
f 3478 3936 3945
f 3483 3478 3945
f 3947 3483 3945
f 3476 3474 3928
f 3808 3615 4079
f 3919 3691 3811
f 3691 3683 3811
f 3683 4085 3811
f 4131 4128 4205
f 4205 3704 3496
f 4128 3972 4093
f 4093 4079 3687
f 4093 3687 3704
f 4093 3704 4205
f 4128 4093 4205
f 3701 3699 4091
f 3701 4091 4095
f 4124 4204 4095
f 3973 4124 4095
f 3696 3919 3813
f 3699 3696 3813
f 3699 3813 4089
f 4091 3699 4089
f 3696 3691 3919
f 3683 4082 4085
f 4204 3701 4095
f 4071 4070 3914
f 3914 3916 4071
f 3910 3911 4069
f 4075 4084 4099
f 4099 4074 4075
f 4098 4099 4082
f 4082 4099 4084
f 4099 4097 3835
f 4099 3835 3790
f 4074 4099 3790
f 4099 4098 4094
f 4094 4097 4099
f 4097 3834 3835
f 4097 4094 3831
f 3831 3834 4097
f 4090 4087 3826
f 4094 4090 3826
f 4094 3826 3831
f 4090 3828 3823
f 3823 4087 4090
f 4087 3819 3826
f 3823 3819 4087
f 4049 4102 4025
f 4055 4104 4052
f 3887 3886 4048
f 4048 3886 4054
f 4053 3885 3882
f 4053 3882 4104
f 4055 4053 4104
f 4053 4054 3886
f 3886 3885 4053
f 4051 4105 4050
f 4051 4052 4104
f 3881 3884 4105
f 4104 3881 4105
f 4051 4104 4105
f 4049 4050 4105
f 4105 3883 4102
f 3856 3869 4028
f 4028 3869 4040
f 3868 3860 4038
f 3883 3876 4102
f 4049 4105 4102
f 3884 3883 4105
f 3882 3881 4104
f 4113 3904 4107
f 4114 4113 4107
f 4113 4112 3903
f 3903 3904 4113
f 4108 4109 4110
f 4110 4109 4111
f 4107 3898 3901
f 4110 4107 3901
f 4110 3901 4108
f 4109 4108 3900
f 4109 3900 3902
f 4109 3902 4106
f 3901 3900 4108
f 3899 3898 4107
f 4106 3896 3897
f 3904 3899 4107
f 4112 4113 4116
f 4113 4114 4117
f 3911 3907 4069
f 4069 3907 4065
f 4068 4067 3909
f 3909 3910 4068
f 4066 4065 3907
f 3907 3908 4066
f 4064 4119 4063
f 4118 4120 3905
f 4121 4118 3905
f 3906 4121 3905
f 4114 4118 4117
f 4117 4118 4121
f 4110 4111 4118
f 4118 4111 4120
f 4118 4114 4107
f 4107 4110 4118
f 4117 4116 4113
f 4116 4115 4112
f 4038 3860 4030
f 4038 4040 3869
f 3869 3868 4038
f 3859 3864 4029
f 4069 4068 3910
f 4029 3864 4032
f 3862 3867 4031
f 4031 3867 4036
f 4031 4032 3864
f 3864 3862 4031
f 4029 4030 3860
f 3860 3859 4029
f 3371 3402 3458
f 3371 3458 3031
f 3371 3031 3032
f 3458 3457 3453
f 3030 3458 3453
f 3030 3453 3014
f 3402 3401 3457
f 3457 3458 3402
f 3397 3451 3399
f 3453 3457 3456
f 3453 3456 3029
f 3453 3029 3010
f 3400 3455 3456
f 3401 3400 3456
f 3401 3456 3457
f 3456 3028 3029
f 3027 3028 3455
f 3458 3030 3031
f 3034 3033 3403
f 3403 3022 3394
f 3375 3406 3038
f 3038 3039 3375
f 3037 3038 3372
f 3372 3038 3406
f 3035 3036 3376
f 3376 3036 3405
f 3004 3034 3388
f 3388 3034 3404
f 3033 3022 3403
f 3403 3404 3034
f 3455 3028 3456
f 3400 3398 3454
f 3399 3451 3015
f 3391 3009 3390
f 3007 3004 3389
f 3389 3004 3388
f 3387 3386 3002
f 3002 2992 3449
f 3387 3002 3449
f 3000 3002 3385
f 3385 3002 3386
f 3011 3009 3391
f 3009 3007 3389
f 3013 3011 3391
f 3398 3399 3015
f 3398 3015 3026
f 3398 3026 3454
f 3455 3454 3025
f 3025 3027 3455
f 3026 3025 3454
f 3020 3024 3393
f 3393 3024 3396
f 3395 3023 3017
f 3395 3017 3451
f 3397 3395 3451
f 3395 3396 3024
f 3024 3023 3395
f 3393 3394 3022
f 3022 3020 3393
f 3017 3015 3451
f 3391 3392 3013
f 3389 3390 3009
f 3454 3455 3400
f 3249 3248 3622
f 3622 3250 3623
f 3248 3250 3622
f 3250 3251 3624
f 3624 3623 3250
f 3624 3251 3252
f 3296 3422 3298
f 3296 3294 3420
f 3296 3420 2895
f 3296 2895 2902
f 3296 2902 3422
f 3292 3420 3294
f 3417 2938 3420
f 3420 2938 2895
f 3417 2936 2938
f 3417 3420 3288
f 3288 3420 3292
f 3288 3286 3416
f 3416 2934 2936
f 3288 3416 2936
f 3288 2936 3417
f 3284 3283 2901
f 2901 2904 3284
f 3422 2902 2907
f 2896 2901 3281
f 3301 3298 2910
f 3422 2907 2910
f 3313 2933 3427
f 3313 3427 3311
f 2931 2930 3427
f 3311 3427 2930
f 3310 3311 2930
f 3310 2930 2929
f 3310 2929 2922
f 3310 2922 3425
f 3308 3310 3425
f 3308 3425 3307
f 2922 2920 3425
f 3305 3307 3425
f 3305 3425 2920
f 3305 2920 2918
f 3303 3305 2918
f 2918 2915 3424
f 3303 2918 3424
f 3298 3422 2910
f 2933 2931 3427
f 3281 2901 3283
f 2893 2896 3281
f 3253 3414 2853
f 3253 2853 2868
f 3253 2868 3415
f 3254 3253 3415
f 3252 3414 3253
f 3254 3415 3255
f 3281 3278 2893
f 3415 2868 2869
f 3256 3415 2869
f 2889 2893 3270
f 3270 2893 3278
f 2873 2889 3258
f 3258 2889 3270
f 2885 2882 3265
f 3265 2882 3264
f 2882 2879 3264
f 3264 2879 3262
f 3261 3262 2879
f 2879 2874 3261
f 2874 2866 3261
f 3261 2866 3259
f 2872 2873 3257
f 3257 2873 3258
f 3257 3256 2870
f 2870 2872 3257
f 3256 3255 3415
f 3256 2869 2870
f 3313 3314 2933
f 3314 3315 2933
f 3315 2935 2933
f 3327 3325 3432
f 3325 3324 2943
f 2943 2944 3325
f 2942 2943 3321
f 3321 2943 3324
f 2941 2942 3320
f 3320 2942 3321
f 3418 3431 3279
f 3279 3431 3317
f 3317 3431 3316
f 3431 3418 2894
f 3431 2894 2937
f 3431 2937 3430
f 3315 3316 3431
f 3431 3430 3315
f 2937 2935 3430
f 3315 3430 2935
f 3325 2944 3432
f 2944 2945 3432
f 3432 2945 2946
f 3327 3432 3328
f 3260 3329 2947
f 2947 2856 3260
f 3329 3328 3432
f 3432 2946 2947
f 3329 3432 2947
f 2953 2952 3440
f 3368 3359 2953
f 3368 2953 3440
f 2976 2973 3366
f 3366 2973 3361
f 3366 3367 2977
f 2977 2976 3366
f 3359 3361 2973
f 2973 2972 3359
f 2968 2958 3355
f 3355 2958 3353
f 3348 3353 2958
f 2958 2957 3348
f 3343 3440 2952
f 3343 2952 2955
f 3341 3343 2955
f 3359 2972 2953
f 3368 3440 3343
f 3348 2977 3367
f 2957 2977 3348
f 3342 3441 3338
f 3678 3680 3611
f 3610 3609 3665
f 3610 3665 3376
f 3610 3376 3405
f 3584 3665 3609
f 3598 3664 3607
f 3608 3673 3602
f 3608 3604 3669
f 3669 3673 3608
f 3606 3679 3605
f 3607 3664 3388
f 3606 3607 3388
f 3606 3388 3404
f 3606 3404 3679
f 3605 3679 3403
f 3403 3394 3669
f 3605 3403 3669
f 3611 3603 3678
f 3406 3680 3372
f 3680 3678 3662
f 3375 3663 3680
f 3680 3406 3375
f 3583 3611 3680
f 3680 3663 3583
f 3680 3662 3372
f 2884 2881 2887
f 2887 2881 3774
f 2881 2877 3776
f 3774 2881 3776
f 3692 3774 3776
f 3715 3692 3776
f 3776 2877 2875
f 3776 2875 2871
f 3776 2871 2855
f 3715 3776 3708
f 3701 3708 3776
f 3776 2855 2854
f 3701 3776 2854
f 3416 2932 2934
f 3416 3286 3704
f 3704 3286 3496
f 3687 2914 2919
f 3704 3687 2919
f 3704 2919 2924
f 2924 2932 3416
f 3157 3155 3681
f 3155 2885 3265
f 3681 3155 3265
f 3487 3681 3265
f 3681 3683 3157
f 3612 3284 3159
f 3284 2904 3159
f 3612 3495 3284
f 3704 2924 3416
f 3701 2854 2911
f 3701 2911 2908
f 3699 3701 2908
f 3696 3699 2908
f 2908 3164 3773
f 3696 2908 3773
f 3164 3162 3773
f 3604 3605 3669
f 3696 3773 3691
f 3773 3162 3157
f 3683 3773 3157
f 3161 2914 3615
f 3615 2914 3687
f 3613 3612 3159
f 3614 3613 3159
f 3614 3159 3161
f 3615 3614 3161
f 3683 3691 3773
f 3404 3403 3679
f 3677 3402 3371
f 3673 3669 3671
f 3672 3671 3395
f 3395 3397 3672
f 3396 3395 3671
f 3394 3393 3669
f 3600 3666 3599
f 3600 3589 3667
f 3667 3392 3391
f 3667 3391 3666
f 3600 3667 3666
f 3598 3599 3666
f 3598 3666 3390
f 3598 3390 3389
f 3598 3389 3664
f 3391 3390 3666
f 3389 3388 3664
f 3597 3596 3386
f 3669 3396 3671
f 3386 3387 3597
f 3669 3393 3396
f 3602 3671 3672
f 3675 3401 3677
f 3677 3401 3402
f 3676 3677 3678
f 3678 3677 3662
f 3603 3601 3672
f 3603 3672 3676
f 3603 3676 3678
f 3674 3675 3676
f 3676 3675 3677
f 3672 3397 3399
f 3672 3399 3674
f 3676 3672 3674
f 3675 3400 3401
f 3675 3674 3398
f 3398 3400 3675
f 3399 3398 3674
f 3602 3673 3671
f 3601 3602 3672
f 3385 3386 3595
f 3595 3386 3596
f 3371 3662 3677
f 3500 3304 3502
f 3500 3475 3276
f 3276 3302 3500
f 3300 3299 3649
f 3649 3299 3297
f 3649 3297 3647
f 3498 3649 3647
f 3497 3498 3647
f 3297 3295 3647
f 3492 3497 3647
f 3647 3646 3492
f 3492 3646 3644
f 3492 3644 3645
f 3493 3492 3645
f 3646 3647 3295
f 3295 3293 3646
f 3644 3646 3293
f 3302 3304 3500
f 3644 3293 3291
f 3304 3306 3504
f 3504 3309 3506
f 3509 3506 3309
f 3309 3312 3509
f 3306 3309 3504
f 3504 3502 3304
f 3644 3291 3640
f 3491 3645 3644
f 3477 3479 3634
f 3634 3282 3280
f 3477 3634 3280
f 3477 3280 3632
f 3280 3279 3632
f 3274 3276 3472
f 3472 3276 3475
f 3472 3469 3273
f 3273 3274 3472
f 3269 3273 3468
f 3468 3273 3469
f 3468 3466 3267
f 3267 3269 3468
f 3266 3267 3465
f 3465 3267 3466
f 3465 3464 3263
f 3263 3266 3465
f 3285 3282 3634
f 3291 3290 3640
f 3634 3635 3285
f 3480 3482 3634
f 3488 3491 3644
f 3488 3644 3642
f 3488 3642 3486
f 3642 3644 3640
f 3640 3637 3642
f 3486 3642 3637
f 3484 3486 3637
f 3484 3637 3636
f 3484 3636 3482
f 3637 3640 3290
f 3290 3289 3637
f 3637 3289 3287
f 3636 3637 3287
f 3636 3287 3635
f 3287 3285 3635
f 3482 3636 3635
f 3482 3635 3634
f 3480 3634 3479
f 3464 3461 3630
f 3630 3260 3263
f 3460 3630 3461
f 3464 3630 3263
f 3546 3658 3545
f 3552 3330 3547
f 3331 3330 3552
f 3561 3660 3334
f 3561 3334 3336
f 3658 3332 3660
f 3660 3332 3334
f 3554 3660 3561
f 3658 3660 3545
f 3545 3660 3554
f 3546 3547 3330
f 3546 3330 3332
f 3546 3332 3658
f 3562 3561 3336
f 825 824 1062
f 1062 824 1061
f 824 823 1061
f 1061 823 1060
f 973 1059 974
f 821 822 1059
f 1054 821 1059
f 972 1054 1059
f 973 972 1059
f 971 1054 972
f 1054 820 821
f 966 814 820
f 966 820 1054
f 971 966 1054
f 819 818 1053
f 970 1053 818
f 970 818 817
f 1059 822 826
f 969 970 817
f 826 1063 1059
f 1059 1063 974
f 981 832 982
f 981 979 827
f 827 831 981
f 829 828 1066
f 980 830 829
f 980 829 1066
f 978 980 1066
f 979 977 1066
f 979 1066 828
f 979 828 827
f 978 1066 977
f 975 1063 1064
f 976 975 1064
f 976 1064 1065
f 1063 826 825
f 1064 1063 825
f 1062 1064 825
f 974 1063 975
f 831 832 981
f 817 816 969
f 967 968 816
f 1050 801 802
f 950 1049 800
f 950 800 801
f 952 950 801
f 952 801 1050
f 1049 798 800
f 796 795 1048
f 949 796 1048
f 948 949 1048
f 795 793 1048
f 948 1048 947
f 946 947 1048
f 1048 793 791
f 946 1048 791
f 791 790 946
f 946 790 945
f 944 945 790
f 952 1050 956
f 969 816 968
f 958 802 806
f 958 956 1050
f 816 815 967
f 815 796 967
f 967 796 949
f 813 814 965
f 965 814 966
f 965 964 812
f 812 813 965
f 811 812 963
f 963 812 964
f 963 962 810
f 810 811 963
f 809 810 961
f 961 810 962
f 807 809 960
f 960 809 961
f 960 958 806
f 806 807 960
f 958 1050 802
f 983 982 1067
f 982 833 1067
f 982 832 833
f 989 988 838
f 838 839 989
f 837 838 987
f 987 838 988
f 987 986 836
f 836 837 987
f 835 836 985
f 985 836 986
f 985 984 1067
f 985 1067 834
f 985 834 835
f 1067 833 834
f 983 1067 984
f 790 789 944
f 943 944 789
f 943 789 1047
f 788 787 1047
f 789 788 1047
f 1324 1323 1329
f 1329 1323 1328
f 1324 1326 1325
f 1325 1319 1324
f 1323 1324 1319
f 1319 1318 1323
f 1316 1314 1220
f 1220 1314 1216
f 1216 1314 1215
f 1314 1316 1315
f 1315 1313 1314
f 1314 1313 1215
f 1215 1313 1213
f 1330 1324 1329
f 1326 1324 1330
f 1222 1325 1326
f 1236 1315 1316
f 1231 1337 1227
f 1330 1337 1226
f 1226 1337 1231
f 1227 1337 1335
f 1229 1227 1335
f 1229 1335 1338
f 1335 1334 1338
f 1338 1334 1315
f 1335 1337 1330
f 1330 1329 1335
f 1329 1328 1335
f 1335 1328 1334
f 1326 1330 1223
f 1223 1330 1226
f 1224 1332 1222
f 1222 1332 1325
f 1223 1222 1326
f 1236 1233 1315
f 1233 1338 1315
f 1229 1338 1233
f 1236 1316 1220
f 1039 1038 1291
f 1197 1039 1291
f 1196 1197 1291
f 1196 1291 1190
f 1293 975 976
f 1194 974 975
f 1194 975 1293
f 1195 1194 1293
f 973 974 1193
f 1193 974 1194
f 1193 1192 972
f 972 973 1193
f 971 972 1191
f 1191 972 1192
f 966 971 1181
f 1181 971 1191
f 1038 1037 1291
f 1198 1294 1199
f 1189 1190 1291
f 1200 1299 1301
f 1199 1294 1299
f 1305 983 984
f 982 983 1305
f 1204 982 1305
f 1205 1204 1305
f 981 982 1203
f 1203 982 1204
f 979 981 1202
f 1202 981 1203
f 1304 980 978
f 978 1302 1304
f 1301 977 979
f 1201 1301 979
f 1202 1201 979
f 977 1301 1299
f 978 977 1299
f 1302 978 1299
f 1200 1301 1201
f 1200 1199 1299
f 1205 1305 1206
f 1291 1037 1036
f 1187 1189 1036
f 1169 1170 1275
f 1275 1274 1169
f 1169 1274 1161
f 1285 961 962
f 1167 1164 1283
f 1283 960 961
f 1167 1283 961
f 1167 961 1285
f 1283 958 960
f 1164 1163 1281
f 1281 1283 1164
f 1163 1162 1278
f 1278 1281 1163
f 1283 1281 956
f 956 958 1283
f 1281 1278 1276
f 1281 1276 952
f 1167 1285 1171
f 1189 1291 1036
f 1173 1171 963
f 1171 1285 962
f 1036 1035 1187
f 1035 970 1187
f 1187 970 1184
f 970 969 1184
f 1184 969 1183
f 1182 1183 969
f 969 968 1182
f 1170 1182 968
f 968 967 1275
f 1170 968 1275
f 967 949 1275
f 1181 1179 965
f 965 966 1181
f 964 965 1177
f 1177 965 1179
f 1177 1173 963
f 963 964 1177
f 1171 962 963
f 1207 1305 985
f 1305 984 985
f 1207 1206 1305
f 1281 952 956
f 1276 950 952
f 948 1274 1275
f 1274 948 947
f 1161 1274 947
f 1161 947 1273
f 1160 1161 1273
f 947 946 1273
f 1275 949 948
f 779 786 781
f 786 785 781
f 781 785 780
f 780 785 777
f 540 439 599
f 777 761 776
f 761 759 776
f 776 759 685
f 785 761 777
f 540 434 439
f 785 762 761
f 786 528 762
f 766 540 599
f 766 599 543
f 696 766 543
f 697 696 543
f 778 698 767
f 778 767 542
f 778 542 597
f 778 597 596
f 779 778 596
f 596 588 786
f 779 596 786
f 537 765 536
f 593 537 536
f 593 536 432
f 593 432 436
f 435 593 436
f 786 588 528
f 785 786 762
f 2047 2048 2044
f 2044 2041 2047
f 2035 2047 2041
f 2041 2030 2035
f 1884 1883 2041
f 2041 2044 2015
f 1884 2041 2015
f 2030 2041 1877
f 1877 2041 1883
f 1879 2034 2035
f 1878 1879 2035
f 1878 2035 2030
f 1881 2034 1879
f 1878 2030 1877
f 2035 2034 2049
f 2063 2064 2061
f 2061 2059 2063
f 2057 2063 2059
f 2059 2051 2057
f 2059 2061 2048
f 2048 2047 2059
f 2051 2059 2047
f 2047 2035 2051
f 2049 2051 2035
f 1904 1905 2018
f 2018 2020 2023
f 1904 2018 2023
f 1882 2018 1905
f 1904 2023 1885
f 1893 1898 2029
f 1893 2029 2032
f 1893 2032 2039
f 2027 2029 1889
f 1889 2029 1898
f 1893 2039 1891
f 1888 2027 1889
f 1433 2064 2063
f 2063 1432 1433
f 1986 1987 1858
f 1986 1392 1393
f 1985 1390 1392
f 1985 1392 1986
f 1855 1985 1986
f 1857 1855 1986
f 1980 1386 1985
f 1985 1386 1390
f 1851 1985 1855
f 1978 1980 1985
f 1849 1978 1985
f 1851 1849 1985
f 1816 1978 1849
f 1382 1380 1974
f 1974 1380 1971
f 1971 1380 1379
f 1858 1857 1986
f 1858 1987 1859
f 1987 1986 1393
f 1859 1987 1994
f 1860 1859 1994
f 1399 1994 1987
f 1399 1987 1393
f 1971 1379 1967
f 1837 1971 1967
f 1379 1377 1967
f 1847 1967 1843
f 1967 1377 1373
f 1967 1373 1965
f 1843 1967 1965
f 1839 1843 1965
f 1839 1965 1830
f 1369 1963 1373
f 1373 1963 1965
f 1965 1963 1962
f 1830 1965 1962
f 1822 1830 1962
f 1369 1367 1963
f 1962 1963 1367
f 1367 1366 1961
f 1962 1367 1961
f 1847 1837 1967
f 2256 2272 2097
f 2097 2272 2156
f 2156 2272 2153
f 2272 2256 2255
f 2255 2254 2272
f 2153 2272 2254
f 2153 2254 2252
f 2150 2153 2252
f 2148 2150 2252
f 2252 2251 2148
f 2251 2248 2148
f 2148 2248 2146
f 2146 2248 2089
f 1570 1535 1569
f 1535 1521 1569
f 1569 1521 1565
f 1567 1568 1565
f 1565 1555 1567
f 1404 1406 1567
f 1567 1555 1404
f 1403 1555 1565
f 1403 1565 1521
f 1372 1403 1521
f 1404 1555 1403
f 1168 1553 1551
f 1551 1165 1168
f 1165 1551 1545
f 1166 1165 1545
f 1549 1166 1545
f 1540 1551 1553
f 1538 1535 1570
f 1388 1540 1553
f 1571 1565 1568
f 1570 1569 1571
f 1576 1574 1541
f 1541 1574 1534
f 1574 1573 1534
f 1534 1573 1526
f 1572 1571 1576
f 1576 1571 1574
f 1573 1574 1571
f 1571 1568 1573
f 1412 1524 1526
f 1412 1526 1573
f 1410 1412 1573
f 1366 1524 1412
f 1409 1410 1573
f 1409 1573 1568
f 1409 1568 1567
f 1409 1567 1406
f 1571 1572 1570
f 1569 1565 1571
f 1578 1538 1570
f 1386 1388 1553
f 1385 1545 1551
f 1371 1518 1368
f 1521 1518 1371
f 1385 1398 1545
f 1371 1372 1521
f 1518 1531 1368
f 1385 1551 1540
f 1545 1543 1549
f 1549 1543 1547
f 1543 1533 1547
f 1547 1533 1538
f 1398 1395 1543
f 1543 1545 1398
f 1395 1378 1533
f 1533 1543 1395
f 1381 1540 1388
f 1385 1540 1381
f 1535 1538 1533
f 1533 1531 1535
f 1531 1518 1535
f 1535 1518 1521
f 1531 1533 1376
f 1376 1533 1378
f 1368 1531 1376
f 1547 1538 1578
f 1578 1174 1547
f 1174 1549 1547
f 1558 1522 1520
f 1520 1580 1558
f 1541 1558 1580
f 1580 1576 1541
f 1580 1520 1172
f 1172 1180 1579
f 1580 1172 1579
f 1576 1580 1579
f 1579 1572 1576
f 1174 1166 1549
f 1176 1578 1180
f 1180 1578 1579
f 1578 1570 1579
f 1579 1570 1572
f 1578 1176 1174
f 1764 1090 1197
f 1501 1764 1197
f 1408 1501 1197
f 1408 1197 1560
f 1090 1039 1197
f 1765 1090 1764
f 1092 1090 1765
f 1502 1764 1501
f 1092 1765 1299
f 1092 1299 1294
f 1096 1092 1294
f 1096 1294 1198
f 1508 1096 1198
f 1411 1508 1198
f 1506 1405 1195
f 1507 1506 1195
f 1507 1195 1293
f 1293 976 1096
f 1507 1293 1096
f 1508 1507 1096
f 1504 1505 1767
f 1767 1765 1764
f 1504 1767 1764
f 1764 1502 1503
f 1504 1764 1503
f 1767 1302 1765
f 1302 1299 1765
f 1767 1304 1302
f 1698 1207 986
f 1700 1087 1099
f 1705 1700 1099
f 1705 1099 1773
f 980 1304 1099
f 1099 1304 1773
f 1703 1773 1304
f 1701 1703 1304
f 1701 1304 1767
f 1701 1767 1505
f 1698 1421 1207
f 1207 985 986
f 1705 1773 1703
f 1597 1593 1594
f 1589 1588 1596
f 1596 1588 1595
f 1588 1587 1595
f 1595 1587 1593
f 1587 1592 1593
f 1586 1584 1589
f 1589 1584 1588
f 1584 1583 1588
f 1595 1593 1597
f 1588 1583 1587
f 1599 1595 1597
f 1603 1585 1586
f 1609 1608 1612
f 1608 1589 1612
f 1612 1589 1596
f 1220 1216 1611
f 1611 1216 1610
f 1610 1216 1215
f 1609 1610 1215
f 1609 1215 1607
f 1213 1605 1215
f 1215 1605 1607
f 1608 1609 1607
f 1607 1603 1608
f 1589 1608 1603
f 1603 1586 1589
f 1605 1601 1607
f 1607 1601 1603
f 1601 1585 1603
f 1596 1595 1599
f 1612 1613 1609
f 1584 1586 1585
f 1583 1584 1582
f 1585 1582 1584
f 1582 1581 1583
f 1614 1596 1599
f 1612 1596 1614
f 1613 1612 1614
f 1600 1618 1598
f 1634 1633 1636
f 1453 1634 1636
f 1455 1453 1636
f 1618 1636 1633
f 1633 1611 1618
f 1446 1635 1448
f 1450 1448 1635
f 1450 1635 1632
f 1450 1632 1634
f 1628 1635 1437
f 1437 1635 1446
f 1628 1626 1635
f 1635 1626 1632
f 1633 1634 1632
f 1632 1631 1633
f 1633 1631 1236
f 1636 1618 1600
f 1633 1236 1220
f 1455 1600 1456
f 1450 1634 1453
f 1636 1600 1455
f 1611 1633 1220
f 1632 1626 1229
f 1632 1229 1233
f 1623 1621 1625
f 1625 1621 1624
f 1621 1223 1624
f 1624 1223 1226
f 1623 1622 1224
f 1623 1224 1222
f 1621 1623 1222
f 1621 1222 1223
f 1618 1616 1598
f 1598 1616 1619
f 1616 1613 1619
f 1619 1613 1615
f 1611 1610 1618
f 1618 1610 1616
f 1613 1616 1610
f 1610 1609 1613
f 1614 1615 1613
f 1626 1227 1229
f 1627 1226 1231
f 1624 1226 1627
f 1436 1434 1627
f 1631 1632 1233
f 1631 1233 1236
f 1443 1625 1434
f 1440 1630 1442
f 1442 1630 1623
f 1443 1442 1623
f 1443 1623 1625
f 1440 1438 1629
f 1629 1630 1440
f 1630 1622 1623
f 1627 1628 1436
f 1436 1628 1437
f 1627 1231 1227
f 1628 1627 1227
f 1626 1628 1227
f 1434 1625 1624
f 1434 1624 1627
f 1629 1622 1630
f 721 723 631
f 631 723 632
f 499 723 721
f 721 710 487
f 499 721 487
f 626 721 631
f 710 721 620
f 620 721 626
f 498 496 716
f 496 495 716
f 716 495 715
f 622 624 715
f 495 493 712
f 715 495 712
f 622 715 712
f 493 490 712
f 710 485 487
f 620 618 484
f 484 485 710
f 483 484 617
f 472 705 706
f 468 701 472
f 472 701 705
f 703 702 469
f 469 470 703
f 464 469 701
f 701 469 702
f 468 464 701
f 706 474 472
f 620 484 710
f 600 701 702
f 601 705 701
f 617 484 618
f 617 611 482
f 482 483 617
f 480 482 609
f 609 482 611
f 609 607 709
f 609 709 478
f 609 478 480
f 607 602 703
f 703 709 607
f 709 476 478
f 709 703 470
f 470 476 709
f 601 603 706
f 706 705 601
f 702 703 600
f 600 703 602
f 600 601 701
f 351 349 417
f 417 419 351
f 355 353 451
f 425 453 428
f 452 359 350
f 453 452 350
f 454 453 350
f 423 451 452
f 425 423 452
f 425 452 453
f 349 365 417
f 417 365 421
f 423 420 362
f 423 362 355
f 423 355 451
f 420 421 365
f 365 362 420
f 452 358 359
f 452 451 353
f 353 358 452
f 429 454 455
f 429 428 454
f 428 453 454
f 419 417 505
f 514 574 513
f 513 574 512
f 573 428 429
f 511 509 572
f 425 428 573
f 572 425 573
f 511 572 573
f 572 423 425
f 571 572 508
f 508 572 509
f 505 417 421
f 508 505 421
f 508 421 571
f 572 571 420
f 420 423 572
f 421 420 571
f 505 506 419
f 517 575 515
f 575 576 502
f 502 515 575
f 398 399 480
f 478 476 397
f 397 398 478
f 548 396 397
f 470 548 397
f 476 470 397
f 548 395 396
f 472 474 413
f 413 412 549
f 472 413 549
f 412 406 549
f 468 472 549
f 549 546 468
f 549 406 404
f 404 546 549
f 470 469 547
f 547 548 470
f 480 478 398
f 545 547 464
f 480 401 482
f 483 401 550
f 493 556 414
f 490 493 414
f 490 414 409
f 490 409 551
f 487 485 553
f 553 554 555
f 487 553 555
f 553 410 554
f 554 410 411
f 550 553 484
f 484 553 485
f 410 553 550
f 550 407 410
f 409 408 551
f 483 550 484
f 483 482 401
f 401 407 550
f 399 401 480
f 558 414 556
f 464 547 469
f 405 395 548
f 548 547 405
f 403 405 545
f 545 405 547
f 464 468 546
f 546 544 545
f 464 546 545
f 402 544 404
f 404 544 546
f 400 403 544
f 544 403 545
f 402 400 544
f 415 414 558
f 495 556 493
f 496 556 495
f 487 555 499
f 563 567 561
f 561 560 563
f 498 563 560
f 496 498 560
f 496 560 558
f 560 561 555
f 555 554 560
f 560 554 411
f 558 560 411
f 558 411 415
f 558 556 496
f 1513 1516 1130
f 1130 1032 1786
f 1513 1130 1786
f 1514 1513 1786
f 1747 1788 1736
f 1734 1787 1742
f 1743 1792 1745
f 1792 1129 1121
f 1745 1792 1121
f 1747 1745 1121
f 1747 1121 1788
f 1743 1742 1787
f 1743 1787 1117
f 1743 1117 1128
f 1743 1128 1792
f 1792 1128 1129
f 1738 1791 1739
f 1516 1111 1130
f 1127 1125 1790
f 1516 1515 1111
f 1514 1786 1729
f 1755 1678 1460
f 1740 1790 1751
f 1752 1793 1753
f 1753 1793 1780
f 1755 1753 1780
f 1755 1780 1678
f 1752 1751 1790
f 1790 1789 1793
f 1752 1790 1793
f 1780 1793 1789
f 1789 1779 1780
f 1515 1512 1111
f 1791 1127 1790
f 1740 1739 1790
f 1730 1363 1731
f 1363 1034 1118
f 1731 1363 1118
f 1732 1731 1118
f 1787 1116 1117
f 1786 1361 1362
f 1729 1786 1362
f 1730 1729 1362
f 1730 1362 1363
f 992 1341 1360
f 1032 992 1360
f 1786 1032 1360
f 1361 1786 1360
f 1023 1026 1719
f 1719 1026 1726
f 1726 1026 1025
f 1025 1027 1271
f 1734 1732 1787
f 1739 1791 1790
f 1732 1116 1787
f 1724 1119 1115
f 1736 1788 1122
f 1736 1122 1126
f 1736 1126 1791
f 1738 1736 1791
f 1791 1126 1127
f 1125 1124 1790
f 1790 1124 1789
f 1779 1789 1124
f 1779 1124 1123
f 1779 1123 1784
f 1120 1781 1123
f 1123 1781 1784
f 1788 1121 1122
f 1781 1120 1119
f 1119 1778 1781
f 1724 1711 1778
f 1724 1778 1119
f 1732 1118 1116
f 1726 1025 1271
f 1498 1726 1271
f 1720 1109 1717
f 1699 1762 1702
f 1662 1777 1712
f 1779 1777 1662
f 1721 1723 1114
f 1114 1113 1721
f 1115 1114 1724
f 1724 1114 1723
f 1113 1112 1721
f 1721 1112 1720
f 1715 1024 1022
f 1715 1022 1020
f 1719 1715 1020
f 1719 1020 1023
f 1715 1717 1109
f 1109 1024 1715
f 1676 1678 1780
f 1780 1662 1663
f 1676 1780 1663
f 1676 1663 1665
f 1662 1780 1779
f 1712 1444 1662
f 1112 1109 1720
f 1599 1597 1606
f 1606 1597 1604
f 1597 1594 1604
f 1617 1599 1606
f 1614 1599 1617
f 1458 1614 1617
f 1458 1457 1614
f 1467 1466 1602
f 1602 1620 1467
f 1467 1620 1464
f 1620 1602 1598
f 1464 1620 1619
f 1457 1464 1619
f 1457 1619 1615
f 1458 1617 1459
f 1459 1617 1606
f 1461 1459 1606
f 1457 1615 1614
f 1598 1619 1620
f 2058 1441 1447
f 2062 1445 1444
f 1444 2060 2062
f 2058 2062 2060
f 2060 2038 2058
f 1441 2058 2055
f 2055 1435 1441
f 1439 1435 2055
f 1439 2055 2045
f 2052 1439 2045
f 1912 2055 2058
f 1902 1912 2058
f 1902 2058 2038
f 2045 2055 1909
f 1909 2055 1912
f 2050 2052 2045
f 2045 2043 2050
f 1447 2062 2058
f 2043 2039 2050
f 1447 1445 2062
f 1451 2050 2032
f 1915 1914 2067
f 2067 2066 2069
f 1915 2067 2069
f 2069 2066 1465
f 2069 1465 1468
f 2068 2069 1468
f 2068 1469 2021
f 2021 1469 1438
f 2068 1468 1469
f 2067 2065 1462
f 2067 1462 1463
f 2066 2067 1463
f 2066 1463 1465
f 2065 1460 1462
f 1452 1439 2052
f 1452 2052 2050
f 2050 1451 1452
f 2032 1431 1451
f 2037 2068 2021
f 2050 2039 2032
f 2043 2045 1909
f 2017 2019 2013
f 1422 2020 2018
f 1423 1422 2018
f 2019 1423 2018
f 1882 1868 2013
f 2013 2019 2018
f 1882 2013 2018
f 1869 1871 2016
f 2016 2017 2013
f 1869 2016 2013
f 2015 2016 1870
f 1870 2016 1871
f 1869 2013 1868
f 2017 1424 2019
f 1909 1907 2043
f 2017 1425 1424
f 2023 2025 1887
f 2039 2043 1891
f 1891 2043 1907
f 1902 2038 1896
f 1422 1429 2020
f 1431 2032 2029
f 2029 1430 1431
f 1430 2029 2027
f 2027 1426 1430
f 1428 1427 2025
f 1428 2025 2023
f 1429 1428 2023
f 2020 1429 2023
f 1887 2025 1427
f 1888 1887 1427
f 1427 1426 2027
f 1888 1427 2027
f 1887 1885 2023
f 1424 1423 2019
f 2069 2068 2037
f 1915 2037 1892
f 2069 2037 1915
f 1474 2061 2064
f 1473 1471 2072
f 2061 1474 1473
f 1473 2072 2048
f 2061 1473 2048
f 1470 1472 2071
f 2071 1472 1425
f 1425 2017 2071
f 1470 2071 2070
f 1471 1470 2070
f 2072 1471 2070
f 2070 2044 2072
f 2072 2044 2048
f 2070 2071 2017
f 2017 2016 2070
f 2016 2015 2070
f 2070 2015 2044
f 2064 1475 1474
f 1433 1475 2064
f 2092 2253 2093
f 2250 2253 2091
f 2091 2253 2092
f 2250 2249 2252
f 2252 2249 2251
f 2248 2251 2249
f 2249 2247 2248
f 2249 2250 2090
f 2090 2250 2091
f 2090 2087 2247
f 2247 2249 2090
f 2088 2089 2248
f 2248 2247 2088
f 2088 2247 2087
f 2253 2250 2252
f 2252 2254 2253
f 2094 2093 2254
f 2094 2255 2095
f 2093 2253 2254
f 2094 2254 2255
f 1507 1508 1854
f 1853 1823 1988
f 1853 1988 1506
f 1853 1506 1507
f 1988 1405 1506
f 1505 1504 1995
f 1848 1850 1995
f 1848 1995 1504
f 1848 1504 1503
f 1503 1502 1848
f 1848 1502 1845
f 1842 1993 1832
f 1828 1832 1993
f 1501 1408 1991
f 1993 1501 1991
f 1828 1993 1991
f 1828 1991 1826
f 1854 1853 1507
f 1854 1411 1856
f 1862 1864 1998
f 1867 1825 1966
f 1966 2005 1867
f 1867 2005 1864
f 1959 2000 1966
f 1966 2000 2005
f 2005 2000 1998
f 1864 2005 1998
f 1508 1411 1854
f 1408 1407 1991
f 1991 1407 1394
f 1798 1826 1394
f 1798 1394 1391
f 1798 1391 1953
f 1796 1798 1953
f 1391 1389 1953
f 1953 1951 1796
f 1796 1951 1795
f 1953 1389 1387
f 1387 1951 1953
f 1795 1951 1940
f 1794 1795 1940
f 1794 1940 1946
f 1951 1387 1384
f 1384 1938 1940
f 1951 1384 1940
f 1936 1937 1940
f 1940 1937 1946
f 1940 1938 1375
f 1956 1946 1396
f 1940 1375 1365
f 1946 1374 1396
f 1396 1397 1958
f 1820 1988 1823
f 1818 1970 1402
f 1818 1402 1405
f 1820 1818 1405
f 1820 1405 1988
f 1812 1970 1818
f 1970 1401 1402
f 1812 1805 1958
f 1812 1958 1400
f 1812 1400 1401
f 1812 1401 1970
f 1958 1397 1400
f 1805 1803 1956
f 1956 1958 1805
f 1946 1956 1794
f 1794 1956 1803
f 1958 1956 1396
f 1946 1937 1374
f 1940 1365 1936
f 1384 1383 1938
f 1383 1375 1938
f 1937 1370 1374
f 1937 1936 1364
f 1364 1370 1937
f 1365 1364 1936
f 1826 1991 1394
f 1517 1163 1519
f 1161 1160 1517
f 1162 1163 1517
f 1163 1164 1523
f 1523 1164 1167
f 1365 1532 1528
f 1365 1528 1537
f 1364 1365 1537
f 1539 1537 1171
f 1171 1173 1539
f 1528 1523 1167
f 1537 1528 1167
f 1537 1167 1171
f 1525 1528 1530
f 1530 1528 1532
f 1530 1170 1169
f 1169 1525 1530
f 1519 1523 1525
f 1525 1523 1528
f 1169 1161 1517
f 1169 1517 1519
f 1525 1169 1519
f 1523 1519 1163
f 1537 1539 1370
f 1370 1364 1537
f 1539 1173 1177
f 1374 1179 1544
f 1204 1205 1418
f 1418 1205 1419
f 1203 1204 1417
f 1417 1204 1418
f 1564 1202 1203
f 1416 1564 1203
f 1417 1416 1203
f 1415 1564 1416
f 1564 1201 1202
f 1415 1414 1563
f 1415 1563 1200
f 1415 1200 1201
f 1415 1201 1564
f 1563 1199 1200
f 1413 1563 1414
f 1411 1198 1199
f 1411 1199 1563
f 1205 1206 1420
f 1413 1411 1563
f 1420 1419 1205
f 1206 1207 1420
f 1420 1207 1421
f 1408 1560 1407
f 1407 1560 1197
f 1197 1196 1552
f 1187 1184 1550
f 1387 1550 1384
f 1375 1532 1365
f 1384 1550 1184
f 1384 1184 1183
f 1384 1183 1548
f 1383 1384 1548
f 1183 1182 1548
f 1375 1383 1548
f 1375 1548 1530
f 1375 1530 1532
f 1548 1182 1170
f 1170 1530 1548
f 1544 1179 1181
f 1374 1370 1539
f 1539 1177 1179
f 1374 1539 1179
f 1387 1389 1550
f 1389 1187 1550
f 1389 1189 1187
f 1389 1552 1189
f 1407 1197 1552
f 1394 1407 1552
f 1196 1190 1552
f 1405 1402 1194
f 1194 1195 1405
f 1402 1401 1193
f 1193 1194 1402
f 1192 1193 1400
f 1400 1193 1401
f 1191 1192 1400
f 1544 1181 1191
f 1396 1544 1191
f 1397 1396 1191
f 1374 1544 1396
f 1394 1552 1391
f 1389 1391 1552
f 1552 1190 1189
f 1400 1397 1191
f 1347 1351 1343
f 1343 1351 1352
f 1349 1350 1351
f 1351 1350 1353
f 1347 1002 1005
f 1351 1347 1005
f 1351 1005 1349
f 1350 1006 1008
f 1350 1349 1004
f 1004 1006 1350
f 1005 1004 1349
f 1241 1245 1345
f 1241 1345 1347
f 1241 1347 1343
f 1342 994 999
f 1238 1342 999
f 1238 999 1345
f 1014 1352 1013
f 1245 1238 1345
f 1352 1353 1013
f 1350 1008 1015
f 1260 1261 1000
f 995 993 1252
f 1252 993 1257
f 1255 1357 1249
f 993 991 1357
f 1257 993 1357
f 1255 1257 1357
f 1011 995 1253
f 1253 995 1252
f 1246 1249 1357
f 1021 1017 1355
f 1357 1021 1355
f 1246 1357 1355
f 991 1021 1357
f 1017 997 1355
f 1353 1015 1013
f 1015 1353 1350
f 1352 1351 1353
f 1347 1345 998
f 998 1002 1347
f 999 998 1345
f 996 994 1342
f 1242 1341 1239
f 1261 1355 1000
f 1355 997 1000
f 1260 996 1342
f 1246 1355 1261
f 1260 1000 996
f 1240 1260 1342
f 6079 6082 5941
f 5580 6081 6080
f 6080 5579 5580
f 6078 6080 6079
f 6079 6080 6081
f 5579 6080 6074
f 6074 5574 5579
f 6070 6074 6078
f 6078 6074 6080
f 5939 6076 6078
f 5940 5939 6078
f 5940 6078 6079
f 5938 6076 5939
f 6069 6070 6076
f 6076 6070 6078
f 5933 6068 6069
f 5938 5933 6069
f 5941 5940 6079
f 5938 6069 6076
f 6082 6084 5942
f 5582 6082 5581
f 6084 5583 5584
f 5561 6089 6087
f 6087 5585 5561
f 5945 5944 6087
f 6087 6089 5945
f 5943 5942 6084
f 5943 6084 5584
f 5584 5585 6087
f 5943 5584 6087
f 5943 6087 5944
f 5583 6084 6082
f 6082 5582 5583
f 6081 5580 5581
f 6079 6081 5581
f 6082 6079 5581
f 5942 5941 6082
f 5574 6074 6073
f 6067 6073 6070
f 6073 5572 5574
f 6070 6073 6074
f 6072 5570 6073
f 6073 5570 5572
f 6066 6072 6067
f 6067 6072 6073
f 6065 6067 6069
f 6069 6067 6070
f 6069 6068 6063
f 6063 6065 6069
f 6062 6066 6065
f 6065 6066 6067
f 6065 6063 6060
f 6060 6062 6065
f 5807 5827 5857
f 5823 5801 5058
f 5058 5101 5823
f 5826 5824 5102
f 5102 5104 5826
f 5104 5105 5826
f 5826 5105 5827
f 5101 5102 5823
f 5823 5102 5824
f 5859 5090 5093
f 5860 5095 5098
f 5821 5819 5860
f 5821 5860 5098
f 5821 5098 5096
f 5859 5093 5095
f 5812 5859 5095
f 5812 5095 5860
f 5827 5107 5857
f 5818 5812 5860
f 5827 5105 5107
f 5829 5861 5831
f 5861 5084 5089
f 5452 5091 4874
f 5861 5089 5091
f 5831 5861 5091
f 5091 5452 5321
f 5831 5091 5321
f 5831 5321 5758
f 5627 5831 5758
f 5862 5069 5071
f 5829 5835 5862
f 5829 5862 5071
f 5829 5071 5084
f 5829 5084 5861
f 5836 5065 5069
f 5833 5836 5069
f 5833 5069 5862
f 5833 5862 5835
f 5857 5107 5080
f 5818 5860 5819
f 5815 5090 5859
f 5068 5072 5851
f 5788 5802 5070
f 5070 5064 5788
f 5851 5072 5070
f 5791 5851 5070
f 5802 5791 5070
f 5066 5068 5851
f 5795 5066 5851
f 5792 5795 5851
f 5849 5067 5066
f 5776 5849 5066
f 5795 5776 5066
f 5792 5851 5791
f 5064 5063 5788
f 5788 5063 5785
f 5797 5777 5723
f 5723 5854 5797
f 5076 5074 5856
f 5815 5087 5090
f 5803 5074 5853
f 5803 5856 5074
f 5811 5815 5859
f 5814 5809 5081
f 5081 5086 5814
f 5086 5087 5814
f 5814 5087 5815
f 5811 5859 5812
f 5055 5067 5849
f 5809 5808 5857
f 5809 5857 5080
f 5809 5080 5081
f 5807 5857 5808
f 5803 5853 5789
f 5805 5856 5804
f 5785 5063 5076
f 5785 5076 5856
f 5805 5785 5856
f 5803 5804 5856
f 5074 5075 5853
f 5796 5797 5854
f 6237 5933 5938
f 6244 5938 5939
f 6239 6237 5938
f 5945 6256 6252
f 6252 5944 5945
f 6249 5942 5943
f 5944 6252 6248
f 6248 6249 5943
f 5944 6248 5943
f 5942 6249 6246
f 6246 5941 5942
f 6245 6246 6248
f 6248 6246 6249
f 5941 6246 6244
f 6244 5940 5941
f 6239 6244 6245
f 6245 6244 6246
f 6244 5939 5940
f 6244 6239 5938
f 5796 5854 5060
f 5429 4826 5061
f 5057 5060 4494
f 4494 4492 5057
f 4826 4975 4645
f 5061 4826 4645
f 5061 4645 4495
f 4645 4438 4495
f 5060 5061 4495
f 4495 4494 5060
f 4491 4489 5123
f 5057 4492 4491
f 5057 4491 5123
f 5051 5057 5123
f 5055 5050 5123
f 5123 4489 4487
f 5055 5123 4487
f 5051 5123 5050
f 4757 5375 4758
f 4758 5375 5355
f 4757 4755 5375
f 5165 5355 5164
f 5356 5355 5165
f 5167 5356 5165
f 4724 4897 4725
f 4896 4897 4723
f 4723 4897 4724
f 4895 4896 4721
f 4721 4896 4723
f 4722 4895 4721
f 4644 4645 4973
f 4973 4645 4975
f 4637 4644 4969
f 4969 4644 4973
f 4635 4637 4966
f 4966 4637 4969
f 4627 4635 4966
f 5258 5429 5061
f 5258 5061 5854
f 5258 5854 5723
f 5061 5060 5854
f 5783 5796 5057
f 5057 5051 5783
f 5050 5055 5849
f 5781 5050 5849
f 5778 5781 5849
f 5051 5050 5783
f 5783 5050 5781
f 5778 5849 5776
f 5552 5554 5702
f 5552 5702 5704
f 5704 5702 5700
f 5700 5698 5704
f 5701 5241 5238
f 5702 5701 5238
f 5702 5238 5700
f 5699 5695 5697
f 5551 5699 5697
f 5545 5551 5697
f 5694 5695 5698
f 5698 5695 5699
f 5695 5236 5235
f 5695 5235 5696
f 5558 5560 5699
f 5697 5695 5696
f 5560 5698 5699
f 5558 5699 5551
f 5569 5709 5550
f 5708 5709 5562
f 5562 5709 5569
f 5568 5707 5566
f 5697 5707 5545
f 5545 5707 5568
f 5566 5707 5706
f 5562 5566 5706
f 5562 5706 5708
f 5696 5706 5697
f 5697 5706 5707
f 5552 5704 5560
f 5560 5704 5698
f 5695 5694 5233
f 5233 5236 5695
f 5570 5712 5572
f 5711 5712 5570
f 5574 5572 5712
f 5718 5257 5260
f 5737 5272 5269
f 5735 5263 5271
f 5728 5248 5254
f 5713 5728 5716
f 5716 5728 5730
f 5726 5253 5245
f 5248 5728 5721
f 5721 5246 5248
f 5712 5721 5713
f 5713 5721 5728
f 5719 5726 5245
f 5721 5719 5245
f 5246 5721 5245
f 5711 5719 5712
f 5712 5719 5721
f 5580 5579 5716
f 5716 5718 5580
f 5579 5574 5713
f 5713 5716 5579
f 5254 5730 5728
f 5257 5716 5256
f 5716 5730 5256
f 5257 5718 5716
f 5584 5583 5735
f 5584 5735 5271
f 5584 5271 5272
f 5584 5272 5737
f 5561 5585 5737
f 5561 5737 5269
f 5561 5269 5255
f 5584 5737 5585
f 5712 5713 5574
f 5263 5735 5734
f 5583 5582 5734
f 5734 5735 5583
f 5581 5580 5718
f 5581 5718 5260
f 5260 5261 5734
f 5581 5260 5734
f 5581 5734 5582
f 5730 5254 5256
f 5734 5261 5263
f 5796 5060 5057
f 5458 5457 5144
f 5144 5145 5458
f 5143 5144 5456
f 5456 5144 5457
f 5142 5143 5455
f 5455 5143 5456
f 5140 5142 5453
f 5453 5454 5141
f 5453 5142 5455
f 5141 5140 5453
f 6549 6461 6456
f 6533 6460 6461
f 6528 6533 6461
f 6528 6461 6549
f 6548 6453 6459
f 6533 6526 6548
f 6533 6548 6459
f 6533 6459 6460
f 6552 6457 6458
f 6552 6458 6455
f 6455 6551 6552
f 6529 6549 6456
f 6529 6456 6457
f 6532 6529 6457
f 6532 6457 6552
f 6531 6532 6552
f 6552 6551 6531
f 6551 6455 6454
f 6512 6434 6547
f 6516 6520 6544
f 6516 6544 6438
f 6516 6438 6431
f 6428 6434 6515
f 6515 6434 6518
f 6515 6516 6431
f 6431 6428 6515
f 6511 6547 6513
f 6512 6547 6511
f 6434 6448 6547
f 6512 6518 6434
f 6523 6513 6450
f 6513 6547 6450
f 6454 6550 6551
f 6446 6546 6454
f 6454 6546 6550
f 6551 6550 6531
f 6531 6550 6530
f 6530 6550 6546
f 6527 6530 6546
f 6527 6546 6545
f 6528 6549 6529
f 6508 6544 6520
f 6548 6452 6453
f 6524 6451 6452
f 6524 6452 6548
f 6526 6524 6548
f 6524 6523 6450
f 6450 6451 6524
f 6547 6448 6450
f 6527 6545 6510
f 2881 2884 2555
f 2555 2553 3062
f 2881 2555 3062
f 2540 3061 2553
f 2553 3061 3062
f 3064 2537 3065
f 3065 2537 2541
f 2537 3064 3058
f 2540 2537 3058
f 3061 2540 3058
f 3062 3061 2877
f 2877 3061 2875
f 3061 3058 3056
f 2875 3061 3056
f 2871 2875 3056
f 3056 3054 2871
f 2871 3054 2855
f 2887 2555 2884
f 2855 3054 2854
f 2562 2555 2887
f 2907 2902 2567
f 2930 3074 2929
f 2922 2929 3074
f 3074 3072 2922
f 2586 2584 3072
f 2922 3072 2584
f 2922 2584 2582
f 2922 2582 3069
f 2920 2922 3069
f 2920 3069 2918
f 2582 2577 3069
f 3069 2577 2575
f 2918 3069 2575
f 2915 2918 2575
f 2567 2570 2907
f 2907 2570 2910
f 3065 2541 2567
f 2902 3065 2567
f 2895 3065 2902
f 3074 2586 3072
f 3074 2588 2586
f 3074 3081 2588
f 2590 2588 3081
f 2609 2530 2947
f 2947 2530 2856
f 2947 2946 2607
f 2940 2939 3093
f 3093 3095 2940
f 2894 3070 2937
f 2935 2937 3070
f 2552 2594 3085
f 3070 2552 3085
f 2935 3070 3085
f 2935 3085 2933
f 2592 3083 2594
f 2594 3083 3085
f 2931 2933 3085
f 3085 3083 2931
f 2590 3081 2592
f 2592 3081 3083
f 2930 2931 3083
f 3083 3081 3074
f 2930 3083 3074
f 2940 3097 2941
f 3095 3097 2940
f 3093 2596 2598
f 3095 2598 2600
f 2607 2609 2947
f 2946 2945 2606
f 2606 2607 2946
f 2944 3100 2605
f 2944 2605 2606
f 2945 2944 2606
f 3099 2603 3100
f 3100 2603 2605
f 2603 3099 3097
f 2943 3100 2944
f 3099 3100 2942
f 2942 3100 2943
f 2942 2941 3097
f 3097 3099 2942
f 2601 3097 3095
f 3095 2600 2601
f 3093 2598 3095
f 3097 2601 2603
f 2949 3106 2948
f 3323 3433 2917
f 3323 2917 2912
f 3319 3323 2912
f 2912 2909 3426
f 3319 2912 3426
f 3319 3426 3300
f 3323 3326 3433
f 3021 2982 3384
f 3384 2982 3344
f 3018 3019 3382
f 3382 3019 3383
f 3384 3383 3019
f 3019 3021 3384
f 3382 3381 3016
f 3016 3018 3382
f 3453 3012 3014
f 3453 3010 3012
f 3452 3003 3005
f 2993 2994 3450
f 2993 3450 3449
f 3449 2992 2993
f 3042 3048 3448
f 3047 3046 3447
f 3378 3380 3448
f 3048 3047 3447
f 3448 3048 3447
f 3378 3448 3447
f 3350 2986 3346
f 2984 2987 3345
f 3345 2987 3349
f 3350 3349 2987
f 2987 2990 3350
f 3347 3346 2986
f 2986 2964 3347
f 3345 3344 2982
f 2982 2984 3345
f 3438 2974 3439
f 3439 2974 2975
f 2974 3438 3437
f 3437 2971 2974
f 2950 2970 3443
f 2971 3437 3436
f 3436 2965 2971
f 3337 3443 2970
f 2990 2986 3350
f 3337 2970 2965
f 2954 2960 3358
f 3358 2962 3354
f 2969 2954 3364
f 3364 2954 3356
f 2966 2967 3360
f 3360 2967 3362
f 3364 3362 2967
f 2967 2969 3364
f 3360 3347 2964
f 2964 2966 3360
f 2960 2962 3358
f 3358 3356 2954
f 3331 3337 2965
f 3331 2965 3436
f 2963 2951 3445
f 2963 3445 3441
f 3441 2961 2963
f 3340 3341 2955
f 2955 2959 3340
f 3339 2956 2961
f 3339 2961 3441
f 3342 3339 3441
f 2959 2956 3340
f 3340 2956 3339
f 2951 2950 3442
f 3445 2951 3442
f 3335 3338 3441
f 3441 3445 3442
f 3335 3441 3442
f 3442 3443 3333
f 3333 3443 3337
f 3335 3442 3333
f 2950 3443 3442
f 3379 3377 3447
f 3379 3447 3046
f 3379 3046 3045
f 3378 3447 3377
f 3376 3374 3041
f 3041 3035 3376
f 3373 3375 3039
f 3039 3040 3373
f 3040 3041 3373
f 3373 3041 3374
f 3372 3371 3032
f 3032 3037 3372
f 3444 2980 2981
f 3179 3182 2443
f 2948 3106 2642
f 3187 2948 2642
f 3187 2642 2801
f 2801 2171 2446
f 2801 2446 3242
f 3187 2801 3242
f 3187 3242 3182
f 2442 2440 3176
f 3176 2440 3174
f 2443 2442 3179
f 3179 2442 3176
f 3172 3174 2440
f 2440 2437 3172
f 3182 3242 2443
f 3242 2448 2443
f 2446 2448 3242
f 3045 3128 3013
f 3230 3226 3247
f 3247 2494 2495
f 2493 2491 3229
f 3229 2491 3225
f 3220 3246 3228
f 3229 3228 3246
f 3246 2489 2493
f 3229 3246 2493
f 3226 3225 2491
f 2491 2492 3226
f 3245 2490 2466
f 3224 3244 3208
f 2437 2471 3244
f 3172 2437 3244
f 3224 3172 3244
f 3220 3218 2486
f 2486 2488 3246
f 3226 2494 3247
f 3220 2486 3246
f 3226 2492 2494
f 2495 2490 3245
f 3188 3005 2672
f 2672 2236 2452
f 3188 2672 2452
f 3230 3247 3231
f 3227 3231 3247
f 3227 3247 2495
f 3227 2495 3245
f 3246 2488 2489
f 3218 3191 2456
f 2456 2486 3218
f 3189 2707 3151
f 3198 3189 3151
f 3198 3151 3153
f 3185 3036 3138
f 3185 3138 2698
f 3185 2698 2835
f 3185 2835 2834
f 2834 2813 2839
f 3185 2834 2839
f 3189 3185 2839
f 3189 2839 2841
f 3180 3153 3152
f 2710 2811 2667
f 2710 2667 3141
f 3152 2710 3141
f 3180 3152 3141
f 2997 3180 3141
f 3189 2841 2707
f 3198 3153 3180
f 2455 2453 3202
f 3202 3204 2455
f 2484 2461 3215
f 3215 2461 3183
f 2453 2482 3202
f 3202 2482 3214
f 2481 2484 3213
f 3213 2484 3215
f 3213 3214 2482
f 2482 2481 3213
f 2475 2478 3206
f 2476 2455 3210
f 3210 2455 3204
f 3210 3211 2478
f 2478 2476 3210
f 3206 3208 3244
f 3206 3244 2458
f 3206 2458 2475
f 2471 2458 3244
f 3206 2478 3211
f 2381 1874 2377
f 2377 1874 1875
f 2376 1873 2381
f 2381 1873 1874
f 2376 1872 1873
f 4614 4704 4625
f 4621 4705 4627
f 4624 4708 4622
f 4624 4625 4704
f 4389 4402 4708
f 4704 4389 4708
f 4624 4704 4708
f 4621 4622 4708
f 4708 4400 4403
f 4708 4403 4705
f 4621 4708 4705
f 4402 4400 4708
f 4616 4707 4615
f 4618 4706 4392
f 4616 4618 4392
f 4616 4392 4398
f 4616 4398 4707
f 4631 4633 4404
f 4614 4615 4707
f 4633 4710 4404
f 4640 4395 4706
f 4640 4706 4618
f 4617 4710 4633
f 4631 4404 4395
f 4640 4631 4395
f 4710 4391 4404
f 4707 4397 4390
f 4707 4390 4704
f 4614 4707 4704
f 4398 4397 4707
f 4395 4392 4706
f 4390 4389 4704
f 4217 4218 4345
f 4345 4218 4346
f 4345 4344 4445
f 4445 4216 4217
f 4345 4445 4217
f 4343 4445 4344
f 4445 4215 4216
f 4343 4342 4444
f 4214 4215 4445
f 4444 4214 4445
f 4343 4444 4445
f 4444 4213 4214
f 4341 4444 4342
f 4341 4340 4442
f 4212 4213 4444
f 4442 4212 4444
f 4341 4442 4444
f 4347 4346 4447
f 4339 4442 4340
f 4346 4220 4447
f 4447 4220 4221
f 4457 4229 4228
f 4228 4456 4457
f 4357 4359 4456
f 4456 4452 4357
f 4456 4228 4226
f 4456 4226 4446
f 4456 4446 4452
f 4357 4452 4355
f 4355 4452 4446
f 4338 4355 4446
f 4338 4446 4441
f 4353 4449 4354
f 4350 4447 4221
f 4350 4221 4223
f 4353 4350 4223
f 4353 4223 4449
f 4347 4447 4350
f 4346 4218 4220
f 4457 4456 4359
f 4441 4440 4338
f 4337 4440 4336
f 4338 4440 4337
f 4359 4360 4457
f 4230 4229 4457
f 4360 4230 4457
f 4380 4460 4240
f 4379 4380 4240
f 4240 4239 4459
f 4379 4240 4459
f 4239 4236 4459
f 4379 4459 4378
f 4378 4459 4236
f 4378 4236 4234
f 4377 4378 4234
f 4234 4233 4458
f 4377 4234 4458
f 4376 4377 4458
f 4233 4231 4458
f 4376 4458 4365
f 4365 4458 4231
f 4365 4231 4230
f 4360 4365 4230
f 4242 4240 4460
f 4381 4460 4380
f 4381 4366 4460
f 4366 4242 4460
f 4383 4253 4384
f 4383 4382 4248
f 4248 4251 4383
f 4382 4354 4449
f 4382 4449 4247
f 4382 4247 4248
f 4449 4223 4247
f 4366 4245 4242
f 4251 4253 4383
f 4311 4312 4469
f 4435 4311 4469
f 4436 4435 4469
f 4435 4434 4310
f 4309 4310 4433
f 4433 4310 4434
f 4433 4432 4308
f 4308 4309 4433
f 4310 4311 4435
f 2979 2949 2975
f 2975 2949 3439
f 3341 3340 3558
f 3558 3340 3551
f 3339 3342 3549
f 3549 3342 3556
f 3549 3551 3340
f 3340 3339 3549
f 3338 3335 3542
f 3542 3335 3540
f 3333 3337 3539
f 3539 3337 3541
f 3539 3540 3335
f 3335 3333 3539
f 3337 3331 3552
f 3552 3541 3337
f 3344 3345 3570
f 3570 3568 3344
f 3582 3581 3362
f 3362 3364 3582
f 3580 3579 3661
f 3661 3347 3360
f 3580 3661 3360
f 3548 3578 3358
f 3358 3354 3548
f 3578 3577 3356
f 3356 3358 3578
f 3350 3346 3661
f 3575 3350 3661
f 3576 3575 3661
f 3345 3349 3570
f 3570 3349 3574
f 3575 3574 3349
f 3349 3350 3575
f 3661 3346 3347
f 3580 3362 3581
f 3360 3362 3580
f 3576 3661 3579
f 3582 3356 3577
f 3364 3356 3582
f 3628 3257 3629
f 3470 3628 3629
f 3471 3470 3629
f 3470 3467 3627
f 3627 3628 3470
f 3463 3627 3467
f 3628 3256 3257
f 3628 3627 3255
f 3255 3256 3628
f 3463 3462 3626
f 3463 3626 3254
f 3463 3254 3255
f 3463 3255 3627
f 3462 3459 3625
f 3625 3626 3462
f 3626 3253 3254
f 3626 3625 3624
f 3257 3258 3629
f 3626 3624 3252
f 3471 3629 3473
f 3474 3476 3261
f 3286 3288 3499
f 3283 3284 3494
f 3494 3284 3495
f 3494 3490 3281
f 3281 3283 3494
f 3278 3281 3489
f 3489 3281 3490
f 3489 3473 3629
f 3629 3270 3278
f 3489 3629 3278
f 3629 3258 3270
f 3265 3264 3487
f 3487 3264 3483
f 3478 3483 3264
f 3264 3262 3478
f 3262 3261 3478
f 3478 3261 3476
f 3261 3259 3474
f 3626 3252 3253
f 3499 3496 3286
f 3499 3292 3501
f 3501 3294 3503
f 3630 3329 3260
f 3639 3328 3329
f 3639 3329 3630
f 3538 3639 3630
f 3460 3538 3630
f 3639 3327 3328
f 3537 3639 3538
f 3325 3327 3639
f 3536 3325 3639
f 3537 3536 3639
f 3517 3518 3311
f 3517 3311 3310
f 3310 3308 3517
f 3517 3308 3516
f 3308 3307 3516
f 3516 3307 3515
f 3307 3305 3515
f 3515 3305 3513
f 3511 3513 3305
f 3305 3303 3511
f 3508 3507 3298
f 3298 3301 3508
f 3296 3298 3505
f 3505 3298 3507
f 3505 3503 3294
f 3294 3296 3505
f 3292 3294 3501
f 3518 3633 3311
f 3522 3633 3518
f 3313 3311 3633
f 3522 3526 3633
f 3324 3325 3535
f 3535 3325 3536
f 3535 3534 3321
f 3321 3324 3535
f 3320 3321 3533
f 3533 3321 3534
f 3477 3632 3532
f 3532 3632 3279
f 3288 3292 3499
f 3532 3279 3317
f 3530 3531 3317
f 3317 3316 3530
f 3528 3530 3316
f 3316 3315 3528
f 3526 3528 3315
f 3315 3314 3526
f 3526 3314 3313
f 3526 3313 3633
f 3531 3532 3317
f 3983 4080 3981
f 3981 4080 3795
f 3978 3981 3795
f 3978 3795 3794
f 3978 3794 4078
f 3794 3792 4078
f 3978 4078 3977
f 3977 4078 3792
f 3792 3791 4077
f 3977 3792 4077
f 3976 3977 4077
f 3796 3795 4080
f 3983 3796 4080
f 3983 4083 3796
f 4083 3798 3796
f 3821 3824 3995
f 3995 3994 3817
f 3817 3821 3995
f 3809 3817 3993
f 3993 3817 3994
f 3993 3992 3803
f 3803 3809 3993
f 3802 3803 3990
f 3990 3989 3801
f 3801 3802 3990
f 3800 3799 4083
f 3986 3800 4083
f 3985 3986 4083
f 3799 3798 4083
f 3985 4083 3984
f 3983 3984 4083
f 3990 3803 3992
f 3565 3564 3950
f 3951 3565 3950
f 3856 3951 3950
f 3564 3563 3950
f 3529 3527 3932
f 3812 3932 3810
f 3932 3527 3525
f 3810 3932 3525
f 3807 3810 3525
f 3525 3521 3807
f 3807 3521 3806
f 3523 3524 3927
f 3498 3922 3524
f 3524 3922 3927
f 3927 3520 3523
f 3806 3521 3514
f 3806 3514 3924
f 3805 3806 3924
f 3520 3927 3922
f 3922 3920 3519
f 3520 3922 3519
f 3805 3924 3804
f 3920 3493 3519
f 3514 3512 3924
f 3800 3804 3924
f 3924 3512 3491
f 3800 3924 3491
f 3569 3567 3952
f 3859 3860 3571
f 3860 3952 3571
f 3556 3542 3881
f 3884 3539 3883
f 3541 3552 3949
f 3558 3551 3887
f 3887 3551 3886
f 3549 3556 3885
f 3885 3556 3882
f 3885 3886 3551
f 3551 3549 3885
f 3542 3540 3881
f 3881 3540 3884
f 3539 3541 3949
f 3883 3539 3949
f 3876 3883 3949
f 3540 3539 3884
f 3881 3882 3556
f 3856 3950 3869
f 3868 3952 3860
f 3868 3869 3950
f 3563 3569 3952
f 3950 3563 3952
f 3868 3950 3952
f 3571 3573 3859
f 3859 3573 3864
f 3572 3560 3862
f 3862 3560 3867
f 3862 3864 3573
f 3573 3572 3862
f 3952 3567 3571
f 4270 4328 4272
f 4266 4327 4269
f 4026 4027 4328
f 4268 4026 4328
f 4270 4268 4328
f 4269 4327 4022
f 4269 4022 4026
f 4268 4269 4026
f 4260 4024 4023
f 4260 4023 4327
f 4266 4260 4327
f 4260 4265 4025
f 4025 4024 4260
f 4023 4022 4327
f 4071 4033 4307
f 4307 4033 4285
f 4306 4302 4066
f 4066 4070 4306
f 4307 4306 4070
f 4070 4071 4307
f 4305 4304 4068
f 4068 4069 4305
f 4301 4305 4069
f 4069 4065 4301
f 4067 4068 4303
f 4303 4068 4304
f 4065 4066 4301
f 4301 4066 4302
f 3742 4121 3741
f 4208 4115 4116
f 4210 4208 4116
f 4210 4116 4117
f 4161 4158 4208
f 4208 4209 4161
f 4156 3738 3734
f 4156 3734 4115
f 4158 4156 4115
f 4158 4115 4208
f 4063 4119 3729
f 4156 4063 3729
f 4156 3729 3738
f 3734 3590 3903
f 3734 3903 4112
f 4115 3734 4112
f 3965 3583 3584
f 4121 3906 3741
f 3719 3595 3912
f 3906 3971 3741
f 4210 4117 4121
f 3971 3751 3741
f 3751 3971 3905
f 3751 3905 4120
f 4120 4111 3749
f 3751 4120 3749
f 3968 3610 3966
f 3966 3610 3748
f 3749 4111 4109
f 4109 4106 3897
f 4109 3897 3963
f 3963 3966 3748
f 4109 3963 3748
f 3749 4109 3748
f 4210 3742 3744
f 4209 4208 4210
f 4209 4210 3744
f 3746 4209 3744
f 3742 4210 4121
f 4150 3719 3912
f 4072 4150 3912
f 3915 3597 3729
f 3729 4119 3915
f 4165 3753 4164
f 3876 3855 4102
f 3747 3753 4165
f 3755 3727 4163
f 4163 4168 3755
f 4186 4162 3725
f 3725 3762 4186
f 3760 3722 4185
f 4185 3722 4159
f 4185 4186 3762
f 3762 3760 4185
f 3757 3755 4171
f 4171 3755 4168
f 4171 4164 3753
f 3753 3757 4171
f 4394 4388 4264
f 4264 4267 4394
f 4387 4386 4262
f 4262 4263 4387
f 4263 4264 4387
f 4387 4264 4388
f 4261 4262 4385
f 4385 4262 4386
f 4406 4431 4307
f 4307 4285 4406
f 4468 4302 4306
f 4431 4426 4468
f 4431 4468 4306
f 4431 4306 4307
f 4430 4429 4304
f 4304 4305 4430
f 4427 4430 4305
f 4305 4301 4427
f 4303 4304 4428
f 4428 4304 4429
f 4427 4301 4302
f 4427 4302 4468
f 4425 4427 4468
f 4425 4468 4426
f 4421 4418 4294
f 4294 4297 4421
f 4417 4420 4296
f 4296 4293 4417
f 4419 4416 4292
f 4292 4295 4419
f 4295 4296 4419
f 4419 4296 4420
f 4293 4294 4417
f 4417 4294 4418
f 4422 4299 4423
f 4298 4299 4422
f 4297 4298 4422
f 4422 4421 4297
f 4299 4300 4423
f 4423 4300 4424
f 3542 3556 3342
f 3342 3338 3542
f 3572 3573 3659
f 3572 3659 3359
f 3572 3359 3368
f 3567 3366 3361
f 3567 3361 3659
f 3571 3567 3659
f 3567 3569 3367
f 3367 3366 3567
f 3361 3359 3659
f 3355 3353 3565
f 3565 3353 3564
f 3563 3564 3353
f 3353 3348 3563
f 3558 3560 3343
f 3343 3341 3558
f 3572 3343 3560
f 3368 3343 3572
f 3563 3367 3569
f 3348 3367 3563
f 3571 3659 3573
f 3662 3371 3372
f 3584 3374 3665
f 3584 3583 3374
f 3663 3373 3374
f 3383 3384 3594
f 3592 3591 3381
f 3381 3382 3592
f 3590 3670 3588
f 3585 3667 3589
f 3587 3668 3586
f 3587 3588 3670
f 3670 3380 3378
f 3670 3378 3668
f 3587 3670 3668
f 3585 3586 3668
f 3668 3377 3379
f 3668 3379 3667
f 3585 3668 3667
f 3378 3377 3668
f 3665 3374 3376
f 3663 3375 3373
f 3583 3663 3374
f 3594 3593 3383
f 3592 3383 3593
f 3594 3344 3568
f 3762 3725 3781
f 3781 3202 3214
f 3762 3781 3214
f 3213 3215 3760
f 3760 3215 3722
f 3760 3762 3214
f 3214 3213 3760
f 3757 3786 3755
f 3206 3211 3786
f 3753 3206 3786
f 3757 3753 3786
f 3210 3204 3781
f 3786 3210 3781
f 3755 3786 3781
f 3727 3755 3781
f 3211 3210 3786
f 3753 3747 3208
f 3208 3206 3753
f 3204 3202 3781
f 3751 3180 3741
f 3734 3051 3050
f 3734 3050 3044
f 3729 3449 3450
f 3738 3729 3450
f 3450 2994 3049
f 3738 3450 3049
f 3734 3044 3043
f 3043 3042 3448
f 3734 3043 3448
f 3734 3448 3670
f 3590 3734 3670
f 3380 3670 3448
f 3379 3045 3013
f 3379 3013 3392
f 3379 3392 3667
f 3183 3000 3385
f 3719 3183 3385
f 3734 3738 3051
f 3198 3180 3751
f 3738 3049 3051
f 3784 2997 2998
f 3751 3749 3189
f 3189 3198 3751
f 3748 3610 3405
f 3405 3036 3185
f 3748 3405 3185
f 3185 3189 3748
f 3748 3189 3749
f 3742 3784 3744
f 3744 3784 2998
f 3744 2998 2999
f 3746 3744 2999
f 3746 2999 3001
f 3001 2995 3782
f 3746 3001 3782
f 3742 3741 3180
f 3742 3180 2997
f 3742 2997 3784
f 3782 2995 2996
f 3595 3719 3385
f 3382 3383 3592
f 3387 3449 3597
f 3182 3179 3712
f 3682 3508 3301
f 3301 2910 3167
f 3682 3301 3167
f 3167 3168 3685
f 3384 3344 3594
f 3685 3682 3167
f 3685 3169 3688
f 3168 3169 3685
f 3737 3739 3783
f 3737 3783 3735
f 3221 3217 3783
f 3733 3735 3783
f 3733 3783 3217
f 3733 3217 3209
f 3732 3733 3209
f 3209 3207 3732
f 3207 3205 3732
f 3732 3205 3731
f 3205 3203 3780
f 3731 3205 3780
f 3730 3731 3780
f 3730 3780 3728
f 3203 3201 3780
f 3780 3201 3199
f 3728 3780 3199
f 3739 3221 3783
f 3728 3199 3779
f 3739 3424 3221
f 2915 3223 3424
f 3712 3179 3707
f 3713 3716 2948
f 2948 3187 3713
f 3716 3562 3336
f 3336 3439 2949
f 3716 3336 2949
f 3716 2949 2948
f 3187 3182 3713
f 3713 3182 3712
f 3176 3174 3778
f 3703 3176 3778
f 3710 3703 3778
f 3703 3707 3179
f 3179 3176 3703
f 3174 3172 3778
f 3303 3424 3511
f 3511 3424 3739
f 3424 3223 3221
f 3726 3728 3779
f 3199 3197 3779
f 3726 3779 3724
f 3706 3170 3702
f 3702 3170 3163
f 3702 3163 3775
f 3698 3702 3775
f 3165 3166 3689
f 3689 3166 3700
f 3163 3160 3775
f 3698 3775 3697
f 3695 3697 3775
f 3695 3775 3160
f 3695 3160 3156
f 3156 2887 3774
f 3695 3156 3774
f 3694 3695 3774
f 3694 3774 3692
f 3689 3688 3169
f 3169 3165 3689
f 3171 3170 3706
f 3177 3171 3706
f 3706 3711 3177
f 3166 3186 3714
f 3711 3724 3779
f 3711 3779 3197
f 3711 3197 3177
f 3777 3195 3158
f 3723 3777 3158
f 3684 3723 3158
f 3721 3777 3723
f 3777 3194 3195
f 3597 3449 3729
f 3721 3720 3193
f 3721 3193 3777
f 3192 3193 3718
f 3718 3193 3720
f 3718 3717 3190
f 3190 3192 3718
f 3186 3190 3714
f 3714 3190 3717
f 3714 3700 3166
f 3193 3194 3777
f 3545 3554 3853
f 3853 3554 3858
f 3547 3546 3857
f 3857 3546 3854
f 3857 3855 3949
f 3949 3552 3547
f 3857 3949 3547
f 3546 3545 3854
f 3854 3545 3853
f 3858 3561 3861
f 3554 3561 3858
f 3561 3562 3863
f 3863 3861 3561
f 3887 3867 3560
f 3560 3558 3887
f 5937 6106 5930
f 5937 5934 6098
f 6098 6106 5937
f 5936 6109 5935
f 5932 6101 6103
f 5931 5932 6103
f 5930 6106 6104
f 5929 5930 6104
f 5929 6104 6105
f 6106 6098 6096
f 6096 6104 6106
f 6105 6104 6100
f 6100 6101 6105
f 6104 6096 6093
f 6093 6100 6104
f 6068 6103 6102
f 6102 6063 6068
f 6103 6101 6099
f 6099 6102 6103
f 6102 5569 5550
f 6063 6102 5550
f 5932 6105 6101
f 5931 6068 5933
f 5929 6105 5932
f 6108 6107 6109
f 5936 6108 6109
f 6109 6097 6098
f 5935 6109 6098
f 5934 5935 6098
f 6109 6107 6094
f 6094 6097 6109
f 6107 5554 6094
f 6103 6068 5931
f 6063 5550 6060
f 5562 5569 6099
f 5568 5566 6099
f 5573 5571 6083
f 6088 6083 6075
f 6075 6077 6088
f 6083 5571 5557
f 5557 6075 6083
f 6072 5567 5570
f 5565 5567 6066
f 6066 5567 6072
f 6066 6062 5564
f 5564 5565 6066
f 6062 6060 5549
f 5549 5564 6062
f 6077 6075 6064
f 6064 6071 6077
f 5555 6064 5557
f 5557 6064 6075
f 5927 5928 6071
f 5575 6083 6088
f 5927 6071 6064
f 5573 6083 5575
f 5578 6090 6091
f 6100 5568 6099
f 6101 6100 6099
f 5545 5568 6093
f 6093 5568 6100
f 5566 5562 6099
f 6098 6097 6095
f 6095 6096 6098
f 6097 6094 5552
f 6097 5552 5560
f 6097 5560 6095
f 6096 6095 5558
f 6096 5558 5551
f 6096 5551 6093
f 5560 5558 6095
f 5554 5552 6094
f 5551 5545 6093
f 5577 6090 5578
f 5577 5576 6090
f 5927 6064 6061
f 6064 5555 5553
f 5553 6061 6064
f 5550 5549 6060
f 6099 5569 6102
f 5316 4868 4890
f 5316 4890 5308
f 5625 5316 5308
f 5616 5625 5308
f 5800 5623 5312
f 5312 4894 5056
f 5800 5312 5056
f 5056 5058 5800
f 5800 5058 5801
f 5782 5053 5794
f 5053 4887 5306
f 5794 5053 5306
f 5611 5794 5306
f 5079 5078 5787
f 5787 5078 5784
f 5853 5073 5079
f 5789 5853 5079
f 5787 5789 5079
f 5782 5784 5078
f 5078 5054 5782
f 5075 5073 5853
f 5054 5053 5782
f 5994 5525 5996
f 5865 5994 5996
f 5866 5865 5996
f 5864 5994 5865
f 5994 5523 5525
f 5863 5993 5519
f 5519 5523 5994
f 5863 5519 5994
f 5864 5863 5994
f 5993 5516 5519
f 5525 5527 5996
f 5866 5996 5867
f 5868 5996 5999
f 5542 5541 6013
f 5876 6013 5875
f 5875 6013 5541
f 5875 5541 5540
f 5874 5875 5540
f 5874 5540 6008
f 5874 6008 5872
f 5540 5539 6008
f 5872 6008 5539
f 5870 5872 5539
f 5539 5538 6002
f 5870 5539 6002
f 5538 5508 6002
f 5999 5529 5459
f 5868 5867 5996
f 5996 5528 5529
f 5996 5529 5999
f 5996 5527 5528
f 5876 5542 6013
f 5876 5543 5542
f 5876 5878 5543
f 5878 6017 5543
f 6058 5520 5514
f 5514 6056 6058
f 6055 5515 6057
f 6057 5515 5517
f 6055 5513 5515
f 6057 6056 6053
f 6053 6055 6057
f 5514 5500 6051
f 5514 6051 6053
f 6056 5514 6053
f 6053 6042 5484
f 6053 5484 5513
f 6055 6053 5513
f 6053 6051 6040
f 6040 6042 6053
f 5500 5499 6051
f 5499 5497 6039
f 6056 6057 6059
f 5499 6039 6040
f 6059 6058 6056
f 5532 6058 6059
f 5535 5479 6021
f 6021 5479 5998
f 5512 5535 6021
f 6059 5533 5532
f 5533 6059 6057
f 6057 5517 5533
f 5522 6058 5532
f 5522 5520 6058
f 6051 5499 6040
f 6039 5497 5486
f 5486 6031 6039
f 6032 6035 5908
f 5908 6035 5909
f 5904 6031 5906
f 5901 5892 6026
f 6026 6030 5901
f 5459 5461 6026
f 5999 5459 6026
f 5889 5999 6026
f 5892 5889 6026
f 5868 5999 5889
f 5886 6022 5881
f 5881 6022 5632
f 5880 5881 5632
f 5880 5632 5544
f 5880 5544 6017
f 5880 6017 5878
f 5544 5543 6017
f 6032 6036 6038
f 6038 6035 6032
f 5904 6039 6031
f 5904 5909 6039
f 6046 5488 5494
f 6046 5494 5492
f 5492 6045 6046
f 5916 5906 6031
f 6031 5486 5488
f 6031 5488 6046
f 5916 6031 6046
f 6046 6045 5916
f 5916 6045 5913
f 6040 6038 5480
f 6040 5480 5481
f 6042 6040 5481
f 6036 5478 6038
f 6038 5478 5480
f 6040 6039 6035
f 6035 6038 6040
f 5909 6035 6039
f 6042 5481 5484
f 6166 6414 6412
f 6412 6161 6166
f 6414 6166 6164
f 6198 5865 5866
f 6187 6168 5864
f 6187 5864 5865
f 6198 6187 5865
f 6184 6187 6192
f 6192 6187 6195
f 6180 6184 6190
f 6190 6184 6192
f 6187 6184 6170
f 6170 6168 6187
f 6169 6170 6180
f 6180 6170 6184
f 6168 5863 5864
f 6187 6198 6202
f 6202 6195 6187
f 6204 6202 5867
f 6202 5866 5867
f 6231 5906 5916
f 6231 5916 5913
f 5913 6229 6231
f 6228 5909 5904
f 5909 6228 6226
f 6226 5908 5909
f 5906 6231 6224
f 6224 6228 5904
f 5906 6224 5904
f 6224 6231 6229
f 6139 6224 6229
f 6143 6139 6229
f 6141 6226 6228
f 6138 6141 6228
f 6138 6228 6224
f 6209 6210 6213
f 6211 6210 6202
f 6202 6204 6211
f 6210 6207 6195
f 6195 6202 6210
f 5875 6205 6207
f 5876 5875 6207
f 6209 5876 6207
f 5875 5874 6205
f 6192 6195 6205
f 6205 6195 6207
f 5872 6190 6192
f 5874 5872 6192
f 6205 5874 6192
f 5872 5870 6190
f 6204 5867 5868
f 6202 6198 5866
f 6207 6210 6209
f 6210 6211 6214
f 6214 6213 6210
f 5878 5876 6209
f 6138 6224 6139
f 6222 5892 6223
f 6223 5892 5901
f 6223 6214 6211
f 6211 6222 6223
f 6222 5889 5892
f 6211 6204 5868
f 6211 5868 5889
f 6222 6211 5889
f 5886 5881 6217
f 6220 5886 6217
f 5881 5880 6215
f 6213 6214 6215
f 6215 6214 6217
f 5878 6209 6213
f 5880 5878 6213
f 6215 5880 6213
f 5881 6215 6217
f 6385 5794 6134
f 5794 5611 6134
f 6383 6382 5787
f 6383 5787 5784
f 6383 5784 6380
f 5789 5787 6382
f 5784 5782 6380
f 6271 5961 5987
f 5987 6301 6271
f 5988 6302 6300
f 6300 6301 5987
f 5988 6300 5987
f 6298 6268 6301
f 6301 6268 6271
f 6290 6298 6300
f 6300 6298 6301
f 6299 5985 5986
f 6385 5782 5794
f 6268 6297 6299
f 6385 6380 5782
f 6385 6289 6300
f 5984 5973 6118
f 6136 5984 6118
f 6136 6118 5625
f 5616 6136 5625
f 6112 5623 5800
f 6390 6302 5988
f 5801 6390 5988
f 5801 5988 6137
f 6137 6112 5800
f 5801 6137 5800
f 6385 6302 6387
f 6387 6302 6390
f 6387 6383 6380
f 6380 6385 6387
f 6385 6134 5980
f 6385 5980 6289
f 6289 6290 6300
f 6302 6385 6300
f 5984 6279 5973
f 6268 6299 5986
f 6295 6279 5984
f 6292 5982 5981
f 6292 5981 6291
f 6293 6292 6291
f 5983 5982 6292
f 5952 6267 5981
f 5981 6267 6291
f 6290 6289 5979
f 5979 5978 6288
f 6290 5979 6288
f 5980 5979 6289
f 5978 5977 6288
f 6284 5976 5969
f 5976 6284 6278
f 6278 5962 5976
f 6287 5975 5972
f 6285 5970 5974
f 5975 6287 6282
f 6267 6272 6294
f 5958 6268 5986
f 6294 6291 6267
f 6272 6273 6294
f 6299 6295 5984
f 5985 6299 5984
f 6293 6295 6297
f 6297 6295 6299
f 6296 6297 6298
f 6298 6297 6268
f 6298 6290 6288
f 6288 6296 6298
f 6297 6296 6292
f 6292 6293 6297
f 5977 5983 6292
f 6288 5977 6292
f 6296 6288 6292
f 6294 6276 6295
f 6295 6276 6279
f 6295 6293 6291
f 6291 6294 6295
f 6294 6273 6276
f 6282 6285 5974
f 5975 6282 5974
f 6286 6287 5972
f 6275 6286 5972
f 5968 5966 6281
f 5964 5963 6280
f 6278 5959 5962
f 6278 6274 5956
f 5956 5959 6278
f 5957 5956 6274
f 6273 6272 6269
f 6269 6270 6273
f 6272 6267 5951
f 6272 5951 5954
f 6272 5954 6269
f 6270 6269 5953
f 5953 5955 6270
f 5954 5953 6269
f 5952 5951 6267
f 6282 5964 6280
f 6282 5966 5964
f 6283 5957 6274
f 5965 6275 5972
f 6270 6286 6273
f 6273 6286 6275
f 6281 6282 6286
f 6286 6282 6287
f 6286 6270 5955
f 6286 5955 5968
f 6286 5968 6281
f 5970 6285 6283
f 6283 6284 5969
f 5970 6283 5969
f 6280 6283 6282
f 6282 6283 6285
f 6274 6278 6283
f 6283 6278 6284
f 6280 5963 5957
f 6283 6280 5957
f 6282 6281 5966
f 4626 4715 4636
f 4656 4716 4629
f 4634 4713 4619
f 4407 4399 4713
f 4634 4636 4715
f 4715 4407 4713
f 4634 4715 4713
f 4626 4629 4716
f 4413 4409 4715
f 4716 4413 4715
f 4626 4716 4715
f 4409 4407 4715
f 4617 4619 4713
f 4617 4713 4396
f 4617 4396 4393
f 4617 4393 4710
f 4399 4396 4713
f 4393 4391 4710
f 5387 5386 4821
f 4827 5387 4821
f 4816 5391 5390
f 5390 4814 4816
f 5253 5390 5391
f 5245 5253 5391
f 5245 5391 5386
f 5248 5246 5386
f 5386 5387 5248
f 5245 5386 5246
f 5241 5385 5238
f 5236 5384 5235
f 5383 5384 5233
f 5233 5384 5236
f 5386 5391 4821
f 5391 4816 4821
f 5254 5248 5387
f 5271 5263 4837
f 4837 4838 5403
f 5271 4837 5403
f 5271 5403 5272
f 5269 5396 5255
f 5263 5261 5397
f 5263 5397 4835
f 5263 4835 4837
f 5260 5397 5261
f 5394 4832 4829
f 4832 5394 5387
f 5387 4827 4832
f 5256 5254 5394
f 4829 4831 5395
f 5394 4829 5395
f 5256 5394 5395
f 5256 5395 5257
f 5387 5394 5254
f 5269 4836 5396
f 5269 5272 4836
f 5403 4840 4836
f 5397 4844 4835
f 5395 4831 4843
f 5257 5395 4843
f 5257 4843 4844
f 5260 5257 4844
f 5260 4844 5397
f 5403 4838 4840
f 5272 5403 4836
f 1777 1779 1784
f 1784 1782 1777
f 1777 1782 1712
f 1712 1782 1718
f 1782 1784 1781
f 1716 1782 1781
f 1714 1716 1781
f 1718 1782 1716
f 1781 1778 1714
f 1714 1778 1713
f 1713 1778 1711
f 1454 1466 1900
f 1900 1466 1872
f 1456 1449 1903
f 1903 1449 1899
f 1900 1899 1449
f 1449 1454 1900
f 1100 1142 1101
f 1137 1142 1140
f 1140 1135 1137
f 1098 1140 1100
f 1097 1134 1135
f 1098 1097 1135
f 1098 1135 1140
f 1137 1135 774
f 1137 774 775
f 1136 1137 775
f 775 771 1136
f 1136 771 1133
f 774 1135 1134
f 1134 773 774
f 1095 1134 1097
f 1094 915 772
f 1094 772 773
f 1140 1142 1100
f 1095 1094 773
f 1102 1133 1093
f 1102 1103 1136
f 1110 1147 1108
f 1108 1147 1105
f 1107 1106 1149
f 1149 1150 1107
f 1147 1150 1149
f 1149 1145 1147
f 1142 1149 1101
f 1101 1149 1106
f 1145 1149 1142
f 1142 1137 1145
f 1105 1147 1145
f 1104 1105 1145
f 1104 1145 1144
f 1104 1144 1103
f 1137 1136 1145
f 1145 1136 1144
f 1103 1144 1136
f 1102 1136 1133
f 1095 773 1134
f 915 632 772
f 839 915 989
f 989 915 1094
f 1133 771 770
f 1133 770 1132
f 1093 1133 1132
f 1091 1093 1132
f 1091 1132 1089
f 770 769 1132
f 1132 769 624
f 1089 1132 624
f 1088 1089 1131
f 1088 1131 1087
f 1089 624 1131
f 864 1086 1085
f 1085 860 864
f 1015 1008 1085
f 1085 1086 1015
f 1013 1079 1014
f 1002 1072 1005
f 1085 1082 1084
f 860 1085 1084
f 860 1084 857
f 1006 1080 1082
f 1008 1006 1082
f 1008 1082 1085
f 1074 1075 1082
f 1082 1075 1084
f 1080 854 849
f 1080 849 1074
f 1082 1080 1074
f 1013 868 1079
f 1006 1004 1078
f 1013 1015 868
f 1086 866 868
f 1011 1070 995
f 1017 1021 1068
f 855 861 1071
f 1068 855 1071
f 1017 1068 1071
f 991 1068 1021
f 1017 1071 997
f 1084 870 857
f 1075 851 1084
f 1084 851 870
f 1086 864 866
f 1015 1086 868
f 1078 1080 1006
f 1005 1072 840
f 1004 1005 840
f 992 1069 990
f 841 840 1072
f 1004 840 853
f 1004 853 1078
f 1080 1078 852
f 852 854 1080
f 853 852 1078
f 1075 850 851
f 848 850 1074
f 1074 850 1075
f 849 848 1074
f 994 845 999
f 998 844 841
f 998 841 1072
f 1002 998 1072
f 998 999 845
f 845 844 998
f 994 996 843
f 843 842 994
f 842 845 994
f 1150 1147 1110
f 1107 1150 1110
f 1166 1174 1287
f 1166 1287 1277
f 1280 1284 1180
f 1180 1284 1176
f 1176 1284 1174
f 1168 1165 1277
f 1277 1279 1168
f 1166 1277 1165
f 1174 1284 1287
f 1289 1277 1287
f 1282 1284 1280
f 1172 1280 1180
f 1282 1288 1289
f 1289 1287 1282
f 1287 1284 1282
f 1279 1277 1289
f 2161 2159 2718
f 2718 2159 2157
f 2547 2718 2157
f 2572 2547 2157
f 2572 2157 2152
f 2571 2572 2152
f 2571 2152 2777
f 2179 2181 2780
f 2245 2173 2692
f 2692 2173 2643
f 2243 2244 2689
f 2689 2244 2690
f 2692 2690 2244
f 2244 2245 2692
f 2689 2688 2242
f 2242 2243 2689
f 2684 2820 2687
f 2683 2237 2238
f 2683 2238 2820
f 2684 2683 2820
f 2675 2818 2230
f 2675 2230 2237
f 2683 2675 2237
f 2673 2818 2675
f 2809 2228 2231
f 2672 2670 2233
f 2233 2236 2672
f 2662 2809 2231
f 2670 2662 2231
f 2670 2231 2233
f 2667 2811 2665
f 2228 2809 2807
f 2807 2225 2228
f 2807 2224 2225
f 2807 2809 2661
f 2661 2809 2662
f 2660 2221 2807
f 2661 2660 2807
f 2214 2221 2658
f 2658 2221 2660
f 2221 2224 2807
f 2213 2190 2793
f 2213 2793 2784
f 2784 2206 2213
f 2212 2207 2796
f 2212 2796 2779
f 2779 2186 2212
f 2207 2206 2784
f 2796 2207 2784
f 2796 2784 2782
f 2620 2614 2779
f 2620 2779 2796
f 2620 2796 2782
f 2190 2189 2791
f 2190 2791 2790
f 2793 2190 2790
f 2624 2621 2784
f 2624 2784 2793
f 2624 2793 2790
f 2626 2622 2790
f 2790 2791 2626
f 2624 2790 2622
f 2621 2618 2782
f 2782 2784 2621
f 2620 2782 2618
f 2181 2186 2779
f 2780 2181 2779
f 2780 2779 2778
f 2612 2610 2780
f 2612 2780 2778
f 2778 2779 2611
f 2611 2779 2614
f 2612 2778 2611
f 3434 2859 3411
f 2858 2846 3408
f 2859 2858 3411
f 2858 3408 3411
f 3434 3411 3249
f 3249 3268 3434
f 2866 2865 3259
f 3259 2865 3277
f 3275 3277 2865
f 2865 2864 3275
f 2864 2863 3435
f 3272 3275 3435
f 2863 2862 3435
f 3272 3435 3271
f 3271 3435 2862
f 3268 3271 2862
f 2862 2861 3434
f 3268 2862 3434
f 2861 2859 3434
f 3275 2864 3435
f 2152 2149 2777
f 2571 2777 2569
f 2149 2137 2776
f 2777 2149 2776
f 2313 2290 2295
f 2313 2314 2306
f 2306 2303 2313
f 2290 2313 2303
f 2303 2282 2290
f 2311 2312 2310
f 2310 2309 2311
f 2306 2311 2309
f 2309 2299 2306
f 2133 2130 2276
f 2276 2309 2310
f 2133 2276 2310
f 2276 2274 2309
f 2309 2274 2299
f 2303 2306 2299
f 2299 2297 2303
f 2297 1844 1810
f 2295 2315 2313
f 2303 2297 1810
f 2317 2313 2315
f 2311 2306 2314
f 2325 2324 2329
f 2329 2324 2328
f 2136 2328 2324
f 2112 2136 2324
f 2112 2324 2263
f 2288 2286 2325
f 2325 2286 2324
f 2286 2262 2324
f 2324 2262 2263
f 1852 1846 2320
f 1852 2320 2319
f 2323 1852 2319
f 2319 2314 2323
f 2323 2314 2317
f 2319 2320 2312
f 2312 2311 2319
f 2314 2319 2311
f 2314 2313 2317
f 2331 2288 2325
f 2282 2303 1810
f 2274 2270 2297
f 2122 2119 2270
f 2270 2274 2122
f 1799 1809 2270
f 2268 1799 2270
f 2118 2268 2270
f 2119 2118 2270
f 2265 2268 2116
f 2116 2268 2118
f 2263 2261 2112
f 2112 2261 2106
f 2106 2261 2101
f 2261 2263 2262
f 2262 2260 2261
f 2101 2261 2260
f 2100 2101 2260
f 2100 2260 2258
f 2274 2276 2125
f 2297 2299 2274
f 2125 2122 2274
f 2282 1810 1815
f 1844 2297 2270
f 2270 1809 1844
f 2295 2290 1834
f 2293 2295 1834
f 2293 1834 1841
f 2293 1841 1833
f 2288 2293 1833
f 2288 1833 2284
f 2282 1815 2290
f 2290 1815 1834
f 1833 1817 2284
f 2288 2284 1819
f 2288 1819 1829
f 2286 2288 1829
f 2262 2286 1829
f 1829 1825 2262
f 2284 1817 1819
f 2125 2276 2130
f 2293 2288 2331
f 2337 2293 2331
f 2295 2293 2337
f 2279 2360 2363
f 2320 2363 2360
f 2360 2312 2320
f 2147 2277 2103
f 2360 2277 2145
f 2145 2277 2147
f 2141 2310 2312
f 2141 2312 2360
f 2145 2141 2360
f 2133 2310 2141
f 1863 1866 2358
f 1865 1861 2355
f 1865 2355 2353
f 1866 1865 2353
f 2358 1866 2353
f 2350 1821 1863
f 1863 2358 2356
f 2277 2360 2279
f 2350 1863 2356
f 1797 2326 1846
f 2326 2363 2320
f 2326 2294 2279
f 2279 2363 2326
f 2326 2320 1846
f 2356 2345 2350
f 2350 2345 2336
f 2353 2351 2358
f 2336 2343 2334
f 2343 2341 2334
f 2334 2341 2330
f 2343 2345 2340
f 2340 2339 2343
f 2339 2329 2343
f 2343 2329 2341
f 2330 2341 2134
f 2134 2341 2139
f 2138 2139 2341
f 2138 2341 2329
f 2138 2329 2328
f 2138 2328 2136
f 2337 2331 2340
f 2340 2331 2339
f 2331 2325 2339
f 2339 2325 2329
f 2345 2343 2336
f 2348 2295 2337
f 2315 2295 2348
f 2349 2315 2348
f 2358 2351 2356
f 2351 2340 2356
f 2356 2340 2345
f 1806 2327 2354
f 1861 1806 2354
f 2355 1861 2354
f 2354 2349 2355
f 2355 2349 2353
f 2327 1800 1852
f 2354 1852 2323
f 2323 2317 2354
f 2354 2317 2349
f 2351 2353 2349
f 2349 2348 2351
f 2340 2351 2348
f 2348 2337 2340
f 2317 2315 2349
f 2354 2327 1852
f 1482 1481 2082
f 2075 1479 2079
f 2079 1479 1480
f 2075 1478 1479
f 2074 2075 2077
f 2077 2075 2079
f 2073 2074 2076
f 2076 2074 2077
f 1477 1478 2074
f 2074 1478 2075
f 2074 2073 1476
f 1476 1477 2074
f 1919 1481 2080
f 1481 1483 2080
f 1919 1920 1481
f 1920 2082 1481
f 1927 2085 1928
f 2077 2079 1485
f 2084 2077 1485
f 1486 2084 1485
f 1924 2076 2077
f 1927 1924 2077
f 1927 2077 2084
f 1490 1512 1925
f 1925 1512 1926
f 1924 1923 2083
f 2083 2076 1924
f 1923 1919 2080
f 2080 2083 1923
f 1922 2082 1920
f 1916 1484 1482
f 1922 1916 1482
f 1922 1482 2082
f 2084 2085 1927
f 2084 1486 1487
f 1487 2085 2084
f 2079 1480 1485
f 1935 2086 1934
f 1914 1934 2086
f 2086 2067 1914
f 1930 1933 1516
f 1516 1513 1930
f 1932 1926 1512
f 1512 1515 1932
f 1515 1516 1932
f 1513 1514 1930
f 1930 1514 1931
f 1925 1929 1489
f 1489 1490 1925
f 2085 1487 1488
f 1928 2085 1488
f 1928 1488 1489
f 1929 1928 1489
f 1932 1516 1933
f 2771 2111 2773
f 2773 2111 2115
f 2536 2774 2539
f 2534 2772 2773
f 2536 2534 2773
f 2536 2773 2774
f 2772 2753 2773
f 2773 2753 2771
f 2531 2772 2534
f 2530 2751 2753
f 2531 2530 2753
f 2531 2753 2772
f 2765 2105 2771
f 2771 2105 2111
f 2765 2103 2105
f 2753 2748 2771
f 2771 2748 2765
f 2773 2115 2121
f 2103 2765 2748
f 2121 2774 2773
f 2539 2774 2124
f 2569 2777 2776
f 2565 2569 2776
f 2565 2776 2556
f 2135 2775 2137
f 2137 2775 2776
f 2556 2776 2775
f 2552 2556 2775
f 2552 2775 2746
f 2134 2734 2135
f 2135 2734 2775
f 2734 2733 2775
f 2775 2733 2746
f 2546 2544 2129
f 2129 2132 2546
f 2124 2129 2543
f 2543 2129 2544
f 2774 2121 2124
f 2543 2539 2124
f 2748 2744 2147
f 2103 2748 2147
f 2748 2753 2751
f 2136 2112 2721
f 2727 2136 2721
f 2751 2747 2748
f 2744 2748 2747
f 2747 2741 2744
f 2740 2145 2744
f 2744 2145 2147
f 2740 2141 2145
f 2740 2744 2741
f 2741 2738 2740
f 2141 2740 2738
f 2141 2738 2133
f 2139 2730 2134
f 2134 2730 2734
f 2730 2727 2734
f 2734 2727 2733
f 2139 2138 2730
f 2727 2730 2138
f 2727 2138 2136
f 2738 2736 2133
f 2398 1915 2382
f 2382 1915 1892
f 2398 1914 1915
f 1912 1902 2397
f 1912 2397 2393
f 2393 1909 1912
f 1909 2393 2390
f 2390 1907 1909
f 1907 2390 2389
f 2389 1891 1907
f 2397 1902 1896
f 2175 2397 1896
f 2172 1896 2395
f 2368 2367 2369
f 2372 1869 2368
f 2175 2170 2393
f 2393 2397 2175
f 2171 2172 2395
f 2395 2394 2171
f 2390 2393 2169
f 2169 2393 2170
f 2389 2390 2168
f 2168 2390 2169
f 1887 1888 2386
f 1887 2386 2383
f 2383 1885 1887
f 1868 1882 2379
f 1871 1869 2372
f 1871 2372 2369
f 2369 1870 1871
f 1868 2379 2368
f 1869 1868 2368
f 2369 2372 2368
f 2172 2175 1896
f 2443 2448 1718
f 2443 1718 1716
f 2443 1716 2502
f 2171 2394 2446
f 2502 1714 1713
f 2442 2502 1713
f 2440 2442 1713
f 2443 2502 2442
f 1713 1711 2440
f 2440 1711 2437
f 1716 1714 2502
f 2448 2446 1718
f 2394 1712 1718
f 1755 1460 2065
f 2065 2067 2086
f 1755 2065 2086
f 1935 1755 2086
f 2508 2510 2464
f 2464 2510 2468
f 2466 2512 2462
f 2512 1740 1751
f 2462 2512 1751
f 2464 2462 1751
f 2464 1751 2508
f 2510 2508 1752
f 2510 1752 1753
f 2509 2510 1753
f 2509 1753 1755
f 2508 1751 1752
f 2452 2505 2456
f 2446 2394 1718
f 1935 2509 1755
f 1935 2423 2509
f 2472 2509 2423
f 2472 2470 2509
f 2468 2510 2470
f 2472 2423 2242
f 2470 2510 2509
f 6437 6438 6544
f 6510 6509 6593
f 6509 6508 6593
f 6438 6437 6324
f 6324 6321 6438
f 6334 6304 6439
f 6439 6304 6441
f 6332 6334 6435
f 6435 6334 6439
f 6435 6432 6471
f 6435 6471 6329
f 6435 6329 6332
f 6429 6471 6432
f 6471 6322 6329
f 6419 6467 6425
f 6424 6319 6322
f 6424 6322 6471
f 6429 6424 6471
f 6424 6425 6467
f 6467 6311 6319
f 6424 6467 6319
f 6417 6463 6423
f 6423 6463 6317
f 6423 6317 6315
f 6305 6303 6462
f 6421 6423 6315
f 6421 6315 6469
f 6418 6421 6469
f 6469 6464 6418
f 6315 6312 6469
f 6469 6312 6307
f 6307 6464 6469
f 6465 6467 6416
f 6416 6467 6419
f 6464 6462 6465
f 6416 6464 6465
f 6309 6311 6465
f 6465 6311 6467
f 6303 6309 6462
f 6462 6309 6465
f 6464 6307 6305
f 6305 6462 6464
f 6416 6418 6464
f 6797 6816 6727
f 6795 6797 6727
f 6795 6727 6728
f 6795 6728 6815
f 6798 6725 6726
f 6798 6726 6816
f 6796 6798 6816
f 6796 6816 6797
f 6794 6795 6815
f 6815 6814 6794
f 6793 6794 6814
f 6814 6813 6793
f 6791 6812 6705
f 6791 6705 6706
f 6792 6791 6706
f 6812 6704 6705
f 6790 6812 6791
f 6816 6726 6727
f 6811 6703 6704
f 6817 6707 6708
f 6706 6707 6817
f 6798 6801 6709
f 6709 6725 6798
f 6799 6817 6800
f 6817 6708 6709
f 6800 6817 6709
f 6801 6800 6709
f 6799 6792 6706
f 6799 6706 6817
f 6811 6704 6812
f 6789 6811 6812
f 6790 6789 6812
f 6782 6719 6781
f 6720 6719 6782
f 6722 6721 6809
f 6788 6811 6789
f 6811 6702 6703
f 6724 6723 6810
f 6785 6781 6719
f 6719 6724 6810
f 6785 6719 6810
f 6787 6701 6702
f 6788 6787 6702
f 6788 6702 6811
f 6700 6701 6787
f 6784 6810 6723
f 6784 6723 6700
f 6786 6784 6700
f 6785 6810 6784
f 6782 6783 6809
f 6782 6809 6721
f 6782 6721 6720
f 6787 6786 6700
f 6903 6934 6931
f 6904 6903 6931
f 6904 6931 6929
f 6904 6929 6888
f 6903 6897 6819
f 6834 6835 6893
f 6893 6835 6894
f 6893 6889 6830
f 6830 6834 6893
f 6890 6891 6832
f 6832 6831 6890
f 6833 6832 6892
f 6892 6832 6891
f 6831 6830 6890
f 6890 6830 6889
f 6835 6836 6895
f 6895 6894 6835
f 6836 6837 6895
f 6903 6819 6934
f 6820 6841 6925
f 6902 6885 6925
f 6902 6925 6841
f 6902 6841 6840
f 6901 6902 6840
f 6840 6839 6901
f 6839 6838 6933
f 6901 6839 6933
f 6900 6901 6933
f 6933 6838 6833
f 6898 6933 6833
f 6892 6898 6833
f 6900 6933 6899
f 6899 6933 6898
f 6897 6896 6837
f 6837 6818 6897
f 6895 6837 6896
f 6897 6818 6819
f 6587 6661 6656
f 6587 6656 6586
f 6661 6660 6652
f 6652 6654 6661
f 6585 6584 6660
f 6660 6584 6583
f 6660 6583 6651
f 6660 6651 6652
f 6583 6576 6651
f 6632 6636 6581
f 6581 6582 6656
f 6632 6581 6656
f 6634 6659 6635
f 6659 6580 6581
f 6635 6659 6581
f 6636 6635 6581
f 6658 6659 6633
f 6661 6654 6656
f 6633 6659 6634
f 6585 6660 6661
f 6661 6587 6588
f 6656 6582 6586
f 6661 6588 6585
f 6580 6659 6658
f 6633 6613 6646
f 6628 6647 6643
f 6627 6643 6567
f 6625 6627 6567
f 6567 6564 6642
f 6625 6567 6642
f 6628 6643 6627
f 6647 6570 6643
f 6658 6579 6580
f 6647 6563 6570
f 6570 6567 6643
f 6646 6658 6633
f 6579 6658 6646
f 6579 6646 6642
f 6579 6642 6564
f 6631 6632 6656
f 6656 6654 6631
f 6631 6654 6652
f 6630 6631 6652
f 6630 6652 6649
f 6629 6630 6649
f 6649 6647 6629
f 6652 6651 6575
f 6575 6574 6649
f 6652 6575 6649
f 6576 6575 6651
f 6566 6647 6574
f 6574 6647 6649
f 6628 6629 6647
f 4830 4981 4833
f 4833 4987 4834
f 4601 4600 4960
f 4943 4601 4960
f 4943 4960 4939
f 4600 4598 4960
f 4757 4758 4939
f 4939 4960 4757
f 4755 4757 4960
f 4960 4598 4596
f 4755 4960 4596
f 4755 4596 4959
f 4596 4594 4959
f 4981 4987 4833
f 4836 4650 4981
f 5130 4502 4496
f 5065 5096 4501
f 4501 4502 5130
f 5065 4501 5130
f 5135 4499 4428
f 4768 5043 4585
f 5043 5041 4477
f 4477 4480 5043
f 4476 4477 5039
f 5039 4477 5041
f 5039 5037 5118
f 5118 4474 4476
f 5039 5118 4476
f 5118 4472 4474
f 5034 5118 5037
f 5034 5032 5117
f 5034 5117 4470
f 4470 4472 5118
f 5034 4470 5118
f 5031 5117 5032
f 5043 4480 4585
f 4480 4700 4585
f 4480 4361 4700
f 5065 5130 5069
f 5132 4497 4498
f 5132 4498 4499
f 5132 4499 5135
f 5084 5132 5135
f 5089 5084 5135
f 5135 4428 4429
f 5091 5135 4429
f 4430 4427 4666
f 4430 4666 5030
f 5091 4429 5030
f 4874 5091 5030
f 5089 5135 5091
f 5130 4496 4497
f 5130 4497 5132
f 5069 5130 5132
f 5071 5069 5132
f 5071 5132 5084
f 4429 4430 5030
f 4830 4836 4981
f 4987 4651 4652
f 4988 4653 4654
f 4842 4841 4988
f 4842 4988 4654
f 4987 4652 4653
f 4834 4987 4653
f 4839 4834 4653
f 4839 4653 4988
f 4839 4988 4841
f 4651 4987 4981
f 4981 4650 4651
f 4836 4646 4650
f 4933 4566 4571
f 4930 4563 4566
f 4727 4930 4566
f 4728 4727 4566
f 4728 4566 4933
f 4930 4561 4563
f 5242 5421 5247
f 5244 5422 5243
f 5414 5422 5234
f 5234 5422 5244
f 5243 5422 5417
f 5243 5417 5418
f 5242 5243 5418
f 5409 5417 5414
f 5414 5417 5422
f 5240 5421 5419
f 5239 5240 5419
f 5239 5419 5420
f 5421 5418 5416
f 5416 5419 5421
f 5406 5407 5419
f 5419 5407 5420
f 5419 5416 5402
f 5418 5421 5242
f 5402 5406 5419
f 5247 5421 5240
f 4802 4824 5388
f 5432 5431 5425
f 5425 5426 5432
f 5431 5405 5392
f 5392 5425 5431
f 5251 5264 5426
f 5426 5424 5251
f 5249 5429 5258
f 5249 5251 5424
f 5424 4825 4826
f 5424 4826 5429
f 5249 5424 5429
f 5423 5424 5425
f 5425 5424 5426
f 5388 5423 5392
f 5392 5423 5425
f 5424 5423 4824
f 4824 4825 5424
f 5388 4824 5423
f 5405 5431 5433
f 5418 5417 5415
f 5409 4813 4820
f 4815 4818 5410
f 5410 4818 5411
f 4817 4815 5410
f 5409 5408 4811
f 4811 4813 5409
f 4812 4811 5408
f 5407 5406 5404
f 5404 5405 5407
f 5406 5402 4807
f 5406 4807 4810
f 5406 4810 5404
f 5405 5404 4809
f 5405 4809 4805
f 5405 4805 5392
f 4810 4809 5404
f 4808 4807 5402
f 4804 5388 4805
f 5412 4817 5410
f 5415 5416 5418
f 5412 4803 4817
f 5410 5411 5383
f 5409 4820 5415
f 5417 5409 5415
f 5416 5415 4819
f 5416 4819 4808
f 5416 4808 5402
f 4820 4819 5415
f 5235 5384 5413
f 5234 5235 5413
f 5234 5413 5414
f 5411 5413 5383
f 5383 5413 5384
f 5408 5409 5413
f 5413 5409 5414
f 5411 4818 4812
f 5413 5411 4812
f 5413 4812 5408
f 5383 5412 5410
f 5412 5393 4803
f 5433 5407 5405
f 5431 5432 5435
f 5435 5433 5431
f 5276 5442 5435
f 5275 5276 5435
f 5275 5435 5437
f 5438 5442 5273
f 5273 5442 5274
f 5420 5438 5239
f 5239 5438 5273
f 5433 5435 5438
f 5438 5435 5442
f 5438 5420 5407
f 5407 5433 5438
f 5270 5437 5267
f 5265 5267 5437
f 5265 5437 5435
f 5265 5435 5432
f 5432 5426 5265
f 5265 5426 5264
f 5275 5437 5270
f 5274 5442 5276
f 5277 5444 5278
f 5279 5390 5253
f 5281 5445 5280
f 5238 5385 5399
f 5281 5238 5399
f 4805 5388 5392
f 5281 5399 5445
f 5280 5445 5383
f 5233 5280 5383
f 5445 5399 5393
f 5393 5412 5445
f 5279 5278 5444
f 5444 4828 4814
f 5279 5444 4814
f 5279 4814 5390
f 5445 5412 5383
f 4804 4802 5388
f 5290 5436 5297
f 5298 5448 5299
f 5300 5299 5448
f 5300 5448 4861
f 5300 4861 4854
f 5300 4854 5447
f 5298 5297 5436
f 4849 4859 5448
f 5436 4849 5448
f 5298 5436 5448
f 5448 4859 4861
f 4856 4857 5294
f 5294 4857 5295
f 5296 5295 4857
f 4857 4858 5296
f 5294 5293 5447
f 5447 4855 4856
f 5300 5447 5293
f 5294 5447 4856
f 5302 5449 5301
f 5302 5450 5449
f 5309 5308 4890
f 4890 4891 5309
f 4883 4889 5449
f 4888 4863 5446
f 5307 5301 5449
f 4889 4888 5446
f 5449 4889 5446
f 5307 5449 5446
f 5305 5306 4887
f 4887 4886 5305
f 4885 4884 5450
f 4886 4885 5450
f 5305 4886 5450
f 5304 5305 5450
f 5302 5303 5450
f 4884 4883 5449
f 5450 4884 5449
f 5304 5450 5303
f 5447 4854 4855
f 4853 4851 5440
f 4850 4852 5439
f 4870 4846 5428
f 5284 4870 5428
f 5427 4873 4870
f 5282 5427 4870
f 5283 5282 4870
f 5284 5283 4870
f 4869 4873 5427
f 5286 5285 4875
f 5285 4845 4875
f 5291 5292 5440
f 5291 5440 4851
f 5291 4851 4850
f 5291 4850 5439
f 5434 5436 5289
f 5289 5436 5290
f 5430 5434 5288
f 5288 5434 5289
f 4891 4892 5310
f 5434 4848 5436
f 4848 5434 5430
f 5430 4847 4848
f 4846 4845 5428
f 5287 5430 5288
f 5286 4875 4847
f 5286 4847 5430
f 5287 5286 5430
f 5285 5428 4845
f 5436 4848 4849
f 5310 5309 4891
f 5312 5311 4893
f 5322 5452 4874
f 5326 5322 4874
f 5326 4874 4871
f 5326 4871 4872
f 5326 4872 5444
f 5277 5326 5444
f 5321 5452 5322
f 5318 5451 5314
f 5296 4858 4864
f 5296 4864 5451
f 5318 5296 5451
f 5316 5314 5451
f 5316 5451 4866
f 5316 4866 4868
f 5451 4864 4866
f 4892 4893 5310
f 5310 4893 5311
f 5444 4872 4828
f 4893 4894 5312
f 4724 4725 5144
f 5144 4725 5145
f 5144 5143 4723
f 4723 4724 5144
f 5143 5142 4721
f 4721 4723 5143
f 5140 5327 4722
f 5140 4722 4721
f 5141 5327 5140
f 5142 5140 4721
f 5332 5382 4740
f 5225 5378 5229
f 5378 5376 5229
f 5229 5376 5222
f 5184 5363 5377
f 5225 5184 5377
f 5225 5377 5378
f 4730 5371 5377
f 4731 4730 5377
f 5363 4731 5377
f 5373 5376 5377
f 5377 5376 5378
f 5369 5373 5371
f 5371 5373 5377
f 5222 5376 5219
f 5217 5219 5376
f 5376 5373 5217
f 5216 5217 5373
f 5230 5209 5379
f 5335 4741 4742
f 5209 5353 5379
f 5379 4733 4735
f 5332 4740 4741
f 5335 5332 4741
f 5382 4739 4740
f 5332 5329 5381
f 5381 5382 5332
f 5381 5329 5232
f 5232 5329 5147
f 5381 5380 4737
f 5381 4737 4739
f 5382 5381 4739
f 5380 5381 5231
f 5231 5381 5232
f 5379 4735 5380
f 5380 4735 4737
f 5231 5230 5379
f 5379 5380 5231
f 5353 4733 5379
f 5209 5344 5353
f 5373 5369 5216
f 4730 4795 5371
f 4795 4793 5367
f 4795 5367 5369
f 5362 5357 5359
f 4764 5337 4784
f 4784 5337 5357
f 5193 5197 5359
f 5359 5357 5193
f 5357 5337 5193
f 5193 5337 5169
f 5353 4782 4733
f 5344 5342 4780
f 5344 4780 4782
f 5353 5344 4782
f 5342 4778 4780
f 5190 5180 5342
f 5342 5344 5190
f 5180 5178 4777
f 4777 4778 5342
f 5180 4777 5342
f 5362 4784 5357
f 5177 5340 4770
f 5362 4785 4784
f 5362 5359 5198
f 5371 4795 5369
f 4792 5366 4793
f 4793 5366 5367
f 4792 4790 5366
f 5369 5367 5216
f 5216 5367 5215
f 5215 5367 5366
f 5212 5215 5366
f 5212 5366 5364
f 5364 5362 5212
f 5212 5362 5201
f 5366 4790 4787
f 4787 5364 5366
f 5364 4787 4785
f 4785 5362 5364
f 5190 5344 5209
f 5198 5201 5362
f 5198 5359 5197
f 5178 5177 4770
f 5178 4770 4777
f 5174 5340 5177
f 5340 4768 4770
f 5337 4764 4762
f 4762 5334 5337
f 5334 4762 4760
f 4760 5331 5334
f 5337 5334 5169
f 5169 5334 5166
f 5334 5331 5166
f 5166 5331 5161
f 5146 4877 4878
f 5153 5146 4878
f 5328 4876 4877
f 5146 5328 4877
f 4006 4005 4259
f 4259 4005 4258
f 4257 4258 4005
f 4005 4003 4257
f 4255 4257 4003
f 4003 4001 4324
f 4255 4003 4324
f 4324 4323 4255
f 4255 4323 4245
f 4001 3999 4324
f 4324 3999 3986
f 3986 4323 4324
f 4030 4029 4332
f 4036 4048 4330
f 4032 4031 4333
f 4271 4333 4330
f 4333 4031 4330
f 4031 4036 4330
f 4288 4332 4283
f 4284 4038 4030
f 4284 4030 4332
f 4040 4038 4284
f 4279 4333 4274
f 4029 4032 4333
f 4332 4029 4333
f 4283 4332 4333
f 4279 4283 4333
f 4271 4274 4333
f 4288 4284 4332
f 4586 4585 4700
f 4700 4362 4363
f 4586 4700 4363
f 4700 4361 4362
f 4336 4358 4696
f 4356 4691 4693
f 4358 4356 4693
f 4696 4358 4693
f 4356 4352 4691
f 4579 4581 4693
f 4693 4691 4579
f 4579 4691 4352
f 4577 4579 4352
f 4577 4352 4351
f 4689 4690 4687
f 4687 4685 4689
f 4685 4682 4689
f 4586 4364 4587
f 4689 4682 4684
f 4363 4364 4586
f 4589 4587 4364
f 4337 4702 4692
f 4607 4702 4606
f 4702 4337 4336
f 4606 4702 4336
f 4604 4606 4336
f 4604 4336 4696
f 4602 4604 4696
f 4696 4693 4602
f 4602 4693 4581
f 4560 4599 4373
f 4373 4339 4560
f 4372 4373 4593
f 4593 4373 4599
f 4593 4591 4371
f 4371 4372 4593
f 4367 4371 4589
f 4589 4371 4591
f 4364 4367 4589
f 4692 4338 4337
f 4567 4679 4685
f 4576 4567 4687
f 4556 4557 4668
f 4556 4668 4667
f 4554 4668 4555
f 4667 4668 4553
f 4553 4668 4554
f 4557 4669 4668
f 4567 4685 4687
f 4558 4669 4671
f 4555 4668 4669
f 4682 4685 4679
f 4679 4676 4682
f 4684 4682 4575
f 4575 4682 4573
f 4569 4573 4682
f 4569 4682 4676
f 4569 4676 4673
f 4569 4673 4559
f 4565 4679 4567
f 4562 4671 4676
f 4565 4562 4676
f 4565 4676 4679
f 4558 4671 4562
f 4671 4669 4676
f 4676 4669 4673
f 4673 4669 4559
f 4559 4669 4557
f 4558 4555 4669
f 4607 4692 4702
f 4607 4694 4692
f 4607 4609 4694
f 4590 4694 4609
f 4643 4711 4646
f 4394 4415 4641
f 4641 4415 4642
f 4414 4411 4639
f 4639 4411 4630
f 4638 4628 4408
f 4408 4412 4638
f 4412 4414 4638
f 4638 4414 4639
f 4632 4630 4411
f 4411 4385 4632
f 4628 4623 4709
f 4628 4709 4406
f 4628 4406 4408
f 4620 4709 4623
f 4643 4642 4711
f 4642 4415 4711
f 4647 4712 4648
f 4641 4649 4388
f 4388 4394 4641
f 4712 4386 4387
f 4649 4648 4712
f 4712 4387 4388
f 4649 4712 4388
f 4647 4632 4385
f 4385 4386 4712
f 4647 4385 4712
f 4415 4416 4711
f 4201 4202 4498
f 4498 4202 4499
f 4199 4200 4496
f 4496 4200 4497
f 4483 4485 4137
f 4137 4139 4483
f 4482 4547 4479
f 4139 4135 4547
f 4483 4139 4547
f 4482 4483 4547
f 4471 4479 4547
f 4547 4131 4122
f 4471 4547 4122
f 4128 4124 4313
f 4135 4131 4547
f 4313 3972 4128
f 4124 3973 4313
f 4200 4201 4498
f 4416 4415 4291
f 4291 4292 4416
f 4267 4291 4394
f 4394 4291 4415
f 4290 4287 4414
f 4414 4287 4411
f 4278 4277 4465
f 4397 4278 4465
f 4395 4467 4281
f 4392 4395 4281
f 4281 4280 4466
f 4392 4281 4466
f 4282 4281 4467
f 4280 4278 4466
f 4389 4390 4465
f 4276 4275 4464
f 4465 4276 4464
f 4389 4465 4464
f 4277 4276 4465
f 4275 4273 4464
f 4397 4398 4278
f 4398 4466 4278
f 4397 4465 4390
f 4392 4466 4398
f 4286 4289 4408
f 4408 4289 4412
f 4414 4412 4289
f 4289 4290 4414
f 4287 4261 4411
f 4411 4261 4385
f 4285 4286 4406
f 4406 4286 4408
f 4404 4467 4395
f 4391 4282 4467
f 4404 4391 4467
f 4389 4464 4402
f 4400 4461 4403
f 4400 4402 4464
f 4273 4265 4461
f 4464 4273 4461
f 4400 4464 4461
f 4391 4271 4282
f 4498 4497 4200
f 4428 4499 4303
f 4499 4202 4303
f 4496 4502 4203
f 4203 4199 4496
f 4190 4203 4501
f 4501 4203 4502
f 4202 4067 4303
f 5777 5797 6318
f 6318 5797 6336
f 6331 6336 5797
f 5797 5796 6331
f 6328 6331 5796
f 5796 5783 6328
f 6324 6326 5781
f 5781 5778 6324
f 6170 6203 5926
f 6170 5926 5863
f 6168 6170 5863
f 6170 6169 6200
f 6200 6203 6170
f 6203 5925 5926
f 6200 6189 5923
f 6200 5923 5925
f 6203 6200 5925
f 6189 5914 5923
f 6190 5870 5921
f 6180 5921 5920
f 6178 6175 5896
f 6178 5896 5910
f 6183 6178 5910
f 6181 5902 5900
f 6181 5900 6177
f 6181 6177 6178
f 5900 5898 6177
f 6178 6177 6173
f 6173 6175 6178
f 5887 6172 6173
f 5898 5887 6173
f 6177 5898 6173
f 6175 5895 5896
f 6175 6173 5894
f 5894 5895 6175
f 6172 6171 5891
f 6172 5891 5894
f 6183 5910 5911
f 5921 6180 6190
f 6178 6183 6185
f 6189 6185 5914
f 5920 6201 6169
f 6180 5920 6169
f 5920 5919 6201
f 6199 6200 6201
f 6201 6200 6169
f 5917 6197 6199
f 5919 5917 6199
f 6201 5919 6199
f 6200 6199 6185
f 6185 6189 6200
f 6181 6185 6197
f 6197 6185 6199
f 5917 5915 6197
f 6197 5915 5902
f 5902 6181 6197
f 6185 6183 5911
f 6185 5911 5914
f 6185 6181 6178
f 6326 6328 5783
f 5783 5781 6326
f 5778 5776 6324
f 6324 5776 6321
f 6260 6259 6254
f 6254 6255 6260
f 6242 6254 6247
f 6247 6254 6259
f 6257 6245 6258
f 6258 6245 6248
f 6258 6255 6253
f 6253 6257 6258
f 6245 6257 6238
f 6238 6239 6245
f 6235 6238 6253
f 6253 6238 6257
f 6251 6253 6254
f 6254 6253 6255
f 6254 6242 6240
f 6240 6251 6254
f 6251 5937 5930
f 6247 6259 6261
f 6253 6251 5930
f 6261 6250 6247
f 6155 6156 6259
f 6160 6159 6252
f 6160 6252 6256
f 6160 6256 6263
f 6160 6263 6161
f 6158 6160 6161
f 6158 6161 6155
f 6158 6155 6260
f 6157 6258 6248
f 6157 6248 6252
f 6159 6157 6252
f 6157 6158 6260
f 6157 6260 6255
f 6157 6255 6258
f 6156 6261 6259
f 6155 6259 6260
f 6253 5930 6235
f 6251 6240 5934
f 5934 5937 6251
f 6238 5929 5932
f 6238 5932 6236
f 5931 5933 6236
f 6236 5933 6237
f 5932 5931 6236
f 5930 5929 6235
f 5928 5927 6234
f 6238 6235 5929
f 6236 6237 6239
f 6239 6238 6236
f 5935 5934 6240
f 6243 6247 6250
f 6247 6243 6241
f 6241 6242 6247
f 6242 6241 5936
f 6242 5936 5935
f 6242 5935 6240
f 6173 6172 5894
f 6413 6159 6160
f 6413 6160 6158
f 6412 6155 6161
f 6413 6157 6159
f 6158 6157 6413
f 6156 6155 6412
f 6171 5879 5891
f 5887 5885 6172
f 6172 5885 5883
f 5806 5810 5085
f 5085 5083 5806
f 5798 5806 5083
f 5083 5077 5845
f 5798 5083 5845
f 5049 5082 5780
f 5780 5082 5799
f 5798 5845 5793
f 5077 5062 5845
f 5790 5793 5845
f 5845 5062 5059
f 5790 5845 5059
f 5059 5052 5790
f 5790 5052 5786
f 5766 5786 5052
f 5052 5048 5766
f 5780 5779 5047
f 5813 5085 5810
f 5047 5049 5780
f 5088 5085 5813
f 5799 5092 5846
f 5848 5103 5088
f 5828 5848 5088
f 5813 5828 5088
f 5762 5825 5847
f 5762 5847 5100
f 5762 5100 5031
f 5847 5099 5100
f 5822 5847 5825
f 5820 5097 5099
f 5820 5099 5847
f 5822 5820 5847
f 5820 5817 5846
f 5820 5846 5094
f 5820 5094 5097
f 5846 5092 5094
f 5816 5846 5817
f 5799 5082 5092
f 5816 5799 5846
f 5106 5103 5848
f 5045 5047 5775
f 5775 5773 5042
f 5775 5047 5779
f 5042 5045 5775
f 5773 5771 5843
f 5843 5038 5042
f 5773 5843 5042
f 5769 5843 5771
f 5843 5035 5038
f 5033 5035 5843
f 5763 5033 5843
f 5769 5763 5843
f 5048 5046 5766
f 5766 5046 5764
f 5046 5044 5764
f 5764 5044 5760
f 5830 5848 5828
f 5830 5108 5848
f 5108 5106 5848
f 5492 5633 5468
f 5842 5858 5841
f 5115 5114 5858
f 5114 5113 5855
f 5858 5114 5855
f 5841 5858 5855
f 5840 5841 5855
f 5113 5112 5855
f 5840 5855 5839
f 5855 5112 5111
f 5855 5111 5852
f 5839 5855 5852
f 5838 5839 5852
f 5838 5852 5837
f 5834 5850 5832
f 5830 5832 5850
f 5830 5850 5108
f 5842 5161 5858
f 5161 5331 5858
f 5331 5115 5858
f 5331 4760 5115
f 5842 5463 5161
f 5547 5703 5250
f 5547 5250 5252
f 5548 5547 5252
f 5546 5703 5547
f 5703 5268 5250
f 5546 5563 5266
f 5546 5266 5268
f 5546 5268 5703
f 5705 5259 5262
f 5563 5559 5705
f 5563 5705 5262
f 5563 5262 5266
f 5556 5561 5255
f 5556 5255 5259
f 5556 5259 5705
f 5556 5705 5559
f 5641 5148 5149
f 5643 5641 5149
f 5148 5640 5638
f 5638 5147 5148
f 5641 5640 5148
f 5149 5150 5645
f 5150 5155 5647
f 5657 5163 5168
f 5650 5159 5163
f 5487 5655 5490
f 5487 5482 5647
f 5487 5647 5650
f 5487 5650 5655
f 5482 5472 5645
f 5645 5647 5482
f 5479 5653 5467
f 5643 5645 5466
f 5466 5645 5472
f 5467 5653 5641
f 5467 5641 5643
f 5466 5467 5643
f 5650 5647 5155
f 5155 5159 5650
f 5647 5645 5150
f 5645 5643 5149
f 5657 5655 5163
f 5655 5650 5163
f 5168 5170 5658
f 5658 5657 5168
f 5471 5644 5537
f 5164 5206 5646
f 5646 5206 5205
f 5646 5205 5678
f 5646 5678 5644
f 5205 5203 5678
f 5537 5644 5678
f 5536 5537 5678
f 5536 5678 5677
f 5678 5203 5200
f 5678 5200 5675
f 5678 5675 5677
f 5536 5677 5534
f 5677 5675 5673
f 5534 5677 5673
f 5531 5534 5673
f 5200 5196 5675
f 5668 5664 5181
f 5668 5181 5184
f 5668 5184 5665
f 5182 5181 5664
f 5504 5502 5659
f 5504 5659 5175
f 5658 5659 5493
f 5493 5659 5502
f 5659 5172 5175
f 5170 5172 5658
f 5658 5172 5659
f 5493 5491 5657
f 5657 5658 5493
f 5655 5657 5490
f 5490 5657 5491
f 5186 5664 5669
f 5182 5664 5186
f 5669 5668 5670
f 5664 5668 5669
f 5675 5196 5195
f 5195 5673 5675
f 5531 5673 5530
f 5524 5670 5521
f 5673 5195 5192
f 5530 5673 5192
f 5530 5192 5671
f 5526 5530 5671
f 5192 5189 5671
f 5524 5526 5669
f 5524 5669 5670
f 5186 5669 5189
f 5189 5669 5671
f 5670 5668 5521
f 5521 5668 5518
f 5668 5665 5518
f 5518 5665 5512
f 5526 5671 5669
f 6124 5591 5592
f 6124 6119 5590
f 5590 5591 6124
f 5959 5956 6122
f 6122 6123 5959
f 5957 6121 5589
f 5957 5589 5587
f 5957 5587 6122
f 5956 5957 6122
f 6122 5586 5588
f 6123 6122 5588
f 6123 5588 6119
f 5587 5586 6122
f 6121 6120 5629
f 5629 5589 6121
f 5597 5629 6120
f 5588 5590 6119
f 6119 6124 6125
f 5620 5621 5951
f 6125 6123 6119
f 6126 6124 5592
f 5966 5968 6113
f 5966 6113 6128
f 5964 6128 6120
f 5963 5964 6120
f 5963 6120 6121
f 5598 5597 6120
f 6113 5598 6120
f 6128 6113 6120
f 6126 5596 5594
f 6126 5593 5596
f 6127 6125 6126
f 5595 6127 6126
f 5595 6126 5594
f 5959 6123 6125
f 5962 5959 6125
f 5962 6125 6127
f 6126 6125 6124
f 6126 5592 5593
f 5968 6115 6113
f 5951 5621 5954
f 6114 6115 5955
f 5955 5953 6114
f 5953 5954 5621
f 5621 5619 6114
f 5953 5621 6114
f 5951 5952 5615
f 5615 5620 5951
f 5612 5610 6113
f 6114 5612 6113
f 6115 6114 6113
f 5619 5612 6114
f 5610 5598 6113
f 5966 6128 5964
f 5963 6121 5957
f 5969 6129 5970
f 5987 5961 6112
f 6112 6137 5987
f 5987 6137 5988
f 5985 6136 5616
f 5986 5985 5616
f 5986 5616 5617
f 5986 5617 6110
f 5986 6110 5958
f 5984 6136 5985
f 5977 6132 5983
f 5982 6135 5981
f 5983 6132 5606
f 5983 5606 5614
f 5969 5605 6129
f 5603 6131 6127
f 6127 5595 5603
f 5976 5962 6127
f 6127 6131 5976
f 6130 5600 5601
f 5975 6130 5601
f 5975 5601 5602
f 5972 5975 5602
f 5972 5602 6116
f 6129 5599 5600
f 5970 6129 5600
f 5974 5970 5600
f 5974 5600 6130
f 5974 6130 5975
f 5972 6116 5965
f 5955 6115 5968
f 5969 6131 5605
f 6131 5604 5605
f 5969 5976 6131
f 6131 5603 5604
f 5982 5983 5614
f 5982 5614 6135
f 5981 6135 5613
f 5952 5981 5613
f 5952 5613 5615
f 5614 5613 6135
f 5979 6133 5978
f 5980 6134 5611
f 5980 5611 5609
f 5979 5609 6133
f 5978 6133 5608
f 5977 5978 5608
f 5977 5608 5607
f 5977 5607 6132
f 5609 5608 6133
f 5607 5606 6132
f 6129 5605 5599
f 5979 5980 5609
f 5883 6171 6172
f 5883 5879 6171
f 5477 5475 6050
f 6005 5477 6050
f 6005 6050 6000
f 5474 6048 5475
f 5475 6048 6050
f 5473 6043 5474
f 5474 6043 6048
f 5473 5471 6043
f 5922 5924 6000
f 6000 6050 5922
f 5922 6050 6048
f 5918 5922 6048
f 5918 6048 6041
f 5918 6041 5912
f 6037 6041 6043
f 5471 5537 6033
f 6004 6010 5890
f 5890 6010 5893
f 6001 6004 5888
f 5888 6004 5890
f 5998 6001 5869
f 5869 6001 5888
f 5537 5536 6033
f 6033 5536 5534
f 6033 5534 6029
f 5884 6033 6029
f 5882 5884 6029
f 5534 5531 6029
f 6029 6028 5882
f 5882 6028 5877
f 6029 5531 5530
f 5530 6027 6028
f 6029 5530 6028
f 6010 6012 5897
f 6043 6041 6048
f 5897 5893 6010
f 5899 5897 6012
f 6043 5471 6033
f 6043 6033 6037
f 6041 6037 5912
f 5912 6037 5907
f 6037 6033 5907
f 5907 6033 5884
f 6034 6019 5504
f 5905 5903 6018
f 5905 6018 6019
f 5905 6019 6034
f 6015 6018 5899
f 5899 6018 5903
f 6012 6015 5899
f 5873 5877 6028
f 6028 6025 5873
f 6027 5524 6025
f 6012 5487 5490
f 6010 6004 5997
f 5997 6007 6010
f 6007 5482 5487
f 6007 5997 5472
f 5472 5482 6007
f 6004 6001 5995
f 5995 5997 6004
f 5998 5479 5467
f 6001 5998 5467
f 6001 5467 5995
f 5466 5472 5995
f 5995 5472 5997
f 5467 5466 5995
f 6012 6010 5487
f 6010 6007 5487
f 5490 5491 6012
f 6028 6027 6025
f 5530 5526 6027
f 5526 5524 6027
f 6025 6023 5873
f 5873 6023 5871
f 5518 6023 5521
f 5521 6023 6025
f 5869 5871 6023
f 6023 6021 5998
f 5869 6023 5998
f 5512 6021 5518
f 5518 6021 6023
f 6019 5502 5504
f 5493 5502 6018
f 6018 5502 6019
f 6018 6015 5491
f 5491 5493 6018
f 6012 5491 6015
f 5524 5521 6025
f 243 242 245
f 244 145 143
f 143 243 244
f 134 241 143
f 143 241 243
f 242 138 140
f 242 241 133
f 133 138 242
f 134 133 241
f 241 242 243
f 199 140 147
f 200 242 140
f 247 159 246
f 206 247 246
f 205 206 246
f 205 246 204
f 157 155 246
f 203 204 246
f 246 155 152
f 203 246 152
f 203 152 150
f 203 150 244
f 202 203 244
f 150 145 244
f 201 245 200
f 202 244 243
f 201 202 243
f 201 243 245
f 200 245 242
f 199 200 140
f 159 157 246
f 207 247 206
f 208 147 248
f 147 162 248
f 173 159 247
f 213 250 214
f 213 212 171
f 171 172 250
f 213 171 250
f 212 211 249
f 249 170 171
f 212 249 171
f 210 249 211
f 249 167 170
f 248 165 167
f 209 248 167
f 209 167 249
f 210 209 249
f 208 248 209
f 248 162 165
f 208 199 147
f 207 173 247
f 207 215 173
f 215 251 173
f 251 174 173
f 217 254 220
f 219 220 254
f 254 252 219
f 252 251 219
f 219 251 218
f 218 251 215
f 217 216 253
f 253 254 217
f 252 254 176
f 252 176 175
f 250 253 214
f 214 253 216
f 250 172 253
f 253 172 176
f 175 174 252
f 252 174 251
f 254 253 176
f 699 731 643
f 700 733 699
f 733 731 699
f 700 646 733
f 359 387 350
f 365 349 295
f 351 295 349
f 286 295 351
f 295 302 365
f 362 384 355
f 362 365 302
f 302 297 384
f 362 302 384
f 359 358 385
f 359 385 386
f 359 386 387
f 353 298 300
f 358 353 385
f 299 301 385
f 385 301 386
f 300 299 385
f 384 296 298
f 355 384 298
f 353 355 298
f 297 296 384
f 353 300 385
f 279 314 218
f 278 279 218
f 218 215 278
f 278 215 276
f 312 216 313
f 313 216 217
f 277 275 214
f 214 216 312
f 277 214 312
f 270 276 215
f 215 207 270
f 275 274 213
f 213 214 275
f 212 213 273
f 273 213 274
f 273 272 211
f 211 212 273
f 314 219 218
f 272 271 311
f 280 314 279
f 220 219 315
f 285 316 282
f 285 284 313
f 313 316 285
f 312 313 283
f 283 313 284
f 277 312 283
f 281 282 316
f 316 315 281
f 315 314 281
f 281 314 280
f 316 313 217
f 316 217 220
f 315 316 220
f 315 219 314
f 272 311 210
f 308 311 266
f 307 201 200
f 307 200 306
f 308 307 306
f 202 201 307
f 200 199 306
f 203 307 309
f 272 210 211
f 202 307 203
f 266 267 307
f 266 311 271
f 311 209 210
f 308 306 208
f 308 208 209
f 311 308 209
f 306 199 208
f 207 206 270
f 270 206 269
f 206 205 310
f 269 206 310
f 268 269 310
f 205 204 310
f 267 268 310
f 310 309 267
f 310 204 203
f 203 309 310
f 267 309 307
f 266 307 308
f 292 291 322
f 322 231 229
f 322 229 321
f 292 322 321
f 229 227 321
f 321 227 320
f 289 290 320
f 320 319 289
f 288 289 319
f 319 318 288
f 319 320 227
f 227 225 319
f 318 319 225
f 318 225 222
f 318 222 317
f 288 318 287
f 286 287 318
f 293 320 290
f 318 317 286
f 321 320 293
f 294 322 291
f 292 321 293
f 6986 6916 6924
f 6989 6923 6921
f 6974 6970 6986
f 6986 6924 6922
f 6974 6986 6922
f 6974 6922 6923
f 6974 6923 6989
f 6973 6974 6989
f 6920 6988 6921
f 6921 6988 6989
f 6919 6987 6920
f 6920 6987 6988
f 6989 6988 6973
f 6973 6988 6972
f 6972 6988 6987
f 6965 6972 6987
f 6965 6987 6985
f 6919 6918 6987
f 6917 6984 6985
f 6918 6917 6985
f 6962 6963 6909
f 6962 6909 6906
f 6962 6906 6982
f 6910 6909 6983
f 6907 6908 6959
f 6959 6908 6961
f 6960 6982 6905
f 6959 6960 6905
f 6959 6905 6907
f 6906 6905 6982
f 6963 6983 6909
f 6910 6983 6984
f 6984 6911 6910
f 6963 6964 6983
f 6987 6918 6985
f 6917 6911 6984
f 6969 6971 6915
f 6915 6916 6986
f 6969 6915 6986
f 6971 6968 6914
f 6914 6915 6971
f 6969 6986 6970
f 6913 6914 6967
f 6967 6966 6912
f 6912 6913 6967
f 6966 6961 6908
f 6908 6912 6966
f 6965 6985 6964
f 6962 6982 6960
f 6964 6985 6984
f 6964 6984 6983
f 6967 6914 6968
f 6928 6824 6829
f 6991 6990 7022
f 7024 6997 6996
f 6997 7024 7023
f 7023 6993 6997
f 6996 6995 7024
f 6995 6994 7022
f 6995 7022 7023
f 7024 6995 7023
f 6994 6991 7022
f 7023 6992 6993
f 6990 6992 7022
f 7022 6992 7023
f 7027 7004 7005
f 7027 7005 7001
f 7001 7026 7027
f 7027 7003 7004
f 7026 7025 7002
f 7027 7026 7002
f 7027 7002 7003
f 7025 6998 7002
f 6999 7025 7000
f 7000 7025 7026
f 6999 6998 7025
f 7001 7000 7026
f 7016 6970 6974
f 7016 6974 6973
f 6973 7015 7016
f 6972 7014 6973
f 6973 7014 7015
f 6972 6965 7014
f 6566 6596 6563
f 6517 6432 6519
f 6419 6425 6535
f 6424 6429 6514
f 6514 6429 6517
f 6514 6498 6535
f 6535 6425 6424
f 6514 6535 6424
f 6496 6417 6423
f 6504 6496 6423
f 6504 6423 6538
f 6423 6421 6538
f 6502 6504 6538
f 6538 6536 6502
f 6418 6536 6421
f 6421 6536 6538
f 6502 6536 6416
f 6502 6416 6419
f 6429 6432 6517
f 6502 6419 6535
f 6432 6435 6521
f 6435 6439 6522
f 6446 6444 6546
f 6546 6444 6442
f 6442 6545 6546
f 6545 6442 6440
f 6510 6545 6440
f 6509 6510 6440
f 6508 6509 6440
f 6508 6440 6437
f 6508 6437 6544
f 6505 6525 6542
f 6542 6539 6505
f 6522 6439 6441
f 6522 6441 6542
f 6525 6522 6542
f 6522 6521 6435
f 6521 6519 6432
f 6499 6502 6535
f 6499 6535 6498
f 6418 6416 6536
f 6745 6742 6884
f 6855 6878 6783
f 6815 6728 6749
f 6748 6813 6814
f 6749 6748 6814
f 6815 6749 6814
f 6748 6747 6813
f 6884 6878 6880
f 6746 6884 6880
f 6746 6880 6793
f 6747 6746 6793
f 6813 6747 6793
f 6746 6745 6884
f 6878 6884 6742
f 6742 6722 6809
f 6742 6809 6783
f 6878 6742 6783
f 6843 6855 6783
f 7011 6943 6944
f 7013 6958 6957
f 6958 7013 7009
f 7009 6952 6958
f 7013 6957 6956
f 6956 7012 7013
f 7012 6956 6943
f 6997 7012 6943
f 6997 6943 7011
f 6996 6997 7011
f 7008 7009 7012
f 7012 7009 7013
f 6990 6947 6946
f 6990 6946 7006
f 6992 6990 7006
f 6990 6991 6948
f 6948 6947 6990
f 6946 6945 7006
f 7006 6949 7007
f 6945 6949 7006
f 7007 6949 6950
f 6993 7007 7008
f 7008 7012 6993
f 6993 7012 6997
f 6944 6955 7011
f 6996 7011 6955
f 6995 6996 6955
f 6995 6955 6954
f 6995 6954 7010
f 6954 6953 7010
f 6995 7010 6994
f 6994 6953 6948
f 6991 6994 6948
f 7009 6951 6952
f 7009 7008 7007
f 7009 7007 6950
f 7009 6950 6951
f 6992 7006 7007
f 6993 6992 7007
f 6994 7010 6953
f 6944 6943 6885
f 6978 6888 6887
f 6978 6887 6886
f 6886 6976 6978
f 6943 6976 6886
f 6943 6886 6885
f 6685 6686 6675
f 6675 6686 6676
f 6675 6674 6684
f 6684 6685 6675
f 6673 6684 6674
f 6682 6683 6684
f 6672 6682 6684
f 6673 6672 6684
f 6613 6683 6682
f 6682 6681 6612
f 6613 6682 6612
f 6671 6682 6672
f 6671 6670 6681
f 6681 6682 6671
f 6803 6710 6711
f 6761 6803 6711
f 6759 6803 6760
f 6699 6698 6758
f 6758 6698 6757
f 6803 6692 6710
f 6761 6760 6803
f 6761 6712 6762
f 6711 6712 6761
f 6712 6713 6763
f 6767 6772 6718
f 6718 6717 6808
f 6767 6718 6808
f 6717 6716 6808
f 6767 6808 6766
f 6766 6808 6699
f 6758 6766 6699
f 6764 6714 6715
f 6764 6715 6806
f 6765 6764 6806
f 6764 6763 6713
f 6713 6714 6764
f 6763 6762 6712
f 6808 6716 6699
f 1044 1041 935
f 1045 1044 935
f 1046 1045 935
f 1042 1007 1073
f 1043 1042 1073
f 1043 867 928
f 1043 1073 867
f 1040 1043 928
f 1040 928 927
f 927 924 933
f 1040 927 933
f 1041 1040 933
f 1041 933 935
f 1046 935 934
f 1111 1046 934
f 1111 934 931
f 1111 931 1138
f 990 1069 1138
f 1138 931 872
f 1138 872 1077
f 990 1138 1077
f 1012 990 1077
f 1336 1333 1325
f 1228 1225 1327
f 1327 1336 1228
f 1327 1322 1336
f 1336 1322 1333
f 1333 1331 1325
f 1325 1331 1319
f 1318 1319 1331
f 1331 1317 1318
f 1322 1321 1333
f 1333 1321 1331
f 1317 1331 1321
f 1321 1310 1317
f 1221 1327 1225
f 1221 1219 1322
f 1322 1327 1221
f 1321 1322 1218
f 1325 1332 1336
f 1218 1322 1219
f 1336 1332 1224
f 1230 1320 1217
f 1237 1313 1315
f 1235 1237 1315
f 1235 1315 1334
f 1213 1313 1237
f 1234 1235 1334
f 1234 1334 1328
f 1234 1328 1340
f 1234 1340 1232
f 1340 1328 1323
f 1323 1339 1340
f 1230 1232 1340
f 1340 1339 1230
f 1339 1323 1318
f 1318 1320 1339
f 1339 1320 1230
f 1224 1228 1336
f 1218 1210 1310
f 1317 1312 1318
f 1310 1321 1218
f 1318 1312 1320
f 1214 1217 1320
f 1214 1320 1312
f 1214 1312 1311
f 1310 1309 1317
f 1317 1309 1312
f 1211 1311 1312
f 1209 1211 1312
f 1209 1312 1309
f 1214 1311 1212
f 1212 1311 1211
f 1210 1208 1309
f 1309 1310 1210
f 1209 1309 1208
f 1298 959 950
f 1276 1298 950
f 1295 1297 1296
f 1296 1297 1298
f 1297 957 959
f 1297 1295 954
f 954 957 1297
f 1296 943 955
f 955 1295 1296
f 955 954 1295
f 1298 1297 959
f 943 1296 1300
f 1300 944 943
f 945 944 1300
f 1162 1160 1273
f 1162 1303 1278
f 945 1300 1303
f 946 945 1303
f 1273 946 1303
f 1298 1276 1303
f 1303 1276 1278
f 1296 1298 1300
f 1300 1298 1303
f 1162 1273 1303
f 774 784 775
f 784 782 775
f 775 782 771
f 774 773 783
f 783 784 774
f 782 784 783
f 603 768 706
f 413 474 463
f 463 474 706
f 768 463 706
f 768 551 463
f 551 408 463
f 768 490 551
f 783 567 782
f 772 783 773
f 772 632 723
f 499 555 561
f 723 499 561
f 561 567 783
f 723 561 783
f 772 723 783
f 771 782 770
f 770 567 563
f 769 770 563
f 769 563 498
f 769 498 716
f 716 715 769
f 769 715 624
f 768 622 712
f 768 712 490
f 770 782 567
f 813 812 897
f 813 897 900
f 811 895 812
f 646 897 895
f 895 645 646
f 810 893 644
f 644 645 895
f 810 644 895
f 811 810 895
f 893 641 644
f 643 642 894
f 642 635 894
f 894 635 891
f 809 893 810
f 892 640 641
f 807 892 641
f 809 807 641
f 812 895 897
f 809 641 893
f 813 900 814
f 815 816 891
f 906 903 905
f 905 903 902
f 819 905 902
f 818 819 902
f 904 897 646
f 904 646 700
f 903 904 700
f 700 699 903
f 903 699 902
f 902 901 818
f 818 901 817
f 817 901 816
f 901 902 699
f 901 699 643
f 901 643 894
f 901 894 891
f 816 901 891
f 815 891 796
f 806 892 807
f 892 639 640
f 806 802 638
f 628 627 788
f 627 623 788
f 788 623 787
f 788 789 628
f 790 628 789
f 629 628 790
f 630 629 790
f 638 639 892
f 806 638 892
f 637 638 801
f 801 638 802
f 636 637 800
f 800 637 801
f 800 798 625
f 625 636 800
f 891 635 634
f 796 891 890
f 795 796 890
f 795 890 793
f 634 633 890
f 791 793 890
f 791 890 633
f 791 633 630
f 790 791 630
f 891 634 890
f 719 491 718
f 629 718 628
f 627 628 718
f 718 491 481
f 718 481 714
f 627 718 714
f 627 714 623
f 717 488 489
f 621 713 486
f 621 486 488
f 625 621 488
f 625 488 717
f 713 475 486
f 481 479 714
f 613 623 714
f 613 714 479
f 613 479 477
f 492 491 719
f 613 477 708
f 494 492 719
f 630 720 718
f 501 726 725
f 725 500 501
f 637 725 638
f 636 717 489
f 489 500 725
f 636 489 725
f 637 636 725
f 625 717 636
f 635 724 634
f 634 724 722
f 633 634 722
f 633 722 720
f 633 720 630
f 722 497 494
f 720 722 494
f 720 494 719
f 720 719 718
f 629 630 718
f 638 726 639
f 477 467 708
f 619 616 473
f 605 704 604
f 608 707 606
f 619 713 621
f 605 466 704
f 605 707 466
f 619 473 475
f 619 475 713
f 616 615 711
f 711 471 473
f 616 711 473
f 471 711 704
f 704 465 471
f 614 711 615
f 704 711 604
f 604 711 614
f 613 708 612
f 708 467 466
f 612 708 466
f 612 466 707
f 610 612 707
f 610 707 608
f 605 606 707
f 466 465 704
f 725 726 638
f 722 501 497
f 722 726 501
f 641 728 730
f 644 641 730
f 644 730 732
f 643 731 730
f 643 730 729
f 642 643 729
f 729 724 642
f 642 724 635
f 729 730 728
f 728 727 729
f 727 722 729
f 729 722 724
f 640 728 641
f 726 727 728
f 639 726 728
f 640 639 728
f 722 727 726
f 644 732 645
f 732 730 731
f 731 733 732
f 645 733 646
f 732 733 645
f 505 508 735
f 742 743 514
f 514 513 740
f 742 514 740
f 654 739 742
f 654 742 740
f 659 654 740
f 740 513 512
f 657 740 512
f 651 657 512
f 651 512 737
f 659 740 657
f 655 739 654
f 651 737 649
f 736 509 511
f 508 509 735
f 735 509 736
f 735 734 505
f 506 505 734
f 656 741 663
f 664 663 515
f 663 517 515
f 663 741 517
f 515 502 664
f 664 502 647
f 904 903 906
f 900 897 904
f 904 907 900
f 814 907 820
f 1057 1056 804
f 804 805 1057
f 1056 1055 803
f 803 804 1056
f 792 803 1051
f 1051 803 1055
f 799 797 1052
f 1052 797 794
f 794 1051 1052
f 794 792 1051
f 1057 805 808
f 1052 1055 1058
f 954 1055 1056
f 959 1049 950
f 959 957 1057
f 959 1057 808
f 959 808 798
f 959 798 1049
f 957 954 1056
f 1056 1057 957
f 955 943 1047
f 1047 1058 955
f 799 1052 1058
f 787 799 1058
f 1047 787 1058
f 955 1058 1055
f 954 955 1055
f 1051 1055 1052
f 838 631 632
f 838 632 915
f 839 838 915
f 626 631 837
f 837 631 838
f 837 836 914
f 914 620 626
f 914 618 620
f 826 822 909
f 909 912 826
f 824 825 912
f 912 911 824
f 911 910 824
f 824 910 823
f 911 912 909
f 909 908 911
f 910 911 908
f 908 906 910
f 821 909 822
f 820 907 908
f 821 820 908
f 821 908 909
f 906 908 907
f 907 904 906
f 900 907 814
f 826 912 825
f 837 914 626
f 601 600 913
f 913 600 602
f 835 914 836
f 835 834 617
f 617 618 914
f 835 617 914
f 834 833 611
f 611 617 834
f 833 832 609
f 609 611 833
f 832 831 607
f 607 609 832
f 602 607 827
f 827 607 831
f 829 913 828
f 603 601 913
f 830 603 913
f 829 830 913
f 827 828 913
f 827 913 602
f 2014 1436 1437
f 1876 2014 1437
f 1880 1876 1437
f 2014 1434 1436
f 2024 1438 1440
f 2021 1438 2024
f 2033 2024 1442
f 1880 1446 1906
f 1894 2036 1901
f 1897 2014 1876
f 2036 2033 1901
f 1901 2033 1895
f 1897 1895 2033
f 2033 1443 1434
f 1897 2033 1434
f 1897 1434 2014
f 2024 2036 1890
f 1890 2036 1894
f 1892 2037 1886
f 1886 2037 2021
f 1890 1886 2021
f 1890 2021 2024
f 2033 2036 2024
f 2024 1440 1442
f 2033 1442 1443
f 1437 1446 1880
f 1448 1450 1910
f 1910 1908 1448
f 1906 1448 1908
f 1913 2042 1911
f 1910 1450 1453
f 1910 1453 2042
f 1913 1910 2042
f 1903 1911 2042
f 1903 2042 1455
f 1903 1455 1456
f 2042 1453 1455
f 1446 1448 1906
f 2128 1854 1856
f 2120 2285 2123
f 2285 1853 1854
f 2104 1823 1853
f 2120 2104 1853
f 2120 1853 2285
f 2114 2117 1850
f 1850 1848 2114
f 1848 1845 2114
f 2114 1845 2113
f 2108 2280 2110
f 2110 2280 2107
f 2108 2109 1842
f 2108 1842 1832
f 2108 1832 2278
f 2108 2278 2280
f 1832 1828 2278
f 2128 2285 1854
f 2099 2107 2280
f 2128 2123 2285
f 2258 1864 2292
f 1825 1867 2262
f 2262 1867 2260
f 2258 2260 1867
f 2258 1867 1864
f 1864 1862 2292
f 2099 2280 2278
f 1826 2264 2273
f 2267 1805 1812
f 2267 2266 1803
f 1803 1805 2267
f 1794 1803 2257
f 2257 1803 2266
f 2264 1798 1796
f 1796 2259 2264
f 1795 2257 1796
f 1796 2257 2259
f 1795 1794 2257
f 2096 2256 2097
f 2255 2256 2095
f 2095 2256 2096
f 2259 2266 2269
f 2099 2278 2273
f 2257 2266 2259
f 2266 2267 2269
f 1828 1826 2273
f 2278 1828 2273
f 1826 1798 2264
f 2104 2102 2275
f 2104 2275 1820
f 2104 1820 1823
f 2271 2275 2098
f 2098 2275 2102
f 2275 1818 1820
f 2271 2267 1812
f 2275 2271 1812
f 2275 1812 1818
f 2099 2273 2269
f 2098 2099 2269
f 2098 2269 2271
f 2259 2269 2264
f 2264 2269 2273
f 2269 2267 2271
f 2163 1837 2291
f 2163 2291 2140
f 1534 1526 1527
f 1529 1527 1373
f 1373 1527 1369
f 1367 1369 1527
f 1367 1527 1526
f 1367 1526 1524
f 1367 1524 1366
f 1175 1520 1178
f 1178 1520 1522
f 1175 1172 1520
f 1527 1536 1534
f 1541 1534 1536
f 1536 1542 1541
f 1546 1527 1529
f 1577 1186 1188
f 1393 1577 1399
f 1575 1185 1186
f 1392 1575 1186
f 1393 1392 1186
f 1393 1186 1577
f 1553 1168 1575
f 1575 1168 1185
f 1390 1575 1392
f 1553 1575 1386
f 1386 1575 1390
f 1562 1542 1554
f 1559 1561 1522
f 1522 1558 1559
f 1558 1541 1559
f 1559 1541 1542
f 1557 1556 1382
f 1382 1556 1380
f 1380 1556 1379
f 1554 1546 1557
f 1557 1546 1556
f 1379 1556 1546
f 1377 1379 1546
f 1377 1546 1529
f 1377 1529 1373
f 1542 1536 1554
f 1554 1536 1546
f 1536 1527 1546
f 1559 1542 1562
f 1561 1559 1562
f 1562 1554 1566
f 1566 1554 1557
f 1802 1955 1950
f 1804 1801 1950
f 1950 1952 1804
f 1797 1948 1800
f 1802 1950 1801
f 1802 1806 1955
f 1806 1954 1955
f 1952 1950 1957
f 1981 1372 1371
f 1371 1977 1981
f 1977 1976 1981
f 1981 1976 1979
f 1371 1368 1957
f 1977 1371 1957
f 1977 1957 1955
f 1955 1954 1977
f 1977 1954 1976
f 1969 1960 1975
f 1975 1960 1973
f 1960 1952 1973
f 1973 1952 1957
f 1808 1807 1960
f 1960 1969 1808
f 1807 1804 1952
f 1952 1960 1807
f 1957 1950 1955
f 1957 1368 1376
f 1376 1973 1957
f 1973 1376 1975
f 1406 2003 2006
f 1403 1372 1981
f 1403 1981 1979
f 1404 1403 1979
f 2003 1404 1979
f 1962 2011 1822
f 1822 2011 1840
f 1840 2011 1838
f 1961 2010 1962
f 1962 2010 2011
f 2011 2010 1838
f 1838 2010 1836
f 2009 2008 1961
f 1961 2008 2010
f 1835 1836 2010
f 1835 2010 2008
f 1835 2008 2007
f 1404 2003 1406
f 2008 2009 2006
f 2009 1409 2006
f 2009 2012 1409
f 1412 1410 2012
f 1412 2012 2009
f 1366 1412 2009
f 1961 1366 2009
f 1410 1409 2012
f 1409 1406 2006
f 2006 2004 2008
f 2007 2008 2004
f 2004 2001 2007
f 1388 1978 1997
f 1388 1997 1381
f 1385 1381 1997
f 1385 1997 1990
f 1996 1385 1990
f 1997 1978 1814
f 1814 1978 1816
f 1814 1813 1990
f 1990 1997 1814
f 1990 1989 1996
f 1996 1989 1992
f 1989 1969 1992
f 1992 1969 1975
f 1813 1811 1989
f 1989 1990 1813
f 1969 1989 1808
f 1808 1989 1811
f 1388 1980 1978
f 1975 1378 1395
f 1395 1992 1975
f 1992 1395 1398
f 1835 2007 1831
f 2007 2001 1831
f 1831 2001 1827
f 2003 2002 2006
f 2006 2002 2004
f 2001 2004 2002
f 2002 1999 2001
f 1979 1984 2003
f 1975 1376 1378
f 2003 1984 2002
f 1984 1982 1999
f 1824 1827 2001
f 2001 1999 1824
f 1999 1982 1824
f 1824 1982 1821
f 1980 1388 1386
f 1398 1385 1996
f 1398 1996 1992
f 1999 2002 1984
f 1089 1088 1761
f 1706 1761 1704
f 1700 1704 1761
f 1700 1761 1088
f 1700 1088 1087
f 1706 1707 1761
f 1707 1089 1761
f 1763 1091 1089
f 1100 1101 1766
f 1728 1100 1766
f 1098 1100 1725
f 1725 1100 1727
f 1725 1722 1097
f 1097 1098 1725
f 1095 1097 1710
f 1710 1097 1722
f 1094 1095 1709
f 1709 1095 1710
f 1709 1708 989
f 989 1094 1709
f 1698 986 987
f 1708 1698 987
f 1708 987 988
f 1708 988 989
f 1093 1091 1763
f 1707 1763 1089
f 1728 1727 1100
f 1733 1763 1707
f 1733 1735 1763
f 1735 1093 1763
f 1759 1785 1760
f 1785 1775 1762
f 1760 1785 1762
f 1699 1760 1762
f 1783 1785 1758
f 1758 1785 1759
f 1775 1785 1783
f 1783 1771 1775
f 1772 1108 1105
f 1772 1105 1769
f 1744 1772 1769
f 1744 1769 1741
f 1770 1106 1771
f 1771 1106 1107
f 1106 1770 1766
f 1766 1101 1106
f 1105 1104 1769
f 1737 1741 1769
f 1769 1104 1103
f 1769 1103 1768
f 1737 1769 1768
f 1103 1102 1768
f 1737 1768 1735
f 1735 1768 1102
f 1735 1102 1093
f 1744 1746 1772
f 1748 1772 1746
f 1774 1108 1772
f 1110 1108 1774
f 1757 1783 1758
f 1757 1756 1770
f 1757 1770 1771
f 1757 1771 1783
f 1766 1770 1754
f 1754 1770 1756
f 1728 1766 1754
f 1762 1776 1702
f 1702 1776 1750
f 1776 1762 1775
f 1775 1774 1776
f 1749 1776 1774
f 1748 1749 1774
f 1748 1774 1772
f 1775 1771 1107
f 1774 1775 1107
f 1774 1107 1110
f 1750 1776 1749
f 434 461 439
f 479 481 564
f 479 564 562
f 479 562 477
f 559 557 564
f 564 557 562
f 562 557 552
f 477 562 552
f 467 477 552
f 473 559 475
f 557 559 471
f 471 559 473
f 471 465 552
f 552 557 471
f 467 552 466
f 466 552 465
f 481 565 564
f 486 559 566
f 559 564 566
f 486 475 559
f 501 570 497
f 501 500 569
f 569 570 501
f 489 569 500
f 497 570 494
f 494 570 569
f 494 569 568
f 492 494 568
f 492 565 491
f 491 565 481
f 488 566 568
f 489 488 568
f 489 568 569
f 565 568 566
f 566 564 565
f 486 566 488
f 568 565 492
f 356 388 286
f 351 356 286
f 357 388 356
f 354 352 305
f 305 294 354
f 387 304 305
f 350 387 305
f 352 350 305
f 386 303 387
f 387 303 304
f 386 301 303
f 388 287 286
f 389 388 357
f 389 287 388
f 367 293 368
f 369 368 293
f 293 290 393
f 369 293 393
f 367 366 291
f 291 292 367
f 290 289 393
f 393 289 392
f 390 392 289
f 289 288 390
f 364 391 363
f 363 391 390
f 363 390 389
f 361 363 389
f 361 389 360
f 389 390 288
f 389 288 287
f 357 360 389
f 292 293 367
f 392 390 391
f 391 394 392
f 371 392 394
f 366 354 294
f 294 291 366
f 369 393 370
f 371 394 372
f 394 391 372
f 372 391 364
f 370 393 392
f 371 370 392
f 1939 1945 1844
f 1834 1972 1841
f 1841 1972 1833
f 1834 1815 1949
f 1949 1972 1834
f 1833 1972 1949
f 1817 1833 1949
f 1817 1949 1947
f 1819 1968 1829
f 1825 1829 1968
f 1968 1966 1825
f 1819 1817 1947
f 1819 1947 1964
f 1819 1964 1968
f 1964 1959 1968
f 1968 1959 1966
f 1810 1945 1944
f 1844 1809 1939
f 1815 1810 1944
f 1844 1945 1810
f 1800 1948 1852
f 1846 1948 1797
f 1976 1983 1979
f 1979 1983 1984
f 1863 1982 1984
f 1866 1863 1984
f 1866 1984 1983
f 1865 1983 1976
f 1861 1865 1976
f 1861 1976 1954
f 1866 1983 1865
f 1821 1982 1863
f 1861 1954 1806
f 1852 1948 1846
f 1815 1944 1949
f 1944 1943 1947
f 1947 1949 1944
f 1944 1945 1939
f 1939 1942 1944
f 1942 1941 1944
f 1944 1941 1943
f 1799 1939 1809
f 1499 1500 1257
f 1257 1255 1499
f 1496 1483 1253
f 1253 1252 1496
f 1249 1246 1643
f 1637 1245 1241
f 1238 1245 1637
f 1491 1644 1242
f 1491 1242 1239
f 1493 1491 1239
f 1492 1644 1491
f 1476 1249 1643
f 1476 1255 1249
f 1476 1499 1255
f 1496 1257 1500
f 1641 1645 1646
f 1646 1638 1641
f 1643 1246 1261
f 1645 1643 1261
f 1645 1261 1646
f 1638 1646 1260
f 1260 1240 1638
f 1261 1260 1646
f 1252 1257 1496
f 1509 1258 1484
f 1512 1490 1266
f 1266 1046 1111
f 1512 1266 1111
f 990 1012 1348
f 1511 1493 1239
f 1239 1341 992
f 1239 992 990
f 1348 1509 1510
f 990 1348 1510
f 1239 990 1510
f 1511 1239 1510
f 1348 1258 1509
f 1884 2015 1870
f 2076 2083 2081
f 2081 2073 2076
f 2083 2080 1496
f 2083 1496 1500
f 2083 1500 2081
f 2073 2081 1499
f 1499 1476 2073
f 1500 1499 2081
f 1483 1496 2080
f 1493 1511 2078
f 1510 1509 1921
f 1921 1509 1917
f 1921 1918 2078
f 2078 1511 1510
f 1921 2078 1510
f 1916 1917 1509
f 1509 1484 1916
f 1268 1358 1270
f 1269 1356 1268
f 1344 1019 1001
f 1354 1016 1018
f 1244 1267 1354
f 1244 1354 1018
f 1244 1018 1019
f 1244 1019 1344
f 1016 1354 1352
f 1352 1014 1016
f 1243 1343 1352
f 1243 1352 1354
f 1267 1243 1354
f 1045 1046 1265
f 1265 1046 1266
f 1041 1044 1262
f 1262 1044 1264
f 1356 1358 1268
f 1265 1264 1044
f 1269 1027 1356
f 1269 1271 1027
f 1362 1033 1363
f 1363 1033 1034
f 1361 1031 1362
f 1362 1031 1033
f 1360 1359 1030
f 1361 1360 1030
f 1031 1361 1030
f 1358 1029 1359
f 1359 1029 1030
f 1272 1359 1360
f 1242 1272 1360
f 1242 1360 1341
f 1358 1359 1270
f 1270 1359 1272
f 1029 1358 1356
f 1356 1028 1029
f 1027 1028 1356
f 1044 1045 1265
f 1263 1040 1259
f 1241 1343 1243
f 1240 1342 1238
f 1244 1344 1247
f 1043 1040 1263
f 1248 1001 1003
f 1248 1247 1344
f 1346 1007 1042
f 1263 1251 1346
f 1346 1042 1043
f 1263 1346 1043
f 1262 1259 1040
f 1040 1041 1262
f 1348 1012 1010
f 1258 1348 1010
f 1256 1258 1010
f 1253 1254 1009
f 1009 1011 1253
f 1010 1009 1256
f 1256 1009 1254
f 1248 1003 1007
f 1248 1007 1346
f 1250 1248 1346
f 1250 1346 1251
f 1248 1344 1001
f 1669 1660 1668
f 1439 1452 1667
f 1439 1667 1668
f 1439 1668 1660
f 1666 1218 1667
f 1667 1218 1219
f 1218 1666 1656
f 1656 1210 1218
f 1452 1451 1666
f 1666 1667 1452
f 1451 1431 1656
f 1656 1666 1451
f 1447 1664 1665
f 1445 1447 1665
f 1445 1665 1663
f 1661 1664 1441
f 1441 1664 1447
f 1661 1660 1669
f 1444 1445 1663
f 1668 1219 1221
f 1225 1668 1221
f 1462 1676 1677
f 1673 1677 1676
f 1676 1665 1673
f 1673 1672 1675
f 1675 1672 1674
f 1672 1669 1674
f 1674 1669 1670
f 1665 1664 1673
f 1673 1664 1672
f 1664 1661 1672
f 1672 1661 1669
f 1671 1228 1622
f 1622 1228 1224
f 1228 1671 1670
f 1670 1225 1228
f 1225 1670 1669
f 1225 1669 1668
f 1667 1219 1668
f 1462 1460 1676
f 1663 1662 1444
f 1660 1661 1441
f 1652 1655 1426
f 1426 1655 1430
f 1427 1428 1653
f 1653 1654 1652
f 1427 1653 1652
f 1429 1653 1428
f 1427 1652 1426
f 1423 1424 1650
f 1423 1650 1651
f 1423 1651 1648
f 1425 1650 1424
f 1423 1648 1422
f 1655 1656 1431
f 1441 1435 1660
f 1431 1430 1655
f 1209 1655 1652
f 1439 1660 1435
f 1217 1214 1659
f 1211 1209 1654
f 1658 1659 1214
f 1214 1212 1657
f 1658 1214 1657
f 1651 1658 1657
f 1657 1648 1651
f 1657 1212 1211
f 1211 1654 1653
f 1657 1211 1653
f 1422 1648 1657
f 1422 1657 1653
f 1429 1422 1653
f 1210 1656 1655
f 1655 1208 1210
f 1209 1208 1655
f 1654 1209 1652
f 1460 1678 1676
f 1465 1673 1675
f 1465 1463 1673
f 1695 1696 1232
f 1695 1232 1693
f 1695 1694 1605
f 1605 1694 1601
f 1694 1689 1601
f 1601 1689 1585
f 1693 1692 1695
f 1695 1692 1694
f 1692 1684 1694
f 1694 1684 1689
f 1230 1691 1232
f 1232 1691 1693
f 1217 1659 1230
f 1230 1659 1691
f 1692 1693 1691
f 1691 1690 1692
f 1684 1692 1690
f 1696 1234 1232
f 1690 1682 1684
f 1235 1234 1696
f 1213 1696 1695
f 1583 1697 1587
f 1587 1697 1592
f 1591 1592 1697
f 1697 1590 1591
f 1697 1583 1581
f 1581 1687 1697
f 1433 1590 1697
f 1475 1433 1697
f 1475 1697 1687
f 1237 1235 1696
f 1213 1237 1696
f 1605 1213 1695
f 1690 1691 1659
f 1659 1658 1690
f 1682 1690 1658
f 1681 1682 1651
f 1651 1650 1681
f 1681 1650 1472
f 1472 1650 1425
f 1471 1680 1470
f 1465 1675 1468
f 1679 1629 1469
f 1469 1629 1438
f 1679 1671 1629
f 1629 1671 1622
f 1468 1675 1674
f 1468 1674 1679
f 1469 1468 1679
f 1671 1679 1674
f 1674 1670 1671
f 1462 1677 1463
f 1463 1677 1673
f 1472 1683 1681
f 1472 1470 1683
f 1470 1680 1683
f 1682 1681 1683
f 1658 1651 1682
f 1689 1688 1585
f 1585 1688 1582
f 1581 1582 1688
f 1688 1686 1581
f 1688 1689 1684
f 1684 1683 1688
f 1686 1688 1683
f 1683 1680 1686
f 1686 1685 1687
f 1687 1685 1475
f 1475 1685 1474
f 1473 1685 1686
f 1473 1686 1680
f 1471 1473 1680
f 1474 1685 1473
f 1683 1684 1682
f 1687 1581 1686
f 1160 1162 1517
f 2163 2140 2725
f 2749 2163 2725
f 2589 2749 2725
f 2587 2589 2725
f 2587 2725 2585
f 2536 2539 2867
f 2867 2539 2876
f 2867 2860 2534
f 2534 2536 2867
f 2860 2857 2531
f 2531 2534 2860
f 2530 2531 2856
f 2856 2531 2857
f 2539 2543 2886
f 2886 2876 2539
f 2543 2544 2886
f 2878 3073 2913
f 2547 2572 3076
f 2572 2571 3076
f 3076 2571 3073
f 2913 3073 2571
f 2906 2913 2571
f 2906 2571 2569
f 2906 2569 3075
f 2906 3075 2899
f 2569 2565 3075
f 3075 2565 2556
f 2899 3075 2556
f 2899 2556 3070
f 2894 2899 3070
f 2556 2552 3070
f 2544 2546 2890
f 2890 2546 2892
f 2886 2544 2890
f 2235 2232 2823
f 2823 2232 2822
f 2822 2232 2234
f 2217 2222 2814
f 2818 2229 2230
f 2223 2227 2821
f 2682 2226 2229
f 2673 2682 2229
f 2673 2229 2818
f 2681 2821 2227
f 2681 2227 2226
f 2682 2681 2226
f 2223 2821 2819
f 2819 2220 2223
f 2669 2814 2222
f 2669 2222 2220
f 2669 2220 2819
f 2824 2239 2240
f 2680 2669 2819
f 2820 2239 2824
f 2686 2235 2823
f 2828 2825 2827
f 2829 2241 2219
f 2828 2829 2219
f 2828 2219 2817
f 2825 2828 2817
f 2817 2815 2825
f 2826 2827 2825
f 2693 2826 2825
f 2691 2693 2825
f 2694 2826 2693
f 2825 2815 2691
f 2691 2815 2676
f 2820 2824 2687
f 2687 2824 2685
f 2685 2824 2240
f 2686 2685 2240
f 2686 2240 2235
f 2238 2239 2820
f 2827 2830 2828
f 2819 2821 2679
f 2680 2819 2679
f 2808 2215 2216
f 2656 2808 2216
f 2656 2657 2808
f 2679 2821 2681
f 2216 2214 2658
f 2659 2808 2657
f 2817 2219 2218
f 2218 2816 2817
f 2674 2815 2817
f 2678 2674 2817
f 2678 2817 2816
f 2816 2218 2217
f 2677 2816 2217
f 2671 2677 2217
f 2671 2217 2814
f 2678 2816 2677
f 2676 2815 2674
f 2671 2814 2669
f 2666 2812 2813
f 2664 2666 2813
f 2664 2813 2810
f 2668 2812 2666
f 2664 2810 2663
f 2658 2656 2216
f 2831 2828 2830
f 2829 2828 2831
f 2694 2663 2826
f 2708 2843 2709
f 2709 2843 2842
f 2710 2709 2842
f 2710 2842 2811
f 2708 2707 2841
f 2708 2841 2840
f 2708 2840 2843
f 2705 2842 2843
f 2705 2843 2840
f 2704 2705 2840
f 2811 2842 2665
f 2696 2836 2697
f 2697 2836 2833
f 2698 2697 2833
f 2698 2833 2835
f 2695 2831 2830
f 2696 2695 2830
f 2696 2830 2836
f 2830 2827 2836
f 2836 2827 2833
f 2833 2832 2835
f 2835 2832 2834
f 2813 2834 2832
f 2832 2810 2813
f 2832 2833 2827
f 2827 2826 2832
f 2663 2810 2832
f 2663 2832 2826
f 2829 2234 2241
f 2829 2837 2234
f 2837 2822 2234
f 2700 2823 2837
f 2665 2842 2706
f 2706 2842 2705
f 2840 2841 2839
f 2839 2838 2840
f 2840 2838 2704
f 2704 2838 2703
f 2838 2839 2813
f 2813 2812 2838
f 2838 2812 2703
f 2702 2831 2695
f 2686 2823 2699
f 2700 2837 2701
f 2701 2837 2829
f 2701 2829 2831
f 2702 2701 2831
f 2700 2699 2823
f 2823 2822 2837
f 2703 2812 2668
f 1859 1860 2160
f 2158 2155 2321
f 2158 2321 1858
f 2158 1858 1859
f 2318 1857 2321
f 2321 1857 1858
f 2318 1855 1857
f 2154 2321 2155
f 2316 2318 2321
f 2151 2316 2321
f 2154 2151 2321
f 2144 2316 2151
f 1855 2318 2316
f 2316 2304 1851
f 1855 2316 1851
f 2304 1849 1851
f 2304 2316 2143
f 2160 2158 1859
f 2143 2316 2144
f 2143 2142 2300
f 2143 2300 1849
f 2300 1816 1849
f 2143 1849 2304
f 2132 2300 2142
f 1837 1847 2291
f 2131 2140 2291
f 2131 2291 1847
f 2131 1847 1843
f 2131 1843 2287
f 2131 2287 2127
f 1843 1839 2287
f 2127 2287 1839
f 2126 2127 1839
f 2126 1839 1830
f 2126 1830 2283
f 1830 1822 2283
f 2429 1754 2432
f 2433 1754 2496
f 1942 1939 1799
f 1942 1799 2268
f 2268 2265 1759
f 1942 2268 1759
f 1942 1759 1760
f 1942 1760 1941
f 1941 1760 1699
f 2459 2451 1758
f 1758 1759 2265
f 2459 1758 2265
f 2450 2496 1757
f 2450 1757 1758
f 2451 2450 1758
f 2496 1756 1757
f 2433 2496 2450
f 2433 2432 1754
f 1754 1756 2496
f 1728 1754 2429
f 2459 2265 2116
f 1964 1702 1959
f 1964 1943 1702
f 1943 1699 1702
f 1964 1947 1943
f 1943 1941 1699
f 1917 1916 2407
f 2216 2215 1918
f 2229 2425 2426
f 2230 2229 2426
f 2230 2426 2418
f 2227 2223 2424
f 2227 2424 2426
f 2227 2426 2425
f 2226 2425 2229
f 2227 2425 2226
f 2422 2424 2220
f 2220 2424 2223
f 2222 2422 2220
f 2218 2219 2420
f 2420 2419 2218
f 2218 2419 2217
f 2214 2216 1921
f 2214 1921 1917
f 2214 1917 2407
f 1918 1921 2216
f 2222 2427 2422
f 2222 2217 2427
f 2217 2419 2427
f 2424 2422 2427
f 2234 2420 2241
f 2241 2420 2219
f 2240 2428 2235
f 2239 2238 2418
f 2418 2426 2239
f 2240 2239 2426
f 2240 2426 2424
f 2240 2424 2428
f 2428 2427 2235
f 2235 2427 2232
f 2234 2232 2427
f 2234 2427 2419
f 2234 2419 2420
f 2427 2428 2424
f 2209 2379 2404
f 2367 2368 2189
f 2189 2368 2210
f 2209 2404 2208
f 1898 1893 2403
f 1898 2403 2402
f 2402 1889 1898
f 1893 1891 2389
f 2403 1893 2389
f 2403 2389 2400
f 2205 2402 2403
f 2201 2205 2403
f 2201 2403 2400
f 1889 2402 2401
f 1888 1889 2401
f 2386 1888 2401
f 2203 2188 2383
f 2209 2368 2379
f 2203 2383 2386
f 2209 2210 2368
f 2211 2208 2404
f 1905 1904 2405
f 1905 2405 2404
f 1882 1905 2404
f 2379 1882 2404
f 2195 2211 2405
f 1904 1885 2383
f 2405 1904 2383
f 2195 2405 2383
f 2404 2405 2211
f 2203 2386 2401
f 2202 2402 2205
f 2373 2366 2399
f 2399 2366 2396
f 2399 1878 2373
f 2401 2402 2202
f 1878 2375 2373
f 2203 2401 2202
f 2400 2389 2198
f 2198 2389 2168
f 2201 2400 2198
f 2195 2383 2188
f 1883 1884 2380
f 1883 2380 2375
f 2375 1877 1883
f 1879 1878 2399
f 1879 2399 2396
f 1881 1879 2396
f 1878 1877 2375
f 2181 2179 2396
f 2181 2396 2366
f 431 430 367
f 367 368 431
f 432 431 368
f 368 369 432
f 429 455 366
f 429 366 367
f 430 429 367
f 461 364 363
f 460 461 363
f 460 363 459
f 458 460 459
f 459 457 458
f 363 361 459
f 457 459 361
f 457 361 360
f 457 360 456
f 426 427 458
f 462 370 371
f 434 433 461
f 433 372 364
f 455 354 366
f 438 439 461
f 461 460 438
f 437 438 460
f 460 458 437
f 437 458 427
f 436 462 435
f 432 369 370
f 432 370 462
f 436 432 462
f 433 435 462
f 433 462 371
f 433 371 372
f 433 364 461
f 463 408 442
f 344 375 374
f 442 344 374
f 463 442 374
f 463 374 373
f 373 347 463
f 463 347 413
f 458 457 426
f 457 456 426
f 426 456 418
f 456 360 357
f 329 330 396
f 444 342 348
f 443 444 348
f 442 443 348
f 348 344 442
f 440 441 401
f 401 441 407
f 399 440 401
f 342 441 440
f 440 339 342
f 398 333 339
f 398 339 440
f 399 398 440
f 331 333 397
f 397 333 398
f 330 331 396
f 396 331 397
f 396 395 329
f 444 441 342
f 408 409 442
f 409 445 442
f 445 443 442
f 411 446 415
f 414 415 446
f 446 445 414
f 414 445 409
f 411 410 444
f 444 446 411
f 410 407 441
f 441 444 410
f 445 446 444
f 444 443 445
f 416 456 357
f 424 416 357
f 419 422 356
f 356 351 419
f 357 356 424
f 424 356 422
f 418 456 416
f 354 455 454
f 454 352 354
f 454 350 352
f 169 187 151
f 164 197 168
f 168 197 111
f 169 168 111
f 111 97 187
f 169 111 187
f 166 195 163
f 161 106 107
f 161 107 195
f 166 161 195
f 164 163 195
f 195 109 110
f 195 110 197
f 164 195 197
f 197 110 111
f 195 107 109
f 193 104 105
f 161 193 105
f 28 70 51
f 51 70 48
f 47 72 41
f 47 45 67
f 67 72 47
f 61 67 43
f 43 67 45
f 30 61 43
f 72 69 41
f 41 69 39
f 39 69 37
f 69 72 67
f 67 64 69
f 37 69 64
f 35 37 64
f 35 64 62
f 64 67 61
f 59 70 28
f 61 60 64
f 85 48 84
f 95 97 127
f 127 123 95
f 95 123 93
f 123 127 121
f 121 120 123
f 91 93 123
f 123 120 91
f 120 121 31
f 120 31 28
f 120 28 118
f 120 118 91
f 91 118 88
f 85 87 118
f 85 118 28
f 85 28 51
f 88 118 87
f 51 48 85
f 36 34 129
f 64 60 9
f 62 64 12
f 21 3 1
f 24 21 1
f 23 57 22
f 22 57 21
f 9 20 12
f 20 19 12
f 12 19 11
f 11 19 6
f 16 20 7
f 7 20 9
f 4 16 7
f 16 15 20
f 20 15 19
f 3 6 19
f 19 15 3
f 15 16 1
f 1 16 4
f 21 57 3
f 64 9 12
f 1 4 25
f 23 6 57
f 35 62 33
f 62 12 11
f 33 62 11
f 32 33 11
f 11 6 32
f 32 6 26
f 30 29 58
f 58 60 61
f 30 58 61
f 9 60 58
f 58 7 9
f 27 58 29
f 25 4 7
f 25 7 58
f 27 25 58
f 23 26 6
f 6 3 57
f 25 24 1
f 100 38 99
f 40 38 100
f 101 99 129
f 97 95 187
f 187 95 184
f 184 95 93
f 184 93 179
f 182 184 179
f 148 182 146
f 144 146 182
f 182 179 144
f 91 178 93
f 93 178 179
f 139 141 178
f 178 91 88
f 139 178 88
f 179 178 144
f 144 178 142
f 142 178 141
f 87 85 137
f 184 182 148
f 137 85 136
f 148 149 184
f 187 184 151
f 161 105 106
f 104 193 190
f 190 103 104
f 190 193 156
f 156 193 160
f 158 188 154
f 135 84 100
f 135 100 188
f 158 135 188
f 190 102 103
f 156 153 101
f 101 102 190
f 156 101 190
f 154 188 99
f 154 99 101
f 153 154 101
f 100 99 188
f 151 184 149
f 88 87 139
f 139 87 137
f 135 136 85
f 52 53 106
f 104 103 131
f 104 131 49
f 104 49 50
f 100 84 48
f 48 40 100
f 103 102 130
f 44 46 131
f 130 44 131
f 103 130 131
f 102 101 129
f 129 130 102
f 130 42 44
f 130 129 34
f 34 42 130
f 38 36 129
f 99 38 129
f 106 105 52
f 50 52 105
f 105 104 50
f 131 46 54
f 85 84 135
f 111 127 97
f 53 56 106
f 106 56 107
f 161 160 193
f 109 132 110
f 111 132 121
f 111 121 127
f 107 56 55
f 109 107 55
f 109 55 132
f 55 31 132
f 132 31 121
f 131 54 49
f 111 110 132
f 225 255 222
f 256 255 225
f 225 227 256
f 229 256 227
f 231 258 229
f 258 256 229
f 283 284 378
f 330 283 378
f 331 330 378
f 277 283 329
f 329 283 330
f 282 281 375
f 375 281 374
f 281 280 374
f 374 280 373
f 331 378 333
f 378 284 285
f 285 379 378
f 333 379 339
f 342 382 348
f 344 348 382
f 382 375 344
f 342 339 379
f 379 382 342
f 382 379 285
f 382 285 282
f 375 382 282
f 378 379 333
f 951 1307 1289
f 953 951 1289
f 1288 953 1289
f 1306 1307 1308
f 1186 1306 1308
f 1188 1186 1308
f 1306 1279 1307
f 1307 1279 1289
f 1185 1306 1186
f 1279 1306 1168
f 1168 1306 1185
f 1290 953 1288
f 1290 1286 1292
f 1292 1286 1178
f 1288 1282 1290
f 1290 1282 1286
f 1175 1286 1282
f 1172 1175 1282
f 1172 1282 1280
f 1178 1286 1175
f 888 889 1033
f 1033 889 1034
f 1033 1031 1083
f 1083 887 888
f 1033 1083 888
f 1083 886 887
f 1032 1069 992
f 1030 1083 1031
f 1030 1029 885
f 1030 886 1083
f 874 875 1018
f 875 876 1018
f 1018 876 1019
f 1016 1014 1079
f 1016 1079 873
f 1016 873 874
f 869 856 1070
f 1077 872 871
f 871 1076 1077
f 1077 1076 1012
f 1012 1076 1010
f 1076 871 869
f 1009 1076 869
f 1011 1009 869
f 1011 869 1070
f 1010 1076 1009
f 1003 863 865
f 1018 1016 874
f 1003 865 1073
f 1079 868 873
f 876 862 1019
f 1026 1023 879
f 879 882 1026
f 1029 1028 884
f 884 885 1029
f 883 884 1027
f 1027 884 1028
f 1027 1025 881
f 881 883 1027
f 882 881 1026
f 1026 881 1025
f 1081 880 878
f 1024 1081 878
f 1022 1024 878
f 1023 1020 877
f 877 879 1023
f 878 877 1022
f 1022 877 1020
f 1019 862 1001
f 1007 1003 1073
f 1073 865 867
f 1003 1001 862
f 862 863 1003
f 861 859 1071
f 858 843 1000
f 1000 843 996
f 1000 997 1071
f 1071 859 858
f 1000 1071 858
f 1070 856 847
f 1030 885 886
f 995 1070 847
f 846 855 1068
f 847 846 1068
f 993 847 1068
f 991 993 1068
f 993 995 847
f 819 1035 1036
f 905 819 1036
f 910 905 1036
f 1037 910 1036
f 1035 1053 970
f 819 1053 1035
f 910 906 905
f 1037 823 910
f 1037 1038 823
f 624 622 1131
f 1099 1087 1131
f 1099 1131 622
f 1099 622 768
f 768 603 830
f 1099 768 830
f 980 1099 830
f 1096 1065 1092
f 1092 1065 1064
f 1090 1092 1064
f 1090 1064 1062
f 1090 1062 1061
f 1039 1090 1061
f 1039 1061 1060
f 1039 1060 1038
f 1038 1060 823
f 976 1065 1096
f 521 520 746
f 746 520 745
f 520 514 745
f 745 514 743
f 512 516 737
f 744 518 519
f 510 517 741
f 649 737 516
f 649 516 507
f 653 649 507
f 656 652 504
f 504 510 741
f 656 504 741
f 507 504 653
f 653 504 652
f 648 738 650
f 647 502 503
f 747 522 523
f 647 503 738
f 660 658 747
f 658 519 522
f 668 739 655
f 667 744 658
f 665 748 666
f 666 748 524
f 524 518 744
f 666 524 744
f 667 666 744
f 738 748 650
f 650 748 665
f 524 748 738
f 738 503 524
f 660 747 661
f 662 661 747
f 523 521 746
f 747 523 746
f 662 747 746
f 658 744 519
f 658 522 747
f 648 647 738
f 749 739 668
f 670 750 669
f 669 751 749
f 668 669 749
f 689 681 757
f 689 757 534
f 534 533 763
f 689 534 763
f 690 532 506
f 691 690 506
f 691 506 734
f 690 686 529
f 529 532 690
f 763 531 530
f 688 763 530
f 687 688 530
f 689 763 688
f 530 529 687
f 687 529 686
f 762 528 527
f 527 760 762
f 533 531 763
f 761 762 760
f 525 534 757
f 734 735 691
f 767 541 542
f 538 539 766
f 695 538 766
f 696 695 766
f 766 539 540
f 695 694 765
f 695 765 537
f 695 537 538
f 536 765 764
f 764 535 536
f 736 511 764
f 764 511 535
f 764 765 693
f 693 765 694
f 693 692 735
f 735 736 764
f 693 735 764
f 691 735 692
f 698 541 767
f 760 759 761
f 526 758 760
f 756 755 675
f 675 755 674
f 674 755 673
f 755 756 751
f 751 750 755
f 670 673 755
f 755 750 670
f 672 671 753
f 672 753 752
f 672 752 754
f 751 754 752
f 752 749 751
f 752 753 743
f 743 742 752
f 749 752 742
f 742 739 749
f 669 750 751
f 677 751 756
f 760 527 526
f 677 676 751
f 672 754 676
f 685 759 760
f 684 685 760
f 684 760 758
f 682 683 758
f 758 526 525
f 758 525 757
f 682 758 757
f 684 758 683
f 682 757 681
f 662 746 680
f 679 753 671
f 746 745 680
f 680 745 678
f 745 743 753
f 678 745 753
f 679 678 753
f 677 756 675
f 676 754 751
f 698 697 541
f 697 543 541
f 889 888 695
f 695 696 889
f 942 694 695
f 887 942 695
f 888 887 695
f 886 942 887
f 941 693 942
f 942 693 694
f 885 940 941
f 885 941 942
f 886 885 942
f 941 692 693
f 691 692 940
f 940 692 941
f 882 879 681
f 681 689 882
f 884 940 885
f 662 680 868
f 868 680 873
f 874 936 875
f 875 936 679
f 875 679 671
f 876 875 671
f 876 671 926
f 874 873 680
f 680 678 936
f 874 680 936
f 936 678 679
f 934 935 933
f 933 932 934
f 931 934 932
f 932 930 931
f 932 933 924
f 924 923 932
f 876 926 862
f 939 940 884
f 878 937 877
f 937 682 681
f 884 883 938
f 938 939 884
f 940 939 690
f 690 691 940
f 939 938 686
f 686 690 939
f 688 687 938
f 881 688 938
f 883 881 938
f 689 688 882
f 882 688 881
f 687 686 938
f 683 682 937
f 684 683 937
f 880 684 937
f 878 880 937
f 879 877 937
f 879 937 681
f 869 930 932
f 856 869 932
f 856 932 923
f 931 930 872
f 861 920 670
f 859 861 670
f 859 670 669
f 859 669 925
f 925 668 655
f 858 925 655
f 843 858 655
f 859 925 858
f 923 924 922
f 922 921 923
f 923 921 856
f 856 921 847
f 846 921 922
f 846 922 920
f 855 846 920
f 847 921 846
f 669 668 925
f 926 671 672
f 922 673 670
f 872 930 871
f 871 930 869
f 863 929 865
f 677 675 928
f 929 677 928
f 865 929 928
f 867 865 928
f 862 926 672
f 862 672 676
f 863 862 676
f 863 676 929
f 929 676 677
f 675 674 928
f 928 674 927
f 924 927 674
f 924 674 673
f 924 673 922
f 670 920 922
f 5237 5241 5715
f 5715 5241 5701
f 4768 5340 5174
f 5043 4768 5174
f 5043 5174 5634
f 5844 5043 5634
f 5478 5774 5634
f 5774 5844 5634
f 5772 5844 5774
f 5844 5041 5043
f 5770 5039 5041
f 5770 5041 5844
f 5772 5770 5844
f 5770 5768 5037
f 5037 5039 5770
f 5034 5037 5767
f 5767 5037 5768
f 5767 5765 5032
f 5032 5034 5767
f 5031 5032 5762
f 5762 5032 5765
f 5317 5315 5612
f 5598 5610 5313
f 5313 5292 5598
f 5612 5619 5317
f 5612 5313 5610
f 5315 5313 5612
f 5320 5319 5754
f 5629 5325 5324
f 5629 5324 5751
f 5589 5629 5751
f 5629 5597 5291
f 5291 5325 5629
f 5324 5282 5751
f 5590 5588 5284
f 5284 5285 5590
f 5619 5621 5754
f 5754 5319 5317
f 5619 5754 5317
f 5755 5323 5320
f 5755 5320 5754
f 5615 5755 5754
f 5620 5615 5754
f 5307 5323 5755
f 5620 5754 5621
f 5465 5152 5462
f 5460 5462 5152
f 5152 5151 5460
f 5454 5460 5151
f 5151 5141 5454
f 5154 5152 5465
f 5156 5154 5465
f 5470 5156 5469
f 5496 5501 5183
f 5183 5176 5496
f 5173 5179 5495
f 5495 5179 5498
f 5176 5158 5496
f 5496 5158 5476
f 5495 5489 5171
f 5171 5173 5495
f 5162 5171 5485
f 5485 5171 5489
f 5485 5483 5160
f 5160 5162 5485
f 5145 5160 5458
f 5458 5160 5483
f 5470 5476 5158
f 5158 5157 5470
f 5157 5156 5470
f 5465 5469 5156
f 5185 5183 5501
f 5501 5503 5185
f 5187 5185 5505
f 5543 5544 5228
f 5228 5227 5543
f 5227 5226 5543
f 5519 5210 5523
f 5519 5516 5207
f 5207 5208 5519
f 5204 5207 5511
f 5511 5207 5516
f 5511 5510 5202
f 5202 5204 5511
f 5199 5202 5509
f 5509 5202 5510
f 5509 5498 5179
f 5179 5199 5509
f 5194 5191 5508
f 5508 5191 5507
f 5191 5188 5507
f 5507 5188 5506
f 5505 5506 5188
f 5188 5187 5505
f 5208 5210 5519
f 5210 5211 5525
f 5525 5523 5210
f 5525 5213 5527
f 5543 5226 5542
f 5541 5542 5226
f 5226 5224 5541
f 5224 5223 5541
f 5541 5223 5540
f 5539 5540 5223
f 5223 5221 5539
f 5221 5220 5539
f 5505 5185 5503
f 5539 5220 5538
f 5220 5194 5508
f 5459 5529 5218
f 5218 5146 5459
f 5214 5218 5528
f 5528 5218 5529
f 5528 5527 5213
f 5213 5214 5528
f 5211 5213 5525
f 5508 5538 5220
f 5946 5559 6085
f 6086 5563 5546
f 5563 6086 6085
f 6085 5559 5563
f 6089 5561 5556
f 5945 6089 5556
f 5946 5945 5556
f 5946 5556 5559
f 6092 5547 5548
f 5948 6086 5546
f 5948 5546 5547
f 5949 5948 5547
f 5949 5547 6092
f 5949 6092 5950
f 5948 5947 6085
f 6085 6086 5948
f 5946 6085 5947
f 4855 4854 5018
f 5014 5006 5018
f 5018 5006 5012
f 5002 5013 5016
f 5016 5013 5014
f 5006 5014 5013
f 5013 5005 5006
f 5008 5012 5006
f 5006 5004 5008
f 5007 5008 5004
f 4853 5007 5004
f 4851 4853 5004
f 5004 5006 5005
f 4850 5004 5005
f 4852 4850 5005
f 4851 5004 4850
f 5001 5003 4848
f 4854 5016 5018
f 4848 5003 4849
f 5016 5014 5018
f 5011 5019 5008
f 4859 5003 5002
f 4861 4859 5002
f 4861 5002 5016
f 4856 5023 4857
f 4857 5023 5020
f 4858 4857 5020
f 4858 5020 5022
f 5018 5023 4855
f 4855 5023 4856
f 5018 5012 5023
f 5023 5012 5020
f 5020 5019 5022
f 5022 5019 5021
f 5019 5011 5021
f 5021 5011 5017
f 5012 5008 5020
f 5020 5008 5019
f 5008 5007 5011
f 5001 5000 5003
f 5003 5000 5002
f 4848 4847 4999
f 4999 5001 4848
f 4845 4846 5000
f 4845 5000 5001
f 4845 5001 4999
f 4849 5003 4859
f 4642 4643 4840
f 4643 4646 4840
f 4840 4646 4836
f 4838 4837 4976
f 4976 4641 4642
f 4838 4976 4642
f 4835 4976 4837
f 4829 4832 4639
f 4639 4630 4829
f 4974 4628 4638
f 4832 4827 4974
f 4832 4974 4638
f 4832 4638 4639
f 4630 4632 4829
f 4829 4632 4831
f 4821 4816 4623
f 4821 4623 4628
f 4840 4838 4642
f 4821 4628 4974
f 4843 4648 4844
f 4632 4647 4843
f 4976 4649 4641
f 4648 4649 4976
f 4844 4648 4976
f 4835 4844 4976
f 4843 4831 4632
f 4647 4648 4843
f 4821 4974 4827
f 4814 4972 4620
f 4816 4814 4620
f 4816 4620 4623
f 4861 5016 4854
f 4658 4657 5009
f 4543 4544 5102
f 5102 4544 5104
f 5105 5104 4544
f 4544 4545 5105
f 5102 5101 5136
f 5102 5136 4504
f 5102 4504 4543
f 5093 5090 4536
f 4536 4538 5093
f 5098 5095 4540
f 4540 4541 5098
f 4541 4501 5098
f 5098 4501 5096
f 4538 4540 5093
f 5093 4540 5095
f 5139 4532 4534
f 5090 5087 5139
f 5058 5136 5101
f 5139 4534 4536
f 5105 4546 5107
f 4546 4525 5080
f 5080 5107 4546
f 4545 4546 5105
f 5090 5139 4536
f 5081 4527 5139
f 5066 4515 4513
f 5068 5066 4513
f 5067 5138 5066
f 4511 4508 5064
f 5064 4508 5063
f 5028 5026 4868
f 4868 5026 4890
f 4894 5137 5056
f 5056 5137 5134
f 5058 5056 5134
f 5058 5134 5136
f 4893 4892 4891
f 4893 4891 5131
f 4893 5131 5137
f 4893 5137 4894
f 5131 5129 5137
f 5137 5129 5134
f 5066 5138 4515
f 4527 4532 5139
f 5072 4517 5070
f 4517 4511 5064
f 5086 5081 5139
f 5086 5139 5087
f 4529 4515 5138
f 5067 5055 4487
f 4487 4529 5138
f 5067 4487 5138
f 4525 4527 5080
f 5080 4527 5081
f 5076 5063 4508
f 4508 4523 5076
f 5075 5074 4521
f 4521 4510 5075
f 4523 4521 5076
f 5076 4521 5074
f 5072 5068 4513
f 4513 4518 5072
f 5064 5070 4517
f 4518 4517 5072
f 4504 5136 5134
f 5025 4658 5009
f 5134 5133 4436
f 5128 4434 4435
f 5035 4471 4473
f 5062 4490 5059
f 5052 5059 4490
f 4490 4488 5052
f 4488 4485 5052
f 5052 4485 5048
f 4484 4486 5047
f 5047 4486 5049
f 5047 5045 4481
f 4481 4484 5047
f 4478 4481 5042
f 5042 4481 5045
f 5116 4475 4478
f 5038 5116 4478
f 5042 5038 4478
f 5116 4473 4475
f 5035 5116 5038
f 5035 5033 4471
f 5035 4473 5116
f 4493 4490 5062
f 4858 5022 4864
f 5027 5028 4866
f 4866 5028 4868
f 5026 5028 5027
f 5027 4663 4661
f 5026 5027 4661
f 4864 5022 5021
f 4866 4864 5021
f 4866 5021 5027
f 5021 5017 4659
f 5027 5021 4659
f 4663 5027 4659
f 5026 4661 4662
f 4660 4658 5025
f 4659 5017 5015
f 5015 4657 4659
f 4657 5015 5009
f 4871 5029 4872
f 4874 5029 4871
f 4828 4872 4972
f 4972 4665 4620
f 5030 4666 4664
f 4664 5029 5030
f 5029 4664 4665
f 4872 5029 4665
f 4872 4665 4972
f 5030 5029 4874
f 4500 4493 5062
f 5062 5077 4500
f 4486 4503 5082
f 4886 4887 5127
f 4886 5127 5129
f 5126 4884 4885
f 5129 5126 4885
f 4886 5129 4885
f 5053 5127 4887
f 4884 5126 4883
f 4577 4351 4349
f 4349 4348 5125
f 4577 4349 5125
f 4936 4577 5125
f 4348 4542 5125
f 5115 4760 4936
f 4936 5125 5115
f 5114 5115 5125
f 4542 4539 5124
f 5125 4542 5124
f 4889 5025 4888
f 5114 5125 5124
f 5025 5009 4888
f 4889 4660 5025
f 5133 5128 4435
f 4436 5133 4435
f 5133 5134 5129
f 5129 5127 5133
f 5054 5128 5133
f 5054 5133 5127
f 5053 5054 5127
f 4890 5026 4662
f 4890 4662 4720
f 4891 4890 4720
f 4720 4719 5131
f 4891 4720 5131
f 5129 5131 4719
f 4719 5126 5129
f 4889 4883 5126
f 5126 4719 4660
f 4889 5126 4660
f 5009 4863 4888
f 4539 4537 5124
f 5114 5124 5113
f 5124 4537 4535
f 5100 4519 4520
f 5122 4516 4519
f 5097 5122 5099
f 4514 4516 5122
f 5094 4514 5122
f 5097 5094 5122
f 5094 5092 4512
f 4512 4514 5094
f 4503 4512 5082
f 5082 4512 5092
f 4509 4506 5088
f 5088 4506 5085
f 5083 5085 4506
f 4506 4505 5083
f 4505 4500 5083
f 5083 4500 5077
f 5082 5049 4486
f 5100 5099 4519
f 5099 5122 4519
f 5031 5100 5117
f 5100 4522 5117
f 5113 5124 4535
f 5112 5113 4535
f 4535 4533 5112
f 5112 4533 5111
f 5110 5111 4533
f 4533 4531 5110
f 4531 4530 5110
f 5110 4530 5109
f 4504 5134 4436
f 5108 5109 4530
f 4528 4526 5108
f 5108 4526 5106
f 5103 5106 4526
f 4526 4524 5103
f 4524 4509 5103
f 5103 4509 5088
f 5117 4522 4470
f 5100 4520 4522
f 4530 4528 5108
f 4774 4924 4771
f 4935 4898 4932
f 4932 4929 4935
f 4929 4922 4935
f 4935 4922 4927
f 4769 4919 4929
f 4773 4769 4929
f 4773 4929 4932
f 4922 4929 4919
f 4919 4916 4922
f 4922 4921 4927
f 4927 4921 4924
f 4771 4924 4921
f 4753 4771 4921
f 4753 4921 4908
f 4916 4912 4922
f 4922 4912 4921
f 4774 4927 4924
f 4912 4906 4921
f 4774 4938 4927
f 4781 4938 4779
f 4797 4911 4947
f 4797 4947 4794
f 4947 4907 4556
f 4947 4556 4580
f 4947 4580 4944
f 4947 4944 4794
f 4794 4944 4788
f 4553 4901 4942
f 4580 4553 4942
f 4944 4580 4942
f 4781 4788 4944
f 4944 4942 4938
f 4781 4944 4938
f 4942 4901 4898
f 4898 4935 4942
f 4935 4927 4942
f 4942 4927 4938
f 4774 4779 4938
f 4921 4906 4908
f 4766 4919 4769
f 4763 4910 4916
f 4747 4895 4722
f 4900 4895 4747
f 4903 4895 4900
f 4896 4895 4903
f 4748 4900 4747
f 4766 4763 4916
f 4766 4916 4919
f 4756 4910 4763
f 4912 4916 4910
f 4910 4909 4912
f 4909 4903 4912
f 4912 4903 4906
f 4725 4897 4909
f 4911 4907 4947
f 4756 4725 4909
f 4903 4909 4897
f 4897 4896 4903
f 4753 4908 4751
f 4908 4906 4751
f 4751 4906 4749
f 4748 4749 4906
f 4906 4903 4900
f 4748 4906 4900
f 4756 4909 4910
f 4797 4798 4911
f 4800 4898 4899
f 4800 4899 4726
f 4799 4932 4898
f 4800 4799 4898
f 4773 4932 4799
f 5313 5440 5292
f 5317 5441 5315
f 5313 5441 5440
f 4860 4853 5440
f 5324 4869 5427
f 5291 5439 5325
f 5324 5427 5282
f 5284 5428 5285
f 4862 4867 5443
f 4865 4860 5441
f 5317 5319 5443
f 4867 4865 5441
f 5443 4867 5441
f 5317 5443 5441
f 5446 4863 4862
f 5446 4862 5443
f 5323 5446 5443
f 5320 5323 5443
f 5307 5446 5323
f 5320 5443 5319
f 5313 5315 5441
f 5324 5439 4869
f 5439 4852 4869
f 5324 5325 5439
f 5441 4860 5440
f 4801 4796 5372
f 5372 4796 4791
f 4791 5370 5372
f 5203 5370 5200
f 5370 4791 4789
f 5200 5370 4789
f 5200 4789 5368
f 5196 5200 5368
f 4789 4786 5368
f 5368 5365 5196
f 5196 5365 5195
f 5368 4786 4783
f 4783 5365 5368
f 5195 5365 5192
f 5192 5365 4783
f 5192 4783 4776
f 5189 5192 4776
f 5203 5205 5370
f 5205 5372 5370
f 5206 5374 5205
f 5164 5355 5375
f 5206 5164 5375
f 5206 5375 5374
f 5375 4755 4801
f 5375 4801 5372
f 5375 5372 5374
f 5205 5374 5372
f 5189 4776 5360
f 5186 5189 5360
f 5360 5358 5186
f 5182 5186 5358
f 5163 5343 5168
f 5349 4759 4761
f 5349 5347 4750
f 4750 4759 5349
f 4746 4750 5343
f 5343 4750 5347
f 5163 5159 5341
f 5163 5341 4745
f 4745 4746 5343
f 5163 4745 5343
f 5341 4743 4745
f 5159 5155 5336
f 5336 5341 5159
f 5155 5150 5333
f 5333 5336 5155
f 5336 5335 4742
f 5336 4742 4743
f 5168 5347 5170
f 5341 5336 4743
f 5343 5347 5168
f 5172 5170 5347
f 5358 5354 5182
f 5181 5363 5184
f 5181 5182 5354
f 4765 4731 5363
f 5354 4765 5363
f 5181 5354 5363
f 4776 4775 5360
f 5360 4775 4772
f 4772 5358 5360
f 4767 5354 4772
f 4772 5354 5358
f 4767 4765 5354
f 5175 5172 5349
f 5175 5349 4761
f 4761 4727 5351
f 5175 4761 5351
f 5347 5349 5172
f 5336 5333 5332
f 5332 5335 5336
f 5150 5149 5330
f 5330 5333 5150
f 5148 5330 5149
f 5333 5330 5329
f 5329 5332 5333
f 5148 5147 5329
f 5329 5330 5148
f 6430 6433 6473
f 6473 6472 6430
f 6349 6348 6472
f 6430 6472 6348
f 6427 6430 6348
f 6427 6348 6347
f 6427 6347 6470
f 6345 6468 6347
f 6347 6468 6470
f 6427 6470 6426
f 6470 6468 6426
f 6426 6468 6422
f 6345 6342 6468
f 6420 6422 6468
f 6342 6340 6466
f 6468 6342 6466
f 6420 6468 6466
f 6436 6473 6433
f 6340 6338 6466
f 6474 6473 6436
f 6349 6472 6350
f 6436 6449 6474
f 6314 6482 6481
f 6481 6313 6314
f 6481 6482 6447
f 6447 6482 6449
f 6479 6310 6481
f 6481 6310 6313
f 6447 6445 6479
f 6479 6481 6447
f 6479 6308 6310
f 6443 6306 6308
f 6443 6308 6479
f 6445 6443 6479
f 6443 6441 6304
f 6304 6306 6443
f 6474 6143 6350
f 6350 6473 6474
f 6350 6472 6473
f 6466 6463 6420
f 6420 6463 6417
f 6466 6338 6317
f 6317 6463 6466
f 6449 6482 6474
f 6482 6316 6474
f 6482 6314 6316
f 6316 6141 6474
f 6476 6318 6336
f 6336 6480 6476
f 6480 6478 6444
f 6444 6478 6442
f 6480 6336 6331
f 6331 6478 6480
f 6440 6442 6478
f 6478 6475 6440
f 6328 6475 6331
f 6331 6475 6478
f 6437 6440 6475
f 6475 6326 6324
f 6437 6475 6324
f 6328 6326 6475
f 6474 6141 6138
f 6474 6138 6139
f 6143 6474 6139
f 6444 6477 6480
f 6477 6476 6480
f 6444 6446 6477
f 6256 5945 5946
f 6265 5948 5949
f 6266 6262 6265
f 6266 6265 5949
f 5950 6266 5949
f 6167 6165 6262
f 6262 6266 6167
f 5948 6265 6264
f 6264 5947 5948
f 6164 6166 6264
f 6164 6264 6265
f 6164 6265 6262
f 6264 6263 6256
f 5947 6264 5946
f 6166 6161 6263
f 6263 6264 6166
f 6164 6262 6165
f 6163 6261 6156
f 6163 6162 6250
f 6250 6261 6163
f 6264 6256 5946
f 5576 5575 6088
f 6090 5576 6088
f 6088 6077 6375
f 6090 6088 6375
f 6091 6090 6375
f 6375 6077 6071
f 6375 6071 5928
f 6030 5461 5761
f 6026 5461 6030
f 6363 5901 6030
f 6363 6223 5901
f 5928 6234 6373
f 6375 5928 6373
f 6373 6234 6323
f 6323 6234 6320
f 6320 6234 5927
f 6318 6320 5927
f 6318 5927 6061
f 6061 5553 5777
f 6318 6061 5777
f 5760 6022 5886
f 6220 5760 5886
f 6365 6363 6030
f 6365 6030 5761
f 6365 5761 5763
f 6363 6220 6217
f 6217 6214 6223
f 6363 6217 6223
f 5760 5632 6022
f 3323 3654 3326
f 3326 3654 3656
f 3323 3319 3654
f 3657 3656 3655
f 3529 3657 3655
f 3527 3655 3652
f 3519 3645 3648
f 3519 3648 3650
f 3514 3648 3512
f 3648 3645 3512
f 3512 3645 3491
f 3519 3493 3645
f 3527 3529 3655
f 3519 3650 3520
f 3514 3521 3650
f 3525 3527 3652
f 3652 3651 3525
f 3525 3651 3521
f 3655 3656 3654
f 3654 3653 3655
f 3523 3652 3655
f 3524 3523 3655
f 3524 3655 3653
f 3653 3654 3319
f 3653 3319 3300
f 3653 3300 3649
f 3498 3524 3653
f 3653 3649 3498
f 3520 3650 3651
f 3523 3520 3651
f 3523 3651 3652
f 3521 3651 3650
f 3514 3650 3648
f 3566 3559 3370
f 3357 3363 3550
f 3550 3363 3553
f 3557 3555 3365
f 3365 3369 3557
f 3369 3370 3557
f 3557 3370 3559
f 3555 3553 3363
f 3363 3365 3555
f 3352 3357 3544
f 3544 3357 3550
f 3354 3351 3548
f 3548 3351 3543
f 3544 3543 3351
f 3351 3352 3544
f 3184 2939 3616
f 3181 3184 3705
f 3705 3184 3709
f 3178 3181 3693
f 3693 3181 3705
f 3693 3690 3175
f 3175 3178 3693
f 3173 3175 3686
f 3686 3175 3690
f 3686 3684 3158
f 3158 3173 3686
f 3616 3709 3184
f 3533 3618 3320
f 2940 2941 3320
f 3617 3616 2939
f 3617 2939 2940
f 3618 3617 2940
f 3618 2940 3320
f 2699 2700 3038
f 3036 3035 3137
f 3036 3137 2696
f 3036 2696 2697
f 3036 2697 3138
f 3138 2697 2698
f 3137 2695 2696
f 2663 2694 3123
f 2693 2691 3135
f 3034 3004 3123
f 3034 3123 2694
f 3034 2694 2693
f 3034 2693 3135
f 3135 2691 2676
f 3033 3135 2676
f 3022 3033 2676
f 3034 3135 3033
f 3038 3037 2699
f 3132 2687 2685
f 3140 2701 2702
f 3038 2700 3140
f 3146 3147 3145
f 3046 3146 3145
f 3048 3146 3047
f 3145 3128 3046
f 3046 3128 3045
f 3133 3143 3044
f 3044 3143 3043
f 3043 3143 3042
f 3041 3137 3035
f 3039 3140 3040
f 3041 3040 3140
f 3140 2702 2695
f 3140 2695 3137
f 3041 3140 3137
f 2686 2699 3032
f 3032 2699 3037
f 2700 2701 3140
f 3039 3038 3140
f 3046 3047 3146
f 3030 3132 2685
f 3032 3031 2685
f 3022 2674 3020
f 2671 2669 3017
f 3017 2669 3015
f 2666 2664 3126
f 3128 2668 2666
f 3128 2666 3126
f 3013 3128 3126
f 3011 3013 3126
f 3007 3009 3126
f 3126 2664 2663
f 3007 3126 2663
f 3007 2663 3123
f 3011 3126 3009
f 3007 3123 3004
f 2659 2657 3119
f 2992 3002 2656
f 2656 2658 2992
f 2676 2674 3022
f 3031 3030 2685
f 3024 2677 3023
f 2677 2671 3017
f 2685 2686 3032
f 3014 3132 3030
f 3029 3130 3010
f 3028 2682 2673
f 3029 3028 2673
f 3029 2673 3130
f 3028 3027 2681
f 2681 2682 3028
f 2669 2680 3015
f 3015 2680 3026
f 3027 3025 2679
f 2679 2681 3027
f 3025 3026 2680
f 2680 2679 3025
f 3024 3020 2674
f 2674 2678 3024
f 3017 3023 2677
f 2678 2677 3024
f 2668 3128 3145
f 3145 2703 2668
f 2703 3145 3147
f 3153 3151 2708
f 3152 3153 2708
f 3152 2708 2709
f 3152 2709 2710
f 3151 2707 2708
f 2705 2704 3147
f 3134 2665 2706
f 2706 3148 3134
f 3133 3134 3148
f 3148 3143 3133
f 2705 3147 3146
f 2706 2705 3146
f 3148 2706 3146
f 3042 3143 3148
f 3048 3042 3148
f 3048 3148 3146
f 3147 2704 2703
f 2994 3120 3049
f 3051 3154 3050
f 3044 3050 3133
f 3050 3154 3133
f 3124 3127 3136
f 3136 3154 3124
f 3049 3120 3124
f 3051 3049 3124
f 3051 3124 3154
f 3154 3136 3133
f 3002 3000 3119
f 3119 2657 2656
f 3002 3119 2656
f 2648 2646 2990
f 2990 2646 2986
f 2645 2647 2984
f 2984 2647 2987
f 2990 2987 2647
f 2647 2648 2990
f 2964 2986 2646
f 2646 2628 2964
f 2984 2982 3118
f 3118 2644 2645
f 2984 3118 2645
f 3118 2643 2644
f 2641 2642 3106
f 3114 3116 2965
f 2965 3116 2971
f 2970 3114 2965
f 2629 2627 3112
f 2629 3112 3110
f 3110 2613 2629
f 2963 3112 2627
f 2951 2963 2627
f 2627 2619 3104
f 2951 2627 3104
f 2963 2961 3110
f 3110 3112 2963
f 2615 2613 3110
f 2615 3110 3108
f 3111 2615 3108
f 2959 2955 3105
f 2959 3105 3111
f 2970 2631 3114
f 2959 3111 3108
f 2631 2630 3114
f 2970 2950 3104
f 2949 2979 2640
f 2949 2640 2641
f 2949 2641 3106
f 2979 2975 2638
f 2638 2640 2979
f 2639 2615 3111
f 2639 3111 3105
f 3105 2626 2639
f 2619 2631 3104
f 2632 2635 3116
f 2975 2974 2634
f 2634 2638 2975
f 2974 2971 3116
f 2974 3116 2635
f 2974 2635 2634
f 2632 3116 3114
f 3114 2630 2632
f 2970 3104 2631
f 3108 3110 2956
f 2956 3110 2961
f 2959 3108 2956
f 2951 3104 2950
f 3295 3297 2900
f 2900 2898 3295
f 3293 3295 2898
f 2898 2897 3423
f 3293 2898 3423
f 3293 3423 3291
f 2897 2891 3423
f 3291 3423 2891
f 3291 2891 2888
f 3290 3291 2888
f 3290 2888 2883
f 3289 3290 2883
f 3289 2883 3421
f 3289 3421 3287
f 2883 2880 3421
f 3421 2880 2878
f 3287 3421 2878
f 3299 2900 3297
f 3285 3287 2878
f 2903 2900 3299
f 3300 2905 2903
f 3312 3429 3318
f 3429 2926 2927
f 2925 2926 3429
f 3428 2925 3429
f 3309 3428 3429
f 3312 3309 3429
f 3428 2923 2925
f 3306 3428 3309
f 2921 2923 3428
f 3304 2921 3428
f 3306 3304 3428
f 2916 2921 3302
f 3302 2921 3304
f 3302 3276 2892
f 2892 2916 3302
f 2909 2905 3426
f 3300 3426 2905
f 3299 3300 2903
f 3285 2878 2913
f 3282 3285 2913
f 3282 2913 3419
f 3260 2857 3263
f 2856 2857 3260
f 2857 2860 3266
f 3282 3419 3280
f 2913 2906 3419
f 3280 3419 2906
f 3280 2906 2899
f 3280 2899 3418
f 3279 3280 3418
f 2899 2894 3418
f 2890 2892 3274
f 3322 3429 2928
f 3274 2892 3276
f 2886 2890 3274
f 2876 2886 3269
f 3269 2886 3273
f 3269 3267 2867
f 2867 2876 3269
f 2860 2867 3266
f 3266 2867 3267
f 3266 3263 2857
f 3274 3273 2886
f 3429 2927 2928
f 3322 3318 3429
f 4401 4461 4266
f 4410 4405 4462
f 4410 4462 4270
f 4410 4270 4272
f 4401 4266 4269
f 4401 4269 4462
f 4405 4401 4462
f 4462 4268 4270
f 4269 4268 4462
f 4401 4403 4461
f 4461 4260 4266
f 4265 4260 4461
f 4489 4549 4487
f 4701 4377 4376
f 4376 4699 4701
f 4605 4699 4603
f 4603 4699 4376
f 4597 4603 4376
f 4597 4376 4365
f 4597 4365 4698
f 4698 4697 4597
f 4597 4697 4595
f 4365 4360 4698
f 4698 4360 4359
f 4359 4697 4698
f 4697 4695 4595
f 4595 4695 4592
f 4590 4592 4695
f 4695 4694 4590
f 4697 4359 4357
f 4701 4699 4605
f 4605 4608 4701
f 4608 4379 4701
f 4594 4680 4613
f 4680 4366 4381
f 4613 4680 4381
f 4612 4613 4381
f 4611 4612 4381
f 4611 4381 4380
f 4611 4380 4703
f 4611 4703 4610
f 4380 4379 4703
f 4610 4703 4379
f 4608 4610 4379
f 4379 4378 4701
f 4378 4377 4701
f 4709 4431 4406
f 4665 4426 4431
f 4620 4665 4431
f 4620 4431 4709
f 4664 4666 4427
f 4427 4425 4664
f 4425 4426 4664
f 4664 4426 4665
f 4663 4718 4661
f 4659 4718 4663
f 4661 4718 4717
f 4662 4661 4717
f 4662 4717 4720
f 4658 4660 4719
f 4658 4719 4720
f 4658 4720 4717
f 4659 4657 4717
f 4717 4718 4659
f 4423 4424 4655
f 4651 4714 4652
f 4421 4422 4653
f 4653 4422 4654
f 4655 4654 4422
f 4422 4423 4655
f 4652 4714 4418
f 4653 4652 4418
f 4653 4418 4421
f 4650 4420 4417
f 4650 4417 4714
f 4651 4650 4714
f 4711 4416 4419
f 4650 4646 4711
f 4711 4419 4420
f 4650 4711 4420
f 4714 4417 4418
f 4357 4695 4697
f 4658 4717 4657
f 4695 4357 4355
f 4695 4692 4694
f 4534 4532 4176
f 4176 4177 4534
f 4177 4178 4534
f 4534 4178 4536
f 4532 4527 4170
f 4170 4176 4532
f 4152 4174 4549
f 4515 4529 4173
f 4173 4165 4515
f 4549 4174 4173
f 4487 4549 4173
f 4529 4487 4173
f 4167 4170 4525
f 4525 4170 4527
f 4163 4162 4551
f 4159 4150 4550
f 4523 4508 4551
f 4538 4181 4540
f 4551 4162 4186
f 4180 4181 4538
f 4183 4190 4541
f 4198 4167 4546
f 4546 4167 4525
f 4546 4545 4197
f 4197 4198 4546
f 4544 4543 4193
f 4193 4195 4544
f 4195 4197 4544
f 4544 4197 4545
f 4543 4504 4161
f 4161 4193 4543
f 4538 4536 4178
f 4178 4180 4538
f 4541 4540 4181
f 4181 4183 4541
f 4541 4190 4501
f 4523 4551 4186
f 4521 4185 4550
f 4469 4312 4156
f 4492 4494 4154
f 4154 4149 4492
f 4495 4438 4160
f 4160 4157 4495
f 4437 4410 4272
f 4437 4272 4328
f 4328 4027 4160
f 4437 4328 4160
f 4438 4437 4160
f 4157 4154 4495
f 4495 4154 4494
f 4489 4491 4147
f 4147 4152 4549
f 4489 4147 4549
f 4149 4147 4492
f 4492 4147 4491
f 4312 4335 4156
f 4185 4159 4550
f 4335 4063 4156
f 4504 4469 4161
f 4510 4521 4550
f 4186 4185 4523
f 4523 4185 4521
f 4171 4168 4552
f 4164 4171 4552
f 4513 4164 4552
f 4518 4513 4552
f 4552 4168 4163
f 4552 4163 4551
f 4517 4552 4551
f 4511 4517 4551
f 4518 4552 4517
f 4165 4164 4515
f 4515 4164 4513
f 4511 4551 4508
f 4504 4436 4469
f 4469 4158 4161
f 4469 4156 4158
f 4572 4677 4574
f 4570 4672 4675
f 4572 4570 4675
f 4572 4675 4677
f 4568 4672 4570
f 4675 4672 4670
f 4670 4341 4342
f 4675 4670 4342
f 4568 4564 4670
f 4670 4672 4568
f 4670 4340 4341
f 4564 4560 4339
f 4564 4339 4340
f 4564 4340 4670
f 4675 4342 4343
f 4678 4343 4344
f 4678 4677 4675
f 4355 4338 4692
f 4353 4354 4588
f 4588 4354 4561
f 4588 4584 4350
f 4350 4353 4588
f 4584 4583 4688
f 4584 4688 4347
f 4584 4347 4350
f 4582 4688 4583
f 4688 4346 4347
f 4582 4578 4678
f 4678 4345 4346
f 4582 4678 4346
f 4582 4346 4688
f 4677 4678 4574
f 4574 4678 4578
f 4678 4344 4345
f 4678 4675 4343
f 4695 4355 4692
f 3979 3818 3816
f 3975 3979 3816
f 3816 3815 3975
f 3815 3814 3975
f 3975 3814 3974
f 3972 3973 4095
f 3972 4095 4092
f 3972 4092 4093
f 4088 4092 4091
f 4091 4092 4095
f 4093 4092 4076
f 4076 4079 4093
f 4092 4088 4075
f 4075 4076 4092
f 4086 4088 4089
f 4089 4088 4091
f 3811 4085 4086
f 3979 4096 3818
f 3813 3811 4086
f 3979 3980 4096
f 3820 3818 4096
f 3998 4077 3833
f 3998 3833 3832
f 3832 3830 3998
f 3998 3830 3997
f 3997 3830 3829
f 3997 3829 4100
f 3996 3997 4100
f 3829 3827 4100
f 3996 4100 3991
f 4100 3827 3825
f 3991 4100 3825
f 3988 3991 3825
f 3987 3988 3825
f 3825 3822 3987
f 3987 3822 3820
f 3987 3820 4096
f 3982 3987 4096
f 3982 4096 3980
f 3998 4000 4077
f 4089 3813 4086
f 4086 4075 4088
f 4084 4075 4086
f 4082 4084 4085
f 4085 4084 4086
f 4079 4076 3797
f 3797 3808 4079
f 4076 4075 4074
f 4076 4074 3793
f 4076 3793 3797
f 4074 3790 3793
f 3791 3833 4077
f 3836 3837 4004
f 4004 4002 3836
f 4014 3846 4015
f 4014 4013 3844
f 3844 3845 4014
f 3843 3844 4012
f 4012 3844 4013
f 4012 4011 3842
f 3842 3843 4012
f 3841 3842 4010
f 4010 3842 4011
f 4010 4009 3840
f 3840 3841 4010
f 3839 3840 4008
f 4008 3840 4009
f 4008 4007 3838
f 3838 3839 4008
f 3837 3838 4004
f 4004 3838 4007
f 3845 3846 4014
f 3846 3847 4016
f 4016 4015 3846
f 4016 3848 4017
f 3976 4077 4000
f 3989 4021 4101
f 4101 3852 3801
f 3989 4101 3801
f 4020 4101 4021
f 3850 3851 4101
f 4019 3850 4101
f 4020 4019 4101
f 3849 3850 4018
f 4018 3850 4019
f 4018 4017 3848
f 3848 3849 4018
f 3847 3848 4016
f 4101 3851 3852
f 4240 3986 3985
f 3985 3984 4240
f 4240 3984 4239
f 4236 4239 3984
f 3984 3983 4236
f 4234 4236 3983
f 3983 3981 4322
f 4234 3983 4322
f 4234 4322 4233
f 3981 3978 4322
f 4233 4322 3978
f 4231 4233 3978
f 4231 3978 3977
f 4231 3977 4321
f 3977 3976 4321
f 4231 4321 4230
f 4321 3976 4000
f 4240 4242 3986
f 4321 4000 4320
f 4242 4323 3986
f 4316 3989 3990
f 4325 3993 3994
f 4325 3994 4326
f 4248 4325 4326
f 4251 4248 4326
f 4247 4325 4248
f 4325 3992 3993
f 4316 3990 3992
f 4316 3992 4325
f 4223 4316 4325
f 4247 4223 4325
f 4245 4323 4242
f 4230 4321 4320
f 4228 4229 4320
f 4212 4015 4213
f 4014 4015 4212
f 4229 4230 4320
f 4015 4016 4214
f 4214 4017 4215
f 4320 4319 4228
f 4228 4319 4226
f 4221 4316 4223
f 4221 4220 4021
f 4021 3989 4316
f 4221 4021 4316
f 4220 4218 4314
f 4220 4314 4020
f 4220 4020 4021
f 4314 4019 4020
f 4217 4314 4218
f 4217 4216 4018
f 4018 4019 4314
f 4217 4018 4314
f 4216 4215 4017
f 4017 4018 4216
f 4016 4017 4214
f 4214 4213 4015
f 4042 4043 4291
f 4291 4043 4292
f 4041 4042 4267
f 4073 4064 4310
f 4309 4308 4072
f 4072 4073 4309
f 4310 4309 4073
f 4311 4063 4335
f 4310 4064 4063
f 4311 4335 4312
f 4311 4310 4063
f 4267 4042 4291
f 4287 4290 4037
f 4037 4039 4329
f 4287 4037 4329
f 4051 4050 4276
f 4276 4050 4275
f 4276 4277 4052
f 4052 4051 4276
f 4273 4275 4050
f 4050 4049 4273
f 4054 4053 4331
f 4278 4331 4055
f 4278 4280 4331
f 4034 4035 4286
f 4286 4035 4289
f 4290 4289 4035
f 4035 4037 4290
f 4287 4329 4261
f 4286 4285 4033
f 4033 4034 4286
f 4271 4330 4282
f 4049 4025 4273
f 4273 4025 4265
f 4055 4052 4278
f 4278 4052 4277
f 4281 4331 4280
f 4281 4282 4330
f 4281 4330 4048
f 4048 4054 4331
f 4281 4048 4331
f 4331 4053 4055
f 3709 3616 3836
f 4142 3709 3836
f 4002 4142 3836
f 4142 4138 3705
f 3705 3709 4142
f 4138 4136 3693
f 3693 3705 4138
f 3690 3693 4133
f 4133 3693 4136
f 4133 4129 3686
f 3686 3690 4133
f 3684 3686 4126
f 4126 3686 4129
f 2054 2056 1874
f 1874 2056 1875
f 2053 2056 2054
f 2054 2046 2053
f 1874 1873 2031
f 2031 2054 1874
f 2031 2028 2054
f 2054 2028 2046
f 2028 2026 2046
f 2046 2026 2040
f 2026 1461 2040
f 1466 1467 2031
f 1872 1466 2031
f 1873 1872 2031
f 2031 1467 1464
f 2028 2031 1464
f 2028 1464 2022
f 2028 2022 1458
f 2028 1458 1459
f 2026 2028 1459
f 2026 1459 1461
f 2022 1457 1458
f 1464 1457 2022
f 2335 2332 2342
f 2342 2332 2333
f 2336 2334 2338
f 2338 2334 2335
f 2334 2330 2335
f 2335 2330 2332
f 2333 2332 2137
f 2137 2332 2135
f 2332 2330 2135
f 2135 2330 2134
f 2322 1814 2300
f 2300 1814 1816
f 2307 1813 2322
f 2322 1813 1814
f 1813 2307 2305
f 2305 1811 1813
f 1811 2305 2298
f 2344 2335 2342
f 2298 1808 1811
f 2338 2335 2344
f 2149 2342 2333
f 2357 2344 2359
f 2359 2344 2347
f 1824 2352 1827
f 1827 2352 2357
f 2352 2338 2357
f 2357 2338 2344
f 2352 1824 1821
f 1821 2350 2352
f 2350 2336 2352
f 2352 2336 2338
f 2347 2346 2159
f 2159 2346 2157
f 2157 2346 2152
f 2344 2342 2347
f 2347 2342 2346
f 2152 2346 2342
f 2149 2152 2342
f 2149 2333 2137
f 2296 1807 2298
f 2298 1807 1808
f 1807 2296 2294
f 2289 2301 2111
f 2111 2301 2115
f 2296 2298 2289
f 2289 2281 2296
f 2294 2296 2281
f 2281 2279 2294
f 2281 2289 2105
f 2105 2289 2111
f 2103 2277 2279
f 2103 2279 2281
f 2105 2103 2281
f 2115 2302 2121
f 2301 2302 2115
f 2305 2289 2298
f 2301 2289 2305
f 2294 1804 1807
f 1806 1802 2327
f 1804 2294 2326
f 2326 1801 1804
f 1801 2326 1797
f 1801 1797 1800
f 1802 1801 1800
f 2327 1802 1800
f 2129 2308 2322
f 2132 2129 2300
f 2308 2302 2322
f 2322 2302 2307
f 2124 2308 2129
f 2302 2308 2121
f 2121 2308 2124
f 2305 2307 2302
f 2302 2301 2305
f 2129 2322 2300
f 1831 2357 2359
f 1827 2357 1831
f 2159 2161 2347
f 2161 2361 2347
f 2283 1840 2365
f 1840 1838 2364
f 2365 1840 2364
f 2166 2365 2364
f 2165 2166 2364
f 1836 2362 1838
f 1838 2362 2364
f 2165 2364 2164
f 2162 2164 2364
f 2364 2362 2361
f 2162 2364 2361
f 2162 2361 2161
f 1836 1835 2362
f 2361 2362 1835
f 1835 1831 2359
f 2361 1835 2359
f 2361 2359 2347
f 1822 1840 2283
f 2167 2365 2166
f 2126 2365 2167
f 2283 2365 2126
f 1432 1590 1433
f 1485 1251 1263
f 1485 1263 1649
f 1487 1486 1649
f 1487 1649 1259
f 1487 1259 1262
f 1485 1649 1486
f 1482 1484 1258
f 1258 1256 1482
f 1254 1253 1481
f 1481 1253 1483
f 1481 1482 1256
f 1256 1254 1481
f 1647 1248 1250
f 1480 1479 1647
f 1480 1647 1250
f 1480 1250 1251
f 1248 1647 1642
f 1485 1480 1251
f 1642 1247 1248
f 1649 1263 1259
f 1264 1265 1488
f 1272 1242 1644
f 1492 1497 1270
f 1270 1272 1644
f 1492 1270 1644
f 1495 1498 1271
f 1271 1269 1495
f 1268 1270 1494
f 1494 1270 1497
f 1269 1268 1495
f 1495 1268 1494
f 1640 1267 1244
f 1640 1243 1267
f 1265 1266 1489
f 1489 1266 1490
f 1488 1487 1262
f 1262 1264 1488
f 1488 1265 1489
f 1478 1641 1642
f 1479 1478 1647
f 1478 1642 1647
f 1645 1641 1477
f 1477 1641 1478
f 1477 1476 1643
f 1643 1645 1477
f 1639 1640 1244
f 1642 1639 1244
f 1247 1642 1244
f 1638 1639 1641
f 1641 1639 1642
f 1639 1637 1241
f 1639 1241 1243
f 1640 1639 1243
f 1639 1638 1240
f 1639 1240 1238
f 1639 1238 1637
f 1454 1602 1466
f 1456 1600 1449
f 1449 1600 1598
f 1454 1449 1598
f 1454 1598 1602
f 3159 3080 3235
f 3161 3159 3235
f 3161 3235 3094
f 3235 3080 2591
f 3235 2591 2770
f 3233 3235 2770
f 3233 2770 2768
f 2904 3080 3159
f 3233 2768 2767
f 3157 3233 2767
f 3155 3157 2767
f 3155 2767 2574
f 3155 2574 3071
f 3155 3071 2885
f 3161 3094 2914
f 3162 3233 3157
f 3162 3164 3235
f 2445 2438 3165
f 2434 2445 3168
f 3168 2445 3169
f 3168 3167 2431
f 2431 2434 3168
f 3167 2910 2570
f 2570 2128 2431
f 3167 2570 2431
f 2716 2113 2109
f 2881 3062 2877
f 3089 3084 2908
f 2908 3084 3164
f 3086 3091 3096
f 3096 3094 3235
f 3086 3096 3235
f 3086 3235 3084
f 3164 3084 3235
f 3162 3235 3233
f 3165 3169 2445
f 2869 2549 2551
f 2869 2551 3063
f 2870 2869 3063
f 2868 3060 2869
f 3060 2548 2549
f 2868 2853 2527
f 2527 2548 3060
f 2868 2527 3060
f 2866 3059 2545
f 2865 2866 2545
f 2865 2545 2542
f 2865 2542 3057
f 2865 3057 2864
f 2542 2538 3057
f 2864 3057 2538
f 2538 2535 3055
f 2864 2538 3055
f 2869 3060 2549
f 2863 2864 3055
f 2870 3063 2872
f 3063 2551 2559
f 2885 3071 2566
f 2882 2885 2566
f 2882 2566 2564
f 2882 2564 3068
f 2882 3068 2879
f 2564 2563 3068
f 2879 3068 2563
f 2874 2879 2563
f 2874 2563 2554
f 2874 2554 3059
f 2874 3059 2866
f 2561 3067 3066
f 3066 2560 2561
f 3063 2559 2560
f 3063 2560 3066
f 2872 3063 3066
f 2873 2872 3066
f 2554 2545 3059
f 3067 2561 2568
f 2863 3055 2862
f 3055 2533 2532
f 2535 2533 3055
f 2862 3055 2532
f 2861 2862 2532
f 2532 2529 2861
f 2861 2529 2859
f 2529 2528 2859
f 2859 2528 2858
f 2846 2858 2528
f 2528 2518 2846
f 2574 2566 3071
f 2873 3066 2889
f 2889 3067 2893
f 3064 3065 2938
f 2938 3065 2895
f 3090 3089 2911
f 2911 3089 2908
f 3091 3086 3092
f 3092 3086 3090
f 3086 3084 3090
f 3090 3084 3089
f 2580 2591 3080
f 3078 2580 3080
f 2901 3078 3080
f 2904 2901 3080
f 3078 2578 2580
f 2896 3078 2901
f 2893 3067 2568
f 2893 2568 2578
f 2896 2893 2578
f 2896 2578 3078
f 3066 3067 2889
f 2911 3092 3090
f 2911 2854 3092
f 2854 3054 3092
f 2914 3096 2919
f 2936 3102 3058
f 2938 2936 3058
f 2938 3058 3064
f 2934 3102 2936
f 3102 3101 3058
f 3058 3101 3056
f 3101 3092 3056
f 3056 3092 3054
f 2932 3098 3101
f 2934 3101 3102
f 3092 3101 3098
f 3098 3091 3092
f 2924 3098 2932
f 2919 3096 3091
f 2924 2919 3091
f 2924 3091 3098
f 3094 3096 2914
f 2934 2932 3101
f 2662 3122 3121
f 3121 2661 2662
f 2994 2993 2660
f 2661 3121 3120
f 2660 2661 3120
f 2994 2660 3120
f 2658 2660 2992
f 2992 2660 2993
f 3125 3120 3121
f 3124 3120 3125
f 3129 3124 3125
f 3127 3124 3129
f 3021 3118 2982
f 3018 3150 3019
f 3021 3019 3150
f 2692 2643 3118
f 3150 2692 3118
f 3021 3150 3118
f 3149 2689 2690
f 3016 3149 2690
f 3016 2690 3150
f 3018 3016 3150
f 3150 2690 2692
f 3001 2999 3127
f 3001 3127 3129
f 2998 2997 3141
f 3141 3139 3142
f 2998 3141 3142
f 3139 3136 3142
f 3142 3136 3127
f 3139 3141 2667
f 3139 2667 2665
f 3139 2665 3134
f 3136 3139 3134
f 3134 3133 3136
f 2995 3129 3125
f 2996 2995 3125
f 2996 3125 3131
f 3125 3121 3131
f 3131 3121 3122
f 2999 3142 3127
f 2998 3142 2999
f 3001 3129 2995
f 3144 2662 2670
f 3149 2688 2689
f 3132 2684 2687
f 3012 2683 2684
f 3012 2684 3132
f 3014 3012 3132
f 3010 3130 2675
f 3012 3010 2675
f 3012 2675 2683
f 3130 2673 2675
f 2996 3131 3006
f 3006 3131 3122
f 3008 3006 3122
f 3008 3122 3144
f 3003 3144 2670
f 3003 2670 2672
f 3005 3003 2672
f 3122 2662 3144
f 3008 3144 3003
f 2968 2612 3107
f 2958 3107 2611
f 2958 2611 2614
f 2957 2958 2614
f 2612 2611 3107
f 3103 3105 2952
f 2952 3105 2955
f 2953 3103 2952
f 2968 2610 2612
f 2968 3107 2958
f 2977 2957 2614
f 2614 2620 2977
f 2621 2624 3109
f 2626 3105 3103
f 3103 2622 2626
f 2972 3109 2624
f 2972 2624 3103
f 2953 2972 3103
f 2976 2618 2621
f 2976 2621 3109
f 2973 2976 3109
f 2620 2618 2977
f 2977 2618 2976
f 2973 3109 2972
f 2624 2622 3103
f 3785 3218 3220
f 3736 3785 3220
f 3740 3736 3220
f 3785 3191 3218
f 3727 3781 3725
f 3215 3183 3722
f 3722 3183 3719
f 3438 3439 3334
f 3334 3439 3336
f 3334 3332 3437
f 3437 3438 3334
f 3332 3330 3436
f 3436 3437 3332
f 3331 3436 3330
f 2391 1899 1900
f 2193 1899 2391
f 2193 1903 1899
f 2381 2377 2200
f 2200 2377 2204
f 2194 2392 2196
f 2392 2376 2381
f 2196 2392 2381
f 2200 2196 2381
f 2194 2193 2391
f 2391 2392 2194
f 2392 2391 1900
f 2392 1900 1872
f 2376 2392 1872
f 2193 2191 1903
f 1502 1993 1842
f 1845 1502 1842
f 2113 1845 1842
f 2109 2113 1842
f 1502 1501 1993
f 2431 1414 1415
f 2431 1856 1413
f 2453 2455 2506
f 2506 1715 1719
f 2453 2506 1719
f 1717 1715 2506
f 2498 1421 1698
f 2445 1418 1419
f 2445 1419 1420
f 2438 2445 1420
f 1420 1421 2498
f 2438 1420 2498
f 2434 1416 1417
f 2434 1417 1418
f 2445 2434 1418
f 1415 1416 2431
f 2431 1416 2434
f 2431 2128 1856
f 1856 1411 1413
f 2431 1413 1414
f 1721 1720 2507
f 1724 1723 2458
f 2458 2471 1724
f 2475 2458 2507
f 2452 2236 1931
f 1931 1514 1729
f 1931 1729 2505
f 2452 1931 2505
f 2495 2513 2490
f 2492 2515 2494
f 2495 2494 2515
f 2495 2515 1747
f 2495 1747 1736
f 2495 1736 2513
f 2493 2514 2491
f 2489 1734 1742
f 2489 1742 2514
f 2493 2489 2514
f 2492 2491 2514
f 2492 2514 1743
f 1743 1745 2515
f 1497 1492 2461
f 1719 1726 2453
f 2453 1726 2482
f 1498 1495 1494
f 2481 1498 1494
f 2484 2481 1494
f 2484 1494 1497
f 2481 2482 1726
f 1726 1498 2481
f 2475 2507 2478
f 2476 2506 2455
f 2476 2478 2507
f 2476 2507 1720
f 1720 1717 2506
f 2476 1720 2506
f 2458 1723 1721
f 2458 1721 2507
f 2461 2484 1497
f 2505 1729 1730
f 2511 1731 1732
f 2486 1731 2511
f 2492 1743 2515
f 2515 1745 1747
f 2514 1742 1743
f 2513 1738 1739
f 2490 2513 1739
f 2466 2490 1739
f 2466 1739 2512
f 2512 1739 1740
f 2513 1736 1738
f 2437 1724 2471
f 2486 2511 2488
f 2511 1732 1734
f 2488 2511 1734
f 2489 2488 1734
f 2486 2456 2505
f 2486 2505 1730
f 2486 1730 1731
f 1711 1724 2437
f 3053 2522 2523
f 2849 3053 2523
f 3052 3053 2847
f 2847 3053 2848
f 2844 2516 2520
f 2844 2520 3052
f 2847 2844 3052
f 3053 2521 2522
f 3053 3052 2519
f 2519 2521 3053
f 2520 2519 3052
f 2845 2846 2518
f 2518 2517 2845
f 2844 2845 2517
f 2517 2516 2844
f 2849 2848 3053
f 2523 2524 2850
f 2850 2849 2523
f 2524 2525 2851
f 2526 2527 2852
f 2852 2527 2853
f 2852 2851 2525
f 2525 2526 2852
f 2851 2850 2524
f 2602 2599 2151
f 2151 2154 2602
f 2599 2597 2144
f 2144 2151 2599
f 2143 2144 2595
f 2595 2144 2597
f 2595 2593 2142
f 2142 2143 2595
f 2132 2142 2546
f 2546 2142 2593
f 2140 2131 2725
f 2583 2725 2131
f 2550 2718 2547
f 2583 2585 2725
f 2550 2161 2718
f 2550 2720 2162
f 2131 2127 2722
f 2583 2131 2722
f 2127 2126 2722
f 2583 2722 2581
f 2579 2581 2722
f 2579 2722 2126
f 2579 2126 2167
f 2167 2166 2579
f 2579 2166 2576
f 2573 2576 2166
f 2166 2165 2573
f 2573 2165 2164
f 2558 2573 2164
f 2558 2164 2720
f 2558 2720 2557
f 2164 2162 2720
f 2550 2557 2720
f 2550 2162 2161
f 2633 2628 2795
f 2795 2197 2199
f 2625 2617 2192
f 2625 2192 2187
f 2625 2187 2788
f 2786 2783 2623
f 2623 2783 2616
f 2783 2184 2192
f 2616 2783 2192
f 2617 2616 2192
f 2788 2187 2191
f 2185 2183 2786
f 2786 2183 2783
f 2783 2183 2184
f 2628 2197 2795
f 2628 2180 2197
f 2795 2199 2786
f 2637 2786 2623
f 2633 2795 2636
f 2637 2636 2795
f 2199 2185 2786
f 2637 2795 2786
f 2805 2191 2193
f 2788 2191 2805
f 2654 2204 2804
f 2655 2654 2804
f 2652 2806 2653
f 2806 2200 2204
f 2653 2806 2204
f 2654 2653 2204
f 2652 2650 2194
f 2652 2194 2806
f 2806 2196 2200
f 2651 2805 2649
f 2788 2805 2625
f 2625 2805 2651
f 2805 2193 2194
f 2649 2805 2194
f 2650 2649 2194
f 2194 2196 2806
f 3743 3778 3224
f 50 76 52
f 52 76 73
f 53 52 73
f 53 73 75
f 49 68 10
f 50 49 10
f 50 10 14
f 50 14 76
f 14 13 76
f 76 13 73
f 73 71 75
f 75 71 74
f 59 74 71
f 71 70 59
f 71 73 13
f 71 13 5
f 71 5 65
f 46 68 54
f 48 70 71
f 54 68 49
f 31 55 74
f 23 22 117
f 22 21 117
f 53 75 56
f 75 74 56
f 56 74 55
f 74 59 31
f 40 48 71
f 66 8 10
f 2 18 8
f 5 17 2
f 17 18 2
f 40 71 65
f 8 18 10
f 18 17 13
f 44 66 10
f 46 44 10
f 46 10 68
f 8 66 63
f 63 2 8
f 42 66 44
f 63 66 34
f 34 66 42
f 38 65 5
f 38 5 2
f 38 2 63
f 36 38 63
f 40 65 38
f 36 63 34
f 31 59 28
f 10 18 14
f 13 14 18
f 13 17 5
f 240 234 322
f 305 240 322
f 294 305 322
f 328 238 239
f 305 304 328
f 305 328 239
f 305 239 240
f 238 328 327
f 327 237 238
f 327 328 303
f 303 328 304
f 326 236 327
f 327 236 237
f 301 324 326
f 303 301 326
f 303 326 327
f 326 235 236
f 224 235 324
f 324 235 326
f 223 221 323
f 221 224 324
f 324 323 221
f 286 317 295
f 228 226 325
f 322 234 231
f 317 222 233
f 295 317 233
f 302 295 233
f 233 232 302
f 302 232 297
f 298 325 300
f 301 299 323
f 323 324 301
f 299 325 226
f 226 223 323
f 299 226 323
f 296 230 228
f 296 228 325
f 298 296 325
f 296 297 232
f 232 230 296
f 299 300 325
f 854 916 849
f 649 653 840
f 840 653 853
f 852 652 656
f 852 656 916
f 854 852 916
f 852 853 653
f 653 652 852
f 917 648 650
f 851 850 647
f 647 648 917
f 851 647 917
f 664 647 848
f 848 647 850
f 849 916 663
f 848 849 663
f 848 663 664
f 857 918 860
f 656 663 916
f 864 658 660
f 864 860 918
f 855 920 861
f 918 667 658
f 919 665 666
f 919 666 667
f 870 919 667
f 870 667 918
f 857 870 918
f 917 650 919
f 919 650 665
f 870 851 917
f 917 919 870
f 660 661 864
f 864 661 866
f 868 866 661
f 661 662 868
f 864 918 658
f 845 842 654
f 654 659 845
f 841 844 657
f 657 651 841
f 659 657 845
f 845 657 844
f 655 654 843
f 843 654 842
f 840 841 651
f 651 649 840
f 621 625 808
f 794 606 605
f 794 605 896
f 792 794 896
f 608 606 898
f 605 604 896
f 794 898 606
f 610 608 898
f 794 610 898
f 794 612 610
f 808 625 798
f 623 613 787
f 787 613 799
f 808 805 619
f 619 621 808
f 805 804 616
f 616 619 805
f 804 803 899
f 804 899 615
f 896 899 792
f 792 899 803
f 899 614 615
f 899 896 604
f 604 614 899
f 797 799 613
f 613 612 797
f 794 797 612
f 804 615 616
f 889 697 1146
f 1118 889 1146
f 1117 1116 1146
f 1146 698 778
f 1146 778 1148
f 1117 1146 1148
f 1148 778 779
f 1146 697 698
f 1143 777 776
f 776 1139 1143
f 684 880 685
f 685 880 1081
f 1139 776 685
f 1139 685 1081
f 1112 1139 1081
f 1109 1112 1081
f 1114 1141 1143
f 889 696 697
f 1113 1114 1143
f 1118 1034 889
f 1119 1141 1115
f 1122 1121 1156
f 1156 1155 1157
f 1122 1156 1157
f 1155 1152 1157
f 1157 1152 1154
f 781 780 1156
f 1156 780 1155
f 1152 1155 780
f 1152 780 777
f 1152 777 1143
f 1153 1154 1152
f 1152 1151 1153
f 1153 1151 1120
f 1120 1151 1119
f 1151 1152 1143
f 1143 1141 1151
f 1151 1141 1119
f 1118 1146 1116
f 1158 1153 1120
f 1113 1143 1139
f 1113 1139 1112
f 1115 1141 1114
f 1109 1081 1024
f 1120 1123 1158
f 1154 1153 1158
f 1158 1159 1154
f 1111 1138 1130
f 1032 1130 1138
f 1138 1069 1032
f 1129 1156 1121
f 1117 1148 1128
f 1128 1148 779
f 779 781 1156
f 1128 779 1156
f 1129 1128 1156
f 1127 1159 1125
f 1122 1157 1126
f 1126 1157 1154
f 1127 1126 1154
f 1127 1154 1159
f 1159 1158 1125
f 1125 1158 1124
f 1124 1158 1123
f 412 413 347
f 347 346 412
f 406 412 346
f 346 345 406
f 404 406 345
f 345 343 404
f 395 405 450
f 450 341 329
f 395 450 329
f 405 403 449
f 449 450 405
f 404 343 335
f 402 404 335
f 402 335 447
f 448 449 400
f 400 449 403
f 400 402 447
f 332 337 448
f 447 332 448
f 400 447 448
f 450 340 341
f 450 449 338
f 338 340 450
f 448 338 449
f 337 336 448
f 335 334 447
f 334 332 447
f 336 338 448
f 3778 3172 3224
f 3743 3745 3778
f 3743 3208 3747
f 6677 6608 6607
f 6677 6607 6679
f 6662 6677 6679
f 6667 6662 6679
f 6668 6666 6679
f 6679 6680 6668
f 6667 6679 6666
f 6665 6678 6664
f 6678 6677 6664
f 6664 6677 6663
f 6663 6677 6662
f 6679 6607 6609
f 6609 6680 6679
f 6678 6610 6608
f 6665 6669 6611
f 6611 6610 6678
f 6665 6611 6678
f 6608 6677 6678
f 6626 6624 6650
f 6626 6650 6648
f 6621 6626 6648
f 6648 6641 6621
f 6644 6562 6645
f 6645 6562 6565
f 6644 6561 6562
f 6624 6623 6644
f 6644 6645 6624
f 6617 6556 6561
f 6617 6561 6644
f 6623 6617 6644
f 6560 6559 6641
f 6641 6559 6558
f 6621 6641 6558
f 6620 6621 6558
f 6619 6620 6558
f 6624 6645 6650
f 6653 6568 6648
f 6560 6641 6648
f 6655 6573 6578
f 6577 6653 6578
f 6578 6653 6655
f 6577 6568 6653
f 6657 6571 6572
f 6573 6655 6650
f 6650 6657 6572
f 6573 6650 6572
f 6657 6569 6571
f 6645 6565 6569
f 6650 6645 6569
f 6657 6650 6569
f 6655 6653 6648
f 6648 6650 6655
f 6568 6560 6648
f 6558 6557 6640
f 6619 6558 6640
f 6640 6557 6554
f 6609 6607 6608
f 6554 6639 6640
f 6640 6639 6618
f 6618 6639 6611
f 6555 6556 6616
f 6616 6556 6617
f 6616 6615 6638
f 6616 6638 6553
f 6616 6553 6555
f 6614 6638 6615
f 6554 6553 6638
f 6554 6638 6637
f 6639 6554 6637
f 6610 6611 6639
f 6610 6639 6637
f 6610 6637 6608
f 6614 6609 6637
f 6637 6638 6614
f 6608 6637 6609
f 6619 6640 6618
f 6325 6339 6484
f 6448 6337 6327
f 6448 6327 6483
f 6450 6448 6483
f 6448 6434 6335
f 6335 6337 6448
f 6431 6438 6321
f 6321 6333 6431
f 6330 6335 6428
f 6428 6335 6434
f 6333 6330 6431
f 6431 6330 6428
f 6327 6325 6483
f 6484 6483 6325
f 6339 6341 6485
f 6485 6484 6339
f 6485 6341 6343
f 6492 6352 6362
f 6492 6362 6359
f 6359 6490 6492
f 6495 6360 6361
f 6361 6358 6495
f 6360 6495 6489
f 6489 6490 6359
f 6360 6489 6359
f 6358 6323 6477
f 6495 6358 6477
f 6495 6477 6489
f 6491 6357 6351
f 6454 6455 6490
f 6490 6489 6454
f 6489 6477 6454
f 6454 6477 6446
f 6346 6488 6487
f 6487 6344 6346
f 6344 6487 6485
f 6485 6343 6344
f 6452 6486 6487
f 6453 6452 6487
f 6453 6487 6488
f 6451 6486 6452
f 6484 6485 6486
f 6486 6485 6487
f 6450 6483 6484
f 6451 6450 6484
f 6451 6484 6486
f 6456 6491 6457
f 6492 6490 6455
f 6455 6458 6492
f 6458 6457 6492
f 6494 6355 6356
f 6494 6356 6357
f 6461 6494 6357
f 6456 6461 6357
f 6456 6357 6491
f 6488 6346 6353
f 6355 6494 6493
f 6493 6354 6355
f 6493 6494 6460
f 6453 6488 6353
f 6459 6453 6353
f 6459 6353 6354
f 6459 6354 6493
f 6459 6493 6460
f 6457 6491 6351
f 6457 6351 6352
f 6457 6352 6492
f 6460 6494 6461
f 6937 6855 6843
f 6843 6935 6937
f 6770 6768 6802
f 6770 6802 6688
f 6770 6688 6687
f 6769 6802 6768
f 6773 6804 6771
f 6804 6805 6774
f 6774 6771 6804
f 6773 6689 6804
f 6777 6778 6694
f 6777 6694 6807
f 6807 6693 6688
f 6688 6802 6807
f 6769 6777 6807
f 6807 6802 6769
f 6691 6692 6803
f 6776 6691 6803
f 6759 6776 6803
f 6775 6805 6690
f 6775 6690 6691
f 6776 6775 6691
f 6774 6805 6775
f 6690 6805 6804
f 6804 6689 6690
f 6770 6687 6689
f 6773 6770 6689
f 6778 6695 6694
f 6694 6693 6807
f 6779 6695 6778
f 6696 6695 6779
f 6780 6757 6698
f 6698 6697 6780
f 6779 6780 6697
f 6697 6696 6779
f 6720 6622 6719
f 6720 6721 6622
f 6721 6625 6622
f 6721 6722 6625
f 6723 6735 6700
f 6747 6755 6754
f 6755 6630 6629
f 6629 6754 6755
f 6747 6754 6746
f 6746 6754 6629
f 6746 6629 6628
f 6745 6746 6628
f 6627 6625 6742
f 6742 6625 6722
f 6742 6745 6628
f 6628 6627 6742
f 6622 6612 6681
f 6622 6681 6670
f 6719 6622 6670
f 6724 6719 6670
f 6723 6724 6670
f 6723 6670 6735
f 6747 6748 6755
f 6748 6756 6755
f 6631 6630 6755
f 6631 6755 6756
f 6756 6636 6632
f 6749 6728 6634
f 6634 6635 6749
f 6749 6635 6636
f 6749 6636 6756
f 6748 6749 6756
f 6676 6686 6709
f 6709 6686 6725
f 6726 6725 6686
f 6726 6686 6634
f 6727 6726 6634
f 6727 6634 6728
f 6633 6686 6685
f 6685 6684 6683
f 6633 6685 6683
f 6633 6683 6613
f 6756 6632 6631
f 6686 6633 6634
f 6945 6946 6890
f 6890 6889 6945
f 6892 6891 6947
f 6947 6948 6892
f 6891 6890 6947
f 6948 6953 6979
f 6948 6979 6898
f 6948 6898 6892
f 6900 6899 6979
f 6899 6898 6979
f 6977 6896 6897
f 6952 6951 6975
f 6975 6895 6896
f 6952 6975 6896
f 6952 6896 6977
f 6975 6894 6895
f 6950 6975 6951
f 6950 6949 6893
f 6893 6894 6975
f 6950 6893 6975
f 6889 6893 6945
f 6945 6893 6949
f 6947 6890 6946
f 6953 6980 6979
f 6980 6901 6979
f 6901 6900 6979
f 6953 6954 6980
f 6981 6903 6904
f 6957 6958 6981
f 6904 6888 6978
f 6981 6904 6978
f 6957 6981 6978
f 6977 6897 6981
f 6981 6897 6903
f 6977 6981 6952
f 6952 6981 6958
f 6978 6976 6957
f 6957 6976 6956
f 6956 6976 6943
f 6955 6944 6885
f 6955 6885 6902
f 6955 6902 6980
f 6902 6901 6980
f 6955 6980 6954
f 6929 6931 6932
f 6888 6929 6930
f 6887 6888 6930
f 6887 6930 6927
f 6822 6821 6926
f 6822 6926 6927
f 6928 6822 6927
f 6820 6925 6821
f 6821 6925 6926
f 6927 6926 6887
f 6887 6926 6886
f 6885 6886 6926
f 6926 6925 6885
f 6932 6930 6929
f 6824 6930 6823
f 6824 6928 6927
f 6829 6822 6928
f 6932 6828 6825
f 6828 6932 6931
f 6931 6827 6828
f 6934 6826 6931
f 6931 6826 6827
f 6934 6819 6826
f 6932 6825 6823
f 6823 6930 6932
f 6824 6927 6930
f 4432 4507 4550
f 4150 4072 4308
f 4550 4150 4308
f 4432 4550 4308
f 4510 4550 4507
f 4542 4348 4219
f 4219 3974 4196
f 4542 4219 4196
f 4196 4194 4542
f 4542 4194 4539
f 4537 4539 4194
f 4194 4192 4537
f 4192 4191 4537
f 4537 4191 4535
f 4535 4189 4533
f 4166 4169 4519
f 4155 4166 4514
f 4514 4166 4516
f 4514 4512 4153
f 4153 4155 4514
f 4145 4153 4503
f 4503 4153 4512
f 4151 4148 4509
f 4509 4148 4506
f 4505 4506 4148
f 4148 4146 4505
f 4146 4144 4505
f 4505 4144 4500
f 4503 4486 4134
f 4134 4145 4503
f 4144 4143 4500
f 4500 4143 4493
f 4519 4516 4166
f 4191 4189 4535
f 4520 4519 4548
f 4519 4169 4172
f 4531 4533 4189
f 4189 4188 4531
f 4188 4187 4531
f 4531 4187 4530
f 4528 4530 4187
f 4187 4184 4528
f 4184 4182 4528
f 4528 4182 4526
f 4524 4526 4182
f 4182 4179 4524
f 4509 4524 4179
f 4179 4151 4509
f 4522 4548 4175
f 4470 4522 4175
f 4470 4175 4126
f 4548 4172 4175
f 4520 4548 4522
f 4519 4172 4548
f 4490 4493 4143
f 4143 4141 4490
f 4490 4140 4488
f 4485 4488 4140
f 4140 4137 4485
f 4132 4134 4484
f 4484 4134 4486
f 4484 4481 4130
f 4130 4132 4484
f 4127 4130 4478
f 4478 4130 4481
f 4478 4475 4125
f 4125 4127 4478
f 4475 4473 4123
f 4123 4125 4475
f 4122 4123 4471
f 4471 4123 4473
f 4141 4140 4490
f 4580 4667 4553
f 4556 4667 4580
f 4443 4439 4349
f 4439 4222 4219
f 4349 4439 4219
f 4348 4349 4219
f 4349 4351 4443
f 4224 4222 4439
f 4224 4439 4225
f 4362 4361 4241
f 4241 4243 4448
f 4362 4241 4448
f 4226 4238 4446
f 4446 4238 4237
f 4237 4441 4446
f 4441 4237 4235
f 4235 4440 4441
f 4336 4440 4235
f 4358 4336 4235
f 4358 4235 4232
f 4232 4227 4358
f 4358 4227 4356
f 4356 4227 4225
f 4352 4356 4225
f 4352 4225 4443
f 4352 4443 4351
f 4448 4243 4244
f 4362 4448 4363
f 4364 4363 4246
f 4363 4448 4246
f 4442 4256 4212
f 4339 4373 4454
f 4339 4454 4254
f 4254 4256 4442
f 4339 4254 4442
f 4454 4252 4254
f 4372 4454 4373
f 4225 4439 4443
f 4250 4252 4454
f 4371 4450 4454
f 4372 4371 4454
f 4367 4450 4371
f 4450 4249 4250
f 4364 4246 4249
f 4364 4249 4450
f 4367 4364 4450
f 4448 4244 4246
f 4450 4250 4454
f 4764 4784 4951
f 4951 4940 4764
f 4918 4599 4560
f 4949 4593 4599
f 4949 4599 4918
f 4782 4949 4918
f 4733 4782 4918
f 4780 4949 4782
f 4949 4591 4593
f 4778 4948 4589
f 4778 4589 4591
f 4780 4778 4591
f 4780 4591 4949
f 4948 4587 4589
f 4946 4948 4777
f 4777 4948 4778
f 4770 4946 4777
f 4785 4951 4784
f 4586 4587 4946
f 4953 4602 4951
f 4581 4940 4951
f 4952 4590 4963
f 4952 4963 4965
f 4795 4965 4793
f 4965 4963 4793
f 4793 4963 4792
f 4609 4607 4963
f 4963 4607 4606
f 4963 4606 4957
f 4792 4963 4957
f 4790 4792 4957
f 4606 4604 4957
f 4957 4953 4790
f 4790 4953 4787
f 4957 4604 4602
f 4602 4953 4957
f 4785 4787 4953
f 4953 4951 4785
f 4602 4581 4951
f 4590 4609 4963
f 4946 4587 4948
f 4770 4768 4586
f 4744 4738 4567
f 4744 4567 4915
f 4913 4562 4565
f 4736 4913 4738
f 4905 4558 4562
f 4905 4562 4913
f 4734 4905 4913
f 4736 4734 4913
f 4557 4907 4559
f 4559 4907 4911
f 4905 4555 4558
f 4557 4556 4907
f 4904 4905 4732
f 4732 4905 4734
f 4729 4904 4732
f 4904 4902 4554
f 4905 4904 4554
f 4738 4913 4567
f 4768 4585 4586
f 4913 4565 4567
f 4569 4559 4911
f 4770 4586 4946
f 4940 4581 4579
f 4579 4937 4940
f 4937 4579 4577
f 4577 4936 4937
f 4940 4937 4764
f 4764 4937 4762
f 4760 4762 4937
f 4937 4936 4760
f 4915 4567 4576
f 4573 4920 4575
f 4575 4920 4925
f 4925 4920 4917
f 4754 4925 4917
f 4752 4754 4917
f 4573 4569 4920
f 4917 4920 4569
f 4917 4569 4911
f 4795 4952 4965
f 4795 4914 4952
f 4795 4730 4914
f 4555 4905 4554
f 4901 4553 4902
f 4726 4899 4902
f 4729 4726 4902
f 4729 4902 4904
f 4901 4902 4899
f 4899 4898 4901
f 4902 4553 4554
f 5078 5079 4432
f 5078 4432 4433
f 4433 4434 5128
f 5078 4433 5128
f 4507 4432 5073
f 5073 4432 5079
f 5078 5128 5054
f 4510 4507 5075
f 5075 4507 5073
f 4629 4626 4980
f 4822 4986 4806
f 4823 4998 4980
f 4822 4823 4980
f 4822 4980 4986
f 4806 4986 4982
f 4803 4806 4982
f 4803 4982 4984
f 4986 4980 4626
f 4986 4626 4636
f 4986 4636 4982
f 4984 4982 4634
f 4984 4634 4619
f 4984 4619 4978
f 4636 4634 4982
f 4998 4656 4629
f 4998 4629 4980
f 4619 4617 4978
f 3876 3949 3855
f 3227 3196 3761
f 3761 3196 3768
f 3772 3789 3619
f 3770 3788 3771
f 3772 3771 3788
f 3772 3788 3216
f 3216 3219 3789
f 3772 3216 3789
f 3620 3619 3789
f 3789 3222 3016
f 3789 3016 3381
f 3620 3789 3381
f 3621 3620 3381
f 3621 3381 3591
f 3200 3212 3788
f 3230 3231 3758
f 3758 3231 3759
f 3761 3759 3231
f 3231 3227 3761
f 3758 3756 3787
f 3787 3226 3230
f 3758 3787 3230
f 3754 3752 3229
f 3229 3225 3787
f 3754 3229 3787
f 3220 3228 3740
f 3740 3228 3750
f 3752 3750 3228
f 3228 3229 3752
f 3787 3225 3226
f 3710 3778 3745
f 3224 3208 3743
f 3754 3787 3756
f 3789 3219 3222
f 3764 3008 3452
f 3764 3763 3008
f 3769 3200 3788
f 3770 3769 3788
f 3788 3212 3216
f 3769 3768 3196
f 3196 3200 3769
f 3767 3785 3736
f 3767 3766 3188
f 3188 3191 3785
f 3767 3188 3785
f 3746 3782 3763
f 3764 3452 3765
f 3452 3005 3188
f 3765 3452 3188
f 3766 3765 3188
f 3782 2996 3006
f 3763 3782 3006
f 3763 3006 3008
f 3008 3003 3452
f 3848 3940 3942
f 3849 3848 3942
f 3847 3940 3848
f 3940 3464 3465
f 3461 3464 3940
f 3846 3461 3940
f 3847 3846 3940
f 3460 3461 3845
f 3845 3461 3846
f 3845 3844 3939
f 3939 3538 3460
f 3845 3939 3460
f 3843 3939 3844
f 3939 3537 3538
f 3938 3536 3537
f 3938 3537 3939
f 3842 3938 3939
f 3940 3466 3942
f 3940 3465 3466
f 3849 3942 3850
f 3472 3475 3852
f 3852 3475 3801
f 3852 3851 3469
f 3469 3472 3852
f 3851 3850 3942
f 3942 3468 3469
f 3851 3942 3469
f 3942 3466 3468
f 3843 3842 3939
f 3841 3938 3842
f 3938 3535 3536
f 3534 3535 3938
f 3528 3929 3931
f 3830 3929 3829
f 3829 3929 3528
f 3829 3528 3526
f 3827 3829 3526
f 3526 3522 3827
f 3827 3522 3825
f 3825 3522 3518
f 3825 3518 3925
f 3822 3825 3925
f 3822 3925 3820
f 3518 3517 3925
f 3820 3925 3517
f 3517 3516 3923
f 3820 3517 3923
f 3818 3820 3923
f 3516 3515 3923
f 3931 3530 3528
f 3818 3923 3816
f 3931 3929 3830
f 3531 3530 3931
f 3840 3534 3938
f 3841 3840 3938
f 3533 3534 3839
f 3839 3534 3840
f 3838 3935 3618
f 3838 3618 3533
f 3839 3838 3533
f 3935 3617 3618
f 3837 3935 3838
f 3836 3616 3617
f 3836 3617 3935
f 3837 3836 3935
f 3833 3791 3477
f 3477 3532 3833
f 3832 3833 3532
f 3532 3531 3931
f 3832 3532 3931
f 3830 3832 3931
f 3815 3816 3923
f 3923 3515 3513
f 3815 3923 3513
f 3814 3815 3513
f 3513 3511 3814
f 3813 3919 3811
f 3797 3918 3614
f 3808 3797 3614
f 3808 3614 3615
f 3793 3918 3797
f 3918 3613 3614
f 3790 3917 3612
f 3793 3790 3613
f 3793 3613 3918
f 3790 3612 3613
f 4225 4227 4315
f 4225 4315 3982
f 4225 3982 3980
f 4224 4225 3980
f 3980 3979 4224
f 4222 4224 3979
f 3979 3975 4222
f 3975 3974 4222
f 4222 3974 4219
f 3973 3972 4313
f 4232 4315 4227
f 3982 4315 4317
f 4317 4315 4232
f 4002 4004 4241
f 4241 4004 4243
f 4000 3998 4320
f 4320 3998 3997
f 3997 4319 4320
f 4226 4319 3997
f 4226 3997 3996
f 4238 4226 3996
f 4238 3996 3991
f 4237 4238 3991
f 4237 3991 4318
f 3991 3988 4318
f 4318 4317 4237
f 4237 4317 4235
f 4318 3988 3987
f 3987 4317 4318
f 4232 4235 4317
f 4317 3987 3982
f 4004 4007 4244
f 4244 4243 4004
f 4244 4008 4246
f 4007 4008 4244
f 4212 4256 4013
f 4013 4014 4212
f 4012 4013 4254
f 4254 4013 4256
f 4254 4252 4011
f 4011 4012 4254
f 4010 4011 4250
f 4250 4011 4252
f 4250 4249 4009
f 4009 4010 4250
f 4008 4009 4246
f 4246 4009 4249
f 3880 3873 4047
f 4047 3873 4041
f 4044 4039 3872
f 3872 3877 4044
f 4046 4045 3878
f 3878 3879 4046
f 4047 4046 3879
f 3879 3880 4047
f 3877 3878 4044
f 4044 3878 4045
f 3874 3875 4042
f 4042 3875 4043
f 4042 4041 3873
f 3873 3874 4042
f 3871 3872 4037
f 4037 3872 4039
f 3866 3870 4034
f 4034 3870 4035
f 4037 4035 3870
f 3870 3871 4037
f 4034 4033 3865
f 3865 3866 4034
f 4056 3889 4057
f 3888 3889 4056
f 3875 3888 4056
f 4059 4058 3890
f 3890 3891 4059
f 4061 4060 3892
f 3892 3893 4061
f 3893 3894 4061
f 4061 3894 4062
f 3891 3892 4059
f 4059 3892 4060
f 3889 3890 4057
f 4057 3890 4058
f 4056 4043 3875
f 5798 6379 6381
f 6311 6309 6374
f 6311 6374 5780
f 6311 5780 5799
f 6309 6303 6372
f 6372 6374 6309
f 6305 6307 6379
f 6379 6378 6305
f 6379 5798 5793
f 6379 5793 6376
f 6379 6376 6378
f 6305 6378 6371
f 6303 6305 6371
f 6303 6371 6372
f 6368 6371 6376
f 6376 6371 6378
f 5793 5790 6376
f 6381 5806 5798
f 5786 6367 6368
f 6381 6379 6307
f 5810 5806 6381
f 6304 6334 5825
f 5825 5762 6304
f 5822 5825 6332
f 6332 5825 6334
f 6332 6329 5820
f 5820 5822 6332
f 6329 6322 5817
f 5817 5820 6329
f 5816 5817 6319
f 6319 5817 6322
f 6319 6311 5799
f 5799 5816 6319
f 6317 6384 6315
f 6312 6315 6384
f 6312 6384 5813
f 5813 5810 6381
f 6312 5813 6381
f 6307 6312 6381
f 5790 5786 6368
f 6376 5790 6368
f 5786 5766 6367
f 6364 5760 6220
f 6364 6220 6363
f 6364 5764 5760
f 6363 6365 6366
f 6366 6364 6363
f 5764 6364 6367
f 6374 5779 5780
f 6372 6370 5775
f 6372 5775 5779
f 6374 6372 5779
f 6370 5773 5775
f 6372 6371 6369
f 6369 6370 6372
f 6366 6369 6368
f 6368 6369 6371
f 5771 5773 6370
f 6369 6366 6365
f 6369 6365 5769
f 6369 5769 5771
f 6365 5763 5769
f 6364 6366 6367
f 6367 6366 6368
f 6367 5766 5764
f 6370 6369 5771
f 5828 5813 6384
f 6317 5830 6384
f 5830 5828 6384
f 6317 6338 5830
f 5836 6399 5821
f 6229 6394 6143
f 6143 6394 6350
f 6349 6350 6394
f 6394 6392 6349
f 6349 6392 5840
f 6349 5840 5839
f 6348 6349 5839
f 6348 5839 6388
f 5839 5838 6388
f 6348 6388 6347
f 6388 5838 5837
f 6347 6388 5837
f 6345 6347 5837
f 5834 5832 6342
f 6342 5832 6340
f 6338 6340 5832
f 5832 5830 6338
f 5841 5840 6392
f 6396 5842 6394
f 5842 5841 6394
f 5841 6392 6394
f 5065 5836 5821
f 5065 5821 5096
f 6342 6345 5837
f 5852 5111 5110
f 5852 5110 5109
f 5109 5108 5850
f 5852 5109 5850
f 5837 5852 5850
f 5837 5850 5834
f 5468 5464 6396
f 6396 5464 5463
f 5463 5842 6396
f 6394 6229 5913
f 6394 5913 6045
f 6396 6394 6045
f 5468 6396 6045
f 5468 6045 5492
f 6342 5837 5834
f 6410 6151 6152
f 6411 6410 6152
f 6410 6408 6406
f 6406 6409 6410
f 6409 6150 6151
f 6145 6150 6406
f 6406 6150 6409
f 6148 6407 6149
f 6149 6407 6408
f 6148 6147 6407
f 6405 6406 6407
f 6407 6406 6408
f 6147 6146 6404
f 6147 6404 6405
f 6407 6147 6405
f 6146 6142 6404
f 6144 6145 6405
f 6410 6409 6151
f 6405 6145 6406
f 6149 6408 6410
f 6154 6153 6410
f 6154 6410 6411
f 6410 6153 6149
f 6140 6144 6404
f 6404 6144 6405
f 6142 6140 6404
f 5169 5633 5654
f 5500 5663 5662
f 5499 5500 5662
f 5499 5662 5661
f 5652 5661 5660
f 5660 5661 5662
f 5499 5661 5497
f 5486 5497 5661
f 5661 5652 5486
f 5488 5652 5660
f 5494 5488 5660
f 5494 5660 5654
f 5654 5633 5494
f 5494 5633 5492
f 5486 5652 5488
f 5639 5180 5642
f 5642 5180 5190
f 5654 5193 5169
f 5636 5639 5637
f 5193 5654 5660
f 5666 5198 5662
f 5676 5680 5517
f 5679 5676 5642
f 5642 5190 5209
f 5679 5642 5209
f 5513 5637 5642
f 5513 5642 5676
f 5515 5513 5676
f 5514 5663 5500
f 5484 5637 5513
f 5666 5667 5672
f 5672 5667 5674
f 5672 5201 5198
f 5198 5666 5672
f 5667 5666 5662
f 5662 5663 5667
f 5197 5660 5662
f 5198 5197 5662
f 5660 5197 5193
f 5517 5515 5676
f 5637 5639 5642
f 5177 5178 5636
f 5639 5178 5180
f 5636 5178 5639
f 5484 5481 5635
f 5635 5636 5637
f 5484 5635 5637
f 5480 5635 5481
f 5635 5634 5174
f 5635 5174 5177
f 5636 5635 5177
f 5480 5478 5634
f 5634 5635 5480
f 5468 5633 5169
f 5464 5468 5169
f 5464 5169 5166
f 5463 5464 5166
f 5166 5161 5463
f 5146 5153 5459
f 5459 5153 5461
f 5680 5679 5681
f 5676 5679 5680
f 5667 5663 5514
f 5147 5638 5685
f 5685 5232 5147
f 5232 5685 5681
f 5681 5231 5232
f 5679 5230 5681
f 5681 5230 5231
f 5679 5209 5230
f 5693 5653 5535
f 5535 5653 5479
f 5535 5512 5665
f 5225 5229 5693
f 5665 5225 5693
f 5535 5665 5693
f 5692 5641 5693
f 5693 5641 5653
f 5222 5692 5229
f 5229 5692 5693
f 5184 5225 5665
f 5687 5212 5201
f 5201 5672 5687
f 5638 5686 5684
f 5684 5685 5638
f 5533 5684 5686
f 5533 5686 5683
f 5532 5533 5683
f 5685 5684 5680
f 5680 5681 5685
f 5680 5684 5517
f 5517 5684 5533
f 5522 5532 5683
f 5683 5682 5522
f 5522 5682 5674
f 5522 5674 5667
f 5520 5522 5667
f 5514 5520 5667
f 5672 5674 5688
f 5688 5687 5672
f 5215 5212 5687
f 5216 5687 5688
f 5691 5640 5692
f 5692 5640 5641
f 5219 5690 5691
f 5222 5219 5691
f 5692 5222 5691
f 5640 5691 5686
f 5686 5638 5640
f 5691 5690 5683
f 5683 5686 5691
f 5217 5689 5690
f 5216 5688 5217
f 5217 5688 5689
f 5682 5683 5689
f 5689 5683 5690
f 5689 5688 5674
f 5674 5682 5689
f 5215 5687 5216
f 5690 5219 5217
f 5385 5401 5398
f 5398 5399 5385
f 5401 4823 5398
f 5399 5398 4822
f 5399 4822 4806
f 5399 4806 5393
f 4823 4822 5398
f 4806 4803 5393
f 5241 5237 5401
f 5401 5385 5241
f 5167 5361 5356
f 5361 4758 5355
f 5361 5355 5356
f 5576 5749 5747
f 5748 5749 5719
f 5719 5749 5726
f 5745 5748 5711
f 5711 5748 5719
f 5749 5748 5746
f 5746 5747 5749
f 5748 5745 5741
f 5741 5746 5748
f 5576 5747 5575
f 5747 5746 5575
f 5575 5746 5573
f 5573 5746 5741
f 5573 5741 5739
f 5571 5573 5739
f 5739 5732 5571
f 5571 5732 5557
f 5576 5577 5749
f 5567 5744 5745
f 5577 5750 5749
f 5578 5278 5750
f 5698 5700 5281
f 5698 5281 5280
f 5698 5280 5694
f 5238 5281 5700
f 5280 5233 5694
f 5750 5278 5279
f 5253 5726 5749
f 5749 5750 5279
f 5253 5749 5279
f 5578 5277 5278
f 5577 5578 5750
f 5570 5567 5745
f 5743 5744 5565
f 5276 5275 5738
f 5273 5274 5733
f 5733 5274 5736
f 5239 5273 5710
f 5710 5273 5733
f 5555 5557 5732
f 5732 5731 5555
f 5553 5555 5731
f 5731 5727 5553
f 5267 5729 5731
f 5270 5267 5731
f 5732 5270 5731
f 5267 5265 5729
f 5731 5729 5725
f 5725 5727 5731
f 5729 5265 5264
f 5264 5725 5729
f 5739 5270 5732
f 5570 5745 5711
f 5739 5275 5270
f 5740 5276 5738
f 5565 5744 5567
f 5745 5744 5740
f 5740 5741 5745
f 5744 5743 5736
f 5736 5740 5744
f 5565 5564 5742
f 5742 5743 5565
f 5564 5549 5720
f 5720 5742 5564
f 5743 5742 5733
f 5733 5736 5743
f 5710 5733 5720
f 5720 5733 5742
f 5741 5740 5738
f 5738 5739 5741
f 5736 5274 5276
f 5740 5736 5276
f 5739 5738 5275
f 5727 5725 5722
f 5722 5724 5727
f 5264 5722 5725
f 5235 5234 5696
f 5240 5239 5710
f 5243 5242 5714
f 5234 5244 5696
f 5724 5722 5249
f 5724 5249 5258
f 5724 5258 5723
f 5251 5249 5722
f 5550 5709 5717
f 5550 5717 5720
f 5549 5550 5720
f 5709 5708 5714
f 5714 5717 5709
f 5720 5717 5247
f 5720 5247 5240
f 5720 5240 5710
f 5242 5247 5714
f 5714 5247 5717
f 5706 5244 5243
f 5708 5706 5243
f 5708 5243 5714
f 5696 5244 5706
f 5251 5722 5264
f 5992 5457 5458
f 5992 5991 5456
f 5456 5457 5992
f 5991 5990 5455
f 5455 5456 5991
f 5453 5455 5989
f 5989 5455 5990
f 5454 5453 5989
f 5268 4841 4842
f 5268 4842 5389
f 5250 5268 5389
f 5400 4834 4839
f 5268 5266 5400
f 5268 5400 4839
f 5268 4839 4841
f 5396 4836 4830
f 5259 4833 4834
f 5262 5259 4834
f 5262 4834 5400
f 5262 5400 5266
f 5259 5255 5396
f 5259 5396 4830
f 5259 4830 4833
f 5250 5389 5252
f 4485 4483 5048
f 4482 4479 5121
f 4882 4689 4684
f 4881 4882 4684
f 4881 4684 4575
f 4925 4754 4880
f 4575 4925 4880
f 4881 4575 4880
f 4879 4752 4917
f 4879 4917 4911
f 4879 4911 4798
f 4744 4915 4876
f 4882 5036 4689
f 5048 4483 5046
f 5036 5119 4689
f 4878 4687 5120
f 4482 5121 5119
f 4483 4482 5119
f 5046 4483 5119
f 5044 5046 5119
f 5044 5119 5036
f 5120 5121 4479
f 5120 4479 4471
f 5040 5120 4471
f 5033 5040 4471
f 5120 4690 5121
f 5121 4690 5119
f 4878 5120 5040
f 4876 4915 4576
f 4877 4876 4576
f 4877 4576 4687
f 4878 4877 4687
f 4687 4690 5120
f 5119 4690 4689
f 5223 4879 5221
f 4879 4798 5348
f 5221 4879 5348
f 5220 5221 5348
f 5220 5348 5194
f 5218 5328 5146
f 5218 5214 5352
f 5218 5352 4744
f 4744 4876 5328
f 5218 4744 5328
f 5213 5352 5214
f 5352 4738 4744
f 5211 5350 4736
f 5211 4736 4738
f 5211 4738 5352
f 5213 5211 5352
f 5350 4734 4736
f 4752 4879 5223
f 5210 5350 5211
f 4754 4752 5223
f 5226 4754 5224
f 4882 4881 5228
f 5228 4881 5227
f 5226 5227 4881
f 4881 4880 5226
f 4880 4754 5226
f 5223 5224 4754
f 5210 5208 4732
f 5210 4732 5350
f 5187 4779 5345
f 5185 5187 5345
f 5185 5345 5183
f 4779 4774 5345
f 5176 5183 5345
f 5345 4774 4771
f 5176 5345 4771
f 5179 5173 4769
f 4769 4773 5179
f 5158 5176 4771
f 4771 4753 5158
f 4766 4769 5171
f 5171 4769 5173
f 5171 5162 4763
f 4763 4766 5171
f 4756 4763 5160
f 5160 4763 5162
f 5187 4781 4779
f 4732 4734 5350
f 5187 5346 4781
f 5188 5346 5187
f 4729 4732 5207
f 5207 4732 5208
f 5207 5204 4726
f 4726 4729 5207
f 4800 4726 5202
f 5202 4726 5204
f 5202 5199 4799
f 4799 4800 5202
f 4773 4799 5179
f 5179 4799 5199
f 4798 4797 5348
f 5191 5194 5348
f 5348 4797 4794
f 5191 5348 4794
f 5188 5191 4794
f 4794 4788 5346
f 5188 4794 5346
f 4788 4781 5346
f 5160 5145 4725
f 4725 4756 5160
f 4753 4751 5158
f 5158 4751 5157
f 4751 4749 5339
f 5157 4751 5339
f 5156 5157 5339
f 5156 5339 5154
f 4749 4748 5339
f 5339 4748 4747
f 5154 5339 4747
f 5152 5154 4747
f 5152 4747 5338
f 4722 5327 4747
f 4747 5327 5338
f 5152 5338 5151
f 5338 5327 5151
f 5151 5327 5141
f 5044 5036 5632
f 5040 5033 5761
f 5761 5033 5763
f 5761 5461 5153
f 5153 4878 5040
f 5761 5153 5040
f 5036 4882 5228
f 5632 5036 5228
f 5544 5632 5228
f 5632 5760 5044
f 5777 5724 5723
f 5553 5727 5724
f 5777 5553 5724
f 5617 5310 5618
f 5617 5616 5308
f 5308 5309 5617
f 5606 5756 5614
f 5613 5755 5615
f 5756 5301 5307
f 5756 5307 5755
f 5614 5756 5755
f 5613 5614 5755
f 5306 5305 5611
f 5611 5305 5609
f 5608 5757 5607
f 5305 5304 5757
f 5609 5305 5757
f 5608 5609 5757
f 5757 5303 5302
f 5757 5302 5756
f 5309 5310 5617
f 5622 5312 5623
f 5310 5311 5622
f 5759 5322 5326
f 5631 5759 5326
f 5631 5326 5277
f 5578 5631 5277
f 5758 5321 5322
f 5628 5758 5322
f 5630 5628 5322
f 5630 5322 5759
f 5630 5759 5631
f 5627 5758 5628
f 5624 5626 5318
f 5318 5314 5624
f 5626 5602 5296
f 5296 5318 5626
f 5625 5624 5314
f 5314 5316 5625
f 5622 5618 5310
f 5311 5312 5622
f 5607 5757 5756
f 5606 5607 5756
f 5302 5301 5756
f 5596 5593 5752
f 5596 5752 5288
f 5596 5288 5289
f 5594 5753 5595
f 5592 5752 5593
f 5752 5287 5288
f 5592 5591 5286
f 5592 5286 5287
f 5592 5287 5752
f 5285 5286 5590
f 5590 5286 5591
f 5589 5751 5587
f 5283 5284 5586
f 5586 5284 5588
f 5586 5587 5751
f 5586 5751 5282
f 5586 5282 5283
f 5594 5596 5753
f 5596 5289 5753
f 5598 5291 5597
f 5599 5605 5300
f 5300 5293 5599
f 5753 5290 5297
f 5298 5299 5603
f 5603 5299 5604
f 5299 5300 5604
f 5604 5300 5605
f 5603 5595 5753
f 5753 5297 5298
f 5603 5753 5298
f 5601 5600 5294
f 5294 5295 5601
f 5295 5296 5601
f 5601 5296 5602
f 5293 5294 5599
f 5599 5294 5600
f 5292 5291 5598
f 5289 5290 5753
f 5304 5303 5757
f 5167 5165 5649
f 5167 5649 5651
f 5648 5167 5651
f 5164 5646 5165
f 5165 5646 5649
f 5651 5649 5474
f 5474 5649 5473
f 5471 5473 5649
f 5471 5649 5646
f 5471 5646 5644
f 5656 5651 5474
f 5474 5475 5656
f 5651 5656 5648
f 4566 4674 4383
f 4566 4383 4384
f 4571 4566 4384
f 4563 4674 4566
f 4674 4382 4383
f 4354 4382 4674
f 4561 4354 4674
f 4563 4561 4674
f 4437 4438 4644
f 4644 4438 4645
f 4410 4437 4637
f 4637 4437 4644
f 4637 4635 4405
f 4405 4410 4637
f 4705 4401 4405
f 4627 4705 4405
f 4635 4627 4405
f 4403 4401 4705
f 4375 4374 4686
f 4374 4370 4683
f 4600 4686 4683
f 4600 4683 4681
f 4598 4600 4681
f 4598 4681 4596
f 4683 4370 4369
f 4369 4681 4683
f 4594 4596 4681
f 4594 4681 4369
f 4594 4369 4368
f 4594 4368 4680
f 4368 4366 4680
f 4374 4683 4686
f 4407 4409 4463
f 4463 4284 4288
f 4407 4463 4288
f 4279 4274 4396
f 4396 4274 4393
f 4396 4399 4283
f 4283 4279 4396
f 4391 4393 4274
f 4274 4271 4391
f 4288 4283 4407
f 4407 4283 4399
f 4413 4463 4409
f 4470 4129 4472
f 4142 4002 4241
f 4480 4142 4241
f 4361 4480 4241
f 4138 4142 4477
f 4477 4142 4480
f 4477 4476 4136
f 4136 4138 4477
f 4133 4136 4474
f 4474 4136 4476
f 4474 4472 4129
f 4129 4133 4474
f 4126 4129 4470
f 4923 4564 4926
f 4926 4564 4568
f 4918 4560 4923
f 4923 4560 4564
f 4923 4926 4735
f 4735 4926 4737
f 4735 4733 4918
f 4918 4923 4735
f 4731 4914 4730
f 4737 4926 4739
f 4740 4739 4928
f 4926 4570 4928
f 4941 4934 4582
f 4945 4941 4582
f 4945 4582 4583
f 4745 4743 4931
f 4745 4931 4934
f 4745 4934 4941
f 4742 4931 4743
f 4934 4578 4582
f 4574 4578 4931
f 4931 4578 4934
f 4742 4741 4928
f 4572 4574 4931
f 4928 4572 4931
f 4742 4928 4931
f 4740 4928 4741
f 4928 4570 4572
f 4926 4568 4570
f 4739 4926 4928
f 4745 4941 4746
f 4941 4945 4750
f 4750 4746 4941
f 4583 4584 4950
f 4755 4959 4801
f 4801 4959 4594
f 4796 4801 4594
f 4796 4594 4613
f 4796 4613 4964
f 4613 4612 4964
f 4791 4796 4964
f 4964 4962 4791
f 4964 4612 4611
f 4611 4962 4964
f 4772 4954 4767
f 4592 4954 4595
f 4595 4954 4955
f 4767 4954 4952
f 4765 4767 4952
f 4765 4952 4914
f 4954 4592 4590
f 4590 4952 4954
f 4761 4930 4727
f 4761 4759 4950
f 4761 4950 4588
f 4588 4561 4930
f 4761 4588 4930
f 4945 4950 4750
f 4750 4950 4759
f 4950 4584 4588
f 4950 4945 4583
f 4955 4954 4772
f 4597 4955 4956
f 4595 4955 4597
f 4775 4955 4772
f 4791 4962 4789
f 4789 4962 4611
f 4789 4611 4610
f 4786 4789 4610
f 4786 4610 4961
f 4783 4786 4961
f 4961 4958 4783
f 4610 4608 4961
f 4961 4608 4605
f 4783 4958 4776
f 4765 4914 4731
f 4776 4958 4605
f 4776 4605 4603
f 4776 4603 4956
f 4775 4776 4956
f 4603 4597 4956
f 4956 4955 4775
f 4605 4958 4961
f 5024 5000 4870
f 4870 5000 4846
f 4873 5024 4870
f 4852 5005 4869
f 5015 5017 5011
f 5011 5010 5015
f 5009 5015 5010
f 4862 5009 5010
f 4867 4862 5010
f 5010 5011 5007
f 4865 5010 5007
f 4860 4865 5007
f 4867 5010 4865
f 4863 5009 4862
f 4860 5007 4853
f 4873 5005 5024
f 5005 5013 5024
f 4873 4869 5005
f 5000 5024 5013
f 4875 4999 4847
f 4845 4999 4875
f 5013 5002 5000
f 4802 4966 4969
f 4983 4971 4621
f 4983 4621 4627
f 4983 4627 4966
f 4979 4977 4624
f 4979 4624 4622
f 4979 4622 4971
f 4625 4624 4977
f 4622 4621 4971
f 4970 4968 4616
f 4970 4616 4615
f 4970 4615 4967
f 4618 4616 4968
f 4615 4614 4967
f 4802 4804 4966
f 4804 4983 4966
f 4985 4979 4971
f 4807 4990 4810
f 4809 4985 4805
f 4810 4990 4979
f 4809 4810 4979
f 4809 4979 4985
f 4808 4991 4989
f 4807 4808 4989
f 4807 4989 4990
f 4991 4970 4967
f 4967 4989 4991
f 4990 4989 4977
f 4977 4979 4990
f 4989 4967 4614
f 4989 4614 4625
f 4989 4625 4977
f 4804 4805 4985
f 4985 4983 4804
f 4971 4983 4985
f 4633 4631 4992
f 4631 4640 4993
f 4994 4633 4992
f 4817 4984 4978
f 4815 4817 4978
f 4815 4978 4994
f 4813 4811 4996
f 4996 4997 4813
f 4812 4995 4993
f 4811 4812 4993
f 4811 4993 4996
f 4997 4996 4968
f 4968 4970 4997
f 4993 4640 4618
f 4993 4618 4968
f 4996 4993 4968
f 4995 4994 4992
f 4992 4993 4995
f 4994 4978 4617
f 4994 4617 4633
f 4815 4995 4818
f 4994 4995 4815
f 4803 4984 4817
f 4818 4995 4812
f 4828 4972 4814
f 4993 4992 4631
f 4825 4975 4826
f 4973 4975 4825
f 4824 4802 4969
f 4969 4973 4824
f 4813 4997 4820
f 4819 4991 4808
f 4820 4997 4970
f 4819 4820 4970
f 4819 4970 4991
f 4825 4824 4973
f 6415 6414 6164
f 6165 6415 6164
f 6414 6415 6163
f 6163 6156 6412
f 6414 6163 6412
f 6162 6163 6415
f 6320 6476 6323
f 6323 6476 6477
f 6320 6318 6476
f 6140 6186 6188
f 6174 6186 6176
f 6176 6186 6191
f 5888 5890 6186
f 6186 5890 6188
f 5869 5888 6174
f 6174 5888 6186
f 5884 5882 6182
f 6182 5882 5877
f 5877 6179 6182
f 5873 6176 5877
f 5877 6176 6179
f 5871 6174 5873
f 5873 6174 6176
f 5871 5869 6174
f 6140 6142 6186
f 6142 6191 6186
f 5890 5893 6188
f 6147 6212 6206
f 6147 6206 6146
f 6212 6208 6196
f 6196 6206 6212
f 6179 6196 6182
f 6182 6196 6208
f 6146 6206 6196
f 6142 6146 6196
f 6142 6196 6191
f 6196 6179 6176
f 6176 6191 6196
f 6193 6194 6144
f 6144 6194 6145
f 6188 6193 6140
f 6140 6193 6144
f 5893 5897 6193
f 6193 5897 6194
f 6188 5893 6193
f 6147 6148 6212
f 6148 6216 6212
f 6149 6216 6148
f 6218 6216 6149
f 5924 6232 6233
f 6218 6227 6232
f 6232 6227 6233
f 6227 6218 6149
f 6151 6225 6152
f 6150 6219 6221
f 6151 6150 6221
f 6151 6221 6225
f 6150 6145 6194
f 6194 6219 6150
f 5899 5903 6219
f 6219 5903 6221
f 6219 6194 5897
f 5897 5899 6219
f 6149 6153 6227
f 5922 6230 5924
f 5924 6230 6232
f 5922 5918 6230
f 6232 6230 6216
f 6216 6218 6232
f 5918 5912 6212
f 6230 5918 6212
f 6230 6212 6216
f 5907 6208 5912
f 5884 6182 5907
f 5907 6182 6208
f 5912 6208 6212
f 5989 5990 6003
f 6003 5990 6006
f 5462 5460 6003
f 6003 5460 5454
f 5454 5989 6003
f 5879 5990 5991
f 5879 5883 5990
f 5883 6006 5990
f 6009 5465 6006
f 5923 6044 5510
f 5923 5510 6054
f 6044 5498 5509
f 5921 5870 6002
f 6002 6052 5921
f 6002 5508 5507
f 5507 6052 6002
f 5921 6052 5920
f 5920 6052 5507
f 5919 5920 5507
f 5919 5507 5506
f 5919 5506 6049
f 5506 5505 6049
f 5919 6049 5917
f 5917 6049 5505
f 5505 5503 6047
f 5917 5505 6047
f 6044 5509 5510
f 5915 5917 6047
f 5923 5914 6044
f 5923 6054 5925
f 5926 5993 5863
f 5925 6054 5511
f 5926 5925 5511
f 5926 5511 5516
f 5926 5516 5993
f 6054 5510 5511
f 5503 5501 6047
f 5902 5915 6047
f 6047 6024 5902
f 5891 6014 5894
f 6016 6014 5992
f 6016 5992 5458
f 6016 5458 5483
f 5891 5879 5991
f 5891 5991 5992
f 5891 5992 6014
f 5476 5470 6011
f 5887 6011 5470
f 5470 5469 6009
f 5887 5470 6009
f 5885 5887 6009
f 5469 5465 6009
f 5883 5885 6009
f 6009 6006 5883
f 5462 6003 6006
f 5465 5462 6006
f 6014 6016 5895
f 5895 5894 6014
f 6016 5483 5485
f 5896 6016 6020
f 6047 5501 5496
f 5496 6024 6047
f 5911 6044 5914
f 5911 5910 6020
f 6020 5495 5498
f 6020 5498 6044
f 5911 6020 6044
f 5896 6020 5910
f 5902 6024 5900
f 5898 5900 5496
f 5898 5496 5476
f 5898 5476 6011
f 5898 6011 5887
f 6020 5489 5495
f 5896 5895 6016
f 6016 5485 5489
f 6016 5489 6020
f 5900 6024 5496
f 6117 5624 5625
f 5967 6117 5625
f 5971 5967 5625
f 5971 5625 6118
f 5971 6118 5973
f 5967 5965 6116
f 6116 6117 5967
f 6111 5618 5622
f 6111 5622 5623
f 6111 5623 6112
f 5960 6111 6112
f 5961 5960 6112
f 5618 6111 6110
f 6110 5617 5618
f 5960 5958 6110
f 6110 6111 5960
f 6116 5602 5626
f 5626 6117 6116
f 6117 5626 5624
f 6277 5967 5971
f 5973 6279 6276
f 6276 6277 5971
f 5973 6276 5971
f 5967 6277 6275
f 6275 5965 5967
f 6273 6275 6276
f 6276 6275 6277
f 6271 5960 5961
f 5960 6271 6268
f 6268 5958 5960
f 6306 5767 6308
f 5762 5765 6304
f 6304 5765 6306
f 5765 5767 6306
f 5767 5768 6310
f 5768 5770 6313
f 6335 6330 6377
f 6377 5792 5791
f 6335 6377 5791
f 6333 6377 6330
f 6325 6327 5788
f 5788 5785 6325
f 6036 5774 5478
f 5774 6036 6032
f 5772 5774 6032
f 6314 5772 6032
f 6314 6032 5908
f 6316 6314 5908
f 6316 5908 6226
f 6316 6226 6141
f 6314 6313 5770
f 5770 5772 6314
f 6313 6310 5768
f 6310 6308 5767
f 6333 5776 6377
f 5776 5795 6377
f 5795 5792 6377
f 6359 6402 6360
f 6358 6373 6323
f 6395 5827 5807
f 6390 5801 5823
f 6401 5824 5826
f 5827 6395 6391
f 6391 6401 5826
f 5827 6391 5826
f 5824 6401 6387
f 6387 6390 5823
f 5824 6387 5823
f 6383 6387 6391
f 6391 6387 6401
f 6357 5819 5821
f 6351 6357 5821
f 6351 5821 6399
f 6356 6355 5812
f 6358 6375 6373
f 5812 5818 6356
f 6358 6361 6375
f 6361 6360 6403
f 6091 5631 5578
f 6403 5831 5627
f 6403 5627 5628
f 6403 5628 5630
f 6375 6403 5630
f 6091 6375 5630
f 5631 6091 5630
f 6402 5835 5829
f 6399 5836 5833
f 6352 6399 5833
f 6362 6352 5833
f 6362 5833 5835
f 6362 5835 6402
f 6359 6362 6402
f 6402 5829 5831
f 6402 5831 6403
f 6360 6402 6403
f 6361 6403 6375
f 5818 5819 6356
f 6356 5819 6357
f 6400 5815 5811
f 6343 6341 6389
f 6343 6389 6393
f 6391 6389 6382
f 6382 6383 6391
f 6386 5803 5789
f 6386 5789 6382
f 6389 6386 6382
f 6339 5805 5804
f 6339 5804 6386
f 6341 6339 6386
f 6339 6325 5785
f 5785 5805 6339
f 5804 5803 6386
f 6327 6337 5802
f 5802 5788 6327
f 6337 6335 5791
f 5791 5802 6337
f 6341 6386 6389
f 6393 6391 6395
f 6389 6391 6393
f 6393 6397 6344
f 6398 5809 5814
f 6398 5814 5815
f 6346 6398 5815
f 6353 6346 5815
f 6353 5815 6400
f 6355 6354 6400
f 6355 6400 5811
f 6355 5811 5812
f 6333 6321 5776
f 6353 6400 6354
f 5809 6398 6397
f 6397 5808 5809
f 6346 6344 6397
f 6397 6398 6346
f 6397 6393 6395
f 6397 6395 5807
f 5808 6397 5807
f 6344 6343 6393
f 6351 6399 6352
f 3227 3245 3196
f 2468 2470 3216
f 3216 2470 3219
f 2472 2242 2688
f 3222 2472 2688
f 3016 3222 3149
f 3181 3178 2450
f 2450 2451 3234
f 3181 2450 3234
f 2433 2450 3175
f 3175 2450 3178
f 2432 2433 3173
f 3173 2433 3175
f 3173 3158 2429
f 2429 2432 3173
f 3181 3234 3184
f 3222 2688 3149
f 3234 2451 2459
f 2939 2752 2596
f 3222 3219 2470
f 2470 2472 3222
f 3200 3243 3212
f 3243 2464 2468
f 3212 3243 2468
f 3216 3212 2468
f 3200 3196 3245
f 3200 3245 2466
f 2466 2462 3243
f 3200 2466 3243
f 3243 2462 2464
f 2452 2456 3188
f 3188 2456 3191
f 2459 2116 2752
f 3234 2459 2752
f 3184 3234 2752
f 2939 3184 2752
f 2939 2596 3093
f 2599 2602 2925
f 2925 2602 2926
f 2925 2923 2597
f 2597 2599 2925
f 2923 2921 2595
f 2595 2597 2923
f 2593 2595 2916
f 2916 2595 2921
f 2916 2892 2546
f 2546 2593 2916
f 2905 2909 2585
f 2585 2583 2905
f 2903 2905 2583
f 2583 2581 3082
f 2903 2583 3082
f 2903 3082 2900
f 2581 2579 3082
f 2602 2604 2927
f 2927 2926 2602
f 2927 2608 3088
f 2927 2604 2608
f 2928 2927 3088
f 2898 2900 3082
f 2579 2576 3079
f 2898 3082 3079
f 2898 3079 2897
f 2576 2573 3079
f 2891 2897 3079
f 2891 3079 2573
f 2891 2573 2558
f 2891 2558 2557
f 2891 2557 3077
f 2888 2891 3077
f 2557 2550 3077
f 2888 3077 2883
f 2883 3077 2550
f 2880 2883 2550
f 2880 2550 2547
f 2880 2547 3076
f 2878 2880 3076
f 3076 3073 2878
f 3082 2579 3079
f 3352 3351 2983
f 2991 2978 3446
f 3370 2991 3446
f 3357 3444 3363
f 2988 2989 3365
f 3365 2989 3369
f 2989 2991 3369
f 3369 2991 3370
f 3444 2981 2988
f 3363 3444 2988
f 3365 3363 2988
f 2985 2980 3444
f 3352 2985 3444
f 3357 3352 3444
f 2962 2983 3354
f 3354 2983 3351
f 2983 2985 3352
f 2567 2120 2123
f 2724 2104 2120
f 2555 2562 2117
f 2117 2114 2555
f 2555 2114 2113
f 2553 2555 2113
f 2553 2113 2716
f 2540 2553 2716
f 2540 2716 2108
f 2540 2108 2110
f 2717 2724 2537
f 2537 2724 2541
f 2110 2107 2715
f 2540 2110 2715
f 2537 2540 2715
f 2537 2715 2717
f 2109 2108 2716
f 2567 2724 2120
f 2107 2099 2715
f 2567 2541 2724
f 2570 2567 2123
f 2588 2590 2727
f 2727 2721 2743
f 2588 2727 2743
f 2588 2743 2586
f 2112 2106 2721
f 2721 2106 2743
f 2584 2586 2743
f 2743 2106 2101
f 2584 2743 2101
f 2584 2101 2732
f 2101 2100 2732
f 2584 2732 2582
f 2582 2732 2100
f 2577 2582 2100
f 2577 2100 2246
f 2577 2246 2729
f 2577 2729 2575
f 2123 2128 2570
f 2733 2727 2590
f 2590 2592 2733
f 2594 2733 2592
f 2746 2733 2594
f 2759 2758 2125
f 2130 2759 2125
f 2756 2122 2758
f 2758 2122 2125
f 2601 2600 2758
f 2758 2759 2601
f 2756 2758 2598
f 2598 2758 2600
f 2755 2119 2756
f 2756 2119 2122
f 2755 2118 2119
f 2752 2755 2756
f 2596 2752 2756
f 2598 2596 2756
f 2118 2755 2752
f 2752 2116 2118
f 2552 2746 2594
f 2130 2736 2759
f 2759 2761 2603
f 2603 2601 2759
f 2761 2762 2605
f 2736 2130 2133
f 2609 2751 2530
f 2607 2769 2747
f 2609 2607 2747
f 2609 2747 2751
f 2769 2762 2747
f 2606 2769 2607
f 2762 2769 2605
f 2605 2769 2606
f 2762 2761 2741
f 2741 2761 2738
f 2761 2759 2738
f 2738 2759 2736
f 2605 2603 2761
f 2747 2762 2741
f 2182 2177 2385
f 2180 2178 2385
f 2385 2384 2387
f 2180 2385 2387
f 2387 2384 1897
f 2387 1897 1876
f 2371 2387 1876
f 1901 1895 2385
f 2385 1895 2384
f 2384 1895 1897
f 2174 2374 2176
f 2176 2374 1890
f 2176 1890 1894
f 2177 2176 1894
f 2382 1892 1886
f 2173 2382 1886
f 2174 2173 1886
f 2177 1901 2385
f 2174 1886 2374
f 2177 1894 1901
f 2388 1880 1906
f 2199 2388 2185
f 2180 2387 2197
f 2199 2197 2387
f 2199 2387 2371
f 2199 2371 2388
f 1913 1911 2192
f 2192 1911 2187
f 1910 1913 2184
f 2184 1913 2192
f 2191 2187 1911
f 1911 1903 2191
f 2388 1906 1908
f 2185 2388 1908
f 2183 2185 1908
f 2184 2183 1908
f 1908 1910 2184
f 2371 1880 2388
f 2182 2385 2178
f 2374 1886 1890
f 2371 1876 1880
f 2060 1444 1712
f 1712 2394 2395
f 2060 1712 2395
f 2060 2395 1896
f 2060 1896 2038
f 2236 1930 1931
f 2231 2417 2233
f 2415 1929 1925
f 1929 2415 2413
f 2413 1928 1929
f 1928 2413 2411
f 2411 1927 1928
f 2411 1924 1927
f 1926 2416 2414
f 2414 2415 1925
f 1926 2414 1925
f 2228 2225 2414
f 2414 2416 2228
f 2412 2413 2414
f 2414 2413 2415
f 2224 2409 2412
f 2225 2224 2412
f 2236 2417 1930
f 2225 2412 2414
f 2236 2233 2417
f 2231 2228 1933
f 2245 2382 2173
f 2243 2421 2244
f 2245 2244 2421
f 2245 2421 2398
f 2245 2398 2382
f 2423 1935 1934
f 2423 1934 2421
f 2242 2423 2421
f 2243 2242 2421
f 2398 2421 1934
f 1934 1914 2398
f 2237 2418 2238
f 2230 2418 2237
f 2417 1933 1930
f 2416 1926 1932
f 2416 1932 1933
f 2228 2416 1933
f 2231 1933 2417
f 2224 2221 2408
f 2408 2409 2224
f 2221 2214 2407
f 2407 2408 2221
f 2410 2411 2412
f 2412 2411 2413
f 2406 2410 2409
f 2409 2410 2412
f 2411 2410 1923
f 1923 1924 2411
f 2410 2406 1919
f 1919 1923 2410
f 2408 1920 2406
f 2409 2408 2406
f 2408 2407 1916
f 1916 1922 2408
f 1920 1919 2406
f 2408 1922 1920
f 2781 2208 2211
f 2210 2209 2798
f 2210 2798 2791
f 2791 2189 2210
f 2615 2639 2798
f 2615 2798 2209
f 2209 2208 2781
f 2615 2209 2781
f 2639 2626 2791
f 2791 2798 2639
f 2205 2201 2792
f 2188 2203 2785
f 2205 2792 2789
f 2789 2202 2205
f 2631 2619 2785
f 2631 2785 2203
f 2203 2202 2789
f 2211 2787 2781
f 2631 2203 2789
f 2211 2195 2787
f 2640 2638 2797
f 2803 2176 2177
f 2644 2643 2173
f 2173 2174 2644
f 2175 2172 2802
f 2175 2802 2800
f 2800 2170 2175
f 2802 2172 2171
f 2171 2801 2802
f 2642 2641 2800
f 2800 2802 2801
f 2642 2800 2801
f 2170 2800 2799
f 2799 2169 2170
f 2797 2168 2799
f 2799 2168 2169
f 2799 2800 2640
f 2640 2800 2641
f 2797 2799 2640
f 2168 2797 2794
f 2794 2198 2168
f 2635 2632 2792
f 2635 2792 2201
f 2201 2198 2794
f 2635 2201 2794
f 2638 2634 2794
f 2794 2797 2638
f 2635 2794 2634
f 2789 2792 2630
f 2630 2792 2632
f 2645 2174 2803
f 2631 2789 2630
f 2627 2629 2195
f 2195 2188 2785
f 2627 2195 2785
f 2781 2787 2613
f 2613 2787 2629
f 2627 2785 2619
f 2615 2781 2613
f 2629 2787 2195
f 2174 2176 2803
f 2178 2180 2628
f 2182 2178 2648
f 2648 2178 2646
f 2645 2803 2647
f 2648 2647 2803
f 2803 2177 2182
f 2648 2803 2182
f 2628 2646 2178
f 2645 2644 2174
f 3723 3684 4126
f 4175 4172 3721
f 3721 3723 4175
f 3720 3721 4169
f 4169 3721 4172
f 3718 3720 4166
f 4166 3720 4169
f 4166 4155 3717
f 3717 3718 4166
f 3714 3717 4153
f 4153 3717 4155
f 4153 4145 3700
f 3700 3714 4153
f 4148 4151 3711
f 3711 3706 4148
f 3706 3702 4148
f 4148 3702 4146
f 4126 4175 3723
f 4144 4146 3702
f 3724 3711 4151
f 4182 3724 4179
f 4194 4196 3739
f 3739 3737 4194
f 3737 3735 4194
f 4194 3735 4192
f 3735 3733 4192
f 4192 3733 4191
f 4189 4191 3733
f 3733 3732 4189
f 3732 3731 4189
f 4189 3731 4188
f 4187 4188 3731
f 3731 3730 4187
f 3730 3728 4187
f 4187 3728 4184
f 4182 4184 3728
f 3728 3726 4182
f 3726 3724 4182
f 4151 4179 3724
f 4196 3814 3739
f 3702 3698 4144
f 4134 3700 4145
f 4123 3505 3507
f 4123 4122 3505
f 3689 3700 4134
f 4122 3503 3505
f 4123 3508 4125
f 3698 3697 4144
f 4144 3697 4143
f 4141 4143 3697
f 3697 3695 4141
f 4140 4141 3695
f 3695 3694 4140
f 3694 3692 4140
f 4140 3692 4137
f 4134 4132 3688
f 3688 3689 4134
f 3685 3688 4130
f 4130 3688 4132
f 4130 4127 3682
f 3682 3685 4130
f 4127 4125 3508
f 3508 3682 4127
f 3507 3508 4123
f 4122 3501 3503
f 3814 3511 3739
f 4196 3974 3814
f 4149 3703 4147
f 4200 3771 4201
f 4202 4201 3771
f 3771 3772 4202
f 4200 4199 4211
f 4211 3769 3770
f 4200 4211 3770
f 4211 3768 3769
f 3767 3736 4198
f 4198 3736 4167
f 4198 4197 3766
f 3766 3767 4198
f 4209 3746 3763
f 4195 4193 3764
f 3764 3765 4195
f 4197 4195 3765
f 3765 3766 4197
f 4193 4161 4209
f 3770 3771 4200
f 4193 4209 3763
f 4067 4202 3909
f 3772 3619 3909
f 4203 4211 4199
f 3761 3768 4211
f 4190 3761 4211
f 4203 4190 4211
f 4202 3772 3909
f 4193 3763 3764
f 3754 3756 4178
f 4178 3756 4180
f 3727 3725 4163
f 4163 3725 4162
f 4150 4159 3722
f 3722 3719 4150
f 4149 4154 3712
f 3712 3707 4149
f 4157 4160 3716
f 3716 3713 4157
f 4160 4027 4103
f 4160 4103 3863
f 3863 3562 3716
f 4160 3863 3716
f 3713 3712 4157
f 4157 3712 4154
f 3703 3710 4147
f 4147 3710 4152
f 3707 3703 4149
f 3736 3740 4170
f 4170 4167 3736
f 4174 3743 4173
f 3745 3743 4174
f 3758 3759 4181
f 4181 3759 4183
f 4190 4183 3759
f 3759 3761 4190
f 4181 4180 3756
f 3756 3758 4181
f 4176 4207 4177
f 4178 4177 4207
f 4207 3752 3754
f 4176 4170 3740
f 3740 3750 4207
f 4176 3740 4207
f 4207 3750 3752
f 4174 4152 3710
f 3710 3745 4174
f 4165 4173 3743
f 3743 3747 4165
f 4178 4207 3754
f 3902 3896 4106
f 4073 3913 3915
f 4073 3915 4119
f 4064 4073 4119
f 4073 4072 3912
f 3912 3913 4073
f 4006 3807 4005
f 4003 4005 3807
f 3807 3806 4003
f 4001 4003 3806
f 3806 3805 4081
f 4001 3806 4081
f 3805 3804 4081
f 4001 4081 3999
f 3986 3999 4081
f 3986 4081 3804
f 3986 3804 3800
f 3810 3807 4006
f 3812 3810 4006
f 4026 3858 4103
f 4027 4026 4103
f 4026 4022 3853
f 3853 3858 4026
f 3857 3854 4024
f 4024 3854 4023
f 4024 4025 4102
f 4102 3855 3857
f 4024 4102 3857
f 4022 4023 3854
f 3854 3853 4022
f 3858 3861 4103
f 4103 3861 3863
f 4048 4036 3867
f 3867 3887 4048
f 4366 4368 4245
f 4368 4255 4245
f 4375 4455 4374
f 4455 4259 4258
f 4455 4258 4453
f 4374 4455 4453
f 4370 4374 4453
f 4258 4257 4453
f 4453 4451 4370
f 4370 4451 4369
f 4453 4257 4255
f 4255 4451 4453
f 4369 4451 4368
f 4368 4451 4255
f 4267 4264 4047
f 4047 4041 4267
f 4329 4039 4044
f 4263 4262 4045
f 4045 4046 4263
f 4293 4296 4334
f 4295 4292 4043
f 4043 4056 4295
f 4056 4057 4295
f 4295 4057 4296
f 4293 4334 4294
f 4296 4057 4334
f 4046 4047 4263
f 4329 4044 4045
f 4263 4047 4264
f 4261 4329 4045
f 4262 4261 4045
f 4057 4058 4334
f 4297 4334 4060
f 4334 4059 4060
f 4334 4058 4059
f 4298 4297 4060
f 4060 4061 4298
f 4061 4062 4298
f 4298 4062 4299
f 4297 4294 4334
f 3277 3275 3643
f 3481 3485 3643
f 3643 3641 3481
f 3643 3275 3272
f 3272 3641 3643
f 3481 3641 3638
f 3459 3481 3638
f 3459 3638 3625
f 3641 3272 3271
f 3271 3631 3638
f 3641 3271 3638
f 3625 3638 3623
f 3623 3624 3625
f 3622 3623 3631
f 3631 3623 3638
f 3271 3268 3631
f 3631 3268 3249
f 3485 3259 3643
f 3249 3622 3631
f 3259 3277 3643
f 3485 3474 3259
f 3957 3960 3964
f 3960 3608 3602
f 3962 3960 3602
f 3962 3602 3956
f 3960 3957 3604
f 3604 3608 3960
f 3959 3953 3606
f 3959 3606 3605
f 3959 3605 3957
f 3607 3606 3953
f 3605 3604 3957
f 3956 3601 3603
f 3602 3601 3956
f 3955 3600 3599
f 3955 3599 3954
f 3902 3955 3954
f 3896 3902 3954
f 3964 3959 3957
f 3589 3600 3955
f 3964 3962 3965
f 3960 3962 3964
f 3599 3598 3954
f 3596 3597 3913
f 3913 3597 3915
f 3913 3912 3595
f 3595 3596 3913
f 3802 3801 3475
f 3475 3500 3802
f 3498 3497 3922
f 3920 3922 3497
f 3497 3492 3920
f 3920 3492 3493
f 3491 3488 3800
f 3800 3488 3799
f 3798 3799 3488
f 3488 3486 3798
f 3796 3798 3486
f 3486 3484 3796
f 3484 3482 3796
f 3796 3482 3795
f 3794 3795 3482
f 3482 3480 3794
f 3792 3794 3480
f 3802 3502 3803
f 3480 3479 3792
f 3500 3502 3802
f 3809 3803 3502
f 3509 3510 3821
f 3821 3510 3824
f 3821 3817 3506
f 3506 3509 3821
f 3504 3506 3809
f 3809 3506 3817
f 3502 3504 3809
f 3479 3477 3792
f 3792 3477 3791
f 6568 6497 6591
f 6497 6496 6591
f 6572 6571 6525
f 6572 6525 6505
f 6572 6505 6594
f 6572 6594 6573
f 6569 6592 6522
f 6571 6569 6522
f 6571 6522 6525
f 6565 6592 6569
f 6568 6591 6560
f 6592 6521 6522
f 6562 6519 6521
f 6562 6521 6592
f 6565 6562 6592
f 6517 6519 6561
f 6561 6519 6562
f 6568 6500 6497
f 6556 6590 6514
f 6568 6577 6500
f 6599 6597 6577
f 6567 6598 6595
f 6563 6596 6512
f 6563 6512 6511
f 6570 6563 6511
f 6567 6595 6564
f 6601 6506 6507
f 6601 6507 6503
f 6503 6599 6601
f 6506 6601 6594
f 6594 6505 6506
f 6573 6594 6601
f 6573 6601 6599
f 6578 6573 6599
f 6501 6597 6503
f 6503 6597 6599
f 6501 6500 6597
f 6577 6578 6599
f 6577 6597 6500
f 6567 6513 6598
f 6561 6556 6514
f 6514 6590 6589
f 6561 6514 6517
f 6589 6498 6514
f 6591 6496 6504
f 6560 6591 6504
f 6559 6560 6504
f 6504 6502 6559
f 6559 6502 6558
f 6557 6558 6502
f 6502 6499 6557
f 6557 6499 6498
f 6557 6498 6589
f 6554 6557 6589
f 6555 6590 6556
f 6589 6590 6553
f 6553 6590 6555
f 6554 6589 6553
f 6567 6511 6513
f 6567 6570 6511
f 6516 6515 6600
f 6605 6533 6528
f 6586 6582 6526
f 6526 6533 6605
f 6586 6526 6605
f 6606 6529 6532
f 6606 6532 6531
f 6531 6604 6606
f 6581 6526 6582
f 6581 6580 6598
f 6598 6523 6524
f 6581 6598 6524
f 6580 6579 6595
f 6595 6598 6580
f 6564 6595 6579
f 6598 6513 6523
f 6518 6512 6596
f 6575 6600 6574
f 6576 6520 6516
f 6575 6576 6516
f 6575 6516 6600
f 6566 6574 6600
f 6566 6600 6515
f 6515 6518 6596
f 6566 6515 6596
f 6524 6526 6581
f 6576 6508 6520
f 6576 6583 6508
f 6583 6602 6508
f 6530 6603 6531
f 6531 6603 6604
f 6530 6527 6603
f 6587 6605 6528
f 6587 6528 6529
f 6588 6587 6529
f 6588 6529 6606
f 6585 6588 6606
f 6606 6604 6585
f 6585 6604 6603
f 6584 6585 6603
f 6584 6603 6602
f 6603 6527 6510
f 6510 6593 6602
f 6603 6510 6602
f 6584 6602 6583
f 6602 6593 6508
f 6586 6605 6587
f 6566 6563 6647
f 6612 6646 6613
f 6642 6646 6622
f 6622 6646 6612
f 6625 6642 6622
f 6543 6449 6436
f 6449 6543 6540
f 6540 6447 6449
f 6447 6540 6539
f 6539 6445 6447
f 6539 6443 6445
f 6534 6420 6417
f 6497 6534 6417
f 6496 6497 6417
f 6422 6420 6534
f 6500 6534 6497
f 6426 6422 6534
f 6542 6441 6443
f 6543 6436 6433
f 6433 6541 6543
f 6430 6537 6433
f 6433 6537 6541
f 6430 6427 6537
f 6540 6543 6541
f 6506 6540 6541
f 6507 6506 6541
f 6541 6537 6507
f 6507 6537 6503
f 6539 6540 6505
f 6505 6540 6506
f 6501 6503 6537
f 6501 6537 6427
f 6501 6427 6426
f 6500 6501 6426
f 6500 6426 6534
f 6542 6443 6539
f 6859 6856 6939
f 6921 6857 6858
f 6920 6921 6858
f 6920 6858 6941
f 6919 6920 6941
f 6941 6940 6919
f 6918 6919 6940
f 6918 6940 6939
f 6918 6939 6938
f 6855 6937 6938
f 6856 6855 6938
f 6939 6856 6938
f 6918 6938 6917
f 6917 6938 6937
f 6917 6937 6935
f 6911 6917 6935
f 6853 6854 6915
f 6860 6939 6940
f 6915 6854 6916
f 6859 6939 6860
f 6941 6861 6860
f 6854 6862 6916
f 6916 6862 6924
f 6942 6863 6864
f 6921 6923 6942
f 6921 6942 6864
f 6921 6864 6857
f 6924 6862 6863
f 6924 6863 6942
f 6922 6924 6942
f 6922 6942 6923
f 6941 6858 6861
f 6860 6940 6941
f 6852 6853 6914
f 6914 6913 6851
f 6843 6842 6935
f 6914 6853 6915
f 6845 6844 6936
f 6936 6844 6846
f 6851 6852 6914
f 6850 6851 6912
f 6912 6851 6913
f 6912 6908 6848
f 6848 6850 6912
f 6910 6911 6935
f 6910 6935 6842
f 6910 6842 6849
f 6909 6936 6906
f 6910 6849 6845
f 6910 6845 6936
f 6909 6910 6936
f 6908 6907 6847
f 6847 6848 6908
f 6846 6847 6905
f 6905 6847 6907
f 6905 6906 6936
f 6905 6936 6846
f 7005 7004 7021
f 7005 7021 6969
f 7005 6969 6970
f 7005 6970 7016
f 7016 7015 7005
f 7005 7015 7001
f 7003 7020 6967
f 7004 7003 6967
f 6967 6968 7021
f 7004 6967 7021
f 7002 7020 7003
f 7020 6966 6967
f 6998 6961 6966
f 7002 6998 6966
f 7002 6966 7020
f 7001 7015 7014
f 7000 7001 7014
f 7021 6968 6971
f 7000 7014 7019
f 7021 6971 6969
f 7014 6965 6964
f 6964 7018 7019
f 7014 6964 7019
f 7019 7017 7000
f 7000 7017 6999
f 6962 6960 7017
f 7018 6962 7017
f 7019 7018 7017
f 6964 6963 7018
f 6963 6962 7018
f 6999 7017 6959
f 6999 6959 6961
f 6960 6959 7017
f 6998 6999 6961
f 6669 6699 6716
f 6717 6669 6716
f 6739 6715 6616
f 6616 6617 6739
f 6713 6615 6616
f 6714 6713 6616
f 6715 6714 6616
f 6711 6710 6614
f 6712 6711 6614
f 6712 6614 6615
f 6713 6712 6615
f 6710 6692 6732
f 6732 6731 6668
f 6732 6668 6680
f 6680 6609 6614
f 6732 6680 6614
f 6710 6732 6614
f 6717 6618 6669
f 6618 6611 6669
f 6717 6750 6618
f 6717 6718 6750
f 6626 6751 6753
f 6624 6753 6752
f 6752 6623 6624
f 6744 6752 6753
f 6741 6744 6753
f 6741 6753 6751
f 6743 6739 6617
f 6617 6623 6752
f 6743 6617 6752
f 6743 6752 6744
f 6621 6620 6751
f 6751 6620 6619
f 6741 6751 6619
f 6740 6741 6619
f 6740 6619 6750
f 6619 6618 6750
f 6740 6750 6718
f 6621 6751 6626
f 6753 6624 6626
f 6841 6820 6757
f 6757 6780 6841
f 6780 6779 6841
f 6841 6779 6840
f 6839 6840 6779
f 6779 6778 6839
f 6778 6777 6839
f 6839 6777 6838
f 6833 6838 6777
f 6777 6769 6833
f 6776 6759 6865
f 6837 6776 6865
f 6818 6837 6865
f 6775 6776 6837
f 6837 6836 6775
f 6774 6775 6835
f 6835 6775 6836
f 6770 6773 6873
f 6771 6774 6834
f 6834 6774 6835
f 6834 6830 6873
f 6834 6873 6773
f 6834 6773 6771
f 6832 6768 6770
f 6832 6770 6873
f 6831 6832 6873
f 6769 6768 6833
f 6833 6768 6832
f 6831 6873 6830
f 6883 6871 6765
f 6744 6883 6765
f 6765 6806 6743
f 6744 6765 6743
f 6741 6740 6883
f 6867 6868 6883
f 6740 6718 6772
f 6883 6740 6772
f 6883 6772 6872
f 6867 6883 6872
f 6824 6867 6872
f 6829 6824 6872
f 6806 6715 6739
f 6883 6868 6871
f 6806 6739 6743
f 6883 6744 6741
