# GF5 hand-only SMPL-X avatar mesh subset
v -0.822237 0.012923 -0.139560 0.83529412 0.64313725 0.62352941
v 0.813090 0.007117 -0.139560 0.59607843 0.47058824 0.46274510
v -0.821543 0.015123 -0.139560 0.85098039 0.64313725 0.62352941
v -0.820231 0.009411 -0.139560 0.85098039 0.68235294 0.68627451
v -0.816422 0.007683 -0.139560 0.79215686 0.62745098 0.62352941
v -0.818454 0.016638 -0.139560 0.85098039 0.62745098 0.60000000
v 0.810025 0.007417 -0.139560 0.61176471 0.48235294 0.47450980
v 0.808209 0.011054 -0.139560 0.63921569 0.48627451 0.47450980
v 0.808558 0.011592 -0.139560 0.66666667 0.49411765 0.48235294
v 0.815835 0.007729 -0.139560 0.58823529 0.46666667 0.45882353
v 0.819532 0.011426 -0.139560 0.57254902 0.45490196 0.45098039
v 0.819568 0.011687 -0.139560 0.57254902 0.42352941 0.42352941
v 0.815490 0.015764 -0.139560 0.70196078 0.47450980 0.46274510
v -0.817414 0.016261 -0.139560 0.86274510 0.63529412 0.60784314
v 0.811575 0.014487 -0.139560 0.74509804 0.52156863 0.50980392
v 0.817636 0.015054 -0.139560 0.67058824 0.45882353 0.45098039
v -0.814137 0.015202 -0.139560 0.92156863 0.67450980 0.65098039
v -0.810649 0.013062 -0.139560 0.92156863 0.67058824 0.66274510
v 0.811352 0.014363 -0.139560 0.74509804 0.52549020 0.51372549
v -0.813934 0.007465 -0.139560 0.73725490 0.59607843 0.59215686
v -0.809993 0.008692 -0.139560 0.79607843 0.61568627 0.61568627
v 0.817259 0.008472 -0.139560 0.57647059 0.46666667 0.45882353
v -0.820795 0.014330 -0.140513 0.89411765 0.65882353 0.65490196
v 0.811399 0.008798 -0.140656 0.56470588 0.48235294 0.48235294
v 0.808657 0.011497 -0.139638 0.65882353 0.49019608 0.47843137
v 0.816918 0.008812 -0.140113 0.56078431 0.47058824 0.46666667
v 0.814156 0.011574 -0.141300 0.60784314 0.43529412 0.42745098
v 0.816918 0.014336 -0.140364 0.64313725 0.42745098 0.42745098
v -0.818040 0.011545 -0.141600 0.89411765 0.69019608 0.68627451
v -0.815261 0.008840 -0.140764 0.80392157 0.63921569 0.63921569
v 0.811402 0.014313 -0.139623 0.74117647 0.52549020 0.50980392
v -0.815345 0.014099 -0.140804 0.92549020 0.68235294 0.66666667
v -0.812599 0.011278 -0.140955 0.91372549 0.67450980 0.66274510
v -0.823047 0.012120 -0.135655 0.81176471 0.63921569 0.60392157
v -0.822204 0.015803 -0.135655 0.83529412 0.65098039 0.61960784
v -0.820860 0.008783 -0.135655 0.78431373 0.60784314 0.58039216
v 0.820392 0.010862 -0.135655 0.58039216 0.46666667 0.45882353
v 0.820590 0.012484 -0.135655 0.58431373 0.45882353 0.44705882
v -0.822032 0.010122 -0.135655 0.79215686 0.61176471 0.58039216
v 0.809547 0.005132 -0.135655 0.61176471 0.49411765 0.48627451
v -0.820043 0.008133 -0.135655 0.77254902 0.59607843 0.56862745
v 0.807799 0.005195 -0.135655 0.62352941 0.50196078 0.49411765
v 0.813895 0.005789 -0.135655 0.60392157 0.48627451 0.47843137
v 0.803278 0.006126 -0.135655 0.60392157 0.49411765 0.49019608
v 0.802798 0.006298 -0.135655 0.60000000 0.49019608 0.49019608
v -0.817403 0.006716 -0.135655 0.76078431 0.60000000 0.58431373
v 0.799782 0.008074 -0.135655 0.55686275 0.45490196 0.47058824
v 0.798387 0.010675 -0.135655 0.61960784 0.48235294 0.46666667
v 0.800836 0.013739 -0.135655 0.74901961 0.56078431 0.52941176
v 0.804841 0.015276 -0.135655 0.82352941 0.60000000 0.57254902
v -0.818538 0.017567 -0.135655 0.84705882 0.64705882 0.61568627
v 0.814204 0.017050 -0.135655 0.68235294 0.48627451 0.47058824
v 0.814085 0.017026 -0.135655 0.73725490 0.52156863 0.50196078
v -0.817454 0.017627 -0.135655 0.86666667 0.65098039 0.62352941
v 0.818580 0.015998 -0.135655 0.61960784 0.46274510 0.45098039
v 0.809446 0.016254 -0.135655 0.78823529 0.56862745 0.54509804
v 0.807368 0.015716 -0.135655 0.82745098 0.60784314 0.58039216
v -0.812856 0.016932 -0.135655 0.85882353 0.65490196 0.62352941
v -0.812800 0.005787 -0.135655 0.74117647 0.58039216 0.56470588
v -0.812159 0.005697 -0.135655 0.73333333 0.57647059 0.56078431
v -0.807197 0.006073 -0.135655 0.74117647 0.58431373 0.57254902
v -0.806737 0.006183 -0.135655 0.73333333 0.58823529 0.56862745
v -0.803256 0.007349 -0.135655 0.72941176 0.58431373 0.56078431
v -0.812445 0.016865 -0.135655 0.87843137 0.67058824 0.64313725
v -0.807512 0.016133 -0.135655 0.90196078 0.69019608 0.67450980
v -0.806687 0.015908 -0.135655 0.90196078 0.69411765 0.67450980
v -0.803169 0.014952 -0.135655 0.89411765 0.69019608 0.66666667
v -0.800000 0.012645 -0.135655 0.86274510 0.65882353 0.63137255
v -0.799961 0.009554 -0.135655 0.72156863 0.58431373 0.57254902
v 0.814294 0.005913 -0.135655 0.60000000 0.48235294 0.47450980
v 0.817945 0.007785 -0.135655 0.58823529 0.47450980 0.46666667
v -0.820776 0.008866 -0.137892 0.80000000 0.62352941 0.60784314
v -0.818057 0.017019 -0.138711 0.85098039 0.64313725 0.61568627
v 0.819680 0.011574 -0.139438 0.57647059 0.45098039 0.44313725
v 0.808638 0.006033 -0.137657 0.60784314 0.49019608 0.48235294
v 0.814156 0.006051 -0.136915 0.60000000 0.47843137 0.47450980
v 0.805893 0.008738 -0.138812 0.56470588 0.49019608 0.49411765
v -0.812646 0.016665 -0.136260 0.89803922 0.65882353 0.63137255
v 0.800388 0.008677 -0.136265 0.56862745 0.47058824 0.48627451
v -0.809935 0.013734 -0.138761 0.91764706 0.67450980 0.67058824
v -0.812510 0.006042 -0.136931 0.76078431 0.59607843 0.58823529
v -0.809829 0.008539 -0.139423 0.78823529 0.61176471 0.61568627
v -0.807153 0.011029 -0.138989 0.86666667 0.66274510 0.66274510
v -0.804333 0.008448 -0.137118 0.69019608 0.58823529 0.55686275
v 0.803151 0.011439 -0.137642 0.65490196 0.50980392 0.48235294
v -0.804432 0.013668 -0.136970 0.88627451 0.68235294 0.65490196
v -0.801599 0.011123 -0.136713 0.82745098 0.64705882 0.62745098
v 0.805905 0.014226 -0.136984 0.79215686 0.58039216 0.54509804
v -0.819544 0.010099 -0.131749 0.76470588 0.57254902 0.52941176
v -0.820427 0.014041 -0.131749 0.77254902 0.59215686 0.54901961
v 0.804066 0.005080 -0.131749 0.64705882 0.52156863 0.51372549
v -0.816388 0.007730 -0.131749 0.74117647 0.57254902 0.54509804
v 0.802354 0.005243 -0.131749 0.61960784 0.49803922 0.49411765
v 0.803553 0.017440 -0.131749 0.83137255 0.61176471 0.58823529
v 0.802689 0.017455 -0.131749 0.82745098 0.61176471 0.58823529
v -0.817354 0.016430 -0.131749 0.80784314 0.61960784 0.58039216
v -0.812994 0.017337 -0.131749 0.83529412 0.64313725 0.61176471
v -0.812664 0.006266 -0.131749 0.70980392 0.55294118 0.52549020
v -0.812379 0.006210 -0.131749 0.69803922 0.54509804 0.51764706
v -0.807328 0.005698 -0.131749 0.67450980 0.53725490 0.50980392
v 0.809371 0.005313 -0.131749 0.62745098 0.50588235 0.49411765
v 0.807718 0.005135 -0.131749 0.63921569 0.51372549 0.50588235
v -0.806655 0.005700 -0.131749 0.65882353 0.52941176 0.49803922
v 0.813620 0.006587 -0.131749 0.62352941 0.49803922 0.49019608
v 0.797736 0.005853 -0.131749 0.60000000 0.47450980 0.47450980
v 0.797519 0.005896 -0.131749 0.56470588 0.44705882 0.44705882
v -0.801676 0.006165 -0.131749 0.73333333 0.58039216 0.54901961
v 0.793666 0.007591 -0.131749 0.50588235 0.39607843 0.40784314
v 0.816842 0.008889 -0.131749 0.60392157 0.48627451 0.47450980
v 0.818396 0.012859 -0.131749 0.58823529 0.47450980 0.45490196
v 0.815684 0.015570 -0.131749 0.67450980 0.48235294 0.46666667
v 0.813315 0.016256 -0.131749 0.81176471 0.59607843 0.55686275
v -0.811915 0.017523 -0.131749 0.85098039 0.65882353 0.62745098
v -0.808472 0.017926 -0.131749 0.86274510 0.67450980 0.64705882
v -0.805542 0.018235 -0.131749 0.88627451 0.68627451 0.66274510
v -0.803158 0.018201 -0.131749 0.89411765 0.69411765 0.66666667
v -0.801231 0.006222 -0.131749 0.74117647 0.59215686 0.56862745
v 0.817190 0.014607 -0.131749 0.54901961 0.41176471 0.41176471
v -0.797204 0.007120 -0.131749 0.69803922 0.56078431 0.54901961
v 0.808670 0.017098 -0.131749 0.81176471 0.59607843 0.56470588
v -0.793852 0.009132 -0.131749 0.63137255 0.52156863 0.52156863
v 0.808606 0.017105 -0.131749 0.81568627 0.60000000 0.56862745
v -0.800148 0.018120 -0.131749 0.91764706 0.70196078 0.67843137
v 0.791605 0.011063 -0.131749 0.62352941 0.49019608 0.48235294
v -0.796428 0.016222 -0.131749 0.89019608 0.66274510 0.64705882
v 0.791672 0.011923 -0.131749 0.68627451 0.53333333 0.51372549
v -0.793380 0.013845 -0.131749 0.83921569 0.63137255 0.61568627
v 0.794232 0.014857 -0.131749 0.78431373 0.58431373 0.55686275
v 0.797784 0.016820 -0.131749 0.83137255 0.62745098 0.59607843
v 0.797229 0.016608 -0.131749 0.82745098 0.62745098 0.59215686
v -0.820776 0.014390 -0.132121 0.82352941 0.69411765 0.65098039
v 0.803140 0.017000 -0.132735 0.84705882 0.62745098 0.60000000
v -0.820776 0.008866 -0.135060 0.78039216 0.59607843 0.56470588
v -0.818032 0.017098 -0.133368 0.83137255 0.64313725 0.60784314
v -0.812494 0.006095 -0.132039 0.71764706 0.56078431 0.53725490
v 0.814156 0.006051 -0.133481 0.60784314 0.49019608 0.47843137
v -0.807026 0.005910 -0.135138 0.70980392 0.56862745 0.54509804
v 0.816918 0.008812 -0.131890 0.59215686 0.48235294 0.46666667
v -0.807185 0.016468 -0.135081 0.88627451 0.68235294 0.65882353
v -0.801647 0.016513 -0.133708 0.90980392 0.69803922 0.67843137
v 0.819680 0.011574 -0.133162 0.56862745 0.48627451 0.46274510
v -0.798876 0.013769 -0.134648 0.88235294 0.66274510 0.63529412
v 0.803131 0.005978 -0.135321 0.61960784 0.50196078 0.49803922
v 0.797607 0.005978 -0.131993 0.56862745 0.45490196 0.45882353
v 0.794853 0.008714 -0.133331 0.55686275 0.44313725 0.44705882
v -0.798788 0.008517 -0.134470 0.73725490 0.58823529 0.57254902
v 0.797631 0.011425 -0.135194 0.64705882 0.49803922 0.47450980
v 0.800396 0.014179 -0.135159 0.76470588 0.56862745 0.53725490
v -0.796059 0.011178 -0.133706 0.79607843 0.60784314 0.60000000
v 0.808642 0.017068 -0.132056 0.81960784 0.60000000 0.57254902
v 0.792079 0.011518 -0.132045 0.65490196 0.50980392 0.49803922
v 0.794856 0.014232 -0.132510 0.76862745 0.56862745 0.54509804
v -0.813565 0.010554 -0.127843 0.74509804 0.56470588 0.51764706
v 0.792100 0.006005 -0.127843 0.52156863 0.41568627 0.42352941
v -0.814351 0.013454 -0.127843 0.77254902 0.58823529 0.54117647
v -0.811860 0.016435 -0.127843 0.83137255 0.70196078 0.67450980
v -0.810251 0.008344 -0.127843 0.69411765 0.53333333 0.50588235
v -0.808529 0.007664 -0.127843 0.67843137 0.52941176 0.50196078
v -0.806116 0.006954 -0.127843 0.78039216 0.59215686 0.55294118
v 0.792061 0.006013 -0.127843 0.51764706 0.41568627 0.42352941
v 0.804140 0.018095 -0.127843 0.88627451 0.65098039 0.63137255
v -0.801748 0.006406 -0.127843 0.76862745 0.61568627 0.58823529
v 0.801586 0.018598 -0.127843 0.80784314 0.58039216 0.57254902
v 0.788316 0.007808 -0.127843 0.53725490 0.45490196 0.44705882
v 0.785739 0.010774 -0.127843 0.65098039 0.50588235 0.49803922
v 0.785394 0.012719 -0.127843 0.71764706 0.54117647 0.52156863
v -0.808323 0.018183 -0.127843 0.85098039 0.68627451 0.65882353
v -0.804613 0.019355 -0.127843 0.87058824 0.69411765 0.66274510
v 0.803152 0.006007 -0.127843 0.67843137 0.54117647 0.53333333
v -0.804048 0.019456 -0.127843 0.89019608 0.69411765 0.66274510
v -0.801196 0.006338 -0.127843 0.78823529 0.63137255 0.60000000
v -0.796260 0.006359 -0.127843 0.70588235 0.56078431 0.54901961
v -0.795447 0.006552 -0.127843 0.67450980 0.53333333 0.51764706
v 0.803058 0.005999 -0.127843 0.66666667 0.53333333 0.52156863
v 0.807626 0.007057 -0.127843 0.69411765 0.55686275 0.54509804
v 0.811078 0.009129 -0.127843 0.67450980 0.53725490 0.52549020
v 0.798069 0.005558 -0.127843 0.66274510 0.52156863 0.50980392
v 0.797112 0.005535 -0.127843 0.58039216 0.45882353 0.45490196
v 0.812475 0.013256 -0.127843 0.61568627 0.47843137 0.47450980
v 0.811566 0.014508 -0.127843 0.60784314 0.43529412 0.41960784
v -0.798937 0.019687 -0.127843 0.88235294 0.69019608 0.65882353
v 0.809773 0.015956 -0.127843 0.68627451 0.50588235 0.47450980
v 0.808230 0.016681 -0.127843 0.75686275 0.56470588 0.52549020
v -0.798640 0.019709 -0.127843 0.88627451 0.68235294 0.65490196
v -0.793348 0.019603 -0.127843 0.88627451 0.67450980 0.64313725
v 0.799288 0.018732 -0.127843 0.81960784 0.60000000 0.58039216
v 0.796036 0.018605 -0.127843 0.82352941 0.61176471 0.58823529
v 0.793339 0.018297 -0.127843 0.86666667 0.65882353 0.63921569
v 0.787665 0.015959 -0.127843 0.81176471 0.59215686 0.56078431
v 0.791099 0.018039 -0.127843 0.85490196 0.64313725 0.62352941
v -0.793237 0.019579 -0.127843 0.88627451 0.67450980 0.64313725
v -0.789604 0.017797 -0.127843 0.87450980 0.66274510 0.64313725
v -0.786873 0.014992 -0.127843 0.82745098 0.60784314 0.58431373
v -0.791984 0.007555 -0.127843 0.60000000 0.48627451 0.47058824
v -0.788546 0.009656 -0.127843 0.55294118 0.47450980 0.47058824
v -0.786738 0.013334 -0.127843 0.69411765 0.53333333 0.51764706
v -0.818014 0.011628 -0.129788 0.78823529 0.58823529 0.54509804
v -0.815253 0.008866 -0.129655 0.70980392 0.54509804 0.51764706
v -0.815258 0.014373 -0.128512 0.78823529 0.60784314 0.56470588
v 0.792077 0.006029 -0.127897 0.51764706 0.41176471 0.42352941
v -0.812545 0.016984 -0.129477 0.82352941 0.64705882 0.61176471
v -0.806982 0.006057 -0.130116 0.71764706 0.55686275 0.51764706
v 0.789307 0.008791 -0.129419 0.55294118 0.45490196 0.45098039
v -0.793233 0.008620 -0.130847 0.52156863 0.46666667 0.47058824
v 0.786541 0.011565 -0.128563 0.66666667 0.50980392 0.50196078
v -0.798804 0.019535 -0.128308 0.90588235 0.68627451 0.65882353
v -0.796116 0.016534 -0.131336 0.89019608 0.66666667 0.65098039
v 0.808633 0.006051 -0.129755 0.65490196 0.52549020 0.51372549
v -0.793280 0.019536 -0.127910 0.88627451 0.67450980 0.64313725
v 0.811395 0.008812 -0.128180 0.64313725 0.51372549 0.50196078
v -0.793303 0.013924 -0.131676 0.85490196 0.63921569 0.61960784
v -0.790459 0.011424 -0.130060 0.67843137 0.55294118 0.54509804
v -0.790504 0.016812 -0.128882 0.86666667 0.65882353 0.63529412
v 0.814156 0.011574 -0.128533 0.63529412 0.49803922 0.49019608
v -0.787694 0.014198 -0.128479 0.81176471 0.60392157 0.57647059
v 0.816918 0.014336 -0.131296 0.52549020 0.38823529 0.39607843
v 0.808637 0.017084 -0.129934 0.80000000 0.58823529 0.55686275
v 0.789309 0.014308 -0.129717 0.77254902 0.56862745 0.54509804
v 0.792082 0.017035 -0.129075 0.83529412 0.62352941 0.60392157
v 0.797616 0.017000 -0.131463 0.82352941 0.61568627 0.58823529
v -0.806749 0.011846 -0.123937 0.76862745 0.56470588 0.52549020
v -0.806428 0.016586 -0.123937 0.89019608 0.73333333 0.69411765
v -0.803898 0.009174 -0.123937 0.69019608 0.52549020 0.49803922
v -0.803359 0.018940 -0.123937 0.86666667 0.69411765 0.65882353
v -0.800025 0.007523 -0.123937 0.74509804 0.60000000 0.59215686
v -0.796695 0.006879 -0.123937 0.80392157 0.63921569 0.61960784
v -0.795220 0.006788 -0.123937 0.82745098 0.63529412 0.61176471
v -0.799500 0.020469 -0.123937 0.86666667 0.69411765 0.65882353
v -0.797370 0.021023 -0.123937 0.87450980 0.69019608 0.65490196
v -0.795127 0.021432 -0.123937 0.87843137 0.67843137 0.64705882
v -0.791255 0.021439 -0.123937 0.87450980 0.65098039 0.61960784
v -0.789775 0.021522 -0.123937 0.88235294 0.65882353 0.63137255
v -0.786415 0.020901 -0.123937 0.88627451 0.66274510 0.64705882
v -0.783020 0.018696 -0.123937 0.88235294 0.65882353 0.63921569
v -0.791313 0.006989 -0.123937 0.87450980 0.63137255 0.58431373
v -0.789104 0.007377 -0.123937 0.86666667 0.61568627 0.56470588
v -0.786918 0.008073 -0.123937 0.81176471 0.58431373 0.54117647
v -0.783580 0.010088 -0.123937 0.69803922 0.53333333 0.50980392
v -0.781298 0.013286 -0.123937 0.70588235 0.52156863 0.50980392
v -0.780931 0.015388 -0.123937 0.81568627 0.59607843 0.58039216
v 0.803038 0.017020 -0.123937 0.69019608 0.46666667 0.49411765
v 0.799292 0.018789 -0.123937 0.81176471 0.58039216 0.56862745
v 0.792266 0.005846 -0.123937 0.71764706 0.54901961 0.54117647
v 0.791902 0.005845 -0.123937 0.70588235 0.54509804 0.53333333
v 0.794846 0.019842 -0.123937 0.81176471 0.59607843 0.57647059
v 0.786951 0.006463 -0.123937 0.60392157 0.49803922 0.48235294
v 0.781147 0.016965 -0.123937 0.83137255 0.62352941 0.58431373
v 0.784221 0.019415 -0.123937 0.86666667 0.65098039 0.63137255
v 0.788979 0.020178 -0.123937 0.87843137 0.67843137 0.64313725
v 0.794814 0.019849 -0.123937 0.81960784 0.60392157 0.58431373
v 0.785778 0.006811 -0.123937 0.61176471 0.51372549 0.49019608
v 0.783113 0.008148 -0.123937 0.63529412 0.50196078 0.49411765
v 0.789633 0.020186 -0.123937 0.84313725 0.63529412 0.60784314
v 0.780456 0.011015 -0.123937 0.68627451 0.52941176 0.52549020
v 0.779537 0.013052 -0.123937 0.73333333 0.56078431 0.53725490
v 0.801353 0.007807 -0.123937 0.75294118 0.59607843 0.57254902
v 0.798137 0.006557 -0.123937 0.76470588 0.60000000 0.56862745
v 0.797293 0.006344 -0.123937 0.76078431 0.59215686 0.56470588
v 0.804406 0.010277 -0.123937 0.75686275 0.60392157 0.58431373
v 0.805577 0.014042 -0.123937 0.67058824 0.54901961 0.52941176
v -0.812495 0.011615 -0.126936 0.76078431 0.57254902 0.52156863
v -0.809736 0.014368 -0.125519 0.76470588 0.57647059 0.52941176
v -0.809729 0.008866 -0.127144 0.72156863 0.55294118 0.51764706
v -0.806967 0.011628 -0.124150 0.75294118 0.55294118 0.50980392
v -0.804205 0.008866 -0.124452 0.71372549 0.55294118 0.52941176
v -0.806981 0.017109 -0.124720 0.85490196 0.71764706 0.68627451
v -0.787746 0.019566 -0.125740 0.88235294 0.66666667 0.64705882
v -0.784972 0.016839 -0.126168 0.84705882 0.62745098 0.61176471
v -0.787645 0.008831 -0.126248 0.67058824 0.51764706 0.49411765
v -0.784913 0.011498 -0.126025 0.64313725 0.49411765 0.47843137
v -0.782169 0.014205 -0.124665 0.80000000 0.58431373 0.56470588
v 0.808633 0.011574 -0.125664 0.79607843 0.64313725 0.61960784
v 0.811395 0.014336 -0.127617 0.62352941 0.48627451 0.48235294
v 0.783777 0.008812 -0.125367 0.63921569 0.50980392 0.50588235
v 0.805871 0.014336 -0.124164 0.72156863 0.54901961 0.53333333
v 0.803111 0.017093 -0.124087 0.69411765 0.47058824 0.49411765
v 0.794834 0.019829 -0.124015 0.83137255 0.61568627 0.59215686
v 0.781015 0.011574 -0.124577 0.67843137 0.52941176 0.51372549
v 0.783777 0.014336 -0.126700 0.78039216 0.58431373 0.55686275
v 0.786541 0.017089 -0.126585 0.83137255 0.60784314 0.58039216
v 0.789305 0.019845 -0.124557 0.87450980 0.67450980 0.64313725
v 0.803109 0.006050 -0.127742 0.70588235 0.56470588 0.54901961
v 0.805871 0.008812 -0.125496 0.72549020 0.58431373 0.56470588
v 0.797607 0.006029 -0.125078 0.70196078 0.53725490 0.50196078
v -0.800849 0.012223 -0.120031 0.74901961 0.54901961 0.51764706
v -0.801096 0.016788 -0.120031 0.91764706 0.72941176 0.67450980
v -0.798040 0.009508 -0.120031 0.65882353 0.50196078 0.49019608
v -0.793955 0.008069 -0.120031 0.73725490 0.57254902 0.54901961
v -0.798484 0.019544 -0.120031 0.87058824 0.72156863 0.68627451
v -0.795078 0.021682 -0.120031 0.88235294 0.70196078 0.67058824
v -0.790925 0.022882 -0.120031 0.88627451 0.70196078 0.67450980
v -0.789878 0.023041 -0.120031 0.88627451 0.69803922 0.67058824
v -0.785566 0.023140 -0.120031 0.89019608 0.69411765 0.66666667
v -0.784383 0.023032 -0.120031 0.90196078 0.68627451 0.66666667
v -0.780049 0.021867 -0.120031 0.91372549 0.68235294 0.66666667
v -0.792113 0.007819 -0.120031 0.86274510 0.63921569 0.60392157
v -0.788948 0.007527 -0.120031 0.85490196 0.60784314 0.56078431
v -0.786523 0.007681 -0.120031 0.86274510 0.60784314 0.54901961
v -0.782515 0.008370 -0.120031 0.79607843 0.58039216 0.54117647
v -0.781928 0.008503 -0.120031 0.75686275 0.56078431 0.53333333
v -0.778328 0.010362 -0.120031 0.69803922 0.52941176 0.51372549
v -0.775865 0.013355 -0.120031 0.81176471 0.59607843 0.57254902
v -0.776995 0.019386 -0.120031 0.88627451 0.66666667 0.64313725
v -0.775262 0.015564 -0.120031 0.84313725 0.61960784 0.60000000
v 0.793524 0.007473 -0.120031 0.81176471 0.63529412 0.60784314
v 0.791191 0.006922 -0.120031 0.86274510 0.69019608 0.65098039
v 0.799670 0.013659 -0.120031 0.81960784 0.65098039 0.62352941
v 0.798961 0.015722 -0.120031 0.80392157 0.63137255 0.61176471
v 0.787061 0.006573 -0.120031 0.84313725 0.67843137 0.62745098
v 0.785989 0.006600 -0.120031 0.83921569 0.67450980 0.62745098
v 0.797786 0.017290 -0.120031 0.71372549 0.52941176 0.50588235
v 0.782132 0.007167 -0.120031 0.75294118 0.57647059 0.54509804
v 0.795414 0.019265 -0.120031 0.73725490 0.51764706 0.49803922
v 0.778887 0.008178 -0.120031 0.73333333 0.56470588 0.54509804
v 0.794663 0.019690 -0.120031 0.76470588 0.54117647 0.52156863
v 0.787214 0.021946 -0.120031 0.89411765 0.68235294 0.64705882
v 0.785915 0.021999 -0.120031 0.89411765 0.68235294 0.65490196
v 0.777980 0.008539 -0.120031 0.70588235 0.54509804 0.52549020
v 0.790763 0.021316 -0.120031 0.84705882 0.63137255 0.60000000
v 0.775002 0.011085 -0.120031 0.65098039 0.50980392 0.49803922
v 0.795445 0.008191 -0.120031 0.80392157 0.63137255 0.60000000
v 0.798577 0.010583 -0.120031 0.82745098 0.65490196 0.62745098
v 0.773954 0.013111 -0.120031 0.74509804 0.56470588 0.54901961
v 0.774323 0.015929 -0.120031 0.83529412 0.62352941 0.60000000
v 0.775218 0.017371 -0.120031 0.85490196 0.64313725 0.61960784
v 0.777942 0.020171 -0.120031 0.87843137 0.66274510 0.64313725
v 0.781917 0.021719 -0.120031 0.90196078 0.67843137 0.66274510
v 0.779238 0.020844 -0.120031 0.89411765 0.67843137 0.66274510
v -0.804210 0.014375 -0.121743 0.77254902 0.57647059 0.54509804
v -0.801444 0.011628 -0.120586 0.70588235 0.51764706 0.48627451
v -0.801450 0.017132 -0.120419 0.92549020 0.74117647 0.69019608
v -0.798682 0.008866 -0.121039 0.65490196 0.50980392 0.49803922
v -0.798726 0.019777 -0.120587 0.83921569 0.70196078 0.66274510
v -0.790518 0.022302 -0.122308 0.88627451 0.67843137 0.65490196
v -0.784948 0.022445 -0.121269 0.89019608 0.66274510 0.64313725
v -0.782234 0.019529 -0.123034 0.89019608 0.66274510 0.64705882
v -0.782156 0.008718 -0.120666 0.80392157 0.59607843 0.56078431
v -0.779427 0.011374 -0.121804 0.74509804 0.54901961 0.53333333
v -0.779433 0.016886 -0.122774 0.85882353 0.63137255 0.61176471
v -0.776689 0.014061 -0.120835 0.80784314 0.58431373 0.56078431
v 0.792086 0.006026 -0.122961 0.76862745 0.59607843 0.57647059
v 0.800348 0.014336 -0.120521 0.75294118 0.61568627 0.59607843
v 0.794826 0.019852 -0.121158 0.79215686 0.58039216 0.55686275
v 0.778253 0.008812 -0.120572 0.69411765 0.53725490 0.52156863
v 0.781015 0.017098 -0.123787 0.83137255 0.62352941 0.58823529
v 0.775491 0.011574 -0.120648 0.66666667 0.51764706 0.50588235
v 0.783777 0.019860 -0.123304 0.87058824 0.65882353 0.63529412
v 0.778253 0.014336 -0.123200 0.78039216 0.59607843 0.56470588
v 0.775491 0.017098 -0.120413 0.84705882 0.63529412 0.61176471
v 0.800358 0.008802 -0.122348 0.80784314 0.63529412 0.60784314
v 0.778253 0.019860 -0.120561 0.87450980 0.65882353 0.63921569
v 0.803109 0.011574 -0.122627 0.87450980 0.70196078 0.67058824
v -0.796077 0.016995 -0.116126 0.90588235 0.70980392 0.66274510
v -0.796010 0.017242 -0.116126 0.91764706 0.72156863 0.67450980
v -0.793844 0.020501 -0.116126 0.90196078 0.72941176 0.70196078
v -0.795077 0.012471 -0.116126 0.69411765 0.51764706 0.47843137
v -0.792103 0.009919 -0.116126 0.62352941 0.50980392 0.47450980
v -0.790550 0.022773 -0.116126 0.88235294 0.70980392 0.68235294
v -0.790081 0.022966 -0.116126 0.87843137 0.70196078 0.67843137
v -0.786168 0.023778 -0.116126 0.89411765 0.70980392 0.68235294
v -0.783378 0.024123 -0.116126 0.90196078 0.70980392 0.68235294
v -0.780766 0.024032 -0.116126 0.90588235 0.69803922 0.67058824
v -0.778461 0.023462 -0.116126 0.90588235 0.69019608 0.65882353
v -0.787835 0.008663 -0.116126 0.74901961 0.56078431 0.52156863
v -0.787328 0.008551 -0.116126 0.78823529 0.57647059 0.53333333
v -0.783071 0.007871 -0.116126 0.76470588 0.56470588 0.52941176
v -0.781243 0.007913 -0.116126 0.73725490 0.55294118 0.52549020
v -0.776831 0.008931 -0.116126 0.72549020 0.54509804 0.52156863
v -0.776148 0.009211 -0.116126 0.73333333 0.54901961 0.52549020
v -0.773021 0.010583 -0.116126 0.74117647 0.55294118 0.52941176
v -0.774510 0.021911 -0.116126 0.89803922 0.67843137 0.64705882
v -0.772775 0.021405 -0.116126 0.89803922 0.67450980 0.65098039
v -0.769953 0.013079 -0.116126 0.81176471 0.60000000 0.57254902
v -0.769105 0.016237 -0.116126 0.87058824 0.65882353 0.63529412
v -0.769038 0.017672 -0.116126 0.88627451 0.67450980 0.65098039
v 0.789387 0.008725 -0.116126 0.85098039 0.67058824 0.63137255
v 0.789110 0.008623 -0.116126 0.84313725 0.66274510 0.62352941
v 0.785076 0.007513 -0.116126 0.81960784 0.64313725 0.60392157
v 0.792620 0.011016 -0.116126 0.84705882 0.66274510 0.62745098
v 0.794012 0.013524 -0.116126 0.87450980 0.67058824 0.63529412
v 0.794200 0.014960 -0.116126 0.90196078 0.68627451 0.64313725
v 0.793108 0.018144 -0.116126 0.87843137 0.65882353 0.61960784
v 0.786822 0.022338 -0.116126 0.93725490 0.72549020 0.67843137
v 0.786365 0.022448 -0.116126 0.91372549 0.71372549 0.67843137
v 0.781933 0.006969 -0.116126 0.78431373 0.60392157 0.57647059
v 0.780182 0.006883 -0.116126 0.76078431 0.58823529 0.56078431
v 0.790200 0.020760 -0.116126 0.90588235 0.66274510 0.62745098
v 0.776702 0.007261 -0.116126 0.74117647 0.56862745 0.54509804
v 0.772759 0.008842 -0.116126 0.70196078 0.54509804 0.52549020
v 0.772616 0.008925 -0.116126 0.70588235 0.54117647 0.52156863
v 0.769544 0.011103 -0.116126 0.69019608 0.52549020 0.50980392
v 0.767909 0.013605 -0.116126 0.80784314 0.62745098 0.59215686
v 0.767574 0.014650 -0.116126 0.83529412 0.65098039 0.61568627
v 0.776237 0.021876 -0.116126 0.89019608 0.67450980 0.65098039
v 0.772915 0.020045 -0.116126 0.88235294 0.67450980 0.64705882
v 0.768581 0.018458 -0.116126 0.89019608 0.69411765 0.67058824
v 0.781245 0.022851 -0.116126 0.91372549 0.71372549 0.68235294
v 0.780816 0.022820 -0.116126 0.90588235 0.70196078 0.67450980
v -0.798684 0.014382 -0.117994 0.76078431 0.55686275 0.51764706
v -0.795920 0.011628 -0.117195 0.68627451 0.51372549 0.47843137
v -0.793159 0.008862 -0.118325 0.60784314 0.51372549 0.47843137
v -0.779394 0.022536 -0.118714 0.90980392 0.68235294 0.66274510
v -0.773873 0.011471 -0.117434 0.76862745 0.57254902 0.54509804
v -0.776649 0.019720 -0.119601 0.89019608 0.67058824 0.64313725
v -0.773888 0.016954 -0.119039 0.86274510 0.63921569 0.61960784
v -0.771125 0.019722 -0.116678 0.89803922 0.67450980 0.65098039
v -0.771119 0.014212 -0.117142 0.83529412 0.61568627 0.59215686
v 0.794840 0.008796 -0.119060 0.82745098 0.64705882 0.61568627
v 0.797596 0.011564 -0.118907 0.83921569 0.65490196 0.62352941
v 0.794824 0.014336 -0.116640 0.89411765 0.68235294 0.63529412
v 0.797588 0.017092 -0.119683 0.74901961 0.56862745 0.54509804
v 0.769968 0.011574 -0.116628 0.70980392 0.53725490 0.52156863
v 0.772729 0.014336 -0.119234 0.80392157 0.60392157 0.58431373
v 0.769968 0.017098 -0.117164 0.86666667 0.66666667 0.64313725
v 0.772729 0.019860 -0.116199 0.88235294 0.67058824 0.64705882
v 0.781015 0.022621 -0.117191 0.90196078 0.69019608 0.66666667
v -0.791383 0.016165 -0.112220 0.82352941 0.61960784 0.58823529
v -0.791239 0.017994 -0.112220 0.91372549 0.69019608 0.65882353
v -0.789560 0.012464 -0.112220 0.77254902 0.57254902 0.53333333
v -0.788941 0.021220 -0.112220 0.92941176 0.72156863 0.68627451
v -0.785467 0.023270 -0.112220 0.91372549 0.72549020 0.70588235
v -0.783724 0.023824 -0.112220 0.90196078 0.72549020 0.70196078
v -0.780981 0.024307 -0.112220 0.90980392 0.71372549 0.67843137
v -0.777399 0.024598 -0.112220 0.91372549 0.70980392 0.67058824
v -0.786387 0.010111 -0.112220 0.75686275 0.56078431 0.52549020
v -0.782307 0.008657 -0.112220 0.75686275 0.56078431 0.52549020
v -0.781848 0.008567 -0.112220 0.74901961 0.55686275 0.52549020
v -0.777137 0.008276 -0.112220 0.74509804 0.55294118 0.52156863
v -0.776062 0.008258 -0.112220 0.72941176 0.54901961 0.52156863
v -0.771340 0.008546 -0.112220 0.72156863 0.54509804 0.51764706
v -0.775740 0.024525 -0.112220 0.91372549 0.69803922 0.66666667
v -0.770917 0.008628 -0.112220 0.74117647 0.55686275 0.53333333
v -0.767013 0.010248 -0.112220 0.77254902 0.57254902 0.55294118
v -0.763779 0.012562 -0.112220 0.83921569 0.63137255 0.61568627
v -0.761760 0.016054 -0.112220 0.88235294 0.68235294 0.65098039
v -0.762010 0.017872 -0.112220 0.89019608 0.68627451 0.65490196
v 0.783886 0.008703 -0.112220 0.82352941 0.63921569 0.60392157
v 0.783474 0.008510 -0.112220 0.80784314 0.62352941 0.59215686
v 0.787087 0.011026 -0.112220 0.84705882 0.65882353 0.62352941
v 0.789018 0.014054 -0.112220 0.87450980 0.67450980 0.64313725
v 0.779679 0.007387 -0.112220 0.78431373 0.60392157 0.57647059
v 0.789144 0.014492 -0.112220 0.89411765 0.68627451 0.65882353
v 0.776484 0.007044 -0.112220 0.77254902 0.59215686 0.56470588
v 0.788375 0.018934 -0.112220 0.92156863 0.71764706 0.69019608
v 0.785325 0.021408 -0.112220 0.92941176 0.75686275 0.71764706
v 0.774428 0.007113 -0.112220 0.74117647 0.56862745 0.54509804
v 0.768131 0.007868 -0.112220 0.67450980 0.53333333 0.50588235
v 0.771272 0.007355 -0.112220 0.70980392 0.54901961 0.52549020
v 0.766764 0.008334 -0.112220 0.60000000 0.49411765 0.47058824
v 0.763324 0.010353 -0.112220 0.76078431 0.59607843 0.56078431
v 0.760822 0.013222 -0.112220 0.87843137 0.67450980 0.64705882
v 0.760018 0.015938 -0.112220 0.90588235 0.70196078 0.68235294
v 0.762527 0.018978 -0.112220 0.90588235 0.70588235 0.68235294
v 0.765490 0.021549 -0.112220 0.91372549 0.70588235 0.68235294
v 0.781223 0.022830 -0.112220 0.92941176 0.74117647 0.70196078
v 0.780694 0.022943 -0.112220 0.90980392 0.70980392 0.67843137
v 0.776296 0.023426 -0.112220 0.90588235 0.69411765 0.65882353
v -0.795920 0.017152 -0.116021 0.90588235 0.71372549 0.66666667
v -0.793158 0.019914 -0.114811 0.91764706 0.72941176 0.69803922
v -0.793158 0.014390 -0.113870 0.73725490 0.54509804 0.50588235
v -0.790396 0.011628 -0.113432 0.74117647 0.56078431 0.52156863
v -0.790405 0.022649 -0.115632 0.85098039 0.70588235 0.68235294
v -0.787638 0.008859 -0.115526 0.73333333 0.55294118 0.51372549
v -0.776626 0.008741 -0.115282 0.73333333 0.54901961 0.52549020
v -0.771088 0.008784 -0.112653 0.67843137 0.52549020 0.49411765
v -0.773864 0.022558 -0.115042 0.89803922 0.67843137 0.64705882
v -0.768342 0.011497 -0.114309 0.79607843 0.58823529 0.56470588
v -0.768349 0.017002 -0.115621 0.88235294 0.67058824 0.64705882
v -0.765566 0.014306 -0.113969 0.84705882 0.63921569 0.62352941
v -0.762802 0.017075 -0.112653 0.88627451 0.67843137 0.65490196
v 0.789300 0.008812 -0.115969 0.85098039 0.66666667 0.62745098
v 0.772729 0.008812 -0.116056 0.72156863 0.55294118 0.53333333
v 0.792062 0.011574 -0.115398 0.86666667 0.67058824 0.63529412
v 0.789300 0.014336 -0.112364 0.88235294 0.67450980 0.64313725
v 0.792062 0.017098 -0.114579 0.89411765 0.67058824 0.63921569
v 0.789300 0.019860 -0.113778 0.92549020 0.70588235 0.67450980
v 0.767209 0.008801 -0.113011 0.61176471 0.50196078 0.47058824
v 0.764461 0.011515 -0.113481 0.77254902 0.60000000 0.56470588
v 0.761718 0.014218 -0.112836 0.87843137 0.67450980 0.64705882
v 0.767218 0.014295 -0.115825 0.82745098 0.64705882 0.60784314
v 0.775491 0.022621 -0.114460 0.89803922 0.69019608 0.66274510
v 0.764457 0.017056 -0.114012 0.89019608 0.69411765 0.66274510
v 0.767217 0.019822 -0.114782 0.91372549 0.70980392 0.69411765
v -0.767389 0.023527 -0.112220 0.92549020 0.70588235 0.68627451
v 0.774783 0.023330 -0.112220 0.90196078 0.69411765 0.66666667
v -0.860112 0.019243 -0.108314 0.85882353 0.63137255 0.61960784
v -0.861220 0.021692 -0.108314 0.88235294 0.63529412 0.62352941
v -0.857225 0.016606 -0.108314 0.85882353 0.63137255 0.61960784
v -0.854969 0.015441 -0.108314 0.91372549 0.65882353 0.65098039
v -0.785969 0.016055 -0.108314 0.77254902 0.56862745 0.52156863
v -0.785971 0.018250 -0.108314 0.78039216 0.57647059 0.52941176
v -0.783669 0.021471 -0.108314 0.89803922 0.69411765 0.65490196
v -0.780120 0.023447 -0.108314 0.92156863 0.72941176 0.67058824
v -0.778011 0.023991 -0.108314 0.92156863 0.73725490 0.66666667
v -0.784002 0.012499 -0.108314 0.75686275 0.55294118 0.51372549
v -0.780748 0.010229 -0.108314 0.75294118 0.55686275 0.52156863
v -0.776760 0.008675 -0.108314 0.74901961 0.55686275 0.52549020
v -0.861404 0.023475 -0.108314 0.78823529 0.54509804 0.53333333
v -0.776302 0.008544 -0.108314 0.74117647 0.55686275 0.52549020
v -0.859853 0.025849 -0.108314 0.77254902 0.51372549 0.50588235
v -0.772156 0.007751 -0.108314 0.74117647 0.55686275 0.52941176
v -0.858270 0.026609 -0.108314 0.77647059 0.47450980 0.49411765
v -0.854943 0.026463 -0.108314 0.77254902 0.50980392 0.51372549
v -0.775586 0.024386 -0.108314 0.91764706 0.70588235 0.67058824
v -0.853394 0.014914 -0.108314 0.90588235 0.63529412 0.63921569
v -0.769917 0.007669 -0.108314 0.74509804 0.56078431 0.53725490
v -0.853117 0.026238 -0.108314 0.82745098 0.59215686 0.58039216
v -0.766186 0.008198 -0.108314 0.72549020 0.55294118 0.53333333
v -0.765108 0.008400 -0.108314 0.70196078 0.54117647 0.52549020
v -0.849101 0.024709 -0.108314 0.88627451 0.67058824 0.65490196
v -0.760269 0.009118 -0.108314 0.79215686 0.60000000 0.58039216
v -0.847496 0.024444 -0.108314 0.89411765 0.67843137 0.66666667
v -0.843989 0.024191 -0.108314 0.90980392 0.68235294 0.69019608
v -0.759574 0.009309 -0.108314 0.80392157 0.61176471 0.58823529
v -0.848583 0.014579 -0.108314 0.89019608 0.61960784 0.61960784
v -0.755988 0.010362 -0.108314 0.83921569 0.65098039 0.61960784
v -0.848143 0.014641 -0.108314 0.89411765 0.61960784 0.62352941
v -0.752091 0.011988 -0.108314 0.87843137 0.68627451 0.65098039
v -0.843851 0.015370 -0.108314 0.86666667 0.58431373 0.58431373
v -0.840762 0.016499 -0.108314 0.85882353 0.60392157 0.60392157
v -0.841484 0.023881 -0.108314 0.92156863 0.69019608 0.70588235
v -0.839870 0.016913 -0.108314 0.85882353 0.61176471 0.61568627
v -0.836755 0.019322 -0.108314 0.91764706 0.70980392 0.68627451
v -0.839238 0.023472 -0.108314 0.92156863 0.69411765 0.69411765
v -0.836494 0.020767 -0.108314 0.91372549 0.70588235 0.67843137
v 0.778365 0.008700 -0.108314 0.80392157 0.61568627 0.58823529
v 0.777954 0.008513 -0.108314 0.79215686 0.60784314 0.57647059
v 0.769562 0.006456 -0.108314 0.71372549 0.55294118 0.52549020
v 0.765049 0.006608 -0.108314 0.67843137 0.53725490 0.50588235
v 0.774244 0.007298 -0.108314 0.76862745 0.58823529 0.56078431
v 0.763684 0.006783 -0.108314 0.68627451 0.54509804 0.51372549
v 0.770473 0.006556 -0.108314 0.73333333 0.56862745 0.54117647
v 0.760239 0.007315 -0.108314 0.70980392 0.55294118 0.52156863
v 0.781802 0.010787 -0.108314 0.82745098 0.63529412 0.60392157
v 0.756921 0.008021 -0.108314 0.81568627 0.61960784 0.59215686
v 0.784059 0.014054 -0.108314 0.85490196 0.65490196 0.62352941
v 0.755710 0.008323 -0.108314 0.82745098 0.63921569 0.61176471
v 0.751538 0.009673 -0.108314 0.86274510 0.67843137 0.65490196
v 0.850352 0.014044 -0.108314 0.76078431 0.54117647 0.54117647
v 0.783246 0.019329 -0.108314 0.90196078 0.69019608 0.65882353
v 0.779950 0.021557 -0.108314 0.87843137 0.65098039 0.61568627
v 0.849587 0.013861 -0.108314 0.83529412 0.61176471 0.60392157
v 0.844892 0.013933 -0.108314 0.86274510 0.63137255 0.61960784
v 0.844288 0.014010 -0.108314 0.87058824 0.63921569 0.63137255
v 0.775597 0.022727 -0.108314 0.90980392 0.69411765 0.64313725
v 0.854354 0.015566 -0.108314 0.74117647 0.51764706 0.51372549
v 0.857441 0.018002 -0.108314 0.77647059 0.54901961 0.53725490
v 0.859164 0.021803 -0.108314 0.81176471 0.58823529 0.56862745
v 0.859022 0.023298 -0.108314 0.84705882 0.61568627 0.58823529
v 0.856335 0.026134 -0.108314 0.87058824 0.63529412 0.60784314
v 0.837960 0.015191 -0.108314 0.88235294 0.64705882 0.65882353
v 0.835682 0.016201 -0.108314 0.87843137 0.65098039 0.65882353
v 0.839692 0.014677 -0.108314 0.89019608 0.65490196 0.66666667
v 0.833608 0.019496 -0.108314 0.85490196 0.63137255 0.63529412
v 0.835737 0.021550 -0.108314 0.74117647 0.52156863 0.50980392
v 0.840529 0.023601 -0.108314 0.71764706 0.49803922 0.48235294
v 0.836796 0.022589 -0.108314 0.70588235 0.48627451 0.47058824
v 0.836202 0.022382 -0.108314 0.71764706 0.49411765 0.48235294
v 0.845607 0.024176 -0.108314 0.78039216 0.54901961 0.54117647
v 0.843476 0.023934 -0.108314 0.74509804 0.52156863 0.51372549
v 0.850021 0.025390 -0.108314 0.86274510 0.63137255 0.61176471
v 0.854449 0.026518 -0.108314 0.87058824 0.63137255 0.61176471
v 0.850163 0.025423 -0.108314 0.86666667 0.63529412 0.61176471
v 0.784286 0.014846 -0.108314 0.87843137 0.67843137 0.64313725
v -0.859442 0.019914 -0.109460 0.92549020 0.69803922 0.68627451
v -0.856680 0.017152 -0.109387 0.92156863 0.69411765 0.68235294
v -0.790396 0.017152 -0.111397 0.85098039 0.62745098 0.59607843
v -0.787635 0.014389 -0.109828 0.71372549 0.50196078 0.45882353
v -0.787635 0.019914 -0.110149 0.90196078 0.69019608 0.65098039
v -0.784873 0.022675 -0.110660 0.91764706 0.72549020 0.69803922
v -0.784874 0.011627 -0.109571 0.75294118 0.55294118 0.51372549
v -0.782120 0.008846 -0.111647 0.75294118 0.55686275 0.52156863
v -0.765550 0.008832 -0.109248 0.72156863 0.54901961 0.53333333
v -0.762785 0.011607 -0.111190 0.83137255 0.62745098 0.60784314
v -0.760026 0.014360 -0.111376 0.87843137 0.68235294 0.65490196
v -0.757255 0.011628 -0.109424 0.85098039 0.67058824 0.63137255
v -0.760028 0.019876 -0.110993 0.89019608 0.70196078 0.65490196
v -0.757264 0.017122 -0.110198 0.89803922 0.72156863 0.68235294
v -0.754493 0.014390 -0.109542 0.89803922 0.72156863 0.68627451
v -0.859442 0.025437 -0.108907 0.78431373 0.49019608 0.50588235
v -0.856680 0.022675 -0.110931 0.90588235 0.67450980 0.67450980
v -0.853918 0.025437 -0.109318 0.82352941 0.58431373 0.57647059
v -0.853918 0.019914 -0.111425 0.92941176 0.73333333 0.72941176
v -0.851156 0.017152 -0.110702 0.90980392 0.67843137 0.67843137
v -0.851156 0.022675 -0.110688 0.92549020 0.73333333 0.70980392
v -0.848394 0.019914 -0.110893 0.91764706 0.72941176 0.71764706
v -0.845652 0.022616 -0.109753 0.90980392 0.72156863 0.70588235
v -0.845633 0.017152 -0.109801 0.91764706 0.67843137 0.68235294
v -0.842886 0.019868 -0.109859 0.91372549 0.72156863 0.70980392
v -0.840109 0.017152 -0.108495 0.86666667 0.62745098 0.62745098
v -0.840133 0.022604 -0.108857 0.91372549 0.69411765 0.69411765
v -0.837359 0.019878 -0.108524 0.91372549 0.70588235 0.68235294
v 0.783777 0.008812 -0.111965 0.82745098 0.63921569 0.60784314
v 0.786538 0.011574 -0.111336 0.85490196 0.65882353 0.62745098
v 0.761696 0.008764 -0.110222 0.74117647 0.58039216 0.54509804
v 0.850060 0.014335 -0.108919 0.78823529 0.56078431 0.56078431
v 0.844562 0.014256 -0.108652 0.86274510 0.62745098 0.62352941
v 0.756168 0.008779 -0.108743 0.83137255 0.63921569 0.61568627
v 0.753409 0.011532 -0.109367 0.88235294 0.69803922 0.66666667
v 0.758956 0.011454 -0.110972 0.87058824 0.67058824 0.63921569
v 0.756177 0.014276 -0.110433 0.90980392 0.71764706 0.69411765
v 0.847328 0.017004 -0.111231 0.72156863 0.49019608 0.50588235
v 0.758941 0.017032 -0.111700 0.91372549 0.71764706 0.69803922
v 0.852822 0.017098 -0.110908 0.64313725 0.40784314 0.43529412
v 0.761699 0.019805 -0.111216 0.91372549 0.71372549 0.69019608
v 0.855584 0.019860 -0.111045 0.71764706 0.48627451 0.49019608
v 0.850068 0.019834 -0.111887 0.68235294 0.45098039 0.46274510
v 0.852822 0.022621 -0.111285 0.82352941 0.58039216 0.58039216
v 0.858345 0.022621 -0.109369 0.83137255 0.60784314 0.58823529
v 0.764456 0.022583 -0.110269 0.92941176 0.71764706 0.69803922
v 0.855584 0.025383 -0.109599 0.87450980 0.66274510 0.65882353
v 0.783777 0.019860 -0.109094 0.89803922 0.70588235 0.67450980
v 0.836342 0.016813 -0.108740 0.87843137 0.65490196 0.66274510
v 0.781015 0.022621 -0.111295 0.91764706 0.72156863 0.68235294
v 0.841863 0.016822 -0.110061 0.82352941 0.60784314 0.61568627
v 0.844608 0.019640 -0.110869 0.63529412 0.42352941 0.43137255
v 0.839172 0.019368 -0.109707 0.76470588 0.54509804 0.54509804
v 0.841893 0.022261 -0.109557 0.67450980 0.45882353 0.45098039
v 0.836390 0.022197 -0.108443 0.71764706 0.49803922 0.48235294
v 0.847345 0.022478 -0.110425 0.74509804 0.51372549 0.50588235
v 0.850076 0.025335 -0.108407 0.86274510 0.63137255 0.61176471
v 0.786538 0.017098 -0.109986 0.90588235 0.69803922 0.67058824
v -0.860658 0.018698 -0.104408 0.78823529 0.57647059 0.56470588
v -0.862183 0.022655 -0.104408 0.77647059 0.55686275 0.54509804
v -0.857721 0.016111 -0.104408 0.81568627 0.59215686 0.58431373
v -0.854083 0.014225 -0.104408 0.80784314 0.58431373 0.57647059
v -0.853581 0.014053 -0.104408 0.80000000 0.57647059 0.56862745
v -0.830401 0.026860 -0.104408 0.89803922 0.65490196 0.65882353
v -0.827242 0.026380 -0.104408 0.91372549 0.69411765 0.69411765
v -0.825594 0.026143 -0.104408 0.92156863 0.70588235 0.69411765
v -0.820903 0.025311 -0.104408 0.92156863 0.69803922 0.67450980
v -0.831175 0.015039 -0.104408 0.84313725 0.56862745 0.55686275
v -0.827673 0.015763 -0.104408 0.87058824 0.59607843 0.56862745
v -0.823635 0.017055 -0.104408 0.88235294 0.63529412 0.60392157
v -0.823496 0.017110 -0.104408 0.88235294 0.63529412 0.60392157
v -0.862190 0.022689 -0.104408 0.74901961 0.52941176 0.51372549
v -0.860595 0.026590 -0.104408 0.76862745 0.54117647 0.50588235
v -0.819790 0.018927 -0.104408 0.86666667 0.63529412 0.60784314
v -0.857144 0.027735 -0.104408 0.75294118 0.50980392 0.49803922
v -0.818749 0.021941 -0.104408 0.91372549 0.69803922 0.66666667
v -0.856051 0.027570 -0.104408 0.76470588 0.52549020 0.51372549
v -0.781302 0.015199 -0.104408 0.78431373 0.57647059 0.53333333
v -0.852143 0.027202 -0.104408 0.78823529 0.55294118 0.53333333
v -0.781267 0.019070 -0.104408 0.83529412 0.61568627 0.56470588
v -0.850077 0.027073 -0.104408 0.82745098 0.59607843 0.57647059
v -0.778989 0.011988 -0.104408 0.78431373 0.58431373 0.54509804
v -0.846720 0.027003 -0.104408 0.85882353 0.62745098 0.61176471
v -0.775956 0.009498 -0.104408 0.76862745 0.57254902 0.53725490
v -0.844654 0.026949 -0.104408 0.87058824 0.62745098 0.61568627
v -0.772294 0.007636 -0.104408 0.76078431 0.56862745 0.54117647
v -0.778854 0.022181 -0.104408 0.86666667 0.65882353 0.59215686
v -0.849574 0.013211 -0.104408 0.78431373 0.56078431 0.55294118
v -0.847109 0.013105 -0.104408 0.81176471 0.56862745 0.56470588
v -0.775480 0.024330 -0.104408 0.89803922 0.69019608 0.63921569
v -0.844054 0.013207 -0.104408 0.78039216 0.53725490 0.52941176
v -0.769336 0.007136 -0.104408 0.75294118 0.57254902 0.54509804
v -0.841838 0.013358 -0.104408 0.79607843 0.53725490 0.52941176
v -0.767453 0.006952 -0.104408 0.73725490 0.56470588 0.54117647
v -0.837879 0.013858 -0.104408 0.77254902 0.51764706 0.50588235
v -0.763205 0.006530 -0.104408 0.72549020 0.56078431 0.54117647
v -0.836962 0.014004 -0.104408 0.79215686 0.53333333 0.51764706
v -0.832211 0.014778 -0.104408 0.83529412 0.55686275 0.54509804
v -0.840796 0.027380 -0.104408 0.86274510 0.59607843 0.60000000
v -0.762451 0.006432 -0.104408 0.72941176 0.56470588 0.54509804
v -0.757353 0.006202 -0.104408 0.69019608 0.55294118 0.52941176
v -0.839546 0.027411 -0.104408 0.87058824 0.60784314 0.61176471
v -0.757083 0.006277 -0.104408 0.69411765 0.55294118 0.53333333
v -0.752957 0.007330 -0.104408 0.76862745 0.59607843 0.56862745
v -0.835356 0.027378 -0.104408 0.87843137 0.62745098 0.62745098
v -0.750451 0.007384 -0.104408 0.80000000 0.61176471 0.58039216
v -0.833807 0.027326 -0.104408 0.87843137 0.63137255 0.63137255
v 0.773481 0.008061 -0.104408 0.77254902 0.59215686 0.56470588
v 0.770531 0.006614 -0.104408 0.74901961 0.57647059 0.54901961
v 0.776691 0.010375 -0.104408 0.79607843 0.61176471 0.57647059
v 0.779169 0.013420 -0.104408 0.82745098 0.63137255 0.59607843
v 0.779774 0.015857 -0.104408 0.86666667 0.65490196 0.61568627
v 0.828775 0.013459 -0.104408 0.74509804 0.52549020 0.52156863
v 0.827315 0.013559 -0.104408 0.68235294 0.45490196 0.45098039
v 0.822920 0.014525 -0.104408 0.68235294 0.46666667 0.46274510
v 0.850914 0.013482 -0.104408 0.76862745 0.56078431 0.54901961
v 0.848560 0.012833 -0.104408 0.80000000 0.58431373 0.57647059
v 0.760050 0.004900 -0.104408 0.72156863 0.56078431 0.53333333
v 0.846317 0.012543 -0.104408 0.81960784 0.60000000 0.59607843
v 0.757735 0.004865 -0.104408 0.72549020 0.56470588 0.53333333
v 0.764952 0.005543 -0.104408 0.72941176 0.56470588 0.53725490
v 0.842636 0.012316 -0.104408 0.83529412 0.61176471 0.61176471
v 0.763772 0.005379 -0.104408 0.72549020 0.56078431 0.53333333
v 0.854635 0.015284 -0.104408 0.76078431 0.54901961 0.53725490
v 0.857701 0.017742 -0.104408 0.78039216 0.56078431 0.54117647
v 0.769703 0.006315 -0.104408 0.72941176 0.56470588 0.53725490
v 0.859703 0.021264 -0.104408 0.83137255 0.59607843 0.56862745
v 0.754391 0.005057 -0.104408 0.75294118 0.58431373 0.55294118
v 0.859441 0.023717 -0.104408 0.90196078 0.64705882 0.61176471
v 0.752547 0.005201 -0.104408 0.78431373 0.61176471 0.57647059
v 0.856598 0.026397 -0.104408 0.88627451 0.63921569 0.60000000
v 0.840953 0.012320 -0.104408 0.84705882 0.61960784 0.62745098
v 0.747958 0.005965 -0.104408 0.82352941 0.65098039 0.61960784
v 0.837377 0.012540 -0.104408 0.83529412 0.60784314 0.61568627
v 0.834983 0.012780 -0.104408 0.80392157 0.58823529 0.58823529
v 0.832298 0.013105 -0.104408 0.77254902 0.55294118 0.55686275
v 0.778101 0.019671 -0.104408 0.89803922 0.67450980 0.62745098
v 0.837704 0.026435 -0.104408 0.81568627 0.60000000 0.58039216
v 0.775057 0.022187 -0.104408 0.90980392 0.70588235 0.65490196
v 0.834801 0.026134 -0.104408 0.76862745 0.54117647 0.52941176
v 0.848878 0.026549 -0.104408 0.85882353 0.62352941 0.60000000
v 0.845739 0.026362 -0.104408 0.83529412 0.61176471 0.58823529
v 0.853982 0.026984 -0.104408 0.88627451 0.63921569 0.60000000
v 0.851459 0.026766 -0.104408 0.87843137 0.63921569 0.60784314
v 0.843402 0.026381 -0.104408 0.80784314 0.58823529 0.57254902
v 0.840343 0.026336 -0.104408 0.79607843 0.58039216 0.56470588
v 0.821745 0.014869 -0.104408 0.69019608 0.47450980 0.47058824
v 0.818852 0.015897 -0.104408 0.70196078 0.47058824 0.47450980
v 0.815747 0.018209 -0.104408 0.78039216 0.55294118 0.55294118
v 0.822989 0.024548 -0.104408 0.84705882 0.63137255 0.61960784
v 0.822224 0.024595 -0.104408 0.86274510 0.64705882 0.63529412
v 0.827642 0.025429 -0.104408 0.73333333 0.48235294 0.49019608
v 0.832506 0.026099 -0.104408 0.73333333 0.49411765 0.49411765
v 0.828782 0.025683 -0.104408 0.71372549 0.45490196 0.46274510
v -0.853918 0.014390 -0.106602 0.84313725 0.60392157 0.60000000
v -0.831823 0.025437 -0.106052 0.90588235 0.67058824 0.66666667
v -0.829062 0.022675 -0.106392 0.92156863 0.71764706 0.70980392
v -0.826300 0.025437 -0.105039 0.92549020 0.70196078 0.70588235
v -0.826300 0.019914 -0.106128 0.92549020 0.68627451 0.67450980
v -0.823538 0.022675 -0.105534 0.92549020 0.69019608 0.69019608
v -0.829062 0.017152 -0.105736 0.86274510 0.60000000 0.58039216
v -0.823538 0.017152 -0.104446 0.88235294 0.63529412 0.60392157
v -0.820776 0.019914 -0.104842 0.89411765 0.66274510 0.64313725
v -0.848417 0.025371 -0.107416 0.87058824 0.64313725 0.63529412
v -0.843007 0.025032 -0.107184 0.89803922 0.65098039 0.66666667
v -0.784873 0.017152 -0.107339 0.73333333 0.52549020 0.47843137
v -0.782111 0.019914 -0.105679 0.81960784 0.60784314 0.55686275
v -0.848394 0.014390 -0.108032 0.84705882 0.59215686 0.59215686
v -0.779349 0.022675 -0.105813 0.88627451 0.68627451 0.61960784
v -0.842871 0.014390 -0.107060 0.83921569 0.55686275 0.54901961
v -0.782112 0.014389 -0.105549 0.76078431 0.55686275 0.51372549
v -0.837347 0.014390 -0.105379 0.78823529 0.49411765 0.50196078
v -0.779350 0.011627 -0.105272 0.76470588 0.56470588 0.52941176
v -0.834585 0.017152 -0.107206 0.84705882 0.59607843 0.58039216
v -0.776596 0.008840 -0.107579 0.75294118 0.56078431 0.52941176
v -0.837377 0.025347 -0.106770 0.91764706 0.67843137 0.67843137
v -0.760017 0.008866 -0.108026 0.78823529 0.60000000 0.57647059
v -0.834585 0.022675 -0.107640 0.90588235 0.69411765 0.66274510
v -0.831823 0.019914 -0.107389 0.91372549 0.71372549 0.68627451
v -0.754493 0.008866 -0.106657 0.81568627 0.62745098 0.60000000
v -0.751731 0.011628 -0.108059 0.87450980 0.68235294 0.64705882
v -0.748969 0.008866 -0.105865 0.84705882 0.65490196 0.61568627
v 0.778253 0.008812 -0.108021 0.81176471 0.61960784 0.58823529
v 0.781015 0.011574 -0.107064 0.84313725 0.64313725 0.60784314
v 0.783777 0.014336 -0.108015 0.86274510 0.65882353 0.62745098
v 0.781015 0.017098 -0.105658 0.87450980 0.66666667 0.63137255
v 0.828009 0.014196 -0.105300 0.72549020 0.49411765 0.48627451
v 0.758930 0.006017 -0.106442 0.68627451 0.52941176 0.50588235
v 0.764444 0.006051 -0.106481 0.70980392 0.55294118 0.52549020
v 0.825282 0.016853 -0.106481 0.80392157 0.56470588 0.54901961
v 0.753397 0.006051 -0.105644 0.80000000 0.62352941 0.58823529
v 0.747873 0.006051 -0.104486 0.82745098 0.65098039 0.61960784
v 0.839085 0.014107 -0.107648 0.87843137 0.63921569 0.65490196
v 0.833533 0.014198 -0.106412 0.85098039 0.62745098 0.62352941
v 0.750643 0.008784 -0.107605 0.85882353 0.67450980 0.64705882
v 0.830793 0.016890 -0.107635 0.84705882 0.61568627 0.60392157
v 0.778262 0.019832 -0.104700 0.89803922 0.67450980 0.62745098
v 0.833606 0.019499 -0.108313 0.85490196 0.63137255 0.63529412
v 0.828066 0.019548 -0.107372 0.83921569 0.60000000 0.59607843
v 0.830862 0.022211 -0.107529 0.76078431 0.51372549 0.51764706
v 0.775491 0.022621 -0.107822 0.90980392 0.69803922 0.66274510
v 0.839150 0.024970 -0.106697 0.75686275 0.53333333 0.52156863
v 0.833640 0.024928 -0.105801 0.70196078 0.47058824 0.47058824
v 0.844620 0.025134 -0.107006 0.80000000 0.57254902 0.56470588
v 0.819784 0.016770 -0.105100 0.75294118 0.51372549 0.52156863
v 0.822569 0.019463 -0.106325 0.88627451 0.65490196 0.65490196
v 0.817056 0.019431 -0.104845 0.84313725 0.61960784 0.62352941
v 0.819821 0.022190 -0.105904 0.92549020 0.70980392 0.70196078
v 0.825333 0.022227 -0.106206 0.85098039 0.61176471 0.62745098
v 0.828095 0.024993 -0.104993 0.73333333 0.47843137 0.49019608
v -0.766913 0.026765 -0.104408 0.91372549 0.69803922 0.67058824
v -0.763921 0.027042 -0.104408 0.93333333 0.70980392 0.69411765
v -0.755714 0.026658 -0.104408 0.92941176 0.73333333 0.69019608
v -0.753449 0.026481 -0.104408 0.93725490 0.74509804 0.70196078
v -0.744473 0.024410 -0.104408 0.92156863 0.73333333 0.69411765
v -0.741361 0.023353 -0.104408 0.92549020 0.73725490 0.69411765
v -0.736659 0.021176 -0.104408 0.93725490 0.73725490 0.69019608
v 0.731792 0.012064 -0.104408 0.86666667 0.69019608 0.67058824
v 0.817998 0.023964 -0.104408 0.91372549 0.70980392 0.68627451
v -0.747867 0.007764 -0.104408 0.82352941 0.63921569 0.60392157
v -0.739481 0.010425 -0.104408 0.90196078 0.71764706 0.69803922
v 0.733876 0.020043 -0.104408 0.89411765 0.72941176 0.69411765
v -0.733452 0.015443 -0.104408 0.93725490 0.74117647 0.69411765
v 0.741922 0.023035 -0.104408 0.92156863 0.72941176 0.70588235
v 0.747826 0.006003 -0.104408 0.81568627 0.64705882 0.61568627
v 0.743091 0.023334 -0.104408 0.91764706 0.72549020 0.69803922
v 0.738970 0.008195 -0.104408 0.85098039 0.66274510 0.63137255
v 0.766786 0.024948 -0.104408 0.91372549 0.70588235 0.67058824
v 0.750881 0.025107 -0.104408 0.91764706 0.72549020 0.68627451
v 0.761428 0.025626 -0.104408 0.92156863 0.71372549 0.68627451
v 0.756287 0.025461 -0.104408 0.93333333 0.72941176 0.69803922
v -0.765555 0.025391 -0.108070 0.93333333 0.70588235 0.69019608
v -0.754493 0.025437 -0.105626 0.93725490 0.74509804 0.70196078
v -0.748969 0.019914 -0.107688 0.92941176 0.72941176 0.69411765
v -0.743446 0.014390 -0.106812 0.91764706 0.74117647 0.70980392
v -0.737922 0.019914 -0.105063 0.93725490 0.74117647 0.69803922
v 0.742350 0.011574 -0.106875 0.87450980 0.69019608 0.65490196
v 0.736826 0.017098 -0.105792 0.90980392 0.71764706 0.69803922
v 0.747883 0.017067 -0.108462 0.90980392 0.72549020 0.69803922
v 0.742356 0.022602 -0.104765 0.92156863 0.72549020 0.70980392
v 0.753415 0.022565 -0.107187 0.92549020 0.73333333 0.70980392
v -0.859045 0.020310 -0.100502 0.60000000 0.45882353 0.44705882
v -0.858560 0.024556 -0.100502 0.65098039 0.47450980 0.46274510
v -0.854539 0.026058 -0.100502 0.74901961 0.53333333 0.50196078
v -0.856396 0.017435 -0.100502 0.65882353 0.49019608 0.49019608
v -0.853060 0.015248 -0.100502 0.68627451 0.50980392 0.49803922
v -0.853180 0.026175 -0.100502 0.76862745 0.54901961 0.51372549
v -0.849579 0.026582 -0.100502 0.80392157 0.57254902 0.52941176
v -0.846597 0.027165 -0.100502 0.84313725 0.60000000 0.56078431
v -0.845073 0.027405 -0.100502 0.85882353 0.61568627 0.56862745
v -0.848638 0.014147 -0.100502 0.69019608 0.50980392 0.49803922
v -0.848071 0.014067 -0.100502 0.70980392 0.51372549 0.49803922
v -0.843549 0.013712 -0.100502 0.70980392 0.50588235 0.48627451
v -0.842224 0.013743 -0.100502 0.72941176 0.50980392 0.48627451
v -0.837964 0.013773 -0.100502 0.74901961 0.51372549 0.49019608
v -0.836747 0.013790 -0.100502 0.75294118 0.51372549 0.49019608
v -0.832448 0.013765 -0.100502 0.72941176 0.50588235 0.48235294
v -0.840266 0.028152 -0.100502 0.87450980 0.63137255 0.58823529
v -0.840015 0.028197 -0.100502 0.87450980 0.63529412 0.59215686
v -0.835328 0.028896 -0.100502 0.86666667 0.63137255 0.59607843
v -0.833624 0.029160 -0.100502 0.87450980 0.64313725 0.61176471
v -0.830183 0.029320 -0.100502 0.88235294 0.65098039 0.62745098
v -0.828138 0.029123 -0.100502 0.89019608 0.66274510 0.64313725
v -0.824006 0.028667 -0.100502 0.88235294 0.65490196 0.62745098
v -0.831112 0.013678 -0.100502 0.80000000 0.55294118 0.52941176
v -0.826843 0.013847 -0.100502 0.80392157 0.56470588 0.54117647
v -0.825811 0.013901 -0.100502 0.81568627 0.58039216 0.56078431
v -0.821072 0.014094 -0.100502 0.80784314 0.58431373 0.56470588
v -0.820505 0.014119 -0.100502 0.79607843 0.57647059 0.54901961
v -0.815654 0.014791 -0.100502 0.82352941 0.60000000 0.57254902
v -0.814548 0.015094 -0.100502 0.84705882 0.61960784 0.59215686
v -0.811429 0.016090 -0.100502 0.91372549 0.67450980 0.65098039
v -0.807172 0.017357 -0.100502 0.89803922 0.68235294 0.66274510
v -0.806577 0.017542 -0.100502 0.89411765 0.68235294 0.66274510
v -0.803445 0.019153 -0.100502 0.88235294 0.66666667 0.64313725
v -0.779754 0.016747 -0.100502 0.81568627 0.60784314 0.56862745
v -0.779748 0.017551 -0.100502 0.84313725 0.62745098 0.58823529
v -0.778205 0.012772 -0.100502 0.79607843 0.59215686 0.55686275
v -0.775623 0.009831 -0.100502 0.78039216 0.58431373 0.55294118
v -0.771856 0.008073 -0.100502 0.76862745 0.57647059 0.54901961
v -0.778121 0.021447 -0.100502 0.87450980 0.65882353 0.61960784
v -0.775578 0.024428 -0.100502 0.90196078 0.68235294 0.65098039
v -0.769014 0.006815 -0.100502 0.76470588 0.58039216 0.54901961
v -0.768035 0.006370 -0.100502 0.75686275 0.57647059 0.54901961
v -0.763372 0.005511 -0.100502 0.74901961 0.57254902 0.54901961
v -0.762033 0.005359 -0.100502 0.75294118 0.58039216 0.55294118
v -0.758236 0.005123 -0.100502 0.75294118 0.58039216 0.55686275
v -0.756414 0.005264 -0.100502 0.76470588 0.59215686 0.56470588
v 0.772989 0.008553 -0.100502 0.78431373 0.60000000 0.56862745
v 0.771605 0.007683 -0.100502 0.76862745 0.59215686 0.56078431
v 0.775436 0.011514 -0.100502 0.80392157 0.61176471 0.58039216
v 0.829750 0.012534 -0.100502 0.72941176 0.51764706 0.51764706
v 0.826004 0.012322 -0.100502 0.70588235 0.49803922 0.49411765
v 0.760930 0.004041 -0.100502 0.74509804 0.57647059 0.54901961
v 0.824312 0.012431 -0.100502 0.68235294 0.47450980 0.47058824
v 0.820854 0.012587 -0.100502 0.67450980 0.46666667 0.45882353
v 0.756439 0.003569 -0.100502 0.74117647 0.57647059 0.54901961
v 0.765466 0.005028 -0.100502 0.74117647 0.57647059 0.54509804
v 0.762757 0.004364 -0.100502 0.73333333 0.56862745 0.54117647
v 0.845363 0.013507 -0.100502 0.78431373 0.57647059 0.57254902
v 0.843374 0.013138 -0.100502 0.79215686 0.58431373 0.58039216
v 0.849842 0.014554 -0.100502 0.76078431 0.56078431 0.55294118
v 0.769338 0.006680 -0.100502 0.74901961 0.57647059 0.54901961
v 0.853191 0.016728 -0.100502 0.74901961 0.55686275 0.53725490
v 0.755921 0.003526 -0.100502 0.75686275 0.58823529 0.55686275
v 0.850731 0.015007 -0.100502 0.74901961 0.55294118 0.54117647
v 0.856026 0.019417 -0.100502 0.76862745 0.56470588 0.54117647
v 0.856588 0.020864 -0.100502 0.81176471 0.59607843 0.55294118
v 0.854559 0.024358 -0.100502 0.89411765 0.64705882 0.58823529
v 0.750874 0.003528 -0.100502 0.76862745 0.60392157 0.56862745
v 0.750354 0.003570 -0.100502 0.74901961 0.58431373 0.54901961
v 0.775427 0.011638 -0.100502 0.82745098 0.62745098 0.59215686
v 0.840479 0.012846 -0.100502 0.80392157 0.58823529 0.59215686
v 0.776998 0.015570 -0.100502 0.85098039 0.64313725 0.60784314
v 0.837495 0.012771 -0.100502 0.78431373 0.57254902 0.57647059
v 0.835114 0.012690 -0.100502 0.76078431 0.55294118 0.55294118
v 0.831815 0.012638 -0.100502 0.75294118 0.54117647 0.54117647
v 0.776539 0.018105 -0.100502 0.89019608 0.66274510 0.61568627
v 0.836958 0.027275 -0.100502 0.85490196 0.64313725 0.61960784
v 0.835822 0.027382 -0.100502 0.83137255 0.60784314 0.58823529
v 0.850274 0.025165 -0.100502 0.89411765 0.65098039 0.61960784
v 0.849871 0.025184 -0.100502 0.89803922 0.65098039 0.61960784
v 0.845372 0.026124 -0.100502 0.90588235 0.66666667 0.62745098
v 0.774935 0.021924 -0.100502 0.90588235 0.69411765 0.65098039
v 0.843345 0.026497 -0.100502 0.87058824 0.65490196 0.62352941
v 0.840791 0.026847 -0.100502 0.88235294 0.68235294 0.66274510
v 0.818475 0.012661 -0.100502 0.68627451 0.47843137 0.47058824
v 0.815729 0.012903 -0.100502 0.70196078 0.49019608 0.47843137
v 0.811728 0.013885 -0.100502 0.72941176 0.52156863 0.50588235
v 0.811303 0.014030 -0.100502 0.75294118 0.54509804 0.52549020
v 0.807087 0.015387 -0.100502 0.78431373 0.57254902 0.55294118
v 0.803204 0.016916 -0.100502 0.84705882 0.62745098 0.60000000
v 0.825832 0.027296 -0.100502 0.82352941 0.60392157 0.58823529
v 0.824559 0.027090 -0.100502 0.83529412 0.61176471 0.59607843
v 0.830903 0.027795 -0.100502 0.80784314 0.58039216 0.57254902
v 0.830726 0.027792 -0.100502 0.78823529 0.56078431 0.55294118
v -0.859442 0.019914 -0.101013 0.69803922 0.51372549 0.50196078
v -0.856680 0.017152 -0.100952 0.71764706 0.52941176 0.51764706
v -0.853918 0.014390 -0.102916 0.76862745 0.55686275 0.54901961
v -0.831823 0.014390 -0.103530 0.79215686 0.53725490 0.52156863
v -0.840168 0.028025 -0.102478 0.87058824 0.62352941 0.60392157
v -0.859442 0.025437 -0.101428 0.66666667 0.47843137 0.46274510
v -0.834598 0.028162 -0.103222 0.87843137 0.63529412 0.61960784
v -0.829062 0.028199 -0.102617 0.87843137 0.64313725 0.63921569
v -0.823538 0.028199 -0.101405 0.90588235 0.68235294 0.65882353
v -0.820776 0.025437 -0.104329 0.92156863 0.69803922 0.67450980
v -0.826300 0.014390 -0.102095 0.89411765 0.62745098 0.59607843
v -0.820776 0.014390 -0.101058 0.89411765 0.65882353 0.65490196
v -0.818014 0.017152 -0.103361 0.84705882 0.62352941 0.59215686
v -0.818014 0.022675 -0.104076 0.91372549 0.69803922 0.67058824
v -0.815253 0.019914 -0.103613 0.85490196 0.62745098 0.60392157
v -0.812491 0.017152 -0.101674 0.89803922 0.65882353 0.63137255
v -0.812491 0.022675 -0.103037 0.92156863 0.69803922 0.68235294
v -0.809729 0.019914 -0.102170 0.86666667 0.64313725 0.61568627
v -0.809729 0.025437 -0.102006 0.92156863 0.72156863 0.69803922
v -0.806967 0.022675 -0.101413 0.89803922 0.68235294 0.65490196
v -0.804205 0.019914 -0.100899 0.87058824 0.65098039 0.62745098
v -0.762778 0.006104 -0.103150 0.74117647 0.57254902 0.54901961
v -0.757255 0.006105 -0.104082 0.73333333 0.57254902 0.54901961
v 0.775493 0.011572 -0.100966 0.80784314 0.61568627 0.58431373
v 0.778255 0.014334 -0.102947 0.83921569 0.63529412 0.60000000
v 0.822510 0.014117 -0.103862 0.66274510 0.45098039 0.44705882
v 0.850060 0.014336 -0.100873 0.77254902 0.56470588 0.55686275
v 0.858345 0.022621 -0.101881 0.89411765 0.62352941 0.57254902
v 0.855584 0.025383 -0.101873 0.90588235 0.65098039 0.60000000
v 0.850063 0.025375 -0.100825 0.89411765 0.65098039 0.62352941
v 0.817001 0.014069 -0.102556 0.64313725 0.42745098 0.42745098
v 0.811448 0.014166 -0.100723 0.76470588 0.54509804 0.52941176
v 0.814260 0.016771 -0.103839 0.73725490 0.50588235 0.49803922
v 0.808705 0.016869 -0.102008 0.81176471 0.58039216 0.56470588
v 0.811517 0.019477 -0.103312 0.77647059 0.55686275 0.54117647
v 0.805991 0.019485 -0.101727 0.82352941 0.60000000 0.58039216
v 0.808792 0.022131 -0.102976 0.84313725 0.61960784 0.60392157
v 0.822584 0.024953 -0.103855 0.84705882 0.63137255 0.61960784
v -0.849873 0.021391 -0.096597 0.61960784 0.42745098 0.40000000
v -0.847221 0.024263 -0.096597 0.73333333 0.51372549 0.48235294
v -0.618548 0.028815 -0.096597 0.87843137 0.86274510 0.88627451
v -0.843361 0.025836 -0.096597 0.80784314 0.55686275 0.52941176
v -0.618951 0.033509 -0.096597 0.87843137 0.86274510 0.89019608
v -0.618418 0.034475 -0.096597 0.89019608 0.87450980 0.89803922
v -0.848893 0.019415 -0.096597 0.62745098 0.43921569 0.41960784
v -0.846152 0.017672 -0.096597 0.60392157 0.44705882 0.43137255
v -0.845326 0.017458 -0.096597 0.58039216 0.43921569 0.42352941
v -0.840919 0.016341 -0.096597 0.46274510 0.37254902 0.34117647
v -0.838837 0.015880 -0.096597 0.56078431 0.42352941 0.38823529
v -0.836346 0.015391 -0.096597 0.62745098 0.45098039 0.42352941
v -0.831886 0.014453 -0.096597 0.69019608 0.47058824 0.45490196
v -0.841755 0.026521 -0.096597 0.82745098 0.58431373 0.54117647
v -0.839341 0.027396 -0.096597 0.84313725 0.61176471 0.56078431
v -0.834926 0.028540 -0.096597 0.85490196 0.62352941 0.58039216
v -0.831775 0.014438 -0.096597 0.69019608 0.47058824 0.45490196
v -0.834033 0.028751 -0.096597 0.85882353 0.63137255 0.58431373
v -0.830308 0.029445 -0.096597 0.87843137 0.65882353 0.60000000
v -0.827412 0.029849 -0.096597 0.87058824 0.64313725 0.61176471
v -0.825432 0.030093 -0.096597 0.86666667 0.64313725 0.61176471
v -0.826741 0.013949 -0.096597 0.75294118 0.52156863 0.50196078
v -0.825769 0.013860 -0.096597 0.76470588 0.54117647 0.51764706
v -0.821643 0.013523 -0.096597 0.72941176 0.51764706 0.49019608
v -0.819813 0.013427 -0.096597 0.73333333 0.52156863 0.48627451
v -0.816322 0.013320 -0.096597 0.73333333 0.52941176 0.49411765
v -0.814276 0.013414 -0.096597 0.80000000 0.58823529 0.55686275
v -0.810422 0.013697 -0.096597 0.76470588 0.56470588 0.53333333
v -0.809122 0.013783 -0.096597 0.76862745 0.56862745 0.54117647
v -0.804353 0.014242 -0.096597 0.78823529 0.59215686 0.56470588
v -0.804108 0.014293 -0.096597 0.81176471 0.61176471 0.58823529
v -0.800063 0.015771 -0.096597 0.83529412 0.63529412 0.61176471
v -0.794905 0.018167 -0.096597 0.89019608 0.67843137 0.65490196
v -0.792806 0.019561 -0.096597 0.87450980 0.66274510 0.63529412
v -0.791570 0.021502 -0.096597 0.87843137 0.65882353 0.62745098
v -0.781288 0.015213 -0.096597 0.82352941 0.61568627 0.58431373
v -0.781298 0.019101 -0.096597 0.85098039 0.63529412 0.60000000
v -0.778428 0.012549 -0.096597 0.80392157 0.60000000 0.56470588
v -0.775455 0.009998 -0.096597 0.78823529 0.58823529 0.55686275
v -0.772363 0.007567 -0.096597 0.77647059 0.58431373 0.55294118
v -0.781429 0.020596 -0.096597 0.87843137 0.65882353 0.63137255
v -0.778623 0.023401 -0.096597 0.90196078 0.67843137 0.65882353
v -0.775695 0.024544 -0.096597 0.90196078 0.68235294 0.65490196
v -0.768693 0.006495 -0.096597 0.77254902 0.58431373 0.55294118
v -0.768024 0.006382 -0.096597 0.76470588 0.58039216 0.55294118
v -0.763713 0.005170 -0.096597 0.76078431 0.58039216 0.55294118
v -0.761135 0.004461 -0.096597 0.76078431 0.58431373 0.55686275
v -0.759163 0.004196 -0.096597 0.76470588 0.58823529 0.56078431
v -0.755370 0.004220 -0.096597 0.77647059 0.60000000 0.57254902
v 0.618419 0.002938 -0.096597 0.87450980 0.85490196 0.87450980
v 0.621582 0.005299 -0.096597 0.91764706 0.89803922 0.92156863
v 0.622811 0.008032 -0.096597 0.92549020 0.90980392 0.92549020
v 0.617632 0.002853 -0.096597 0.86274510 0.84313725 0.86274510
v 0.620026 0.010770 -0.096597 0.91764706 0.90588235 0.92549020
v 0.617178 0.013446 -0.096597 0.90196078 0.89019608 0.90588235
v 0.756415 0.003032 -0.096597 0.76078431 0.59215686 0.56470588
v 0.775737 0.011328 -0.096597 0.81568627 0.61960784 0.58431373
v 0.755943 0.003073 -0.096597 0.76862745 0.60000000 0.57254902
v 0.761382 0.003589 -0.096597 0.75294118 0.58431373 0.55686275
v 0.773741 0.009807 -0.096597 0.80000000 0.60784314 0.57647059
v 0.777824 0.013850 -0.096597 0.83137255 0.62745098 0.59607843
v 0.829079 0.013223 -0.096597 0.71372549 0.51372549 0.50980392
v 0.765351 0.005144 -0.096597 0.75294118 0.58431373 0.55294118
v 0.826449 0.012819 -0.096597 0.69411765 0.50196078 0.49411765
v 0.762318 0.003925 -0.096597 0.74901961 0.58039216 0.54901961
v 0.769318 0.006700 -0.096597 0.76470588 0.58823529 0.55686275
v 0.824156 0.012609 -0.096597 0.69019608 0.49411765 0.48627451
v 0.751068 0.002855 -0.096597 0.77254902 0.60392157 0.57647059
v 0.820489 0.012290 -0.096597 0.69019608 0.49019608 0.47843137
v 0.838028 0.015319 -0.096597 0.74901961 0.54509804 0.54901961
v 0.833528 0.014372 -0.096597 0.73333333 0.53333333 0.53333333
v 0.772435 0.009106 -0.096597 0.78039216 0.59607843 0.56470588
v 0.841919 0.016951 -0.096597 0.72941176 0.53725490 0.54117647
v 0.778068 0.014490 -0.096597 0.85882353 0.64705882 0.61176471
v 0.777829 0.019243 -0.096597 0.87843137 0.66274510 0.63137255
v 0.774757 0.021690 -0.096597 0.89803922 0.68235294 0.64705882
v 0.841459 0.016779 -0.096597 0.74117647 0.54509804 0.54901961
v 0.845661 0.018735 -0.096597 0.67058824 0.50588235 0.50588235
v 0.833465 0.014359 -0.096597 0.72156863 0.52156863 0.52156863
v 0.838510 0.025808 -0.096597 0.89019608 0.67843137 0.64313725
v 0.835056 0.026756 -0.096597 0.89411765 0.66666667 0.63529412
v 0.846378 0.021701 -0.096597 0.81568627 0.58823529 0.57254902
v 0.843105 0.023878 -0.096597 0.87058824 0.65882353 0.63137255
v 0.839292 0.025521 -0.096597 0.88627451 0.68627451 0.65098039
v 0.807366 0.012831 -0.096597 0.74509804 0.54901961 0.52549020
v 0.804663 0.013070 -0.096597 0.74509804 0.55294118 0.52549020
v 0.800961 0.013692 -0.096597 0.72941176 0.54901961 0.51764706
v 0.800084 0.014005 -0.096597 0.76470588 0.57254902 0.54509804
v 0.819028 0.012177 -0.096597 0.69411765 0.49803922 0.48627451
v 0.814766 0.012085 -0.096597 0.70588235 0.50980392 0.49411765
v 0.813562 0.012119 -0.096597 0.72156863 0.52156863 0.50588235
v 0.809618 0.012541 -0.096597 0.73333333 0.53725490 0.51764706
v 0.831278 0.027478 -0.096597 0.87058824 0.66666667 0.64705882
v 0.830408 0.027637 -0.096597 0.84313725 0.62745098 0.60784314
v 0.825770 0.028454 -0.096597 0.89411765 0.69411765 0.65882353
v -0.821139 0.030598 -0.096597 0.87450980 0.65098039 0.61568627
v -0.820497 0.030682 -0.096597 0.88235294 0.65490196 0.61960784
v -0.815611 0.031319 -0.096597 0.87450980 0.64705882 0.61176471
v -0.814861 0.031353 -0.096597 0.87450980 0.65098039 0.62352941
v -0.810005 0.031237 -0.096597 0.88627451 0.66666667 0.64705882
v -0.809498 0.031192 -0.096597 0.89019608 0.67058824 0.65098039
v -0.804614 0.030552 -0.096597 0.93333333 0.70196078 0.69803922
v -0.803287 0.030042 -0.096597 0.93725490 0.71372549 0.70588235
v 0.811958 0.030118 -0.096597 0.88235294 0.66274510 0.64313725
v 0.811115 0.030111 -0.096597 0.87450980 0.66666667 0.65490196
v 0.806572 0.029935 -0.096597 0.86666667 0.65490196 0.65098039
v 0.805485 0.029939 -0.096597 0.84705882 0.63529412 0.61176471
v 0.824646 0.028554 -0.096597 0.87058824 0.65490196 0.62745098
v 0.820821 0.028906 -0.096597 0.87450980 0.65490196 0.62745098
v 0.818399 0.029198 -0.096597 0.88627451 0.66666667 0.64313725
v 0.816105 0.029662 -0.096597 0.88627451 0.66274510 0.63921569
v -0.853918 0.025437 -0.099580 0.72156863 0.51372549 0.48627451
v -0.851156 0.022675 -0.097001 0.65882353 0.45882353 0.42352941
v -0.848413 0.025381 -0.097747 0.74901961 0.52549020 0.48627451
v -0.851156 0.017152 -0.098051 0.61960784 0.45882353 0.43529412
v -0.848394 0.014390 -0.100061 0.57647059 0.45882353 0.44313725
v -0.845633 0.017152 -0.096790 0.50196078 0.38823529 0.37254902
v -0.842871 0.014390 -0.099196 0.61176471 0.45882353 0.42352941
v -0.856680 0.022675 -0.098830 0.65490196 0.46666667 0.46274510
v -0.837347 0.014390 -0.098542 0.70196078 0.48627451 0.44705882
v -0.831823 0.014390 -0.096712 0.71372549 0.49411765 0.47450980
v -0.853918 0.019914 -0.097820 0.65490196 0.46274510 0.43529412
v -0.840140 0.028109 -0.099270 0.88627451 0.65490196 0.59215686
v -0.815253 0.014390 -0.099833 0.80000000 0.58431373 0.55294118
v -0.809729 0.014390 -0.098002 0.83529412 0.62352941 0.60000000
v -0.806967 0.017152 -0.100316 0.86666667 0.65490196 0.63529412
v -0.804205 0.014390 -0.096822 0.83921569 0.63529412 0.60784314
v -0.801444 0.017152 -0.098793 0.90980392 0.69803922 0.67843137
v -0.793158 0.019914 -0.096720 0.88627451 0.67450980 0.64313725
v -0.779349 0.022675 -0.096894 0.88627451 0.66666667 0.63529412
v 0.618068 0.003289 -0.096792 0.87843137 0.85882353 0.87843137
v 0.620830 0.006051 -0.096909 0.92549020 0.90588235 0.92941176
v 0.618068 0.008812 -0.097202 0.90980392 0.89411765 0.91372549
v 0.772733 0.008809 -0.099232 0.78823529 0.60000000 0.57254902
v 0.775498 0.011567 -0.097075 0.81568627 0.61960784 0.58823529
v 0.844537 0.014333 -0.099014 0.75294118 0.55686275 0.55686275
v 0.847298 0.017098 -0.097705 0.73725490 0.54509804 0.54117647
v 0.852822 0.017098 -0.099906 0.73333333 0.54901961 0.52941176
v 0.855584 0.019860 -0.099997 0.73725490 0.56078431 0.53333333
v 0.850060 0.019860 -0.097466 0.70196078 0.52941176 0.51372549
v 0.756159 0.003289 -0.099228 0.76078431 0.59215686 0.56078431
v 0.852822 0.022621 -0.098741 0.83137255 0.61568627 0.58039216
v 0.750635 0.003289 -0.099678 0.76862745 0.60000000 0.56862745
v 0.839016 0.014326 -0.097859 0.76470588 0.56078431 0.56470588
v 0.833490 0.014334 -0.096638 0.73725490 0.53333333 0.52941176
v 0.847302 0.022610 -0.097074 0.87058824 0.61176471 0.58823529
v 0.844550 0.025343 -0.098293 0.89803922 0.66666667 0.63529412
v 0.805900 0.014241 -0.098908 0.77647059 0.57254902 0.54901961
v 0.800371 0.014260 -0.097299 0.76470588 0.56862745 0.53725490
v 0.803175 0.016888 -0.100485 0.84705882 0.62745098 0.60000000
v 0.825300 0.027858 -0.099794 0.85490196 0.64313725 0.61568627
v -0.768465 0.028362 -0.096597 0.90980392 0.69803922 0.66666667
v -0.796468 0.027650 -0.096597 0.91372549 0.72156863 0.68235294
v -0.760031 0.030947 -0.096597 0.90980392 0.70196078 0.67450980
v -0.760008 0.030952 -0.096597 0.89411765 0.69019608 0.66274510
v -0.753775 0.004061 -0.096597 0.79215686 0.61568627 0.58431373
v -0.750171 0.032163 -0.096597 0.90980392 0.71372549 0.69411765
v -0.747586 0.032344 -0.096597 0.91764706 0.72156863 0.69803922
v -0.739480 0.032519 -0.096597 0.87843137 0.70196078 0.65490196
v -0.743922 0.003819 -0.096597 0.81960784 0.64313725 0.61176471
v -0.742956 0.003833 -0.096597 0.84313725 0.66274510 0.63137255
v -0.733363 0.004307 -0.096597 0.83921569 0.65490196 0.62352941
v -0.730956 0.004785 -0.096597 0.85490196 0.68235294 0.63921569
v -0.724224 0.006215 -0.096597 0.87843137 0.69411765 0.67450980
v -0.716371 0.009410 -0.096597 0.85490196 0.74901961 0.72549020
v -0.736473 0.032409 -0.096597 0.87058824 0.69411765 0.65490196
v -0.728082 0.032162 -0.096597 0.75686275 0.61960784 0.58431373
v -0.725872 0.031963 -0.096597 0.80784314 0.65490196 0.61960784
v -0.716662 0.030127 -0.096597 0.84705882 0.73333333 0.71764706
v 0.792214 0.016889 -0.096597 0.83921569 0.62745098 0.60784314
v -0.714056 0.029178 -0.096597 0.91764706 0.86666667 0.87450980
v 0.793429 0.026444 -0.096597 0.91764706 0.71764706 0.68627451
v -0.710433 0.014519 -0.096597 0.92941176 0.90196078 0.91764706
v 0.768158 0.026255 -0.096597 0.91372549 0.70588235 0.67058824
v 0.801521 0.029396 -0.096597 0.83921569 0.63137255 0.59215686
v 0.759850 0.028930 -0.096597 0.92549020 0.72156863 0.68627451
v 0.757531 0.029458 -0.096597 0.92549020 0.71764706 0.68235294
v 0.750506 0.030648 -0.096597 0.91764706 0.70980392 0.67843137
v 0.744408 0.002586 -0.096597 0.79215686 0.62352941 0.59607843
v 0.728397 0.003432 -0.096597 0.80392157 0.65098039 0.62745098
v -0.708593 0.023720 -0.096597 0.92941176 0.91764706 0.92941176
v 0.723857 0.004129 -0.096597 0.76078431 0.61568627 0.58431373
v -0.709867 0.025874 -0.096597 0.92941176 0.91764706 0.92549020
v 0.740316 0.002561 -0.096597 0.81568627 0.64705882 0.62352941
v 0.715433 0.006752 -0.096597 0.83529412 0.82352941 0.84313725
v 0.733490 0.002715 -0.096597 0.81568627 0.65098039 0.62745098
v 0.712610 0.008172 -0.096597 0.64705882 0.63921569 0.64705882
v 0.708633 0.010996 -0.096597 0.66666667 0.65490196 0.67058824
v 0.704999 0.015783 -0.096597 0.83921569 0.82745098 0.83529412
v 0.704494 0.017897 -0.096597 0.89803922 0.89019608 0.89803922
v 0.706978 0.024851 -0.096597 0.95686275 0.96078431 0.97254902
v 0.723384 0.030540 -0.096597 0.89019608 0.82745098 0.81176471
v 0.715968 0.029382 -0.096597 0.89411765 0.89019608 0.89803922
v 0.714015 0.028861 -0.096597 0.94901961 0.95294118 0.96470588
v 0.745032 0.030937 -0.096597 0.92156863 0.71372549 0.66666667
v 0.739790 0.031036 -0.096597 0.91764706 0.72156863 0.67450980
v 0.734044 0.030915 -0.096597 0.90196078 0.71764706 0.67843137
v 0.728444 0.030801 -0.096597 0.86274510 0.68627451 0.66274510
v -0.748969 0.030961 -0.098334 0.91764706 0.71372549 0.69019608
v -0.815253 0.030961 -0.097539 0.87843137 0.63921569 0.62352941
v -0.743446 0.025437 -0.103478 0.91372549 0.72941176 0.68627451
v -0.737922 0.030961 -0.098225 0.89411765 0.71372549 0.67058824
v -0.732398 0.025437 -0.101850 0.90588235 0.72941176 0.69019608
v -0.737922 0.008866 -0.103088 0.88627451 0.70588235 0.67843137
v -0.798682 0.025437 -0.098650 0.91372549 0.70196078 0.67843137
v -0.732399 0.014390 -0.104040 0.93725490 0.74117647 0.69803922
v -0.726875 0.008866 -0.099989 0.90588235 0.72549020 0.70196078
v -0.726875 0.019914 -0.102623 0.92156863 0.75686275 0.71764706
v -0.721351 0.014390 -0.100882 0.92941176 0.73333333 0.69411765
v -0.726878 0.030958 -0.097562 0.87058824 0.69803922 0.66274510
v -0.721351 0.025437 -0.099840 0.92941176 0.74901961 0.71372549
v -0.715828 0.019914 -0.099603 0.89019608 0.78039216 0.75686275
v -0.710306 0.025435 -0.096871 0.92549020 0.91764706 0.92549020
v 0.747895 0.028076 -0.100406 0.91372549 0.71372549 0.67058824
v 0.814307 0.027694 -0.100826 0.86666667 0.64313725 0.62745098
v 0.758948 0.028062 -0.098787 0.92156863 0.71764706 0.68235294
v 0.797732 0.022167 -0.099732 0.92156863 0.71764706 0.69411765
v 0.803277 0.027642 -0.099178 0.82352941 0.60392157 0.57254902
v 0.725779 0.006051 -0.099367 0.80000000 0.63137255 0.59215686
v 0.720255 0.011574 -0.101088 0.77647059 0.73725490 0.74509804
v 0.709210 0.011572 -0.097127 0.78039216 0.76862745 0.78823529
v 0.714732 0.017098 -0.100380 0.87843137 0.85882353 0.88627451
v 0.736826 0.006051 -0.102205 0.83921569 0.64705882 0.62745098
v 0.731302 0.011574 -0.104173 0.79607843 0.63921569 0.61960784
v 0.725779 0.017098 -0.103291 0.86666667 0.70196078 0.66666667
v 0.731305 0.022614 -0.102889 0.90196078 0.71764706 0.67843137
v 0.720255 0.022621 -0.100801 0.94117647 0.94117647 0.94117647
v 0.725781 0.028138 -0.098780 0.86666667 0.73333333 0.71372549
v 0.709209 0.022620 -0.097924 0.94509804 0.94509804 0.94901961
v 0.714732 0.028145 -0.097169 0.96078431 0.96470588 0.97647059
v 0.736838 0.028109 -0.099730 0.89803922 0.71764706 0.69019608
v -0.833176 0.024084 -0.092691 0.70588235 0.50980392 0.47058824
v -0.831838 0.025452 -0.092691 0.74901961 0.52941176 0.49803922
v -0.832481 0.019256 -0.092691 0.65490196 0.50588235 0.47450980
v -0.834062 0.022152 -0.092691 0.67843137 0.50980392 0.47058824
v -0.829112 0.017203 -0.092691 0.62745098 0.45490196 0.43529412
v -0.829040 0.017174 -0.092691 0.48627451 0.33333333 0.33333333
v -0.831710 0.025551 -0.092691 0.74901961 0.52941176 0.49803922
v -0.828340 0.027478 -0.092691 0.81568627 0.58431373 0.55294118
v -0.824340 0.029001 -0.092691 0.84705882 0.62745098 0.59215686
v -0.824774 0.015916 -0.092691 0.60784314 0.42745098 0.40784314
v -0.821501 0.015115 -0.092691 0.63137255 0.44313725 0.40784314
v -0.820355 0.014812 -0.092691 0.61568627 0.41960784 0.36862745
v -0.630811 0.027599 -0.092691 0.88627451 0.87058824 0.89411765
v -0.631134 0.029122 -0.092691 0.88235294 0.86274510 0.89019608
v -0.631684 0.032250 -0.092691 0.88235294 0.86666667 0.89019608
v -0.632106 0.035494 -0.092691 0.88627451 0.86666667 0.89411765
v -0.815590 0.014052 -0.092691 0.63137255 0.45490196 0.40784314
v -0.628942 0.023945 -0.092691 0.89803922 0.88235294 0.90588235
v -0.814841 0.013978 -0.092691 0.71764706 0.52156863 0.48627451
v -0.626562 0.020801 -0.092691 0.89411765 0.87843137 0.90196078
v -0.810616 0.013503 -0.092691 0.70196078 0.51372549 0.47843137
v -0.808599 0.013260 -0.092691 0.70588235 0.51372549 0.48235294
v -0.821823 0.029914 -0.092691 0.86666667 0.64313725 0.59607843
v -0.820229 0.030413 -0.092691 0.87450980 0.65098039 0.59607843
v -0.815670 0.031378 -0.092691 0.86274510 0.64313725 0.60000000
v -0.814664 0.031549 -0.092691 0.86666667 0.64705882 0.61176471
v -0.623445 0.018395 -0.092691 0.89019608 0.87843137 0.90196078
v -0.619561 0.016755 -0.092691 0.89411765 0.87450980 0.90196078
v -0.618448 0.016435 -0.092691 0.89019608 0.87058824 0.89803922
v -0.810667 0.031899 -0.092691 0.85490196 0.63921569 0.60392157
v -0.808879 0.031811 -0.092691 0.85882353 0.63921569 0.61176471
v -0.804457 0.031212 -0.092691 0.84313725 0.62352941 0.59607843
v -0.630065 0.038956 -0.092691 0.91372549 0.89411765 0.91764706
v -0.805367 0.013228 -0.092691 0.73725490 0.54901961 0.52156863
v -0.803456 0.013640 -0.092691 0.76470588 0.57254902 0.54901961
v -0.626876 0.041277 -0.092691 0.92156863 0.90588235 0.92941176
v -0.798986 0.014086 -0.092691 0.73725490 0.55294118 0.52549020
v -0.623252 0.043067 -0.092691 0.92549020 0.90980392 0.92941176
v -0.798357 0.014065 -0.092691 0.74901961 0.56470588 0.53725490
v -0.793590 0.013958 -0.092691 0.78039216 0.58823529 0.56470588
v -0.792644 0.013875 -0.092691 0.79215686 0.59607843 0.56862745
v -0.788046 0.013979 -0.092691 0.81176471 0.60784314 0.58039216
v -0.787201 0.013956 -0.092691 0.80392157 0.60392157 0.57254902
v -0.783404 0.013097 -0.092691 0.81176471 0.60784314 0.57647059
v -0.619513 0.044441 -0.092691 0.92549020 0.91372549 0.93333333
v -0.779493 0.011484 -0.092691 0.79607843 0.59607843 0.56078431
v -0.778967 0.011246 -0.092691 0.78823529 0.58823529 0.55686275
v -0.775824 0.009629 -0.092691 0.78039216 0.58823529 0.55294118
v -0.772337 0.007593 -0.092691 0.77647059 0.58431373 0.55294118
v 0.660309 0.016284 -0.092691 0.91372549 0.89803922 0.91372549
v 0.658074 0.015677 -0.092691 0.91764706 0.90588235 0.91764706
v 0.663007 0.019110 -0.092691 0.90588235 0.89803922 0.91372549
v 0.629845 0.013606 -0.092691 0.90980392 0.89803922 0.91372549
v 0.665986 0.021654 -0.092691 0.90588235 0.89411765 0.90980392
v 0.629278 0.014498 -0.092691 0.92156863 0.91372549 0.92549020
v 0.626752 0.016699 -0.092691 0.93333333 0.92549020 0.93725490
v 0.656815 0.019778 -0.092691 0.92156863 0.90980392 0.92156863
v 0.626087 0.016831 -0.092691 0.92941176 0.92549020 0.93333333
v 0.622437 0.018705 -0.092691 0.91372549 0.90196078 0.91764706
v 0.619144 0.020936 -0.092691 0.90980392 0.89411765 0.91372549
v 0.616310 0.023625 -0.092691 0.90588235 0.89019608 0.91372549
v 0.613647 0.026486 -0.092691 0.90588235 0.89019608 0.91372549
v 0.661928 0.020189 -0.092691 0.91372549 0.90588235 0.92156863
v 0.636643 0.028902 -0.092691 0.92941176 0.91372549 0.93725490
v 0.632836 0.029104 -0.092691 0.92156863 0.90588235 0.92941176
v 0.629396 0.031187 -0.092691 0.90196078 0.89019608 0.91372549
v 0.659805 0.022931 -0.092691 0.91764706 0.91372549 0.92549020
v 0.657739 0.026389 -0.092691 0.92549020 0.91764706 0.93333333
v 0.628377 0.031645 -0.092691 0.89411765 0.87843137 0.90588235
v 0.668446 0.024719 -0.092691 0.89411765 0.88235294 0.90196078
v 0.625201 0.032516 -0.092691 0.89019608 0.87058824 0.89803922
v 0.669254 0.026856 -0.092691 0.89019608 0.88235294 0.90196078
v 0.621083 0.033922 -0.092691 0.89803922 0.88235294 0.90588235
v 0.669356 0.029332 -0.092691 0.90588235 0.90196078 0.91764706
v 0.649392 0.027201 -0.092691 0.91764706 0.90588235 0.92549020
v 0.647481 0.027179 -0.092691 0.91764706 0.90980392 0.92156863
v 0.667509 0.031179 -0.092691 0.92941176 0.92156863 0.93725490
v 0.654924 0.027192 -0.092691 0.91764706 0.91372549 0.92941176
v 0.620070 0.034429 -0.092691 0.90196078 0.88627451 0.91372549
v 0.664341 0.032991 -0.092691 0.92941176 0.91764706 0.94117647
v 0.653036 0.027210 -0.092691 0.91764706 0.91372549 0.93333333
v 0.643125 0.028345 -0.092691 0.91764706 0.90980392 0.92549020
v 0.642597 0.028472 -0.092691 0.91764706 0.90980392 0.92156863
v 0.617323 0.035685 -0.092691 0.90980392 0.89411765 0.92549020
v 0.638132 0.028876 -0.092691 0.93333333 0.92156863 0.93725490
v 0.623746 -0.002389 -0.092691 0.80392157 0.78039216 0.80392157
v 0.649472 0.038168 -0.092691 0.93725490 0.92941176 0.94509804
v 0.667800 0.030926 -0.092691 0.92941176 0.92156863 0.93725490
v 0.647878 0.038622 -0.092691 0.94117647 0.93333333 0.94901961
v 0.623201 -0.002626 -0.092691 0.74901961 0.72549020 0.74901961
v 0.627215 -0.000335 -0.092691 0.81176471 0.79215686 0.80392157
v 0.622600 0.042946 -0.092691 0.92941176 0.92156863 0.93725490
v 0.619257 -0.003423 -0.092691 0.75686275 0.74117647 0.75686275
v 0.660615 0.034788 -0.092691 0.94509804 0.93333333 0.95294118
v 0.616895 -0.003408 -0.092691 0.81568627 0.79215686 0.81176471
v 0.657307 0.037004 -0.092691 0.95686275 0.94509804 0.96470588
v 0.655782 0.037382 -0.092691 0.95294118 0.94117647 0.96078431
v 0.619089 0.042975 -0.092691 0.92549020 0.91764706 0.93333333
v 0.652328 0.037548 -0.092691 0.93725490 0.92941176 0.94509804
v 0.630109 0.002295 -0.092691 0.85098039 0.83137255 0.85098039
v 0.643188 0.039456 -0.092691 0.95294118 0.93725490 0.96078431
v 0.631421 0.005594 -0.092691 0.87450980 0.86274510 0.87843137
v 0.642575 0.039542 -0.092691 0.95294118 0.93725490 0.96470588
v 0.638186 0.039978 -0.092691 0.95294118 0.94117647 0.96862745
v 0.616918 0.043104 -0.092691 0.92156863 0.90980392 0.92549020
v 0.631646 0.006282 -0.092691 0.87450980 0.85882353 0.87843137
v 0.631080 0.010777 -0.092691 0.87843137 0.86666667 0.88627451
v 0.636590 0.040003 -0.092691 0.95294118 0.93725490 0.96470588
v 0.633097 0.040412 -0.092691 0.94509804 0.93333333 0.95294118
v 0.629793 0.041277 -0.092691 0.93725490 0.92549020 0.94509804
v 0.628736 0.041575 -0.092691 0.93725490 0.92549020 0.94117647
v 0.624311 0.042673 -0.092691 0.93333333 0.92549020 0.93725490
v 0.784644 0.013376 -0.092691 0.80000000 0.60784314 0.57647059
v 0.782599 0.013016 -0.092691 0.81176471 0.61176471 0.58431373
v 0.776611 0.010435 -0.092691 0.80392157 0.60784314 0.58039216
v 0.780313 0.012243 -0.092691 0.82745098 0.62352941 0.59607843
v 0.826389 0.015913 -0.092691 0.67843137 0.49411765 0.48627451
v 0.822809 0.014680 -0.092691 0.69411765 0.50588235 0.49019608
v 0.788587 0.013440 -0.092691 0.78823529 0.59607843 0.56862745
v 0.829836 0.017987 -0.092691 0.62352941 0.46666667 0.45098039
v 0.811615 0.030521 -0.092691 0.88627451 0.66274510 0.63529412
v 0.831371 0.021964 -0.092691 0.75294118 0.56078431 0.54901961
v 0.811376 0.030551 -0.092691 0.88627451 0.65882353 0.63921569
v 0.830958 0.022812 -0.092691 0.78039216 0.58823529 0.57254902
v 0.806271 0.030310 -0.092691 0.88627451 0.66274510 0.64705882
v 0.807521 0.012686 -0.092691 0.71764706 0.53333333 0.50980392
v 0.803995 0.012459 -0.092691 0.70588235 0.52549020 0.50196078
v 0.801628 0.013030 -0.092691 0.70196078 0.52549020 0.49803922
v 0.805644 0.030267 -0.092691 0.86666667 0.65098039 0.63137255
v 0.799817 0.013744 -0.092691 0.70980392 0.53725490 0.50980392
v 0.817753 0.013488 -0.092691 0.70196078 0.50980392 0.49803922
v 0.828261 0.025047 -0.092691 0.83137255 0.61960784 0.59607843
v 0.815775 0.013167 -0.092691 0.70980392 0.52156863 0.50588235
v 0.827900 0.025234 -0.092691 0.83529412 0.61960784 0.59607843
v 0.812765 0.012954 -0.092691 0.71372549 0.52549020 0.50588235
v 0.823842 0.026639 -0.092691 0.86666667 0.62745098 0.58823529
v 0.809940 0.012881 -0.092691 0.71372549 0.52549020 0.50588235
v 0.822227 0.014539 -0.092691 0.69803922 0.50980392 0.49411765
v 0.820025 0.028246 -0.092691 0.87843137 0.65098039 0.62352941
v 0.819078 0.028615 -0.092691 0.89019608 0.66274510 0.63921569
v 0.815927 0.029570 -0.092691 0.90196078 0.68627451 0.64705882
v 0.782043 0.026756 -0.092691 0.91372549 0.70980392 0.67843137
v 0.780166 0.026606 -0.092691 0.91372549 0.70588235 0.67843137
v -0.848394 0.019913 -0.096328 0.63921569 0.44313725 0.42745098
v -0.845633 0.022675 -0.095705 0.63921569 0.44705882 0.43137255
v -0.842871 0.019914 -0.095276 0.65098039 0.46666667 0.45882353
v -0.630211 0.028199 -0.092983 0.88235294 0.86666667 0.89019608
v -0.840109 0.017152 -0.095764 0.56862745 0.44313725 0.41568627
v -0.842885 0.025395 -0.096072 0.75686275 0.52549020 0.49803922
v -0.630212 0.033723 -0.093326 0.88627451 0.87058824 0.89411765
v -0.627450 0.030961 -0.094292 0.87843137 0.86274510 0.89019608
v -0.627450 0.025437 -0.093462 0.88627451 0.87058824 0.89411765
v -0.624688 0.022675 -0.093802 0.89411765 0.87843137 0.90196078
v -0.624688 0.028199 -0.094939 0.88235294 0.86666667 0.89411765
v -0.840109 0.022675 -0.094282 0.70196078 0.48235294 0.46274510
v -0.621926 0.025437 -0.095165 0.88235294 0.86666667 0.89411765
v -0.837347 0.019914 -0.093814 0.64705882 0.48627451 0.45098039
v -0.621926 0.019914 -0.093641 0.89803922 0.88235294 0.90588235
v -0.619164 0.017152 -0.092956 0.89411765 0.87450980 0.90196078
v -0.616567 0.041862 -0.094543 0.92156863 0.90980392 0.92941176
v -0.834585 0.017152 -0.094244 0.57254902 0.42745098 0.40784314
v -0.619164 0.022675 -0.095108 0.88235294 0.86666667 0.89411765
v -0.837347 0.025437 -0.094237 0.73725490 0.53333333 0.49803922
v -0.834585 0.022675 -0.092834 0.70588235 0.51764706 0.47843137
v -0.627515 0.036425 -0.093874 0.89803922 0.88235294 0.90588235
v -0.624743 0.033672 -0.095325 0.87450980 0.85882353 0.88627451
v -0.624761 0.039181 -0.093884 0.91764706 0.90196078 0.92549020
v -0.834585 0.028199 -0.095784 0.82745098 0.60784314 0.55294118
v -0.621987 0.036429 -0.095536 0.90196078 0.88235294 0.90588235
v -0.829062 0.017152 -0.092710 0.49019608 0.33333333 0.33333333
v -0.621926 0.030961 -0.095838 0.87450980 0.85882353 0.88235294
v -0.829062 0.028199 -0.093626 0.83529412 0.60000000 0.56862745
v -0.619164 0.028199 -0.096333 0.87843137 0.86274510 0.88627451
v -0.826300 0.014390 -0.095247 0.72941176 0.51372549 0.49019608
v -0.619164 0.033723 -0.096515 0.87843137 0.86274510 0.89019608
v -0.820776 0.014390 -0.093555 0.66666667 0.46274510 0.41568627
v -0.622008 0.041936 -0.093422 0.92156863 0.90588235 0.92549020
v -0.619303 0.039122 -0.095187 0.92156863 0.90588235 0.92941176
v -0.616402 0.025437 -0.096233 0.87843137 0.86274510 0.88627451
v -0.804206 0.030961 -0.094450 0.87843137 0.66274510 0.63921569
v -0.798682 0.014390 -0.093603 0.80392157 0.60784314 0.58039216
v -0.795920 0.017152 -0.096393 0.83921569 0.63529412 0.61176471
v -0.793158 0.014390 -0.093533 0.82352941 0.62352941 0.60000000
v -0.790396 0.017152 -0.095685 0.84705882 0.63529412 0.60784314
v -0.787635 0.014390 -0.093180 0.83529412 0.62352941 0.59607843
v -0.790396 0.022675 -0.096388 0.87450980 0.64705882 0.61568627
v -0.787635 0.019914 -0.096072 0.86274510 0.64313725 0.61568627
v -0.784873 0.017152 -0.095468 0.84313725 0.62745098 0.60000000
v -0.787635 0.025437 -0.094956 0.86666667 0.63137255 0.60784314
v -0.784873 0.022675 -0.095521 0.89019608 0.66274510 0.64313725
v -0.782111 0.019914 -0.095528 0.86666667 0.64705882 0.61960784
v -0.782111 0.014390 -0.095148 0.82352941 0.61568627 0.58431373
v -0.779349 0.011628 -0.093122 0.80784314 0.60392157 0.57254902
v -0.776587 0.025437 -0.094960 0.89803922 0.67058824 0.64705882
v 0.659495 0.017098 -0.092896 0.91764706 0.90588235 0.92156863
v 0.629115 0.014336 -0.092796 0.92549020 0.91764706 0.92941176
v 0.620830 0.011574 -0.096201 0.92549020 0.91372549 0.92941176
v 0.618068 0.014336 -0.096046 0.90980392 0.89803922 0.91372549
v 0.662257 0.019860 -0.092794 0.91372549 0.90588235 0.92156863
v 0.615306 0.017098 -0.095521 0.91372549 0.90196078 0.91764706
v 0.665019 0.022621 -0.092894 0.91764706 0.90588235 0.92549020
v 0.662257 0.025383 -0.093036 0.92156863 0.91372549 0.92941176
v 0.623592 0.014336 -0.094289 0.92941176 0.92156863 0.93333333
v 0.659495 0.028145 -0.093092 0.92549020 0.91764706 0.93333333
v 0.620830 0.017098 -0.093699 0.92156863 0.90980392 0.92549020
v 0.667797 0.025368 -0.092836 0.90588235 0.89411765 0.91372549
v 0.618068 0.019860 -0.093451 0.91764706 0.90196078 0.92549020
v 0.665019 0.028145 -0.093227 0.92549020 0.91372549 0.93333333
v 0.667781 0.030907 -0.092695 0.92941176 0.92156863 0.93725490
v 0.662257 0.030907 -0.093098 0.91764706 0.90980392 0.92941176
v 0.623592 -0.002235 -0.092846 0.82352941 0.80000000 0.82352941
v 0.626354 0.000527 -0.093394 0.83137255 0.81176471 0.82745098
v 0.629115 0.003289 -0.093149 0.85882353 0.84313725 0.85882353
v 0.620830 0.000527 -0.094843 0.81960784 0.80000000 0.81960784
v 0.623592 0.003289 -0.095382 0.88235294 0.86274510 0.88627451
v 0.626354 0.006051 -0.095039 0.90588235 0.89019608 0.91372549
v 0.629115 0.008812 -0.093912 0.89803922 0.88235294 0.90196078
v 0.634639 0.030907 -0.093555 0.91764706 0.90196078 0.92549020
v 0.631877 0.033669 -0.094046 0.89803922 0.87843137 0.90980392
v 0.623592 0.008812 -0.096327 0.92156863 0.90588235 0.92156863
v 0.626354 0.011574 -0.094442 0.93333333 0.92156863 0.93333333
v 0.626354 0.033669 -0.093236 0.88235294 0.86274510 0.89019608
v 0.629115 0.036430 -0.094136 0.88627451 0.87058824 0.89803922
v 0.623592 0.036430 -0.093705 0.88627451 0.87058824 0.89411765
v 0.626354 0.039192 -0.093887 0.90588235 0.89803922 0.91764706
v 0.648448 0.028145 -0.093101 0.91764706 0.90588235 0.92549020
v 0.653972 0.028145 -0.092973 0.91372549 0.90980392 0.92941176
v 0.656734 0.030907 -0.093292 0.89803922 0.88627451 0.90980392
v 0.651210 0.030907 -0.094118 0.89411765 0.88627451 0.90588235
v 0.653972 0.033669 -0.093769 0.91372549 0.90980392 0.92549020
v 0.645686 0.030907 -0.094437 0.89803922 0.88627451 0.89803922
v 0.640163 0.030907 -0.093753 0.90980392 0.89411765 0.91372549
v 0.618068 -0.002235 -0.093494 0.80784314 0.78823529 0.80784314
v 0.615306 0.000527 -0.095099 0.81568627 0.80000000 0.82352941
v 0.642924 0.033669 -0.094725 0.89019608 0.87843137 0.89411765
v 0.648448 0.033669 -0.094794 0.89803922 0.89411765 0.90196078
v 0.651210 0.036431 -0.093342 0.93333333 0.92549020 0.93725490
v 0.645686 0.036430 -0.094206 0.93725490 0.92549020 0.94509804
v 0.618068 0.036430 -0.092965 0.90588235 0.89019608 0.91764706
v 0.615306 0.039192 -0.093351 0.89411765 0.87843137 0.90196078
v 0.620830 0.039192 -0.093715 0.89019608 0.87843137 0.89803922
v 0.623592 0.041954 -0.093177 0.92156863 0.91372549 0.92941176
v 0.618068 0.041954 -0.093101 0.91372549 0.90196078 0.91764706
v 0.659495 0.033669 -0.093030 0.92941176 0.91764706 0.94117647
v 0.656733 0.036431 -0.093043 0.95294118 0.93725490 0.96078431
v 0.637401 0.033669 -0.094629 0.90196078 0.88627451 0.90980392
v 0.640163 0.036430 -0.094562 0.93333333 0.92156863 0.94509804
v 0.634639 0.036430 -0.094368 0.92156863 0.90196078 0.93333333
v 0.637401 0.039192 -0.093242 0.94901961 0.93725490 0.96470588
v 0.642924 0.039192 -0.092904 0.94901961 0.93725490 0.96078431
v 0.631877 0.039192 -0.093524 0.93333333 0.92156863 0.94509804
v 0.783820 0.014196 -0.093584 0.82352941 0.62352941 0.59607843
v 0.778269 0.014290 -0.096237 0.84313725 0.63529412 0.60784314
v 0.789362 0.014134 -0.093897 0.77647059 0.58823529 0.56078431
v 0.786618 0.016844 -0.095351 0.81960784 0.62352941 0.59607843
v 0.792148 0.016823 -0.096517 0.77647059 0.58823529 0.56078431
v 0.789451 0.019385 -0.096196 0.87450980 0.67450980 0.64313725
v 0.781086 0.016874 -0.095130 0.85098039 0.64313725 0.61568627
v 0.783877 0.019543 -0.095643 0.87058824 0.65882353 0.63529412
v 0.786671 0.022209 -0.095995 0.89411765 0.69803922 0.65882353
v 0.827987 0.025320 -0.092772 0.84705882 0.63137255 0.60392157
v 0.827966 0.014336 -0.094525 0.68235294 0.49803922 0.49019608
v 0.825258 0.027984 -0.095043 0.89411765 0.67843137 0.63529412
v 0.822448 0.014318 -0.092987 0.69411765 0.50196078 0.49019608
v 0.833518 0.025298 -0.094410 0.84313725 0.63137255 0.59607843
v 0.836251 0.017098 -0.094952 0.72549020 0.52549020 0.52941176
v 0.841775 0.017096 -0.096496 0.73333333 0.54117647 0.54509804
v 0.844536 0.019860 -0.096030 0.74117647 0.54509804 0.54901961
v 0.839018 0.019844 -0.094894 0.72549020 0.53333333 0.54117647
v 0.778314 0.019668 -0.095885 0.87450980 0.65882353 0.63921569
v 0.775549 0.022441 -0.095350 0.89019608 0.67843137 0.65098039
v 0.841786 0.022586 -0.095748 0.81568627 0.61176471 0.59607843
v 0.830727 0.017098 -0.093273 0.70196078 0.50980392 0.50588235
v 0.833495 0.019840 -0.093299 0.71372549 0.51372549 0.51764706
v 0.836258 0.022601 -0.094213 0.81960784 0.58039216 0.56862745
v 0.781121 0.022289 -0.094962 0.90980392 0.68627451 0.67058824
v 0.839048 0.025278 -0.096269 0.87450980 0.66666667 0.63529412
v 0.783941 0.024879 -0.094078 0.91372549 0.70588235 0.67450980
v 0.778389 0.024965 -0.093683 0.90980392 0.69803922 0.68235294
v -0.822086 0.024128 -0.088785 0.81176471 0.61960784 0.58039216
v -0.686706 0.023839 -0.088785 0.90196078 0.88235294 0.91764706
v -0.685301 0.027939 -0.088785 0.91372549 0.89411765 0.92549020
v -0.821260 0.025921 -0.088785 0.78823529 0.58823529 0.54509804
v -0.685267 0.028384 -0.088785 0.91372549 0.89411765 0.92549020
v -0.820743 0.019947 -0.088785 0.73725490 0.55294118 0.51372549
v -0.645843 0.027260 -0.088785 0.89411765 0.87450980 0.90196078
v -0.646680 0.022776 -0.088785 0.87843137 0.86274510 0.88235294
v -0.817481 0.017685 -0.088785 0.70980392 0.52941176 0.48627451
v -0.643231 0.030171 -0.088785 0.87450980 0.85882353 0.88235294
v -0.813733 0.015909 -0.088785 0.66666667 0.49019608 0.44705882
v -0.643791 0.020144 -0.088785 0.89411765 0.87450980 0.90588235
v -0.640730 0.017680 -0.088785 0.90196078 0.88235294 0.90980392
v -0.809995 0.014656 -0.088785 0.63921569 0.46666667 0.43137255
v -0.818041 0.028226 -0.088785 0.72941176 0.52549020 0.47843137
v -0.817882 0.028332 -0.088785 0.73333333 0.52549020 0.47843137
v -0.814528 0.030236 -0.088785 0.78431373 0.59215686 0.53725490
v -0.809532 0.014587 -0.088785 0.57647059 0.41568627 0.38039216
v -0.635796 0.017091 -0.088785 0.89803922 0.87843137 0.90588235
v -0.810062 0.031294 -0.088785 0.82352941 0.60784314 0.57254902
v -0.635599 0.017015 -0.088785 0.89411765 0.87843137 0.90196078
v -0.642615 0.032367 -0.088785 0.85882353 0.84313725 0.86666667
v -0.809270 0.031420 -0.088785 0.83137255 0.61176471 0.58039216
v -0.804940 0.031695 -0.088785 0.83137255 0.60392157 0.57647059
v -0.642188 0.034652 -0.088785 0.87058824 0.85098039 0.87843137
v -0.642733 0.037772 -0.088785 0.89411765 0.87450980 0.90196078
v -0.804474 0.014122 -0.088785 0.67843137 0.48627451 0.45882353
v -0.642740 0.040728 -0.088785 0.91764706 0.90588235 0.92156863
v -0.640227 0.043632 -0.088785 0.92156863 0.90980392 0.92941176
v -0.636882 0.045767 -0.088785 0.92549020 0.91372549 0.92941176
v -0.803872 0.014057 -0.088785 0.65882353 0.49019608 0.46274510
v -0.633236 0.047467 -0.088785 0.93333333 0.91372549 0.93725490
v -0.799328 0.013744 -0.088785 0.70980392 0.53333333 0.50588235
v -0.632954 0.047574 -0.088785 0.93333333 0.91372549 0.93725490
v -0.629106 0.048790 -0.088785 0.93725490 0.91764706 0.94117647
v -0.797961 0.013669 -0.088785 0.72549020 0.54509804 0.52156863
v -0.794389 0.013159 -0.088785 0.74509804 0.56078431 0.53333333
v -0.625656 0.049364 -0.088785 0.93333333 0.91764706 0.93725490
v -0.624467 0.049515 -0.088785 0.93333333 0.91764706 0.94117647
v -0.632546 0.014817 -0.088785 0.88627451 0.87450980 0.89803922
v -0.791418 0.012650 -0.088785 0.76078431 0.57254902 0.54509804
v -0.629558 0.012282 -0.088785 0.87450980 0.85882353 0.88235294
v -0.789717 0.012308 -0.088785 0.77254902 0.58039216 0.55294118
v -0.625565 0.010751 -0.088785 0.86274510 0.84705882 0.87843137
v -0.784978 0.011733 -0.088785 0.77254902 0.57647059 0.54509804
v -0.622522 0.009463 -0.088785 0.86274510 0.84313725 0.87450980
v -0.619614 0.050019 -0.088785 0.92941176 0.91372549 0.93333333
v -0.784776 0.011725 -0.088785 0.78431373 0.58431373 0.55686275
v -0.780213 0.010765 -0.088785 0.77254902 0.57647059 0.54509804
v -0.777084 0.009363 -0.088785 0.77254902 0.58039216 0.54509804
v -0.776385 0.009069 -0.088785 0.77254902 0.58039216 0.54901961
v -0.772308 0.007622 -0.088785 0.77254902 0.58431373 0.54901961
v -0.685370 0.033484 -0.088785 0.93725490 0.92549020 0.93725490
v -0.689851 0.038000 -0.088785 0.91764706 0.91372549 0.91764706
v -0.687279 0.037420 -0.088785 0.94509804 0.94509804 0.94901961
v -0.685426 0.033751 -0.088785 0.94117647 0.92941176 0.93725490
v 0.635926 -0.003522 -0.088785 0.85882353 0.84313725 0.85098039
v 0.632337 -0.004537 -0.088785 0.85098039 0.83529412 0.84705882
v 0.626894 -0.005537 -0.088785 0.83137255 0.81568627 0.82745098
v 0.631592 -0.004711 -0.088785 0.85098039 0.83137255 0.84705882
v 0.639548 -0.001620 -0.088785 0.87450980 0.85882353 0.86666667
v 0.662277 0.041934 -0.088785 0.95294118 0.94901961 0.96470588
v 0.642729 0.000723 -0.088785 0.89411765 0.87450980 0.88627451
v 0.662234 0.041931 -0.088785 0.95686275 0.94901961 0.96470588
v 0.645725 0.003250 -0.088785 0.89019608 0.87058824 0.89019608
v 0.645364 0.002967 -0.088785 0.89019608 0.87058824 0.89019608
v 0.667213 0.042522 -0.088785 0.95686275 0.94901961 0.96470588
v 0.656373 0.042315 -0.088785 0.95294118 0.94901961 0.96470588
v 0.649650 0.004849 -0.088785 0.89019608 0.87058824 0.88627451
v 0.652152 0.042896 -0.088785 0.94901961 0.94117647 0.96078431
v 0.657952 0.007594 -0.088785 0.86666667 0.84705882 0.87450980
v 0.654529 0.006608 -0.088785 0.89019608 0.87058824 0.89019608
v 0.656998 0.042219 -0.088785 0.95294118 0.94901961 0.96470588
v 0.653650 0.006372 -0.088785 0.89019608 0.87058824 0.89019608
v 0.631303 0.045290 -0.088785 0.94509804 0.93333333 0.94901961
v 0.627823 0.046185 -0.088785 0.94117647 0.92941176 0.94901961
v 0.665359 0.011235 -0.088785 0.88235294 0.87058824 0.89019608
v 0.664137 0.010659 -0.088785 0.88235294 0.86666667 0.89019608
v 0.624212 0.046857 -0.088785 0.93725490 0.92549020 0.94509804
v 0.623141 0.047027 -0.088785 0.93725490 0.92941176 0.94509804
v 0.668659 0.013458 -0.088785 0.89019608 0.87450980 0.89411765
v 0.643928 0.043712 -0.088785 0.95294118 0.93725490 0.96862745
v 0.673241 0.014401 -0.088785 0.89411765 0.88235294 0.89411765
v 0.623735 -0.007615 -0.088785 0.80392157 0.78823529 0.80392157
v 0.632244 0.045083 -0.088785 0.94509804 0.93725490 0.94901961
v 0.642124 0.043916 -0.088785 0.95686275 0.94117647 0.97254902
v 0.637868 0.044249 -0.088785 0.95294118 0.94117647 0.96470588
v 0.618808 0.048217 -0.088785 0.94117647 0.93333333 0.94901961
v 0.637021 0.044336 -0.088785 0.95294118 0.94117647 0.95686275
v 0.682251 0.016439 -0.088785 0.89411765 0.88627451 0.89803922
v 0.680893 0.016239 -0.088785 0.87843137 0.87058824 0.88235294
v 0.677947 0.015219 -0.088785 0.87058824 0.85882353 0.87843137
v 0.673480 0.014408 -0.088785 0.89411765 0.88235294 0.89411765
v 0.649966 0.043198 -0.088785 0.94509804 0.94117647 0.96078431
v 0.661597 0.009473 -0.088785 0.87450980 0.85882353 0.88235294
v 0.647179 0.043447 -0.088785 0.94509804 0.93725490 0.96470588
v 0.623532 -0.007699 -0.088785 0.80000000 0.78823529 0.80000000
v 0.618201 -0.007626 -0.088785 0.80392157 0.78823529 0.80392157
v 0.781634 0.010941 -0.088785 0.78039216 0.59215686 0.56078431
v 0.786928 0.011915 -0.088785 0.77254902 0.58431373 0.55686275
v 0.786273 0.011813 -0.088785 0.78823529 0.59607843 0.56470588
v 0.813586 0.028627 -0.088785 0.88235294 0.63921569 0.60784314
v 0.810422 0.029754 -0.088785 0.88627451 0.64705882 0.61568627
v 0.806154 0.030523 -0.088785 0.91764706 0.68627451 0.66274510
v 0.779752 0.010280 -0.088785 0.78823529 0.59607843 0.56470588
v 0.805773 0.030603 -0.088785 0.88627451 0.66666667 0.63921569
v 0.777672 0.009376 -0.088785 0.78039216 0.59215686 0.56470588
v 0.820137 0.022144 -0.088785 0.67058824 0.47058824 0.44705882
v 0.820012 0.022876 -0.088785 0.70980392 0.49411765 0.47058824
v 0.817756 0.026073 -0.088785 0.83921569 0.61176471 0.60784314
v 0.814402 0.028220 -0.088785 0.87843137 0.63921569 0.60784314
v 0.806403 0.013804 -0.088785 0.69411765 0.51764706 0.49411765
v 0.805143 0.013608 -0.088785 0.65490196 0.49411765 0.46666667
v 0.678770 0.042012 -0.088785 0.93725490 0.93725490 0.94901961
v 0.801284 0.013399 -0.088785 0.65882353 0.49803922 0.47058824
v 0.799444 0.013432 -0.088785 0.67058824 0.50588235 0.47843137
v 0.814843 0.016412 -0.088785 0.72156863 0.55294118 0.52941176
v 0.673606 0.042255 -0.088785 0.94509804 0.93725490 0.95686275
v 0.812634 0.015576 -0.088785 0.71372549 0.53333333 0.50980392
v 0.818402 0.018362 -0.088785 0.72549020 0.57254902 0.55294118
v 0.682383 0.039986 -0.088785 0.94901961 0.94901961 0.96470588
v 0.810852 0.014879 -0.088785 0.70588235 0.52549020 0.50196078
v 0.678863 0.041989 -0.088785 0.94117647 0.94117647 0.95294118
v 0.673015 0.042244 -0.088785 0.94509804 0.94117647 0.95686275
v 0.668373 0.042546 -0.088785 0.95686275 0.94901961 0.96470588
v -0.803520 0.031646 -0.088785 0.82352941 0.60392157 0.57254902
v -0.799204 0.031483 -0.088785 0.83137255 0.62352941 0.58431373
v -0.798062 0.031580 -0.088785 0.87450980 0.67058824 0.63529412
v -0.794197 0.032000 -0.088785 0.87450980 0.67058824 0.63137255
v 0.795913 0.013225 -0.088785 0.68235294 0.51372549 0.48627451
v 0.793464 0.012874 -0.088785 0.73725490 0.55686275 0.52941176
v 0.791067 0.012523 -0.088785 0.76078431 0.57647059 0.54901961
v 0.794976 0.030517 -0.088785 0.89411765 0.68627451 0.65098039
v 0.794917 0.030517 -0.088785 0.90980392 0.70196078 0.66666667
v 0.800269 0.030791 -0.088785 0.87843137 0.66666667 0.63529412
v 0.784011 0.030312 -0.088785 0.90980392 0.70980392 0.66666667
v 0.783909 0.030313 -0.088785 0.90980392 0.70980392 0.66666667
v 0.789446 0.030451 -0.088785 0.91764706 0.71372549 0.68627451
v 0.789468 0.030451 -0.088785 0.91372549 0.70588235 0.67058824
v -0.831823 0.025437 -0.092680 0.71764706 0.50980392 0.47843137
v -0.831823 0.019914 -0.092316 0.69803922 0.53725490 0.50196078
v -0.829062 0.022675 -0.091182 0.73725490 0.53725490 0.49803922
v -0.688234 0.025414 -0.089525 0.90588235 0.88627451 0.91764706
v -0.644021 0.025437 -0.089084 0.89019608 0.87450980 0.89803922
v -0.641259 0.028199 -0.089291 0.87843137 0.86274510 0.88235294
v -0.685506 0.028145 -0.088856 0.91372549 0.89411765 0.92549020
v -0.826300 0.019914 -0.090616 0.71764706 0.53333333 0.49019608
v -0.641259 0.033723 -0.089095 0.85882353 0.84313725 0.87058824
v -0.638497 0.030961 -0.090245 0.87058824 0.85490196 0.87843137
v -0.826300 0.025437 -0.090722 0.75294118 0.54509804 0.51764706
v -0.641259 0.039246 -0.089410 0.90588235 0.89411765 0.91372549
v -0.823538 0.022675 -0.089408 0.78823529 0.59607843 0.55686275
v -0.638559 0.041952 -0.089796 0.91764706 0.90980392 0.92549020
v -0.641259 0.022675 -0.089408 0.89803922 0.88627451 0.90980392
v -0.823538 0.028199 -0.091341 0.80784314 0.59215686 0.54901961
v -0.638497 0.019914 -0.089468 0.89411765 0.87843137 0.90588235
v -0.638497 0.036484 -0.090312 0.88235294 0.86666667 0.89019608
v -0.823538 0.017152 -0.091284 0.52549020 0.37254902 0.34117647
v -0.635735 0.033723 -0.091242 0.87843137 0.86274510 0.88627451
v -0.820776 0.019914 -0.088808 0.67843137 0.50588235 0.46666667
v -0.818015 0.017152 -0.089312 0.64313725 0.46274510 0.42352941
v -0.635735 0.017152 -0.088807 0.89411765 0.87843137 0.90196078
v -0.815253 0.014390 -0.091820 0.65882353 0.48235294 0.43921569
v -0.635801 0.039187 -0.091301 0.90588235 0.89411765 0.91372549
v -0.809729 0.014390 -0.089166 0.63529412 0.45882353 0.41960784
v -0.633039 0.036425 -0.092370 0.89019608 0.87058824 0.89803922
v -0.815253 0.030961 -0.090716 0.83921569 0.63529412 0.57647059
v -0.635818 0.044697 -0.089648 0.92549020 0.91372549 0.93333333
v -0.633147 0.047379 -0.088865 0.93333333 0.91372549 0.93725490
v -0.633056 0.041935 -0.091406 0.91764706 0.90588235 0.92941176
v -0.693746 0.030949 -0.090980 0.92549020 0.90588235 0.93333333
v -0.630288 0.039178 -0.092592 0.91372549 0.89411765 0.91764706
v -0.690971 0.028199 -0.090579 0.91764706 0.89411765 0.92549020
v -0.691005 0.033692 -0.089928 0.94117647 0.92941176 0.95294118
v -0.630313 0.044681 -0.090970 0.92549020 0.91764706 0.93333333
v -0.688260 0.030914 -0.089729 0.92156863 0.90196078 0.92941176
v -0.688254 0.036444 -0.089234 0.94509804 0.94509804 0.94901961
v -0.627537 0.041931 -0.092342 0.92156863 0.90980392 0.92941176
v -0.685529 0.033648 -0.088829 0.93725490 0.92549020 0.93725490
v -0.627638 0.047367 -0.090015 0.92941176 0.91372549 0.93725490
v -0.624830 0.044645 -0.091801 0.92549020 0.91372549 0.93333333
v -0.622154 0.047333 -0.090696 0.93333333 0.91372549 0.93725490
v -0.638497 0.025437 -0.090258 0.87450980 0.86274510 0.88627451
v -0.635735 0.022675 -0.090709 0.89411765 0.88235294 0.90196078
v -0.619551 0.049959 -0.088846 0.93333333 0.91372549 0.93725490
v -0.635735 0.028199 -0.090955 0.89019608 0.87450980 0.89803922
v -0.632973 0.025437 -0.091778 0.89411765 0.87843137 0.90588235
v -0.619331 0.044623 -0.092630 0.92941176 0.91372549 0.93333333
v -0.632973 0.019914 -0.090451 0.89411765 0.87843137 0.90588235
v -0.616742 0.047236 -0.091455 0.92941176 0.91764706 0.93333333
v -0.630212 0.017152 -0.090347 0.88235294 0.86666667 0.89019608
v -0.630212 0.022675 -0.092091 0.89019608 0.87450980 0.89803922
v -0.627450 0.019914 -0.092155 0.89019608 0.87450980 0.89803922
v -0.632973 0.030961 -0.092062 0.87843137 0.86274510 0.89019608
v -0.627450 0.014390 -0.090152 0.87843137 0.86274510 0.89019608
v -0.624688 0.011628 -0.089342 0.87058824 0.85490196 0.88627451
v -0.624688 0.017152 -0.091889 0.89019608 0.87450980 0.89803922
v -0.621926 0.014390 -0.091214 0.89411765 0.87450980 0.90196078
v -0.619164 0.011628 -0.090425 0.89019608 0.87058824 0.89803922
v 0.634639 -0.002235 -0.089875 0.83529412 0.82352941 0.83137255
v 0.626354 -0.004997 -0.089437 0.77647059 0.76470588 0.77647059
v 0.629115 -0.002235 -0.091155 0.80784314 0.78823529 0.80392157
v 0.631877 0.000527 -0.091866 0.85882353 0.83921569 0.85490196
v 0.637401 0.000527 -0.090557 0.87058824 0.85882353 0.86666667
v 0.640163 0.003289 -0.090527 0.86666667 0.85490196 0.86274510
v 0.634639 0.003289 -0.091732 0.87058824 0.85490196 0.86666667
v 0.637401 0.006051 -0.091099 0.87058824 0.85490196 0.87058824
v 0.645686 0.003289 -0.088816 0.89019608 0.87058824 0.89019608
v 0.648448 0.006051 -0.089664 0.89019608 0.87450980 0.89019608
v 0.656733 0.008812 -0.089799 0.89803922 0.87843137 0.90196078
v 0.651210 0.008812 -0.090531 0.88235294 0.87058824 0.88627451
v 0.653972 0.011574 -0.091506 0.89411765 0.88627451 0.90196078
v 0.642924 0.006051 -0.090423 0.86666667 0.85490196 0.87058824
v 0.645686 0.008812 -0.090715 0.88235294 0.87058824 0.89019608
v 0.640163 0.008812 -0.090588 0.88235294 0.86666667 0.88235294
v 0.642925 0.011574 -0.090847 0.88235294 0.87058824 0.89019608
v 0.648448 0.011574 -0.091319 0.87450980 0.86274510 0.88235294
v 0.651210 0.014336 -0.091898 0.88627451 0.87843137 0.89411765
v 0.634639 0.008812 -0.091405 0.86666667 0.85490196 0.87058824
v 0.645686 0.014336 -0.091239 0.87843137 0.87058824 0.89019608
v 0.637401 0.011574 -0.090375 0.89019608 0.87450980 0.89411765
v 0.640163 0.014336 -0.090320 0.89803922 0.89019608 0.90588235
v 0.631877 0.011574 -0.092092 0.86666667 0.85882353 0.87843137
v 0.648448 0.017098 -0.091677 0.89411765 0.88627451 0.90588235
v 0.665056 0.011538 -0.089032 0.88235294 0.87058824 0.89019608
v 0.667820 0.014298 -0.089366 0.88627451 0.87450980 0.89411765
v 0.634639 0.014336 -0.090562 0.87058824 0.85882353 0.88235294
v 0.670564 0.017077 -0.090188 0.89803922 0.89019608 0.90588235
v 0.637401 0.017098 -0.090236 0.90980392 0.89803922 0.92549020
v 0.681673 0.017018 -0.089096 0.89019608 0.88235294 0.89411765
v 0.676122 0.017044 -0.090041 0.90980392 0.89411765 0.91372549
v 0.678885 0.019805 -0.090641 0.91372549 0.90588235 0.91764706
v 0.673328 0.019837 -0.091195 0.91372549 0.90196078 0.92156863
v 0.642924 0.017098 -0.091314 0.89411765 0.88235294 0.89803922
v 0.676089 0.022599 -0.092095 0.92156863 0.91764706 0.93333333
v 0.645686 0.019860 -0.091524 0.90588235 0.88627451 0.91372549
v 0.615306 0.028145 -0.092370 0.90588235 0.89019608 0.90980392
v 0.684413 0.019801 -0.090372 0.91764706 0.90980392 0.92156863
v 0.640163 0.019860 -0.090927 0.91764706 0.90980392 0.92549020
v 0.681619 0.022594 -0.090808 0.92941176 0.92156863 0.93725490
v 0.642924 0.022621 -0.091392 0.91372549 0.90588235 0.92156863
v 0.687139 0.022597 -0.091376 0.93333333 0.92941176 0.94117647
v 0.631877 0.017098 -0.091181 0.89411765 0.88627451 0.89803922
v 0.684372 0.025364 -0.091672 0.93725490 0.93333333 0.94901961
v 0.634639 0.019860 -0.090477 0.88627451 0.87450980 0.89411765
v 0.678849 0.025364 -0.092139 0.93333333 0.92941176 0.94509804
v 0.681607 0.028129 -0.091718 0.94901961 0.94509804 0.96078431
v 0.626354 0.017098 -0.092534 0.92941176 0.92549020 0.93333333
v 0.618068 0.030907 -0.092263 0.90196078 0.89019608 0.90980392
v 0.659495 0.011574 -0.090737 0.89803922 0.88235294 0.90196078
v 0.620830 0.033669 -0.092586 0.89803922 0.88235294 0.90980392
v 0.629115 0.019860 -0.091108 0.93333333 0.92549020 0.93725490
v 0.662273 0.014321 -0.091443 0.89019608 0.87058824 0.89411765
v 0.620830 0.044716 -0.091429 0.93333333 0.92549020 0.94117647
v 0.656733 0.014336 -0.092328 0.91764706 0.90588235 0.91764706
v 0.631877 0.022621 -0.090880 0.90196078 0.89411765 0.90980392
v 0.665036 0.017081 -0.091991 0.87450980 0.86274510 0.87843137
v 0.667799 0.019842 -0.092027 0.87058824 0.85882353 0.87843137
v 0.653972 0.017098 -0.092347 0.90980392 0.90196078 0.91372549
v 0.637401 0.022621 -0.091212 0.91372549 0.90588235 0.92156863
v 0.640163 0.025383 -0.091854 0.92549020 0.92156863 0.92941176
v 0.634639 0.025383 -0.091723 0.90196078 0.89411765 0.90980392
v 0.656734 0.019860 -0.092359 0.92156863 0.90980392 0.92156863
v 0.615306 -0.004997 -0.091481 0.81960784 0.80000000 0.81568627
v 0.637401 0.028145 -0.092366 0.93333333 0.92156863 0.93725490
v 0.618068 0.047478 -0.089619 0.94117647 0.93333333 0.94901961
v 0.620830 -0.004997 -0.090878 0.70588235 0.69411765 0.70588235
v 0.651210 0.019860 -0.091997 0.90588235 0.89803922 0.91372549
v 0.653972 0.022621 -0.092113 0.91372549 0.90588235 0.92156863
v 0.623592 0.019860 -0.092127 0.91372549 0.90588235 0.92156863
v 0.659495 0.022621 -0.092644 0.91764706 0.91372549 0.92549020
v 0.620830 0.022621 -0.091900 0.90588235 0.89411765 0.91372549
v 0.656733 0.025383 -0.092424 0.92156863 0.91764706 0.92941176
v 0.618068 0.025383 -0.092137 0.89411765 0.88235294 0.90196078
v 0.670561 0.022603 -0.092084 0.86666667 0.85882353 0.87450980
v 0.626354 0.022621 -0.091272 0.92156863 0.91372549 0.92549020
v 0.673323 0.025366 -0.092331 0.89019608 0.88627451 0.90196078
v 0.629115 0.025383 -0.090926 0.92941176 0.91764706 0.93333333
v 0.670543 0.028145 -0.092508 0.88627451 0.87843137 0.89803922
v 0.676084 0.028129 -0.092211 0.93333333 0.92941176 0.94901961
v 0.678844 0.030892 -0.091965 0.95294118 0.94901961 0.96862745
v 0.623592 0.025383 -0.091466 0.90196078 0.88627451 0.90980392
v 0.673304 0.030907 -0.092086 0.90980392 0.90196078 0.92549020
v 0.626354 0.028145 -0.091564 0.89019608 0.87843137 0.89803922
v 0.676066 0.033669 -0.091157 0.93725490 0.93333333 0.95294118
v 0.665019 0.033669 -0.092492 0.93725490 0.92549020 0.94901961
v 0.631877 0.028145 -0.092170 0.92156863 0.90588235 0.92941176
v 0.670542 0.033669 -0.091928 0.93725490 0.93333333 0.94901961
v 0.629115 0.041954 -0.092352 0.94117647 0.92941176 0.94117647
v 0.629115 0.030907 -0.092507 0.90196078 0.89019608 0.91372549
v 0.620830 0.028145 -0.091918 0.89803922 0.88627451 0.90196078
v 0.626354 0.044716 -0.090576 0.94117647 0.92941176 0.94509804
v 0.623592 0.030907 -0.092093 0.88627451 0.87058824 0.89411765
v 0.631877 0.044716 -0.089258 0.94509804 0.93333333 0.94901961
v 0.673304 0.036430 -0.090512 0.94509804 0.93725490 0.95686275
v 0.667781 0.036430 -0.091514 0.95294118 0.94509804 0.96470588
v 0.670543 0.039192 -0.090430 0.95686275 0.95294118 0.96862745
v 0.631877 0.006051 -0.092575 0.87058824 0.85882353 0.87450980
v 0.648448 0.022621 -0.091877 0.90588235 0.89803922 0.91764706
v 0.651210 0.025383 -0.092190 0.91372549 0.90196078 0.92156863
v 0.645686 0.025383 -0.092061 0.91372549 0.90588235 0.92156863
v 0.642924 0.028145 -0.092566 0.91764706 0.90980392 0.92549020
v 0.648448 0.039192 -0.092179 0.94117647 0.93333333 0.94901961
v 0.662257 0.036430 -0.092053 0.95686275 0.94901961 0.96470588
v 0.659495 0.039192 -0.091014 0.96078431 0.95294118 0.97254902
v 0.665019 0.039192 -0.090839 0.95686275 0.94901961 0.96862745
v 0.667781 0.041954 -0.089265 0.95686275 0.94901961 0.96862745
v 0.653972 0.039192 -0.091633 0.94509804 0.94117647 0.95294118
v 0.656733 0.041954 -0.089075 0.95294118 0.94901961 0.96470588
v 0.651210 0.041954 -0.089749 0.94509804 0.94117647 0.95686275
v 0.645686 0.041954 -0.090308 0.94901961 0.93725490 0.96470588
v 0.640163 0.041954 -0.090918 0.95686275 0.94509804 0.97254902
v 0.634639 0.041954 -0.091274 0.95294118 0.94117647 0.95686275
v 0.825205 0.017094 -0.091598 0.69019608 0.50588235 0.49019608
v 0.827967 0.019855 -0.091623 0.68235294 0.50196078 0.49019608
v 0.822448 0.019839 -0.089799 0.69803922 0.50980392 0.48627451
v 0.825214 0.022591 -0.090690 0.77254902 0.54509804 0.52941176
v 0.830736 0.022594 -0.092581 0.76078431 0.56862745 0.55686275
v 0.822470 0.025298 -0.090670 0.85882353 0.61176471 0.59215686
v 0.781027 0.011537 -0.090992 0.80392157 0.60784314 0.57647059
v 0.819734 0.027984 -0.091903 0.87450980 0.63921569 0.61960784
v 0.816923 0.014321 -0.091210 0.70980392 0.53725490 0.51764706
v 0.781192 0.027609 -0.092041 0.91372549 0.70980392 0.67843137
v 0.811395 0.014336 -0.089773 0.70588235 0.52549020 0.50196078
v 0.684366 0.030893 -0.091372 0.96078431 0.96078431 0.97647059
v 0.681590 0.033669 -0.090874 0.95294118 0.95294118 0.97254902
v 0.687113 0.033669 -0.090889 0.95686275 0.96078431 0.97254902
v 0.684352 0.036430 -0.090122 0.94509804 0.94509804 0.96470588
v 0.678828 0.036430 -0.090415 0.95294118 0.94901961 0.96862745
v 0.681590 0.039192 -0.089270 0.94509804 0.94901961 0.96470588
v 0.819681 0.017094 -0.089876 0.70196078 0.52156863 0.50588235
v 0.676066 0.039192 -0.089742 0.93725490 0.93333333 0.95294118
v 0.678828 0.041954 -0.088813 0.93333333 0.93333333 0.94901961
v 0.673304 0.041954 -0.088967 0.94117647 0.93725490 0.95686275
v -0.706773 0.006874 -0.088785 0.91372549 0.89411765 0.90980392
v -0.792275 0.031844 -0.088785 0.89411765 0.68235294 0.64705882
v -0.782414 0.031264 -0.088785 0.92156863 0.70588235 0.67450980
v -0.704078 0.008164 -0.088785 0.90980392 0.89411765 0.90588235
v -0.781784 0.031288 -0.088785 0.92941176 0.70980392 0.67843137
v -0.697447 0.012580 -0.088785 0.91764706 0.90588235 0.91764706
v -0.772221 0.032118 -0.088785 0.91764706 0.71764706 0.68627451
v -0.769249 0.007052 -0.088785 0.77254902 0.58431373 0.55294118
v -0.769134 0.032890 -0.088785 0.92941176 0.72549020 0.69019608
v -0.763094 0.005789 -0.088785 0.76862745 0.58823529 0.55686275
v -0.691764 0.017944 -0.088785 0.91764706 0.90588235 0.93725490
v -0.756137 0.004987 -0.088785 0.78039216 0.60392157 0.57254902
v -0.763439 0.034383 -0.088785 0.90588235 0.69803922 0.65882353
v -0.753222 0.004613 -0.088785 0.79607843 0.61960784 0.58431373
v -0.754871 0.036106 -0.088785 0.90980392 0.72156863 0.67450980
v -0.754229 0.036221 -0.088785 0.90980392 0.72156863 0.67843137
v -0.744584 0.037623 -0.088785 0.90980392 0.72156863 0.69019608
v 0.689538 0.013897 -0.088785 0.87450980 0.86274510 0.87843137
v 0.705369 0.004366 -0.088785 0.81176471 0.79607843 0.80784314
v -0.743666 0.003563 -0.088785 0.80784314 0.63529412 0.60392157
v 0.702922 0.005279 -0.088785 0.81960784 0.80000000 0.81568627
v -0.743269 0.003519 -0.088785 0.82745098 0.65882353 0.62745098
v -0.733168 0.002573 -0.088785 0.84313725 0.67843137 0.65098039
v 0.695894 0.009220 -0.088785 0.84313725 0.81960784 0.84313725
v 0.766407 0.031541 -0.088785 0.90980392 0.71372549 0.67843137
v -0.731543 0.002488 -0.088785 0.85098039 0.69411765 0.67058824
v 0.771249 0.007329 -0.088785 0.77254902 0.59215686 0.56078431
v 0.763382 0.032329 -0.088785 0.91372549 0.71372549 0.67843137
v -0.721825 0.002869 -0.088785 0.85098039 0.70980392 0.68627451
v -0.720945 0.002936 -0.088785 0.85882353 0.74509804 0.72941176
v 0.754427 0.034464 -0.088785 0.91372549 0.71372549 0.67450980
v -0.711859 0.004898 -0.088785 0.87843137 0.80392157 0.80000000
v 0.719454 0.001328 -0.088785 0.80000000 0.72941176 0.72549020
v 0.711254 0.002573 -0.088785 0.78039216 0.74901961 0.76078431
v 0.750594 0.003330 -0.088785 0.77647059 0.61176471 0.58431373
v 0.744546 0.002724 -0.088785 0.79607843 0.63529412 0.60784314
v 0.730563 0.001266 -0.088785 0.80392157 0.67058824 0.65490196
v 0.720899 0.001171 -0.088785 0.80000000 0.68627451 0.67058824
v 0.740631 0.002246 -0.088785 0.80392157 0.64705882 0.62745098
v -0.742164 0.037766 -0.088785 0.90588235 0.71764706 0.68627451
v 0.732108 0.001333 -0.088785 0.80784314 0.66274510 0.63921569
v 0.760387 0.004584 -0.088785 0.76078431 0.58823529 0.56078431
v -0.734262 0.038348 -0.088785 0.84313725 0.68235294 0.63137255
v 0.757020 0.004150 -0.088785 0.76862745 0.60000000 0.56862745
v -0.730328 0.038555 -0.088785 0.76862745 0.63137255 0.58823529
v 0.769337 0.006681 -0.088785 0.76078431 0.58823529 0.55686275
v -0.723701 0.038827 -0.088785 0.62352941 0.51764706 0.47843137
v 0.716280 0.037644 -0.088785 0.96862745 0.95294118 0.95294118
v -0.718841 0.038997 -0.088785 0.60000000 0.51764706 0.49803922
v 0.713249 0.037710 -0.088785 0.96470588 0.95686275 0.96470588
v 0.739757 0.036221 -0.088785 0.91372549 0.72156863 0.68235294
v 0.734224 0.036551 -0.088785 0.89019608 0.70196078 0.65882353
v -0.712807 0.038936 -0.088785 0.70196078 0.69019608 0.69803922
v 0.752127 0.034839 -0.088785 0.91372549 0.71764706 0.67450980
v 0.744686 0.035859 -0.088785 0.91764706 0.71764706 0.67058824
v -0.708062 0.038731 -0.088785 0.83921569 0.83137255 0.83921569
v -0.701278 0.038417 -0.088785 0.84313725 0.83137255 0.83529412
v 0.727905 0.037059 -0.088785 0.88627451 0.69019608 0.64705882
v 0.723908 0.037321 -0.088785 0.87058824 0.73333333 0.70196078
v -0.697434 0.038312 -0.088785 0.91764706 0.91372549 0.92156863
v 0.778701 0.030163 -0.088785 0.91764706 0.71372549 0.68235294
v 0.772437 0.030177 -0.088785 0.90588235 0.70980392 0.67450980
v 0.694330 0.037499 -0.088785 0.94901961 0.94509804 0.96078431
v 0.691023 0.037579 -0.088785 0.94509804 0.94901961 0.96470588
v 0.705547 0.037330 -0.088785 0.96078431 0.95294118 0.96470588
v 0.701728 0.037236 -0.088785 0.95686275 0.95686275 0.96470588
v -0.793158 0.030961 -0.091814 0.91764706 0.72156863 0.69803922
v -0.782111 0.030961 -0.089239 0.92941176 0.70980392 0.67843137
v -0.771064 0.030961 -0.090816 0.91764706 0.70588235 0.67450980
v -0.760017 0.030961 -0.096575 0.89411765 0.69019608 0.66274510
v -0.704780 0.008866 -0.089963 0.91764706 0.90196078 0.91372549
v -0.743446 0.036484 -0.090866 0.89411765 0.70980392 0.69019608
v -0.699257 0.014390 -0.090934 0.92549020 0.90980392 0.92549020
v -0.732398 0.003343 -0.093935 0.84705882 0.67450980 0.64705882
v -0.693733 0.019914 -0.090468 0.92156863 0.90980392 0.93725490
v -0.721351 0.003343 -0.090280 0.83921569 0.66666667 0.63921569
v 0.703690 0.006045 -0.090164 0.83137255 0.81176471 0.82745098
v -0.715828 0.008866 -0.095915 0.86666667 0.77254902 0.75686275
v 0.692684 0.017053 -0.091603 0.80000000 0.79215686 0.81176471
v 0.698173 0.011562 -0.091716 0.69411765 0.67450980 0.69411765
v -0.732398 0.036484 -0.091657 0.80000000 0.65490196 0.61568627
v -0.721355 0.036481 -0.091729 0.74509804 0.61960784 0.58431373
v -0.715834 0.030955 -0.095963 0.80392157 0.72549020 0.72156863
v 0.770042 0.027920 -0.092252 0.90588235 0.69411765 0.66274510
v -0.710304 0.014390 -0.096491 0.92941176 0.90196078 0.91764706
v 0.753444 0.033529 -0.090873 0.91764706 0.71372549 0.67450980
v -0.704780 0.019914 -0.095256 0.93333333 0.91372549 0.93333333
v 0.792235 0.027622 -0.095111 0.91372549 0.71764706 0.68235294
v -0.710335 0.036456 -0.090949 0.85490196 0.85098039 0.85882353
v 0.714731 0.006051 -0.095644 0.82745098 0.81176471 0.83529412
v -0.704796 0.030946 -0.093523 0.91372549 0.89803922 0.89803922
v -0.699291 0.036453 -0.089911 0.92549020 0.92156863 0.92941176
v -0.699257 0.025437 -0.093238 0.92549020 0.90980392 0.93725490
v 0.703690 0.017092 -0.096217 0.83921569 0.82745098 0.83921569
v 0.698165 0.022617 -0.094170 0.93725490 0.92941176 0.94117647
v 0.703684 0.028145 -0.094644 0.96078431 0.95686275 0.96862745
v 0.720255 0.033669 -0.093316 0.87450980 0.83137255 0.82352941
v 0.709208 0.033669 -0.092438 0.95686275 0.95686275 0.96470588
v 0.742377 0.033587 -0.092859 0.93333333 0.72156863 0.67843137
v 0.731311 0.033643 -0.093195 0.91372549 0.70980392 0.67058824
v 0.692640 0.028143 -0.092317 0.96078431 0.96470588 0.97254902
v 0.698161 0.033669 -0.091128 0.96078431 0.96078431 0.97254902
v -0.813024 0.022142 -0.084879 0.76470588 0.58039216 0.53725490
v -0.813325 0.023509 -0.084879 0.83137255 0.63529412 0.58823529
v -0.687699 0.014902 -0.084879 0.89803922 0.87058824 0.91372549
v -0.811070 0.026778 -0.084879 0.87450980 0.65490196 0.62745098
v -0.649240 0.008558 -0.084879 0.88627451 0.86666667 0.89411765
v -0.644888 0.007997 -0.084879 0.85098039 0.82745098 0.85882353
v -0.642852 0.007695 -0.084879 0.83921569 0.81568627 0.84705882
v -0.639768 0.007596 -0.084879 0.83921569 0.81568627 0.84313725
v -0.637226 0.007595 -0.084879 0.83921569 0.81960784 0.84705882
v -0.634607 0.007232 -0.084879 0.83529412 0.81568627 0.84313725
v -0.684615 0.016246 -0.084879 0.89019608 0.86666667 0.90588235
v -0.680541 0.016538 -0.084879 0.89411765 0.87450980 0.90196078
v -0.679506 0.016529 -0.084879 0.89411765 0.87058824 0.90196078
v -0.809938 0.019705 -0.084879 0.71372549 0.53725490 0.49803922
v -0.675918 0.015637 -0.084879 0.89411765 0.88235294 0.90196078
v -0.807015 0.017200 -0.084879 0.62352941 0.46666667 0.43137255
v -0.671758 0.014271 -0.084879 0.90196078 0.88627451 0.91372549
v -0.806962 0.017157 -0.084879 0.47450980 0.35686275 0.33333333
v -0.671662 0.014221 -0.084879 0.90196078 0.88627451 0.91372549
v -0.807861 0.029093 -0.084879 0.80784314 0.57647059 0.56078431
v -0.630217 0.006099 -0.084879 0.83137255 0.80784314 0.83529412
v -0.621829 0.003440 -0.084879 0.82745098 0.80392157 0.83137255
v -0.630197 0.006090 -0.084879 0.83137255 0.80784314 0.83529412
v -0.617095 0.002651 -0.084879 0.84313725 0.81960784 0.85490196
v -0.626392 0.004401 -0.084879 0.82352941 0.79607843 0.82352941
v -0.805501 0.029665 -0.084879 0.80000000 0.58039216 0.54901961
v -0.622082 0.003499 -0.084879 0.82745098 0.80392157 0.83137255
v -0.667906 0.012597 -0.084879 0.88627451 0.86666667 0.89411765
v -0.803029 0.029785 -0.084879 0.78431373 0.56862745 0.52549020
v -0.659081 0.040412 -0.084879 0.92156863 0.90588235 0.92941176
v -0.663997 0.010981 -0.084879 0.89019608 0.87450980 0.89803922
v -0.655684 0.042625 -0.084879 0.92941176 0.90980392 0.93725490
v -0.662202 0.010397 -0.084879 0.89019608 0.87450980 0.90196078
v -0.652524 0.044988 -0.084879 0.91764706 0.90588235 0.92549020
v -0.799854 0.015563 -0.084879 0.68627451 0.51372549 0.48627451
v -0.798052 0.015019 -0.084879 0.69411765 0.52156863 0.49411765
v -0.793921 0.013627 -0.084879 0.70980392 0.52941176 0.50196078
v -0.791642 0.012874 -0.084879 0.73333333 0.54901961 0.52156863
v -0.659530 0.009925 -0.084879 0.89411765 0.87843137 0.90196078
v -0.650655 0.046421 -0.084879 0.92549020 0.90980392 0.92941176
v -0.671823 0.041839 -0.084879 0.92549020 0.90980392 0.92941176
v -0.671676 0.041775 -0.084879 0.93333333 0.91764706 0.93725490
v -0.789741 0.012284 -0.084879 0.74509804 0.55686275 0.52941176
v -0.649381 0.047369 -0.084879 0.92941176 0.91372549 0.92941176
v -0.799134 0.030508 -0.084879 0.78823529 0.58039216 0.51764706
v -0.798390 0.030669 -0.084879 0.80000000 0.59215686 0.53333333
v -0.645890 0.049309 -0.084879 0.93333333 0.91764706 0.92941176
v -0.641642 0.050468 -0.084879 0.91764706 0.89411765 0.90980392
v -0.667900 0.040235 -0.084879 0.91764706 0.91372549 0.92549020
v -0.641040 0.050528 -0.084879 0.90980392 0.89019608 0.90588235
v -0.793389 0.031191 -0.084879 0.86274510 0.65098039 0.60784314
v -0.637231 0.051478 -0.084879 0.89803922 0.87450980 0.89803922
v -0.633662 0.053323 -0.084879 0.85882353 0.83529412 0.85882353
v -0.691443 0.044314 -0.084879 0.80392157 0.80392157 0.80784314
v -0.690900 0.044410 -0.084879 0.87058824 0.87058824 0.87450980
v -0.664335 0.040073 -0.084879 0.92156863 0.91764706 0.93333333
v -0.632364 0.053700 -0.084879 0.85490196 0.83137255 0.85882353
v -0.662420 0.040187 -0.084879 0.91372549 0.90196078 0.92156863
v -0.685934 0.044915 -0.084879 0.88235294 0.88235294 0.89019608
v -0.628833 0.053848 -0.084879 0.84705882 0.82352941 0.85098039
v -0.655632 0.009425 -0.084879 0.89803922 0.87843137 0.90588235
v -0.654637 0.009295 -0.084879 0.89411765 0.87450980 0.90196078
v -0.685441 0.044795 -0.084879 0.92549020 0.92156863 0.93333333
v -0.649777 0.008632 -0.084879 0.89019608 0.87058824 0.89803922
v -0.626943 0.053614 -0.084879 0.85490196 0.83137255 0.85882353
v -0.681090 0.043626 -0.084879 0.93725490 0.93333333 0.94509804
v -0.623362 0.053460 -0.084879 0.87843137 0.86274510 0.88235294
v -0.678948 0.043429 -0.084879 0.93725490 0.92549020 0.94509804
v -0.676084 0.043106 -0.084879 0.93725490 0.92549020 0.94509804
v 0.654420 0.000078 -0.084879 0.85882353 0.83921569 0.85882353
v 0.664064 0.045670 -0.084879 0.95294118 0.94901961 0.96470588
v 0.660452 0.045672 -0.084879 0.95294118 0.94509804 0.96078431
v 0.652794 -0.000651 -0.084879 0.84313725 0.82352941 0.84313725
v 0.658194 0.046017 -0.084879 0.94509804 0.93725490 0.95686275
v 0.689470 0.009218 -0.084879 0.85098039 0.82745098 0.84313725
v 0.663047 0.002499 -0.084879 0.88627451 0.86666667 0.88627451
v 0.686068 0.010357 -0.084879 0.87450980 0.86274510 0.87450980
v 0.660707 0.001739 -0.084879 0.88627451 0.87058824 0.89019608
v 0.655767 0.046511 -0.084879 0.94509804 0.93725490 0.95686275
v 0.634279 0.047837 -0.084879 0.92941176 0.91764706 0.94117647
v 0.630511 0.048873 -0.084879 0.92549020 0.91372549 0.93725490
v 0.640072 0.047569 -0.084879 0.93725490 0.92156863 0.94509804
v 0.658888 0.001134 -0.084879 0.88627451 0.86274510 0.88627451
v 0.634893 0.047732 -0.084879 0.93333333 0.91764706 0.94117647
v 0.635588 -0.008707 -0.084879 0.79607843 0.78039216 0.79215686
v 0.651784 0.046903 -0.084879 0.94901961 0.94117647 0.96862745
v 0.633953 -0.008444 -0.084879 0.79607843 0.78431373 0.79215686
v 0.650719 0.046987 -0.084879 0.95294118 0.94117647 0.96862745
v 0.630509 -0.009152 -0.084879 0.80784314 0.79607843 0.80784314
v 0.626481 0.050367 -0.084879 0.91372549 0.90588235 0.92549020
v 0.626896 -0.009978 -0.084879 0.81960784 0.80392157 0.81568627
v 0.625993 -0.010159 -0.084879 0.81568627 0.80000000 0.81568627
v 0.626078 0.050515 -0.084879 0.91372549 0.90588235 0.92549020
v 0.621049 -0.010301 -0.084879 0.77254902 0.76078431 0.77254902
v 0.639932 -0.007528 -0.084879 0.78823529 0.77254902 0.78039216
v 0.622260 0.051670 -0.084879 0.92941176 0.92156863 0.94117647
v 0.643975 -0.006047 -0.084879 0.78823529 0.76862745 0.78039216
v 0.646073 0.047091 -0.084879 0.94117647 0.92941176 0.95294118
v 0.640733 -0.007188 -0.084879 0.78823529 0.77254902 0.78039216
v 0.645350 0.047141 -0.084879 0.93725490 0.92941176 0.95294118
v 0.618971 0.052098 -0.084879 0.94509804 0.93725490 0.95294118
v 0.640245 0.047560 -0.084879 0.93725490 0.92549020 0.94509804
v 0.647711 -0.004260 -0.084879 0.80392157 0.78823529 0.80000000
v 0.650832 -0.001857 -0.084879 0.82745098 0.80784314 0.82745098
v 0.671953 0.004640 -0.084879 0.87843137 0.86666667 0.87450980
v 0.668630 0.004047 -0.084879 0.88235294 0.86666667 0.88235294
v 0.676220 0.005897 -0.084879 0.84313725 0.82745098 0.83529412
v 0.675742 0.005600 -0.084879 0.85098039 0.83529412 0.84313725
v 0.679023 0.008618 -0.084879 0.83921569 0.81960784 0.83529412
v 0.667303 0.003766 -0.084879 0.88627451 0.86666667 0.88627451
v 0.682944 0.010221 -0.084879 0.90196078 0.88627451 0.89803922
v 0.803594 0.016613 -0.084879 0.65490196 0.49411765 0.46666667
v 0.807170 0.018559 -0.084879 0.69019608 0.51764706 0.49019608
v 0.810109 0.021134 -0.084879 0.72941176 0.54117647 0.50980392
v 0.810288 0.024186 -0.084879 0.73333333 0.52549020 0.49019608
v 0.786549 0.011541 -0.084879 0.74901961 0.56470588 0.53725490
v 0.790791 0.012821 -0.084879 0.73333333 0.55686275 0.52549020
v 0.794825 0.014309 -0.084879 0.70196078 0.52941176 0.49803922
v 0.799075 0.015609 -0.084879 0.55686275 0.41960784 0.38823529
v 0.794858 0.014320 -0.084879 0.66666667 0.50196078 0.47450980
v 0.802204 0.016192 -0.084879 0.55686275 0.43137255 0.40392157
v 0.807288 0.026721 -0.084879 0.78823529 0.57254902 0.53333333
v 0.803887 0.028809 -0.084879 0.86666667 0.63921569 0.61176471
v 0.802185 0.029003 -0.084879 0.88235294 0.65490196 0.63137255
v 0.798611 0.028921 -0.084879 0.90196078 0.68627451 0.65490196
v 0.795992 0.029575 -0.084879 0.91764706 0.70196078 0.66666667
v 0.794250 0.029970 -0.084879 0.90980392 0.69019608 0.65490196
v 0.789478 0.030488 -0.084879 0.89803922 0.67843137 0.63137255
v 0.789382 0.030501 -0.084879 0.90196078 0.68627451 0.64313725
v 0.784438 0.030942 -0.084879 0.90980392 0.70196078 0.66666667
v 0.686406 0.044009 -0.084879 0.95294118 0.95294118 0.96078431
v 0.682182 0.045308 -0.084879 0.95294118 0.94901961 0.95686275
v 0.680765 0.045541 -0.084879 0.94901961 0.94509804 0.95686275
v 0.677388 0.046038 -0.084879 0.94901961 0.94509804 0.95294118
v 0.674548 0.046234 -0.084879 0.95294118 0.94509804 0.95686275
v 0.672083 0.046257 -0.084879 0.95294118 0.94901961 0.96078431
v 0.669216 0.046043 -0.084879 0.95686275 0.94901961 0.96078431
v 0.665962 0.045658 -0.084879 0.95294118 0.94509804 0.96078431
v -0.820776 0.025437 -0.088428 0.76862745 0.57647059 0.53725490
v -0.818014 0.022675 -0.087226 0.80392157 0.61568627 0.56470588
v -0.815253 0.019914 -0.086634 0.75294118 0.56862745 0.52156863
v -0.812491 0.017152 -0.086926 0.68235294 0.50980392 0.47058824
v -0.818014 0.028199 -0.088755 0.71372549 0.50980392 0.46274510
v -0.815253 0.025437 -0.086071 0.87058824 0.67450980 0.61568627
v -0.812491 0.028199 -0.085907 0.80000000 0.58823529 0.55686275
v -0.806967 0.017152 -0.084884 0.47450980 0.35686275 0.33333333
v -0.809729 0.030961 -0.087936 0.79215686 0.57254902 0.54117647
v -0.804205 0.030961 -0.086656 0.72549020 0.50980392 0.47058824
v -0.798682 0.014390 -0.086471 0.70980392 0.53333333 0.50588235
v -0.685476 0.017125 -0.085658 0.89019608 0.86666667 0.90196078
v -0.798682 0.030961 -0.085583 0.83137255 0.62352941 0.57647059
v -0.655069 0.014386 -0.086377 0.89803922 0.89019608 0.90980392
v -0.652307 0.011625 -0.085788 0.90980392 0.89411765 0.91372549
v -0.682766 0.019837 -0.086444 0.90980392 0.89019608 0.92156863
v -0.680026 0.017053 -0.085104 0.89803922 0.87450980 0.90588235
v -0.682796 0.030859 -0.088102 0.91764706 0.90196078 0.92941176
v -0.619164 0.006105 -0.087541 0.85490196 0.83529412 0.86274510
v -0.693835 0.041917 -0.086464 0.78823529 0.77647059 0.78823529
v -0.652307 0.017149 -0.086976 0.90588235 0.89411765 0.91372549
v -0.616403 0.003343 -0.085599 0.84313725 0.81568627 0.85490196
v -0.685514 0.022613 -0.088154 0.90588235 0.88627451 0.91764706
v -0.649545 0.014387 -0.086599 0.89411765 0.87058824 0.90196078
v -0.682777 0.025352 -0.087996 0.90980392 0.89411765 0.91764706
v -0.649545 0.008863 -0.085007 0.89019608 0.87058824 0.89803922
v -0.691050 0.039175 -0.088114 0.86666667 0.86274510 0.87058824
v -0.688349 0.041882 -0.086654 0.89411765 0.89411765 0.90196078
v -0.646783 0.011626 -0.086148 0.86274510 0.84313725 0.87058824
v -0.685583 0.039124 -0.087727 0.94117647 0.94509804 0.94509804
v -0.685623 0.044614 -0.085012 0.90980392 0.90588235 0.91372549
v -0.682872 0.041841 -0.086227 0.92941176 0.93333333 0.93725490
v -0.682824 0.036358 -0.087754 0.94117647 0.93333333 0.94509804
v -0.680111 0.033551 -0.087284 0.92156863 0.90588235 0.92941176
v -0.680118 0.039071 -0.086749 0.94509804 0.93333333 0.94901961
v -0.677371 0.036294 -0.086971 0.92549020 0.90588235 0.93333333
v -0.649545 0.019911 -0.087881 0.87843137 0.86666667 0.88627451
v -0.677354 0.041836 -0.085565 0.93333333 0.91764706 0.94117647
v -0.674592 0.039073 -0.086368 0.92156863 0.90588235 0.92941176
v -0.646783 0.017150 -0.087633 0.87450980 0.85490196 0.88235294
v -0.680046 0.022560 -0.087129 0.90588235 0.88627451 0.92156863
v -0.644021 0.014388 -0.087282 0.87450980 0.85490196 0.88627451
v -0.644021 0.008864 -0.085386 0.84313725 0.81960784 0.85098039
v -0.680089 0.028045 -0.087512 0.90980392 0.89411765 0.91764706
v -0.677344 0.025267 -0.087366 0.90980392 0.89019608 0.91764706
v -0.677321 0.019761 -0.085349 0.90196078 0.88235294 0.91372549
v -0.641259 0.011628 -0.086832 0.86666667 0.84705882 0.87843137
v -0.674520 0.017035 -0.085641 0.90980392 0.89411765 0.91764706
v -0.674560 0.022524 -0.087112 0.91372549 0.89803922 0.91764706
v -0.638497 0.008866 -0.085541 0.84705882 0.82745098 0.85490196
v -0.671753 0.019802 -0.086760 0.90980392 0.89019608 0.91764706
v -0.646783 0.022674 -0.088769 0.87843137 0.86274510 0.88235294
v -0.644020 0.019914 -0.088727 0.89411765 0.87450980 0.90588235
v -0.641259 0.017152 -0.088622 0.90196078 0.88235294 0.90980392
v -0.677360 0.030777 -0.087255 0.90980392 0.89411765 0.92156863
v -0.674605 0.028008 -0.087428 0.90588235 0.89019608 0.91764706
v -0.674586 0.033552 -0.086859 0.90588235 0.89019608 0.91764706
v -0.638497 0.014390 -0.087971 0.89803922 0.87843137 0.90196078
v -0.671787 0.030823 -0.087243 0.90196078 0.88235294 0.90980392
v -0.635735 0.011628 -0.086869 0.87843137 0.86274510 0.88627451
v -0.671791 0.025294 -0.087620 0.90196078 0.88235294 0.90980392
v -0.668976 0.022579 -0.087397 0.89411765 0.87450980 0.90588235
v -0.632973 0.014390 -0.088495 0.89019608 0.87843137 0.90196078
v -0.669004 0.028080 -0.087580 0.89411765 0.87843137 0.90196078
v -0.632973 0.008866 -0.086045 0.85098039 0.83137255 0.85882353
v -0.666211 0.025345 -0.087799 0.90588235 0.89019608 0.91764706
v -0.630211 0.006105 -0.084884 0.83137255 0.80784314 0.83529412
v -0.671736 0.014293 -0.084893 0.90196078 0.88627451 0.91372549
v -0.630211 0.011628 -0.088295 0.87058824 0.85490196 0.87843137
v -0.668967 0.017063 -0.086167 0.89019608 0.87843137 0.89803922
v -0.627450 0.008866 -0.087518 0.84313725 0.82352941 0.85098039
v -0.666188 0.014316 -0.085639 0.89411765 0.87843137 0.90196078
v -0.663393 0.011585 -0.085194 0.89411765 0.87843137 0.90196078
v -0.624688 0.006105 -0.086334 0.83921569 0.81176471 0.84313725
v -0.627768 0.052782 -0.085737 0.87058824 0.84313725 0.87450980
v -0.666189 0.019840 -0.087220 0.90980392 0.89019608 0.91764706
v -0.657850 0.039228 -0.085168 0.90196078 0.88627451 0.90980392
v -0.625004 0.050019 -0.088304 0.92941176 0.91372549 0.93725490
v -0.622431 0.052622 -0.085936 0.88627451 0.86666667 0.89411765
v -0.655068 0.042008 -0.085140 0.90588235 0.88627451 0.91372549
v -0.655068 0.036484 -0.085779 0.87450980 0.85882353 0.88235294
v -0.663413 0.017091 -0.086909 0.91764706 0.89803922 0.92156863
v -0.652306 0.039246 -0.085981 0.88627451 0.87058824 0.89411765
v -0.663430 0.022601 -0.087708 0.90980392 0.89803922 0.92156863
v -0.652306 0.044770 -0.085006 0.91764706 0.90588235 0.92549020
v -0.660635 0.019869 -0.087497 0.90980392 0.89803922 0.91764706
v -0.649544 0.042008 -0.086427 0.91372549 0.89803922 0.92156863
v -0.660625 0.014354 -0.086297 0.90588235 0.89019608 0.90980392
v -0.646782 0.044770 -0.086709 0.92549020 0.91372549 0.92941176
v -0.657862 0.011593 -0.085577 0.90196078 0.88627451 0.91372549
v -0.644020 0.047532 -0.086220 0.93333333 0.91764706 0.92941176
v -0.652306 0.033723 -0.086677 0.85490196 0.83921569 0.86274510
v -0.657849 0.017130 -0.087036 0.90588235 0.89019608 0.90980392
v -0.649544 0.036484 -0.086892 0.85098039 0.83529412 0.86274510
v -0.649544 0.030961 -0.087637 0.85882353 0.83921569 0.86274510
v -0.646782 0.033723 -0.087926 0.85098039 0.83529412 0.85882353
v -0.671805 0.036333 -0.086443 0.89411765 0.87843137 0.90588235
v -0.646782 0.039246 -0.087350 0.89803922 0.88235294 0.90980392
v -0.644020 0.036484 -0.088247 0.87843137 0.85882353 0.89019608
v -0.646782 0.028199 -0.088589 0.89411765 0.87450980 0.89803922
v -0.644021 0.030961 -0.088621 0.89411765 0.87843137 0.90196078
v -0.669019 0.033593 -0.086746 0.89019608 0.87450980 0.90196078
v -0.668998 0.039137 -0.085366 0.91372549 0.90588235 0.92156863
v -0.644021 0.042008 -0.088185 0.92156863 0.90980392 0.92941176
v -0.641306 0.044728 -0.088084 0.92156863 0.90980392 0.92941176
v -0.666227 0.036383 -0.085938 0.90588235 0.88627451 0.90980392
v -0.641371 0.050196 -0.085083 0.92156863 0.89803922 0.91372549
v -0.638569 0.047469 -0.087383 0.92941176 0.91764706 0.92941176
v -0.635907 0.050144 -0.086233 0.92549020 0.90196078 0.92549020
v -0.666205 0.030876 -0.087195 0.90196078 0.88627451 0.90980392
v -0.663400 0.028155 -0.087754 0.91372549 0.89411765 0.92156863
v -0.663446 0.033637 -0.086481 0.90196078 0.88235294 0.90980392
v -0.660634 0.030921 -0.087197 0.89803922 0.88627451 0.90588235
v -0.633202 0.052859 -0.085315 0.85882353 0.83137255 0.86274510
v -0.663425 0.039182 -0.085144 0.91764706 0.90980392 0.92549020
v -0.630438 0.050097 -0.087620 0.93333333 0.90980392 0.93725490
v -0.660636 0.036443 -0.085495 0.89803922 0.88627451 0.90196078
v -0.657856 0.033698 -0.086237 0.88235294 0.87058824 0.89019608
v -0.621926 0.008866 -0.088628 0.85882353 0.83921569 0.87058824
v -0.660634 0.025396 -0.087979 0.91372549 0.89803922 0.92156863
v -0.657874 0.022631 -0.087894 0.92156863 0.90588235 0.92549020
v -0.657855 0.028173 -0.087861 0.91372549 0.89411765 0.92156863
v -0.655069 0.025435 -0.088035 0.91372549 0.89803922 0.92156863
v -0.655069 0.019911 -0.087587 0.91372549 0.89803922 0.91764706
v -0.652307 0.022673 -0.088267 0.89803922 0.88235294 0.90588235
v -0.655068 0.030961 -0.087143 0.87058824 0.85490196 0.87843137
v -0.652307 0.028197 -0.087804 0.87450980 0.85490196 0.87450980
v -0.649545 0.025435 -0.088529 0.87450980 0.85882353 0.88235294
v 0.653972 0.000527 -0.085228 0.85098039 0.83529412 0.85098039
v 0.662257 0.003289 -0.085367 0.88627451 0.87058824 0.89411765
v 0.656733 0.003289 -0.086441 0.86666667 0.84705882 0.87058824
v 0.659495 0.006051 -0.087495 0.88235294 0.86274510 0.88627451
v 0.634639 -0.007759 -0.085450 0.80000000 0.78431373 0.79215686
v 0.662257 0.041954 -0.088762 0.95294118 0.94509804 0.96862745
v 0.637401 -0.004997 -0.087313 0.83137255 0.81176471 0.81960784
v 0.642924 -0.004997 -0.085742 0.79215686 0.77647059 0.78431373
v 0.645686 -0.002235 -0.086654 0.81176471 0.79607843 0.80784314
v 0.640163 -0.002235 -0.088291 0.86274510 0.84705882 0.85490196
v 0.642924 0.000527 -0.088621 0.89019608 0.87058824 0.88235294
v 0.687193 0.011496 -0.085792 0.87058824 0.85490196 0.86666667
v 0.629115 -0.007759 -0.086603 0.82745098 0.81176471 0.81960784
v 0.631877 -0.004997 -0.088515 0.84705882 0.83137255 0.84313725
v 0.634639 0.047478 -0.085255 0.93333333 0.92156863 0.94117647
v 0.629115 0.047478 -0.086990 0.93725490 0.92549020 0.94901961
v 0.626354 0.050239 -0.085058 0.91764706 0.90588235 0.92941176
v 0.623592 0.047478 -0.088279 0.93725490 0.92549020 0.94117647
v 0.620830 0.050240 -0.086449 0.93725490 0.92941176 0.94901961
v 0.665019 0.044716 -0.085924 0.95294118 0.94509804 0.96078431
v 0.623592 -0.007759 -0.088747 0.80000000 0.78823529 0.80000000
v 0.648448 0.000527 -0.086803 0.84705882 0.82745098 0.84313725
v 0.651210 0.003289 -0.087560 0.87058824 0.84705882 0.86274510
v 0.653972 0.044716 -0.086752 0.94901961 0.94117647 0.96078431
v 0.653972 0.006051 -0.088530 0.88627451 0.86666667 0.88627451
v 0.659495 0.044716 -0.085808 0.95294118 0.94901961 0.96078431
v 0.670592 0.006002 -0.085500 0.88235294 0.86666667 0.88235294
v 0.642924 0.044716 -0.087843 0.95294118 0.94117647 0.96862745
v 0.676130 0.005986 -0.084955 0.84313725 0.82745098 0.83529412
v 0.637401 0.044716 -0.088309 0.95294118 0.94117647 0.96078431
v 0.640163 0.047478 -0.085001 0.93333333 0.92156863 0.94509804
v 0.648448 0.044716 -0.087391 0.94901961 0.93725490 0.96470588
v 0.678904 0.008738 -0.084981 0.83529412 0.81960784 0.83137255
v 0.673359 0.008758 -0.086278 0.89019608 0.87450980 0.89019608
v 0.676131 0.011511 -0.087101 0.87843137 0.85490196 0.87843137
v 0.665041 0.006028 -0.086128 0.89019608 0.87450980 0.89411765
v 0.667824 0.008770 -0.086977 0.89019608 0.87450980 0.90196078
v 0.662257 0.008812 -0.088192 0.88235294 0.86666667 0.88627451
v 0.670589 0.011529 -0.087695 0.89019608 0.87450980 0.89411765
v 0.673354 0.014288 -0.088720 0.89411765 0.88235294 0.89411765
v 0.681680 0.011486 -0.085789 0.88627451 0.87058824 0.88627451
v 0.684446 0.014244 -0.087391 0.90588235 0.89019608 0.90588235
v 0.678903 0.014263 -0.087967 0.85882353 0.84705882 0.86666667
v 0.814158 0.017094 -0.088121 0.72156863 0.54901961 0.52549020
v 0.816926 0.019837 -0.087749 0.73725490 0.56862745 0.54509804
v 0.819694 0.022578 -0.088629 0.67450980 0.47450980 0.44705882
v 0.805871 0.014336 -0.087860 0.65882353 0.49803922 0.47058824
v 0.808634 0.017094 -0.085922 0.70196078 0.52549020 0.49803922
v 0.811397 0.019853 -0.085577 0.72156863 0.54117647 0.51764706
v 0.814165 0.022594 -0.086366 0.73725490 0.54117647 0.50980392
v 0.816947 0.025297 -0.088046 0.79215686 0.57254902 0.56470588
v 0.811421 0.025305 -0.085529 0.76862745 0.53725490 0.50980392
v 0.814198 0.028020 -0.088503 0.87058824 0.63137255 0.60392157
v 0.794836 0.014298 -0.084899 0.70588235 0.53333333 0.50196078
v 0.786548 0.011542 -0.085753 0.76470588 0.57647059 0.54901961
v 0.800347 0.014336 -0.086716 0.62352941 0.47450980 0.44705882
v 0.808662 0.028059 -0.086140 0.87450980 0.64313725 0.61176471
v 0.800441 0.030630 -0.088004 0.91372549 0.69411765 0.66666667
v 0.789457 0.030442 -0.088705 0.90980392 0.69803922 0.66274510
v 0.783961 0.030358 -0.088569 0.91372549 0.70588235 0.67058824
v 0.676066 0.044716 -0.086585 0.94509804 0.93725490 0.95294118
v 0.684352 0.041954 -0.087185 0.95294118 0.94901961 0.96078431
v 0.681590 0.044716 -0.085573 0.94901961 0.94509804 0.95686275
v 0.670542 0.044716 -0.086570 0.95294118 0.94901961 0.96078431
v -0.872820 0.017582 -0.080974 0.61568627 0.49411765 0.48235294
v -0.868514 0.016365 -0.080974 0.66274510 0.51764706 0.50588235
v -0.866772 0.016197 -0.080974 0.74901961 0.56078431 0.55294118
v -0.862727 0.016628 -0.080974 0.88235294 0.63137255 0.62352941
v -0.861820 0.016769 -0.080974 0.92941176 0.66274510 0.65882353
v -0.857635 0.018107 -0.080974 0.92549020 0.70588235 0.69411765
v -0.878212 0.023238 -0.080974 0.64313725 0.48627451 0.47843137
v -0.878095 0.027520 -0.080974 0.68235294 0.49803922 0.49803922
v -0.875930 0.019996 -0.080974 0.61568627 0.48235294 0.47450980
v -0.873772 0.028720 -0.080974 0.78431373 0.50588235 0.50196078
v -0.872878 0.028572 -0.080974 0.78431373 0.50588235 0.50196078
v -0.868698 0.027228 -0.080974 0.76470588 0.51372549 0.50980392
v -0.865434 0.025906 -0.080974 0.74509804 0.49019608 0.49803922
v -0.802485 0.021634 -0.080974 0.77254902 0.58431373 0.54117647
v -0.803088 0.024320 -0.080974 0.90980392 0.69411765 0.64313725
v -0.798974 0.025729 -0.080974 0.90196078 0.68627451 0.63137255
v -0.799506 0.020738 -0.080974 0.72156863 0.54509804 0.50980392
v -0.796420 0.016652 -0.080974 0.68235294 0.50980392 0.48235294
v -0.693069 0.008202 -0.080974 0.90196078 0.88627451 0.90588235
v -0.689147 0.009781 -0.080974 0.89803922 0.87058824 0.89803922
v -0.798395 0.019627 -0.080974 0.67843137 0.50588235 0.47843137
v -0.798574 0.020022 -0.080974 0.69411765 0.52156863 0.48627451
v -0.793356 0.014587 -0.080974 0.67450980 0.50588235 0.47450980
v -0.686058 0.012193 -0.080974 0.88627451 0.86274510 0.89803922
v -0.793095 0.014453 -0.080974 0.68627451 0.50980392 0.48235294
v -0.684942 0.012135 -0.080974 0.88235294 0.85882353 0.89803922
v -0.789762 0.012262 -0.080974 0.71372549 0.53333333 0.50196078
v -0.681464 0.010089 -0.080974 0.87058824 0.84705882 0.88235294
v -0.796468 0.028747 -0.080974 0.90980392 0.69803922 0.64705882
v -0.677667 0.008360 -0.080974 0.86666667 0.84705882 0.87843137
v -0.675706 0.007301 -0.080974 0.86274510 0.84313725 0.87450980
v -0.674123 0.006380 -0.080974 0.86274510 0.83921569 0.87058824
v -0.670267 0.004711 -0.080974 0.84313725 0.81960784 0.85098039
v -0.666471 0.003610 -0.080974 0.82352941 0.80392157 0.83529412
v -0.794294 0.029825 -0.080974 0.91764706 0.69803922 0.65490196
v 0.869923 0.016568 -0.080974 0.71372549 0.45882353 0.49019608
v 0.868094 0.015799 -0.080974 0.65098039 0.41960784 0.45490196
v -0.792701 0.030504 -0.080974 0.91372549 0.69803922 0.65490196
v 0.873143 0.018863 -0.080974 0.80392157 0.57647059 0.58039216
v 0.875327 0.022202 -0.080974 0.87058824 0.68627451 0.67450980
v 0.875503 0.023190 -0.080974 0.87843137 0.72156863 0.70588235
v -0.686671 0.049089 -0.080974 0.91764706 0.91372549 0.92156863
v -0.665967 0.003488 -0.080974 0.82352941 0.80392157 0.83529412
v -0.864647 0.025756 -0.080974 0.74901961 0.48235294 0.49019608
v -0.684828 0.049386 -0.080974 0.92941176 0.92549020 0.93333333
v -0.859902 0.024977 -0.080974 0.79607843 0.50196078 0.51372549
v -0.680676 0.049563 -0.080974 0.93333333 0.92941176 0.94117647
v -0.858334 0.024330 -0.080974 0.83529412 0.57647059 0.57647059
v -0.661735 0.002196 -0.080974 0.86666667 0.85098039 0.88235294
v -0.642076 0.001396 -0.080974 0.81568627 0.79215686 0.81960784
v -0.679573 0.049628 -0.080974 0.93725490 0.92941176 0.94509804
v -0.856089 0.023267 -0.080974 0.85490196 0.61568627 0.61176471
v -0.659371 0.002088 -0.080974 0.87843137 0.86274510 0.89411765
v -0.640499 0.001339 -0.080974 0.81960784 0.79215686 0.82352941
v -0.674791 0.049923 -0.080974 0.93333333 0.92156863 0.93725490
v -0.636654 0.001500 -0.080974 0.83529412 0.80784314 0.83529412
v -0.854758 0.020754 -0.080974 0.89019608 0.65882353 0.65098039
v -0.634851 0.001466 -0.080974 0.83137255 0.80784314 0.83529412
v -0.674218 0.049855 -0.080974 0.93725490 0.92941176 0.94117647
v -0.630430 0.000800 -0.080974 0.82352941 0.80000000 0.83529412
v -0.655689 0.002718 -0.080974 0.87450980 0.85882353 0.88235294
v -0.670055 0.049128 -0.080974 0.93725490 0.93333333 0.94509804
v -0.625437 -0.000168 -0.080974 0.81568627 0.79607843 0.81960784
v -0.630092 0.000701 -0.080974 0.82352941 0.79607843 0.83529412
v -0.667717 0.048967 -0.080974 0.94117647 0.93725490 0.94509804
v -0.623834 -0.000273 -0.080974 0.81960784 0.79607843 0.82352941
v -0.654695 0.002942 -0.080974 0.87058824 0.85490196 0.87843137
v -0.650292 0.002593 -0.080974 0.84313725 0.82352941 0.85098039
v -0.648504 0.002299 -0.080974 0.84313725 0.82352941 0.85098039
v -0.663452 0.050299 -0.080974 0.93333333 0.92156863 0.94117647
v -0.645476 0.001885 -0.080974 0.82352941 0.80392157 0.83529412
v -0.663319 0.050334 -0.080974 0.93333333 0.91764706 0.94117647
v -0.658598 0.051011 -0.080974 0.91372549 0.89019608 0.92156863
v -0.656617 0.051510 -0.080974 0.90588235 0.87843137 0.90980392
v -0.654344 0.052332 -0.080974 0.86666667 0.83921569 0.87058824
v -0.650243 0.053754 -0.080974 0.85098039 0.81960784 0.85098039
v -0.647594 0.055006 -0.080974 0.87450980 0.84313725 0.86666667
v -0.646388 0.055423 -0.080974 0.88235294 0.85490196 0.87450980
v -0.641784 0.055309 -0.080974 0.89019608 0.86666667 0.87843137
v -0.640979 0.055293 -0.080974 0.89019608 0.86666667 0.87843137
v -0.636497 0.056110 -0.080974 0.90980392 0.88627451 0.90196078
v -0.634739 0.056857 -0.080974 0.91764706 0.89019608 0.90980392
v -0.632524 0.057520 -0.080974 0.92549020 0.90196078 0.92156863
v -0.629041 0.057048 -0.080974 0.91764706 0.89803922 0.92156863
v -0.625817 0.055959 -0.080974 0.91764706 0.89411765 0.91764706
v -0.624885 0.055711 -0.080974 0.91764706 0.89803922 0.92156863
v 0.637376 0.050215 -0.080974 0.90980392 0.89803922 0.91764706
v 0.660827 0.048907 -0.080974 0.94901961 0.94117647 0.95686275
v 0.633054 0.051416 -0.080974 0.90588235 0.89411765 0.91372549
v 0.629422 0.052695 -0.080974 0.90196078 0.89019608 0.90980392
v 0.628985 0.052871 -0.080974 0.90196078 0.89411765 0.91372549
v 0.621052 0.055541 -0.080974 0.94509804 0.93725490 0.94901961
v 0.658327 0.049072 -0.080974 0.94901961 0.93725490 0.95686275
v 0.620662 0.055595 -0.080974 0.93725490 0.93333333 0.94509804
v 0.624981 0.054390 -0.080974 0.92549020 0.92156863 0.93333333
v 0.652497 -0.009046 -0.080974 0.81960784 0.80784314 0.81568627
v 0.650146 -0.008822 -0.080974 0.82352941 0.80784314 0.81960784
v 0.637439 0.050202 -0.080974 0.90980392 0.89803922 0.92156863
v 0.646999 -0.009072 -0.080974 0.81176471 0.80000000 0.81176471
v 0.643844 -0.009601 -0.080974 0.80392157 0.78823529 0.80000000
v 0.649478 0.049210 -0.080974 0.93333333 0.92156863 0.94509804
v 0.647431 0.049222 -0.080974 0.92941176 0.91764706 0.94117647
v 0.659770 -0.005272 -0.080974 0.83921569 0.82352941 0.83137255
v 0.655065 0.049146 -0.080974 0.94509804 0.93725490 0.95686275
v 0.652946 0.049214 -0.080974 0.94509804 0.93333333 0.95686275
v 0.658558 -0.005933 -0.080974 0.83921569 0.81960784 0.83137255
v 0.643795 0.049369 -0.080974 0.92549020 0.91372549 0.93333333
v 0.668977 -0.003432 -0.080974 0.84705882 0.83921569 0.84705882
v 0.642147 0.049462 -0.080974 0.92549020 0.90980392 0.92941176
v 0.665885 -0.004182 -0.080974 0.84705882 0.83529412 0.84705882
v 0.676144 0.000449 -0.080974 0.80784314 0.78431373 0.80784314
v 0.675958 0.000310 -0.080974 0.80784314 0.78431373 0.80784314
v 0.664579 -0.004558 -0.080974 0.84313725 0.83137255 0.83921569
v 0.656342 -0.007367 -0.080974 0.83529412 0.81960784 0.83137255
v 0.642213 -0.009809 -0.080974 0.80000000 0.78431373 0.79607843
v 0.638139 -0.009782 -0.080974 0.80000000 0.78431373 0.79607843
v 0.677736 0.002081 -0.080974 0.81960784 0.80000000 0.82352941
v 0.636730 -0.009849 -0.080974 0.80392157 0.78823529 0.80000000
v 0.632016 -0.010381 -0.080974 0.80392157 0.78823529 0.80000000
v 0.681922 0.005719 -0.080974 0.88235294 0.86274510 0.87450980
v 0.631764 -0.010407 -0.080974 0.80784314 0.79215686 0.80392157
v 0.621266 -0.010957 -0.080974 0.80000000 0.78823529 0.80000000
v 0.620403 -0.010947 -0.080974 0.80000000 0.78823529 0.80000000
v 0.679396 0.003732 -0.080974 0.85098039 0.82745098 0.84705882
v 0.672685 -0.001616 -0.080974 0.83921569 0.81960784 0.83529412
v 0.626890 -0.011057 -0.080974 0.80784314 0.79215686 0.80392157
v 0.687759 0.005405 -0.080974 0.83137255 0.81176471 0.82352941
v 0.625736 -0.011138 -0.080974 0.80392157 0.78823529 0.80392157
v 0.678880 0.003237 -0.080974 0.84313725 0.81960784 0.83921569
v 0.686762 0.005569 -0.080974 0.83921569 0.81960784 0.83137255
v 0.691328 0.004652 -0.080974 0.83529412 0.81960784 0.83529412
v 0.615857 -0.011071 -0.080974 0.80000000 0.78431373 0.80000000
v 0.789993 0.013591 -0.080974 0.71764706 0.54117647 0.50980392
v 0.787470 0.012411 -0.080974 0.72941176 0.54901961 0.52156863
v 0.793271 0.015847 -0.080974 0.70196078 0.52941176 0.49803922
v 0.795722 0.018935 -0.080974 0.71764706 0.54117647 0.50980392
v 0.798169 0.022005 -0.080974 0.74901961 0.56862745 0.53333333
v 0.786166 0.011897 -0.080974 0.74117647 0.56078431 0.52941176
v 0.798103 0.023049 -0.080974 0.91372549 0.71372549 0.67843137
v 0.859446 0.015777 -0.080974 0.63137255 0.40784314 0.41960784
v 0.857901 0.016166 -0.080974 0.62352941 0.40784314 0.41960784
v 0.865579 0.015334 -0.080974 0.61960784 0.41568627 0.44705882
v 0.862395 0.015356 -0.080974 0.63529412 0.40784314 0.43529412
v 0.854448 0.018139 -0.080974 0.70588235 0.48627451 0.48627451
v 0.853749 0.021461 -0.080974 0.78039216 0.56078431 0.55686275
v 0.862208 0.023999 -0.080974 0.83137255 0.63137255 0.60392157
v 0.795350 0.025730 -0.080974 0.90588235 0.70196078 0.66274510
v 0.859865 0.023598 -0.080974 0.83529412 0.63137255 0.60000000
v 0.792300 0.028043 -0.080974 0.89019608 0.67843137 0.63137255
v 0.857590 0.023160 -0.080974 0.80784314 0.58823529 0.57647059
v 0.791695 0.028337 -0.080974 0.89019608 0.67450980 0.63137255
v 0.788599 0.029728 -0.080974 0.89803922 0.67450980 0.62745098
v 0.784789 0.031428 -0.080974 0.90588235 0.69411765 0.65098039
v 0.870555 0.026896 -0.080974 0.76862745 0.70588235 0.68235294
v 0.867193 0.025582 -0.080974 0.86274510 0.71764706 0.69803922
v 0.873757 0.026946 -0.080974 0.81568627 0.69803922 0.67450980
v 0.866508 0.025302 -0.080974 0.86666667 0.70980392 0.69019608
v 0.683568 0.048261 -0.080974 0.95294118 0.94901961 0.96078431
v 0.680466 0.049115 -0.080974 0.94901961 0.94117647 0.95294118
v 0.689159 0.046761 -0.080974 0.95686275 0.95294118 0.96078431
v 0.684805 0.047931 -0.080974 0.95686275 0.95294118 0.96470588
v 0.671857 0.048925 -0.080974 0.95686275 0.94901961 0.96078431
v 0.669243 0.048940 -0.080974 0.96078431 0.95294118 0.96078431
v 0.676898 0.049408 -0.080974 0.94901961 0.94509804 0.95686275
v 0.675074 0.049248 -0.080974 0.95686275 0.95294118 0.96470588
v 0.666362 0.048896 -0.080974 0.95686275 0.94901961 0.96078431
v 0.663642 0.048863 -0.080974 0.94901961 0.94509804 0.95686275
v -0.689578 0.048633 -0.080974 0.90196078 0.89411765 0.90588235
v -0.870489 0.019914 -0.083328 0.54509804 0.46274510 0.45490196
v -0.867727 0.017152 -0.081886 0.63137255 0.50980392 0.49019608
v -0.867727 0.022675 -0.083424 0.63529412 0.42352941 0.44313725
v -0.864965 0.019914 -0.082913 0.84705882 0.61176471 0.60000000
v -0.862203 0.017152 -0.081319 0.92549020 0.65490196 0.65098039
v -0.864965 0.025437 -0.081241 0.74509804 0.48235294 0.49019608
v -0.862203 0.022675 -0.082346 0.84705882 0.58431373 0.57254902
v -0.859442 0.019914 -0.081957 0.92549020 0.69803922 0.68627451
v -0.876012 0.025437 -0.082822 0.61568627 0.46274510 0.45490196
v -0.873251 0.022675 -0.083527 0.56862745 0.47058824 0.46666667
v -0.873251 0.028199 -0.081380 0.77254902 0.49411765 0.49019608
v -0.870489 0.025437 -0.082712 0.69411765 0.46274510 0.47450980
v -0.812491 0.022675 -0.084588 0.78039216 0.59607843 0.54901961
v -0.809729 0.025437 -0.083950 0.85490196 0.63921569 0.60392157
v -0.809729 0.019914 -0.084722 0.75294118 0.56862745 0.52549020
v -0.693733 0.008866 -0.082298 0.90588235 0.88627451 0.90588235
v -0.690971 0.011628 -0.083641 0.91372549 0.88627451 0.91372549
v -0.688239 0.014361 -0.084605 0.89803922 0.87450980 0.91372549
v -0.682734 0.014343 -0.083277 0.89019608 0.86666667 0.90196078
v -0.679981 0.011572 -0.081997 0.87843137 0.85490196 0.89019608
v -0.806967 0.022675 -0.082357 0.83529412 0.63137255 0.57647059
v -0.677266 0.014288 -0.083396 0.88235294 0.86274510 0.89019608
v -0.804205 0.019914 -0.082484 0.68627451 0.51764706 0.47843137
v -0.806967 0.028199 -0.083962 0.87843137 0.65098039 0.62352941
v -0.677219 0.008809 -0.081275 0.86666667 0.84705882 0.87843137
v -0.804205 0.025437 -0.081777 0.92156863 0.70196078 0.65098039
v 0.869397 0.017085 -0.081703 0.73725490 0.47450980 0.50588235
v -0.801444 0.028199 -0.082944 0.89019608 0.67450980 0.61960784
v 0.872162 0.019837 -0.082183 0.80392157 0.56862745 0.56862745
v -0.646783 0.006102 -0.083719 0.85882353 0.83921569 0.86666667
v 0.874921 0.022608 -0.081442 0.87058824 0.69803922 0.67843137
v -0.801444 0.017152 -0.083614 0.67058824 0.50196078 0.47058824
v -0.644021 0.003340 -0.082155 0.82745098 0.80392157 0.83529412
v -0.798682 0.019914 -0.081180 0.68627451 0.51764706 0.48235294
v -0.641259 0.006102 -0.084057 0.83529412 0.81176471 0.83921569
v -0.674466 0.011562 -0.083061 0.87843137 0.85882353 0.88627451
v -0.671693 0.008810 -0.082573 0.86666667 0.84313725 0.87450980
v -0.638497 0.003343 -0.082338 0.83137255 0.80392157 0.83137255
v -0.668923 0.006055 -0.081661 0.83921569 0.81568627 0.85098039
v -0.624688 0.000581 -0.081584 0.82352941 0.80000000 0.82745098
v -0.635735 0.006105 -0.084124 0.83137255 0.81176471 0.83529412
v -0.668929 0.011574 -0.084382 0.88235294 0.86274510 0.89019608
v -0.632973 0.003343 -0.082698 0.83137255 0.80392157 0.83921569
v -0.666159 0.008819 -0.083614 0.86666667 0.84705882 0.87843137
v -0.856680 0.022675 -0.081213 0.87843137 0.63529412 0.63137255
v -0.663393 0.006061 -0.082368 0.86666667 0.85490196 0.87843137
v -0.793158 0.014390 -0.081299 0.69803922 0.52156863 0.49411765
v -0.621926 0.003343 -0.084785 0.82745098 0.80392157 0.83137255
v -0.627450 0.003343 -0.083949 0.81568627 0.78823529 0.81960784
v -0.660628 0.008827 -0.084358 0.88627451 0.87058824 0.89411765
v -0.619164 0.000581 -0.082812 0.82352941 0.80784314 0.83137255
v -0.793158 0.030961 -0.084166 0.90980392 0.69411765 0.64313725
v -0.666180 0.047474 -0.081832 0.93333333 0.92156863 0.93725490
v -0.663408 0.044721 -0.083531 0.90588235 0.89019608 0.91372549
v -0.691124 0.044634 -0.084685 0.77647059 0.77647059 0.78039216
v -0.663403 0.050250 -0.081013 0.93725490 0.92156863 0.94117647
v -0.671782 0.041879 -0.084860 0.93333333 0.91764706 0.93725490
v -0.660638 0.047491 -0.082726 0.92941176 0.91372549 0.93333333
v -0.688385 0.047376 -0.082995 0.87058824 0.87058824 0.87450980
v -0.668992 0.044668 -0.083313 0.91372549 0.90196078 0.92156863
v -0.660640 0.041965 -0.084480 0.90980392 0.89803922 0.92156863
v -0.666212 0.041921 -0.084260 0.90980392 0.90588235 0.91764706
v -0.657856 0.044747 -0.083955 0.91764706 0.89411765 0.92156863
v -0.682859 0.047379 -0.083054 0.90980392 0.90588235 0.91764706
v -0.660607 0.003324 -0.081533 0.87450980 0.85882353 0.89019608
v -0.680130 0.044586 -0.084353 0.93333333 0.92549020 0.94117647
v -0.657844 0.006087 -0.082941 0.87843137 0.86666667 0.89019608
v -0.655081 0.003327 -0.081268 0.87058824 0.85490196 0.87843137
v -0.677362 0.047355 -0.083934 0.93333333 0.91764706 0.93725490
v -0.674556 0.044631 -0.084148 0.93333333 0.92549020 0.94117647
v -0.657856 0.050270 -0.081503 0.91764706 0.89411765 0.92549020
v -0.655068 0.047532 -0.083495 0.92549020 0.90980392 0.93725490
v -0.655069 0.008862 -0.084680 0.89411765 0.87058824 0.89803922
v -0.652306 0.050294 -0.082697 0.91372549 0.89019608 0.91764706
v -0.652307 0.006101 -0.083376 0.87843137 0.85490196 0.88235294
v -0.671767 0.047418 -0.082216 0.92941176 0.92549020 0.93725490
v -0.649544 0.053055 -0.081725 0.85882353 0.82745098 0.85490196
v -0.649545 0.003340 -0.081616 0.85098039 0.83137255 0.85882353
v -0.649544 0.047532 -0.084767 0.92941176 0.91372549 0.93333333
v -0.630560 0.055520 -0.083347 0.88235294 0.85882353 0.88235294
v -0.646833 0.050249 -0.084190 0.91764706 0.89411765 0.91372549
v -0.644119 0.052971 -0.083103 0.85490196 0.82745098 0.84313725
v -0.625299 0.055297 -0.081778 0.90196078 0.87843137 0.90196078
v -0.638654 0.052920 -0.083409 0.86666667 0.84313725 0.85882353
v -0.635992 0.055598 -0.081746 0.89803922 0.87450980 0.89019608
v 0.620830 -0.010520 -0.084006 0.79607843 0.78431373 0.79607843
v 0.626354 -0.010520 -0.083948 0.80784314 0.79215686 0.80784314
v 0.651210 -0.007758 -0.082283 0.83137255 0.81568627 0.83137255
v 0.645686 -0.007758 -0.083629 0.80000000 0.78431373 0.79607843
v 0.648448 -0.004997 -0.084247 0.81176471 0.79607843 0.80784314
v 0.659495 -0.004997 -0.081157 0.84313725 0.82352941 0.83529412
v 0.667807 -0.002262 -0.081856 0.85882353 0.84705882 0.85490196
v 0.662280 -0.002258 -0.082783 0.85882353 0.83921569 0.85490196
v 0.665043 0.000503 -0.083723 0.87450980 0.85490196 0.87450980
v 0.653972 -0.004997 -0.082482 0.85490196 0.83921569 0.85490196
v 0.656733 -0.002235 -0.083395 0.86666667 0.84705882 0.86666667
v 0.651210 -0.002235 -0.084565 0.83529412 0.81568627 0.83137255
v 0.662257 0.047478 -0.082966 0.95294118 0.94509804 0.95686275
v 0.656733 0.047478 -0.083656 0.94509804 0.93725490 0.95686275
v 0.659495 0.000527 -0.084466 0.88627451 0.86274510 0.88627451
v 0.651210 0.047478 -0.084185 0.95294118 0.94117647 0.96470588
v 0.645686 0.047478 -0.084341 0.94117647 0.92941176 0.95294118
v 0.640163 -0.007759 -0.084658 0.78431373 0.76862745 0.78039216
v 0.670571 0.000498 -0.082685 0.87058824 0.85490196 0.86274510
v 0.676121 0.000472 -0.081001 0.80784314 0.78431373 0.80784314
v 0.681667 0.005973 -0.081312 0.88235294 0.85882353 0.87450980
v 0.673358 0.003235 -0.083992 0.87450980 0.85882353 0.85882353
v 0.631877 0.050239 -0.082786 0.91372549 0.90196078 0.92549020
v 0.687178 0.005986 -0.081561 0.83921569 0.81960784 0.83137255
v 0.667825 0.003244 -0.084592 0.88627451 0.86666667 0.88627451
v 0.692672 0.006015 -0.083297 0.82352941 0.80784314 0.82352941
v 0.689929 0.008759 -0.084713 0.84705882 0.82745098 0.83921569
v 0.684443 0.008722 -0.083739 0.88235294 0.86666667 0.87843137
v 0.623592 0.053001 -0.083152 0.92549020 0.91764706 0.93333333
v 0.618068 0.053001 -0.083974 0.94509804 0.93725490 0.94901961
v 0.803109 0.017098 -0.084382 0.65490196 0.49803922 0.46274510
v 0.805872 0.019856 -0.083884 0.71372549 0.53725490 0.50196078
v 0.808638 0.022604 -0.084261 0.79607843 0.59215686 0.55686275
v 0.786548 0.011542 -0.084865 0.74901961 0.56862745 0.53725490
v 0.797598 0.017059 -0.083081 0.66274510 0.50196078 0.46666667
v 0.800348 0.019859 -0.082076 0.58823529 0.44313725 0.40000000
v 0.803109 0.022621 -0.082022 0.76078431 0.57647059 0.53725490
v 0.805876 0.025367 -0.084017 0.78823529 0.57647059 0.53725490
v 0.800361 0.025343 -0.082118 0.89019608 0.67843137 0.64313725
v 0.803139 0.028057 -0.084264 0.85098039 0.62352941 0.59607843
v 0.797640 0.027981 -0.083596 0.88235294 0.67058824 0.63529412
v 0.866678 0.019717 -0.083195 0.82745098 0.55686275 0.57254902
v 0.869442 0.022472 -0.082812 0.87450980 0.67843137 0.66274510
v 0.858461 0.016739 -0.081389 0.65490196 0.43529412 0.43921569
v 0.863930 0.016909 -0.082188 0.71764706 0.46274510 0.49019608
v 0.872179 0.025309 -0.082089 0.81960784 0.71764706 0.67450980
v 0.861240 0.019452 -0.082386 0.77254902 0.53333333 0.52156863
v 0.864000 0.022227 -0.082369 0.82352941 0.59215686 0.58039216
v 0.866738 0.025066 -0.081255 0.87058824 0.70980392 0.69019608
v 0.855750 0.019347 -0.081355 0.71764706 0.48627451 0.49019608
v 0.858469 0.022247 -0.081529 0.83137255 0.60784314 0.58823529
v 0.687113 0.044716 -0.084001 0.95294118 0.95294118 0.96078431
v 0.684352 0.047478 -0.081743 0.95294118 0.94901961 0.96078431
v 0.678828 0.047478 -0.083224 0.94509804 0.94117647 0.95294118
v 0.673304 0.047478 -0.083199 0.95294118 0.94901961 0.96078431
v 0.667781 0.047478 -0.082921 0.95686275 0.95294118 0.96078431
v -0.751080 0.006756 -0.080974 0.79215686 0.61568627 0.58039216
v -0.746331 0.006228 -0.080974 0.81176471 0.63921569 0.60784314
v -0.784477 0.033327 -0.080974 0.90980392 0.69803922 0.65882353
v -0.710025 0.003064 -0.080974 0.88235294 0.83137255 0.83137255
v -0.741378 0.005411 -0.080974 0.83137255 0.67450980 0.64705882
v -0.700923 0.005009 -0.080974 0.89411765 0.85882353 0.86666667
v -0.732928 0.003872 -0.080974 0.83921569 0.69411765 0.67058824
v -0.784127 0.010882 -0.080974 0.74117647 0.55294118 0.52156863
v -0.695386 0.007213 -0.080974 0.88235294 0.87058824 0.88235294
v -0.732016 0.003726 -0.080974 0.84705882 0.71372549 0.69411765
v -0.780821 0.010157 -0.080974 0.75294118 0.56470588 0.52941176
v -0.721987 0.002707 -0.080974 0.85490196 0.72941176 0.70980392
v -0.720640 0.002631 -0.080974 0.87058824 0.78039216 0.76862745
v -0.710629 0.003017 -0.080974 0.87450980 0.80392157 0.80000000
v -0.748050 0.041089 -0.080974 0.90196078 0.71372549 0.67450980
v 0.708510 0.001225 -0.080974 0.83137255 0.80000000 0.81176471
v -0.737999 0.042085 -0.080974 0.89411765 0.70980392 0.66666667
v -0.771340 0.008590 -0.080974 0.76470588 0.57647059 0.54117647
v -0.770702 0.008505 -0.080974 0.76862745 0.58039216 0.54901961
v -0.761286 0.007597 -0.080974 0.77254902 0.58823529 0.55294118
v 0.777858 0.009196 -0.080974 0.75686275 0.57254902 0.54509804
v -0.758560 0.007410 -0.080974 0.78039216 0.60000000 0.56862745
v 0.748347 0.005577 -0.080974 0.78039216 0.61960784 0.59607843
v 0.700001 0.002364 -0.080974 0.83137255 0.81176471 0.82745098
v 0.771980 0.008052 -0.080974 0.74509804 0.56862745 0.54117647
v -0.777761 0.035311 -0.080974 0.91764706 0.70588235 0.67058824
v 0.747319 0.005496 -0.080974 0.78823529 0.63529412 0.61176471
v -0.775834 0.035731 -0.080974 0.90588235 0.69803922 0.66274510
v -0.766791 0.037735 -0.080974 0.90980392 0.70196078 0.66274510
v 0.694898 0.003789 -0.080974 0.84313725 0.81960784 0.83921569
v -0.763660 0.038365 -0.080974 0.90588235 0.70196078 0.66274510
v 0.729400 0.002429 -0.080974 0.80784314 0.68627451 0.67450980
v 0.721117 0.001389 -0.080974 0.81568627 0.71764706 0.70980392
v 0.710733 0.043191 -0.080974 0.96078431 0.95686275 0.97254902
v 0.738660 0.004216 -0.080974 0.80000000 0.65490196 0.63137255
v 0.734082 0.003306 -0.080974 0.80784314 0.67843137 0.66274510
v -0.757391 0.039383 -0.080974 0.90588235 0.70588235 0.66274510
v -0.737830 0.042100 -0.080974 0.87843137 0.70196078 0.65490196
v 0.768521 0.007498 -0.080974 0.76078431 0.58431373 0.55686275
v -0.750297 0.040680 -0.080974 0.90588235 0.71372549 0.67450980
v 0.759389 0.006520 -0.080974 0.76078431 0.59215686 0.56862745
v 0.758530 0.006441 -0.080974 0.77254902 0.61176471 0.58431373
v -0.727868 0.043001 -0.080974 0.84313725 0.67450980 0.61960784
v -0.725610 0.043272 -0.080974 0.83529412 0.67058824 0.61176471
v 0.760959 0.036989 -0.080974 0.91764706 0.72156863 0.67450980
v 0.707984 0.043492 -0.080974 0.96078431 0.95294118 0.96470588
v 0.757625 0.037602 -0.080974 0.91372549 0.72941176 0.68627451
v -0.718151 0.044300 -0.080974 0.73725490 0.61568627 0.59215686
v 0.698227 0.044782 -0.080974 0.96078431 0.94901961 0.96078431
v 0.719515 0.001267 -0.080974 0.81176471 0.73333333 0.72941176
v 0.709789 0.001108 -0.080974 0.81960784 0.76862745 0.77647059
v 0.698065 0.044812 -0.080974 0.96078431 0.94901961 0.96078431
v 0.748110 0.039193 -0.080974 0.91372549 0.74117647 0.69803922
v 0.747707 0.039245 -0.080974 0.90980392 0.74901961 0.70980392
v 0.718103 0.042564 -0.080974 0.96078431 0.95294118 0.96470588
v 0.737933 0.040180 -0.080974 0.90196078 0.73725490 0.69803922
v -0.713051 0.044787 -0.080974 0.79215686 0.74901961 0.75294118
v 0.735520 0.040460 -0.080974 0.88627451 0.74509804 0.70588235
v 0.727945 0.041342 -0.080974 0.81176471 0.63921569 0.58039216
v 0.723133 0.041838 -0.080974 0.87450980 0.80784314 0.79215686
v -0.708239 0.045355 -0.080974 0.79215686 0.77254902 0.78039216
v 0.776140 0.033817 -0.080974 0.90980392 0.70588235 0.66666667
v -0.700318 0.046481 -0.080974 0.83137255 0.81960784 0.83529412
v -0.698689 0.046771 -0.080974 0.85490196 0.84313725 0.85882353
v 0.774766 0.034150 -0.080974 0.91372549 0.71372549 0.66666667
v 0.766870 0.035690 -0.080974 0.92156863 0.71764706 0.65490196
v -0.710304 0.003343 -0.082783 0.88627451 0.83137255 0.83137255
v -0.765540 0.036484 -0.083926 0.90980392 0.70196078 0.66666667
v -0.732398 0.003343 -0.082298 0.84313725 0.69803922 0.67450980
v -0.754493 0.036484 -0.088105 0.90980392 0.72156863 0.67450980
v -0.737922 0.042008 -0.081149 0.90980392 0.73333333 0.69019608
v -0.726875 0.042008 -0.083049 0.81176471 0.65490196 0.60392157
v -0.715843 0.041994 -0.084921 0.65882353 0.59215686 0.59215686
v -0.704861 0.041935 -0.085640 0.70196078 0.69411765 0.69019608
v 0.692637 0.039192 -0.087721 0.94901961 0.94901961 0.95686275
v 0.703684 0.039192 -0.086899 0.95686275 0.95294118 0.96078431
v 0.758920 0.006051 -0.082480 0.76862745 0.60000000 0.57254902
v 0.714731 0.039192 -0.086836 0.96862745 0.95686275 0.96470588
v 0.698161 0.044716 -0.081077 0.96078431 0.94509804 0.96078431
v 0.764525 0.033429 -0.086317 0.91372549 0.70980392 0.67450980
v 0.736846 0.039133 -0.083344 0.87843137 0.70588235 0.66274510
v 0.747934 0.039018 -0.081416 0.90980392 0.73333333 0.69019608
v 0.725782 0.039184 -0.085427 0.84313725 0.67843137 0.63137255
v 0.775622 0.033285 -0.082533 0.91764706 0.70980392 0.68627451
v -0.871195 0.030254 -0.077068 0.82352941 0.55686275 0.55294118
v -0.869303 0.029775 -0.077068 0.80000000 0.53725490 0.52941176
v -0.873546 0.016856 -0.077068 0.63529412 0.49803922 0.49019608
v -0.872151 0.016052 -0.077068 0.64705882 0.50588235 0.49803922
v -0.869814 0.015064 -0.077068 0.69411765 0.52941176 0.51764706
v -0.865038 0.014317 -0.077068 0.71764706 0.53725490 0.52941176
v -0.864883 0.014308 -0.077068 0.72941176 0.54117647 0.53725490
v -0.859468 0.014364 -0.077068 0.76078431 0.55686275 0.55294118
v -0.859418 0.014367 -0.077068 0.80392157 0.58431373 0.58039216
v -0.854423 0.014895 -0.077068 0.90588235 0.64313725 0.63921569
v -0.878863 0.022587 -0.077068 0.64313725 0.49803922 0.49019608
v -0.878971 0.022872 -0.077068 0.66274510 0.50196078 0.49411765
v -0.879770 0.027203 -0.077068 0.69803922 0.51372549 0.50196078
v -0.879176 0.028601 -0.077068 0.74509804 0.52941176 0.52156863
v -0.876590 0.019336 -0.077068 0.63529412 0.49803922 0.48627451
v -0.876584 0.030390 -0.077068 0.78431373 0.54117647 0.53333333
v -0.875418 0.030367 -0.077068 0.81568627 0.54901961 0.54509804
v -0.839562 0.017698 -0.077068 0.78431373 0.56862745 0.56078431
v -0.836001 0.018568 -0.077068 0.78431373 0.57254902 0.55686275
v -0.846277 0.028844 -0.077068 0.83137255 0.54901961 0.55294118
v -0.845016 0.028815 -0.077068 0.83921569 0.55686275 0.55686275
v -0.840882 0.028972 -0.077068 0.84313725 0.56862745 0.56078431
v -0.672081 -0.001779 -0.077068 0.84313725 0.82745098 0.84705882
v -0.671268 -0.001813 -0.077068 0.84313725 0.82352941 0.84313725
v -0.654129 0.057640 -0.077068 0.90980392 0.88235294 0.90980392
v -0.650053 0.059088 -0.077068 0.92941176 0.90588235 0.92549020
v -0.634700 0.059734 -0.077068 0.92941176 0.90980392 0.92941176
v -0.839226 0.029082 -0.077068 0.86666667 0.59215686 0.58823529
v -0.631948 0.059662 -0.077068 0.93333333 0.91372549 0.93333333
v -0.666457 -0.001878 -0.077068 0.83529412 0.81960784 0.83921569
v -0.835006 0.028620 -0.077068 0.87058824 0.61568627 0.61568627
v -0.665805 -0.001874 -0.077068 0.83921569 0.81960784 0.84313725
v -0.628329 0.058549 -0.077068 0.93725490 0.92156863 0.94117647
v -0.661035 -0.001771 -0.077068 0.84313725 0.82745098 0.85098039
v -0.801159 0.022960 -0.077068 0.80000000 0.60784314 0.57254902
v -0.648982 0.059150 -0.077068 0.92941176 0.90980392 0.92941176
v -0.799280 0.026035 -0.077068 0.85490196 0.65490196 0.61568627
v -0.627730 0.058377 -0.077068 0.93725490 0.92156863 0.94117647
v -0.644535 0.058856 -0.077068 0.93725490 0.91764706 0.92941176
v -0.643795 0.058825 -0.077068 0.93333333 0.91764706 0.92941176
v -0.639306 0.058960 -0.077068 0.93333333 0.91372549 0.92941176
v -0.637970 0.059145 -0.077068 0.92941176 0.90980392 0.92549020
v -0.798745 0.019851 -0.077068 0.69019608 0.51764706 0.48627451
v -0.800484 0.021716 -0.077068 0.73333333 0.54901961 0.51764706
v -0.628527 -0.003258 -0.077068 0.81568627 0.79607843 0.81960784
v -0.797594 0.018826 -0.077068 0.66666667 0.49803922 0.47058824
v -0.626555 -0.003076 -0.077068 0.81568627 0.79607843 0.81568627
v -0.795144 0.017928 -0.077068 0.65882353 0.49019608 0.45882353
v -0.660176 -0.001769 -0.077068 0.84313725 0.83137255 0.85098039
v -0.623011 -0.003266 -0.077068 0.81176471 0.79215686 0.81568627
v -0.792881 0.014668 -0.077068 0.66666667 0.49803922 0.46666667
v -0.655248 -0.002363 -0.077068 0.84313725 0.83137255 0.85098039
v -0.789769 0.012256 -0.077068 0.68235294 0.50980392 0.47843137
v -0.654781 -0.002472 -0.077068 0.85098039 0.84313725 0.85882353
v -0.796690 0.027429 -0.077068 0.89803922 0.69411765 0.65098039
v -0.623011 0.057597 -0.077068 0.94117647 0.92156863 0.94509804
v -0.795577 0.027856 -0.077068 0.90980392 0.70196078 0.65882353
v -0.793078 0.030881 -0.077068 0.90980392 0.69803922 0.65882353
v -0.691619 0.050772 -0.077068 0.93333333 0.92549020 0.93725490
v -0.690211 0.051068 -0.077068 0.93333333 0.92549020 0.93725490
v -0.687221 0.051825 -0.077068 0.93333333 0.92549020 0.94117647
v -0.683545 0.052214 -0.077068 0.93725490 0.92941176 0.94509804
v -0.650441 -0.003080 -0.077068 0.83921569 0.82352941 0.84313725
v 0.867126 0.013840 -0.077068 0.70980392 0.49019608 0.50196078
v -0.682315 0.052429 -0.077068 0.93725490 0.92941176 0.94509804
v 0.865834 0.013507 -0.077068 0.67843137 0.47450980 0.48627451
v -0.648522 -0.003206 -0.077068 0.82745098 0.81176471 0.83529412
v -0.677547 0.053303 -0.077068 0.93725490 0.92941176 0.94117647
v -0.676836 0.053392 -0.077068 0.93725490 0.92941176 0.94117647
v -0.672391 0.053634 -0.077068 0.92549020 0.90980392 0.92941176
v -0.644967 -0.003129 -0.077068 0.82352941 0.80784314 0.82745098
v 0.871053 0.015437 -0.077068 0.71764706 0.48235294 0.50196078
v -0.642919 -0.003285 -0.077068 0.81960784 0.80392157 0.82352941
v 0.874096 0.017918 -0.077068 0.78431373 0.54509804 0.55294118
v -0.639581 -0.003266 -0.077068 0.81960784 0.80000000 0.82352941
v 0.876391 0.021147 -0.077068 0.83921569 0.63137255 0.62352941
v 0.877244 0.024949 -0.077068 0.84313725 0.66274510 0.65098039
v -0.637428 -0.003250 -0.077068 0.82352941 0.80000000 0.82352941
v -0.671117 0.053589 -0.077068 0.92156863 0.90588235 0.92549020
v -0.866685 0.029241 -0.077068 0.80392157 0.54117647 0.53725490
v -0.862665 0.028661 -0.077068 0.83921569 0.57647059 0.56470588
v -0.861714 0.028689 -0.077068 0.83137255 0.56470588 0.55686275
v -0.667116 0.053932 -0.077068 0.90980392 0.88627451 0.91372549
v -0.634158 -0.003366 -0.077068 0.81960784 0.80000000 0.82352941
v -0.857491 0.029010 -0.077068 0.83137255 0.56470588 0.55686275
v -0.631754 -0.003400 -0.077068 0.81568627 0.80000000 0.82352941
v -0.853238 0.015070 -0.077068 0.84313725 0.61176471 0.60392157
v -0.664845 0.054329 -0.077068 0.90980392 0.88627451 0.91372549
v -0.855781 0.029097 -0.077068 0.80392157 0.53725490 0.53333333
v -0.662384 0.054817 -0.077068 0.90196078 0.87843137 0.91372549
v -0.851411 0.028454 -0.077068 0.80784314 0.55294118 0.55294118
v -0.657871 0.055859 -0.077068 0.89019608 0.86666667 0.89411765
v -0.657728 0.055919 -0.077068 0.89019608 0.86666667 0.89411765
v -0.850928 0.028427 -0.077068 0.80392157 0.55294118 0.54901961
v -0.691286 0.006419 -0.077068 0.88627451 0.86666667 0.88235294
v -0.690471 0.006605 -0.077068 0.88627451 0.86666667 0.88235294
v -0.686287 0.006916 -0.077068 0.87450980 0.85098039 0.87450980
v -0.684912 0.006641 -0.077068 0.86274510 0.83921569 0.87058824
v -0.681742 0.004287 -0.077068 0.85098039 0.83137255 0.85490196
v -0.679342 0.001163 -0.077068 0.84313725 0.82745098 0.84705882
v -0.849667 0.015662 -0.077068 0.77254902 0.56078431 0.54901961
v -0.675999 -0.001021 -0.077068 0.84705882 0.82745098 0.84705882
v -0.846602 0.016182 -0.077068 0.76078431 0.54901961 0.54117647
v -0.844935 0.016455 -0.077068 0.74117647 0.53333333 0.52156863
v -0.840461 0.017504 -0.077068 0.76862745 0.55686275 0.54509804
v 0.668696 -0.008675 -0.077068 0.82745098 0.81176471 0.82352941
v 0.666417 -0.009174 -0.077068 0.82352941 0.80784314 0.81568627
v 0.671487 -0.005942 -0.077068 0.82352941 0.80784314 0.81960784
v 0.675582 -0.004514 -0.077068 0.79215686 0.76862745 0.79215686
v 0.678177 -0.001585 -0.077068 0.83921569 0.81176471 0.84313725
v 0.680740 0.001376 -0.077068 0.87843137 0.85098039 0.87843137
v 0.615772 -0.010986 -0.077068 0.80392157 0.78823529 0.80392157
v 0.658729 0.051006 -0.077068 0.94901961 0.94117647 0.95294118
v 0.620436 -0.010914 -0.077068 0.80392157 0.78823529 0.80392157
v 0.655093 0.051361 -0.077068 0.93725490 0.92549020 0.94509804
v 0.683603 0.004037 -0.077068 0.87450980 0.85098039 0.86666667
v 0.651859 0.052353 -0.077068 0.92156863 0.90980392 0.93333333
v 0.650773 0.052564 -0.077068 0.91764706 0.90980392 0.93333333
v 0.646034 0.052654 -0.077068 0.90588235 0.89803922 0.91764706
v 0.645241 0.052556 -0.077068 0.89803922 0.89019608 0.91372549
v 0.641352 0.051812 -0.077068 0.89803922 0.88627451 0.90980392
v 0.639412 0.052250 -0.077068 0.89803922 0.88627451 0.90980392
v 0.653633 -0.010181 -0.077068 0.82352941 0.81176471 0.82352941
v 0.649336 -0.009632 -0.077068 0.82352941 0.80784314 0.81960784
v 0.647435 -0.009507 -0.077068 0.81960784 0.80392157 0.81960784
v 0.643696 -0.009748 -0.077068 0.81568627 0.80000000 0.81176471
v 0.663896 -0.009398 -0.077068 0.82745098 0.81568627 0.82352941
v 0.660170 -0.009845 -0.077068 0.82745098 0.81568627 0.82352941
v 0.658836 -0.009861 -0.077068 0.81176471 0.80000000 0.80392157
v 0.654396 -0.010095 -0.077068 0.82745098 0.81176471 0.82352941
v 0.642271 -0.009867 -0.077068 0.81176471 0.79607843 0.80784314
v 0.638046 -0.009876 -0.077068 0.80784314 0.79215686 0.80784314
v 0.636800 -0.009920 -0.077068 0.80784314 0.79215686 0.80784314
v 0.631915 -0.010482 -0.077068 0.80784314 0.79215686 0.80784314
v 0.631845 -0.010488 -0.077068 0.80784314 0.79215686 0.80784314
v 0.632871 0.054769 -0.077068 0.91372549 0.90196078 0.92156863
v 0.631290 0.055176 -0.077068 0.91764706 0.90588235 0.92549020
v 0.621230 -0.010920 -0.077068 0.80392157 0.78823529 0.80392157
v 0.626622 -0.010788 -0.077068 0.80784314 0.79215686 0.80392157
v 0.626925 0.056334 -0.077068 0.94117647 0.92941176 0.94509804
v 0.626052 -0.010822 -0.077068 0.80392157 0.79215686 0.80392157
v 0.625431 0.056686 -0.077068 0.94509804 0.93333333 0.94509804
v 0.622310 0.057243 -0.077068 0.94509804 0.93725490 0.94509804
v 0.635664 0.054027 -0.077068 0.90588235 0.89411765 0.91372549
v 0.850176 0.014091 -0.077068 0.67058824 0.47843137 0.47843137
v 0.688307 0.049046 -0.077068 0.96078431 0.95294118 0.95686275
v 0.850075 0.014106 -0.077068 0.67058824 0.48235294 0.47843137
v 0.686390 0.049516 -0.077068 0.96470588 0.95294118 0.96470588
v 0.845170 0.014743 -0.077068 0.67843137 0.49019608 0.48235294
v 0.862219 0.013190 -0.077068 0.65098039 0.44313725 0.45882353
v 0.690876 0.048478 -0.077068 0.96078431 0.95294118 0.96078431
v 0.860044 0.013124 -0.077068 0.64705882 0.43529412 0.45098039
v 0.682159 0.050808 -0.077068 0.95294118 0.94509804 0.95686275
v 0.856483 0.013284 -0.077068 0.67058824 0.46666667 0.47450980
v 0.855021 0.013442 -0.077068 0.69019608 0.47058824 0.48235294
v 0.680824 0.051005 -0.077068 0.94901961 0.94509804 0.95294118
v 0.677345 0.051518 -0.077068 0.95686275 0.94509804 0.95686275
v 0.859062 0.027201 -0.077068 0.88235294 0.71764706 0.70196078
v 0.857846 0.027307 -0.077068 0.88235294 0.70588235 0.69411765
v 0.836961 0.016063 -0.077068 0.69803922 0.50588235 0.48627451
v 0.836029 0.016234 -0.077068 0.70196078 0.50588235 0.49019608
v 0.674805 0.051501 -0.077068 0.96078431 0.95294118 0.96078431
v 0.843789 0.014988 -0.077068 0.69019608 0.49803922 0.49019608
v 0.671027 0.050724 -0.077068 0.96078431 0.95294118 0.96078431
v 0.840382 0.015470 -0.077068 0.69019608 0.49803922 0.48627451
v 0.670085 0.050697 -0.077068 0.96078431 0.95294118 0.96078431
v 0.665930 0.051150 -0.077068 0.95686275 0.94901961 0.95686275
v 0.847541 0.027464 -0.077068 0.87058824 0.66666667 0.66666667
v 0.847509 0.027456 -0.077068 0.87058824 0.66666667 0.66666667
v 0.852968 0.027742 -0.077068 0.88627451 0.70196078 0.69019608
v 0.664197 0.051062 -0.077068 0.95294118 0.94509804 0.95294118
v 0.660161 0.050906 -0.077068 0.95294118 0.94509804 0.95294118
v 0.852940 0.027741 -0.077068 0.88627451 0.70196078 0.69019608
v 0.842176 0.027573 -0.077068 0.86274510 0.65490196 0.64705882
v 0.841898 0.027488 -0.077068 0.86274510 0.65490196 0.64705882
v 0.837035 0.027681 -0.077068 0.85490196 0.63921569 0.63137255
v 0.789761 0.013804 -0.077068 0.71372549 0.53725490 0.50980392
v 0.787834 0.012741 -0.077068 0.71764706 0.54117647 0.51372549
v 0.792181 0.016890 -0.077068 0.70980392 0.53333333 0.50588235
v 0.795238 0.019384 -0.077068 0.72549020 0.54117647 0.51372549
v 0.797982 0.022149 -0.077068 0.76470588 0.57254902 0.54509804
v 0.786020 0.012029 -0.077068 0.72549020 0.54901961 0.52156863
v 0.794494 0.025589 -0.077068 0.88627451 0.67450980 0.64313725
v 0.791511 0.027218 -0.077068 0.89803922 0.68627451 0.64705882
v 0.808155 0.022038 -0.077068 0.78823529 0.58431373 0.56078431
v 0.808561 0.022631 -0.077068 0.82745098 0.61176471 0.59215686
v 0.797789 0.022674 -0.077068 0.83137255 0.63137255 0.60000000
v 0.795036 0.025360 -0.077068 0.88235294 0.67450980 0.63921569
v 0.788604 0.029826 -0.077068 0.90196078 0.69019608 0.65098039
v 0.785310 0.031987 -0.077068 0.90980392 0.69803922 0.65882353
v 0.877196 0.025866 -0.077068 0.82352941 0.66274510 0.64313725
v 0.875255 0.028468 -0.077068 0.80000000 0.65098039 0.63137255
v 0.874083 0.028967 -0.077068 0.78431373 0.64313725 0.62352941
v 0.870337 0.028963 -0.077068 0.75686275 0.62352941 0.60392157
v 0.864324 0.027436 -0.077068 0.83529412 0.68627451 0.66666667
v 0.863552 0.027316 -0.077068 0.85098039 0.69803922 0.68627451
v 0.868672 0.028752 -0.077068 0.78823529 0.64705882 0.63137255
v -0.867727 0.028199 -0.079513 0.78039216 0.52156863 0.51764706
v -0.873251 0.017152 -0.079674 0.63529412 0.49803922 0.49019608
v -0.864965 0.014390 -0.077422 0.77254902 0.56862745 0.56470588
v -0.859442 0.014390 -0.077136 0.88627451 0.63137255 0.63921569
v -0.856680 0.017152 -0.080227 0.92156863 0.69411765 0.68235294
v -0.878774 0.022676 -0.078820 0.66274510 0.49803922 0.49019608
v -0.878774 0.028199 -0.079884 0.70588235 0.51372549 0.50588235
v -0.876012 0.019914 -0.080720 0.63921569 0.49411765 0.48627451
v -0.837347 0.019914 -0.078007 0.83921569 0.61176471 0.60784314
v 0.866638 0.014314 -0.079224 0.67058824 0.45490196 0.47450980
v -0.845633 0.028199 -0.077568 0.85882353 0.60000000 0.60392157
v -0.842871 0.025437 -0.078551 0.89803922 0.65098039 0.66666667
v -0.840109 0.028199 -0.077601 0.88235294 0.62352941 0.62352941
v -0.677208 0.003295 -0.079200 0.85882353 0.83921569 0.86666667
v -0.840109 0.022675 -0.079017 0.85098039 0.61960784 0.61960784
v -0.652306 0.055817 -0.078962 0.88235294 0.85098039 0.88235294
v -0.674445 0.000533 -0.079633 0.85882353 0.83921569 0.86274510
v -0.862203 0.028199 -0.078015 0.78823529 0.49019608 0.49803922
v -0.674452 0.006051 -0.080754 0.86274510 0.83921569 0.87058824
v -0.837347 0.025437 -0.078578 0.91764706 0.67843137 0.67843137
v -0.671685 0.003294 -0.080415 0.85490196 0.83137255 0.86274510
v -0.834585 0.022675 -0.078181 0.85882353 0.63137255 0.61960784
v -0.859442 0.025437 -0.080644 0.78431373 0.49019608 0.50588235
v -0.834585 0.028199 -0.077259 0.87450980 0.61960784 0.61960784
v -0.649544 0.058579 -0.077675 0.92941176 0.90196078 0.92549020
v -0.856680 0.028199 -0.078205 0.78431373 0.50196078 0.50980392
v -0.668920 0.000534 -0.079959 0.83529412 0.81568627 0.84313725
v -0.831823 0.025437 -0.078333 0.89019608 0.65098039 0.63921569
v -0.666157 0.003297 -0.080896 0.82352941 0.80392157 0.83529412
v -0.663370 0.000560 -0.080164 0.83529412 0.81960784 0.84705882
v -0.646782 0.055817 -0.080587 0.89411765 0.86666667 0.88627451
v -0.853918 0.025437 -0.079964 0.82352941 0.58431373 0.57647059
v -0.644149 0.058470 -0.077554 0.93725490 0.91764706 0.92941176
v -0.633297 0.058305 -0.079835 0.92549020 0.90588235 0.92549020
v -0.657844 0.000563 -0.080041 0.87450980 0.86274510 0.89411765
v -0.801444 0.022675 -0.079886 0.81176471 0.61568627 0.57647059
v -0.641387 0.055708 -0.080561 0.90196078 0.88235294 0.89411765
v -0.627945 0.058161 -0.077734 0.93725490 0.92156863 0.94117647
v -0.655069 -0.002184 -0.077538 0.85490196 0.84313725 0.86274510
v -0.798682 0.019914 -0.080218 0.69411765 0.52156863 0.49019608
v -0.853918 0.019914 -0.080720 0.87843137 0.64705882 0.63921569
v -0.652307 0.000578 -0.079247 0.85098039 0.83921569 0.85882353
v -0.851156 0.017152 -0.078919 0.84705882 0.61960784 0.61176471
v -0.851156 0.022675 -0.080215 0.85098039 0.61960784 0.61568627
v -0.638733 0.058379 -0.077886 0.92941176 0.90980392 0.92549020
v -0.848394 0.019914 -0.079780 0.80784314 0.58823529 0.58039216
v -0.649545 -0.002184 -0.078740 0.83529412 0.81960784 0.83529412
v -0.795920 0.017152 -0.079100 0.66666667 0.49803922 0.47058824
v -0.627450 -0.002181 -0.079044 0.81176471 0.79607843 0.81960784
v -0.795920 0.028199 -0.079727 0.90196078 0.68627451 0.63529412
v -0.691099 0.050181 -0.078267 0.93725490 0.92941176 0.93725490
v -0.851156 0.028199 -0.077285 0.80392157 0.55294118 0.54901961
v -0.685588 0.050170 -0.079912 0.93333333 0.92941176 0.93725490
v -0.646783 0.000578 -0.079967 0.81960784 0.80392157 0.83137255
v -0.680082 0.050155 -0.080407 0.93725490 0.92941176 0.94117647
v -0.848394 0.025437 -0.079208 0.87058824 0.64313725 0.63529412
v -0.677247 0.052982 -0.077507 0.93725490 0.92941176 0.94117647
v -0.674556 0.050157 -0.080767 0.93333333 0.92549020 0.93725490
v -0.845632 0.022675 -0.079670 0.83921569 0.61176471 0.60784314
v -0.671733 0.052973 -0.077787 0.92941176 0.91372549 0.93333333
v -0.668970 0.050212 -0.080287 0.93725490 0.93333333 0.94117647
v -0.644021 -0.002183 -0.078372 0.81568627 0.80000000 0.81568627
v -0.641259 0.000579 -0.080475 0.81176471 0.78823529 0.81960784
v -0.638497 -0.002183 -0.078428 0.81176471 0.79607843 0.81568627
v -0.845632 0.017152 -0.077890 0.79215686 0.57254902 0.56862745
v -0.635735 0.000581 -0.080289 0.83137255 0.80784314 0.83529412
v -0.666176 0.053002 -0.078215 0.90980392 0.89411765 0.92156863
v -0.842871 0.019914 -0.078876 0.81176471 0.58823529 0.58431373
v -0.660616 0.053034 -0.079254 0.90588235 0.87843137 0.91372549
v -0.657830 0.055817 -0.077119 0.89019608 0.86274510 0.89411765
v -0.632973 -0.002181 -0.078597 0.81960784 0.80000000 0.82745098
v -0.688222 0.008854 -0.079587 0.89019608 0.86274510 0.89019608
v -0.630211 0.000581 -0.080840 0.82352941 0.80000000 0.83529412
v -0.685475 0.011602 -0.080488 0.88235294 0.85882353 0.89803922
v -0.682726 0.008826 -0.079529 0.86666667 0.84313725 0.88235294
v -0.679968 0.006061 -0.079027 0.85882353 0.83921569 0.86666667
v -0.655068 0.053055 -0.080284 0.87058824 0.84313725 0.87450980
v 0.667807 -0.007786 -0.077981 0.83529412 0.81960784 0.82745098
v 0.670570 -0.005025 -0.078653 0.83529412 0.82352941 0.83137255
v 0.673335 -0.002266 -0.080248 0.82745098 0.80392157 0.82352941
v 0.678888 0.003228 -0.080956 0.84705882 0.82352941 0.84705882
v 0.637401 0.050240 -0.080928 0.90980392 0.89803922 0.91764706
v 0.648448 0.050240 -0.079550 0.91764706 0.90980392 0.93333333
v 0.662257 -0.007758 -0.079319 0.82352941 0.81176471 0.81960784
v 0.656733 -0.007758 -0.080634 0.83529412 0.81568627 0.82745098
v 0.665044 -0.005022 -0.080482 0.84313725 0.83137255 0.83921569
v 0.653972 0.050240 -0.079143 0.93725490 0.92549020 0.94901961
v 0.659495 0.050240 -0.078515 0.94901961 0.94117647 0.95294118
v 0.642924 0.050240 -0.079419 0.90980392 0.89803922 0.92156863
v 0.634639 0.053001 -0.078503 0.90196078 0.89019608 0.90980392
v 0.629115 0.053001 -0.080735 0.90196078 0.89411765 0.91372549
v 0.626354 0.055763 -0.078266 0.93333333 0.92549020 0.94117647
v 0.681590 0.050239 -0.078591 0.94901961 0.94509804 0.95686275
v 0.689875 0.047478 -0.079539 0.96078431 0.95294118 0.96078431
v 0.670542 0.050239 -0.078033 0.96078431 0.95294118 0.96078431
v 0.676066 0.050239 -0.079716 0.95294118 0.94901961 0.95686275
v 0.850120 0.014148 -0.077151 0.68235294 0.48627451 0.48627451
v 0.847357 0.016915 -0.079445 0.70588235 0.50196078 0.49803922
v 0.861176 0.014120 -0.079456 0.60392157 0.39215686 0.41176471
v 0.855669 0.014066 -0.078408 0.66666667 0.44313725 0.45882353
v 0.665019 0.050239 -0.078729 0.94901961 0.94509804 0.95294118
v 0.852935 0.016744 -0.080316 0.69019608 0.47843137 0.48235294
v 0.850148 0.019589 -0.080651 0.76078431 0.54509804 0.53725490
v 0.852935 0.022279 -0.080756 0.81960784 0.60000000 0.59215686
v 0.861243 0.024978 -0.080070 0.84705882 0.65882353 0.62745098
v 0.855685 0.025080 -0.079608 0.87450980 0.66274510 0.65882353
v 0.836410 0.016599 -0.077418 0.70980392 0.50980392 0.49411765
v 0.841868 0.016806 -0.078621 0.70980392 0.50588235 0.49803922
v 0.844659 0.019481 -0.080060 0.73725490 0.52156863 0.51372549
v 0.839199 0.019283 -0.079330 0.71372549 0.50980392 0.49411765
v 0.841980 0.021997 -0.079794 0.67450980 0.45882353 0.45098039
v 0.833702 0.019201 -0.078567 0.71372549 0.51372549 0.49803922
v 0.836505 0.021846 -0.079382 0.74509804 0.52941176 0.51764706
v 0.839292 0.024543 -0.078834 0.75686275 0.53333333 0.52156863
v 0.831004 0.021776 -0.078951 0.74117647 0.52549020 0.51372549
v 0.833793 0.024468 -0.078254 0.70196078 0.47058824 0.47058824
v 0.836561 0.027223 -0.077371 0.83529412 0.61568627 0.60784314
v 0.847445 0.022177 -0.080136 0.79215686 0.56862745 0.55686275
v 0.850204 0.024951 -0.079278 0.86274510 0.63137255 0.61176471
v 0.844738 0.024777 -0.079171 0.80000000 0.57254902 0.56470588
v 0.842021 0.027415 -0.077199 0.85882353 0.65098039 0.64313725
v 0.792146 0.027892 -0.080764 0.89411765 0.67843137 0.63529412
v 0.808663 0.022530 -0.077254 0.80000000 0.59215686 0.57254902
v 0.869445 0.027993 -0.079234 0.80000000 0.67843137 0.65490196
v 0.874922 0.028130 -0.079255 0.80784314 0.66666667 0.64705882
v -0.872041 0.029409 -0.073162 0.87843137 0.62745098 0.61960784
v -0.869064 0.029536 -0.073162 0.83137255 0.58039216 0.56862745
v -0.872755 0.017648 -0.073162 0.59215686 0.49019608 0.48627451
v -0.869255 0.015624 -0.073162 0.63137255 0.49411765 0.48627451
v -0.865281 0.014706 -0.073162 0.54509804 0.44313725 0.43137255
v -0.864723 0.014632 -0.073162 0.60784314 0.45490196 0.43921569
v -0.859824 0.014007 -0.073162 0.69019608 0.50980392 0.49803922
v -0.859045 0.013994 -0.073162 0.69803922 0.50588235 0.49803922
v -0.854230 0.014078 -0.073162 0.69411765 0.50196078 0.49019608
v -0.853641 0.014113 -0.073162 0.69411765 0.49803922 0.49019608
v -0.877546 0.023904 -0.073162 0.66666667 0.49411765 0.48627451
v -0.877245 0.026670 -0.073162 0.75686275 0.50980392 0.50980392
v -0.875740 0.020186 -0.073162 0.59215686 0.48235294 0.47058824
v -0.874028 0.028976 -0.073162 0.87058824 0.59215686 0.58823529
v -0.842161 0.015099 -0.073162 0.69411765 0.49803922 0.48235294
v -0.838377 0.015420 -0.073162 0.70196078 0.50588235 0.48627451
v -0.836251 0.015486 -0.073162 0.72549020 0.52156863 0.50196078
v -0.672112 -0.001745 -0.073162 0.83921569 0.81960784 0.83921569
v -0.671204 -0.001749 -0.073162 0.83529412 0.81568627 0.83529412
v 0.866769 0.014198 -0.073162 0.70980392 0.50196078 0.50588235
v -0.651673 0.061974 -0.073162 0.93333333 0.91764706 0.93333333
v -0.833216 0.015783 -0.073162 0.74117647 0.53725490 0.51764706
v 0.866347 0.014052 -0.073162 0.67058824 0.48627451 0.48627451
v -0.647204 0.061646 -0.073162 0.93333333 0.91764706 0.93725490
v -0.646504 0.061630 -0.073162 0.93333333 0.91764706 0.93725490
v 0.870400 0.016091 -0.073162 0.77647059 0.53333333 0.54117647
v -0.666349 -0.001982 -0.073162 0.83529412 0.81568627 0.83529412
v -0.641959 0.061654 -0.073162 0.94117647 0.92549020 0.94509804
v -0.640976 0.061659 -0.073162 0.93725490 0.92156863 0.94117647
v -0.665932 -0.002001 -0.073162 0.83529412 0.81960784 0.83921569
v -0.660819 -0.001985 -0.073162 0.83921569 0.81960784 0.84313725
v 0.873453 0.018561 -0.073162 0.85490196 0.58431373 0.58431373
v -0.636625 0.061700 -0.073162 0.93725490 0.91764706 0.93725490
v -0.848699 0.031265 -0.073162 0.88627451 0.65490196 0.61960784
v -0.628462 -0.003193 -0.073162 0.81568627 0.79607843 0.81568627
v -0.848009 0.031346 -0.073162 0.88627451 0.64313725 0.61568627
v -0.660400 -0.001992 -0.073162 0.83921569 0.82352941 0.84313725
v -0.626451 -0.003180 -0.073162 0.81176471 0.79607843 0.81176471
v -0.843520 0.031610 -0.073162 0.89019608 0.64705882 0.61568627
v -0.655114 -0.002230 -0.073162 0.83921569 0.82352941 0.84313725
v -0.841953 0.031878 -0.073162 0.88627451 0.63921569 0.60784314
v 0.875305 0.022233 -0.073162 0.84705882 0.63529412 0.62352941
v -0.655002 -0.002250 -0.073162 0.83921569 0.82352941 0.84313725
v 0.875439 0.023144 -0.073162 0.83137255 0.63921569 0.62352941
v -0.622868 -0.003123 -0.073162 0.81176471 0.79215686 0.80784314
v -0.649898 -0.002537 -0.073162 0.83529412 0.81960784 0.83921569
v -0.635512 0.061614 -0.073162 0.93333333 0.91372549 0.93725490
v -0.866446 0.029480 -0.073162 0.84313725 0.59607843 0.57647059
v -0.838964 0.032578 -0.073162 0.88235294 0.63529412 0.60392157
v -0.863633 0.029628 -0.073162 0.90196078 0.65490196 0.61960784
v -0.630665 0.060952 -0.073162 0.93725490 0.92156863 0.93725490
v -0.860460 0.029942 -0.073162 0.86666667 0.61960784 0.60000000
v -0.630526 0.060914 -0.073162 0.93725490 0.92156863 0.93725490
v -0.858595 0.030114 -0.073162 0.86666667 0.62352941 0.60392157
v -0.813262 0.017923 -0.073162 0.70980392 0.52156863 0.49803922
v -0.854131 0.030748 -0.073162 0.85882353 0.62352941 0.60000000
v -0.853732 0.030775 -0.073162 0.86666667 0.62745098 0.60392157
v -0.810599 0.019043 -0.073162 0.72156863 0.53333333 0.50980392
v -0.649138 -0.002591 -0.073162 0.83137255 0.81176471 0.83137255
v -0.809237 0.019421 -0.073162 0.71372549 0.53333333 0.50588235
v -0.626577 0.059551 -0.073162 0.94117647 0.92549020 0.94117647
v -0.805135 0.018984 -0.073162 0.69803922 0.52156863 0.49411765
v -0.645131 -0.003293 -0.073162 0.82352941 0.80784314 0.82745098
v -0.848568 0.014563 -0.073162 0.69019608 0.49803922 0.48627451
v -0.814031 0.032183 -0.073162 0.89019608 0.66666667 0.63921569
v -0.642906 -0.003298 -0.073162 0.82352941 0.80392157 0.82352941
v -0.810142 0.030548 -0.073162 0.89411765 0.68235294 0.66274510
v -0.639622 -0.003306 -0.073162 0.82352941 0.80392157 0.82352941
v -0.848191 0.014593 -0.073162 0.68627451 0.49411765 0.47843137
v -0.637382 -0.003296 -0.073162 0.82352941 0.80392157 0.82352941
v -0.843371 0.014891 -0.073162 0.67450980 0.48235294 0.46274510
v -0.809086 0.030318 -0.073162 0.90980392 0.69019608 0.67450980
v -0.633870 -0.003077 -0.073162 0.81960784 0.80000000 0.81960784
v -0.805015 0.030151 -0.073162 0.88627451 0.67058824 0.65490196
v -0.803392 0.030147 -0.073162 0.89019608 0.68235294 0.65882353
v -0.632067 -0.003087 -0.073162 0.81960784 0.80000000 0.81960784
v -0.802579 0.018287 -0.073162 0.69803922 0.52156863 0.49411765
v -0.800891 0.017705 -0.073162 0.68235294 0.50980392 0.47843137
v -0.796843 0.016229 -0.073162 0.65098039 0.48235294 0.45490196
v -0.793291 0.014257 -0.073162 0.63921569 0.47450980 0.44313725
v -0.792596 0.013828 -0.073162 0.65490196 0.48235294 0.45098039
v -0.789775 0.012249 -0.073162 0.67450980 0.50196078 0.46666667
v -0.799607 0.030036 -0.073162 0.92156863 0.73333333 0.69411765
v -0.797917 0.030197 -0.073162 0.92156863 0.73333333 0.68627451
v -0.793614 0.031416 -0.073162 0.92156863 0.71764706 0.69019608
v -0.693082 0.052271 -0.073162 0.93333333 0.92156863 0.93725490
v -0.688606 0.053305 -0.073162 0.92941176 0.92156863 0.93725490
v -0.687722 0.053556 -0.073162 0.92941176 0.92156863 0.93725490
v -0.684745 0.054882 -0.073162 0.92941176 0.92156863 0.93725490
v -0.680896 0.056566 -0.073162 0.92941176 0.91764706 0.93333333
v -0.678787 0.056971 -0.073162 0.93333333 0.92549020 0.94117647
v -0.676206 0.057410 -0.073162 0.93333333 0.92549020 0.94117647
v -0.673219 0.057009 -0.073162 0.92549020 0.91372549 0.92941176
v -0.670199 0.057017 -0.073162 0.91764706 0.89411765 0.92156863
v -0.667315 0.057387 -0.073162 0.91764706 0.89019608 0.91764706
v -0.665385 0.057755 -0.073162 0.91372549 0.89019608 0.91372549
v -0.660696 0.058643 -0.073162 0.90588235 0.88235294 0.90588235
v -0.660402 0.058768 -0.073162 0.90588235 0.88235294 0.90588235
v -0.656998 0.060509 -0.073162 0.92156863 0.89803922 0.91764706
v -0.652807 0.061842 -0.073162 0.93333333 0.91372549 0.92941176
v -0.689847 0.004960 -0.073162 0.86666667 0.84705882 0.86274510
v -0.686824 0.004729 -0.073162 0.85882353 0.83921569 0.85882353
v -0.683411 0.002617 -0.073162 0.85098039 0.83137255 0.84705882
v -0.680458 0.000046 -0.073162 0.84313725 0.82745098 0.84313725
v -0.678493 -0.000883 -0.073162 0.84313725 0.82352941 0.84313725
v -0.676569 -0.001588 -0.073162 0.83921569 0.81960784 0.83921569
v 0.673650 -0.008105 -0.073162 0.82352941 0.80784314 0.82352941
v 0.672497 -0.008620 -0.073162 0.82352941 0.80784314 0.81960784
v 0.669261 -0.009239 -0.073162 0.83529412 0.81568627 0.83137255
v 0.666263 -0.009325 -0.073162 0.83137255 0.81568627 0.82745098
v 0.676764 -0.005696 -0.073162 0.83137255 0.80784314 0.82745098
v 0.679418 -0.002826 -0.073162 0.85490196 0.83137255 0.85490196
v 0.656701 0.053034 -0.073162 0.94117647 0.92941176 0.94117647
v 0.651865 0.053656 -0.073162 0.92549020 0.90980392 0.93333333
v 0.682263 -0.000147 -0.073162 0.86666667 0.84313725 0.86274510
v 0.650228 0.053983 -0.073162 0.92549020 0.90980392 0.93333333
v 0.647312 0.054627 -0.073162 0.91372549 0.89803922 0.92156863
v 0.685156 0.002484 -0.073162 0.86274510 0.84313725 0.86274510
v 0.642938 0.055777 -0.073162 0.90588235 0.89411765 0.91372549
v 0.615410 -0.010624 -0.073162 0.80784314 0.79215686 0.80784314
v 0.620750 -0.010441 -0.073162 0.81176471 0.79215686 0.81176471
v 0.620913 -0.010437 -0.073162 0.81568627 0.79607843 0.81568627
v 0.653241 -0.009790 -0.073162 0.83137255 0.81568627 0.82745098
v 0.649262 -0.009706 -0.073162 0.83137255 0.81568627 0.82745098
v 0.629695 0.057945 -0.073162 0.94901961 0.94117647 0.94901961
v 0.647555 -0.009627 -0.073162 0.82352941 0.80784314 0.82352941
v 0.628651 0.058061 -0.073162 0.94901961 0.94117647 0.94901961
v 0.643842 -0.009603 -0.073162 0.82352941 0.80784314 0.82352941
v 0.663931 -0.009433 -0.073162 0.83529412 0.81960784 0.83137255
v 0.623704 0.058637 -0.073162 0.94509804 0.94117647 0.94117647
v 0.660434 -0.009582 -0.073162 0.83529412 0.81960784 0.83137255
v 0.658588 -0.009613 -0.073162 0.83137255 0.81568627 0.82745098
v 0.654839 -0.009653 -0.073162 0.83529412 0.81960784 0.83137255
v 0.642015 -0.009611 -0.073162 0.81960784 0.80000000 0.81568627
v 0.638197 -0.009725 -0.073162 0.81960784 0.80392157 0.81960784
v 0.636658 -0.009778 -0.073162 0.81568627 0.79607843 0.81176471
v 0.642904 0.055784 -0.073162 0.90588235 0.89019608 0.91372549
v 0.631483 -0.010127 -0.073162 0.81176471 0.79607843 0.81176471
v 0.632325 -0.010073 -0.073162 0.81568627 0.80000000 0.81568627
v 0.638284 0.056646 -0.073162 0.92156863 0.90980392 0.93333333
v 0.626509 -0.010365 -0.073162 0.81568627 0.79607843 0.81568627
v 0.626203 -0.010370 -0.073162 0.81176471 0.79607843 0.81176471
v 0.635946 0.057218 -0.073162 0.92941176 0.91764706 0.94117647
v 0.633639 0.057525 -0.073162 0.93725490 0.92549020 0.94509804
v 0.623450 0.058666 -0.073162 0.94509804 0.94117647 0.94117647
v 0.851157 0.013165 -0.073162 0.64705882 0.47843137 0.47450980
v 0.849190 0.013307 -0.073162 0.65098039 0.47843137 0.47450980
v 0.845163 0.013647 -0.073162 0.65098039 0.48235294 0.47058824
v 0.844045 0.013642 -0.073162 0.66274510 0.49019608 0.47450980
v 0.862166 0.013265 -0.073162 0.66666667 0.47843137 0.48235294
v 0.859841 0.012969 -0.073162 0.67058824 0.47450980 0.47843137
v 0.856997 0.012852 -0.073162 0.68235294 0.49019608 0.49411765
v 0.854381 0.012991 -0.073162 0.67058824 0.48235294 0.48235294
v 0.839109 0.014120 -0.073162 0.67450980 0.49411765 0.47450980
v 0.839029 0.014122 -0.073162 0.67843137 0.49803922 0.47450980
v 0.833590 0.014098 -0.073162 0.68235294 0.49803922 0.47058824
v 0.833523 0.014107 -0.073162 0.68627451 0.50196078 0.47450980
v 0.857597 0.028640 -0.073162 0.80392157 0.62745098 0.61176471
v 0.854311 0.029111 -0.073162 0.84313725 0.66274510 0.64705882
v 0.851146 0.029596 -0.073162 0.85490196 0.66666667 0.65098039
v 0.859047 0.028419 -0.073162 0.77647059 0.60784314 0.60000000
v 0.849446 0.029744 -0.073162 0.84705882 0.65098039 0.63921569
v 0.692282 0.049884 -0.073162 0.96078431 0.96078431 0.96078431
v 0.844904 0.030175 -0.073162 0.84313725 0.65098039 0.63921569
v 0.687278 0.050404 -0.073162 0.97254902 0.95686275 0.96862745
v 0.686841 0.050512 -0.073162 0.97254902 0.95686275 0.96862745
v 0.844584 0.030201 -0.073162 0.85490196 0.66274510 0.65098039
v 0.839735 0.030652 -0.073162 0.85882353 0.67058824 0.65098039
v 0.790330 0.013219 -0.073162 0.70196078 0.52549020 0.50196078
v 0.786750 0.011610 -0.073162 0.71372549 0.53725490 0.50980392
v 0.793907 0.015183 -0.073162 0.70980392 0.52941176 0.50588235
v 0.683006 0.051655 -0.073162 0.95294118 0.94117647 0.95294118
v 0.679556 0.052273 -0.073162 0.95294118 0.94117647 0.94901961
v 0.798095 0.016551 -0.073162 0.72549020 0.53725490 0.51372549
v 0.796553 0.015978 -0.073162 0.71764706 0.53333333 0.50588235
v 0.678367 0.052541 -0.073162 0.96078431 0.94901961 0.95686275
v 0.801952 0.018235 -0.073162 0.74117647 0.55294118 0.52549020
v 0.786497 0.011523 -0.073162 0.71372549 0.53725490 0.51372549
v 0.804291 0.018280 -0.073162 0.74117647 0.54901961 0.52549020
v 0.801689 0.029327 -0.073162 0.83529412 0.62352941 0.58823529
v 0.673588 0.052717 -0.073162 0.96078431 0.95294118 0.96078431
v 0.798765 0.028839 -0.073162 0.86274510 0.63921569 0.61176471
v 0.796318 0.029153 -0.073162 0.87843137 0.65490196 0.63529412
v 0.672993 0.052690 -0.073162 0.95686275 0.95294118 0.96078431
v 0.794168 0.029750 -0.073162 0.88627451 0.67058824 0.64705882
v 0.788864 0.031057 -0.073162 0.90980392 0.70588235 0.67058824
v 0.785919 0.032514 -0.073162 0.90980392 0.70588235 0.66666667
v 0.668144 0.052638 -0.073162 0.95294118 0.94901961 0.95686275
v 0.789746 0.030774 -0.073162 0.90980392 0.70588235 0.67843137
v 0.667444 0.052665 -0.073162 0.95686275 0.94901961 0.95294118
v 0.662477 0.052781 -0.073162 0.94901961 0.94117647 0.95294118
v 0.873989 0.027217 -0.073162 0.67450980 0.55686275 0.53333333
v 0.869682 0.028333 -0.073162 0.71372549 0.58039216 0.55686275
v 0.869116 0.028367 -0.073162 0.71372549 0.58431373 0.57254902
v 0.662036 0.052780 -0.073162 0.94509804 0.93725490 0.94901961
v 0.864266 0.028246 -0.073162 0.73725490 0.60000000 0.58823529
v 0.863657 0.028179 -0.073162 0.73725490 0.59215686 0.58431373
v 0.656761 0.053029 -0.073162 0.93725490 0.92941176 0.94117647
v -0.873251 0.017152 -0.074580 0.62745098 0.49803922 0.49019608
v -0.864965 0.014390 -0.073930 0.67450980 0.50980392 0.49803922
v -0.853918 0.014390 -0.075674 0.76078431 0.54901961 0.54117647
v -0.878774 0.022675 -0.076246 0.64705882 0.49803922 0.48627451
v -0.878774 0.028199 -0.075328 0.79215686 0.55294118 0.54117647
v -0.876012 0.019914 -0.073800 0.62352941 0.49411765 0.48627451
v -0.840109 0.017152 -0.076656 0.73725490 0.53333333 0.51764706
v -0.834585 0.017152 -0.075766 0.80000000 0.58431373 0.56862745
v -0.848394 0.030961 -0.074028 0.87450980 0.60784314 0.59215686
v -0.842871 0.030961 -0.074552 0.88235294 0.61568627 0.58431373
v -0.655068 0.058579 -0.075908 0.91764706 0.89019608 0.91372549
v -0.837347 0.030961 -0.075659 0.88235294 0.61568627 0.59607843
v -0.652306 0.061341 -0.073933 0.93333333 0.91372549 0.92941176
v -0.646846 0.061287 -0.073679 0.93333333 0.91764706 0.93333333
v -0.636031 0.061092 -0.074270 0.93333333 0.91372549 0.93725490
v -0.820776 0.025437 -0.076957 0.92156863 0.69803922 0.67450980
v -0.641473 0.061161 -0.073840 0.93725490 0.92156863 0.94117647
v -0.818014 0.022675 -0.076481 0.83529412 0.62352941 0.60392157
v -0.622593 0.058016 -0.076283 0.94117647 0.92156863 0.94509804
v -0.818014 0.028199 -0.076243 0.91372549 0.68627451 0.67843137
v -0.815253 0.025437 -0.076266 0.83921569 0.62745098 0.60784314
v -0.815253 0.019914 -0.075089 0.77254902 0.57647059 0.55294118
v -0.812491 0.022675 -0.075627 0.80000000 0.59607843 0.57647059
v -0.815253 0.030961 -0.074405 0.87843137 0.63529412 0.62352941
v -0.812491 0.028199 -0.075137 0.86666667 0.65098039 0.63137255
v -0.809729 0.025437 -0.075654 0.83137255 0.62352941 0.60392157
v -0.809729 0.019914 -0.073631 0.76470588 0.57254902 0.54901961
v -0.806967 0.022675 -0.075365 0.76470588 0.57254902 0.54901961
v -0.804205 0.019914 -0.074100 0.73333333 0.54901961 0.52156863
v -0.806967 0.028199 -0.074416 0.86666667 0.65490196 0.63529412
v -0.804205 0.025437 -0.075210 0.83921569 0.63529412 0.60784314
v -0.801444 0.022675 -0.076733 0.77254902 0.58431373 0.55294118
v -0.801444 0.028199 -0.074451 0.88235294 0.67843137 0.64313725
v -0.795920 0.017152 -0.075766 0.65490196 0.48627451 0.45490196
v -0.793158 0.014390 -0.073892 0.65490196 0.48627451 0.45490196
v -0.795920 0.028199 -0.075939 0.91372549 0.71372549 0.67450980
v -0.793158 0.030961 -0.075946 0.91372549 0.70588235 0.67450980
v -0.688283 0.052992 -0.074050 0.92941176 0.92549020 0.94117647
v -0.682820 0.052939 -0.076267 0.94117647 0.92941176 0.94901961
v -0.680025 0.055730 -0.074054 0.93725490 0.92549020 0.94509804
v -0.674488 0.055742 -0.074789 0.92941176 0.91764706 0.93333333
v -0.668938 0.055765 -0.074750 0.91372549 0.88235294 0.91372549
v -0.663390 0.055785 -0.075808 0.90588235 0.88235294 0.91372549
v -0.660613 0.058560 -0.073273 0.90588235 0.88235294 0.90588235
v -0.690971 0.006105 -0.076368 0.87843137 0.85882353 0.87450980
v -0.685462 0.006090 -0.076232 0.86666667 0.84313725 0.86666667
v -0.682702 0.003327 -0.075234 0.85098039 0.83137255 0.84705882
v -0.679941 0.000564 -0.075557 0.84705882 0.82745098 0.84705882
v 0.673331 -0.007787 -0.074090 0.79607843 0.77647059 0.79215686
v 0.676095 -0.005027 -0.075642 0.81176471 0.79215686 0.81176471
v 0.678858 -0.002266 -0.075255 0.83529412 0.81176471 0.83529412
v 0.681621 0.000495 -0.075089 0.88235294 0.85490196 0.88235294
v 0.684385 0.003255 -0.075382 0.86274510 0.83921569 0.85882353
v 0.620830 -0.010520 -0.073728 0.80784314 0.79215686 0.80784314
v 0.656733 0.053001 -0.073236 0.93333333 0.92156863 0.93725490
v 0.651210 0.053001 -0.075960 0.93333333 0.91764706 0.93725490
v 0.626354 -0.010520 -0.074564 0.80784314 0.79215686 0.80784314
v 0.645686 0.053001 -0.076654 0.90980392 0.89803922 0.91764706
v 0.640163 0.053001 -0.076125 0.89411765 0.88627451 0.90980392
v 0.642925 0.055763 -0.073200 0.90980392 0.90196078 0.92156863
v 0.631877 0.055763 -0.076198 0.92549020 0.91372549 0.92941176
v 0.623592 0.058525 -0.073625 0.94509804 0.94117647 0.94117647
v 0.637401 0.055763 -0.074808 0.91764706 0.90980392 0.92941176
v 0.858461 0.027805 -0.075877 0.83137255 0.66274510 0.64705882
v 0.844581 0.014194 -0.075720 0.67058824 0.49019608 0.47843137
v 0.687113 0.050239 -0.073876 0.97254902 0.95686275 0.96862745
v 0.839068 0.014161 -0.073392 0.68235294 0.49803922 0.47843137
v 0.833552 0.014136 -0.073309 0.69411765 0.50196078 0.48235294
v 0.847522 0.027483 -0.077050 0.87058824 0.66666667 0.66666667
v 0.852954 0.027755 -0.077050 0.86666667 0.68235294 0.67058824
v 0.839284 0.030112 -0.074512 0.88627451 0.70196078 0.69803922
v 0.797601 0.017048 -0.073811 0.73333333 0.54901961 0.52156863
v 0.800357 0.019829 -0.074681 0.74901961 0.55686275 0.53333333
v 0.792160 0.027851 -0.075445 0.89411765 0.67843137 0.65098039
v 0.805890 0.019800 -0.074478 0.76470588 0.56862745 0.54509804
v 0.803133 0.022550 -0.075677 0.77647059 0.58039216 0.55294118
v 0.805923 0.025227 -0.076700 0.85098039 0.62745098 0.60000000
v 0.800376 0.025297 -0.075350 0.82745098 0.61960784 0.58823529
v 0.803174 0.027951 -0.075505 0.84313725 0.62745098 0.60392157
v 0.797681 0.027859 -0.074016 0.86274510 0.64705882 0.61960784
v 0.789432 0.030515 -0.073939 0.91764706 0.71372549 0.68235294
v 0.874920 0.028133 -0.074903 0.77647059 0.63137255 0.61176471
v 0.863979 0.027821 -0.076192 0.80392157 0.65098039 0.63921569
v -0.710018 0.003057 -0.073162 0.87843137 0.82352941 0.82352941
v -0.748618 0.009218 -0.073162 0.80392157 0.63529412 0.60000000
v -0.835606 0.032702 -0.073162 0.88235294 0.63921569 0.61176471
v -0.738774 0.008014 -0.073162 0.81568627 0.65490196 0.62352941
v -0.830351 0.015863 -0.073162 0.76078431 0.55294118 0.53333333
v -0.736757 0.007701 -0.073162 0.83529412 0.69019608 0.66274510
v -0.828693 0.033354 -0.073162 0.88627451 0.65490196 0.61960784
v -0.729551 0.006190 -0.073162 0.84313725 0.71764706 0.69411765
v -0.822976 0.016590 -0.073162 0.74509804 0.54117647 0.52156863
v -0.722858 0.004850 -0.073162 0.85490196 0.74901961 0.73333333
v -0.699812 0.003898 -0.073162 0.87843137 0.83529412 0.83921569
v -0.817767 0.017399 -0.073162 0.74509804 0.54901961 0.52549020
v -0.698424 0.004176 -0.073162 0.87843137 0.85098039 0.86274510
v -0.823845 0.033416 -0.073162 0.91372549 0.67843137 0.62352941
v -0.816861 0.032569 -0.073162 0.89803922 0.67450980 0.64313725
v -0.720376 0.004318 -0.073162 0.86274510 0.77647059 0.76470588
v -0.710564 0.003082 -0.073162 0.87058824 0.79607843 0.79215686
v -0.792238 0.031881 -0.073162 0.92549020 0.71372549 0.69411765
v 0.708360 0.001375 -0.073162 0.83921569 0.80392157 0.81176471
v -0.750464 0.043503 -0.073162 0.89803922 0.70196078 0.65882353
v 0.699056 0.001422 -0.073162 0.85098039 0.82352941 0.83921569
v -0.747072 0.043905 -0.073162 0.89411765 0.70196078 0.65490196
v -0.785938 0.034788 -0.073162 0.91372549 0.70196078 0.66666667
v -0.740895 0.044981 -0.073162 0.88627451 0.69803922 0.65098039
v 0.696959 0.001728 -0.073162 0.85490196 0.83529412 0.85098039
v -0.784375 0.011130 -0.073162 0.70196078 0.52156863 0.49019608
v 0.689154 0.002521 -0.073162 0.85098039 0.83137255 0.84705882
v -0.734413 0.045517 -0.073162 0.87058824 0.69019608 0.63921569
v -0.780522 0.010455 -0.073162 0.72549020 0.54117647 0.50196078
v -0.730817 0.045951 -0.073162 0.85098039 0.67058824 0.61960784
v -0.772010 0.009812 -0.073162 0.74509804 0.55686275 0.51764706
v -0.770186 0.009744 -0.073162 0.75686275 0.56862745 0.52941176
v -0.721643 0.047240 -0.073162 0.82745098 0.66274510 0.60392157
v -0.760752 0.009602 -0.073162 0.76862745 0.58431373 0.54509804
v 0.777551 0.009464 -0.073162 0.72549020 0.54901961 0.52156863
v 0.706443 0.047481 -0.073162 0.95686275 0.95294118 0.96078431
v -0.721145 0.047326 -0.073162 0.82352941 0.66274510 0.60392157
v -0.777751 0.037648 -0.073162 0.90980392 0.69803922 0.66274510
v 0.772984 0.009025 -0.073162 0.72549020 0.55294118 0.52549020
v 0.701702 0.048257 -0.073162 0.95686275 0.95294118 0.96078431
v -0.711594 0.048799 -0.073162 0.93333333 0.88627451 0.88235294
v -0.774009 0.039063 -0.073162 0.90980392 0.70196078 0.66274510
v 0.693093 0.049784 -0.073162 0.95686275 0.96078431 0.96078431
v -0.769613 0.040557 -0.073162 0.90588235 0.70196078 0.65882353
v 0.726867 0.004962 -0.073162 0.81568627 0.70980392 0.69803922
v 0.827312 0.014847 -0.073162 0.69411765 0.50588235 0.48235294
v -0.760110 0.041915 -0.073162 0.90588235 0.70196078 0.66274510
v 0.719253 0.045712 -0.073162 0.96078431 0.94509804 0.96078431
v 0.724142 0.004414 -0.073162 0.82352941 0.73333333 0.72941176
v 0.823640 0.015371 -0.073162 0.69411765 0.51372549 0.49019608
v 0.746032 0.007892 -0.073162 0.79607843 0.65882353 0.64313725
v 0.737762 0.006987 -0.073162 0.81176471 0.69411765 0.67843137
v 0.814498 0.016716 -0.073162 0.71372549 0.52941176 0.50980392
v 0.736140 0.006736 -0.073162 0.81960784 0.71372549 0.70196078
v 0.711314 0.046822 -0.073162 0.95686275 0.94509804 0.95686275
v 0.813905 0.016769 -0.073162 0.74509804 0.55294118 0.52941176
v 0.721086 0.045533 -0.073162 0.94901961 0.92549020 0.93725490
v 0.767348 0.008659 -0.073162 0.74509804 0.57254902 0.54901961
v -0.708623 0.049214 -0.073162 0.94509804 0.92549020 0.92941176
v 0.761347 0.008462 -0.073162 0.74901961 0.58823529 0.56078431
v -0.759298 0.009585 -0.073162 0.78039216 0.60000000 0.55686275
v 0.756613 0.008354 -0.073162 0.76862745 0.61176471 0.58431373
v 0.749992 0.008170 -0.073162 0.78039216 0.63529412 0.61568627
v -0.702162 0.050352 -0.073162 0.93725490 0.92549020 0.93725490
v -0.749377 0.009274 -0.073162 0.79215686 0.61960784 0.57647059
v -0.694867 0.051932 -0.073162 0.93333333 0.92156863 0.93725490
v 0.810807 0.031191 -0.073162 0.90588235 0.70588235 0.69019608
v 0.717890 0.002892 -0.073162 0.82745098 0.75686275 0.75686275
v 0.805201 0.029679 -0.073162 0.85490196 0.64313725 0.63137255
v 0.710254 0.001573 -0.073162 0.84313725 0.79215686 0.80000000
v -0.759957 0.041948 -0.073162 0.90196078 0.70588235 0.66274510
v 0.757553 0.040407 -0.073162 0.91372549 0.73725490 0.69019608
v 0.832342 0.031550 -0.073162 0.87058824 0.67450980 0.65098039
v 0.750751 0.041817 -0.073162 0.91372549 0.74901961 0.70588235
v 0.829984 0.031920 -0.073162 0.89411765 0.69803922 0.69411765
v 0.744543 0.042419 -0.073162 0.90980392 0.76470588 0.72941176
v 0.820469 0.032458 -0.073162 0.88235294 0.71764706 0.72156863
v 0.740806 0.043007 -0.073162 0.90588235 0.77254902 0.74117647
v 0.819218 0.032348 -0.073162 0.87843137 0.71372549 0.71372549
v 0.732021 0.043968 -0.073162 0.90588235 0.79215686 0.76470588
v 0.730754 0.044112 -0.073162 0.90588235 0.81176471 0.79215686
v 0.777688 0.035449 -0.073162 0.90980392 0.70980392 0.66274510
v 0.771009 0.037963 -0.073162 0.91372549 0.71372549 0.66666667
v 0.769656 0.038521 -0.073162 0.91372549 0.72156863 0.67058824
v 0.760040 0.039971 -0.073162 0.91372549 0.72549020 0.67843137
v -0.826300 0.019914 -0.076800 0.92549020 0.68627451 0.67450980
v -0.748969 0.008866 -0.074454 0.79607843 0.62352941 0.58431373
v -0.826300 0.030961 -0.075804 0.86666667 0.64705882 0.60000000
v -0.721351 0.003343 -0.077417 0.85882353 0.76078431 0.74509804
v -0.748969 0.042008 -0.078123 0.89803922 0.70588235 0.66274510
v -0.771064 0.008866 -0.079178 0.75686275 0.57254902 0.53333333
v -0.710335 0.047505 -0.076518 0.93725490 0.90980392 0.91372549
v -0.760017 0.008866 -0.076293 0.77647059 0.59215686 0.55686275
v -0.776587 0.036484 -0.077823 0.90980392 0.70196078 0.66274510
v -0.699346 0.047452 -0.079793 0.92156863 0.91764706 0.92549020
v 0.709208 0.044716 -0.078475 0.96470588 0.95294118 0.96078431
v 0.747873 0.006051 -0.079574 0.78431373 0.63137255 0.60784314
v 0.825319 0.016736 -0.075828 0.72156863 0.52156863 0.50588235
v 0.736826 0.006051 -0.075382 0.80784314 0.68627451 0.67058824
v 0.720258 0.044707 -0.075565 0.94901961 0.93725490 0.94509804
v 0.814178 0.017028 -0.073441 0.76078431 0.56470588 0.54117647
v 0.819799 0.022256 -0.077757 0.76078431 0.55686275 0.53725490
v 0.814317 0.027667 -0.076236 0.86666667 0.63921569 0.62745098
v 0.759003 0.038954 -0.076551 0.91372549 0.72941176 0.67843137
v 0.825469 0.027352 -0.077608 0.79215686 0.56078431 0.54901961
v -0.869894 0.020509 -0.069256 0.72549020 0.52941176 0.51764706
v -0.870211 0.025160 -0.069256 0.79215686 0.55686275 0.53725490
v -0.866582 0.027054 -0.069256 0.83529412 0.59607843 0.57647059
v -0.866757 0.018122 -0.069256 0.70196078 0.51372549 0.50980392
v -0.862718 0.016637 -0.069256 0.61176471 0.45098039 0.43137255
v -0.861194 0.016142 -0.069256 0.52156863 0.37254902 0.34117647
v -0.858198 0.015633 -0.069256 0.51372549 0.36078431 0.35686275
v -0.854870 0.015342 -0.069256 0.52941176 0.38431373 0.37254902
v -0.842391 0.014870 -0.069256 0.62352941 0.44313725 0.41568627
v -0.838024 0.015067 -0.069256 0.63529412 0.45098039 0.42352941
v -0.836360 0.015378 -0.069256 0.63529412 0.45098039 0.42352941
v -0.833407 0.015973 -0.069256 0.68235294 0.49019608 0.46666667
v -0.670721 -0.001266 -0.069256 0.83137255 0.81176471 0.82745098
v -0.848827 0.031394 -0.069256 0.89411765 0.67843137 0.63529412
v -0.666973 -0.001356 -0.069256 0.83137255 0.81176471 0.83137255
v -0.665361 -0.001429 -0.069256 0.82745098 0.81176471 0.82745098
v -0.660886 -0.001890 -0.069256 0.83137255 0.81568627 0.83529412
v -0.847730 0.031625 -0.069256 0.89411765 0.67058824 0.62745098
v -0.660354 -0.001946 -0.069256 0.83137255 0.81568627 0.83137255
v -0.655400 -0.002515 -0.069256 0.83137255 0.81568627 0.83529412
v -0.844194 0.032285 -0.069256 0.91372549 0.69803922 0.64705882
v -0.654666 -0.002586 -0.069256 0.83137255 0.81568627 0.83529412
v -0.650407 -0.003046 -0.069256 0.83137255 0.81568627 0.83529412
v -0.841382 0.032449 -0.069256 0.89411765 0.66666667 0.62352941
v -0.839008 0.032622 -0.069256 0.88627451 0.65882353 0.61960784
v -0.648613 -0.003115 -0.069256 0.82745098 0.81176471 0.83137255
v -0.799178 0.014886 -0.069256 0.63529412 0.46666667 0.43921569
v -0.798402 0.014670 -0.069256 0.63137255 0.46666667 0.43921569
v -0.794131 0.013417 -0.069256 0.63529412 0.46666667 0.43529412
v -0.862367 0.028362 -0.069256 0.88235294 0.64705882 0.62745098
v -0.644699 -0.002860 -0.069256 0.82745098 0.80784314 0.82745098
v -0.861910 0.028492 -0.069256 0.88235294 0.64705882 0.62745098
v -0.643282 -0.002920 -0.069256 0.82352941 0.80784314 0.82745098
v -0.791263 0.012495 -0.069256 0.64313725 0.47450980 0.44313725
v -0.638695 0.063824 -0.069256 0.93333333 0.92156863 0.93725490
v -0.857969 0.029489 -0.069256 0.90980392 0.68235294 0.65490196
v -0.634195 0.062935 -0.069256 0.93725490 0.92549020 0.94117647
v -0.639496 -0.003180 -0.069256 0.82352941 0.80392157 0.82352941
v -0.853173 0.015135 -0.069256 0.55686275 0.40784314 0.39215686
v -0.632054 0.062520 -0.069256 0.94117647 0.92549020 0.94117647
v -0.854573 0.030306 -0.069256 0.90196078 0.69411765 0.65098039
v -0.789952 0.012073 -0.069256 0.66666667 0.49411765 0.45882353
v -0.629652 0.061977 -0.069256 0.93333333 0.92156863 0.93725490
v -0.637452 -0.003226 -0.069256 0.82352941 0.80392157 0.82352941
v -0.625608 0.061169 -0.069256 0.93725490 0.92156863 0.93725490
v -0.633903 -0.003110 -0.069256 0.81960784 0.80000000 0.81960784
v -0.694197 0.053369 -0.069256 0.93725490 0.92549020 0.94117647
v -0.693206 0.053594 -0.069256 0.93333333 0.92549020 0.94117647
v -0.632172 -0.002982 -0.069256 0.81960784 0.80000000 0.81960784
v -0.689848 0.054481 -0.069256 0.92941176 0.92156863 0.93725490
v -0.853476 0.030518 -0.069256 0.90196078 0.69411765 0.64705882
v -0.685720 0.055561 -0.069256 0.92941176 0.92156863 0.93725490
v -0.685492 0.055637 -0.069256 0.92941176 0.92156863 0.93725490
v -0.848849 0.014845 -0.069256 0.61960784 0.43529412 0.42745098
v -0.628084 -0.002815 -0.069256 0.81568627 0.79607843 0.81568627
v -0.847952 0.014833 -0.069256 0.60392157 0.43137255 0.40784314
v -0.843308 0.014827 -0.069256 0.62352941 0.44705882 0.42352941
v -0.649595 0.064052 -0.069256 0.94117647 0.92941176 0.94901961
v -0.649486 0.064044 -0.069256 0.94117647 0.92941176 0.94901961
v -0.681226 0.056866 -0.069256 0.92941176 0.92156863 0.93725490
v -0.677735 0.058965 -0.069256 0.92549020 0.92156863 0.93725490
v -0.644423 0.064260 -0.069256 0.93725490 0.92549020 0.94117647
v -0.676075 0.059680 -0.069256 0.93333333 0.92549020 0.93725490
v -0.643897 0.064249 -0.069256 0.93725490 0.92549020 0.94117647
v -0.673306 0.060106 -0.069256 0.92549020 0.91764706 0.92941176
v -0.638804 0.063839 -0.069256 0.93333333 0.92156863 0.93725490
v -0.669721 0.060506 -0.069256 0.92549020 0.90980392 0.92549020
v -0.668450 0.060801 -0.069256 0.92549020 0.90980392 0.92549020
v -0.663735 0.060963 -0.069256 0.92156863 0.90196078 0.92156863
v -0.626835 -0.002796 -0.069256 0.81176471 0.79215686 0.81176471
v -0.663144 0.061084 -0.069256 0.92156863 0.89803922 0.91764706
v -0.659138 0.062604 -0.069256 0.93333333 0.91372549 0.92941176
v -0.622446 -0.002701 -0.069256 0.81176471 0.79215686 0.80784314
v -0.655810 0.063360 -0.069256 0.93725490 0.92156863 0.93333333
v -0.654645 0.063680 -0.069256 0.94117647 0.92549020 0.93725490
v -0.687490 0.004062 -0.069256 0.85490196 0.83137255 0.85098039
v -0.683917 0.002112 -0.069256 0.84705882 0.82745098 0.84313725
v -0.680565 -0.000061 -0.069256 0.83921569 0.81960784 0.83529412
v -0.678389 -0.000984 -0.069256 0.83529412 0.81960784 0.83529412
v -0.676381 -0.001400 -0.069256 0.83137255 0.81568627 0.83137255
v -0.672729 -0.001124 -0.069256 0.83529412 0.81568627 0.83137255
v 0.641937 -0.009533 -0.069256 0.82745098 0.81176471 0.82745098
v 0.638321 -0.009600 -0.069256 0.82745098 0.81176471 0.82745098
v 0.636489 -0.009609 -0.069256 0.82352941 0.80392157 0.81960784
v 0.632679 -0.009719 -0.069256 0.82352941 0.80392157 0.82352941
v 0.643909 -0.009536 -0.069256 0.83137255 0.81568627 0.83137255
v 0.631140 -0.009783 -0.069256 0.81960784 0.80000000 0.81960784
v 0.655448 0.054287 -0.069256 0.92941176 0.91764706 0.93333333
v 0.652827 0.054619 -0.069256 0.92156863 0.90588235 0.92941176
v 0.674093 -0.008547 -0.069256 0.83921569 0.81960784 0.83529412
v 0.649053 0.055158 -0.069256 0.91372549 0.89803922 0.92156863
v 0.626819 -0.010055 -0.069256 0.81960784 0.80000000 0.81960784
v 0.672050 -0.009013 -0.069256 0.83921569 0.81960784 0.83529412
v 0.648033 0.055348 -0.069256 0.91372549 0.89411765 0.91764706
v 0.669212 -0.009190 -0.069256 0.83921569 0.82352941 0.83921569
v 0.625920 -0.010086 -0.069256 0.81568627 0.80000000 0.81568627
v 0.633990 0.057876 -0.069256 0.95294118 0.94117647 0.95686275
v 0.621221 -0.010129 -0.069256 0.81960784 0.80000000 0.81960784
v 0.666201 -0.009338 -0.069256 0.83921569 0.82352941 0.83921569
v 0.643362 0.056201 -0.069256 0.90980392 0.89803922 0.90980392
v 0.677393 -0.006324 -0.069256 0.85098039 0.82745098 0.85098039
v 0.629502 0.058139 -0.069256 0.94901961 0.94117647 0.94901961
v 0.679901 -0.003308 -0.069256 0.85882353 0.83921569 0.85882353
v 0.623204 0.058913 -0.069256 0.94901961 0.94117647 0.94509804
v 0.620465 -0.010155 -0.069256 0.81568627 0.79607843 0.81568627
v 0.623895 0.058828 -0.069256 0.94901961 0.94509804 0.94509804
v 0.615580 -0.010247 -0.069256 0.81960784 0.80000000 0.81960784
v 0.628772 0.058182 -0.069256 0.94901961 0.94117647 0.94901961
v 0.642282 0.056406 -0.069256 0.91372549 0.89803922 0.91372549
v 0.638888 0.057250 -0.069256 0.93333333 0.92156863 0.93333333
v 0.635383 0.057781 -0.069256 0.94901961 0.93725490 0.95294118
v 0.652918 -0.009467 -0.069256 0.83921569 0.82352941 0.83921569
v 0.649418 -0.009551 -0.069256 0.83529412 0.81960784 0.83529412
v 0.647542 -0.009614 -0.069256 0.83529412 0.81960784 0.83529412
v 0.664003 -0.009504 -0.069256 0.84313725 0.82745098 0.84313725
v 0.660225 -0.009791 -0.069256 0.84313725 0.82745098 0.83921569
v 0.658774 -0.009799 -0.069256 0.83921569 0.82352941 0.83921569
v 0.654918 -0.009574 -0.069256 0.83921569 0.82352941 0.83921569
v 0.667031 0.053751 -0.069256 0.96078431 0.94901961 0.95294118
v 0.663016 0.053760 -0.069256 0.95294118 0.94117647 0.95294118
v 0.673253 0.053052 -0.069256 0.96078431 0.95294118 0.96078431
v 0.668406 0.053627 -0.069256 0.96078431 0.94901961 0.95686275
v 0.673348 0.053045 -0.069256 0.96078431 0.95294118 0.96470588
v 0.844694 0.014138 -0.069256 0.62352941 0.47450980 0.46274510
v 0.683380 0.052030 -0.069256 0.93725490 0.92941176 0.93725490
v 0.844412 0.014132 -0.069256 0.64313725 0.48235294 0.46274510
v 0.850061 0.014311 -0.069256 0.48627451 0.41568627 0.41176471
v 0.679582 0.052247 -0.069256 0.95294118 0.94117647 0.94901961
v 0.860259 0.015184 -0.069256 0.70196078 0.50980392 0.50980392
v 0.661466 0.053792 -0.069256 0.94901961 0.93725490 0.95294118
v 0.657773 0.054041 -0.069256 0.93725490 0.92549020 0.93725490
v 0.855916 0.014645 -0.069256 0.70588235 0.52156863 0.51764706
v 0.864387 0.016580 -0.069256 0.71372549 0.51372549 0.50980392
v 0.862782 0.016011 -0.069256 0.67843137 0.49411765 0.49411765
v 0.867896 0.018594 -0.069256 0.81568627 0.56862745 0.56862745
v 0.855308 0.014600 -0.069256 0.64705882 0.48627451 0.48235294
v 0.850082 0.014312 -0.069256 0.49411765 0.41960784 0.41568627
v 0.858469 0.027877 -0.069256 0.79607843 0.60784314 0.59607843
v 0.858384 0.027889 -0.069256 0.80392157 0.61960784 0.60392157
v 0.838961 0.014315 -0.069256 0.68235294 0.50980392 0.48627451
v 0.834112 0.014802 -0.069256 0.66666667 0.49411765 0.46274510
v 0.839108 0.014292 -0.069256 0.68235294 0.50980392 0.48627451
v 0.853826 0.028788 -0.069256 0.81568627 0.62352941 0.60000000
v 0.851496 0.029321 -0.069256 0.81176471 0.62352941 0.60000000
v 0.849221 0.029762 -0.069256 0.82352941 0.63529412 0.61176471
v 0.844738 0.030417 -0.069256 0.81176471 0.63529412 0.61176471
v 0.844651 0.030428 -0.069256 0.81568627 0.63921569 0.61176471
v 0.839360 0.030427 -0.069256 0.86274510 0.67450980 0.64705882
v 0.795333 0.013771 -0.069256 0.69411765 0.51372549 0.49019608
v 0.793997 0.013389 -0.069256 0.69019608 0.51372549 0.49019608
v 0.786845 0.011184 -0.069256 0.69019608 0.51764706 0.49411765
v 0.791094 0.012465 -0.069256 0.69019608 0.51372549 0.49019608
v 0.799771 0.014880 -0.069256 0.70588235 0.52156863 0.49803922
v 0.801740 0.015679 -0.069256 0.70980392 0.52549020 0.50196078
v 0.869381 0.022609 -0.069256 0.87450980 0.64313725 0.64313725
v 0.869378 0.022636 -0.069256 0.87450980 0.64705882 0.64705882
v 0.866714 0.025431 -0.069256 0.83921569 0.64705882 0.64705882
v 0.866466 0.025530 -0.069256 0.83529412 0.64705882 0.64313725
v 0.862658 0.026753 -0.069256 0.83137255 0.64313725 0.61960784
v 0.691868 0.051009 -0.069256 0.95686275 0.95686275 0.96078431
v 0.688238 0.051364 -0.069256 0.96078431 0.94901961 0.96078431
v 0.685633 0.051720 -0.069256 0.94901961 0.93725490 0.94901961
v 0.678291 0.052464 -0.069256 0.95686275 0.94901961 0.95686275
v -0.853918 0.014390 -0.071212 0.62352941 0.44705882 0.43921569
v -0.876012 0.025437 -0.071860 0.71372549 0.49411765 0.49019608
v -0.873251 0.022675 -0.070339 0.70196078 0.50980392 0.49803922
v -0.870489 0.019914 -0.069725 0.70980392 0.52549020 0.51764706
v -0.873251 0.028199 -0.072167 0.83137255 0.56862745 0.55686275
v -0.870489 0.025437 -0.069434 0.80000000 0.56470588 0.54509804
v -0.867727 0.028199 -0.070790 0.85098039 0.61960784 0.59607843
v -0.867727 0.017152 -0.070298 0.65098039 0.49411765 0.49019608
v -0.859442 0.014390 -0.071635 0.60784314 0.44313725 0.42745098
v 0.866631 0.014336 -0.072702 0.63137255 0.49019608 0.47843137
v 0.869393 0.017098 -0.071122 0.77647059 0.54117647 0.53725490
v -0.801444 0.017152 -0.072282 0.66274510 0.49411765 0.46274510
v -0.693837 0.052964 -0.070902 0.93725490 0.92549020 0.93725490
v 0.872154 0.019860 -0.070883 0.87450980 0.59607843 0.59607843
v -0.677271 0.058486 -0.071637 0.92156863 0.91764706 0.93333333
v 0.874916 0.022621 -0.072561 0.85490196 0.64313725 0.62352941
v -0.671711 0.058517 -0.071256 0.92549020 0.90980392 0.92941176
v -0.666168 0.058534 -0.072098 0.91764706 0.89411765 0.91764706
v -0.657830 0.061341 -0.071600 0.92156863 0.90196078 0.92156863
v -0.644154 0.063991 -0.069766 0.93725490 0.92549020 0.94117647
v -0.630613 0.061004 -0.072985 0.93725490 0.92156863 0.94117647
v -0.625298 0.060830 -0.069884 0.93725490 0.92156863 0.93725490
v 0.615306 -0.010520 -0.072158 0.81176471 0.79607843 0.81176471
v 0.667781 0.053001 -0.072240 0.96078431 0.94901961 0.95686275
v 0.662257 0.053001 -0.072482 0.95294118 0.94117647 0.95294118
v 0.850071 0.014301 -0.069275 0.59215686 0.45882353 0.45098039
v 0.861107 0.014336 -0.070527 0.67843137 0.49019608 0.49019608
v 0.673304 0.053001 -0.070349 0.96078431 0.95294118 0.96078431
v 0.855590 0.014317 -0.069680 0.67450980 0.49411765 0.49411765
v 0.858421 0.027923 -0.069328 0.76078431 0.57254902 0.56862745
v 0.839047 0.014227 -0.069624 0.67058824 0.49803922 0.47450980
v 0.833531 0.014203 -0.069664 0.67843137 0.49803922 0.46666667
v 0.794851 0.014247 -0.070955 0.69803922 0.52156863 0.49803922
v 0.786579 0.011441 -0.072496 0.70196078 0.52941176 0.50196078
v 0.803120 0.017063 -0.071313 0.71764706 0.52941176 0.50980392
v 0.869393 0.022621 -0.069263 0.87450980 0.64705882 0.64705882
v 0.872154 0.025383 -0.071027 0.77647059 0.59215686 0.56078431
v 0.869407 0.028105 -0.072646 0.64313725 0.53725490 0.52156863
v 0.863937 0.027946 -0.071872 0.63921569 0.51764706 0.51764706
v 0.692637 0.050239 -0.071890 0.95686275 0.96078431 0.96078431
v -0.840807 0.016454 -0.065350 0.52549020 0.35686275 0.30980392
v -0.670262 -0.000807 -0.065350 0.82352941 0.80392157 0.81960784
v -0.839130 0.016173 -0.065350 0.58039216 0.40392157 0.37254902
v -0.667251 -0.001048 -0.065350 0.82745098 0.80784314 0.82352941
v -0.665154 -0.001222 -0.065350 0.82352941 0.80392157 0.81960784
v -0.835667 0.016070 -0.065350 0.55686275 0.38431373 0.35294118
v -0.661234 -0.001542 -0.065350 0.82745098 0.80784314 0.82352941
v -0.833636 0.016202 -0.065350 0.56862745 0.39607843 0.36862745
v -0.847437 0.030004 -0.065350 0.87843137 0.66666667 0.62352941
v -0.660108 -0.001699 -0.065350 0.82745098 0.80784314 0.82352941
v -0.843138 0.031229 -0.065350 0.89803922 0.68235294 0.62745098
v -0.655153 -0.002269 -0.065350 0.82745098 0.80784314 0.82745098
v -0.654973 -0.002279 -0.065350 0.83137255 0.81176471 0.82745098
v -0.842296 0.031536 -0.065350 0.90196078 0.69019608 0.63529412
v -0.649673 -0.002055 -0.065350 0.82745098 0.81176471 0.82745098
v -0.839051 0.032665 -0.065350 0.89803922 0.69019608 0.63921569
v -0.649413 -0.002051 -0.065350 0.82745098 0.80784314 0.82745098
v -0.798111 0.013820 -0.065350 0.61960784 0.45490196 0.42352941
v -0.644226 -0.002386 -0.065350 0.82745098 0.80784314 0.82745098
v -0.643786 -0.002415 -0.065350 0.82745098 0.80784314 0.82352941
v -0.794477 0.013071 -0.065350 0.63137255 0.46274510 0.43137255
v -0.639032 -0.002716 -0.065350 0.82745098 0.80392157 0.82352941
v -0.637946 -0.002732 -0.065350 0.82352941 0.80392157 0.82352941
v -0.633315 -0.002522 -0.065350 0.82352941 0.80000000 0.81960784
v -0.790881 0.012113 -0.065350 0.64313725 0.47058824 0.43921569
v -0.632670 -0.002484 -0.065350 0.81960784 0.80000000 0.81568627
v -0.790136 0.011889 -0.065350 0.65882353 0.48235294 0.45098039
v -0.627602 -0.002334 -0.065350 0.81568627 0.79607843 0.81176471
v -0.694823 0.053918 -0.065350 0.94117647 0.93333333 0.94901961
v -0.692408 0.054402 -0.065350 0.93725490 0.93333333 0.94509804
v -0.647420 0.066237 -0.065350 0.93333333 0.92549020 0.93725490
v -0.690395 0.054933 -0.065350 0.93725490 0.92941176 0.94509804
v -0.646285 0.066128 -0.065350 0.93333333 0.92156863 0.93725490
v -0.685784 0.055925 -0.065350 0.93333333 0.92941176 0.94509804
v -0.685286 0.055996 -0.065350 0.93333333 0.92941176 0.94509804
v -0.642469 0.065680 -0.065350 0.93333333 0.92156863 0.93333333
v -0.640063 0.065355 -0.065350 0.93333333 0.92156863 0.93725490
v -0.627310 -0.002321 -0.065350 0.81176471 0.79215686 0.80784314
v -0.621988 -0.002243 -0.065350 0.81176471 0.78823529 0.80392157
v -0.857448 0.021907 -0.065350 0.70980392 0.50980392 0.48235294
v -0.857720 0.023716 -0.065350 0.75294118 0.53725490 0.51372549
v -0.855240 0.026759 -0.065350 0.81176471 0.58823529 0.56078431
v -0.681212 0.056776 -0.065350 0.93725490 0.92941176 0.94509804
v -0.854525 0.019306 -0.065350 0.65098039 0.46666667 0.43529412
v -0.852402 0.018398 -0.065350 0.61176471 0.43921569 0.40000000
v -0.677354 0.058527 -0.065350 0.94509804 0.93725490 0.94901961
v -0.637600 0.065045 -0.065350 0.93725490 0.92549020 0.93725490
v -0.850512 0.017796 -0.065350 0.59607843 0.43137255 0.39607843
v -0.633928 0.064481 -0.065350 0.94117647 0.92549020 0.94117647
v -0.677100 0.058659 -0.065350 0.94509804 0.93725490 0.94901961
v -0.851442 0.028485 -0.065350 0.85882353 0.65882353 0.61176471
v -0.673741 0.060522 -0.065350 0.92941176 0.91764706 0.93333333
v -0.632884 0.064248 -0.065350 0.94117647 0.92156863 0.94117647
v -0.669915 0.062228 -0.065350 0.90588235 0.89019608 0.90196078
v -0.850410 0.028945 -0.065350 0.86666667 0.66274510 0.61176471
v -0.628305 0.063325 -0.065350 0.93333333 0.91764706 0.93333333
v -0.666173 0.064050 -0.065350 0.92549020 0.91372549 0.92549020
v -0.627487 0.063287 -0.065350 0.93333333 0.91764706 0.93333333
v -0.666139 0.064064 -0.065350 0.92549020 0.90980392 0.92156863
v -0.622630 0.063502 -0.065350 0.92941176 0.91372549 0.92941176
v -0.661864 0.065287 -0.065350 0.93725490 0.92156863 0.93333333
v -0.659299 0.065399 -0.065350 0.94509804 0.93333333 0.94901961
v -0.845899 0.016886 -0.065350 0.54509804 0.39607843 0.36078431
v -0.656695 0.065685 -0.065350 0.95294118 0.93725490 0.95294118
v -0.845304 0.016824 -0.065350 0.53725490 0.38823529 0.34901961
v -0.652992 0.066182 -0.065350 0.94509804 0.93333333 0.94901961
v -0.651787 0.066256 -0.065350 0.94117647 0.93333333 0.94509804
v -0.687578 0.003974 -0.065350 0.84705882 0.82745098 0.84313725
v -0.683879 0.002150 -0.065350 0.83921569 0.81960784 0.83529412
v -0.680407 0.000098 -0.065350 0.83529412 0.81568627 0.83137255
v -0.679201 -0.000143 -0.065350 0.83137255 0.81568627 0.83137255
v -0.675538 -0.000556 -0.065350 0.82745098 0.80784314 0.82352941
v -0.673156 -0.000691 -0.065350 0.82745098 0.80784314 0.82352941
v 0.641924 -0.009519 -0.065350 0.83529412 0.81960784 0.83529412
v 0.634259 0.058145 -0.065350 0.94901961 0.94117647 0.94901961
v 0.630968 -0.009611 -0.065350 0.82352941 0.80392157 0.82352941
v 0.629313 0.058327 -0.065350 0.95294118 0.94509804 0.95686275
v 0.627205 -0.009669 -0.065350 0.82352941 0.80392157 0.82745098
v 0.625518 -0.009684 -0.065350 0.81960784 0.80000000 0.82352941
v 0.623433 0.058684 -0.065350 0.94901961 0.94117647 0.94509804
v 0.638431 -0.009490 -0.065350 0.83529412 0.81960784 0.83921569
v 0.623733 0.058667 -0.065350 0.94901961 0.94117647 0.94509804
v 0.636384 -0.009504 -0.065350 0.82745098 0.81176471 0.83137255
v 0.621608 -0.009742 -0.065350 0.82352941 0.80000000 0.82352941
v 0.632798 -0.009599 -0.065350 0.82745098 0.81176471 0.83137255
v 0.643889 -0.009556 -0.065350 0.83921569 0.82352941 0.83921569
v 0.673883 -0.008337 -0.065350 0.85098039 0.83137255 0.84705882
v 0.654857 0.054878 -0.065350 0.92549020 0.90980392 0.92941176
v 0.653269 0.055061 -0.065350 0.92549020 0.90980392 0.92549020
v 0.648622 0.055937 -0.065350 0.90980392 0.89411765 0.90980392
v 0.672435 -0.008628 -0.065350 0.85490196 0.83529412 0.85098039
v 0.648212 0.055999 -0.065350 0.90980392 0.89411765 0.90980392
v 0.669092 -0.009070 -0.065350 0.84705882 0.83137255 0.84705882
v 0.666103 -0.009436 -0.065350 0.85098039 0.83529412 0.85098039
v 0.677576 -0.006506 -0.065350 0.85882353 0.83529412 0.85882353
v 0.680441 -0.003848 -0.065350 0.86274510 0.83921569 0.86274510
v 0.643979 0.056818 -0.065350 0.92156863 0.90980392 0.92156863
v 0.620142 -0.009832 -0.065350 0.81960784 0.80000000 0.81960784
v 0.653020 -0.009569 -0.065350 0.85098039 0.83137255 0.85098039
v 0.649359 -0.009610 -0.065350 0.84313725 0.82745098 0.84313725
v 0.647550 -0.009622 -0.065350 0.84313725 0.82352941 0.84313725
v 0.664026 -0.009527 -0.065350 0.85098039 0.83529412 0.84705882
v 0.660381 -0.009634 -0.065350 0.85490196 0.83921569 0.85490196
v 0.658617 -0.009642 -0.065350 0.84705882 0.83137255 0.84705882
v 0.628940 0.058350 -0.065350 0.95294118 0.94509804 0.95686275
v 0.654906 -0.009586 -0.065350 0.84705882 0.83137255 0.84705882
v 0.641333 0.057354 -0.065350 0.94117647 0.92941176 0.94117647
v 0.639320 0.057683 -0.065350 0.94901961 0.93725490 0.94901961
v 0.635049 0.058115 -0.065350 0.94901961 0.94117647 0.94901961
v 0.851438 0.018479 -0.065350 0.80000000 0.58823529 0.56862745
v 0.847468 0.017260 -0.065350 0.73333333 0.54901961 0.53333333
v 0.855223 0.020216 -0.065350 0.83921569 0.63137255 0.61176471
v 0.667274 0.053508 -0.065350 0.95294118 0.94509804 0.95294118
v 0.854890 0.024585 -0.065350 0.84313725 0.67450980 0.65098039
v 0.663216 0.053960 -0.065350 0.94509804 0.93725490 0.94901961
v 0.837332 0.015958 -0.065350 0.62745098 0.47450980 0.44313725
v 0.835116 0.015833 -0.065350 0.65098039 0.47843137 0.43529412
v 0.842152 0.016696 -0.065350 0.66666667 0.51372549 0.50196078
v 0.841360 0.016629 -0.065350 0.64313725 0.50196078 0.48627451
v 0.673284 0.052982 -0.065350 0.95686275 0.94901961 0.96078431
v 0.847175 0.017216 -0.065350 0.72549020 0.54117647 0.52549020
v 0.668211 0.053432 -0.065350 0.95686275 0.94901961 0.95294118
v 0.851205 0.026448 -0.065350 0.88627451 0.69019608 0.65490196
v 0.683440 0.052090 -0.065350 0.93333333 0.91764706 0.92941176
v 0.847679 0.028304 -0.065350 0.89803922 0.70588235 0.67450980
v 0.679606 0.052223 -0.065350 0.95686275 0.94509804 0.95294118
v 0.846832 0.028488 -0.065350 0.89803922 0.70196078 0.67450980
v 0.660904 0.054355 -0.065350 0.94117647 0.92941176 0.94509804
v 0.842909 0.028930 -0.065350 0.88627451 0.68235294 0.65098039
v 0.658430 0.054698 -0.065350 0.93333333 0.91764706 0.93333333
v 0.839715 0.029975 -0.065350 0.88235294 0.68235294 0.65098039
v 0.838909 0.030325 -0.065350 0.88235294 0.68235294 0.64705882
v 0.795748 0.013379 -0.065350 0.69019608 0.50980392 0.48627451
v 0.793038 0.012423 -0.065350 0.68627451 0.51372549 0.48627451
v 0.786829 0.011199 -0.065350 0.68235294 0.51372549 0.48627451
v 0.791499 0.012059 -0.065350 0.68235294 0.50980392 0.48627451
v 0.800039 0.014615 -0.065350 0.69019608 0.50980392 0.48627451
v 0.800763 0.014720 -0.065350 0.69803922 0.51372549 0.49411765
v 0.690913 0.051963 -0.065350 0.96078431 0.95294118 0.96470588
v 0.688845 0.051971 -0.065350 0.95294118 0.94117647 0.95294118
v 0.685274 0.052078 -0.065350 0.93333333 0.92156863 0.93333333
v 0.678332 0.052505 -0.065350 0.96078431 0.95294118 0.96078431
v 0.673327 0.052978 -0.065350 0.95686275 0.94901961 0.96078431
v 0.826461 0.015786 -0.065350 0.68235294 0.50196078 0.47450980
v 0.823880 0.015693 -0.065350 0.66666667 0.49411765 0.47450980
v 0.831819 0.015919 -0.065350 0.66666667 0.48627451 0.43921569
v 0.829641 0.015839 -0.065350 0.68627451 0.50196078 0.47058824
v 0.821115 0.015636 -0.065350 0.65098039 0.49019608 0.46666667
v 0.818209 0.015605 -0.065350 0.65882353 0.49803922 0.47450980
v 0.815929 0.015317 -0.065350 0.67058824 0.50980392 0.48627451
v -0.867727 0.022675 -0.068034 0.76862745 0.53725490 0.53333333
v -0.864965 0.025437 -0.067562 0.78823529 0.55294118 0.54117647
v -0.864965 0.019914 -0.067727 0.74117647 0.52549020 0.52549020
v -0.862203 0.017152 -0.068531 0.56078431 0.39215686 0.36862745
v -0.862203 0.022675 -0.066345 0.74509804 0.52941176 0.50980392
v -0.859442 0.019914 -0.066259 0.72549020 0.52549020 0.50588235
v -0.856680 0.017152 -0.067369 0.57254902 0.40000000 0.39215686
v -0.848394 0.030961 -0.067299 0.90196078 0.69411765 0.64313725
v -0.798682 0.014390 -0.068189 0.62352941 0.45882353 0.43137255
v -0.685554 0.055725 -0.068482 0.92941176 0.92156863 0.93725490
v -0.668940 0.061287 -0.068484 0.92156863 0.90588235 0.91764706
v -0.663379 0.061319 -0.068958 0.92549020 0.90588235 0.92156863
v -0.660618 0.064080 -0.067181 0.93725490 0.92156863 0.93725490
v -0.649545 -0.002183 -0.065800 0.82745098 0.81176471 0.82745098
v -0.655068 0.064102 -0.068375 0.94509804 0.92941176 0.94509804
v -0.649544 0.064103 -0.069154 0.94117647 0.92941176 0.94901961
v -0.638757 0.063887 -0.069097 0.93333333 0.92156863 0.93725490
v -0.633303 0.063829 -0.066533 0.94117647 0.92549020 0.94117647
v -0.862203 0.028199 -0.068965 0.86274510 0.62745098 0.60784314
v -0.859442 0.025437 -0.066084 0.84705882 0.61176471 0.59607843
v -0.856680 0.028199 -0.066826 0.89019608 0.67058824 0.64313725
v -0.851156 0.017152 -0.066048 0.58431373 0.41960784 0.38431373
v 0.648448 0.055763 -0.066576 0.90980392 0.89411765 0.90980392
v 0.844554 0.014279 -0.068865 0.58431373 0.43921569 0.42745098
v 0.847300 0.017092 -0.065437 0.71372549 0.53725490 0.52156863
v 0.673304 0.053001 -0.068208 0.96078431 0.94901961 0.96078431
v 0.858348 0.017091 -0.067127 0.78431373 0.59215686 0.58039216
v 0.863869 0.017098 -0.068742 0.81176471 0.63137255 0.61568627
v 0.866631 0.019860 -0.068126 0.83529412 0.59215686 0.59607843
v 0.861113 0.019843 -0.066544 0.87450980 0.64705882 0.63137255
v 0.863874 0.022606 -0.067127 0.88235294 0.64705882 0.64313725
v 0.852828 0.017080 -0.066338 0.74509804 0.55294118 0.54117647
v 0.855586 0.019853 -0.065514 0.83921569 0.62745098 0.60784314
v 0.858353 0.022599 -0.065712 0.86274510 0.66274510 0.64705882
v 0.861146 0.025268 -0.067207 0.89803922 0.68235294 0.66274510
v 0.855614 0.025294 -0.065799 0.87450980 0.66666667 0.64705882
v 0.852868 0.028010 -0.067178 0.88235294 0.68627451 0.64313725
v 0.839154 0.030494 -0.067203 0.89411765 0.69803922 0.67058824
v 0.866640 0.025357 -0.069180 0.80392157 0.61568627 0.60000000
v -0.835016 0.033292 -0.065350 0.87450980 0.66666667 0.62352941
v -0.786283 0.037836 -0.065350 0.90196078 0.69019608 0.65098039
v -0.709856 0.003791 -0.065350 0.86666667 0.81176471 0.81176471
v -0.779961 0.039858 -0.065350 0.90588235 0.69803922 0.65882353
v -0.830497 0.015716 -0.065350 0.66666667 0.47450980 0.44705882
v -0.699983 0.004069 -0.065350 0.86666667 0.82352941 0.83137255
v -0.771447 0.042392 -0.065350 0.90588235 0.70196078 0.65882353
v -0.829792 0.034453 -0.065350 0.89411765 0.69019608 0.63529412
v -0.698263 0.004336 -0.065350 0.86274510 0.83137255 0.84313725
v -0.770440 0.042631 -0.065350 0.90588235 0.70196078 0.65882353
v -0.689131 0.004264 -0.065350 0.85098039 0.83137255 0.84705882
v -0.821778 0.015392 -0.065350 0.62352941 0.42745098 0.40000000
v -0.762195 0.044186 -0.065350 0.90588235 0.70588235 0.65882353
v -0.819693 0.015474 -0.065350 0.65882353 0.47843137 0.45098039
v -0.811157 0.015818 -0.065350 0.65098039 0.47843137 0.45098039
v -0.757159 0.044866 -0.065350 0.90196078 0.70588235 0.65882353
v -0.822044 0.035217 -0.065350 0.89803922 0.68235294 0.63529412
v -0.819394 0.035102 -0.065350 0.91764706 0.71372549 0.66666667
v -0.761928 0.010778 -0.065350 0.76470588 0.58039216 0.53333333
v -0.811675 0.034539 -0.065350 0.88235294 0.67058824 0.63137255
v -0.757946 0.010937 -0.065350 0.77647059 0.59215686 0.54901961
v -0.808121 0.015998 -0.065350 0.63137255 0.46666667 0.43921569
v 0.707746 0.001989 -0.065350 0.85882353 0.82352941 0.83529412
v -0.751112 0.011009 -0.065350 0.78823529 0.61568627 0.57254902
v 0.699298 0.001664 -0.065350 0.87058824 0.84313725 0.85882353
v 0.686011 0.001630 -0.065350 0.86666667 0.84705882 0.86666667
v -0.747003 0.010832 -0.065350 0.80392157 0.63921569 0.60000000
v 0.696768 0.001919 -0.065350 0.86666667 0.84313725 0.85882353
v -0.752401 0.045440 -0.065350 0.89803922 0.70196078 0.65098039
v 0.688572 0.001986 -0.065350 0.87058824 0.84705882 0.86666667
v -0.807555 0.034310 -0.065350 0.87450980 0.65882353 0.62745098
v 0.703848 0.050078 -0.065350 0.94901961 0.94901961 0.94901961
v -0.739303 0.010247 -0.065350 0.81568627 0.66666667 0.63137255
v -0.798996 0.014076 -0.065350 0.61960784 0.45490196 0.42745098
v 0.703606 0.050118 -0.065350 0.95294118 0.94901961 0.94901961
v 0.744343 0.009579 -0.065350 0.80000000 0.66666667 0.65098039
v -0.736879 0.009910 -0.065350 0.82745098 0.69019608 0.66274510
v -0.800274 0.034893 -0.065350 0.88235294 0.67450980 0.63529412
v 0.786273 0.011156 -0.065350 0.69019608 0.51764706 0.49411765
v -0.727693 0.008049 -0.065350 0.83921569 0.71372549 0.69019608
v 0.777344 0.009665 -0.065350 0.69803922 0.52941176 0.50196078
v 0.773434 0.009422 -0.065350 0.70588235 0.54117647 0.51372549
v 0.694143 0.051746 -0.065350 0.95686275 0.94901961 0.96078431
v -0.725579 0.007570 -0.065350 0.85098039 0.74509804 0.72549020
v -0.718973 0.005721 -0.065350 0.85882353 0.78039216 0.77254902
v -0.710864 0.003903 -0.065350 0.86274510 0.80000000 0.79607843
v -0.797431 0.035234 -0.065350 0.90196078 0.69411765 0.65490196
v -0.744303 0.046674 -0.065350 0.89019608 0.69803922 0.65098039
v -0.742841 0.046927 -0.065350 0.88235294 0.69019608 0.64313725
v -0.788343 0.037193 -0.065350 0.89019608 0.67843137 0.63921569
v -0.732773 0.047906 -0.065350 0.87843137 0.68627451 0.63529412
v 0.740045 0.009269 -0.065350 0.81568627 0.69803922 0.68627451
v -0.784491 0.011246 -0.065350 0.68627451 0.50588235 0.47058824
v -0.731921 0.048009 -0.065350 0.87450980 0.67843137 0.62745098
v -0.780255 0.010722 -0.065350 0.70980392 0.52549020 0.48235294
v 0.734392 0.008485 -0.065350 0.82745098 0.72941176 0.72156863
v -0.723128 0.049308 -0.065350 0.87058824 0.66666667 0.61960784
v 0.716668 0.048295 -0.065350 0.95686275 0.94901961 0.95686275
v -0.718999 0.049884 -0.065350 0.81568627 0.65098039 0.61176471
v 0.726897 0.007169 -0.065350 0.84313725 0.76470588 0.76078431
v -0.713610 0.050838 -0.065350 0.91764706 0.83921569 0.82745098
v 0.713396 0.048831 -0.065350 0.95294118 0.94901961 0.95294118
v 0.766562 0.009420 -0.065350 0.72941176 0.56470588 0.53725490
v -0.772632 0.010435 -0.065350 0.73333333 0.54901961 0.50588235
v -0.705937 0.051903 -0.065350 0.94117647 0.92549020 0.93725490
v 0.762399 0.009476 -0.065350 0.74117647 0.58039216 0.55686275
v -0.769386 0.010544 -0.065350 0.74509804 0.56078431 0.51372549
v 0.755274 0.009681 -0.065350 0.76470588 0.60784314 0.58431373
v 0.723149 0.047535 -0.065350 0.95686275 0.94117647 0.94117647
v -0.704056 0.052259 -0.065350 0.94117647 0.92549020 0.94117647
v 0.751555 0.009722 -0.065350 0.78431373 0.63921569 0.61960784
v 0.804791 0.015406 -0.065350 0.69803922 0.51372549 0.49411765
v 0.716558 0.004224 -0.065350 0.85098039 0.79215686 0.79607843
v 0.711478 0.002797 -0.065350 0.85490196 0.81176471 0.81960784
v 0.725146 0.006683 -0.065350 0.85098039 0.78431373 0.78431373
v 0.812332 0.015260 -0.065350 0.70196078 0.52156863 0.50196078
v 0.808855 0.033220 -0.065350 0.90588235 0.70588235 0.67450980
v 0.808607 0.033177 -0.065350 0.91372549 0.71764706 0.68627451
v 0.754626 0.043356 -0.065350 0.90980392 0.74117647 0.69411765
v 0.752604 0.043639 -0.065350 0.90980392 0.75686275 0.71372549
v 0.742778 0.044915 -0.065350 0.91372549 0.77254902 0.73725490
v 0.798040 0.033530 -0.065350 0.92156863 0.69803922 0.66274510
v 0.729471 0.046489 -0.065350 0.93333333 0.87058824 0.85490196
v 0.832396 0.031741 -0.065350 0.88235294 0.69019608 0.65490196
v 0.741921 0.045049 -0.065350 0.91764706 0.79607843 0.76078431
v 0.829999 0.032416 -0.065350 0.90196078 0.70980392 0.68627451
v 0.732805 0.046084 -0.065350 0.92156863 0.82352941 0.80000000
v 0.820381 0.033866 -0.065350 0.88627451 0.69019608 0.66666667
v 0.783217 0.036753 -0.065350 0.90980392 0.70196078 0.65882353
v 0.779941 0.037692 -0.065350 0.90980392 0.70980392 0.65882353
v 0.819164 0.033940 -0.065350 0.89019608 0.69803922 0.67843137
v 0.797348 0.033622 -0.065350 0.91764706 0.70588235 0.66666667
v 0.788693 0.035193 -0.065350 0.91372549 0.70588235 0.66666667
v 0.771292 0.040168 -0.065350 0.90980392 0.71372549 0.66274510
v 0.768001 0.041008 -0.065350 0.90980392 0.71764706 0.66666667
v 0.762216 0.042176 -0.065350 0.90980392 0.72941176 0.67843137
v -0.787635 0.036484 -0.068054 0.91372549 0.69411765 0.66274510
v -0.771064 0.042008 -0.067493 0.90588235 0.70196078 0.65882353
v -0.710304 0.003343 -0.070936 0.87058824 0.80784314 0.80784314
v -0.804206 0.030961 -0.072738 0.92549020 0.69019608 0.68627451
v -0.760017 0.042008 -0.072965 0.90196078 0.70196078 0.65882353
v -0.737922 0.008866 -0.070618 0.81960784 0.67058824 0.63921569
v -0.732398 0.047532 -0.066987 0.87450980 0.68235294 0.63529412
v -0.721351 0.047532 -0.072436 0.83137255 0.65882353 0.59607843
v 0.725779 0.006051 -0.069819 0.83137255 0.74901961 0.74509804
v 0.797754 0.033178 -0.067418 0.91372549 0.72156863 0.68627451
v 0.819876 0.033100 -0.072226 0.88627451 0.70588235 0.69411765
v 0.742402 0.044568 -0.066987 0.91372549 0.78431373 0.75294118
v 0.731317 0.044674 -0.071126 0.92549020 0.83921569 0.82352941
v 0.786672 0.033277 -0.071357 0.90980392 0.70588235 0.66666667
v 0.770061 0.038926 -0.071600 0.90980392 0.71764706 0.67058824
v -0.676859 0.058897 -0.061445 0.95294118 0.94117647 0.95686275
v -0.673696 0.060450 -0.061445 0.92549020 0.91372549 0.92549020
v -0.669894 0.062205 -0.061445 0.90980392 0.89411765 0.90980392
v -0.667022 0.063205 -0.061445 0.92941176 0.91372549 0.92941176
v -0.665770 0.063659 -0.061445 0.93333333 0.92156863 0.93333333
v -0.645583 0.068075 -0.061445 0.94117647 0.92549020 0.94117647
v -0.661900 0.065318 -0.061445 0.94901961 0.92941176 0.94509804
v -0.642467 0.067792 -0.061445 0.94509804 0.92941176 0.94509804
v -0.658364 0.066338 -0.061445 0.94901961 0.93333333 0.94901961
v -0.626604 -0.001335 -0.061445 0.81568627 0.79215686 0.80784314
v -0.843515 0.024793 -0.061445 0.65490196 0.48235294 0.43921569
v -0.657573 0.066523 -0.061445 0.94901961 0.93333333 0.94509804
v -0.843378 0.025945 -0.061445 0.74117647 0.54509804 0.51764706
v -0.652782 0.067304 -0.061445 0.93725490 0.92156863 0.93725490
v -0.651559 0.067615 -0.061445 0.93333333 0.91764706 0.93725490
v -0.648075 0.068050 -0.061445 0.93333333 0.91764706 0.93333333
v -0.687367 0.004185 -0.061445 0.83921569 0.81960784 0.83529412
v -0.683541 0.002488 -0.061445 0.83137255 0.81176471 0.82745098
v -0.680047 0.000458 -0.061445 0.83137255 0.81176471 0.82352941
v -0.840128 0.022657 -0.061445 0.63529412 0.47058824 0.43137255
v -0.679760 0.000417 -0.061445 0.82745098 0.80784314 0.82352941
v -0.839899 0.022465 -0.061445 0.62745098 0.46666667 0.42352941
v -0.674860 0.000121 -0.061445 0.82352941 0.80392157 0.81568627
v -0.673894 0.000074 -0.061445 0.81960784 0.80000000 0.81568627
v -0.669615 -0.000157 -0.061445 0.81568627 0.79607843 0.80784314
v -0.798978 0.014686 -0.061445 0.61568627 0.45098039 0.42352941
v -0.667922 -0.000377 -0.061445 0.81960784 0.80000000 0.81176471
v -0.664754 -0.000822 -0.061445 0.81176471 0.79215686 0.80392157
v -0.661372 -0.001403 -0.061445 0.81960784 0.80000000 0.81568627
v -0.798543 0.014529 -0.061445 0.61960784 0.45490196 0.42352941
v -0.794388 0.013160 -0.061445 0.62352941 0.45882353 0.42745098
v -0.790846 0.012078 -0.061445 0.63529412 0.46666667 0.43529412
v -0.790150 0.011874 -0.061445 0.65490196 0.48235294 0.44705882
v -0.660035 -0.001627 -0.061445 0.81960784 0.80000000 0.81176471
v -0.655110 -0.002225 -0.061445 0.82352941 0.80392157 0.81960784
v -0.655015 -0.002237 -0.061445 0.82352941 0.80784314 0.82352941
v -0.694997 0.054097 -0.061445 0.94901961 0.93333333 0.95294118
v -0.692299 0.054510 -0.061445 0.94901961 0.94117647 0.95686275
v -0.649827 -0.002464 -0.061445 0.82352941 0.80392157 0.81960784
v -0.649264 -0.002461 -0.061445 0.82352941 0.80392157 0.81960784
v -0.690341 0.054899 -0.061445 0.94509804 0.94117647 0.95294118
v -0.644173 -0.002333 -0.061445 0.82745098 0.80392157 0.82352941
v -0.685782 0.055933 -0.061445 0.94509804 0.93725490 0.95294118
v -0.643863 -0.002339 -0.061445 0.82745098 0.80392157 0.82352941
v -0.685251 0.056030 -0.061445 0.94509804 0.93725490 0.95294118
v -0.639609 0.068546 -0.061445 0.94509804 0.92941176 0.94901961
v -0.638710 -0.002394 -0.061445 0.82745098 0.80784314 0.82352941
v -0.681406 0.057060 -0.061445 0.94901961 0.94117647 0.95686275
v -0.677434 0.058642 -0.061445 0.95294118 0.94117647 0.95686275
v -0.637766 0.068424 -0.061445 0.94509804 0.93333333 0.94901961
v -0.638303 -0.002374 -0.061445 0.82745098 0.80392157 0.82352941
v -0.635311 0.067339 -0.061445 0.93725490 0.92549020 0.94509804
v -0.633075 -0.002079 -0.061445 0.82745098 0.80784314 0.82352941
v -0.632833 -0.002041 -0.061445 0.82745098 0.80784314 0.82352941
v -0.630922 0.066212 -0.061445 0.93333333 0.91764706 0.93725490
v -0.630038 0.065942 -0.061445 0.93333333 0.91764706 0.93333333
v -0.626429 0.065209 -0.061445 0.93333333 0.92156863 0.93333333
v -0.628322 -0.001309 -0.061445 0.81960784 0.80000000 0.81568627
v -0.624000 0.065254 -0.061445 0.92941176 0.91764706 0.92941176
v 0.673555 -0.008009 -0.061445 0.85882353 0.83921569 0.85882353
v 0.672962 -0.008100 -0.061445 0.86274510 0.84313725 0.86274510
v 0.653188 -0.009736 -0.061445 0.85490196 0.83921569 0.85490196
v 0.649338 -0.009630 -0.061445 0.85490196 0.83921569 0.85882353
v 0.647495 -0.009567 -0.061445 0.84705882 0.83137255 0.85098039
v 0.644095 -0.009350 -0.061445 0.85098039 0.83529412 0.85490196
v 0.668840 -0.008818 -0.061445 0.85882353 0.84313725 0.85882353
v 0.663584 -0.009085 -0.061445 0.85882353 0.84313725 0.85882353
v 0.666568 -0.008971 -0.061445 0.86666667 0.84705882 0.86274510
v 0.660577 -0.009438 -0.061445 0.86666667 0.84705882 0.86666667
v 0.658624 -0.009649 -0.061445 0.85882353 0.84313725 0.85882353
v 0.630830 -0.009473 -0.061445 0.82745098 0.80784314 0.83137255
v 0.627392 -0.009482 -0.061445 0.82745098 0.80784314 0.83137255
v 0.625184 -0.009351 -0.061445 0.82352941 0.80392157 0.82745098
v 0.677845 -0.006775 -0.061445 0.86666667 0.84313725 0.86666667
v 0.680447 -0.003854 -0.061445 0.87058824 0.84705882 0.87058824
v 0.654695 -0.009797 -0.061445 0.85490196 0.83921569 0.85490196
v 0.629260 0.058380 -0.061445 0.95294118 0.94509804 0.95294118
v 0.628979 0.058389 -0.061445 0.95294118 0.94509804 0.95294118
v 0.641624 -0.009220 -0.061445 0.84313725 0.82745098 0.84705882
v 0.623724 0.058657 -0.061445 0.94509804 0.93725490 0.94117647
v 0.638720 -0.009201 -0.061445 0.84705882 0.82745098 0.84705882
v 0.636248 -0.009368 -0.061445 0.83529412 0.81568627 0.83921569
v 0.641209 0.057479 -0.061445 0.94901961 0.93725490 0.94901961
v 0.639381 0.057743 -0.061445 0.95294118 0.93725490 0.94901961
v 0.632880 -0.009517 -0.061445 0.83529412 0.81568627 0.83921569
v 0.634948 0.058215 -0.061445 0.94901961 0.93725490 0.94901961
v 0.634353 0.058239 -0.061445 0.94901961 0.93725490 0.94901961
v 0.654354 0.055384 -0.061445 0.92549020 0.90588235 0.92549020
v 0.653726 0.055475 -0.061445 0.92156863 0.90588235 0.92549020
v 0.648996 0.056276 -0.061445 0.91372549 0.90196078 0.91764706
v 0.647656 0.056555 -0.061445 0.92156863 0.90980392 0.92156863
v 0.644306 0.057145 -0.061445 0.94117647 0.92549020 0.94117647
v 0.623441 0.058676 -0.061445 0.94509804 0.93725490 0.94117647
v 0.828162 0.019640 -0.061445 0.70980392 0.52156863 0.51372549
v 0.827723 0.019573 -0.061445 0.70588235 0.51764706 0.50980392
v 0.832935 0.020397 -0.061445 0.76470588 0.56078431 0.54509804
v 0.823238 0.019048 -0.061445 0.66274510 0.49411765 0.47843137
v 0.821283 0.018680 -0.061445 0.64313725 0.49019608 0.46274510
v 0.818567 0.018201 -0.061445 0.63529412 0.48235294 0.45490196
v 0.815081 0.018009 -0.061445 0.63921569 0.49411765 0.46274510
v 0.690755 0.052122 -0.061445 0.95294118 0.93725490 0.95294118
v 0.688981 0.052107 -0.061445 0.93725490 0.92549020 0.94117647
v 0.685282 0.052070 -0.061445 0.92549020 0.90980392 0.92549020
v 0.683430 0.052080 -0.061445 0.92941176 0.91764706 0.93333333
v 0.679360 0.052469 -0.061445 0.95686275 0.94509804 0.95686275
v 0.678471 0.052644 -0.061445 0.95686275 0.94901961 0.95686275
v 0.673372 0.052936 -0.061445 0.95686275 0.94509804 0.95686275
v 0.673284 0.052943 -0.061445 0.95686275 0.94509804 0.95686275
v 0.667260 0.053525 -0.061445 0.94901961 0.93725490 0.94901961
v 0.663341 0.054043 -0.061445 0.94117647 0.92941176 0.94117647
v 0.668232 0.053409 -0.061445 0.95294118 0.94117647 0.94901961
v 0.660969 0.054293 -0.061445 0.93725490 0.92156863 0.93333333
v 0.658444 0.054667 -0.061445 0.92941176 0.91372549 0.92941176
v -0.652324 0.066849 -0.063983 0.93725490 0.92549020 0.94117647
v -0.646841 0.066816 -0.064192 0.93725490 0.92156863 0.93725490
v -0.641419 0.066732 -0.063012 0.93725490 0.92941176 0.94117647
v -0.649544 -0.002181 -0.062059 0.82745098 0.80784314 0.82352941
v -0.856680 0.022675 -0.065039 0.70980392 0.50588235 0.48235294
v -0.627450 -0.002181 -0.064836 0.81568627 0.79607843 0.81176471
v -0.621926 -0.002181 -0.064977 0.80784314 0.78823529 0.80392157
v -0.853918 0.025437 -0.064430 0.74509804 0.52941176 0.49411765
v -0.632973 -0.002181 -0.062503 0.82352941 0.80392157 0.81960784
v -0.853918 0.019914 -0.064894 0.63921569 0.46274510 0.43137255
v -0.851156 0.022675 -0.063635 0.67450980 0.48235294 0.45490196
v -0.848394 0.019914 -0.063527 0.60392157 0.45098039 0.41960784
v -0.851156 0.028199 -0.065015 0.81176471 0.59215686 0.54901961
v -0.848394 0.025437 -0.062870 0.73725490 0.52941176 0.49803922
v -0.845632 0.022675 -0.062509 0.62352941 0.45490196 0.41960784
v -0.845633 0.028199 -0.063135 0.85490196 0.63529412 0.60392157
v -0.845633 0.017152 -0.065017 0.54901961 0.40784314 0.37254902
v -0.636013 0.066636 -0.062458 0.93725490 0.92941176 0.94509804
v -0.842871 0.019914 -0.062689 0.58039216 0.43529412 0.40000000
v -0.627906 0.063724 -0.064433 0.93333333 0.91764706 0.93333333
v -0.840109 0.017152 -0.064206 0.51372549 0.35294118 0.31372549
v -0.837347 0.019914 -0.061607 0.63529412 0.47450980 0.44313725
v -0.798682 0.014390 -0.062026 0.61568627 0.45098039 0.42352941
v -0.622529 0.063603 -0.065155 0.92941176 0.91372549 0.92941176
v 0.825222 0.017039 -0.063246 0.63921569 0.47843137 0.45882353
v 0.850061 0.019856 -0.064506 0.81176471 0.59215686 0.56862745
v 0.852826 0.022610 -0.064508 0.84313725 0.65882353 0.63529412
v 0.836277 0.017016 -0.063741 0.69803922 0.52156863 0.49411765
v 0.841785 0.017066 -0.064989 0.70196078 0.53333333 0.52156863
v 0.844546 0.019829 -0.063659 0.79215686 0.57647059 0.54901961
v 0.839029 0.019809 -0.062589 0.76470588 0.56862745 0.54509804
v 0.841785 0.022589 -0.061802 0.80392157 0.56078431 0.56470588
v 0.830756 0.017007 -0.063680 0.70196078 0.50980392 0.48235294
v 0.833504 0.019813 -0.061781 0.76470588 0.55294118 0.52941176
v 0.847307 0.022593 -0.063407 0.84313725 0.61568627 0.59607843
v 0.850072 0.025348 -0.064506 0.87450980 0.67450980 0.65490196
v 0.844574 0.025272 -0.063065 0.86666667 0.63529412 0.63137255
v 0.847333 0.028042 -0.064950 0.88235294 0.70196078 0.66666667
v 0.819686 0.017080 -0.062522 0.61176471 0.47058824 0.44313725
v 0.814159 0.017090 -0.062017 0.64313725 0.50588235 0.47450980
v -0.677168 0.058397 -0.057539 0.94901961 0.94509804 0.95294118
v -0.673288 0.060060 -0.057539 0.92549020 0.91764706 0.92941176
v -0.669804 0.062120 -0.057539 0.92156863 0.91372549 0.92549020
v -0.803888 0.020231 -0.057539 0.63529412 0.46274510 0.43137255
v -0.800863 0.017733 -0.057539 0.61176471 0.44705882 0.41568627
v -0.667048 0.063178 -0.057539 0.93725490 0.92549020 0.93725490
v -0.797538 0.015534 -0.057539 0.61960784 0.45490196 0.42352941
v -0.665648 0.063536 -0.057539 0.94509804 0.92941176 0.94117647
v -0.793595 0.013954 -0.057539 0.62745098 0.45882353 0.42745098
v -0.791391 0.012622 -0.057539 0.64313725 0.47058824 0.43529412
v -0.790163 0.011861 -0.057539 0.66274510 0.48627451 0.44705882
v -0.661117 0.064534 -0.057539 0.94509804 0.92941176 0.94509804
v -0.694797 0.053936 -0.057539 0.94901961 0.94117647 0.95686275
v -0.645627 0.068031 -0.057539 0.94509804 0.92941176 0.94901961
v -0.692928 0.053874 -0.057539 0.95294118 0.94509804 0.95686275
v -0.643077 0.068417 -0.057539 0.94509804 0.93333333 0.94901961
v -0.689505 0.054152 -0.057539 0.94901961 0.94509804 0.95686275
v -0.659669 0.065033 -0.057539 0.94509804 0.93333333 0.94509804
v -0.686870 0.054409 -0.057539 0.95294118 0.94509804 0.95686275
v -0.684864 0.055069 -0.057539 0.95294118 0.94509804 0.96078431
v -0.657044 0.065991 -0.057539 0.94509804 0.92941176 0.94117647
v -0.681005 0.056741 -0.057539 0.95294118 0.94901961 0.96078431
v -0.626064 -0.000795 -0.057539 0.81176471 0.78823529 0.80000000
v -0.652414 0.066933 -0.057539 0.93725490 0.92156863 0.93725490
v -0.652214 0.066960 -0.057539 0.93725490 0.92156863 0.93725490
v -0.677523 0.058233 -0.057539 0.94901961 0.94509804 0.95686275
v -0.647716 0.067692 -0.057539 0.94117647 0.92941176 0.94509804
v -0.686889 0.004663 -0.057539 0.83137255 0.81176471 0.82745098
v -0.682923 0.003106 -0.057539 0.82745098 0.80784314 0.81960784
v -0.681939 0.002596 -0.057539 0.82745098 0.80784314 0.81960784
v -0.679068 0.001437 -0.057539 0.82352941 0.80784314 0.81568627
v -0.674941 0.001122 -0.057539 0.82352941 0.80392157 0.81568627
v -0.673974 0.001007 -0.057539 0.81960784 0.80000000 0.81176471
v -0.668881 0.000585 -0.057539 0.79215686 0.76862745 0.77647059
v -0.668873 0.000585 -0.057539 0.80392157 0.78039216 0.79215686
v -0.664096 -0.000162 -0.057539 0.80392157 0.78039216 0.79215686
v -0.662258 -0.000514 -0.057539 0.81176471 0.78823529 0.80392157
v -0.659534 -0.001123 -0.057539 0.81568627 0.79607843 0.80784314
v -0.655162 -0.002087 -0.057539 0.81960784 0.79607843 0.80784314
v -0.655005 -0.002118 -0.057539 0.81960784 0.79607843 0.80784314
v -0.650418 -0.003055 -0.057539 0.81960784 0.80000000 0.81176471
v -0.648399 -0.003326 -0.057539 0.81960784 0.79607843 0.81568627
v -0.644940 -0.003100 -0.057539 0.82352941 0.80000000 0.81960784
v -0.643339 -0.002863 -0.057539 0.83137255 0.80784314 0.82745098
v -0.638547 -0.002130 -0.057539 0.83529412 0.80784314 0.82745098
v -0.638434 -0.002118 -0.057539 0.83529412 0.80784314 0.82745098
v -0.633508 -0.001646 -0.057539 0.83529412 0.81176471 0.82745098
v -0.639342 0.068811 -0.057539 0.93725490 0.92549020 0.94117647
v -0.632361 -0.001568 -0.057539 0.83921569 0.81568627 0.82745098
v -0.638024 0.068830 -0.057539 0.93333333 0.92156863 0.93725490
v -0.633531 0.069808 -0.057539 0.92941176 0.91372549 0.93333333
v -0.632933 0.069716 -0.057539 0.92941176 0.91372549 0.92941176
v -0.628484 -0.001147 -0.057539 0.82352941 0.80392157 0.81568627
v -0.628035 0.069111 -0.057539 0.92941176 0.91764706 0.93333333
v -0.627401 0.068880 -0.057539 0.93333333 0.92156863 0.92941176
v 0.652905 -0.009454 -0.057539 0.86274510 0.84313725 0.86274510
v 0.629423 0.058217 -0.057539 0.95294118 0.94117647 0.95294118
v 0.649700 -0.009269 -0.057539 0.86666667 0.85098039 0.87058824
v 0.646984 -0.009056 -0.057539 0.85882353 0.84313725 0.86274510
v 0.644623 -0.008821 -0.057539 0.86274510 0.84313725 0.86666667
v 0.628796 0.058206 -0.057539 0.94901961 0.94117647 0.95294118
v 0.623641 0.058475 -0.057539 0.94117647 0.92941176 0.94117647
v 0.641036 0.057652 -0.057539 0.95294118 0.94117647 0.95294118
v 0.639467 0.057829 -0.057539 0.94901961 0.94117647 0.95294118
v 0.663404 -0.008906 -0.057539 0.87450980 0.85882353 0.87450980
v 0.634976 0.058188 -0.057539 0.94901961 0.93725490 0.94901961
v 0.660921 -0.009095 -0.057539 0.88235294 0.86274510 0.87843137
v 0.634335 0.058221 -0.057539 0.94901961 0.93725490 0.94901961
v 0.644495 0.057334 -0.057539 0.94901961 0.93725490 0.95294118
v 0.658410 -0.009434 -0.057539 0.86666667 0.85098039 0.86666667
v 0.654922 -0.009570 -0.057539 0.86274510 0.84313725 0.86274510
v 0.630672 -0.009315 -0.057539 0.83137255 0.81176471 0.83529412
v 0.627723 -0.009151 -0.057539 0.82745098 0.80784314 0.83137255
v 0.624754 -0.008921 -0.057539 0.82745098 0.80392157 0.82745098
v 0.666515 -0.009024 -0.057539 0.87450980 0.85882353 0.87450980
v 0.641016 -0.008612 -0.057539 0.85490196 0.83529412 0.85882353
v 0.639156 -0.008765 -0.057539 0.85490196 0.83529412 0.85882353
v 0.636089 -0.009209 -0.057539 0.84313725 0.82352941 0.84705882
v 0.633021 -0.009377 -0.057539 0.83921569 0.81960784 0.84313725
v 0.654146 0.055592 -0.057539 0.92156863 0.90980392 0.92156863
v 0.653894 0.055634 -0.057539 0.92156863 0.90980392 0.92156863
v 0.649281 0.056557 -0.057539 0.92941176 0.92156863 0.93333333
v 0.647269 0.056945 -0.057539 0.94117647 0.92941176 0.94509804
v 0.673465 -0.007919 -0.057539 0.86274510 0.84313725 0.86274510
v 0.673066 -0.007996 -0.057539 0.86666667 0.84705882 0.86666667
v 0.668896 -0.008874 -0.057539 0.86666667 0.85098039 0.86666667
v 0.677626 -0.006557 -0.057539 0.86666667 0.84705882 0.87058824
v 0.680487 -0.003894 -0.057539 0.87450980 0.85098039 0.87450980
v 0.690616 0.052261 -0.057539 0.93333333 0.92156863 0.93725490
v 0.688976 0.052102 -0.057539 0.91764706 0.90980392 0.92549020
v 0.685328 0.052025 -0.057539 0.92549020 0.91372549 0.92941176
v 0.683452 0.052102 -0.057539 0.93725490 0.92549020 0.94117647
v 0.679746 0.052083 -0.057539 0.95686275 0.94509804 0.95686275
v 0.678105 0.052278 -0.057539 0.95686275 0.94901961 0.95686275
v 0.673815 0.052493 -0.057539 0.95686275 0.94509804 0.95686275
v 0.672946 0.052593 -0.057539 0.95294118 0.94509804 0.95294118
v 0.667151 0.053635 -0.057539 0.94509804 0.93333333 0.94509804
v 0.663474 0.054173 -0.057539 0.94117647 0.92549020 0.94117647
v 0.668317 0.053483 -0.057539 0.94509804 0.93333333 0.94901961
v 0.660742 0.054520 -0.057539 0.93725490 0.92156863 0.93725490
v 0.658621 0.054834 -0.057539 0.92941176 0.91764706 0.93333333
v 0.682874 -0.000757 -0.057539 0.87843137 0.85490196 0.87843137
v 0.685874 0.001766 -0.057539 0.87843137 0.85882353 0.87843137
v -0.677269 0.058488 -0.058487 0.94901961 0.94509804 0.95294118
v -0.679924 0.000581 -0.060655 0.82352941 0.80392157 0.81960784
v -0.674400 0.000581 -0.059176 0.81176471 0.78823529 0.80000000
v -0.668877 0.000581 -0.057556 0.81176471 0.78823529 0.80000000
v -0.842871 0.025437 -0.061293 0.67450980 0.49803922 0.45098039
v -0.633191 0.069448 -0.059081 0.93333333 0.92156863 0.93725490
v -0.655068 -0.002183 -0.059204 0.81960784 0.80000000 0.81568627
v -0.630542 0.066593 -0.061005 0.93333333 0.92156863 0.93725490
v -0.638497 -0.002181 -0.058184 0.83137255 0.80784314 0.82745098
v -0.840109 0.022675 -0.061440 0.67058824 0.50196078 0.46274510
v -0.625108 0.066520 -0.059363 0.93333333 0.92156863 0.93333333
v -0.804205 0.019914 -0.057926 0.52156863 0.37647059 0.35686275
v -0.801444 0.017152 -0.058790 0.60000000 0.43921569 0.41176471
v -0.685558 0.055722 -0.060337 0.94901961 0.94117647 0.95686275
v 0.623592 0.058525 -0.058318 0.94117647 0.92941176 0.94117647
v 0.827976 0.019827 -0.061325 0.70980392 0.52549020 0.51764706
v 0.830736 0.022596 -0.060625 0.75686275 0.56078431 0.54901961
v 0.822444 0.019854 -0.060902 0.67450980 0.49803922 0.48235294
v 0.816922 0.019849 -0.060398 0.64313725 0.47450980 0.44705882
v 0.819688 0.022598 -0.059369 0.67843137 0.50196078 0.47450980
v 0.825211 0.022601 -0.060005 0.71764706 0.52941176 0.51764706
v 0.827978 0.025347 -0.060490 0.83137255 0.60392157 0.59215686
v 0.822449 0.025362 -0.059640 0.79607843 0.58039216 0.55294118
v 0.825229 0.028069 -0.060334 0.84313725 0.63529412 0.61176471
v -0.810860 0.024306 -0.057539 0.68627451 0.50196078 0.45882353
v -0.810912 0.026620 -0.057539 0.72549020 0.51764706 0.47058824
v -0.710210 0.003437 -0.057539 0.86274510 0.81176471 0.81176471
v -0.804413 0.020122 -0.057539 0.50980392 0.36862745 0.34901961
v -0.784943 0.039176 -0.057539 0.89803922 0.69019608 0.64313725
v -0.805791 0.029375 -0.057539 0.84313725 0.63529412 0.58431373
v -0.700102 0.004189 -0.057539 0.85882353 0.81960784 0.82745098
v -0.803541 0.030296 -0.057539 0.79215686 0.58039216 0.52941176
v -0.780854 0.040751 -0.057539 0.90588235 0.69803922 0.65490196
v -0.697962 0.004638 -0.057539 0.85490196 0.82745098 0.84313725
v -0.772417 0.043362 -0.057539 0.90980392 0.70196078 0.65882353
v -0.795767 0.033570 -0.057539 0.85098039 0.63529412 0.58823529
v -0.689913 0.005047 -0.057539 0.84313725 0.82352941 0.83921569
v -0.788659 0.037509 -0.057539 0.87843137 0.66666667 0.61960784
v -0.768864 0.044208 -0.057539 0.90588235 0.70588235 0.65882353
v -0.784425 0.011181 -0.057539 0.68235294 0.50196078 0.46274510
v -0.763282 0.045274 -0.057539 0.90588235 0.70588235 0.65882353
v -0.780167 0.010811 -0.057539 0.70588235 0.52156863 0.47843137
v -0.772703 0.010506 -0.057539 0.72549020 0.53725490 0.49411765
v -0.755828 0.046197 -0.057539 0.90196078 0.70588235 0.65490196
v -0.769238 0.010693 -0.057539 0.74117647 0.55294118 0.50588235
v -0.762111 0.010960 -0.057539 0.75686275 0.57254902 0.52156863
v 0.696688 0.001999 -0.057539 0.88627451 0.86274510 0.88235294
v 0.708158 0.001577 -0.057539 0.87450980 0.83921569 0.85098039
v 0.688824 0.002238 -0.057539 0.88627451 0.86666667 0.88627451
v 0.699208 0.001574 -0.057539 0.88235294 0.85098039 0.86666667
v 0.725871 0.005958 -0.057539 0.86274510 0.79215686 0.78823529
v 0.725626 0.005898 -0.057539 0.86666667 0.80392157 0.80784314
v 0.786825 0.011167 -0.057539 0.67058824 0.50588235 0.47843137
v 0.786221 0.011036 -0.057539 0.67843137 0.51372549 0.48627451
v 0.744279 0.009641 -0.057539 0.80784314 0.67843137 0.66274510
v 0.740000 0.009222 -0.057539 0.82745098 0.71764706 0.70980392
v 0.777287 0.009697 -0.057539 0.68235294 0.51764706 0.49411765
v 0.734643 0.008234 -0.057539 0.84705882 0.75686275 0.74901961
v 0.773465 0.009420 -0.057539 0.69803922 0.53333333 0.50588235
v 0.702738 0.051191 -0.057539 0.95686275 0.94901961 0.95686275
v 0.766455 0.009500 -0.057539 0.71764706 0.55294118 0.52941176
v -0.757652 0.011231 -0.057539 0.77254902 0.58823529 0.54117647
v 0.762454 0.009504 -0.057539 0.74117647 0.57647059 0.55294118
v 0.794417 0.014638 -0.057539 0.68627451 0.51372549 0.49019608
v -0.751342 0.011239 -0.057539 0.78823529 0.61176471 0.56470588
v 0.754965 0.009982 -0.057539 0.76470588 0.60784314 0.58431373
v 0.694672 0.052231 -0.057539 0.96078431 0.94901961 0.96078431
v 0.751925 0.010073 -0.057539 0.78431373 0.64313725 0.62352941
v -0.746881 0.010955 -0.057539 0.80392157 0.63921569 0.59607843
v 0.715436 0.049513 -0.057539 0.96078431 0.95294118 0.96078431
v -0.753457 0.046496 -0.057539 0.89411765 0.70196078 0.64705882
v 0.714364 0.049691 -0.057539 0.96078431 0.95294118 0.95686275
v -0.739222 0.010167 -0.057539 0.81176471 0.65490196 0.61568627
v 0.724087 0.048364 -0.057539 0.94509804 0.91372549 0.91372549
v 0.717202 0.003580 -0.057539 0.87058824 0.81568627 0.81960784
v -0.737025 0.009763 -0.057539 0.81960784 0.67450980 0.63921569
v 0.800681 0.019475 -0.057539 0.72941176 0.54509804 0.51764706
v 0.704586 0.051035 -0.057539 0.96078431 0.95294118 0.96078431
v 0.710677 0.001996 -0.057539 0.86666667 0.82352941 0.83137255
v 0.753368 0.044608 -0.057539 0.90588235 0.74117647 0.69019608
v -0.728227 0.007514 -0.057539 0.83137255 0.70196078 0.67450980
v 0.743860 0.045967 -0.057539 0.90980392 0.76078431 0.71764706
v 0.728151 0.047802 -0.057539 0.93333333 0.87058824 0.85882353
v 0.740568 0.046389 -0.057539 0.91372549 0.79215686 0.75686275
v -0.724609 0.006601 -0.057539 0.84313725 0.73333333 0.70980392
v 0.733937 0.047155 -0.057539 0.92156863 0.82745098 0.80392157
v 0.802679 0.027445 -0.057539 0.83137255 0.63529412 0.60000000
v -0.719505 0.005189 -0.057539 0.85490196 0.77254902 0.76078431
v -0.710413 0.003452 -0.057539 0.86274510 0.79607843 0.79215686
v 0.795630 0.031330 -0.057539 0.88627451 0.67450980 0.62745098
v 0.782309 0.037700 -0.057539 0.90588235 0.70196078 0.65490196
v 0.780570 0.038348 -0.057539 0.90980392 0.70588235 0.65490196
v 0.788400 0.035089 -0.057539 0.90588235 0.69411765 0.65098039
v 0.772224 0.041122 -0.057539 0.90588235 0.70980392 0.65882353
v -0.743801 0.047887 -0.057539 0.89019608 0.69803922 0.64313725
v 0.766525 0.042501 -0.057539 0.90588235 0.71372549 0.65882353
v 0.763178 0.043163 -0.057539 0.90588235 0.72156863 0.66666667
v -0.743001 0.047977 -0.057539 0.89019608 0.69411765 0.63921569
v 0.753556 0.044586 -0.057539 0.90588235 0.73333333 0.67843137
v -0.733851 0.048984 -0.057539 0.88235294 0.68627451 0.63529412
v -0.730618 0.049312 -0.057539 0.87058824 0.67450980 0.62745098
v -0.723998 0.050179 -0.057539 0.86666667 0.66274510 0.61568627
v -0.717810 0.051075 -0.057539 0.83921569 0.70196078 0.67058824
v -0.714445 0.051633 -0.057539 0.92941176 0.85098039 0.83921569
v -0.705051 0.052794 -0.057539 0.95294118 0.93725490 0.95294118
v -0.704686 0.052833 -0.057539 0.95294118 0.93725490 0.95686275
v -0.837347 0.030961 -0.062729 0.88627451 0.69411765 0.62745098
v -0.831823 0.025437 -0.059105 0.83921569 0.64313725 0.60000000
v -0.826300 0.019914 -0.059900 0.61176471 0.43921569 0.40784314
v -0.826300 0.030961 -0.059941 0.88235294 0.68235294 0.63137255
v -0.743446 0.047532 -0.061521 0.89019608 0.69411765 0.64313725
v -0.820776 0.025437 -0.057973 0.65098039 0.47450980 0.43529412
v -0.815253 0.019914 -0.059024 0.52941176 0.38431373 0.36078431
v -0.815253 0.030961 -0.058967 0.85490196 0.65098039 0.60392157
v -0.804205 0.030961 -0.058062 0.78431373 0.57254902 0.51764706
v 0.725779 0.006051 -0.057798 0.85882353 0.78823529 0.78823529
v 0.703708 0.050219 -0.064850 0.95686275 0.95294118 0.95294118
v 0.836318 0.027947 -0.062424 0.85882353 0.64313725 0.60784314
v 0.753469 0.044516 -0.058863 0.90980392 0.74117647 0.69019608
v 0.803122 0.017058 -0.060525 0.67450980 0.48627451 0.47058824
v 0.808659 0.022541 -0.058160 0.65098039 0.46274510 0.43529412
v 0.797708 0.033311 -0.061030 0.91764706 0.69803922 0.65882353
v 0.814178 0.028082 -0.058532 0.81176471 0.57647059 0.56470588
v 0.803174 0.027951 -0.057786 0.85490196 0.65490196 0.61568627
v 0.819781 0.033377 -0.063864 0.88235294 0.67450980 0.64313725
v -0.651125 0.065643 -0.053633 0.93725490 0.92549020 0.94509804
v -0.647406 0.066250 -0.053633 0.93725490 0.92549020 0.94509804
v -0.686082 0.005464 -0.053633 0.83137255 0.81568627 0.83137255
v -0.684440 0.005085 -0.053633 0.82352941 0.80784314 0.81960784
v -0.681739 0.004283 -0.053633 0.83921569 0.81960784 0.83137255
v -0.677660 0.002845 -0.053633 0.85098039 0.83137255 0.84313725
v -0.676582 0.002763 -0.053633 0.84705882 0.82745098 0.83921569
v -0.672324 0.002657 -0.053633 0.81960784 0.80000000 0.81176471
v -0.670432 0.002137 -0.053633 0.80000000 0.78039216 0.79215686
v -0.667925 0.001533 -0.053633 0.79607843 0.76862745 0.78039216
v -0.663709 0.000937 -0.053633 0.80000000 0.77647059 0.78823529
v -0.801885 0.022234 -0.053633 0.71372549 0.52941176 0.48627451
v -0.799386 0.019209 -0.053633 0.65490196 0.48235294 0.44705882
v -0.796638 0.016433 -0.053633 0.64313725 0.47450980 0.43921569
v -0.793477 0.014071 -0.053633 0.64313725 0.47058824 0.43529412
v -0.791099 0.012330 -0.053633 0.65490196 0.47843137 0.44313725
v -0.663142 0.000792 -0.053633 0.80392157 0.78039216 0.78823529
v -0.658936 -0.000526 -0.053633 0.80392157 0.78039216 0.79215686
v -0.790248 0.011777 -0.053633 0.66666667 0.48627451 0.44705882
v -0.693858 0.052937 -0.053633 0.95294118 0.94901961 0.96078431
v -0.656285 -0.000964 -0.053633 0.81568627 0.79607843 0.80784314
v -0.693700 0.052935 -0.053633 0.95294118 0.94901961 0.96078431
v -0.654099 -0.001212 -0.053633 0.81568627 0.79607843 0.80392157
v -0.688618 0.052657 -0.053633 0.95686275 0.94901961 0.96470588
v -0.641398 0.066748 -0.053633 0.93333333 0.92156863 0.94117647
v -0.650239 -0.001486 -0.053633 0.81960784 0.79607843 0.81176471
v -0.636818 0.067644 -0.053633 0.92941176 0.91372549 0.93725490
v -0.648867 -0.001503 -0.053633 0.82352941 0.79607843 0.81568627
v -0.644799 -0.001403 -0.053633 0.82352941 0.80000000 0.81960784
v -0.634598 0.068034 -0.053633 0.92941176 0.91764706 0.93725490
v -0.643147 -0.001307 -0.053633 0.83137255 0.80784314 0.82745098
v -0.688024 0.052720 -0.053633 0.95686275 0.94901961 0.96470588
v -0.683758 0.053998 -0.053633 0.95686275 0.94901961 0.96470588
v -0.632302 0.068506 -0.053633 0.92941176 0.91764706 0.93725490
v -0.680331 0.056117 -0.053633 0.95294118 0.94901961 0.96470588
v -0.679369 0.056381 -0.053633 0.94901961 0.94509804 0.95686275
v -0.627854 0.069285 -0.053633 0.93725490 0.92549020 0.94509804
v -0.639572 -0.001106 -0.053633 0.85098039 0.82352941 0.84313725
v -0.627736 0.069281 -0.053633 0.93725490 0.92549020 0.94117647
v -0.623137 0.068483 -0.053633 0.93333333 0.91764706 0.93333333
v -0.637275 -0.000959 -0.053633 0.85490196 0.82745098 0.85098039
v -0.634402 -0.000752 -0.053633 0.84313725 0.81960784 0.83529412
v -0.631055 -0.000262 -0.053633 0.83529412 0.81176471 0.82745098
v -0.629602 -0.000029 -0.053633 0.82745098 0.80784314 0.82352941
v -0.624853 0.000746 -0.053633 0.83529412 0.81176471 0.82352941
v -0.646347 0.066325 -0.053633 0.93725490 0.92549020 0.94509804
v -0.676271 0.057532 -0.053633 0.94117647 0.93725490 0.94901961
v -0.641399 0.066748 -0.053633 0.93333333 0.92156863 0.94117647
v -0.672603 0.059389 -0.053633 0.92941176 0.92156863 0.93725490
v -0.669043 0.061402 -0.053633 0.93725490 0.92549020 0.93725490
v -0.668694 0.061532 -0.053633 0.94117647 0.92941176 0.94509804
v -0.664605 0.062492 -0.053633 0.94509804 0.93333333 0.94901961
v -0.661422 0.063281 -0.053633 0.94509804 0.93333333 0.94901961
v -0.660217 0.063630 -0.053633 0.94509804 0.93333333 0.94509804
v -0.655630 0.064616 -0.053633 0.93725490 0.92549020 0.94117647
v -0.654276 0.064899 -0.053633 0.94117647 0.92549020 0.94117647
v 0.668251 -0.008229 -0.053633 0.87843137 0.85882353 0.87843137
v 0.667275 -0.008264 -0.053633 0.89019608 0.87450980 0.89019608
v 0.673152 -0.007606 -0.053633 0.86274510 0.84313725 0.86274510
v 0.677083 -0.006013 -0.053633 0.86666667 0.84313725 0.86666667
v 0.673590 -0.007473 -0.053633 0.85882353 0.83921569 0.85882353
v 0.679910 -0.003316 -0.053633 0.87450980 0.85490196 0.87843137
v 0.682427 -0.000311 -0.053633 0.88627451 0.86274510 0.89019608
v 0.685348 0.002293 -0.053633 0.89019608 0.87058824 0.89411765
v 0.651776 -0.008324 -0.053633 0.87450980 0.85490196 0.87450980
v 0.650712 -0.008256 -0.053633 0.87058824 0.85490196 0.87450980
v 0.646045 -0.008117 -0.053633 0.87058824 0.85490196 0.87843137
v 0.645347 -0.008098 -0.053633 0.87058824 0.85490196 0.87843137
v 0.662723 -0.008225 -0.053633 0.89803922 0.87843137 0.89803922
v 0.661794 -0.008222 -0.053633 0.89411765 0.87843137 0.89803922
v 0.657236 -0.008261 -0.053633 0.88235294 0.86274510 0.88235294
v 0.656155 -0.008336 -0.053633 0.87843137 0.86274510 0.87843137
v 0.640624 -0.008220 -0.053633 0.86666667 0.84705882 0.87058824
v 0.639621 -0.008301 -0.053633 0.86274510 0.84313725 0.86666667
v 0.635287 -0.008407 -0.053633 0.85490196 0.83137255 0.85882353
v 0.633984 -0.008413 -0.053633 0.84313725 0.81960784 0.84705882
v 0.629512 0.058128 -0.053633 0.94117647 0.93333333 0.94509804
v 0.629849 -0.008492 -0.053633 0.82745098 0.80784314 0.83529412
v 0.628686 0.058096 -0.053633 0.94117647 0.92941176 0.94117647
v 0.623810 0.058306 -0.053633 0.93725490 0.92941176 0.94117647
v 0.654000 0.055740 -0.053633 0.92156863 0.90980392 0.91764706
v 0.649493 0.056762 -0.053633 0.94509804 0.92941176 0.94509804
v 0.647097 0.057118 -0.053633 0.94901961 0.93725490 0.94901961
v 0.644477 0.057315 -0.053633 0.94901961 0.93725490 0.94901961
v 0.640768 0.057919 -0.053633 0.94509804 0.93333333 0.94509804
v 0.639731 0.058093 -0.053633 0.94509804 0.93333333 0.94509804
v 0.628393 -0.008481 -0.053633 0.82352941 0.80392157 0.82745098
v 0.634958 0.058206 -0.053633 0.94901961 0.93725490 0.94901961
v 0.624206 -0.008373 -0.053633 0.82745098 0.80392157 0.82745098
v 0.634318 0.058204 -0.053633 0.94901961 0.94117647 0.94901961
v 0.654009 0.055738 -0.053633 0.92941176 0.91764706 0.92549020
v 0.691204 0.051673 -0.053633 0.93333333 0.91764706 0.93725490
v 0.688366 0.051492 -0.053633 0.91372549 0.90196078 0.92549020
v 0.686007 0.051346 -0.053633 0.92549020 0.91764706 0.93333333
v 0.682565 0.051215 -0.053633 0.94901961 0.94117647 0.95294118
v 0.679146 0.052686 -0.053633 0.96078431 0.94901961 0.96078431
v 0.678708 0.052850 -0.053633 0.96078431 0.94901961 0.96078431
v 0.673984 0.052325 -0.053633 0.94901961 0.94117647 0.95294118
v 0.672830 0.052465 -0.053633 0.94509804 0.93725490 0.94901961
v 0.667531 0.053256 -0.053633 0.94117647 0.92549020 0.94117647
v 0.663158 0.053842 -0.053633 0.93725490 0.92549020 0.93725490
v 0.668050 0.053198 -0.053633 0.94117647 0.92549020 0.94509804
v 0.661117 0.054146 -0.053633 0.94117647 0.92941176 0.94117647
v 0.658506 0.054702 -0.053633 0.93333333 0.91764706 0.92941176
v -0.652328 0.066846 -0.057172 0.93725490 0.92549020 0.94117647
v -0.646839 0.066817 -0.054495 0.94117647 0.92549020 0.94509804
v -0.682686 0.003343 -0.056573 0.81568627 0.80000000 0.80784314
v -0.663353 0.000581 -0.054438 0.80392157 0.78039216 0.78823529
v -0.649544 -0.002181 -0.054750 0.81568627 0.78823529 0.80784314
v -0.644020 -0.002181 -0.055123 0.81960784 0.79215686 0.81568627
v -0.624688 0.000581 -0.054104 0.83137255 0.81176471 0.82352941
v -0.641399 0.066749 -0.053634 0.93333333 0.91764706 0.94117647
v -0.693782 0.053013 -0.053891 0.95294118 0.94901961 0.96078431
v -0.633227 0.069419 -0.055439 0.92941176 0.91764706 0.93725490
v -0.688293 0.052982 -0.054352 0.95294118 0.94901961 0.96078431
v -0.660644 0.064059 -0.055317 0.94117647 0.92941176 0.94509804
v 0.673304 -0.007759 -0.055020 0.86666667 0.84705882 0.86666667
v 0.654005 0.055735 -0.053886 0.92941176 0.91372549 0.92549020
v -0.684862 0.006683 -0.049727 0.83921569 0.82352941 0.83529412
v -0.802535 0.021584 -0.049727 0.72941176 0.54509804 0.50196078
v -0.799980 0.018615 -0.049727 0.67843137 0.50196078 0.46274510
v -0.797276 0.015796 -0.049727 0.65490196 0.48235294 0.44705882
v -0.680281 0.005740 -0.049727 0.86666667 0.84313725 0.85882353
v -0.679508 0.005675 -0.049727 0.87058824 0.85098039 0.86274510
v -0.793727 0.013821 -0.049727 0.65882353 0.48235294 0.44313725
v -0.674882 0.005617 -0.049727 0.85490196 0.83137255 0.84705882
v -0.673765 0.005458 -0.049727 0.84313725 0.81960784 0.83529412
v -0.790664 0.011896 -0.049727 0.66274510 0.48627451 0.44705882
v -0.790323 0.011701 -0.049727 0.66666667 0.48627451 0.44705882
v -0.695225 0.051570 -0.049727 0.96078431 0.95294118 0.96470588
v -0.670480 0.004501 -0.049727 0.81568627 0.78823529 0.80784314
v -0.692011 0.051247 -0.049727 0.96078431 0.95294118 0.96470588
v -0.690227 0.051044 -0.049727 0.96078431 0.95686275 0.96470588
v -0.666225 0.003233 -0.049727 0.80784314 0.78039216 0.79607843
v -0.686023 0.050740 -0.049727 0.95686275 0.95686275 0.96470588
v -0.685001 0.050749 -0.049727 0.95686275 0.95294118 0.96470588
v -0.665940 0.003168 -0.049727 0.80784314 0.78431373 0.80000000
v -0.681678 0.051913 -0.049727 0.95294118 0.94509804 0.96078431
v -0.661687 0.002247 -0.049727 0.81960784 0.79607843 0.81176471
v -0.658783 0.001535 -0.049727 0.81960784 0.79607843 0.80784314
v -0.657234 0.001177 -0.049727 0.82745098 0.80392157 0.81568627
v -0.678344 0.054096 -0.049727 0.94117647 0.93333333 0.94901961
v -0.652397 0.000490 -0.049727 0.83921569 0.81176471 0.82745098
v -0.652150 0.000425 -0.049727 0.83921569 0.81176471 0.82745098
v -0.647521 -0.000158 -0.049727 0.83529412 0.81568627 0.83137255
v -0.646319 0.000117 -0.049727 0.83529412 0.81568627 0.82745098
v -0.641780 0.001102 -0.049727 0.86666667 0.84313725 0.86274510
v -0.674793 0.056090 -0.049727 0.94509804 0.93725490 0.94901961
v -0.640647 0.001193 -0.049727 0.86666667 0.84313725 0.86274510
v -0.673409 0.056819 -0.049727 0.94509804 0.93725490 0.95294118
v -0.671059 0.057869 -0.049727 0.94901961 0.94117647 0.95294118
v -0.636710 0.001556 -0.049727 0.85098039 0.82745098 0.84705882
v -0.667078 0.059417 -0.049727 0.94117647 0.93333333 0.94901961
v -0.634470 0.001846 -0.049727 0.83921569 0.81568627 0.83137255
v -0.631730 0.002100 -0.049727 0.83137255 0.81176471 0.82745098
v -0.628206 0.002586 -0.049727 0.83529412 0.81176471 0.83137255
v -0.626788 0.002681 -0.049727 0.83921569 0.81960784 0.83529412
v -0.664258 0.060446 -0.049727 0.94509804 0.93725490 0.94901961
v -0.651024 0.062627 -0.049727 0.93333333 0.92156863 0.93725490
v -0.648704 0.063225 -0.049727 0.92941176 0.91764706 0.93725490
v -0.644203 0.063929 -0.049727 0.92156863 0.91372549 0.92941176
v -0.662981 0.060851 -0.049727 0.94901961 0.94117647 0.95294118
v -0.643977 0.063958 -0.049727 0.92156863 0.90980392 0.92941176
v -0.658575 0.062021 -0.049727 0.94509804 0.93333333 0.94509804
v -0.639384 0.064750 -0.049727 0.92156863 0.90980392 0.92941176
v -0.656820 0.062356 -0.049727 0.93725490 0.92941176 0.94117647
v -0.653402 0.062388 -0.049727 0.93725490 0.92549020 0.94117647
v -0.637362 0.065262 -0.049727 0.92549020 0.90980392 0.93333333
v -0.635089 0.065942 -0.049727 0.92549020 0.90980392 0.93333333
v -0.630901 0.067149 -0.049727 0.93333333 0.92156863 0.94117647
v -0.629602 0.067514 -0.049727 0.93725490 0.92549020 0.94117647
v -0.626452 0.068195 -0.049727 0.94509804 0.93333333 0.94901961
v -0.623446 0.068166 -0.049727 0.94509804 0.93333333 0.94901961
v 0.671416 -0.005870 -0.049727 0.89803922 0.88235294 0.90196078
v 0.669496 -0.006043 -0.049727 0.91372549 0.89803922 0.91372549
v 0.675533 -0.004464 -0.049727 0.86666667 0.84313725 0.87058824
v 0.678691 -0.002097 -0.049727 0.87843137 0.85490196 0.88627451
v 0.684806 0.002834 -0.049727 0.90196078 0.87843137 0.90588235
v 0.683050 0.001987 -0.049727 0.90588235 0.88235294 0.91372549
v 0.681375 0.000742 -0.049727 0.90980392 0.88627451 0.91764706
v 0.622762 -0.006929 -0.049727 0.85882353 0.83529412 0.86274510
v 0.624365 -0.006985 -0.049727 0.85882353 0.83529412 0.85882353
v 0.649184 -0.005733 -0.049727 0.89411765 0.87450980 0.89803922
v 0.647616 -0.005829 -0.049727 0.89411765 0.87450980 0.89803922
v 0.628823 0.058818 -0.049727 0.93725490 0.92549020 0.94117647
v 0.665883 -0.005861 -0.049727 0.92156863 0.90588235 0.92549020
v 0.664292 -0.005724 -0.049727 0.91764706 0.90196078 0.92156863
v 0.624129 0.059062 -0.049727 0.93333333 0.92156863 0.93725490
v 0.640594 0.058093 -0.049727 0.94117647 0.93333333 0.94509804
v 0.639698 0.058061 -0.049727 0.94117647 0.93333333 0.94509804
v 0.634700 0.058463 -0.049727 0.94901961 0.93725490 0.95294118
v 0.634591 0.058477 -0.049727 0.94901961 0.93725490 0.95294118
v 0.659614 -0.004878 -0.049727 0.89411765 0.87843137 0.89019608
v 0.644831 0.057634 -0.049727 0.94509804 0.93725490 0.94901961
v 0.628438 -0.007081 -0.049727 0.85490196 0.83137255 0.85490196
v 0.654071 -0.005096 -0.049727 0.89019608 0.87450980 0.89411765
v 0.629329 0.058738 -0.049727 0.93725490 0.92549020 0.94117647
v 0.653831 -0.005138 -0.049727 0.89019608 0.87450980 0.89019608
v 0.659349 -0.004851 -0.049727 0.89019608 0.87843137 0.89019608
v 0.639029 -0.006625 -0.049727 0.88235294 0.85882353 0.88235294
v 0.635674 -0.006724 -0.049727 0.86274510 0.84313725 0.86666667
v 0.643982 -0.006054 -0.049727 0.89411765 0.87058824 0.89411765
v 0.641632 -0.006289 -0.049727 0.88627451 0.86666667 0.88627451
v 0.633623 -0.006743 -0.049727 0.85098039 0.83137255 0.85490196
v 0.629925 -0.006948 -0.049727 0.85098039 0.83137255 0.85490196
v 0.654049 0.055691 -0.049727 0.93725490 0.92549020 0.93725490
v 0.653985 0.055703 -0.049727 0.93725490 0.92941176 0.93725490
v 0.649374 0.056639 -0.049727 0.94901961 0.93725490 0.94901961
v 0.647045 0.057170 -0.049727 0.94509804 0.93333333 0.94901961
v 0.681707 0.050125 -0.049727 0.95686275 0.94509804 0.96078431
v 0.681543 0.050150 -0.049727 0.95686275 0.94509804 0.96078431
v 0.691865 0.051011 -0.049727 0.92941176 0.91764706 0.93333333
v 0.687378 0.050504 -0.049727 0.92156863 0.90980392 0.92941176
v 0.686885 0.050468 -0.049727 0.92549020 0.91372549 0.93333333
v 0.676887 0.051003 -0.049727 0.95294118 0.94509804 0.96078431
v 0.674882 0.051428 -0.049727 0.94901961 0.93725490 0.95294118
v 0.672546 0.052160 -0.049727 0.94117647 0.92941176 0.94509804
v 0.668257 0.052533 -0.049727 0.94117647 0.92941176 0.94509804
v 0.667569 0.052673 -0.049727 0.94117647 0.92941176 0.94509804
v 0.663792 0.054416 -0.049727 0.93725490 0.92549020 0.94117647
v 0.660213 0.055054 -0.049727 0.93333333 0.92156863 0.93333333
v 0.659032 0.055199 -0.049727 0.93333333 0.92156863 0.93333333
v -0.691166 0.006286 -0.049727 0.84705882 0.82745098 0.84705882
v -0.690681 0.006386 -0.049727 0.83529412 0.81568627 0.84313725
v -0.686179 0.006822 -0.049727 0.83921569 0.81960784 0.83529412
v -0.649565 0.064085 -0.051033 0.93333333 0.91764706 0.93725490
v -0.685450 0.006095 -0.051535 0.83137255 0.81568627 0.82745098
v -0.677165 0.003334 -0.052730 0.85490196 0.83529412 0.84705882
v -0.671639 0.003343 -0.052264 0.81960784 0.79607843 0.81176471
v -0.682755 0.052995 -0.051608 0.95294118 0.94901961 0.96078431
v -0.635893 0.066734 -0.051338 0.92549020 0.90980392 0.93333333
v -0.679984 0.055766 -0.052944 0.94901961 0.94509804 0.95686275
v -0.671704 0.058523 -0.050969 0.93725490 0.92941176 0.94509804
v -0.657830 0.000581 -0.050887 0.81960784 0.79607843 0.80784314
v -0.641259 0.000581 -0.050509 0.86274510 0.83921569 0.85882353
v -0.668934 0.061292 -0.053322 0.94117647 0.93333333 0.94509804
v -0.635735 0.000581 -0.051198 0.84705882 0.82352941 0.84313725
v -0.630211 0.000581 -0.052292 0.82745098 0.81176471 0.82745098
v -0.663414 0.061289 -0.050612 0.94901961 0.93725490 0.94901961
v -0.655095 0.064080 -0.052409 0.93725490 0.92549020 0.94117647
v -0.644076 0.064057 -0.049891 0.92156863 0.90980392 0.92941176
v 0.667781 -0.007758 -0.052402 0.90196078 0.88627451 0.90196078
v 0.623592 -0.007759 -0.051864 0.83921569 0.81568627 0.83921569
v 0.676066 -0.004997 -0.050730 0.86274510 0.83921569 0.86666667
v 0.678828 -0.002235 -0.050078 0.87843137 0.85490196 0.89019608
v 0.681590 0.000527 -0.050348 0.89019608 0.87058824 0.89803922
v 0.651210 -0.007758 -0.052603 0.87843137 0.85882353 0.87843137
v 0.645686 -0.007758 -0.052742 0.88235294 0.86274510 0.88627451
v 0.662257 -0.007758 -0.052636 0.90588235 0.88627451 0.90588235
v 0.656733 -0.007758 -0.052851 0.88235294 0.86274510 0.87843137
v 0.659495 -0.004997 -0.049846 0.89411765 0.87843137 0.89019608
v 0.640163 -0.007759 -0.052083 0.87843137 0.85490196 0.87843137
v 0.634639 -0.007759 -0.051911 0.85490196 0.83137255 0.85490196
v 0.629115 -0.007759 -0.051434 0.83921569 0.81568627 0.83921569
v 0.654008 0.055732 -0.051948 0.93333333 0.92156863 0.92941176
v 0.629115 0.058525 -0.052083 0.93725490 0.92941176 0.94117647
v 0.623592 0.058525 -0.052333 0.93725490 0.92549020 0.94117647
v 0.681612 0.050220 -0.050081 0.95686275 0.94509804 0.96078431
v 0.667828 0.052960 -0.051902 0.94117647 0.92941176 0.94509804
v -0.783759 0.010514 -0.049727 0.68235294 0.50196078 0.45882353
v -0.801617 0.028372 -0.049727 0.79215686 0.59215686 0.54509804
v -0.780707 0.010270 -0.049727 0.70588235 0.51764706 0.47450980
v -0.712175 0.001472 -0.049727 0.85490196 0.77254902 0.75686275
v -0.772051 0.009854 -0.049727 0.72549020 0.53333333 0.48627451
v -0.795305 0.033108 -0.049727 0.86274510 0.65098039 0.60392157
v -0.769991 0.009939 -0.049727 0.74117647 0.54901961 0.50196078
v -0.708669 0.001708 -0.049727 0.85882353 0.80392157 0.80000000
v -0.788529 0.037379 -0.049727 0.89019608 0.67843137 0.63137255
v -0.761256 0.010106 -0.049727 0.75294118 0.56470588 0.51372549
v -0.699707 0.003794 -0.049727 0.85882353 0.82352941 0.82745098
v -0.785072 0.039047 -0.049727 0.90196078 0.69411765 0.64313725
v -0.698323 0.004271 -0.049727 0.85490196 0.83137255 0.84705882
v -0.780975 0.040872 -0.049727 0.90588235 0.70196078 0.65098039
v -0.772260 0.043204 -0.049727 0.90980392 0.70588235 0.65882353
v 0.697595 0.001092 -0.049727 0.90980392 0.89019608 0.90980392
v -0.769160 0.043912 -0.049727 0.91372549 0.70980392 0.66274510
v 0.689413 0.002826 -0.049727 0.90588235 0.88627451 0.90980392
v -0.763259 0.045250 -0.049727 0.90588235 0.70980392 0.66274510
v 0.698514 0.000838 -0.049727 0.90588235 0.87843137 0.89411765
v -0.755993 0.046031 -0.049727 0.90196078 0.71372549 0.65882353
v 0.710015 -0.000280 -0.049727 0.89803922 0.86274510 0.86666667
v -0.758749 0.010134 -0.049727 0.77254902 0.58823529 0.53725490
v 0.708428 -0.000271 -0.049727 0.90196078 0.87058824 0.88235294
v -0.749874 0.009771 -0.049727 0.78431373 0.60784314 0.55686275
v 0.703900 0.050032 -0.049727 0.95294118 0.94509804 0.94901961
v -0.748268 0.009568 -0.049727 0.79607843 0.62745098 0.58039216
v 0.800723 0.019221 -0.049727 0.72156863 0.54901961 0.51764706
v -0.753368 0.046407 -0.049727 0.90196078 0.70980392 0.65098039
v 0.787245 0.010719 -0.049727 0.64705882 0.49411765 0.46274510
v 0.801517 0.025961 -0.049727 0.80784314 0.61960784 0.58431373
v -0.739188 0.007601 -0.049727 0.80392157 0.63529412 0.58823529
v 0.785609 0.010330 -0.049727 0.66274510 0.50196078 0.47450980
v -0.735641 0.006586 -0.049727 0.81960784 0.66274510 0.61960784
v 0.794987 0.030580 -0.049727 0.87058824 0.67058824 0.62745098
v 0.777732 0.009217 -0.049727 0.65882353 0.50588235 0.47450980
v 0.703642 0.050065 -0.049727 0.95294118 0.94509804 0.94901961
v -0.730760 0.004981 -0.049727 0.83137255 0.70196078 0.66666667
v 0.772910 0.008800 -0.049727 0.69019608 0.52549020 0.50196078
v 0.693413 0.051015 -0.049727 0.93725490 0.92549020 0.94117647
v -0.721916 0.002778 -0.049727 0.83921569 0.72156863 0.69019608
v 0.728418 0.003411 -0.049727 0.87058824 0.79215686 0.78823529
v 0.716191 0.048758 -0.049727 0.95686275 0.94901961 0.96078431
v 0.713863 0.049075 -0.049727 0.95294118 0.94509804 0.95686275
v -0.720479 0.002471 -0.049727 0.84705882 0.74117647 0.71372549
v 0.794742 0.014185 -0.049727 0.65882353 0.50196078 0.47450980
v 0.723761 0.047929 -0.049727 0.94117647 0.91372549 0.91372549
v -0.743505 0.047591 -0.049727 0.89411765 0.70196078 0.64313725
v -0.743372 0.047606 -0.049727 0.89019608 0.69803922 0.63921569
v -0.733685 0.048819 -0.049727 0.88235294 0.69019608 0.63529412
v -0.730895 0.049036 -0.049727 0.87058824 0.67843137 0.62745098
v -0.723524 0.049704 -0.049727 0.85490196 0.66274510 0.62352941
v -0.718731 0.050154 -0.049727 0.81960784 0.70196078 0.67843137
v 0.721375 0.001621 -0.049727 0.87450980 0.81568627 0.81568627
v -0.713553 0.050742 -0.049727 0.95294118 0.90588235 0.90196078
v -0.706470 0.051373 -0.049727 0.96078431 0.94901961 0.97254902
v 0.745793 0.008114 -0.049727 0.82352941 0.69803922 0.67843137
v 0.736992 0.006192 -0.049727 0.83529412 0.72941176 0.71764706
v -0.703427 0.051534 -0.049727 0.96078431 0.94901961 0.96862745
v 0.736747 0.006126 -0.049727 0.85490196 0.76470588 0.75686275
v 0.767193 0.008755 -0.049727 0.71372549 0.54901961 0.52549020
v 0.761613 0.008649 -0.049727 0.74117647 0.57647059 0.55294118
v 0.756170 0.008760 -0.049727 0.76470588 0.60784314 0.58431373
v 0.750532 0.008660 -0.049727 0.79215686 0.64705882 0.62352941
v 0.719601 0.001181 -0.049727 0.88627451 0.83921569 0.84313725
v 0.753785 0.044190 -0.049727 0.89411765 0.70588235 0.64705882
v 0.753256 0.044254 -0.049727 0.89411765 0.70980392 0.64705882
v 0.743832 0.045892 -0.049727 0.90196078 0.74117647 0.69019608
v 0.728370 0.047577 -0.049727 0.92941176 0.87058824 0.85490196
v 0.740737 0.046213 -0.049727 0.90980392 0.78431373 0.74509804
v 0.733920 0.047049 -0.049727 0.91372549 0.81568627 0.79215686
v 0.782437 0.037558 -0.049727 0.90588235 0.69803922 0.65098039
v 0.780541 0.038289 -0.049727 0.91764706 0.70980392 0.65882353
v 0.788298 0.034893 -0.049727 0.89411765 0.68235294 0.63921569
v 0.772259 0.041172 -0.049727 0.90980392 0.70980392 0.65098039
v 0.766693 0.042349 -0.049727 0.90196078 0.70980392 0.65098039
v 0.763119 0.043105 -0.049727 0.89411765 0.70588235 0.64313725
v -0.710304 0.003343 -0.056984 0.85882353 0.79607843 0.79215686
v -0.809729 0.025437 -0.050119 0.74901961 0.55686275 0.50196078
v -0.737922 0.008866 -0.053314 0.81568627 0.66274510 0.61960784
v -0.721351 0.003343 -0.051061 0.84705882 0.74117647 0.71764706
v 0.709208 0.000527 -0.052372 0.88627451 0.85098039 0.85882353
v 0.703755 0.050178 -0.050189 0.95294118 0.94901961 0.95294118
v 0.753487 0.044487 -0.050850 0.90196078 0.72549020 0.67450980
v -0.843804 0.018980 -0.045821 0.80784314 0.59215686 0.56862745
v -0.845295 0.022338 -0.045821 0.82745098 0.61176471 0.58823529
v -0.670943 0.053763 -0.045821 0.95294118 0.94117647 0.95686275
v -0.841584 0.018627 -0.045821 0.78431373 0.57647059 0.54901961
v -0.667561 0.054312 -0.045821 0.95686275 0.94901961 0.96078431
v -0.841302 0.023868 -0.045821 0.83921569 0.62745098 0.59607843
v -0.663498 0.055683 -0.045821 0.95294118 0.94509804 0.95686275
v -0.663399 0.055721 -0.045821 0.95294118 0.94509804 0.95686275
v -0.838556 0.018705 -0.045821 0.78039216 0.58039216 0.54901961
v -0.835873 0.018440 -0.045821 0.76470588 0.56862745 0.53725490
v -0.659625 0.057520 -0.045821 0.95294118 0.94509804 0.95686275
v -0.837559 0.025599 -0.045821 0.85098039 0.63921569 0.60392157
v -0.655818 0.059265 -0.045821 0.94901961 0.94117647 0.95294118
v -0.836895 0.025861 -0.045821 0.85098039 0.64313725 0.60392157
v -0.653931 0.059720 -0.045821 0.94509804 0.93725490 0.94901961
v -0.833513 0.027050 -0.045821 0.84705882 0.64313725 0.60392157
v -0.691987 0.007101 -0.045821 0.85098039 0.83529412 0.86274510
v -0.688855 0.008208 -0.045821 0.84313725 0.82745098 0.84705882
v -0.687835 0.008468 -0.045821 0.84313725 0.82745098 0.84705882
v -0.682842 0.009003 -0.045821 0.87843137 0.85490196 0.87450980
v -0.832828 0.018909 -0.045821 0.76862745 0.57647059 0.54117647
v -0.682555 0.008986 -0.045821 0.88235294 0.85882353 0.87450980
v -0.831055 0.019145 -0.045821 0.77647059 0.58431373 0.54509804
v -0.677693 0.008328 -0.045821 0.89411765 0.87450980 0.89019608
v -0.827259 0.018954 -0.045821 0.77254902 0.58431373 0.54117647
v -0.676621 0.008311 -0.045821 0.89019608 0.86666667 0.88627451
v -0.828528 0.028688 -0.045821 0.87843137 0.67058824 0.62352941
v -0.672704 0.007794 -0.045821 0.84705882 0.82352941 0.84313725
v -0.824939 0.029539 -0.045821 0.87058824 0.66666667 0.61568627
v -0.669939 0.007156 -0.045821 0.82352941 0.79607843 0.81960784
v -0.825396 0.019009 -0.045821 0.77254902 0.58823529 0.54509804
v -0.668293 0.006683 -0.045821 0.81960784 0.79215686 0.81568627
v -0.664356 0.005102 -0.045821 0.82352941 0.80000000 0.82745098
v -0.821811 0.018878 -0.045821 0.76470588 0.58039216 0.53725490
v -0.819434 0.018571 -0.045821 0.73725490 0.56078431 0.51764706
v -0.661638 0.004390 -0.045821 0.83529412 0.81176471 0.83137255
v -0.817163 0.018003 -0.045821 0.72549020 0.54901961 0.50588235
v -0.659853 0.004082 -0.045821 0.83921569 0.81568627 0.83137255
v -0.696867 0.049925 -0.045821 0.96078431 0.95294118 0.96470588
v -0.655101 0.003309 -0.045821 0.85882353 0.83137255 0.84313725
v -0.696069 0.049817 -0.045821 0.96078431 0.95686275 0.96862745
v -0.692217 0.049051 -0.045821 0.96078431 0.95686275 0.96470588
v -0.688721 0.048010 -0.045821 0.96078431 0.95686275 0.96470588
v -0.688001 0.047742 -0.045821 0.96078431 0.95686275 0.96470588
v -0.655030 0.003305 -0.045821 0.85882353 0.83137255 0.84313725
v -0.649957 0.003756 -0.045821 0.87450980 0.85098039 0.87450980
v -0.683636 0.046584 -0.045821 0.95294118 0.94509804 0.95686275
v -0.682329 0.047134 -0.045821 0.95294118 0.94509804 0.95686275
v -0.649150 0.003737 -0.045821 0.87843137 0.85490196 0.87450980
v -0.679073 0.049390 -0.045821 0.94509804 0.93333333 0.95294118
v -0.644421 0.003743 -0.045821 0.88627451 0.86666667 0.88235294
v -0.643590 0.003774 -0.045821 0.88627451 0.86666667 0.88235294
v -0.639156 0.004002 -0.045821 0.85098039 0.83529412 0.85098039
v -0.675703 0.051523 -0.045821 0.93333333 0.92156863 0.94117647
v -0.637615 0.004225 -0.045821 0.83921569 0.81960784 0.83529412
v -0.634209 0.004579 -0.045821 0.83137255 0.80784314 0.81960784
v -0.631652 0.004664 -0.045821 0.83921569 0.81568627 0.83137255
v -0.628793 0.004686 -0.045821 0.84705882 0.82745098 0.84313725
v -0.672150 0.053413 -0.045821 0.94901961 0.94117647 0.95686275
v -0.637013 0.062500 -0.045821 0.92941176 0.91764706 0.93725490
v -0.650804 0.059798 -0.045821 0.94117647 0.92941176 0.94509804
v -0.648045 0.060081 -0.045821 0.93725490 0.92549020 0.94117647
v -0.645646 0.060176 -0.045821 0.93725490 0.92549020 0.94509804
v -0.633729 0.063359 -0.045821 0.93333333 0.92156863 0.94117647
v -0.641576 0.061032 -0.045821 0.93725490 0.92549020 0.94117647
v -0.641202 0.061187 -0.045821 0.93333333 0.92156863 0.94117647
v -0.632677 0.063674 -0.045821 0.93333333 0.92549020 0.94117647
v -0.628839 0.065251 -0.045821 0.93725490 0.92549020 0.94509804
v -0.625533 0.066044 -0.045821 0.94117647 0.93333333 0.94901961
v -0.624264 0.066171 -0.045821 0.94509804 0.93333333 0.95294118
v -0.619940 0.066132 -0.045821 0.94901961 0.94117647 0.95686275
v 0.665487 0.000058 -0.045821 0.90980392 0.89411765 0.91372549
v 0.664735 0.000243 -0.045821 0.90588235 0.89019608 0.90980392
v 0.654633 -0.000134 -0.045821 0.90980392 0.89411765 0.91372549
v 0.653018 -0.000427 -0.045821 0.91764706 0.89803922 0.91764706
v 0.659563 0.000460 -0.045821 0.89019608 0.87450980 0.89411765
v 0.659421 0.000453 -0.045821 0.89019608 0.87450980 0.89411765
v 0.640510 -0.002582 -0.045821 0.88235294 0.86274510 0.88627451
v 0.639647 -0.002750 -0.045821 0.88235294 0.86274510 0.88235294
v 0.645236 -0.001785 -0.045821 0.90196078 0.87843137 0.90196078
v 0.635813 -0.003409 -0.045821 0.88235294 0.86274510 0.88235294
v 0.632703 -0.004171 -0.045821 0.87450980 0.85098039 0.87843137
v 0.631232 -0.004351 -0.045821 0.88235294 0.85882353 0.88627451
v 0.626684 -0.004666 -0.045821 0.89411765 0.87450980 0.89803922
v 0.653207 0.054920 -0.045821 0.94901961 0.93725490 0.94901961
v 0.650004 -0.001029 -0.045821 0.91372549 0.89411765 0.91764706
v 0.646293 -0.001628 -0.045821 0.90588235 0.88627451 0.90980392
v 0.648596 0.055864 -0.045821 0.94901961 0.93725490 0.95294118
v 0.672316 -0.001247 -0.045821 0.92156863 0.90196078 0.92156863
v 0.669219 -0.000796 -0.045821 0.92549020 0.90980392 0.92941176
v 0.674761 -0.000778 -0.045821 0.90588235 0.88627451 0.90588235
v 0.648314 0.055901 -0.045821 0.94901961 0.93725490 0.95294118
v 0.643512 0.056327 -0.045821 0.94509804 0.93333333 0.94509804
v 0.655116 0.054626 -0.045821 0.94509804 0.93725490 0.94509804
v 0.676467 0.000126 -0.045821 0.89411765 0.87058824 0.89803922
v 0.679374 0.002742 -0.045821 0.89803922 0.87450980 0.90196078
v 0.682666 0.004974 -0.045821 0.91372549 0.89411765 0.91764706
v 0.621410 -0.005577 -0.045821 0.88235294 0.86274510 0.89019608
v 0.630068 0.057572 -0.045821 0.94117647 0.92941176 0.94509804
v 0.628670 0.058079 -0.045821 0.94117647 0.92549020 0.94509804
v 0.624293 0.059227 -0.045821 0.92941176 0.91764706 0.93333333
v 0.642341 0.056349 -0.045821 0.94117647 0.93333333 0.94117647
v 0.638035 0.056397 -0.045821 0.94509804 0.93725490 0.94901961
v 0.636488 0.056676 -0.045821 0.94901961 0.93725490 0.95294118
v 0.633102 0.056988 -0.045821 0.94901961 0.93725490 0.94901961
v 0.622699 0.059418 -0.045821 0.92549020 0.90980392 0.92941176
v 0.619034 0.059491 -0.045821 0.91764706 0.90588235 0.92156863
v 0.661409 0.053864 -0.045821 0.94117647 0.92549020 0.94117647
v 0.658378 0.054516 -0.045821 0.93725490 0.92941176 0.94117647
v 0.852187 0.017703 -0.045821 0.78823529 0.56862745 0.56470588
v 0.662864 0.053386 -0.045821 0.94117647 0.92941176 0.94509804
v 0.847950 0.017551 -0.045821 0.80000000 0.58039216 0.57254902
v 0.850474 0.020093 -0.045821 0.80000000 0.58431373 0.57647059
v 0.839957 0.018695 -0.045821 0.80784314 0.59215686 0.58431373
v 0.838184 0.018547 -0.045821 0.80784314 0.59215686 0.58431373
v 0.840472 0.020803 -0.045821 0.81960784 0.60392157 0.59215686
v 0.835358 0.017783 -0.045821 0.79607843 0.58823529 0.57647059
v 0.831323 0.017116 -0.045821 0.78431373 0.58039216 0.56862745
v 0.829949 0.017669 -0.045821 0.78039216 0.58039216 0.56470588
v 0.826424 0.017796 -0.045821 0.76470588 0.57254902 0.55294118
v 0.836705 0.021905 -0.045821 0.81960784 0.60784314 0.59607843
v 0.836280 0.022014 -0.045821 0.81568627 0.60392157 0.59215686
v 0.832982 0.024178 -0.045821 0.81960784 0.61176471 0.59607843
v 0.849512 0.020315 -0.045821 0.80784314 0.59215686 0.58431373
v 0.824740 0.017426 -0.045821 0.74117647 0.55686275 0.53725490
v 0.820413 0.017538 -0.045821 0.73333333 0.55294118 0.52941176
v 0.814288 0.016948 -0.045821 0.69411765 0.52549020 0.50196078
v 0.819434 0.017289 -0.045821 0.70980392 0.53333333 0.50980392
v 0.828498 0.024502 -0.045821 0.81568627 0.61176471 0.59215686
v 0.827948 0.024665 -0.045821 0.81960784 0.61960784 0.59607843
v 0.824288 0.026655 -0.045821 0.81568627 0.61960784 0.59607843
v 0.820135 0.028128 -0.045821 0.81960784 0.62352941 0.59607843
v 0.819148 0.028471 -0.045821 0.81960784 0.62745098 0.59607843
v 0.815929 0.029655 -0.045821 0.81568627 0.62352941 0.59215686
v 0.683029 0.048800 -0.045821 0.95686275 0.94117647 0.96078431
v 0.680391 0.048995 -0.045821 0.95686275 0.94509804 0.96078431
v 0.688215 0.049138 -0.045821 0.92156863 0.90980392 0.92549020
v 0.685844 0.048970 -0.045821 0.94117647 0.92941176 0.94901961
v 0.691819 0.049421 -0.045821 0.92156863 0.90980392 0.92549020
v 0.676347 0.049963 -0.045821 0.94509804 0.93333333 0.94901961
v 0.675970 0.050076 -0.045821 0.94509804 0.93333333 0.94901961
v 0.671493 0.051078 -0.045821 0.93725490 0.92941176 0.94509804
v 0.669247 0.051545 -0.045821 0.93725490 0.92941176 0.94509804
v 0.667044 0.052065 -0.045821 0.94117647 0.92941176 0.94901961
v -0.842871 0.019914 -0.046058 0.81568627 0.60392157 0.57647059
v -0.840109 0.022675 -0.046061 0.81568627 0.60784314 0.57647059
v -0.668970 0.055737 -0.047109 0.95294118 0.94509804 0.96078431
v -0.666191 0.058514 -0.048518 0.94901961 0.93725490 0.95294118
v -0.663429 0.055752 -0.045843 0.95294118 0.94509804 0.95686275
v -0.837347 0.019914 -0.046210 0.79215686 0.59215686 0.55686275
v -0.660642 0.058536 -0.046741 0.95294118 0.94117647 0.95686275
v -0.652306 0.000581 -0.049588 0.83921569 0.81176471 0.82745098
v -0.657866 0.061310 -0.048604 0.94509804 0.93333333 0.94901961
v -0.837360 0.025399 -0.045935 0.83137255 0.62745098 0.59215686
v -0.649544 0.003343 -0.046370 0.87450980 0.84705882 0.87058824
v -0.652331 0.061319 -0.048027 0.93725490 0.92549020 0.94117647
v -0.834598 0.022637 -0.046808 0.81176471 0.61176471 0.57254902
v -0.831838 0.025394 -0.046670 0.82745098 0.62745098 0.58431373
v -0.646782 0.000581 -0.049053 0.84313725 0.82352941 0.83529412
v -0.682690 0.008851 -0.046016 0.87843137 0.85490196 0.87450980
v -0.644020 0.003343 -0.046440 0.88235294 0.86274510 0.87843137
v -0.679927 0.006094 -0.049059 0.87450980 0.85098039 0.86666667
v -0.831823 0.019914 -0.046091 0.79607843 0.60000000 0.56078431
v -0.829072 0.022643 -0.046769 0.80000000 0.60784314 0.56470588
v -0.638497 0.003343 -0.046900 0.85098039 0.83137255 0.85098039
v -0.632973 0.003343 -0.047766 0.83137255 0.80784314 0.82352941
v -0.674403 0.006096 -0.048928 0.85098039 0.82745098 0.84313725
v -0.627450 0.003343 -0.048511 0.84313725 0.81960784 0.83921569
v -0.668879 0.006097 -0.046810 0.81568627 0.78823529 0.81176471
v -0.666115 0.003343 -0.049483 0.80784314 0.78039216 0.79607843
v -0.826300 0.019914 -0.046209 0.79607843 0.60392157 0.56078431
v -0.660591 0.003343 -0.047243 0.82745098 0.80784314 0.81960784
v -0.829083 0.028137 -0.046007 0.86666667 0.66274510 0.61568627
v -0.646800 0.061326 -0.046868 0.92941176 0.91764706 0.93333333
v -0.826312 0.025400 -0.047000 0.83529412 0.63529412 0.58823529
v -0.823538 0.022675 -0.047108 0.79215686 0.60392157 0.55686275
v -0.638566 0.064045 -0.048397 0.92549020 0.90980392 0.92941176
v -0.641311 0.061297 -0.045973 0.93333333 0.92156863 0.93725490
v -0.633048 0.064041 -0.046384 0.93333333 0.92156863 0.94117647
v -0.630426 0.066688 -0.048695 0.93333333 0.92156863 0.94117647
v -0.624840 0.066740 -0.046637 0.94117647 0.93333333 0.95294118
v -0.823549 0.028168 -0.046478 0.85490196 0.65098039 0.60392157
v -0.619483 0.066603 -0.046970 0.94901961 0.94117647 0.95294118
v -0.820776 0.025437 -0.047721 0.81176471 0.61568627 0.56862745
v -0.820776 0.019914 -0.046458 0.77647059 0.58823529 0.54509804
v -0.818014 0.022675 -0.047434 0.76862745 0.58039216 0.53725490
v -0.815253 0.019914 -0.047083 0.72549020 0.54509804 0.50588235
v -0.696525 0.050267 -0.046580 0.96078431 0.95294118 0.96470588
v -0.691016 0.050254 -0.048096 0.96078431 0.95294118 0.96470588
v -0.685515 0.050235 -0.049135 0.95686275 0.95294118 0.96470588
v -0.682707 0.047513 -0.046232 0.95294118 0.94509804 0.95686275
v -0.679950 0.050271 -0.047056 0.94509804 0.94117647 0.95294118
v -0.677220 0.053005 -0.047910 0.93333333 0.92549020 0.94117647
v -0.674467 0.055760 -0.049136 0.94117647 0.93333333 0.94509804
v 0.670542 -0.004997 -0.048731 0.91372549 0.89803922 0.91764706
v 0.648448 -0.004997 -0.048934 0.90196078 0.88235294 0.90588235
v 0.665019 -0.004997 -0.049005 0.92156863 0.90588235 0.92549020
v 0.667781 -0.002235 -0.046825 0.92549020 0.90980392 0.92941176
v 0.662257 -0.002235 -0.047586 0.89803922 0.88235294 0.89803922
v 0.673304 -0.002235 -0.046543 0.90980392 0.89019608 0.90980392
v 0.653972 -0.004997 -0.049619 0.89411765 0.87450980 0.89411765
v 0.684352 0.003289 -0.048533 0.89803922 0.87450980 0.90196078
v 0.656733 -0.002235 -0.047707 0.89411765 0.87843137 0.89411765
v 0.651210 -0.002235 -0.047005 0.91372549 0.89803922 0.91764706
v 0.626354 -0.004997 -0.046106 0.89019608 0.87058824 0.89411765
v 0.637401 -0.004997 -0.047550 0.87450980 0.85490196 0.87843137
v 0.642924 -0.004997 -0.048450 0.89411765 0.87843137 0.89411765
v 0.645686 -0.002235 -0.046255 0.90196078 0.88235294 0.90588235
v 0.631877 -0.004997 -0.046573 0.87058824 0.84705882 0.87450980
v 0.629115 0.058525 -0.047423 0.93725490 0.92549020 0.94509804
v 0.850099 0.019740 -0.045867 0.80000000 0.58039216 0.57647059
v 0.839165 0.019478 -0.045883 0.81568627 0.60000000 0.59215686
v 0.833664 0.019433 -0.046258 0.80000000 0.59215686 0.58039216
v 0.828142 0.019380 -0.046111 0.79215686 0.59215686 0.57647059
v 0.830922 0.022126 -0.046504 0.80392157 0.60000000 0.58431373
v 0.822580 0.019617 -0.046534 0.76862745 0.57647059 0.55686275
v 0.814191 0.017045 -0.045885 0.69411765 0.52549020 0.50196078
v 0.817007 0.019712 -0.047267 0.73333333 0.55686275 0.53333333
v 0.819794 0.022354 -0.047437 0.76862745 0.58431373 0.55686275
v 0.811462 0.019697 -0.047754 0.71764706 0.54901961 0.52156863
v 0.814196 0.022551 -0.048207 0.76862745 0.58431373 0.55686275
v 0.816983 0.025217 -0.047569 0.78823529 0.60000000 0.57254902
v 0.808716 0.022366 -0.048725 0.76078431 0.58039216 0.54901961
v 0.811467 0.025187 -0.047843 0.79607843 0.61176471 0.57647059
v 0.814229 0.027952 -0.047070 0.80000000 0.61176471 0.58039216
v 0.825381 0.022192 -0.046996 0.79607843 0.60000000 0.58039216
v 0.822589 0.024959 -0.046552 0.79215686 0.60000000 0.57647059
v 0.819802 0.027806 -0.046097 0.80392157 0.60784314 0.58431373
v 0.687113 0.050239 -0.049018 0.92549020 0.91372549 0.93333333
v 0.692637 0.050239 -0.047496 0.93333333 0.91764706 0.93333333
v 0.676102 0.050208 -0.046403 0.94509804 0.93333333 0.94901961
v -0.869442 0.020960 -0.041916 0.78039216 0.56862745 0.55686275
v -0.867269 0.017609 -0.041916 0.80784314 0.58431373 0.57647059
v -0.863990 0.015366 -0.041916 0.79215686 0.57254902 0.56862745
v -0.859859 0.013973 -0.041916 0.80392157 0.57647059 0.57647059
v -0.858778 0.013726 -0.041916 0.81176471 0.58431373 0.58039216
v -0.854848 0.013460 -0.041916 0.87843137 0.60784314 0.61960784
v -0.852975 0.013447 -0.041916 0.80392157 0.56862745 0.56078431
v -0.869032 0.023980 -0.041916 0.80000000 0.58431373 0.57254902
v -0.865408 0.025880 -0.041916 0.81960784 0.60392157 0.58431373
v -0.864326 0.026076 -0.041916 0.85098039 0.62745098 0.60784314
v -0.860236 0.026231 -0.041916 0.87450980 0.64705882 0.62745098
v -0.666752 0.048068 -0.041916 0.96078431 0.95294118 0.96470588
v -0.858492 0.026386 -0.041916 0.88627451 0.66274510 0.63921569
v -0.855415 0.026934 -0.041916 0.90196078 0.68235294 0.65490196
v -0.665807 0.047846 -0.041916 0.96078431 0.94901961 0.96078431
v -0.851806 0.027549 -0.041916 0.89803922 0.67843137 0.65098039
v -0.692978 0.008092 -0.041916 0.87843137 0.86274510 0.88627451
v -0.850685 0.027728 -0.041916 0.90196078 0.68235294 0.65490196
v -0.659041 0.007316 -0.041916 0.88235294 0.85490196 0.87058824
v -0.845833 0.028400 -0.041916 0.90588235 0.69019608 0.65882353
v -0.656489 0.007445 -0.041916 0.90588235 0.87450980 0.89411765
v -0.689565 0.010186 -0.041916 0.86274510 0.84705882 0.86666667
v -0.848962 0.013822 -0.041916 0.78431373 0.56078431 0.54509804
v -0.653831 0.007630 -0.041916 0.91372549 0.88235294 0.90980392
v -0.650736 0.007674 -0.041916 0.91372549 0.89019608 0.91372549
v -0.648115 0.007438 -0.041916 0.90588235 0.88235294 0.90980392
v -0.686118 0.012252 -0.041916 0.88235294 0.86274510 0.88235294
v -0.847902 0.013898 -0.041916 0.74901961 0.54117647 0.51764706
v -0.843144 0.014117 -0.041916 0.73725490 0.53725490 0.50980392
v -0.685059 0.011996 -0.041916 0.88627451 0.86666667 0.88627451
v -0.645185 0.007701 -0.041916 0.89411765 0.87058824 0.89019608
v -0.681258 0.012940 -0.041916 0.91764706 0.89803922 0.91764706
v -0.842623 0.014142 -0.041916 0.71764706 0.52156863 0.49411765
v -0.642889 0.007735 -0.041916 0.87058824 0.85098039 0.86666667
v -0.837460 0.014277 -0.041916 0.71372549 0.52549020 0.49411765
v -0.678583 0.015801 -0.041916 0.92549020 0.90196078 0.92549020
v -0.837239 0.014282 -0.041916 0.70196078 0.51764706 0.48627451
v -0.640139 0.007224 -0.041916 0.85098039 0.83137255 0.84705882
v -0.675784 0.015762 -0.041916 0.89803922 0.87450980 0.90196078
v -0.831939 0.014506 -0.041916 0.70980392 0.52549020 0.49411765
v -0.673074 0.012948 -0.041916 0.87058824 0.84313725 0.87450980
v -0.636912 0.007282 -0.041916 0.83921569 0.81568627 0.82745098
v -0.669517 0.010983 -0.041916 0.84705882 0.81960784 0.85098039
v -0.845309 0.028523 -0.041916 0.89803922 0.68627451 0.65098039
v -0.634462 0.007378 -0.041916 0.84313725 0.81960784 0.83137255
v -0.841181 0.029234 -0.041916 0.89803922 0.69019608 0.65098039
v -0.667130 0.009872 -0.041916 0.84313725 0.81568627 0.84313725
v -0.631588 0.007481 -0.041916 0.85882353 0.83137255 0.85098039
v -0.838526 0.029759 -0.041916 0.89411765 0.68235294 0.64313725
v -0.836753 0.030281 -0.041916 0.89803922 0.68627451 0.64313725
v -0.665799 0.009182 -0.041916 0.84313725 0.81568627 0.84313725
v -0.831676 0.014538 -0.041916 0.71372549 0.53333333 0.49803922
v -0.661941 0.007517 -0.041916 0.85490196 0.83137255 0.85098039
v -0.826752 0.014842 -0.041916 0.70980392 0.52941176 0.49411765
v -0.628952 0.007364 -0.041916 0.85490196 0.82745098 0.85098039
v -0.825716 0.014974 -0.041916 0.70980392 0.53333333 0.49803922
v -0.821765 0.015379 -0.041916 0.71372549 0.54117647 0.50196078
v -0.819922 0.015245 -0.041916 0.70588235 0.53333333 0.49411765
v -0.634340 0.059843 -0.041916 0.94901961 0.94117647 0.95686275
v -0.630371 0.061393 -0.041916 0.95294118 0.94509804 0.95686275
v -0.630006 0.061556 -0.041916 0.95294118 0.94509804 0.96078431
v -0.661322 0.048177 -0.041916 0.94509804 0.93725490 0.94901961
v -0.698620 0.048171 -0.041916 0.96078431 0.95686275 0.96862745
v -0.626406 0.062845 -0.041916 0.95294118 0.94509804 0.96078431
v -0.622762 0.063288 -0.041916 0.94901961 0.94117647 0.95686275
v -0.658088 0.050477 -0.041916 0.96078431 0.94901961 0.96470588
v -0.694394 0.046872 -0.041916 0.95686275 0.95294118 0.96470588
v -0.657193 0.050935 -0.041916 0.96078431 0.94901961 0.96862745
v -0.654237 0.052169 -0.041916 0.96470588 0.95294118 0.97254902
v -0.691807 0.045577 -0.041916 0.95294118 0.94901961 0.96078431
v -0.690815 0.044928 -0.041916 0.94901961 0.94117647 0.95294118
v -0.650293 0.053765 -0.041916 0.96078431 0.95294118 0.97254902
v -0.685592 0.039102 -0.041916 0.95294118 0.94509804 0.95686275
v -0.648178 0.054424 -0.041916 0.96078431 0.95294118 0.96862745
v -0.686081 0.039880 -0.041916 0.95686275 0.94509804 0.96078431
v -0.646197 0.055202 -0.041916 0.96078431 0.95294118 0.96470588
v -0.641994 0.056524 -0.041916 0.96078431 0.95294118 0.96470588
v -0.687878 0.042339 -0.041916 0.95686275 0.94901961 0.96078431
v -0.639144 0.057939 -0.041916 0.95686275 0.94901961 0.96078431
v -0.638316 0.058307 -0.041916 0.95294118 0.94509804 0.96078431
v -0.683467 0.035704 -0.041916 0.95294118 0.94117647 0.95686275
v -0.681325 0.035124 -0.041916 0.94509804 0.93333333 0.95294118
v -0.679107 0.038429 -0.041916 0.94509804 0.93333333 0.95294118
v -0.678424 0.040748 -0.041916 0.94117647 0.92941176 0.94509804
v -0.677821 0.042619 -0.041916 0.93333333 0.92549020 0.94117647
v -0.675378 0.045688 -0.041916 0.92549020 0.91764706 0.93333333
v -0.672233 0.048044 -0.041916 0.94509804 0.93333333 0.95294118
v -0.670698 0.048478 -0.041916 0.95686275 0.94117647 0.95686275
v 0.659634 0.005912 -0.041916 0.91372549 0.89411765 0.91764706
v 0.659299 0.005854 -0.041916 0.91764706 0.89803922 0.91764706
v 0.641150 0.002301 -0.041916 0.90196078 0.87843137 0.90196078
v 0.638563 0.001689 -0.041916 0.91372549 0.89411765 0.91372549
v 0.636579 0.001349 -0.041916 0.91764706 0.89803922 0.91764706
v 0.632011 0.000661 -0.041916 0.91764706 0.90196078 0.92156863
v 0.645819 0.003156 -0.041916 0.89411765 0.87450980 0.89803922
v 0.645480 0.003082 -0.041916 0.89411765 0.87450980 0.89803922
v 0.650331 0.004168 -0.041916 0.91764706 0.89411765 0.92156863
v 0.644669 0.054022 -0.041916 0.93725490 0.92156863 0.93725490
v 0.654943 0.005079 -0.041916 0.92156863 0.90196078 0.92549020
v 0.641691 0.054495 -0.041916 0.93333333 0.92156863 0.93333333
v 0.650543 0.053673 -0.041916 0.94509804 0.93725490 0.94901961
v 0.652568 0.004647 -0.041916 0.92156863 0.90196078 0.92549020
v 0.646572 0.053845 -0.041916 0.94117647 0.92549020 0.94117647
v 0.651853 0.053575 -0.041916 0.94901961 0.93725490 0.94901961
v 0.679868 0.007773 -0.041916 0.90588235 0.89019608 0.90980392
v 0.677502 0.007381 -0.041916 0.92156863 0.90196078 0.92941176
v 0.622489 -0.001132 -0.041916 0.90588235 0.88627451 0.91372549
v 0.675290 0.006827 -0.041916 0.93333333 0.91372549 0.93333333
v 0.670981 0.006430 -0.041916 0.92941176 0.91372549 0.92941176
v 0.670007 0.006586 -0.041916 0.92941176 0.90980392 0.92549020
v 0.665876 0.006853 -0.041916 0.90196078 0.88627451 0.90588235
v 0.664452 0.006618 -0.041916 0.89803922 0.88235294 0.90196078
v 0.627225 -0.000344 -0.041916 0.91372549 0.89411765 0.92156863
v 0.625084 -0.000743 -0.041916 0.91764706 0.90196078 0.92549020
v 0.631789 0.000615 -0.041916 0.91764706 0.90196078 0.92156863
v 0.657163 0.052580 -0.041916 0.94509804 0.93333333 0.94901961
v 0.631957 0.055684 -0.041916 0.94901961 0.93333333 0.94901961
v 0.631813 0.055699 -0.041916 0.94901961 0.93333333 0.94901961
v 0.656581 0.052738 -0.041916 0.94509804 0.93333333 0.94901961
v 0.627214 0.056624 -0.041916 0.93725490 0.92156863 0.93725490
v 0.624856 0.057261 -0.041916 0.92941176 0.91372549 0.93725490
v 0.622786 0.057719 -0.041916 0.92941176 0.90980392 0.93333333
v 0.638188 0.054976 -0.041916 0.94509804 0.93333333 0.94901961
v 0.636768 0.055130 -0.041916 0.94901961 0.93725490 0.95294118
v 0.829086 0.013178 -0.041916 0.68627451 0.50980392 0.49411765
v 0.827272 0.013253 -0.041916 0.69019608 0.51372549 0.49411765
v 0.823282 0.013466 -0.041916 0.66666667 0.49803922 0.47450980
v 0.821896 0.013556 -0.041916 0.66666667 0.49803922 0.47450980
v 0.852392 0.012004 -0.041916 0.83137255 0.62745098 0.62352941
v 0.847945 0.012171 -0.041916 0.86274510 0.63529412 0.61176471
v 0.846556 0.012288 -0.041916 0.86666667 0.63529412 0.61176471
v 0.842927 0.012564 -0.041916 0.76470588 0.56078431 0.54901961
v 0.861320 0.014123 -0.041916 0.73333333 0.52941176 0.52549020
v 0.860437 0.013666 -0.041916 0.71764706 0.50980392 0.51372549
v 0.857289 0.012631 -0.041916 0.71764706 0.51764706 0.51764706
v 0.853252 0.012004 -0.041916 0.80784314 0.59607843 0.59607843
v 0.864489 0.016477 -0.041916 0.76078431 0.54901961 0.54509804
v 0.866707 0.019784 -0.041916 0.78823529 0.57254902 0.56470588
v 0.660927 0.051495 -0.041916 0.94117647 0.92549020 0.94117647
v 0.861427 0.025063 -0.041916 0.81176471 0.60000000 0.58823529
v 0.860798 0.025074 -0.041916 0.81176471 0.60392157 0.58823529
v 0.855634 0.025337 -0.041916 0.81960784 0.61176471 0.59607843
v 0.840527 0.012736 -0.041916 0.74901961 0.54901961 0.54117647
v 0.837783 0.012871 -0.041916 0.82745098 0.59215686 0.60392157
v 0.834831 0.012949 -0.041916 0.72549020 0.53333333 0.52156863
v 0.832506 0.012948 -0.041916 0.71764706 0.52941176 0.51764706
v 0.836553 0.027762 -0.041916 0.84313725 0.63529412 0.61568627
v 0.836550 0.027763 -0.041916 0.84313725 0.63921569 0.61568627
v 0.848828 0.026552 -0.041916 0.83529412 0.62352941 0.60784314
v 0.846436 0.026752 -0.041916 0.84313725 0.63529412 0.61568627
v 0.855608 0.025341 -0.041916 0.82745098 0.61960784 0.60392157
v 0.851161 0.026151 -0.041916 0.82352941 0.61176471 0.60000000
v 0.842734 0.027098 -0.041916 0.83921569 0.63137255 0.61176471
v 0.841529 0.027252 -0.041916 0.84313725 0.63529412 0.61568627
v 0.817620 0.013636 -0.041916 0.64313725 0.48627451 0.45882353
v 0.831989 0.028742 -0.041916 0.85098039 0.64705882 0.62352941
v 0.829083 0.029427 -0.041916 0.85098039 0.65098039 0.62352941
v 0.827769 0.029966 -0.041916 0.85098039 0.64705882 0.62352941
v 0.821939 0.031125 -0.041916 0.85490196 0.65490196 0.62745098
v 0.818192 0.031778 -0.041916 0.84705882 0.64705882 0.61568627
v 0.866745 0.019973 -0.041916 0.81568627 0.59607843 0.58431373
v 0.865239 0.023991 -0.041916 0.81568627 0.60392157 0.58823529
v 0.685306 0.046523 -0.041916 0.94509804 0.92941176 0.94901961
v 0.683539 0.046665 -0.041916 0.94901961 0.93725490 0.95686275
v 0.679142 0.047166 -0.041916 0.94509804 0.93333333 0.94901961
v 0.678604 0.047207 -0.041916 0.94509804 0.93333333 0.94901961
v 0.689777 0.047379 -0.041916 0.90588235 0.89019608 0.90980392
v 0.672458 0.048329 -0.041916 0.94117647 0.92941176 0.94117647
v 0.669622 0.049194 -0.041916 0.93725490 0.92941176 0.94509804
v 0.673926 0.048021 -0.041916 0.94117647 0.92941176 0.94117647
v 0.665215 0.050057 -0.041916 0.94117647 0.92941176 0.94509804
v 0.665073 0.050095 -0.041916 0.94117647 0.92941176 0.94509804
v -0.832420 0.031268 -0.041916 0.89803922 0.69019608 0.64313725
v -0.830980 0.031588 -0.041916 0.89411765 0.68627451 0.63529412
v -0.828173 0.032687 -0.041916 0.89803922 0.69019608 0.63921569
v -0.815858 0.014995 -0.041916 0.70196078 0.53333333 0.49411765
v -0.814721 0.014921 -0.041916 0.70196078 0.52941176 0.49019608
v -0.810073 0.014735 -0.041916 0.68235294 0.51372549 0.47450980
v 0.816249 0.013544 -0.041916 0.64705882 0.49019608 0.46666667
v 0.812504 0.013227 -0.041916 0.65098039 0.49411765 0.47058824
v 0.810432 0.013261 -0.041916 0.66666667 0.50980392 0.48627451
v -0.867727 0.022675 -0.043423 0.81960784 0.60000000 0.58823529
v -0.864965 0.019914 -0.044737 0.83921569 0.61176471 0.60392157
v -0.862203 0.017152 -0.044571 0.83921569 0.60784314 0.60392157
v -0.864965 0.025437 -0.042533 0.83529412 0.61568627 0.60000000
v -0.862203 0.022675 -0.044971 0.85490196 0.62745098 0.61568627
v -0.859442 0.019914 -0.045608 0.87058824 0.63529412 0.62745098
v -0.859441 0.014390 -0.042765 0.88627451 0.63137255 0.63921569
v -0.856680 0.017152 -0.045138 0.92156863 0.69411765 0.68235294
v -0.853918 0.014390 -0.043282 0.90196078 0.62352941 0.63137255
v -0.859442 0.025437 -0.042956 0.87450980 0.64705882 0.62745098
v -0.856680 0.022675 -0.045265 0.87450980 0.64313725 0.62745098
v -0.853918 0.025437 -0.043873 0.88627451 0.66274510 0.63921569
v -0.853918 0.019914 -0.045754 0.87843137 0.63921569 0.63137255
v -0.851156 0.017152 -0.045143 0.83529412 0.60000000 0.58823529
v -0.851156 0.022675 -0.045386 0.86274510 0.63529412 0.61568627
v -0.848394 0.019914 -0.045750 0.82352941 0.60392157 0.58039216
v -0.848394 0.025437 -0.044527 0.88627451 0.66666667 0.63921569
v -0.671724 0.052982 -0.045320 0.94901961 0.94117647 0.95686275
v -0.845633 0.022675 -0.045727 0.85490196 0.63529412 0.60784314
v -0.668946 0.050233 -0.042991 0.96078431 0.94901961 0.96078431
v -0.845633 0.028199 -0.042278 0.89411765 0.67843137 0.64705882
v -0.666222 0.052963 -0.044732 0.95294118 0.94509804 0.96078431
v -0.842871 0.025437 -0.045309 0.87450980 0.66274510 0.62745098
v -0.663417 0.050238 -0.043021 0.95294118 0.94509804 0.95686275
v -0.848394 0.014390 -0.042678 0.79607843 0.57254902 0.55294118
v -0.660650 0.053005 -0.043798 0.96078431 0.95294118 0.96470588
v -0.657874 0.055779 -0.044452 0.95686275 0.94901961 0.96470588
v -0.845633 0.017152 -0.045073 0.78039216 0.56862745 0.54509804
v -0.655101 0.058551 -0.045059 0.94901961 0.93725490 0.95294118
v -0.842871 0.014390 -0.042349 0.75294118 0.54901961 0.52156863
v -0.840109 0.017152 -0.045183 0.74901961 0.55294118 0.52156863
v -0.688215 0.008846 -0.044964 0.84705882 0.83137255 0.85098039
v -0.685456 0.011598 -0.042337 0.88235294 0.86274510 0.88235294
v -0.679928 0.011614 -0.043035 0.91764706 0.89411765 0.91372549
v -0.677165 0.014380 -0.042449 0.91372549 0.89019608 0.91764706
v -0.837347 0.014390 -0.042120 0.73333333 0.54117647 0.50980392
v -0.677165 0.008855 -0.045323 0.89803922 0.87450980 0.89411765
v -0.655068 0.003343 -0.045778 0.85882353 0.83137255 0.84313725
v -0.674403 0.011618 -0.043075 0.88235294 0.85882353 0.88627451
v -0.671641 0.008858 -0.044334 0.84313725 0.81960784 0.84313725
v -0.834585 0.017152 -0.045167 0.73333333 0.54509804 0.50980392
v -0.840109 0.028199 -0.043454 0.87450980 0.66666667 0.62745098
v -0.657830 0.006105 -0.043140 0.87843137 0.85098039 0.86666667
v -0.666115 0.008866 -0.042371 0.83921569 0.81568627 0.84313725
v -0.663353 0.006105 -0.043908 0.83529412 0.81176471 0.83529412
v -0.834609 0.028130 -0.044947 0.87843137 0.67058824 0.62745098
v -0.652306 0.006105 -0.043240 0.89803922 0.87058824 0.89803922
v -0.829062 0.017152 -0.044778 0.74117647 0.55686275 0.51764706
v -0.826322 0.030897 -0.044885 0.88627451 0.67843137 0.63137255
v -0.646782 0.006105 -0.042886 0.89803922 0.87843137 0.89803922
v -0.823538 0.017152 -0.044396 0.74509804 0.56470588 0.52156863
v -0.818015 0.017152 -0.044893 0.71764706 0.54509804 0.50196078
v -0.641259 0.006105 -0.043124 0.85882353 0.84313725 0.85882353
v -0.693750 0.047517 -0.043119 0.96078431 0.95686275 0.96470588
v -0.688227 0.047517 -0.045520 0.95294118 0.94901961 0.96078431
v -0.635796 0.061290 -0.043831 0.93725490 0.92941176 0.94509804
v -0.685448 0.039246 -0.042034 0.95686275 0.94509804 0.96078431
v -0.627572 0.064001 -0.043690 0.94509804 0.93725490 0.95294118
v -0.685448 0.044770 -0.044590 0.95294118 0.94509804 0.96078431
v -0.682686 0.042008 -0.043154 0.94901961 0.93725490 0.95686275
v -0.635735 0.006105 -0.043610 0.83529412 0.81176471 0.81960784
v -0.622063 0.063990 -0.042748 0.94901961 0.93725490 0.95294118
v -0.682686 0.036484 -0.042166 0.94901961 0.93725490 0.95686275
v -0.679924 0.039246 -0.042332 0.94509804 0.93333333 0.95294118
v -0.630212 0.006105 -0.043867 0.85490196 0.82745098 0.84313725
v -0.679948 0.044748 -0.043461 0.94117647 0.93333333 0.95294118
v -0.655101 0.053027 -0.042465 0.96078431 0.94901961 0.96862745
v -0.652332 0.055795 -0.043043 0.95294118 0.94509804 0.96470588
v -0.677193 0.047504 -0.043582 0.92941176 0.92156863 0.93725490
v -0.649562 0.058563 -0.044718 0.94509804 0.93725490 0.95294118
v -0.674444 0.050256 -0.044179 0.93333333 0.91764706 0.93725490
v -0.646798 0.055804 -0.042349 0.95686275 0.94901961 0.96470588
v -0.644035 0.058567 -0.044293 0.94901961 0.94117647 0.95686275
v -0.638547 0.058537 -0.042149 0.95294118 0.94509804 0.95686275
v 0.665019 0.000527 -0.045620 0.90588235 0.89019608 0.90980392
v 0.653972 0.000527 -0.045210 0.91764706 0.89803922 0.91764706
v 0.659495 0.000527 -0.045768 0.89019608 0.87450980 0.89411765
v 0.642939 0.055750 -0.044622 0.94117647 0.92941176 0.94117647
v 0.662257 0.003289 -0.043925 0.89803922 0.87843137 0.90196078
v 0.656733 0.003289 -0.043370 0.91764706 0.89803922 0.91764706
v 0.648473 0.055742 -0.045510 0.94901961 0.93725490 0.94901961
v 0.640163 -0.002235 -0.045461 0.88235294 0.86274510 0.88627451
v 0.642924 0.000527 -0.043626 0.89019608 0.87058824 0.89411765
v 0.634639 -0.002235 -0.044598 0.89411765 0.87843137 0.89411765
v 0.676066 0.000527 -0.045313 0.89803922 0.87843137 0.90196078
v 0.629115 -0.002235 -0.043953 0.90980392 0.89019608 0.91372549
v 0.631877 0.000527 -0.041996 0.91764706 0.90196078 0.92156863
v 0.637401 0.000527 -0.042655 0.90980392 0.89411765 0.90980392
v 0.648448 0.000527 -0.044436 0.91372549 0.89803922 0.91764706
v 0.678828 0.003289 -0.044866 0.89803922 0.87843137 0.90196078
v 0.651210 0.003289 -0.042707 0.92156863 0.90196078 0.92549020
v 0.681612 0.006028 -0.044269 0.90980392 0.89411765 0.91372549
v 0.670543 0.000527 -0.045017 0.92549020 0.90980392 0.92941176
v 0.623592 -0.002235 -0.042947 0.91372549 0.89411765 0.92156863
v 0.673304 0.003289 -0.043513 0.93333333 0.91372549 0.93333333
v 0.631877 0.055763 -0.042128 0.94901961 0.93333333 0.94901961
v 0.623592 0.058525 -0.043498 0.92941176 0.91372549 0.93333333
v 0.667781 0.003289 -0.043773 0.91764706 0.90196078 0.92156863
v 0.637401 0.055763 -0.043790 0.94901961 0.93725490 0.95294118
v 0.670572 0.006021 -0.042154 0.92941176 0.90980392 0.92941176
v 0.676095 0.006022 -0.042510 0.92549020 0.90980392 0.92941176
v 0.665019 0.006051 -0.042353 0.89803922 0.88235294 0.90196078
v 0.618068 0.058525 -0.042759 0.92941176 0.91372549 0.93333333
v 0.656795 0.052948 -0.042363 0.94509804 0.93333333 0.94509804
v 0.828157 0.014084 -0.043202 0.73725490 0.54509804 0.53333333
v 0.822559 0.014188 -0.042951 0.70588235 0.52941176 0.50588235
v 0.825376 0.016792 -0.045571 0.73725490 0.54901961 0.53333333
v 0.662386 0.052890 -0.044676 0.94117647 0.92941176 0.94509804
v 0.850082 0.014265 -0.044579 0.78823529 0.56078431 0.56078431
v 0.844571 0.014226 -0.044100 0.79607843 0.58039216 0.56862745
v 0.847351 0.016935 -0.045725 0.80000000 0.58039216 0.57254902
v 0.861107 0.014336 -0.042412 0.74117647 0.53333333 0.52941176
v 0.855584 0.014336 -0.044316 0.66666667 0.44313725 0.45882353
v 0.858345 0.017098 -0.045343 0.74901961 0.53333333 0.53333333
v 0.863869 0.017098 -0.043056 0.76470588 0.55294118 0.54901961
v 0.866631 0.019860 -0.042026 0.79607843 0.58039216 0.57254902
v 0.861107 0.019860 -0.044949 0.77254902 0.56078431 0.55686275
v 0.863869 0.022621 -0.043300 0.79215686 0.58039216 0.57254902
v 0.852834 0.017061 -0.045781 0.75294118 0.53333333 0.53725490
v 0.855592 0.019833 -0.045596 0.78039216 0.56470588 0.56078431
v 0.852873 0.022519 -0.045217 0.80392157 0.58823529 0.58039216
v 0.858345 0.022621 -0.044552 0.78431373 0.57254902 0.56470588
v 0.855623 0.025325 -0.041936 0.80784314 0.59607843 0.58431373
v 0.839113 0.014100 -0.043646 0.79607843 0.58039216 0.57647059
v 0.833667 0.014097 -0.043517 0.77254902 0.56470588 0.55686275
v 0.836397 0.016759 -0.045464 0.79215686 0.58039216 0.57254902
v 0.841872 0.016831 -0.045511 0.80000000 0.58431373 0.58039216
v 0.844648 0.019517 -0.045810 0.81176471 0.59607843 0.58823529
v 0.841931 0.022220 -0.045600 0.82352941 0.60784314 0.59607843
v 0.830911 0.016746 -0.045648 0.76862745 0.56862745 0.55686275
v 0.836434 0.022166 -0.045769 0.82352941 0.61568627 0.60000000
v 0.839236 0.024940 -0.044495 0.83137255 0.61960784 0.60392157
v 0.833702 0.024889 -0.045340 0.83137255 0.62352941 0.60784314
v 0.847423 0.022353 -0.045458 0.81568627 0.60000000 0.59215686
v 0.850191 0.025162 -0.043395 0.81960784 0.60392157 0.59607843
v 0.844729 0.025001 -0.043866 0.82745098 0.61568627 0.60392157
v 0.816989 0.014267 -0.043105 0.67843137 0.50980392 0.48627451
v 0.819794 0.016929 -0.045551 0.70588235 0.52941176 0.50980392
v 0.828152 0.024860 -0.045677 0.82745098 0.62352941 0.60392157
v 0.825365 0.027688 -0.045299 0.83529412 0.63529412 0.61176471
v 0.830936 0.027660 -0.043643 0.83529412 0.63137255 0.61176471
v 0.822587 0.030479 -0.043040 0.83529412 0.63921569 0.61176471
v 0.817012 0.030650 -0.044476 0.82745098 0.63529412 0.60392157
v 0.684352 0.047478 -0.043429 0.94509804 0.93333333 0.95294118
v 0.678852 0.047456 -0.042369 0.94509804 0.93333333 0.94901961
v 0.689875 0.047478 -0.042079 0.90588235 0.89019608 0.90980392
v 0.670609 0.050182 -0.043786 0.93725490 0.92941176 0.94509804
v 0.665127 0.050146 -0.042007 0.94117647 0.92941176 0.94509804
v -0.714333 -0.000686 -0.041916 0.85098039 0.76862745 0.74901961
v -0.823885 0.033351 -0.041916 0.89803922 0.68627451 0.63529412
v -0.707455 0.000494 -0.041916 0.85882353 0.81176471 0.80784314
v -0.818317 0.034025 -0.041916 0.88235294 0.67450980 0.61960784
v -0.783352 0.010107 -0.041916 0.69019608 0.50588235 0.46274510
v -0.699767 0.003842 -0.041916 0.86274510 0.83137255 0.83921569
v -0.811948 0.034265 -0.041916 0.87843137 0.67058824 0.61568627
v -0.781021 0.009956 -0.041916 0.70980392 0.51764706 0.47058824
v -0.697268 0.005326 -0.041916 0.85882353 0.85098039 0.87058824
v -0.809448 0.014671 -0.041916 0.65882353 0.49411765 0.45098039
v -0.771838 0.009640 -0.041916 0.72549020 0.53333333 0.48235294
v -0.807489 0.034244 -0.041916 0.86274510 0.65490196 0.60392157
v -0.770320 0.009610 -0.041916 0.74117647 0.54901961 0.49411765
v -0.799870 0.013202 -0.041916 0.64705882 0.47843137 0.43921569
v -0.797016 0.012724 -0.041916 0.65490196 0.48235294 0.44313725
v -0.760036 0.008886 -0.041916 0.75294118 0.56470588 0.50980392
v -0.790727 0.011297 -0.041916 0.67058824 0.49019608 0.45098039
v -0.799942 0.035224 -0.041916 0.87450980 0.66274510 0.61176471
v 0.683439 0.007803 -0.041916 0.91764706 0.89803922 0.91764706
v -0.797837 0.035640 -0.041916 0.88235294 0.67058824 0.62352941
v -0.789083 0.037933 -0.041916 0.89019608 0.67843137 0.63137255
v -0.785037 0.039082 -0.041916 0.90588235 0.69411765 0.64313725
v 0.697386 0.001291 -0.041916 0.93725490 0.92156863 0.94509804
v 0.809471 0.032593 -0.041916 0.83137255 0.63529412 0.60392157
v 0.707170 0.046758 -0.041916 0.94901961 0.94117647 0.94901961
v 0.787763 0.010208 -0.041916 0.61960784 0.47843137 0.44313725
v 0.808001 0.032517 -0.041916 0.85882353 0.66274510 0.62352941
v 0.700843 0.047299 -0.041916 0.96078431 0.94901961 0.96470588
v 0.712252 -0.002529 -0.041916 0.91372549 0.87843137 0.88627451
v -0.780414 0.040311 -0.041916 0.90588235 0.70588235 0.64705882
v 0.798175 0.033434 -0.041916 0.88627451 0.68627451 0.64313725
v 0.706882 -0.001910 -0.041916 0.90980392 0.88627451 0.89411765
v -0.771504 0.042449 -0.041916 0.92156863 0.71372549 0.66274510
v 0.695341 0.047538 -0.041916 0.94901961 0.93333333 0.95294118
v 0.698484 0.000726 -0.041916 0.92156863 0.90196078 0.91764706
v -0.770410 0.042662 -0.041916 0.91764706 0.71372549 0.66274510
v 0.747993 0.005904 -0.041916 0.81176471 0.65098039 0.62352941
v 0.747715 0.005836 -0.041916 0.82352941 0.67450980 0.65098039
v -0.762003 0.043994 -0.041916 0.90588235 0.71764706 0.67058824
v 0.691260 0.004568 -0.041916 0.94117647 0.92549020 0.94509804
v 0.785111 0.009801 -0.041916 0.63529412 0.48627451 0.45490196
v -0.757466 0.044558 -0.041916 0.89411765 0.71372549 0.65490196
v -0.760001 0.008882 -0.041916 0.76470588 0.57254902 0.52156863
v 0.777946 0.008980 -0.041916 0.62745098 0.48235294 0.45098039
v -0.750527 0.007308 -0.041916 0.77647059 0.59215686 0.53725490
v 0.772738 0.008619 -0.041916 0.67843137 0.51764706 0.49019608
v 0.722470 -0.001689 -0.041916 0.89019608 0.81960784 0.81568627
v -0.752350 0.045389 -0.041916 0.90980392 0.72549020 0.65490196
v 0.717425 -0.002422 -0.041916 0.90196078 0.85490196 0.85882353
v 0.806985 0.013156 -0.041916 0.65098039 0.50196078 0.47450980
v 0.718411 0.046531 -0.041916 0.94117647 0.92941176 0.93333333
v 0.731278 0.000548 -0.041916 0.87843137 0.79215686 0.78431373
v -0.746370 0.006267 -0.041916 0.79607843 0.61960784 0.56470588
v 0.711419 0.046636 -0.041916 0.94117647 0.93333333 0.94509804
v -0.741847 0.004941 -0.041916 0.81568627 0.64705882 0.60000000
v 0.722191 0.046304 -0.041916 0.94117647 0.93725490 0.94509804
v 0.739307 0.003561 -0.041916 0.83921569 0.70980392 0.69019608
v -0.733684 0.002057 -0.041916 0.82352941 0.66274510 0.61568627
v 0.731460 0.000622 -0.041916 0.86274510 0.76470588 0.74901961
v 0.798428 0.011983 -0.041916 0.61568627 0.47843137 0.45098039
v 0.767532 0.008402 -0.041916 0.71764706 0.54901961 0.52156863
v 0.760757 0.007791 -0.041916 0.75294118 0.58431373 0.55686275
v 0.757510 0.007417 -0.041916 0.78823529 0.62745098 0.60392157
v 0.797272 0.011741 -0.041916 0.61568627 0.47843137 0.44313725
v -0.730177 0.001121 -0.041916 0.83137255 0.67843137 0.63137255
v 0.754836 0.043126 -0.041916 0.89019608 0.68627451 0.61568627
v 0.752511 0.043498 -0.041916 0.88235294 0.67843137 0.60784314
v -0.724692 0.000002 -0.041916 0.83529412 0.70588235 0.66666667
v 0.743192 0.045244 -0.041916 0.89019608 0.71372549 0.65490196
v -0.717264 -0.000744 -0.041916 0.84313725 0.72549020 0.69019608
v 0.729716 0.046254 -0.041916 0.92156863 0.87058824 0.86274510
v -0.743701 0.047276 -0.041916 0.91764706 0.70588235 0.63921569
v 0.741111 0.045873 -0.041916 0.90196078 0.75686275 0.70980392
v 0.733528 0.046619 -0.041916 0.90196078 0.79607843 0.76470588
v 0.782460 0.037470 -0.041916 0.92549020 0.71372549 0.66274510
v 0.780394 0.038016 -0.041916 0.92941176 0.72156863 0.66666667
v -0.743249 0.047335 -0.041916 0.91372549 0.70196078 0.63921569
v 0.797249 0.033607 -0.041916 0.89411765 0.69019608 0.64705882
v -0.732458 0.047472 -0.041916 0.87843137 0.69803922 0.60392157
v 0.789162 0.035534 -0.041916 0.89411765 0.68235294 0.63529412
v 0.771491 0.040269 -0.041916 0.90588235 0.71372549 0.65098039
v -0.732343 0.047476 -0.041916 0.87843137 0.69803922 0.60392157
v 0.767927 0.041042 -0.041916 0.89019608 0.69411765 0.63137255
v 0.762115 0.042010 -0.041916 0.88627451 0.69019608 0.62352941
v -0.721685 0.047834 -0.041916 0.84705882 0.68627451 0.65882353
v -0.721027 0.047858 -0.041916 0.84705882 0.69803922 0.67450980
v -0.710734 0.047922 -0.041916 0.96470588 0.94901961 0.94901961
v -0.709923 0.047915 -0.041916 0.96862745 0.95294118 0.96078431
v -0.699981 0.048217 -0.041916 0.96078431 0.95294118 0.96862745
v -0.815253 0.030961 -0.046321 0.83137255 0.63137255 0.58431373
v -0.809729 0.025437 -0.048955 0.76862745 0.58039216 0.53333333
v -0.804205 0.019914 -0.048790 0.70196078 0.52549020 0.48235294
v -0.804205 0.030961 -0.047231 0.83137255 0.62745098 0.58039216
v -0.748969 0.008866 -0.047026 0.78823529 0.61176471 0.56078431
v -0.798682 0.014390 -0.045961 0.66274510 0.49019608 0.45098039
v -0.732399 0.003343 -0.045296 0.82745098 0.67843137 0.63137255
v -0.743446 0.047532 -0.046736 0.89803922 0.70196078 0.64313725
v -0.732398 0.047532 -0.042125 0.87843137 0.69019608 0.62745098
v 0.803230 0.016713 -0.047706 0.68627451 0.52549020 0.49803922
v 0.803259 0.027695 -0.048615 0.82745098 0.63921569 0.60392157
v 0.797794 0.033058 -0.043302 0.91372549 0.72156863 0.68235294
v 0.747888 0.006009 -0.042247 0.81176471 0.66666667 0.64313725
v 0.720274 0.000508 -0.047838 0.89019608 0.83529412 0.83529412
v 0.736837 0.006036 -0.049402 0.84705882 0.74509804 0.73333333
v -0.870172 0.020230 -0.038010 0.76078431 0.55294118 0.54117647
v -0.870160 0.025108 -0.038010 0.77647059 0.56862745 0.55294118
v -0.866607 0.027079 -0.038010 0.80392157 0.59607843 0.57254902
v -0.867773 0.017105 -0.038010 0.74117647 0.53333333 0.52941176
v -0.869089 0.018514 -0.038010 0.74901961 0.53725490 0.52941176
v -0.867312 0.016737 -0.038010 0.72549020 0.52156863 0.51764706
v -0.864439 0.014916 -0.038010 0.73333333 0.52941176 0.52549020
v -0.860410 0.013422 -0.038010 0.72549020 0.52156863 0.51764706
v -0.857894 0.012843 -0.038010 0.72156863 0.51372549 0.50588235
v -0.855639 0.012669 -0.038010 0.75686275 0.53725490 0.52549020
v -0.852106 0.012578 -0.038010 0.74509804 0.52941176 0.51372549
v -0.862828 0.027575 -0.038010 0.85882353 0.63529412 0.61176471
v -0.861602 0.027598 -0.038010 0.89019608 0.66274510 0.63921569
v -0.856999 0.027880 -0.038010 0.90588235 0.67843137 0.65490196
v -0.856435 0.027955 -0.038010 0.90980392 0.69411765 0.66666667
v -0.688275 0.014420 -0.038010 0.88627451 0.87058824 0.88627451
v -0.851752 0.028795 -0.038010 0.91372549 0.69803922 0.66666667
v -0.686106 0.017784 -0.038010 0.90980392 0.89019608 0.90980392
v -0.685854 0.022260 -0.038010 0.92941176 0.90980392 0.92941176
v -0.686004 0.023216 -0.038010 0.92941176 0.91372549 0.93333333
v -0.850278 0.029077 -0.038010 0.92156863 0.71372549 0.67450980
v -0.846974 0.029540 -0.038010 0.91764706 0.70980392 0.67058824
v -0.850089 0.012696 -0.038010 0.73333333 0.52549020 0.50196078
v -0.686808 0.026832 -0.038010 0.94117647 0.92549020 0.94117647
v -0.635966 0.011397 -0.038010 0.86666667 0.83921569 0.85882353
v -0.635400 0.011293 -0.038010 0.86666667 0.84313725 0.85882353
v -0.846897 0.012893 -0.038010 0.71764706 0.51372549 0.48627451
v -0.631044 0.010795 -0.038010 0.86666667 0.84313725 0.86274510
v -0.672988 0.029612 -0.038010 0.89803922 0.88235294 0.90588235
v -0.844222 0.013039 -0.038010 0.69803922 0.50588235 0.47450980
v -0.672828 0.032150 -0.038010 0.90196078 0.89019608 0.90980392
v -0.629318 0.010658 -0.038010 0.86666667 0.83921569 0.85882353
v -0.672139 0.024937 -0.038010 0.88627451 0.86666667 0.89019608
v -0.841653 0.013172 -0.038010 0.68627451 0.49803922 0.46666667
v -0.672439 0.026238 -0.038010 0.89019608 0.87058824 0.89411765
v -0.670456 0.021096 -0.038010 0.87450980 0.85098039 0.87843137
v -0.656781 0.038197 -0.038010 0.92941176 0.91372549 0.92941176
v -0.654827 0.041728 -0.038010 0.93333333 0.92156863 0.93725490
v -0.838452 0.013285 -0.038010 0.68235294 0.49803922 0.47058824
v -0.651530 0.043959 -0.038010 0.92549020 0.90980392 0.92941176
v -0.836306 0.013349 -0.038010 0.68235294 0.50196078 0.47058824
v -0.832749 0.013464 -0.038010 0.68235294 0.50196078 0.46666667
v -0.648095 0.046056 -0.038010 0.93333333 0.91764706 0.94117647
v -0.843674 0.030157 -0.038010 0.91764706 0.70980392 0.67058824
v -0.644528 0.048039 -0.038010 0.94117647 0.92941176 0.94901961
v -0.842313 0.030403 -0.038010 0.91764706 0.70980392 0.66666667
v -0.642696 0.048856 -0.038010 0.94509804 0.93333333 0.94901961
v -0.640662 0.049697 -0.038010 0.94509804 0.93725490 0.94901961
v -0.636980 0.051539 -0.038010 0.95294118 0.94117647 0.95686275
v -0.633228 0.053310 -0.038010 0.95686275 0.94509804 0.96078431
v -0.668052 0.017972 -0.038010 0.86666667 0.84313725 0.87058824
v -0.630547 0.056078 -0.038010 0.95686275 0.94901961 0.95686275
v -0.665322 0.015183 -0.038010 0.87450980 0.84705882 0.87058824
v -0.662015 0.012967 -0.038010 0.89803922 0.87058824 0.89019608
v -0.659279 0.013078 -0.038010 0.92156863 0.89803922 0.91372549
v -0.837568 0.031123 -0.038010 0.91764706 0.70980392 0.66274510
v -0.655623 0.014945 -0.038010 0.92941176 0.90980392 0.92941176
v -0.837023 0.031253 -0.038010 0.91764706 0.70980392 0.65882353
v -0.833149 0.032173 -0.038010 0.92156863 0.70980392 0.65882353
v -0.671280 0.036090 -0.038010 0.91764706 0.90588235 0.92156863
v -0.830076 0.032661 -0.038010 0.91764706 0.70588235 0.65490196
v -0.671512 0.036613 -0.038010 0.92156863 0.90980392 0.92549020
v -0.669773 0.040099 -0.038010 0.94509804 0.93333333 0.94901961
v -0.668165 0.039960 -0.038010 0.94901961 0.93725490 0.94901961
v -0.828361 0.032933 -0.038010 0.91372549 0.70588235 0.65490196
v -0.830921 0.013487 -0.038010 0.67843137 0.50196078 0.46666667
v -0.665705 0.036897 -0.038010 0.95294118 0.93725490 0.94901961
v -0.662978 0.034097 -0.038010 0.95294118 0.93725490 0.94901961
v -0.826963 0.013727 -0.038010 0.67450980 0.49803922 0.46274510
v -0.825691 0.013781 -0.038010 0.67450980 0.50196078 0.46666667
v -0.659112 0.032440 -0.038010 0.92549020 0.91372549 0.92549020
v -0.657128 0.034424 -0.038010 0.91764706 0.90196078 0.91764706
v -0.821180 0.013986 -0.038010 0.66666667 0.49803922 0.46274510
v -0.653610 0.015848 -0.038010 0.92549020 0.90980392 0.93333333
v -0.820380 0.013994 -0.038010 0.66274510 0.50196078 0.46274510
v -0.815866 0.013776 -0.038010 0.65490196 0.49803922 0.46274510
v -0.657674 0.033567 -0.038010 0.91764706 0.90196078 0.91764706
v -0.814734 0.013872 -0.038010 0.64705882 0.49411765 0.45882353
v -0.651477 0.016323 -0.038010 0.91372549 0.89411765 0.91764706
v -0.809949 0.014610 -0.038010 0.63921569 0.48627451 0.45098039
v -0.648610 0.015324 -0.038010 0.89803922 0.87450980 0.89803922
v -0.644510 0.013900 -0.038010 0.87843137 0.85490196 0.87450980
v -0.687280 0.030032 -0.038010 0.94509804 0.93333333 0.95294118
v -0.642649 0.013018 -0.038010 0.87450980 0.85098039 0.87058824
v -0.640399 0.012488 -0.038010 0.87450980 0.85098039 0.87058824
v -0.688415 0.036279 -0.038010 0.95294118 0.93725490 0.95686275
v -0.687469 0.031701 -0.038010 0.94509804 0.93333333 0.95294118
v -0.628161 0.057874 -0.038010 0.95294118 0.94509804 0.95686275
v -0.693286 0.042455 -0.038010 0.95294118 0.94509804 0.96078431
v -0.690342 0.039875 -0.038010 0.94901961 0.94117647 0.95294118
v -0.627309 0.058360 -0.038010 0.95294118 0.94509804 0.96078431
v -0.623084 0.059547 -0.038010 0.94901961 0.94509804 0.95686275
v -0.688679 0.036954 -0.038010 0.95686275 0.94117647 0.96078431
v 0.627254 0.005151 -0.038010 0.90588235 0.89019608 0.90980392
v 0.624496 0.004193 -0.038010 0.89803922 0.88235294 0.90588235
v 0.632059 0.005869 -0.038010 0.92156863 0.90196078 0.92549020
v 0.631631 0.005805 -0.038010 0.92156863 0.90196078 0.92549020
v 0.636867 0.006585 -0.038010 0.91372549 0.89803922 0.91764706
v 0.649262 0.051004 -0.038010 0.94117647 0.92941176 0.94901961
v 0.647491 0.051200 -0.038010 0.93333333 0.91764706 0.93725490
v 0.638145 0.006795 -0.038010 0.92156863 0.90196078 0.92549020
v 0.662997 0.046744 -0.038010 0.93725490 0.92156863 0.93725490
v 0.661850 0.046981 -0.038010 0.94117647 0.92549020 0.94117647
v 0.654729 0.010817 -0.038010 0.92156863 0.90196078 0.92156863
v 0.658110 0.048762 -0.038010 0.94117647 0.92941176 0.94117647
v 0.654226 0.050417 -0.038010 0.95294118 0.93725490 0.95294118
v 0.653709 0.050507 -0.038010 0.95294118 0.93725490 0.95294118
v 0.644216 0.051499 -0.038010 0.93333333 0.91764706 0.93333333
v 0.652829 0.010432 -0.038010 0.91764706 0.89411765 0.91764706
v 0.641279 0.051885 -0.038010 0.93725490 0.92549020 0.94117647
v 0.639294 0.052133 -0.038010 0.94117647 0.92941176 0.94509804
v 0.646074 0.008425 -0.038010 0.90980392 0.88627451 0.91372549
v 0.645025 0.008151 -0.038010 0.91372549 0.89019608 0.91764706
v 0.641599 0.007376 -0.038010 0.92941176 0.90588235 0.92941176
v 0.635023 0.052618 -0.038010 0.94901961 0.93725490 0.94901961
v 0.650266 0.009756 -0.038010 0.90196078 0.88235294 0.90980392
v 0.634313 0.052675 -0.038010 0.94901961 0.93725490 0.94901961
v 0.629496 0.053382 -0.038010 0.94901961 0.93333333 0.94901961
v 0.673438 0.014205 -0.038010 0.93333333 0.91764706 0.94117647
v 0.673310 0.014203 -0.038010 0.93333333 0.91764706 0.94117647
v 0.621601 0.054992 -0.038010 0.92549020 0.90588235 0.92941176
v 0.668900 0.013218 -0.038010 0.90980392 0.89411765 0.91372549
v 0.628545 0.053572 -0.038010 0.94509804 0.92941176 0.94509804
v 0.624867 0.054277 -0.038010 0.94117647 0.92156863 0.94509804
v 0.666196 0.012683 -0.038010 0.90980392 0.89019608 0.91372549
v 0.677979 0.013340 -0.038010 0.93725490 0.92156863 0.94117647
v 0.659608 0.011462 -0.038010 0.92941176 0.90980392 0.92941176
v 0.659366 0.011445 -0.038010 0.92941176 0.90980392 0.92941176
v 0.664396 0.012198 -0.038010 0.91372549 0.89411765 0.91764706
v 0.847529 0.011338 -0.038010 0.66274510 0.49411765 0.47843137
v 0.847092 0.011358 -0.038010 0.66666667 0.49411765 0.47843137
v 0.852471 0.011224 -0.038010 0.66274510 0.49411765 0.48235294
v 0.841884 0.011602 -0.038010 0.67843137 0.50196078 0.49019608
v 0.861821 0.013622 -0.038010 0.71764706 0.52156863 0.51764706
v 0.859213 0.012442 -0.038010 0.70196078 0.50980392 0.50588235
v 0.853126 0.011270 -0.038010 0.66666667 0.49803922 0.48627451
v 0.857897 0.012023 -0.038010 0.67450980 0.50196078 0.49411765
v 0.865188 0.015779 -0.038010 0.75294118 0.54117647 0.53725490
v 0.867580 0.018911 -0.038010 0.80784314 0.58039216 0.57647059
v 0.859887 0.026604 -0.038010 0.82745098 0.62352941 0.60392157
v 0.666597 0.046214 -0.038010 0.94117647 0.92941176 0.94509804
v 0.856928 0.026713 -0.038010 0.83137255 0.62745098 0.60784314
v 0.841710 0.011609 -0.038010 0.68235294 0.50588235 0.49411765
v 0.836680 0.011840 -0.038010 0.69019608 0.50980392 0.49803922
v 0.835931 0.011873 -0.038010 0.67450980 0.50196078 0.48235294
v 0.831411 0.012007 -0.038010 0.66666667 0.49411765 0.47843137
v 0.830256 0.012048 -0.038010 0.65490196 0.49019608 0.47058824
v 0.854025 0.026944 -0.038010 0.83921569 0.63137255 0.61568627
v 0.852108 0.027264 -0.038010 0.84705882 0.63921569 0.61960784
v 0.847530 0.027975 -0.038010 0.85490196 0.64705882 0.62745098
v 0.847436 0.027990 -0.038010 0.85490196 0.64705882 0.63137255
v 0.842592 0.028418 -0.038010 0.85490196 0.64705882 0.62745098
v 0.841269 0.028608 -0.038010 0.85490196 0.64705882 0.62745098
v 0.837715 0.029063 -0.038010 0.85490196 0.65098039 0.62745098
v 0.825897 0.012133 -0.038010 0.65098039 0.48627451 0.46666667
v 0.818879 0.012376 -0.038010 0.62745098 0.47058824 0.44313725
v 0.824573 0.012206 -0.038010 0.64313725 0.48235294 0.45490196
v 0.815012 0.012375 -0.038010 0.61960784 0.46666667 0.44313725
v 0.813138 0.012594 -0.038010 0.61176471 0.46666667 0.44705882
v 0.810357 0.013225 -0.038010 0.61960784 0.47450980 0.45490196
v 0.820525 0.012337 -0.038010 0.63921569 0.47843137 0.44705882
v 0.834824 0.029507 -0.038010 0.85882353 0.65490196 0.62745098
v 0.832940 0.029838 -0.038010 0.85882353 0.66274510 0.63137255
v 0.828278 0.030425 -0.038010 0.85882353 0.66274510 0.63137255
v 0.827975 0.030477 -0.038010 0.86274510 0.66274510 0.63529412
v 0.868264 0.021493 -0.038010 0.83921569 0.60784314 0.60000000
v 0.866599 0.025352 -0.038010 0.84705882 0.62745098 0.61176471
v 0.862149 0.026425 -0.038010 0.83137255 0.62745098 0.60784314
v 0.686869 0.044961 -0.038010 0.93333333 0.91764706 0.93725490
v 0.682042 0.045169 -0.038010 0.94117647 0.92941176 0.94901961
v 0.681109 0.045196 -0.038010 0.94117647 0.92941176 0.94509804
v 0.676473 0.045071 -0.038010 0.93333333 0.92156863 0.93725490
v 0.687340 0.044941 -0.038010 0.92941176 0.91372549 0.93333333
v 0.675765 0.045020 -0.038010 0.93333333 0.92156863 0.93725490
v 0.671114 0.045216 -0.038010 0.94509804 0.92941176 0.94509804
v 0.669791 0.045472 -0.038010 0.94117647 0.92941176 0.94509804
v -0.867727 0.017152 -0.039724 0.76078431 0.54901961 0.54509804
v -0.851156 0.028199 -0.040920 0.90980392 0.69411765 0.66274510
v -0.693737 0.008852 -0.038988 0.89019608 0.87450980 0.89411765
v -0.690978 0.011605 -0.038440 0.88627451 0.87058824 0.89019608
v -0.688218 0.014362 -0.038227 0.88627451 0.86666667 0.88627451
v -0.831823 0.014390 -0.041673 0.69803922 0.51764706 0.48235294
v -0.685454 0.017131 -0.038505 0.90588235 0.89019608 0.90980392
v -0.685452 0.022663 -0.038271 0.93333333 0.91764706 0.93333333
v -0.682690 0.019900 -0.039425 0.93725490 0.91764706 0.93333333
v -0.837366 0.030907 -0.039728 0.90980392 0.70196078 0.65490196
v -0.682692 0.014370 -0.040778 0.91372549 0.89411765 0.91764706
v -0.679927 0.017142 -0.041108 0.93333333 0.91372549 0.93333333
v -0.685451 0.028189 -0.039037 0.94901961 0.93333333 0.95294118
v -0.682689 0.025427 -0.039868 0.94509804 0.92549020 0.94509804
v -0.679927 0.022665 -0.040651 0.93725490 0.92156863 0.93725490
v -0.826300 0.014390 -0.040921 0.68627451 0.51372549 0.47843137
v -0.638497 0.008866 -0.039876 0.85490196 0.82745098 0.84313725
v -0.682689 0.030952 -0.040683 0.94509804 0.93333333 0.94901961
v -0.679927 0.028190 -0.040634 0.93725490 0.92549020 0.94117647
v -0.677165 0.025429 -0.040045 0.92156863 0.90588235 0.92549020
v -0.632973 0.008866 -0.039851 0.86274510 0.83529412 0.85490196
v -0.627467 0.008802 -0.039513 0.85490196 0.82745098 0.85098039
v -0.820776 0.014390 -0.039849 0.68235294 0.51372549 0.47450980
v -0.666165 0.047488 -0.041695 0.96078431 0.94901961 0.96078431
v -0.663390 0.044737 -0.041112 0.94509804 0.93333333 0.94901961
v -0.660632 0.047496 -0.041499 0.94117647 0.93333333 0.94901961
v -0.677165 0.019905 -0.040836 0.91764706 0.89411765 0.92156863
v -0.815253 0.014390 -0.040689 0.67450980 0.51372549 0.47450980
v -0.660619 0.041983 -0.040068 0.92549020 0.91372549 0.92549020
v -0.688209 0.036484 -0.038274 0.95294118 0.94117647 0.96078431
v -0.674403 0.017143 -0.041040 0.88627451 0.86274510 0.89411765
v -0.685448 0.033723 -0.040322 0.95294118 0.94117647 0.95686275
v -0.674403 0.022667 -0.039495 0.89411765 0.87450980 0.90196078
v -0.690987 0.044756 -0.041613 0.94509804 0.93725490 0.95294118
v -0.671641 0.019906 -0.038835 0.87450980 0.85098039 0.88235294
v -0.657858 0.044744 -0.039757 0.92941176 0.91764706 0.93333333
v -0.633025 0.058536 -0.040526 0.95294118 0.94509804 0.95686275
v -0.679924 0.033723 -0.041384 0.94117647 0.92941176 0.94901961
v -0.677162 0.030961 -0.040049 0.92549020 0.91372549 0.93333333
v -0.630269 0.061292 -0.041757 0.95294118 0.94117647 0.95686275
v -0.657869 0.050259 -0.041754 0.96078431 0.94901961 0.96470588
v -0.627493 0.058542 -0.038170 0.95686275 0.94901961 0.96078431
v -0.674400 0.028199 -0.038893 0.90588235 0.89019608 0.91372549
v -0.655095 0.047508 -0.039748 0.94509804 0.93333333 0.95294118
v -0.688209 0.042008 -0.041374 0.95686275 0.94509804 0.96078431
v -0.677162 0.036484 -0.040694 0.92941176 0.91764706 0.93725490
v -0.674400 0.033723 -0.039171 0.91372549 0.89803922 0.91764706
v -0.657851 0.039227 -0.038461 0.92549020 0.90980392 0.92549020
v -0.671641 0.014382 -0.040749 0.86274510 0.83529412 0.87058824
v -0.677187 0.041986 -0.041402 0.92941176 0.92156863 0.93725490
v -0.655089 0.041989 -0.038125 0.93333333 0.92156863 0.93725490
v -0.624798 0.061249 -0.039779 0.95686275 0.94901961 0.96078431
v -0.652326 0.044752 -0.038364 0.92549020 0.91372549 0.93333333
v -0.668879 0.011620 -0.041292 0.85098039 0.82352941 0.85098039
v -0.652330 0.050273 -0.040665 0.96078431 0.95294118 0.97254902
v -0.674423 0.039226 -0.039771 0.91764706 0.90196078 0.92549020
v -0.649564 0.053038 -0.041535 0.96078431 0.95294118 0.97254902
v -0.668879 0.017145 -0.038567 0.86274510 0.83529412 0.86666667
v -0.649560 0.047517 -0.038874 0.94509804 0.92941176 0.95294118
v -0.674432 0.044742 -0.041077 0.92549020 0.91372549 0.93333333
v -0.666115 0.014390 -0.038608 0.86274510 0.83921569 0.86274510
v -0.671665 0.041984 -0.039068 0.93725490 0.92549020 0.94509804
v -0.663353 0.011628 -0.038996 0.87058824 0.84705882 0.86666667
v -0.671681 0.047494 -0.041459 0.94901961 0.93725490 0.95294118
v -0.646795 0.050282 -0.039659 0.95686275 0.94509804 0.96470588
v -0.668910 0.044740 -0.039813 0.95686275 0.94509804 0.96078431
v -0.660591 0.008866 -0.040596 0.88235294 0.85882353 0.87450980
v -0.644020 0.053055 -0.040433 0.96078431 0.95294118 0.96470588
v -0.641259 0.050293 -0.038401 0.95294118 0.94509804 0.95686275
v -0.657830 0.011628 -0.038906 0.92156863 0.89803922 0.91764706
v -0.655068 0.014390 -0.038174 0.92941176 0.90980392 0.92941176
v -0.671658 0.036467 -0.038253 0.92156863 0.90980392 0.92549020
v -0.666143 0.041983 -0.039610 0.95686275 0.94509804 0.96078431
v -0.641300 0.055782 -0.041246 0.96078431 0.95294118 0.96862745
v -0.663377 0.039225 -0.039425 0.94509804 0.93725490 0.94901961
v -0.660611 0.036467 -0.039156 0.92549020 0.91372549 0.92941176
v -0.638497 0.053055 -0.039097 0.96078431 0.95294118 0.96078431
v -0.635781 0.055778 -0.039701 0.95686275 0.94901961 0.96078431
v -0.657830 0.033723 -0.038085 0.91372549 0.90196078 0.91764706
v -0.655068 0.008866 -0.040911 0.91764706 0.89019608 0.91372549
v -0.652306 0.011628 -0.039496 0.92549020 0.90196078 0.92941176
v -0.649544 0.008866 -0.041069 0.91764706 0.89411765 0.91764706
v -0.649544 0.014390 -0.038427 0.90588235 0.88235294 0.90588235
v -0.646782 0.011628 -0.039372 0.89019608 0.86666667 0.89019608
v -0.644020 0.008866 -0.041022 0.87450980 0.85098039 0.87450980
v -0.641259 0.011628 -0.038351 0.87058824 0.84705882 0.86666667
v 0.620830 0.000527 -0.040290 0.89411765 0.87843137 0.90196078
v 0.626354 0.000527 -0.040994 0.91764706 0.89803922 0.92549020
v 0.629115 0.003289 -0.039491 0.92156863 0.90588235 0.92941176
v 0.623592 0.003289 -0.038390 0.90196078 0.88235294 0.90980392
v 0.634639 0.003289 -0.040261 0.91764706 0.89803922 0.92156863
v 0.651245 0.052971 -0.040896 0.94509804 0.93333333 0.94901961
v 0.645708 0.052983 -0.040408 0.93333333 0.92156863 0.93725490
v 0.637401 0.006051 -0.038456 0.91764706 0.90196078 0.92156863
v 0.662309 0.047432 -0.038440 0.94117647 0.92549020 0.94117647
v 0.659562 0.050182 -0.039886 0.94117647 0.92549020 0.94509804
v 0.640163 0.053001 -0.039235 0.93725490 0.92549020 0.94117647
v 0.634639 0.053001 -0.038439 0.94901961 0.93725490 0.94901961
v 0.659495 0.006051 -0.041794 0.91372549 0.89411765 0.91764706
v 0.640163 0.003289 -0.040942 0.91764706 0.89411765 0.91764706
v 0.645686 0.003289 -0.041772 0.89411765 0.87450980 0.89803922
v 0.626354 0.055763 -0.040265 0.93725490 0.92156863 0.94117647
v 0.648448 0.006051 -0.040127 0.90196078 0.88235294 0.90980392
v 0.653972 0.006051 -0.041096 0.92549020 0.90588235 0.92941176
v 0.656734 0.008812 -0.039535 0.92941176 0.90588235 0.92941176
v 0.651210 0.008812 -0.038805 0.91372549 0.89019608 0.91764706
v 0.642925 0.006051 -0.039132 0.91764706 0.89411765 0.91764706
v 0.678884 0.008757 -0.041063 0.91764706 0.90196078 0.92549020
v 0.673360 0.008757 -0.040717 0.93725490 0.92156863 0.93725490
v 0.676129 0.011513 -0.039337 0.94117647 0.92156863 0.94117647
v 0.667811 0.008782 -0.040829 0.91372549 0.89411765 0.91372549
v 0.662284 0.008785 -0.039937 0.91372549 0.89411765 0.91764706
v 0.665051 0.011543 -0.038524 0.90980392 0.89019608 0.91372549
v 0.670601 0.011516 -0.039127 0.92156863 0.90588235 0.92549020
v 0.847310 0.011536 -0.040006 0.73725490 0.54509804 0.52941176
v 0.667835 0.047430 -0.039353 0.94117647 0.92549020 0.94509804
v 0.852822 0.011574 -0.040941 0.74509804 0.55294118 0.54117647
v 0.861107 0.025383 -0.041414 0.81960784 0.61176471 0.59607843
v 0.836551 0.027764 -0.041913 0.85098039 0.64705882 0.62352941
v 0.847502 0.027903 -0.038463 0.84705882 0.63921569 0.62352941
v 0.842064 0.027801 -0.040755 0.84705882 0.64313725 0.62352941
v 0.673346 0.047441 -0.041046 0.94117647 0.92941176 0.94509804
v -0.868929 0.021473 -0.034104 0.74117647 0.53333333 0.52156863
v -0.868696 0.023644 -0.034104 0.72549020 0.53333333 0.51372549
v -0.865610 0.026082 -0.034104 0.83137255 0.63137255 0.59607843
v -0.866746 0.018133 -0.034104 0.71372549 0.50980392 0.50588235
v -0.863363 0.015992 -0.034104 0.66666667 0.47843137 0.47843137
v -0.859641 0.014590 -0.034104 0.61568627 0.45490196 0.44313725
v -0.859324 0.014507 -0.034104 0.60392157 0.45098039 0.43921569
v -0.854421 0.013887 -0.034104 0.66274510 0.47058824 0.44705882
v -0.853276 0.013748 -0.034104 0.68235294 0.48627451 0.46274510
v -0.690267 0.017848 -0.034104 0.92156863 0.90588235 0.92156863
v -0.689945 0.021636 -0.034104 0.92549020 0.90980392 0.92941176
v -0.863775 0.026627 -0.034104 0.86274510 0.63529412 0.60784314
v -0.860986 0.026981 -0.034104 0.92549020 0.68235294 0.65882353
v -0.690590 0.016756 -0.034104 0.92156863 0.90588235 0.92549020
v -0.857498 0.027381 -0.034104 0.92156863 0.69803922 0.67843137
v -0.632755 0.036703 -0.034104 0.92549020 0.90980392 0.92549020
v -0.856077 0.027596 -0.034104 0.91764706 0.70196078 0.67843137
v -0.631474 0.040509 -0.034104 0.92156863 0.90980392 0.92549020
v -0.628764 0.043323 -0.034104 0.92156863 0.90588235 0.92549020
v -0.626469 0.046551 -0.034104 0.92549020 0.90980392 0.93333333
v -0.851345 0.028388 -0.034104 0.91372549 0.70980392 0.67058824
v -0.623324 0.048930 -0.034104 0.92941176 0.91372549 0.93333333
v -0.850864 0.028492 -0.034104 0.92549020 0.72941176 0.67843137
v -0.689877 0.023763 -0.034104 0.92941176 0.91372549 0.93333333
v -0.846555 0.029121 -0.034104 0.93725490 0.73333333 0.69019608
v -0.849122 0.013662 -0.034104 0.69803922 0.50196078 0.47058824
v -0.631698 0.032236 -0.034104 0.92549020 0.90588235 0.92941176
v -0.847753 0.013749 -0.034104 0.68627451 0.48627451 0.45490196
v -0.632819 0.036330 -0.034104 0.92549020 0.90588235 0.92549020
v -0.629437 0.028974 -0.034104 0.92156863 0.90588235 0.92156863
v -0.843446 0.013815 -0.034104 0.65098039 0.47058824 0.43529412
v -0.628777 0.024110 -0.034104 0.90980392 0.89411765 0.91372549
v -0.628931 0.026918 -0.034104 0.91764706 0.90196078 0.92156863
v -0.626006 0.021320 -0.034104 0.90196078 0.89019608 0.90196078
v -0.842322 0.013841 -0.034104 0.64705882 0.47058824 0.43529412
v -0.837872 0.013866 -0.034104 0.64313725 0.47058824 0.44705882
v -0.836805 0.013847 -0.034104 0.67450980 0.49411765 0.46274510
v -0.832320 0.013893 -0.034104 0.67450980 0.49411765 0.45882353
v -0.844264 0.029567 -0.034104 0.92941176 0.72156863 0.68235294
v -0.841913 0.030003 -0.034104 0.92941176 0.72549020 0.68627451
v -0.837640 0.030668 -0.034104 0.92156863 0.72156863 0.65490196
v -0.837156 0.030770 -0.034104 0.92156863 0.72156863 0.65490196
v -0.832676 0.031749 -0.034104 0.94509804 0.72549020 0.66666667
v -0.830231 0.032527 -0.034104 0.93333333 0.72156863 0.67058824
v -0.828432 0.033039 -0.034104 0.92941176 0.72156863 0.67058824
v -0.831333 0.013900 -0.034104 0.67058824 0.49411765 0.45882353
v -0.826602 0.014087 -0.034104 0.66666667 0.49019608 0.45490196
v -0.826022 0.014113 -0.034104 0.66666667 0.49411765 0.45882353
v -0.820791 0.014376 -0.034104 0.65882353 0.49019608 0.45098039
v -0.820763 0.014376 -0.034104 0.65490196 0.49411765 0.45882353
v -0.815292 0.014350 -0.034104 0.64313725 0.49411765 0.45882353
v -0.815212 0.014349 -0.034104 0.61176471 0.48235294 0.45098039
v -0.809839 0.014500 -0.034104 0.60392157 0.45490196 0.41568627
v -0.690058 0.027275 -0.034104 0.92941176 0.91764706 0.93725490
v -0.690091 0.029079 -0.034104 0.92941176 0.91764706 0.94117647
v -0.690748 0.033499 -0.034104 0.94117647 0.93333333 0.95294118
v -0.690885 0.033809 -0.034104 0.94509804 0.93725490 0.95686275
v 0.672357 0.020811 -0.034104 0.92156863 0.89803922 0.92549020
v 0.668568 0.020505 -0.034104 0.91372549 0.89803922 0.92156863
v 0.674597 0.020888 -0.034104 0.92941176 0.90980392 0.93333333
v 0.667407 0.020235 -0.034104 0.92156863 0.90196078 0.92549020
v 0.626879 0.011048 -0.034104 0.90196078 0.88627451 0.90980392
v 0.625684 0.010902 -0.034104 0.90196078 0.88627451 0.90980392
v 0.631347 0.012104 -0.034104 0.91372549 0.89019608 0.91764706
v 0.640728 0.013770 -0.034104 0.92941176 0.90980392 0.93725490
v 0.649813 0.015733 -0.034104 0.91764706 0.89411765 0.91764706
v 0.645932 0.014582 -0.034104 0.93333333 0.91764706 0.93333333
v 0.639469 0.013642 -0.034104 0.92941176 0.90588235 0.92941176
v 0.635848 0.013127 -0.034104 0.90980392 0.89411765 0.91764706
v 0.632771 0.012468 -0.034104 0.91764706 0.89019608 0.92156863
v 0.678403 0.020293 -0.034104 0.94117647 0.92549020 0.94509804
v 0.645532 0.014490 -0.034104 0.93725490 0.91764706 0.93725490
v 0.669204 0.040535 -0.034104 0.94509804 0.92941176 0.94901961
v 0.666531 0.040621 -0.034104 0.93725490 0.92156863 0.93725490
v 0.682238 0.017471 -0.034104 0.91764706 0.90196078 0.92549020
v 0.662316 0.041964 -0.034104 0.92549020 0.90980392 0.92549020
v 0.679215 0.019893 -0.034104 0.94117647 0.92549020 0.94901961
v 0.632865 0.049252 -0.034104 0.94509804 0.93333333 0.94509804
v 0.654590 0.044100 -0.034104 0.94509804 0.92941176 0.94509804
v 0.653728 0.044420 -0.034104 0.94901961 0.93333333 0.94901961
v 0.662221 0.041993 -0.034104 0.92549020 0.90980392 0.92549020
v 0.657946 0.043111 -0.034104 0.93725490 0.92156863 0.93333333
v 0.631198 0.049561 -0.034104 0.94901961 0.93725490 0.94509804
v 0.662622 0.019496 -0.034104 0.92941176 0.90980392 0.93333333
v 0.661787 0.019329 -0.034104 0.92941176 0.90980392 0.93333333
v 0.635773 0.048612 -0.034104 0.94509804 0.92941176 0.94509804
v 0.639997 0.047643 -0.034104 0.93725490 0.92156863 0.94117647
v 0.657760 0.018834 -0.034104 0.91372549 0.89803922 0.91764706
v 0.654773 0.017899 -0.034104 0.90196078 0.88235294 0.90196078
v 0.653718 0.017352 -0.034104 0.90196078 0.88235294 0.90196078
v 0.650018 0.046241 -0.034104 0.95294118 0.94117647 0.95686275
v 0.645813 0.047353 -0.034104 0.92549020 0.90980392 0.92941176
v 0.645615 0.047374 -0.034104 0.92549020 0.90980392 0.92549020
v 0.626621 0.050507 -0.034104 0.94901961 0.93333333 0.94901961
v 0.640293 0.047608 -0.034104 0.93725490 0.92156863 0.94117647
v 0.625922 0.050671 -0.034104 0.94901961 0.92941176 0.94509804
v 0.622111 0.051520 -0.034104 0.92941176 0.91372549 0.92941176
v 0.618947 0.052122 -0.034104 0.94509804 0.92549020 0.94509804
v 0.851889 0.012505 -0.034104 0.63137255 0.48235294 0.45098039
v 0.847958 0.012223 -0.034104 0.63529412 0.47450980 0.44705882
v 0.846588 0.012276 -0.034104 0.63529412 0.47058824 0.45098039
v 0.842743 0.012471 -0.034104 0.62745098 0.47058824 0.46274510
v 0.856795 0.013124 -0.034104 0.65098039 0.48627451 0.47450980
v 0.853850 0.012602 -0.034104 0.62745098 0.47843137 0.45882353
v 0.860932 0.014511 -0.034104 0.68235294 0.50196078 0.49411765
v 0.864231 0.016736 -0.034104 0.74509804 0.53333333 0.52941176
v 0.861690 0.014919 -0.034104 0.67843137 0.49803922 0.49411765
v 0.866720 0.019771 -0.034104 0.80000000 0.56862745 0.56470588
v 0.860556 0.025935 -0.034104 0.83529412 0.64705882 0.61960784
v 0.856507 0.026285 -0.034104 0.83921569 0.63529412 0.61568627
v 0.840972 0.012368 -0.034104 0.61176471 0.46274510 0.45490196
v 0.837047 0.012288 -0.034104 0.61960784 0.46666667 0.44313725
v 0.835517 0.012307 -0.034104 0.61960784 0.46666667 0.43921569
v 0.831708 0.012372 -0.034104 0.63137255 0.47450980 0.45098039
v 0.829864 0.012440 -0.034104 0.61568627 0.46274510 0.44705882
v 0.847953 0.027494 -0.034104 0.88627451 0.67843137 0.66666667
v 0.847041 0.027578 -0.034104 0.88627451 0.67450980 0.65882353
v 0.854515 0.026452 -0.034104 0.85098039 0.64313725 0.62352941
v 0.851673 0.026845 -0.034104 0.87450980 0.67450980 0.64705882
v 0.826249 0.012494 -0.034104 0.62745098 0.47058824 0.45490196
v 0.842109 0.028102 -0.034104 0.85490196 0.65490196 0.63529412
v 0.824219 0.012560 -0.034104 0.62352941 0.46274510 0.43529412
v 0.820959 0.012708 -0.034104 0.63529412 0.47450980 0.43529412
v 0.841773 0.028157 -0.034104 0.85882353 0.65098039 0.63137255
v 0.837255 0.028804 -0.034104 0.87058824 0.66274510 0.63529412
v 0.818393 0.012862 -0.034104 0.60392157 0.45490196 0.41960784
v 0.815660 0.012987 -0.034104 0.60000000 0.45490196 0.43137255
v 0.812848 0.012883 -0.034104 0.56470588 0.42745098 0.41176471
v 0.810265 0.013081 -0.034104 0.59607843 0.46274510 0.44313725
v 0.835301 0.029089 -0.034104 0.87058824 0.67058824 0.63529412
v 0.832525 0.029577 -0.034104 0.85098039 0.67058824 0.63137255
v 0.828417 0.030342 -0.034104 0.86666667 0.67450980 0.63921569
v 0.827795 0.030457 -0.034104 0.87058824 0.67058824 0.63921569
v 0.866785 0.020014 -0.034104 0.89019608 0.63137255 0.62745098
v 0.865634 0.024386 -0.034104 0.88235294 0.67058824 0.65098039
v 0.861512 0.025788 -0.034104 0.85490196 0.65882353 0.62352941
v 0.690805 0.041024 -0.034104 0.90588235 0.89019608 0.91372549
v 0.688926 0.041004 -0.034104 0.89803922 0.88235294 0.90588235
v 0.684586 0.041719 -0.034104 0.94901961 0.93333333 0.95294118
v 0.684206 0.041808 -0.034104 0.94901961 0.93333333 0.95294118
v 0.679169 0.041613 -0.034104 0.92941176 0.91372549 0.93333333
v 0.678351 0.041477 -0.034104 0.92549020 0.90980392 0.92941176
v 0.674151 0.041110 -0.034104 0.92941176 0.91764706 0.93725490
v 0.672259 0.040862 -0.034104 0.93725490 0.92549020 0.94509804
v -0.823981 0.033279 -0.034104 0.92941176 0.71372549 0.66274510
v -0.823137 0.033322 -0.034104 0.92941176 0.70588235 0.65098039
v -0.818086 0.033794 -0.034104 0.89803922 0.69019608 0.63137255
v 0.821930 0.031233 -0.034104 0.86274510 0.65882353 0.63137255
v 0.818174 0.031775 -0.034104 0.85882353 0.65882353 0.62745098
v 0.822975 0.031050 -0.034104 0.87450980 0.67450980 0.65098039
v -0.867727 0.017152 -0.037532 0.73333333 0.52549020 0.52156863
v -0.859442 0.014390 -0.034303 0.63921569 0.46274510 0.45490196
v -0.688214 0.019900 -0.036012 0.91372549 0.89411765 0.91764706
v -0.837359 0.030927 -0.034963 0.92549020 0.71764706 0.66274510
v -0.688213 0.025427 -0.036111 0.93333333 0.91764706 0.93725490
v -0.635735 0.011628 -0.037865 0.86666667 0.84313725 0.86274510
v -0.671639 0.030961 -0.037271 0.89803922 0.88627451 0.90588235
v -0.632973 0.014390 -0.036135 0.87843137 0.85490196 0.87843137
v -0.630212 0.011628 -0.037482 0.87058824 0.84313725 0.86274510
v -0.671639 0.025437 -0.037661 0.88627451 0.86666667 0.89019608
v -0.655068 0.036484 -0.037425 0.92941176 0.91372549 0.92941176
v -0.652306 0.039246 -0.037085 0.93725490 0.92549020 0.94509804
v -0.668877 0.022675 -0.037035 0.88235294 0.85882353 0.88235294
v -0.649544 0.042008 -0.037125 0.92549020 0.91372549 0.93725490
v -0.668877 0.028199 -0.036396 0.90588235 0.89019608 0.90980392
v -0.646782 0.044770 -0.037273 0.92156863 0.90980392 0.93333333
v -0.644021 0.047532 -0.037679 0.93725490 0.92549020 0.94509804
v -0.688209 0.030961 -0.036815 0.94117647 0.92941176 0.94901961
v -0.652306 0.033723 -0.036507 0.93333333 0.92156863 0.93333333
v -0.649544 0.036484 -0.036075 0.92941176 0.92156863 0.93333333
v -0.693733 0.042008 -0.037147 0.95294118 0.94509804 0.96078431
v -0.649544 0.030961 -0.035869 0.93725490 0.92156863 0.93333333
v -0.690971 0.039246 -0.037080 0.94901961 0.93725490 0.95294118
v -0.646782 0.033723 -0.035065 0.93725490 0.92549020 0.92941176
v -0.646782 0.039246 -0.035796 0.93725490 0.92156863 0.93725490
v -0.666115 0.025437 -0.035511 0.92156863 0.90588235 0.92156863
v -0.644020 0.036484 -0.034957 0.93725490 0.92156863 0.93333333
v -0.646782 0.028199 -0.035908 0.93725490 0.92156863 0.93725490
v -0.644021 0.030961 -0.035215 0.94117647 0.92549020 0.92941176
v -0.644021 0.025437 -0.035646 0.93725490 0.91372549 0.93725490
v -0.641259 0.028199 -0.035237 0.92941176 0.91372549 0.92941176
v -0.666115 0.019914 -0.036928 0.89803922 0.87058824 0.89411765
v -0.641259 0.033723 -0.034677 0.93333333 0.91764706 0.92941176
v -0.663353 0.017152 -0.036927 0.91372549 0.89019608 0.90588235
v -0.638497 0.030961 -0.034928 0.92941176 0.91372549 0.92941176
v -0.663353 0.022675 -0.035903 0.93725490 0.92156863 0.93333333
v -0.644020 0.042008 -0.035955 0.92941176 0.91372549 0.93725490
v -0.641259 0.039246 -0.034988 0.93333333 0.91372549 0.93333333
v -0.641259 0.044770 -0.036287 0.92156863 0.90980392 0.93333333
v -0.660591 0.019914 -0.036299 0.93725490 0.92156863 0.93725490
v -0.638497 0.042008 -0.035063 0.92549020 0.90980392 0.92941176
v -0.660591 0.014390 -0.037394 0.92156863 0.89411765 0.90980392
v -0.638497 0.036484 -0.034450 0.92941176 0.90980392 0.92941176
v -0.657830 0.017152 -0.037358 0.93333333 0.91764706 0.93333333
v -0.668877 0.033723 -0.036797 0.93333333 0.91764706 0.93333333
v -0.630250 0.055784 -0.037756 0.95294118 0.94901961 0.95686275
v -0.668898 0.039227 -0.037717 0.94117647 0.92941176 0.94509804
v -0.666133 0.036468 -0.037755 0.94901961 0.93725490 0.94901961
v -0.635735 0.033723 -0.034478 0.92549020 0.90980392 0.92549020
v -0.627450 0.053055 -0.035916 0.94509804 0.93725490 0.94901961
v -0.624688 0.055817 -0.036337 0.94509804 0.94117647 0.95294118
v -0.666115 0.030961 -0.036253 0.94117647 0.92549020 0.94117647
v -0.622027 0.058494 -0.037206 0.94509804 0.93725490 0.95686275
v -0.635735 0.039246 -0.034409 0.92549020 0.90980392 0.92941176
v -0.624688 0.050293 -0.034755 0.92941176 0.91764706 0.93725490
v -0.663353 0.028199 -0.036262 0.94509804 0.93725490 0.94509804
v -0.632973 0.036484 -0.034141 0.92549020 0.90980392 0.92549020
v -0.621926 0.053055 -0.035026 0.93725490 0.92549020 0.94117647
v -0.663353 0.033723 -0.037710 0.95294118 0.93725490 0.94901961
v -0.638497 0.047532 -0.036688 0.92549020 0.91372549 0.93333333
v -0.635735 0.044770 -0.035256 0.91764706 0.90196078 0.92549020
v -0.635735 0.050293 -0.037121 0.94117647 0.92941176 0.94509804
v -0.660591 0.030961 -0.037566 0.94117647 0.92941176 0.94117647
v -0.632973 0.047532 -0.035471 0.92156863 0.90980392 0.92941176
v -0.632973 0.042008 -0.034494 0.92156863 0.90588235 0.92549020
v -0.630211 0.044770 -0.034484 0.92156863 0.90588235 0.92549020
v -0.660591 0.025437 -0.036102 0.94509804 0.93725490 0.94509804
v -0.632973 0.053055 -0.037832 0.95686275 0.94509804 0.96078431
v -0.630211 0.050293 -0.035537 0.93725490 0.92549020 0.94509804
v -0.657830 0.022675 -0.037260 0.93725490 0.92549020 0.93725490
v -0.657830 0.028199 -0.037711 0.92549020 0.91764706 0.92549020
v -0.627450 0.047532 -0.034452 0.92549020 0.90980392 0.93333333
v -0.655068 0.025437 -0.037040 0.91764706 0.90588235 0.91372549
v -0.655068 0.019914 -0.037398 0.92941176 0.91764706 0.93333333
v -0.652306 0.017152 -0.037841 0.91764706 0.89803922 0.92156863
v -0.652306 0.022675 -0.037194 0.91372549 0.89019608 0.90980392
v -0.649544 0.019914 -0.037043 0.90196078 0.87843137 0.90196078
v -0.641259 0.022675 -0.035519 0.92941176 0.90588235 0.92941176
v -0.638497 0.025437 -0.035114 0.92156863 0.90980392 0.92549020
v -0.655068 0.030961 -0.036930 0.91372549 0.90196078 0.91372549
v -0.638497 0.019914 -0.035662 0.92156863 0.89803922 0.92156863
v -0.652306 0.028199 -0.036626 0.92156863 0.90588235 0.92156863
v -0.635735 0.022675 -0.035208 0.91764706 0.90196078 0.92549020
v -0.649544 0.025437 -0.036490 0.92156863 0.90588235 0.93333333
v -0.635735 0.028199 -0.034928 0.92549020 0.90980392 0.92941176
v -0.632973 0.025437 -0.034765 0.91764706 0.90196078 0.92156863
v -0.635735 0.017152 -0.035816 0.90196078 0.88235294 0.89803922
v -0.632973 0.019914 -0.035098 0.90980392 0.89411765 0.91372549
v -0.630227 0.017098 -0.035097 0.89411765 0.87843137 0.89019608
v -0.646782 0.022675 -0.036262 0.92941176 0.90588235 0.93333333
v -0.630211 0.022675 -0.034438 0.90588235 0.89411765 0.90980392
v -0.627465 0.019861 -0.034523 0.90196078 0.88627451 0.89803922
v -0.632973 0.030961 -0.034553 0.92549020 0.90588235 0.92941176
v -0.630211 0.028199 -0.034341 0.92156863 0.90196078 0.92156863
v -0.627467 0.014328 -0.036181 0.87843137 0.85882353 0.87450980
v -0.646782 0.017152 -0.037201 0.89019608 0.87058824 0.89019608
v -0.644021 0.014390 -0.037726 0.87843137 0.85882353 0.87450980
v -0.644021 0.019914 -0.036380 0.91764706 0.89411765 0.91372549
v -0.641259 0.017152 -0.036317 0.90196078 0.88235294 0.89411765
v -0.638497 0.014390 -0.037194 0.88627451 0.86274510 0.87843137
v 0.648471 0.050220 -0.036992 0.93725490 0.92549020 0.94117647
v 0.670620 0.017023 -0.036088 0.90980392 0.89411765 0.91764706
v 0.673416 0.019753 -0.034643 0.92549020 0.90588235 0.92941176
v 0.667829 0.019814 -0.034370 0.91764706 0.89803922 0.92156863
v 0.626353 0.006051 -0.037254 0.89803922 0.88627451 0.90588235
v 0.631877 0.006051 -0.037857 0.92156863 0.90196078 0.92549020
v 0.634639 0.008812 -0.036320 0.91764706 0.89803922 0.92156863
v 0.653972 0.011574 -0.037418 0.91764706 0.89803922 0.91764706
v 0.631877 0.050239 -0.034877 0.94901961 0.93725490 0.94509804
v 0.645686 0.008812 -0.037669 0.90980392 0.88627451 0.91372549
v 0.640163 0.008812 -0.036906 0.92941176 0.90980392 0.93333333
v 0.637401 0.050240 -0.035752 0.94509804 0.92941176 0.94509804
v 0.642924 0.011574 -0.035515 0.93725490 0.91764706 0.94117647
v 0.648448 0.011574 -0.036406 0.90980392 0.89019608 0.91372549
v 0.629115 0.008812 -0.035762 0.90980392 0.89019608 0.91372549
v 0.651210 0.014336 -0.035201 0.89803922 0.87843137 0.89803922
v 0.645686 0.014336 -0.034212 0.93333333 0.91764706 0.93725490
v 0.629115 0.053001 -0.037418 0.94901961 0.93333333 0.94901961
v 0.631877 0.011574 -0.034473 0.91372549 0.89019608 0.92156863
v 0.623592 0.053001 -0.036055 0.93725490 0.91764706 0.94117647
v 0.673375 0.014268 -0.037981 0.93333333 0.91764706 0.93725490
v 0.667841 0.014278 -0.037309 0.90980392 0.89019608 0.91372549
v 0.623592 0.008812 -0.035244 0.90588235 0.88627451 0.90980392
v 0.678912 0.014255 -0.037369 0.93725490 0.91764706 0.93725490
v 0.676170 0.016997 -0.036049 0.93725490 0.92156863 0.94117647
v 0.681726 0.016966 -0.034620 0.92549020 0.90980392 0.92941176
v 0.679006 0.019689 -0.034254 0.94117647 0.92549020 0.94901961
v 0.659522 0.011548 -0.037939 0.92941176 0.90980392 0.92941176
v 0.662288 0.014306 -0.036551 0.92549020 0.90588235 0.92941176
v 0.637401 0.011574 -0.035054 0.91764706 0.90196078 0.92549020
v 0.656734 0.014336 -0.036070 0.92156863 0.90196078 0.92156863
v 0.659524 0.017071 -0.034904 0.92156863 0.90588235 0.92549020
v 0.667826 0.041913 -0.034832 0.94117647 0.92549020 0.94117647
v 0.665056 0.017062 -0.035450 0.92156863 0.90588235 0.92549020
v 0.665045 0.044693 -0.036401 0.93725490 0.92549020 0.94117647
v 0.653972 0.017098 -0.034293 0.90196078 0.88235294 0.90196078
v 0.654001 0.044690 -0.034306 0.94509804 0.93333333 0.94509804
v 0.659529 0.044686 -0.035370 0.93725490 0.92156863 0.93725490
v 0.656774 0.047443 -0.036496 0.94509804 0.93333333 0.94509804
v 0.651237 0.047454 -0.035201 0.95686275 0.94509804 0.96078431
v 0.645703 0.047463 -0.034170 0.92549020 0.91372549 0.92941176
v 0.654011 0.050205 -0.037764 0.95294118 0.93725490 0.95686275
v 0.642924 0.050240 -0.036393 0.93725490 0.92156863 0.93725490
v 0.847301 0.011565 -0.035914 0.58431373 0.43529412 0.41568627
v 0.852822 0.011574 -0.036241 0.57647059 0.44705882 0.43529412
v 0.861107 0.014336 -0.034468 0.68627451 0.50196078 0.49803922
v 0.847478 0.027973 -0.035946 0.86274510 0.65882353 0.63921569
v 0.689876 0.041954 -0.034981 0.89803922 0.88235294 0.90196078
v 0.684352 0.041954 -0.034263 0.94901961 0.93333333 0.95294118
v 0.687114 0.044715 -0.037705 0.93333333 0.91372549 0.93333333
v 0.678828 0.041954 -0.034489 0.92941176 0.91372549 0.93333333
v 0.673330 0.041931 -0.034768 0.93725490 0.92156863 0.94117647
v 0.676093 0.044692 -0.037564 0.93333333 0.92156863 0.93725490
v 0.681590 0.044716 -0.037362 0.93725490 0.92549020 0.94509804
v 0.670578 0.044684 -0.037400 0.94509804 0.92941176 0.94509804
v -0.704920 0.042148 -0.034104 0.95294118 0.94901961 0.96470588
v -0.704680 0.042108 -0.034104 0.95686275 0.95294118 0.96470588
v -0.812281 0.033933 -0.034104 0.89803922 0.69019608 0.62745098
v -0.695707 0.040035 -0.034104 0.95294118 0.94901961 0.96470588
v -0.809616 0.014503 -0.034104 0.61176471 0.45882353 0.41960784
v -0.806987 0.033742 -0.034104 0.89411765 0.67843137 0.61960784
v -0.799083 0.013989 -0.034104 0.64313725 0.47058824 0.43137255
v -0.715602 -0.001956 -0.034104 0.85098039 0.74509804 0.71764706
v -0.707444 0.000483 -0.034104 0.85882353 0.84705882 0.87450980
v 0.687896 0.012053 -0.034104 0.94117647 0.92549020 0.94509804
v 0.713646 -0.003928 -0.034104 0.92156863 0.89411765 0.89803922
v -0.700406 0.004485 -0.034104 0.87450980 0.86666667 0.87058824
v 0.706787 -0.002162 -0.034104 0.92549020 0.90196078 0.91372549
v -0.695005 0.010122 -0.034104 0.90196078 0.89019608 0.90588235
v 0.699284 0.001253 -0.034104 0.92549020 0.91764706 0.92941176
v -0.798240 0.013948 -0.034104 0.64705882 0.47058824 0.42745098
v 0.693261 0.006404 -0.034104 0.95294118 0.93725490 0.95294118
v 0.775809 0.011120 -0.034104 0.61960784 0.47058824 0.45490196
v -0.788903 0.013121 -0.034104 0.67450980 0.49019608 0.45490196
v 0.775192 0.011027 -0.034104 0.65882353 0.50196078 0.48235294
v -0.801057 0.034106 -0.034104 0.88627451 0.67058824 0.62352941
v 0.766422 0.009527 -0.034104 0.72941176 0.55294118 0.52549020
v 0.785526 0.012442 -0.034104 0.57254902 0.45098039 0.40000000
v -0.796746 0.034539 -0.034104 0.90588235 0.68627451 0.64313725
v 0.806660 0.013547 -0.034104 0.60000000 0.46666667 0.44705882
v 0.715765 -0.004208 -0.034104 0.90980392 0.86666667 0.86666667
v -0.788435 0.035679 -0.034104 0.88627451 0.67450980 0.62352941
v 0.799891 0.013580 -0.034104 0.53725490 0.42352941 0.40784314
v -0.787048 0.035888 -0.034104 0.89019608 0.67843137 0.62745098
v 0.795818 0.013290 -0.034104 0.56862745 0.45098039 0.40784314
v 0.788029 0.012741 -0.034104 0.58039216 0.45490196 0.41176471
v 0.758234 0.039717 -0.034104 0.89411765 0.69803922 0.62745098
v -0.786010 0.012765 -0.034104 0.69803922 0.50980392 0.47058824
v 0.809904 0.032231 -0.034104 0.87058824 0.66666667 0.62352941
v 0.750243 0.041200 -0.034104 0.87058824 0.68627451 0.60392157
v 0.807266 0.031916 -0.034104 0.88235294 0.67058824 0.63529412
v -0.778880 0.012097 -0.034104 0.72549020 0.52549020 0.46666667
v 0.798828 0.032126 -0.034104 0.89411765 0.67843137 0.63529412
v 0.744626 0.042347 -0.034104 0.86274510 0.68235294 0.61176471
v 0.796864 0.032328 -0.034104 0.89019608 0.68235294 0.63529412
v -0.773655 0.011458 -0.034104 0.72941176 0.53333333 0.47843137
v 0.740936 0.042949 -0.034104 0.86666667 0.68627451 0.61176471
v -0.769236 0.010694 -0.034104 0.73725490 0.54117647 0.48235294
v -0.760443 0.008440 -0.034104 0.76470588 0.56862745 0.51372549
v 0.749707 0.004189 -0.034104 0.81568627 0.64313725 0.61568627
v 0.732535 0.043424 -0.034104 0.85882353 0.78431373 0.76470588
v 0.744078 0.002224 -0.034104 0.83137255 0.67450980 0.65098039
v 0.733664 -0.001835 -0.034104 0.86274510 0.74117647 0.72156863
v 0.727417 -0.003492 -0.034104 0.88235294 0.79215686 0.78039216
v 0.730121 0.043149 -0.034104 0.86274510 0.83529412 0.83137255
v 0.724731 -0.003951 -0.034104 0.89803922 0.83137255 0.82352941
v 0.722359 0.042607 -0.034104 0.93725490 0.93333333 0.94901961
v 0.741593 0.001276 -0.034104 0.84313725 0.70588235 0.68235294
v -0.759240 0.008090 -0.034104 0.77647059 0.58039216 0.52549020
v 0.718726 0.042778 -0.034104 0.94117647 0.93725490 0.94901961
v 0.761070 0.008124 -0.034104 0.78431373 0.59607843 0.56470588
v 0.757874 0.007054 -0.034104 0.79607843 0.61960784 0.59215686
v -0.777850 0.037747 -0.034104 0.91764706 0.71372549 0.65882353
v 0.786272 0.033598 -0.034104 0.88627451 0.64313725 0.59607843
v -0.774569 0.038503 -0.034104 0.91764706 0.71764706 0.65490196
v 0.777905 0.035497 -0.034104 0.92156863 0.70196078 0.63921569
v -0.768764 0.039708 -0.034104 0.92549020 0.72549020 0.67058824
v 0.787010 0.033444 -0.034104 0.88235294 0.63921569 0.59215686
v 0.771971 0.036951 -0.034104 0.92941176 0.70588235 0.64313725
v -0.760767 0.041257 -0.034104 0.91372549 0.72156863 0.67058824
v 0.768831 0.037609 -0.034104 0.92941176 0.71372549 0.65490196
v 0.759552 0.039452 -0.034104 0.89803922 0.69803922 0.63137255
v -0.752145 0.005690 -0.034104 0.79215686 0.60000000 0.54901961
v -0.759478 0.041469 -0.034104 0.90980392 0.72156863 0.66666667
v 0.711824 0.042110 -0.034104 0.94509804 0.94117647 0.94901961
v -0.750134 0.043173 -0.034104 0.88627451 0.71372549 0.65098039
v 0.706534 0.041761 -0.034104 0.95686275 0.94117647 0.95686275
v 0.701439 0.041444 -0.034104 0.95294118 0.94509804 0.95686275
v 0.694603 0.041080 -0.034104 0.94509804 0.93333333 0.94509804
v -0.744013 0.002775 -0.034104 0.80392157 0.61960784 0.56470588
v -0.742112 0.002009 -0.034104 0.81568627 0.63137255 0.57647059
v -0.736035 -0.000294 -0.034104 0.82352941 0.65490196 0.60392157
v -0.726882 -0.002174 -0.034104 0.83137255 0.67450980 0.62352941
v -0.726869 -0.002175 -0.034104 0.83921569 0.69411765 0.64705882
v -0.715990 -0.002018 -0.034104 0.84313725 0.69803922 0.65098039
v -0.729434 0.044567 -0.034104 0.85490196 0.66274510 0.61568627
v -0.724504 0.044379 -0.034104 0.83137255 0.66274510 0.63137255
v -0.717589 0.043770 -0.034104 0.84705882 0.76078431 0.74509804
v -0.714513 0.043322 -0.034104 0.92941176 0.88627451 0.88627451
v -0.710323 0.047514 -0.041223 0.96862745 0.95686275 0.96078431
v -0.787637 0.036478 -0.035488 0.90196078 0.69019608 0.63921569
v -0.699275 0.047516 -0.041006 0.96078431 0.95686275 0.96862745
v -0.760017 0.008866 -0.041834 0.76078431 0.56862745 0.51372549
v -0.771064 0.042008 -0.040146 0.91372549 0.71764706 0.66274510
v -0.760017 0.042008 -0.035508 0.90980392 0.71764706 0.66274510
v 0.692741 0.005937 -0.036031 0.94901961 0.93333333 0.95294118
v 0.687249 0.011441 -0.035524 0.93725490 0.92156863 0.94117647
v -0.743446 0.003343 -0.036333 0.80784314 0.62745098 0.57647059
v -0.721351 0.047532 -0.041088 0.85490196 0.71764706 0.69019608
v 0.786631 0.011337 -0.036653 0.60000000 0.46666667 0.42745098
v 0.742486 0.044506 -0.038323 0.87843137 0.68627451 0.61176471
v 0.731454 0.044505 -0.036409 0.89803922 0.84705882 0.84313725
v 0.797765 0.033145 -0.036502 0.87843137 0.67058824 0.61960784
v 0.720471 0.044503 -0.037349 0.93333333 0.92156863 0.93333333
v 0.731332 0.000494 -0.041754 0.87843137 0.78431373 0.77254902
v 0.770082 0.038864 -0.037023 0.91372549 0.70980392 0.64313725
v 0.709399 0.044545 -0.038237 0.95294118 0.94117647 0.94901961
v 0.698204 0.044677 -0.037955 0.95686275 0.94117647 0.95686275
v -0.859572 0.019783 -0.030198 0.76078431 0.56470588 0.53333333
v -0.860186 0.020658 -0.030198 0.76078431 0.56862745 0.53725490
v -0.858508 0.018980 -0.030198 0.75686275 0.55686275 0.52941176
v -0.857726 0.023722 -0.030198 0.83921569 0.62745098 0.61568627
v -0.843738 0.026305 -0.030198 0.88235294 0.66274510 0.63921569
v -0.854631 0.024724 -0.030198 0.85882353 0.65882353 0.62352941
v -0.841512 0.026796 -0.030198 0.90196078 0.69411765 0.65882353
v -0.855497 0.018335 -0.030198 0.73725490 0.52941176 0.50588235
v -0.851377 0.017372 -0.030198 0.70588235 0.49411765 0.46666667
v -0.853286 0.024805 -0.030198 0.85490196 0.65490196 0.61568627
v -0.839086 0.027176 -0.030198 0.90196078 0.70980392 0.65882353
v -0.850911 0.017397 -0.030198 0.70196078 0.49019608 0.46666667
v -0.834778 0.028392 -0.030198 0.91372549 0.72549020 0.66274510
v -0.848607 0.025650 -0.030198 0.89019608 0.67058824 0.62745098
v -0.848113 0.025719 -0.030198 0.87843137 0.66274510 0.62352941
v -0.846065 0.017585 -0.030198 0.72941176 0.50980392 0.48627451
v -0.845183 0.017601 -0.030198 0.73725490 0.52156863 0.49019608
v -0.834445 0.017011 -0.030198 0.72549020 0.52156863 0.49411765
v -0.840394 0.017437 -0.030198 0.75294118 0.54509804 0.49803922
v -0.839877 0.017384 -0.030198 0.75294118 0.54509804 0.49803922
v -0.829525 0.016689 -0.030198 0.69803922 0.51372549 0.48235294
v -0.834708 0.017029 -0.030198 0.72549020 0.52156863 0.49411765
v -0.834255 0.028529 -0.030198 0.91372549 0.72156863 0.66274510
v -0.830196 0.029333 -0.030198 0.92549020 0.71372549 0.66666667
v -0.827398 0.029862 -0.030198 0.91764706 0.70980392 0.65882353
v -0.825514 0.030175 -0.030198 0.91764706 0.70588235 0.65098039
v -0.828664 0.016754 -0.030198 0.69019608 0.50196078 0.47058824
v -0.823762 0.016928 -0.030198 0.69803922 0.50588235 0.46666667
v -0.823334 0.016948 -0.030198 0.68627451 0.49411765 0.45490196
v -0.818015 0.017151 -0.030198 0.66666667 0.49411765 0.45490196
v -0.818014 0.017151 -0.030198 0.66274510 0.49019608 0.45098039
v -0.812803 0.017464 -0.030198 0.67058824 0.50588235 0.47450980
v -0.821299 0.030438 -0.030198 0.90196078 0.69803922 0.63921569
v -0.820307 0.030491 -0.030198 0.90196078 0.69803922 0.63529412
v -0.815653 0.030561 -0.030198 0.89019608 0.68235294 0.62352941
v -0.814602 0.030311 -0.030198 0.88235294 0.67450980 0.62352941
v 0.629450 0.019525 -0.030198 0.91372549 0.89411765 0.91764706
v 0.628338 0.019080 -0.030198 0.91372549 0.89411765 0.91764706
v 0.633491 0.021007 -0.030198 0.92156863 0.90196078 0.92549020
v 0.637516 0.022506 -0.030198 0.91372549 0.89411765 0.91764706
v 0.637111 0.022332 -0.030198 0.91372549 0.89411765 0.91764706
v 0.641571 0.023975 -0.030198 0.91764706 0.89803922 0.92156863
v 0.625283 0.018167 -0.030198 0.91372549 0.89411765 0.92156863
v 0.618455 0.047091 -0.030198 0.94117647 0.92941176 0.94117647
v 0.644885 0.026184 -0.030198 0.93725490 0.92156863 0.94117647
v 0.647159 0.029434 -0.030198 0.94509804 0.92941176 0.94509804
v 0.647277 0.032497 -0.030198 0.94901961 0.93333333 0.94901961
v 0.647477 0.034639 -0.030198 0.94901961 0.93333333 0.94901961
v 0.646761 0.037505 -0.030198 0.93725490 0.92549020 0.94117647
v 0.643747 0.040014 -0.030198 0.91764706 0.90196078 0.92156863
v 0.641451 0.040665 -0.030198 0.92549020 0.90980392 0.92941176
v 0.626845 0.044224 -0.030198 0.94117647 0.92549020 0.94509804
v 0.626042 0.044404 -0.030198 0.94509804 0.92549020 0.94509804
v 0.630997 0.043836 -0.030198 0.92941176 0.91764706 0.92941176
v 0.621601 0.045486 -0.030198 0.92941176 0.91372549 0.92941176
v 0.639198 0.040989 -0.030198 0.92941176 0.91372549 0.93333333
v 0.633954 0.042639 -0.030198 0.92549020 0.90980392 0.92941176
v 0.634880 0.042195 -0.030198 0.92549020 0.90980392 0.92941176
v 0.838681 0.025718 -0.030198 0.83137255 0.60000000 0.57647059
v 0.834378 0.026204 -0.030198 0.85490196 0.63529412 0.60000000
v 0.851683 0.023757 -0.030198 0.86274510 0.64313725 0.63137255
v 0.848747 0.024003 -0.030198 0.88235294 0.66274510 0.64705882
v 0.845230 0.024690 -0.030198 0.87058824 0.64313725 0.63921569
v 0.844114 0.024868 -0.030198 0.85490196 0.63137255 0.62745098
v 0.853572 0.023350 -0.030198 0.85098039 0.62745098 0.61960784
v 0.839367 0.025617 -0.030198 0.82745098 0.60000000 0.58039216
v 0.815237 0.016020 -0.030198 0.65882353 0.47843137 0.46666667
v 0.813322 0.016103 -0.030198 0.65490196 0.49019608 0.48235294
v 0.821204 0.015564 -0.030198 0.64705882 0.44705882 0.41960784
v 0.818532 0.015760 -0.030198 0.63921569 0.43921569 0.42352941
v 0.823820 0.015551 -0.030198 0.64705882 0.45882353 0.41960784
v 0.825491 0.027715 -0.030198 0.85098039 0.63529412 0.61176471
v 0.825141 0.027765 -0.030198 0.85098039 0.63529412 0.61176471
v 0.832012 0.026836 -0.030198 0.85882353 0.65882353 0.61960784
v 0.830134 0.027319 -0.030198 0.85490196 0.66666667 0.62745098
v 0.820265 0.028399 -0.030198 0.83137255 0.63529412 0.59607843
v 0.819216 0.028450 -0.030198 0.82352941 0.62745098 0.59215686
v 0.815249 0.028963 -0.030198 0.83137255 0.61176471 0.58823529
v 0.687546 0.022839 -0.030198 0.94901961 0.93333333 0.95294118
v 0.687706 0.027555 -0.030198 0.93725490 0.92549020 0.94117647
v 0.689940 0.030845 -0.030198 0.95686275 0.94509804 0.96078431
v 0.692913 0.033395 -0.030198 0.94901961 0.93725490 0.94901961
v 0.695893 0.035939 -0.030198 0.94901961 0.93725490 0.94901961
v 0.826964 0.015340 -0.030198 0.65490196 0.48235294 0.44705882
v 0.848081 0.016309 -0.030198 0.69411765 0.49803922 0.47843137
v 0.846596 0.016364 -0.030198 0.70196078 0.50588235 0.48627451
v 0.857139 0.018304 -0.030198 0.79215686 0.55686275 0.54509804
v 0.852907 0.017181 -0.030198 0.72549020 0.53333333 0.50588235
v 0.852717 0.017202 -0.030198 0.72156863 0.52941176 0.50196078
v 0.857634 0.021905 -0.030198 0.85882353 0.61568627 0.61960784
v 0.837690 0.015659 -0.030198 0.63137255 0.45882353 0.44313725
v 0.834670 0.015402 -0.030198 0.63921569 0.45882353 0.43921569
v 0.842653 0.016216 -0.030198 0.67450980 0.49411765 0.47843137
v 0.840755 0.015999 -0.030198 0.65882353 0.48235294 0.46666667
v 0.832428 0.015399 -0.030198 0.64705882 0.47058824 0.44705882
v 0.829007 0.015246 -0.030198 0.64705882 0.47058824 0.44313725
v -0.867727 0.022675 -0.033070 0.74901961 0.52941176 0.50980392
v -0.864965 0.025437 -0.033167 0.81568627 0.58823529 0.56862745
v -0.864965 0.019914 -0.031820 0.74901961 0.52941176 0.51764706
v -0.862203 0.017152 -0.032317 0.68627451 0.49803922 0.47843137
v -0.862203 0.022675 -0.030838 0.81176471 0.59607843 0.56862745
v -0.856680 0.017152 -0.030963 0.70196078 0.49411765 0.47450980
v -0.853918 0.014390 -0.033238 0.64705882 0.45490196 0.43529412
v -0.845632 0.028199 -0.032178 0.90980392 0.69411765 0.66274510
v -0.840109 0.028199 -0.031050 0.91372549 0.72549020 0.67843137
v -0.630211 0.039246 -0.033763 0.92549020 0.90980392 0.92941176
v -0.627450 0.042008 -0.033749 0.92549020 0.90980392 0.92941176
v -0.624688 0.044770 -0.033463 0.92549020 0.90980392 0.93333333
v -0.831823 0.014390 -0.032938 0.66666667 0.48235294 0.44705882
v -0.621926 0.047532 -0.033434 0.92941176 0.91372549 0.93333333
v -0.831837 0.030923 -0.032159 0.93333333 0.73333333 0.67450980
v -0.859442 0.025437 -0.031694 0.89411765 0.67058824 0.65490196
v -0.826300 0.030961 -0.030874 0.92549020 0.71764706 0.66274510
v -0.853918 0.025437 -0.030628 0.87843137 0.68235294 0.64313725
v -0.630212 0.033723 -0.033557 0.92156863 0.90588235 0.92549020
v -0.826300 0.014390 -0.033403 0.66274510 0.48235294 0.44705882
v -0.820776 0.014390 -0.034068 0.65490196 0.48627451 0.44313725
v -0.815253 0.014390 -0.033991 0.65098039 0.50196078 0.46274510
v -0.812491 0.017152 -0.030430 0.66666667 0.50196078 0.46666667
v -0.851156 0.017152 -0.030313 0.70196078 0.47843137 0.45490196
v -0.820776 0.030961 -0.030571 0.90588235 0.69803922 0.63921569
v -0.818015 0.033723 -0.033908 0.91372549 0.70980392 0.64313725
v -0.851156 0.028199 -0.033538 0.90196078 0.70980392 0.65882353
v -0.815253 0.030961 -0.030451 0.89411765 0.68235294 0.62745098
v -0.627450 0.030961 -0.033516 0.92156863 0.90588235 0.92156863
v -0.848394 0.014390 -0.032960 0.69803922 0.49411765 0.46666667
v -0.627450 0.025437 -0.033830 0.91764706 0.89803922 0.91764706
v -0.845633 0.017152 -0.030417 0.72549020 0.50588235 0.47843137
v -0.842871 0.014390 -0.033035 0.69803922 0.50588235 0.47058824
v -0.840109 0.017152 -0.030340 0.74117647 0.53333333 0.48627451
v -0.837347 0.014390 -0.032931 0.69803922 0.51372549 0.47843137
v -0.693736 0.019906 -0.030522 0.93333333 0.91372549 0.93333333
v -0.690974 0.017143 -0.033135 0.92156863 0.90588235 0.92549020
v -0.690974 0.022666 -0.032961 0.92549020 0.91372549 0.93333333
v -0.624688 0.028199 -0.033484 0.91764706 0.90588235 0.91764706
v -0.627450 0.036484 -0.033162 0.92156863 0.90588235 0.92156863
v -0.624688 0.033723 -0.033244 0.92156863 0.90980392 0.92549020
v -0.624688 0.039246 -0.032979 0.92549020 0.90980392 0.92549020
v -0.621941 0.030914 -0.033268 0.92156863 0.90980392 0.92156863
v -0.621926 0.042008 -0.032587 0.92941176 0.90980392 0.93333333
v 0.634639 0.014336 -0.033332 0.90980392 0.89019608 0.91764706
v 0.629115 0.014336 -0.032554 0.90588235 0.88627451 0.91372549
v 0.631877 0.017098 -0.031676 0.91764706 0.89803922 0.92549020
v 0.637401 0.017098 -0.032383 0.90980392 0.88627451 0.90980392
v 0.634639 0.019860 -0.030833 0.92156863 0.90196078 0.92549020
v 0.626354 0.017096 -0.030806 0.90980392 0.89019608 0.91764706
v 0.640163 0.019860 -0.031490 0.91372549 0.89803922 0.91764706
v 0.642924 0.022621 -0.030580 0.92941176 0.91372549 0.93333333
v 0.623592 0.014334 -0.032014 0.90980392 0.89019608 0.91764706
v 0.626354 0.044716 -0.030427 0.94117647 0.92549020 0.94509804
v 0.631877 0.044716 -0.030752 0.92941176 0.91764706 0.93333333
v 0.629115 0.047478 -0.032212 0.94509804 0.92941176 0.94117647
v 0.648448 0.017098 -0.033129 0.92941176 0.91372549 0.93333333
v 0.651210 0.019860 -0.032246 0.92156863 0.90196078 0.92156863
v 0.623592 0.047478 -0.031516 0.93333333 0.91764706 0.92941176
v 0.645686 0.019860 -0.031601 0.94117647 0.92549020 0.94509804
v 0.626354 0.050239 -0.033829 0.94901961 0.93333333 0.94509804
v 0.648448 0.022621 -0.030725 0.94509804 0.92549020 0.94509804
v 0.634639 0.047478 -0.033107 0.93725490 0.92156863 0.94117647
v 0.653972 0.022621 -0.031316 0.91372549 0.89411765 0.91372549
v 0.651210 0.025383 -0.030411 0.94117647 0.92549020 0.94509804
v 0.620830 0.050240 -0.032786 0.92941176 0.91372549 0.92941176
v 0.645686 0.025383 -0.030328 0.94509804 0.92549020 0.94509804
v 0.648448 0.028145 -0.030385 0.94509804 0.92941176 0.94901961
v 0.656758 0.025360 -0.031075 0.90588235 0.88627451 0.90588235
v 0.653972 0.028145 -0.030777 0.93725490 0.91764706 0.93725490
v 0.659520 0.028122 -0.031263 0.90980392 0.89019608 0.90980392
v 0.656734 0.030907 -0.030896 0.92941176 0.91372549 0.92941176
v 0.651210 0.030907 -0.030958 0.94509804 0.92941176 0.94509804
v 0.653972 0.033669 -0.030691 0.94509804 0.92549020 0.94509804
v 0.648448 0.033669 -0.030396 0.94901961 0.93725490 0.95294118
v 0.651210 0.036431 -0.030376 0.94509804 0.92941176 0.94509804
v 0.648448 0.039192 -0.030765 0.94509804 0.92941176 0.94509804
v 0.662281 0.030885 -0.031373 0.92156863 0.90588235 0.92156863
v 0.659495 0.033669 -0.030856 0.92156863 0.90588235 0.92156863
v 0.665036 0.033653 -0.031908 0.93725490 0.91764706 0.93725490
v 0.662271 0.036417 -0.032092 0.92156863 0.90588235 0.92549020
v 0.656754 0.036412 -0.030781 0.92941176 0.91372549 0.93333333
v 0.659518 0.039172 -0.032684 0.92156863 0.90588235 0.92549020
v 0.667823 0.036392 -0.032796 0.94117647 0.92549020 0.94117647
v 0.665040 0.039173 -0.033405 0.92941176 0.91372549 0.92941176
v 0.670591 0.039149 -0.033390 0.94509804 0.92941176 0.94509804
v 0.836356 0.028046 -0.032341 0.87450980 0.65490196 0.61960784
v 0.850088 0.025348 -0.031299 0.88235294 0.67450980 0.65490196
v 0.662283 0.041931 -0.034081 0.92156863 0.90980392 0.92549020
v 0.844591 0.025329 -0.030542 0.86666667 0.64705882 0.63921569
v 0.653994 0.039172 -0.031626 0.93725490 0.92156863 0.93725490
v 0.855597 0.025369 -0.032356 0.87450980 0.65098039 0.63529412
v 0.684493 0.019725 -0.032150 0.91764706 0.90196078 0.92156863
v 0.656761 0.041930 -0.033351 0.93725490 0.92549020 0.93725490
v 0.841959 0.027970 -0.033715 0.85882353 0.65098039 0.63137255
v 0.828047 0.014256 -0.031036 0.67058824 0.50196078 0.47058824
v 0.816971 0.014284 -0.031769 0.63137255 0.46666667 0.44705882
v 0.681734 0.022485 -0.032325 0.92549020 0.90980392 0.93333333
v 0.811465 0.014267 -0.031741 0.59607843 0.47450980 0.46274510
v 0.822503 0.014277 -0.031344 0.65098039 0.47450980 0.43137255
v 0.651232 0.041935 -0.032274 0.94509804 0.93333333 0.94509804
v 0.850062 0.014331 -0.031543 0.65098039 0.48235294 0.44705882
v 0.825294 0.027911 -0.030327 0.85490196 0.64313725 0.61568627
v 0.830792 0.028025 -0.030916 0.85882353 0.68235294 0.63921569
v 0.844553 0.014313 -0.031663 0.65490196 0.47450980 0.45882353
v 0.645686 0.041954 -0.031394 0.92941176 0.90980392 0.92941176
v 0.822526 0.030659 -0.032958 0.86666667 0.66666667 0.63529412
v 0.640163 0.041954 -0.030750 0.92941176 0.91372549 0.93333333
v 0.816998 0.030671 -0.031884 0.85490196 0.65098039 0.62352941
v 0.642924 0.044716 -0.032379 0.92549020 0.90980392 0.92941176
v 0.687228 0.022512 -0.030372 0.94509804 0.92941176 0.94901961
v 0.637401 0.044716 -0.031899 0.93333333 0.91764706 0.93725490
v 0.855584 0.014336 -0.032090 0.67058824 0.49411765 0.47450980
v 0.684456 0.025285 -0.031220 0.91372549 0.89803922 0.91764706
v 0.858346 0.017098 -0.030944 0.76470588 0.52941176 0.52549020
v 0.640163 0.047478 -0.034005 0.93725490 0.92156863 0.94117647
v 0.863869 0.017098 -0.033424 0.75686275 0.52549020 0.52549020
v 0.866631 0.019860 -0.033964 0.84705882 0.59215686 0.59607843
v 0.861107 0.019860 -0.030865 0.83921569 0.58823529 0.59215686
v 0.863869 0.022621 -0.032115 0.88627451 0.64705882 0.63529412
v 0.676241 0.022456 -0.033376 0.93333333 0.91372549 0.93725490
v 0.648469 0.044698 -0.032930 0.94509804 0.93333333 0.94901961
v 0.678947 0.025271 -0.032105 0.93725490 0.92156863 0.94117647
v 0.852822 0.017096 -0.030255 0.72549020 0.53333333 0.50588235
v 0.858348 0.022619 -0.030593 0.87058824 0.63137255 0.63529412
v 0.681663 0.028077 -0.031845 0.94117647 0.92156863 0.94509804
v 0.861107 0.025383 -0.033379 0.87843137 0.67058824 0.64313725
v 0.839062 0.014284 -0.031277 0.65490196 0.47843137 0.46666667
v 0.833559 0.014268 -0.031084 0.66274510 0.48627451 0.45882353
v 0.662288 0.019830 -0.033924 0.93333333 0.91372549 0.93333333
v 0.665054 0.022588 -0.032968 0.93333333 0.91764706 0.93725490
v 0.656759 0.019835 -0.033519 0.90588235 0.88627451 0.90588235
v 0.659522 0.022596 -0.032374 0.91372549 0.89803922 0.91764706
v 0.687160 0.028101 -0.030446 0.92941176 0.91372549 0.93333333
v 0.662283 0.025359 -0.032285 0.92549020 0.90588235 0.92941176
v 0.689914 0.030870 -0.030211 0.95686275 0.94509804 0.96078431
v 0.684405 0.030857 -0.031720 0.92549020 0.90980392 0.93333333
v 0.670629 0.022540 -0.033354 0.91372549 0.89411765 0.91764706
v 0.673403 0.025291 -0.032409 0.91764706 0.89803922 0.92156863
v 0.687139 0.033645 -0.031433 0.90980392 0.89019608 0.91372549
v 0.667824 0.025342 -0.032485 0.93333333 0.91372549 0.93725490
v 0.692661 0.033647 -0.030353 0.94901961 0.93725490 0.95294118
v 0.695426 0.036406 -0.030523 0.94901961 0.94117647 0.95294118
v 0.689876 0.036430 -0.031803 0.92156863 0.90980392 0.92549020
v 0.670591 0.028100 -0.032178 0.92549020 0.90980392 0.92941176
v 0.692652 0.039179 -0.032579 0.94117647 0.92941176 0.94509804
v 0.676148 0.028069 -0.031506 0.92549020 0.90980392 0.93333333
v 0.678867 0.030871 -0.030902 0.93725490 0.91764706 0.94509804
v 0.681616 0.033645 -0.031303 0.94509804 0.92549020 0.94901961
v 0.684376 0.036408 -0.032189 0.92941176 0.91372549 0.94117647
v 0.673349 0.030866 -0.031498 0.92156863 0.90588235 0.92549020
v 0.676099 0.033638 -0.031018 0.91764706 0.90196078 0.92156863
v 0.678855 0.036406 -0.031692 0.92156863 0.90588235 0.92549020
v 0.681610 0.039174 -0.032165 0.94117647 0.92549020 0.94509804
v 0.687114 0.039192 -0.032973 0.91372549 0.89803922 0.92156863
v 0.665049 0.028117 -0.031936 0.93725490 0.91764706 0.94117647
v 0.673335 0.036402 -0.032034 0.91372549 0.89803922 0.91764706
v 0.676092 0.039169 -0.032797 0.91372549 0.89803922 0.92156863
v 0.667814 0.030876 -0.032139 0.94509804 0.92549020 0.94901961
v 0.670576 0.033638 -0.031988 0.93725490 0.92156863 0.94117647
v 0.626354 0.011574 -0.033721 0.90196078 0.88627451 0.90980392
v 0.640163 0.014336 -0.033766 0.92941176 0.90980392 0.93333333
v 0.642924 0.017098 -0.032568 0.93725490 0.92156863 0.94117647
v -0.859442 0.019914 -0.030125 0.76078431 0.56862745 0.54117647
v -0.842871 0.025437 -0.029629 0.87450980 0.65882353 0.63137255
v -0.840109 0.022675 -0.028763 0.85490196 0.65098039 0.61568627
v -0.837347 0.025437 -0.029174 0.89019608 0.69803922 0.64705882
v -0.837347 0.019914 -0.028921 0.79607843 0.59607843 0.56470588
v -0.834585 0.022675 -0.028355 0.85882353 0.66274510 0.61960784
v -0.834585 0.028199 -0.030025 0.90980392 0.71764706 0.65490196
v -0.831823 0.025437 -0.028403 0.89411765 0.67843137 0.63529412
v -0.834585 0.017152 -0.030112 0.73333333 0.53333333 0.49803922
v -0.831823 0.019914 -0.028508 0.77647059 0.58431373 0.55294118
v -0.829062 0.017152 -0.029874 0.70980392 0.52549020 0.49411765
v -0.829062 0.022675 -0.028055 0.84705882 0.63529412 0.59607843
v -0.826300 0.019914 -0.028711 0.77647059 0.57647059 0.53333333
v -0.829062 0.028199 -0.029368 0.91372549 0.69411765 0.65490196
v -0.826300 0.025437 -0.028238 0.88235294 0.67058824 0.62352941
v -0.823538 0.022675 -0.027923 0.82745098 0.61960784 0.57254902
v -0.823538 0.028199 -0.028978 0.89411765 0.68627451 0.63529412
v -0.820776 0.025437 -0.028128 0.85490196 0.64705882 0.60000000
v -0.823538 0.017152 -0.030025 0.71764706 0.52156863 0.47843137
v -0.856680 0.022675 -0.029616 0.80392157 0.59607843 0.57254902
v -0.820776 0.019914 -0.028727 0.76078431 0.56470588 0.52156863
v -0.818014 0.017152 -0.030198 0.68235294 0.50980392 0.47058824
v -0.818014 0.022675 -0.027968 0.80000000 0.60000000 0.55686275
v -0.853918 0.019914 -0.029430 0.76078431 0.56078431 0.53725490
v -0.815253 0.019914 -0.028695 0.75294118 0.56862745 0.53333333
v -0.851156 0.022675 -0.029303 0.81568627 0.61176471 0.57647059
v -0.848394 0.019914 -0.029386 0.74901961 0.54117647 0.52156863
v -0.818014 0.028199 -0.028847 0.88235294 0.66666667 0.61960784
v -0.848394 0.025437 -0.030047 0.86666667 0.65490196 0.61568627
v -0.815253 0.025437 -0.028233 0.83921569 0.63137255 0.58823529
v -0.845633 0.022675 -0.029102 0.80000000 0.59607843 0.56862745
v -0.812491 0.022675 -0.028599 0.77647059 0.58039216 0.53725490
v -0.842871 0.019914 -0.029301 0.78823529 0.58039216 0.54901961
v -0.812491 0.028199 -0.029460 0.86666667 0.65490196 0.61176471
v -0.809729 0.025437 -0.028491 0.81568627 0.61568627 0.56862745
v 0.629115 0.019860 -0.029996 0.91372549 0.89411765 0.91764706
v 0.631877 0.022621 -0.029369 0.91764706 0.89803922 0.92156863
v 0.637401 0.022621 -0.030139 0.91372549 0.89411765 0.91764706
v 0.640163 0.025383 -0.029813 0.90980392 0.89019608 0.91372549
v 0.634639 0.025383 -0.028978 0.92549020 0.90588235 0.92941176
v 0.637401 0.028145 -0.029020 0.92156863 0.89803922 0.92549020
v 0.623592 0.019858 -0.029317 0.91764706 0.89803922 0.92549020
v 0.626354 0.039192 -0.028080 0.93725490 0.91764706 0.94117647
v 0.629115 0.041954 -0.029212 0.93333333 0.91764706 0.93725490
v 0.623592 0.041954 -0.028340 0.93333333 0.91764706 0.93725490
v 0.620830 0.044716 -0.029690 0.92941176 0.91764706 0.92941176
v 0.626354 0.022620 -0.028546 0.92549020 0.90196078 0.92941176
v 0.629116 0.025382 -0.028213 0.92156863 0.90196078 0.92156863
v 0.623592 0.025381 -0.027529 0.92549020 0.90588235 0.93333333
v 0.626354 0.028145 -0.027317 0.92941176 0.90980392 0.93333333
v 0.631877 0.028145 -0.028055 0.92156863 0.90196078 0.92549020
v 0.634639 0.030907 -0.028416 0.92941176 0.90980392 0.93333333
v 0.618069 0.030905 -0.026496 0.92549020 0.90588235 0.92549020
v 0.629115 0.030907 -0.027475 0.92549020 0.90588235 0.92941176
v 0.631877 0.033669 -0.027794 0.92156863 0.90588235 0.92941176
v 0.620831 0.028143 -0.026869 0.92941176 0.90980392 0.93333333
v 0.623592 0.030905 -0.026960 0.93333333 0.91372549 0.93725490
v 0.620831 0.033667 -0.026757 0.92941176 0.90980392 0.93333333
v 0.626354 0.033669 -0.027370 0.92941176 0.91372549 0.93333333
v 0.629115 0.036430 -0.027406 0.93333333 0.91372549 0.93333333
v 0.623592 0.036430 -0.027120 0.93333333 0.91372549 0.93725490
v 0.642924 0.028145 -0.029817 0.92156863 0.90196078 0.92549020
v 0.645686 0.030907 -0.029877 0.94117647 0.92156863 0.94117647
v 0.640163 0.030907 -0.029210 0.91372549 0.89803922 0.91764706
v 0.642924 0.033669 -0.029296 0.92156863 0.90588235 0.92549020
v 0.645686 0.036430 -0.029894 0.93725490 0.92156863 0.94117647
v 0.637401 0.033669 -0.028740 0.92941176 0.91372549 0.93333333
v 0.640163 0.036430 -0.029324 0.92156863 0.90588235 0.92549020
v 0.634639 0.036430 -0.028141 0.92941176 0.91372549 0.93333333
v 0.620831 0.039191 -0.027337 0.92941176 0.91372549 0.93333333
v 0.618069 0.041952 -0.028077 0.93725490 0.92156863 0.93725490
v 0.637401 0.039192 -0.029270 0.93333333 0.91764706 0.93725490
v 0.642924 0.039192 -0.029793 0.91764706 0.90196078 0.92156863
v 0.631877 0.039192 -0.028469 0.92549020 0.90980392 0.92941176
v 0.634639 0.041954 -0.030042 0.92549020 0.90980392 0.92941176
v 0.825337 0.016969 -0.029300 0.63529412 0.44313725 0.41568627
v 0.847312 0.017080 -0.029829 0.71764706 0.51764706 0.49803922
v 0.836303 0.017045 -0.029356 0.62352941 0.45098039 0.43529412
v 0.839035 0.019838 -0.028871 0.71764706 0.50196078 0.49411765
v 0.855586 0.019857 -0.029564 0.81176471 0.58039216 0.56862745
v 0.833515 0.019835 -0.028529 0.69803922 0.50196078 0.48627451
v 0.850064 0.019854 -0.029171 0.79215686 0.57254902 0.56078431
v 0.852831 0.022610 -0.029690 0.83529412 0.61176471 0.60392157
v 0.836286 0.022588 -0.028706 0.76470588 0.54117647 0.52156863
v 0.841788 0.022607 -0.029128 0.80392157 0.57254902 0.56862745
v 0.841802 0.017068 -0.029710 0.69019608 0.50588235 0.49019608
v 0.839074 0.025325 -0.029965 0.81568627 0.58431373 0.56470588
v 0.844551 0.019842 -0.029142 0.80000000 0.58039216 0.57647059
v 0.830780 0.022550 -0.028285 0.80784314 0.58431373 0.56862745
v 0.833524 0.025333 -0.029543 0.83921569 0.61960784 0.58823529
v 0.847302 0.022615 -0.029435 0.87058824 0.64313725 0.63529412
v 0.830787 0.017040 -0.029208 0.63921569 0.45882353 0.43921569
v 0.828067 0.019744 -0.028213 0.71764706 0.52156863 0.50588235
v 0.814237 0.017005 -0.029607 0.66666667 0.47843137 0.46274510
v 0.819796 0.016971 -0.029368 0.63137255 0.41568627 0.40784314
v 0.822588 0.019688 -0.028354 0.69803922 0.47450980 0.46274510
v 0.817070 0.019696 -0.028520 0.67843137 0.45490196 0.43921569
v 0.819800 0.022423 -0.028032 0.75686275 0.52941176 0.50196078
v 0.811486 0.019763 -0.028734 0.68627451 0.47450980 0.46666667
v 0.814240 0.022494 -0.028185 0.74117647 0.50980392 0.49803922
v 0.817017 0.025200 -0.028515 0.78431373 0.56470588 0.53333333
v 0.808696 0.022544 -0.028500 0.72549020 0.50588235 0.49019608
v 0.811418 0.025340 -0.029059 0.78039216 0.55294118 0.53725490
v 0.814234 0.027973 -0.029608 0.80784314 0.58039216 0.56078431
v 0.825270 0.022529 -0.028204 0.79215686 0.56470588 0.55294118
v 0.828024 0.025274 -0.028822 0.83921569 0.61176471 0.59215686
v 0.822548 0.025175 -0.028578 0.80784314 0.59215686 0.56078431
v 0.819773 0.027903 -0.029834 0.81568627 0.61960784 0.58039216
v 0.689950 0.025313 -0.029232 0.95686275 0.94117647 0.95686275
v 0.692677 0.028108 -0.028668 0.94901961 0.94117647 0.95294118
v 0.695446 0.030863 -0.028555 0.94901961 0.93725490 0.94901961
v 0.698219 0.033615 -0.028623 0.94509804 0.93333333 0.94509804
v -0.777636 0.024389 -0.026293 0.89019608 0.69803922 0.64313725
v -0.777205 0.026049 -0.026293 0.88235294 0.68627451 0.63529412
v -0.714668 -0.001022 -0.026293 0.85098039 0.69803922 0.63529412
v -0.772097 0.018880 -0.026293 0.82745098 0.61568627 0.57254902
v -0.708621 0.001660 -0.026293 0.83921569 0.74901961 0.72941176
v -0.765566 0.014416 -0.026293 0.83921569 0.62745098 0.58039216
v -0.702936 0.007022 -0.026293 0.89411765 0.88627451 0.89411765
v -0.698648 0.013781 -0.026293 0.91372549 0.90588235 0.92156863
v 0.713012 -0.003343 -0.026293 0.93333333 0.92156863 0.92549020
v -0.771064 0.030960 -0.026293 0.89803922 0.69411765 0.64705882
v 0.707768 -0.001231 -0.026293 0.93725490 0.92549020 0.94117647
v -0.771005 0.030902 -0.026293 0.89803922 0.70196078 0.65098039
v 0.701451 0.003448 -0.026293 0.93333333 0.92549020 0.94117647
v -0.765535 0.014395 -0.026293 0.83137255 0.61960784 0.57254902
v -0.763386 0.034331 -0.026293 0.92156863 0.72941176 0.67450980
v 0.696603 0.009683 -0.026293 0.94509804 0.93333333 0.94901961
v -0.698113 0.015534 -0.026293 0.91372549 0.90588235 0.92156863
v -0.759405 0.009478 -0.026293 0.81176471 0.60392157 0.55686275
v 0.694322 0.015403 -0.026293 0.95294118 0.93725490 0.95294118
v -0.752772 0.005064 -0.026293 0.80392157 0.60392157 0.55294118
v 0.743323 -0.000452 -0.026293 0.83921569 0.67450980 0.64313725
v -0.755519 0.037511 -0.026293 0.91764706 0.72941176 0.65882353
v 0.762962 0.012981 -0.026293 0.83137255 0.60392157 0.56470588
v -0.752633 0.038344 -0.026293 0.91764706 0.72549020 0.65490196
v -0.746509 0.039548 -0.026293 0.90588235 0.70980392 0.64313725
v 0.769363 0.017547 -0.026293 0.85882353 0.62745098 0.59215686
v 0.739964 -0.001913 -0.026293 0.85882353 0.71372549 0.68627451
v -0.745590 0.001199 -0.026293 0.80784314 0.61960784 0.56470588
v 0.774044 0.023864 -0.026293 0.89803922 0.67450980 0.62352941
v -0.738475 -0.001627 -0.026293 0.81960784 0.63137255 0.57647059
v 0.750417 0.003496 -0.026293 0.82352941 0.65098039 0.61960784
v -0.737611 -0.001870 -0.026293 0.82352941 0.64313725 0.58823529
v 0.767983 0.029914 -0.026293 0.92941176 0.72156863 0.65882353
v -0.728018 -0.003324 -0.026293 0.83529412 0.65490196 0.60000000
v 0.763105 0.031959 -0.026293 0.89019608 0.67058824 0.61176471
v -0.725758 -0.003298 -0.026293 0.84705882 0.67843137 0.61568627
v 0.725959 -0.005182 -0.026293 0.89019608 0.79607843 0.78039216
v 0.755313 0.035264 -0.026293 0.92549020 0.70980392 0.64313725
v -0.716473 -0.001536 -0.026293 0.84705882 0.67843137 0.60392157
v 0.725887 -0.005185 -0.026293 0.89411765 0.81568627 0.80392157
v 0.715920 -0.004149 -0.026293 0.90980392 0.85490196 0.85098039
v 0.735337 -0.003509 -0.026293 0.87843137 0.76078431 0.74117647
v -0.724759 0.039893 -0.026293 0.85882353 0.67843137 0.61960784
v 0.694059 0.018246 -0.026293 0.94901961 0.93725490 0.95294118
v -0.719115 0.038721 -0.026293 0.81568627 0.71764706 0.70196078
v 0.756927 0.008002 -0.026293 0.82352941 0.62745098 0.58823529
v 0.716406 0.037505 -0.026293 0.78039216 0.77647059 0.78431373
v -0.710832 0.035956 -0.026293 0.87843137 0.86274510 0.87450980
v 0.712385 0.036471 -0.026293 0.83921569 0.83137255 0.83921569
v -0.709115 0.035295 -0.026293 0.91372549 0.90588235 0.91372549
v -0.703804 0.031937 -0.026293 0.94509804 0.93333333 0.94509804
v 0.750084 0.036862 -0.026293 0.91764706 0.71764706 0.64313725
v -0.698950 0.025131 -0.026293 0.92156863 0.91764706 0.92156863
v 0.746617 0.037672 -0.026293 0.91372549 0.70980392 0.65098039
v -0.699109 0.025585 -0.026293 0.93725490 0.92941176 0.93725490
v 0.737120 0.039175 -0.026293 0.86274510 0.69019608 0.63529412
v 0.736736 0.039190 -0.026293 0.86274510 0.69019608 0.63921569
v 0.726061 0.039074 -0.026293 0.91372549 0.86666667 0.86274510
v 0.725893 0.039057 -0.026293 0.66274510 0.63137255 0.63137255
v 0.770523 0.028277 -0.026293 0.92941176 0.70980392 0.65490196
v 0.695674 0.025110 -0.026293 0.94901961 0.93725490 0.95294118
v 0.700692 0.031144 -0.026293 0.94117647 0.92941176 0.94117647
v 0.708051 0.034840 -0.026293 0.91372549 0.90196078 0.91372549
v -0.739455 0.040475 -0.026293 0.89019608 0.70980392 0.63529412
v -0.736516 0.040602 -0.026293 0.89019608 0.70980392 0.64313725
v -0.728622 0.040261 -0.026293 0.88235294 0.68235294 0.62352941
v -0.704780 0.042008 -0.033982 0.95686275 0.95294118 0.96470588
v -0.804205 0.019914 -0.028909 0.73333333 0.52941176 0.49803922
v -0.699257 0.036485 -0.030977 0.95686275 0.94901961 0.96470588
v -0.804207 0.030956 -0.030487 0.85490196 0.63921569 0.58431373
v -0.693733 0.030961 -0.030891 0.93333333 0.92156863 0.94117647
v -0.798685 0.025428 -0.028148 0.78039216 0.58823529 0.55686275
v -0.798682 0.014390 -0.033395 0.66666667 0.48235294 0.44313725
v -0.793161 0.019905 -0.028642 0.71764706 0.51372549 0.49019608
v -0.787635 0.014390 -0.032174 0.72549020 0.52549020 0.49019608
v -0.793163 0.030946 -0.029918 0.85882353 0.63921569 0.58823529
v -0.787639 0.025422 -0.027506 0.80000000 0.61176471 0.55686275
v -0.782112 0.019909 -0.027666 0.83137255 0.64705882 0.58823529
v -0.782113 0.030954 -0.028599 0.86666667 0.65490196 0.60392157
v 0.692784 0.016941 -0.027284 0.95294118 0.93725490 0.95294118
v -0.776587 0.014390 -0.030594 0.73333333 0.52549020 0.48235294
v -0.765540 0.014390 -0.026301 0.80000000 0.59607843 0.54509804
v -0.760017 0.008866 -0.029852 0.78431373 0.58431373 0.52941176
v 0.775549 0.011380 -0.033627 0.60784314 0.47058824 0.45882353
v 0.764479 0.011458 -0.029195 0.81176471 0.60392157 0.56862745
v -0.776587 0.036484 -0.032131 0.90980392 0.70196078 0.65098039
v 0.781099 0.016827 -0.029307 0.79215686 0.56862745 0.54901961
v -0.771064 0.030961 -0.026336 0.89803922 0.69803922 0.64705882
v -0.765540 0.036484 -0.028905 0.92941176 0.73333333 0.68235294
v 0.803191 0.017016 -0.030334 0.59215686 0.46274510 0.43529412
v -0.748969 0.042008 -0.031031 0.89803922 0.71764706 0.66274510
v 0.770037 0.016875 -0.026816 0.84313725 0.60784314 0.58039216
v 0.775588 0.022318 -0.026595 0.88235294 0.64705882 0.60392157
v 0.792157 0.016908 -0.030505 0.68627451 0.46666667 0.45098039
v -0.726875 -0.002181 -0.034080 0.83529412 0.67450980 0.62352941
v 0.764558 0.033333 -0.027837 0.90980392 0.69411765 0.63137255
v 0.797656 0.022462 -0.028700 0.76470588 0.53333333 0.50196078
v 0.786640 0.022306 -0.028378 0.81176471 0.60000000 0.55686275
v 0.759025 0.038926 -0.032952 0.90588235 0.70588235 0.63529412
v -0.726875 0.042008 -0.029493 0.85882353 0.67058824 0.62352941
v 0.792170 0.027821 -0.029797 0.87450980 0.65882353 0.62352941
v -0.715828 0.042008 -0.031776 0.90588235 0.85098039 0.84705882
v 0.714917 0.039011 -0.028691 0.83921569 0.83137255 0.83921569
v 0.803182 0.027946 -0.029943 0.85882353 0.62745098 0.58431373
v 0.747964 0.038986 -0.028858 0.90196078 0.70980392 0.64705882
v -0.710304 0.036484 -0.026993 0.84705882 0.83137255 0.83921569
v 0.781139 0.027769 -0.028446 0.87450980 0.65098039 0.59607843
v 0.742358 0.000513 -0.030892 0.84313725 0.69411765 0.66666667
v 0.786714 0.033153 -0.033664 0.87058824 0.61960784 0.57647059
v 0.725923 -0.005145 -0.026847 0.89411765 0.81176471 0.80000000
v 0.775625 0.033275 -0.030866 0.91372549 0.69019608 0.63921569
v 0.703799 0.039088 -0.031458 0.95294118 0.94509804 0.95686275
v -0.759152 0.020778 -0.018481 0.87843137 0.66274510 0.61176471
v -0.756652 0.027597 -0.018481 0.93333333 0.73725490 0.67843137
v -0.757612 0.011271 -0.018481 0.83921569 0.61960784 0.57647059
v -0.759422 0.019319 -0.018481 0.86274510 0.63137255 0.59215686
v -0.752841 0.004994 -0.018481 0.81960784 0.60784314 0.56470588
v -0.750424 0.032416 -0.018481 0.92549020 0.72549020 0.67450980
v -0.745569 0.034361 -0.018481 0.92156863 0.71372549 0.65882353
v -0.742104 0.035143 -0.018481 0.91764706 0.70980392 0.65098039
v -0.746402 0.000386 -0.018481 0.81176471 0.61568627 0.56470588
v -0.738374 -0.002633 -0.018481 0.82352941 0.62745098 0.57647059
v 0.744273 -0.001400 -0.018481 0.83921569 0.65882353 0.62352941
v -0.737243 -0.002860 -0.018481 0.84313725 0.65098039 0.59215686
v 0.737980 -0.003922 -0.018481 0.85882353 0.69803922 0.66274510
v -0.727439 -0.002745 -0.018481 0.83921569 0.65098039 0.59215686
v 0.750667 0.003249 -0.018481 0.81568627 0.63137255 0.60000000
v -0.726458 -0.002598 -0.018481 0.84705882 0.65882353 0.59215686
v -0.718185 0.000177 -0.018481 0.86274510 0.69411765 0.63137255
v 0.736215 -0.004388 -0.018481 0.87450980 0.73333333 0.70196078
v -0.711937 0.004976 -0.018481 0.86666667 0.77254902 0.74901961
v 0.726274 -0.004850 -0.018481 0.87450980 0.73333333 0.69803922
v 0.725505 -0.004728 -0.018481 0.85098039 0.75686275 0.73333333
v 0.717510 -0.002685 -0.018481 0.93333333 0.92941176 0.93725490
v -0.733402 0.035481 -0.018481 0.89019608 0.69803922 0.65098039
v -0.731276 0.035362 -0.018481 0.87058824 0.67843137 0.63137255
v 0.755299 0.009661 -0.018481 0.80392157 0.60784314 0.57254902
v 0.756951 0.015073 -0.018481 0.84313725 0.63137255 0.58823529
v -0.723912 0.033924 -0.018481 0.78823529 0.61960784 0.57254902
v 0.756678 0.019299 -0.018481 0.89803922 0.68235294 0.61960784
v -0.716415 0.030374 -0.018481 0.89019608 0.81960784 0.79607843
v 0.755317 0.024389 -0.018481 0.92549020 0.70980392 0.64313725
v -0.710542 0.025199 -0.018481 0.91764706 0.90588235 0.92549020
v 0.749907 0.029931 -0.018481 0.88627451 0.67058824 0.60392157
v -0.707633 0.011719 -0.018481 0.88627451 0.79215686 0.76862745
v -0.707220 0.017474 -0.018481 0.89803922 0.82745098 0.81960784
v 0.710744 0.001620 -0.018481 0.94117647 0.92549020 0.93333333
v 0.705654 0.007664 -0.018481 0.94901961 0.93333333 0.95686275
v 0.704179 0.016507 -0.018481 0.94117647 0.93333333 0.94509804
v 0.704408 0.017525 -0.018481 0.93725490 0.92941176 0.94509804
v 0.707768 0.023994 -0.018481 0.92549020 0.91372549 0.92549020
v 0.721373 0.032492 -0.018481 0.82745098 0.80392157 0.81568627
v 0.718418 0.031393 -0.018481 0.89019608 0.87450980 0.88627451
v 0.713746 0.029069 -0.018481 0.93333333 0.92549020 0.93333333
v 0.742935 0.032938 -0.018481 0.91764706 0.70196078 0.64313725
v 0.742115 0.033141 -0.018481 0.91764706 0.70588235 0.64313725
v 0.731869 0.033885 -0.018481 0.91764706 0.76078431 0.71764706
v 0.730992 0.033857 -0.018481 0.76470588 0.63921569 0.61568627
v -0.710304 0.025437 -0.018752 0.91764706 0.90980392 0.92941176
v -0.704780 0.019914 -0.020721 0.87450980 0.83529412 0.84313725
v -0.776587 0.025437 -0.026088 0.88627451 0.69019608 0.63921569
v -0.704780 0.030961 -0.025150 0.94509804 0.93333333 0.94117647
v -0.699257 0.025437 -0.026158 0.93333333 0.92549020 0.93333333
v -0.771064 0.019914 -0.025497 0.85882353 0.64705882 0.60784314
v -0.699257 0.014390 -0.025404 0.90588235 0.89803922 0.91372549
v -0.765540 0.025437 -0.022763 0.93725490 0.72549020 0.66666667
v -0.710304 0.003343 -0.021773 0.85882353 0.74117647 0.70588235
v -0.760017 0.019914 -0.019242 0.87058824 0.65098039 0.60392157
v -0.704780 0.008866 -0.022517 0.86666667 0.81960784 0.82352941
v -0.760017 0.030961 -0.022387 0.92941176 0.73333333 0.67058824
v 0.709362 0.000293 -0.021576 0.94117647 0.92941176 0.94117647
v -0.754493 0.036484 -0.024692 0.91764706 0.72941176 0.65490196
v 0.703807 0.005819 -0.021294 0.93725490 0.93333333 0.94509804
v 0.725936 -0.005158 -0.021812 0.89019608 0.79607843 0.78039216
v 0.698302 0.011371 -0.023714 0.94509804 0.92941176 0.94901961
v -0.743446 0.036484 -0.020904 0.91764706 0.70980392 0.63921569
v -0.737922 -0.002181 -0.024204 0.82352941 0.63529412 0.58039216
v 0.758940 0.017034 -0.020694 0.89411765 0.67843137 0.62745098
v 0.764509 0.022417 -0.023307 0.91764706 0.69803922 0.63921569
v 0.698242 0.022529 -0.024013 0.95686275 0.94117647 0.95686275
v 0.770072 0.027829 -0.025961 0.93725490 0.71372549 0.66274510
v -0.732398 0.036484 -0.020034 0.89019608 0.69019608 0.63529412
v 0.703783 0.028035 -0.022842 0.94117647 0.92941176 0.94117647
v 0.758988 0.027938 -0.022130 0.93333333 0.71764706 0.66274510
v 0.709387 0.033488 -0.024331 0.92549020 0.91372549 0.92156863
v 0.753474 0.033440 -0.023585 0.89803922 0.69019608 0.62352941
v -0.721351 0.036484 -0.022678 0.83921569 0.69019608 0.65098039
v 0.703776 0.016913 -0.018825 0.94117647 0.93333333 0.94509804
v 0.720442 0.033432 -0.019962 0.80784314 0.78823529 0.80392157
v -0.715828 0.030961 -0.019318 0.88627451 0.83529412 0.81568627
v 0.742422 0.033453 -0.019048 0.91764706 0.70588235 0.64313725
v 0.736934 0.038990 -0.025991 0.86666667 0.69411765 0.63921569
v 0.725968 0.038981 -0.026151 0.72549020 0.68235294 0.68235294
v -0.758292 0.010588 -0.010669 0.83529412 0.60784314 0.57254902
v -0.757385 0.017278 -0.010669 0.89019608 0.60784314 0.58823529
v -0.754195 0.003641 -0.010669 0.80784314 0.60000000 0.56078431
v -0.753049 0.023993 -0.010669 0.92941176 0.72549020 0.68235294
v -0.746314 0.028305 -0.010669 0.92156863 0.73725490 0.65882353
v -0.738453 0.030430 -0.010669 0.86666667 0.67843137 0.63137255
v -0.737453 0.030492 -0.010669 0.86274510 0.67450980 0.62745098
v -0.747290 -0.000502 -0.010669 0.80000000 0.60392157 0.55686275
v -0.738086 -0.002345 -0.010669 0.81568627 0.62745098 0.57254902
v -0.737741 -0.002362 -0.010669 0.83529412 0.64313725 0.58823529
v -0.728293 -0.000763 -0.010669 0.88235294 0.68235294 0.62745098
v 0.745205 -0.002334 -0.010669 0.81176471 0.61960784 0.58431373
v -0.721588 0.003580 -0.010669 0.89019608 0.69803922 0.63921569
v -0.717138 0.010177 -0.010669 0.88235294 0.74117647 0.70980392
v 0.738044 -0.004015 -0.010669 0.85882353 0.66274510 0.62352941
v -0.728872 0.028963 -0.010669 0.79215686 0.61568627 0.56078431
v 0.752240 0.001674 -0.010669 0.77254902 0.58431373 0.55294118
v -0.721924 0.024865 -0.010669 0.89803922 0.70196078 0.66274510
v -0.717384 0.018358 -0.010669 0.87843137 0.73333333 0.69019608
v 0.735930 -0.004104 -0.010669 0.87058824 0.67058824 0.62352941
v 0.727950 -0.003267 -0.010669 0.88235294 0.70588235 0.64313725
v 0.720614 0.000331 -0.010669 0.91372549 0.85882353 0.87058824
v 0.756224 0.008738 -0.010669 0.76470588 0.56862745 0.53333333
v 0.755728 0.013859 -0.010669 0.79215686 0.56470588 0.52941176
v 0.752066 0.021120 -0.010669 0.92156863 0.70588235 0.65490196
v 0.745894 0.025842 -0.010669 0.92549020 0.71372549 0.64705882
v 0.715434 0.006299 -0.010669 0.94509804 0.93333333 0.94509804
v 0.714780 0.016789 -0.010669 0.90588235 0.88627451 0.89411765
v 0.726581 0.027226 -0.010669 0.78039216 0.68627451 0.67450980
v 0.724101 0.026130 -0.010669 0.89803922 0.81960784 0.81568627
v 0.714806 0.016858 -0.010669 0.92549020 0.90588235 0.91372549
v 0.719457 0.023258 -0.010669 0.94509804 0.93333333 0.95686275
v 0.737493 0.028405 -0.010669 0.64313725 0.53333333 0.50588235
v 0.736196 0.028582 -0.010669 0.69411765 0.58039216 0.55294118
v -0.754493 0.025437 -0.015314 0.92941176 0.72941176 0.67450980
v -0.748969 0.030961 -0.016247 0.92549020 0.72549020 0.68235294
v -0.737922 0.030961 -0.011430 0.86666667 0.67843137 0.63137255
v -0.726875 -0.002181 -0.016381 0.85490196 0.66274510 0.59607843
v -0.721351 0.003343 -0.011171 0.88627451 0.69803922 0.63921569
v -0.715827 0.008866 -0.012300 0.89803922 0.77647059 0.74901961
v -0.726875 0.030961 -0.013867 0.81960784 0.63921569 0.58823529
v -0.721351 0.025437 -0.011486 0.89803922 0.70980392 0.67843137
v 0.720474 0.000252 -0.010926 0.91372549 0.85098039 0.86274510
v -0.715827 0.019914 -0.012366 0.89019608 0.80392157 0.79215686
v -0.710304 0.014390 -0.015867 0.89411765 0.82745098 0.81176471
v 0.753434 0.022506 -0.015709 0.92156863 0.70980392 0.64313725
v 0.747936 0.027952 -0.015478 0.90980392 0.70196078 0.63921569
v 0.714877 0.005742 -0.011459 0.94509804 0.93725490 0.94901961
v 0.709315 0.011311 -0.014378 0.94901961 0.94117647 0.94901961
v 0.725857 0.027952 -0.011810 0.76862745 0.68627451 0.67450980
v 0.709314 0.022402 -0.016651 0.92549020 0.91372549 0.92156863
v 0.714883 0.027905 -0.016930 0.93333333 0.92549020 0.93333333
v 0.731415 0.033432 -0.017845 0.76862745 0.64313725 0.61568627
v -0.764221 0.004660 -0.002858 0.73725490 0.54901961 0.51764706
v -0.765016 0.013817 -0.002858 0.76470588 0.57254902 0.54509804
v -0.757487 0.000349 -0.002858 0.75686275 0.55686275 0.52156863
v -0.750099 -0.001051 -0.002858 0.76470588 0.56470588 0.52549020
v -0.759077 0.018956 -0.002858 0.82745098 0.61568627 0.58431373
v -0.751887 0.022826 -0.002858 0.92941176 0.72156863 0.67843137
v 0.755347 -0.001426 -0.002858 0.75686275 0.56470588 0.53725490
v -0.743673 0.025210 -0.002858 0.79215686 0.62352941 0.57254902
v 0.750516 -0.002495 -0.002858 0.79607843 0.59607843 0.56470588
v -0.743252 0.025243 -0.002858 0.83921569 0.65490196 0.60392157
v 0.745730 -0.002856 -0.002858 0.83921569 0.63529412 0.59607843
v -0.734068 0.023768 -0.002858 0.81176471 0.63921569 0.59215686
v 0.739572 -0.002667 -0.002858 0.87843137 0.65882353 0.61176471
v 0.732299 -0.000482 -0.002858 0.90980392 0.70588235 0.65098039
v -0.747930 -0.001141 -0.002858 0.75294118 0.54901961 0.50588235
v 0.731258 -0.000022 -0.002858 0.90980392 0.70980392 0.65490196
v 0.725455 0.005210 -0.002858 0.91372549 0.76862745 0.72941176
v -0.739527 -0.000576 -0.002858 0.82745098 0.62745098 0.58039216
v -0.734710 0.001031 -0.002858 0.87843137 0.67058824 0.61568627
v 0.762396 0.002575 -0.002858 0.74117647 0.56078431 0.53333333
v -0.731682 0.002627 -0.002858 0.89411765 0.69019608 0.63529412
v 0.764049 0.011173 -0.002858 0.76862745 0.60000000 0.56078431
v 0.758505 0.016612 -0.002858 0.79607843 0.60392157 0.56078431
v -0.728141 0.018648 -0.002858 0.90980392 0.72549020 0.67058824
v 0.751448 0.020444 -0.002858 0.90196078 0.69411765 0.63529412
v -0.726851 0.008891 -0.002858 0.90196078 0.70588235 0.64705882
v 0.743173 0.023113 -0.002858 0.53725490 0.43921569 0.40784314
v -0.726864 0.008856 -0.002858 0.89803922 0.69803922 0.64313725
v 0.724398 0.007308 -0.002858 0.93333333 0.80784314 0.78039216
v 0.726094 0.016617 -0.002858 0.89019608 0.74509804 0.71372549
v 0.731997 0.021759 -0.002858 0.86666667 0.72549020 0.70196078
v 0.741473 0.023313 -0.002858 0.64313725 0.51764706 0.48235294
v -0.732398 0.025437 -0.005326 0.84313725 0.66274510 0.60784314
v -0.760018 0.008863 -0.008148 0.79215686 0.58039216 0.56078431
v -0.726875 0.019914 -0.004416 0.90588235 0.72156863 0.67058824
v -0.754493 0.003343 -0.009842 0.78431373 0.58039216 0.54509804
v -0.721351 0.014390 -0.006795 0.90980392 0.70588235 0.63921569
v -0.743446 0.025437 -0.003261 0.77254902 0.60784314 0.56078431
v -0.737922 -0.002181 -0.009677 0.80784314 0.63529412 0.57254902
v 0.753414 0.000503 -0.007473 0.76470588 0.57647059 0.54509804
v 0.758923 0.006042 -0.007218 0.68235294 0.51372549 0.48627451
v 0.720417 0.011267 -0.005549 0.92156863 0.87450980 0.87058824
v 0.714828 0.016837 -0.010647 0.91372549 0.89411765 0.89803922
v 0.725929 0.016777 -0.003067 0.89019608 0.74901961 0.72156863
v 0.731425 0.022328 -0.003673 0.88235294 0.73333333 0.70980392
v 0.720363 0.022344 -0.009567 0.93725490 0.92549020 0.95294118
v 0.736922 0.027848 -0.009762 0.68235294 0.56862745 0.54117647
v 0.774526 0.001492 0.004954 0.74117647 0.56470588 0.53725490
v 0.776398 0.005144 0.004954 0.73333333 0.56470588 0.53725490
v 0.776512 0.007072 0.004954 0.71764706 0.55294118 0.53333333
v 0.775054 0.011137 0.004954 0.65490196 0.50980392 0.49803922
v -0.776447 0.003483 0.004954 0.71372549 0.53333333 0.50588235
v -0.775722 0.013241 0.004954 0.81176471 0.59607843 0.57254902
v -0.769164 0.017687 0.004954 0.84313725 0.63529412 0.60392157
v -0.770378 -0.001495 0.004954 0.70588235 0.52156863 0.49019608
v -0.760541 -0.002705 0.004954 0.70196078 0.50980392 0.47058824
v -0.759574 -0.002624 0.004954 0.66666667 0.48235294 0.43529412
v 0.768343 -0.003372 0.004954 0.74509804 0.56470588 0.52941176
v -0.750855 -0.000295 0.004954 0.73725490 0.54117647 0.49803922
v 0.758282 -0.004360 0.004954 0.77254902 0.56862745 0.53333333
v 0.759491 -0.004478 0.004954 0.75294118 0.55686275 0.52549020
v 0.750548 -0.002529 0.004954 0.80392157 0.58431373 0.56470588
v -0.760097 0.019854 0.004954 0.82352941 0.62745098 0.59607843
v 0.743304 0.000986 0.004954 0.88235294 0.67058824 0.62352941
v -0.759990 0.019867 0.004954 0.78039216 0.60392157 0.56862745
v 0.737993 0.006529 0.004954 0.91764706 0.73333333 0.67843137
v 0.739610 0.014240 0.004954 0.89803922 0.70980392 0.65882353
v -0.749130 0.019747 0.004954 0.60000000 0.48235294 0.45098039
v -0.748699 0.019632 0.004954 0.87843137 0.69019608 0.62745098
v 0.768828 0.015936 0.004954 0.81568627 0.62352941 0.59607843
v 0.760000 0.018101 0.004954 0.86666667 0.67058824 0.62352941
v -0.741511 0.016325 0.004954 0.92156863 0.72941176 0.65882353
v -0.743764 0.003661 0.004954 0.83921569 0.65098039 0.58823529
v 0.757598 0.018366 0.004954 0.90196078 0.70196078 0.63921569
v -0.738973 0.009918 0.004954 0.89803922 0.69803922 0.63921569
v 0.749118 0.018051 0.004954 0.60392157 0.47843137 0.45098039
v 0.747069 0.017811 0.004954 0.70588235 0.55686275 0.52156863
v -0.771074 0.008833 0.000293 0.67843137 0.52549020 0.49411765
v -0.765553 0.014350 -0.002199 0.79215686 0.59607843 0.56862745
v -0.765540 0.003343 -0.001394 0.70980392 0.52941176 0.49803922
v -0.760016 -0.002181 0.003177 0.71764706 0.52941176 0.49019608
v -0.760031 0.019869 0.000558 0.79215686 0.60784314 0.57254902
v -0.748972 0.019906 0.004685 0.58431373 0.47450980 0.44313725
v -0.737922 0.019914 0.001692 0.89411765 0.70196078 0.65098039
v -0.743446 0.003343 0.004492 0.84313725 0.65098039 0.58431373
v -0.737922 0.008866 0.004273 0.89019608 0.69019608 0.62745098
v -0.732398 0.003343 -0.001751 0.89411765 0.68627451 0.63529412
v 0.742593 0.000280 0.003736 0.89019608 0.68235294 0.63529412
v -0.732398 0.014390 0.001220 0.91764706 0.71764706 0.65490196
v 0.764444 0.000527 -0.000535 0.74509804 0.56470588 0.53333333
v -0.726875 0.008866 -0.002846 0.90196078 0.70588235 0.65098039
v 0.731570 0.000243 -0.002387 0.90980392 0.70588235 0.65098039
v 0.769968 0.006051 0.000497 0.74509804 0.57254902 0.54509804
v 0.726003 0.005749 -0.002253 0.89803922 0.75294118 0.71764706
v 0.737145 0.005722 0.004315 0.92156863 0.73725490 0.67450980
v 0.731567 0.011261 0.002014 0.90980392 0.70980392 0.66274510
v 0.736979 0.016844 0.002712 0.90196078 0.72156863 0.67058824
v 0.764446 0.011569 -0.002448 0.79215686 0.60784314 0.57647059
v 0.758937 0.017043 -0.001672 0.83529412 0.64313725 0.60000000
v 0.742427 0.022375 -0.001552 0.75294118 0.59607843 0.54901961
v -0.782998 0.007946 0.008860 0.66274510 0.51372549 0.49803922
v -0.782808 0.009476 0.008860 0.69411765 0.53333333 0.51764706
v -0.779473 0.000457 0.008860 0.68627451 0.50980392 0.49019608
v -0.780319 0.001550 0.008860 0.68235294 0.51372549 0.49411765
v -0.781380 0.004059 0.008860 0.65882353 0.50980392 0.49411765
v -0.780418 0.012442 0.008860 0.74117647 0.56078431 0.54117647
v -0.777611 0.015053 0.008860 0.78431373 0.58823529 0.56470588
v -0.774582 0.016187 0.008860 0.80784314 0.60392157 0.57647059
v 0.777381 0.013464 0.008860 0.75686275 0.57647059 0.56078431
v 0.773824 0.015416 0.008860 0.79215686 0.59607843 0.58039216
v 0.771008 0.016046 0.008860 0.81568627 0.61568627 0.59607843
v 0.777074 -0.001056 0.008860 0.74509804 0.56862745 0.54117647
v 0.779510 0.002032 0.008860 0.74509804 0.56862745 0.54509804
v 0.781071 0.005995 0.008860 0.75294118 0.57254902 0.55686275
v 0.781081 0.006117 0.008860 0.75686275 0.57647059 0.55686275
v 0.780011 0.010570 0.008860 0.75686275 0.57647059 0.56078431
v -0.782130 0.008805 0.008187 0.58431373 0.47843137 0.47450980
v -0.779349 0.000581 0.008648 0.69411765 0.51372549 0.49019608
v -0.779368 0.006042 0.006834 0.69411765 0.52941176 0.50980392
v -0.776587 0.003343 0.005135 0.69803922 0.52156863 0.49803922
v -0.779405 0.011447 0.007766 0.71764706 0.54509804 0.52941176
v -0.776669 0.014125 0.006854 0.77254902 0.57647059 0.55686275
v 0.775491 0.011574 0.005516 0.72156863 0.55686275 0.54117647
v 0.772732 0.014326 0.005867 0.75686275 0.58039216 0.56078431
v 0.775491 0.000527 0.006257 0.74117647 0.56470588 0.54117647
v 0.778253 0.003289 0.007073 0.73725490 0.56470588 0.54117647
v 0.781015 0.006051 0.008800 0.74509804 0.56862745 0.55294118
v 0.778253 0.008812 0.006654 0.72549020 0.55686275 0.54117647
v -0.785514 0.005463 0.012765 0.67450980 0.51372549 0.49411765
v -0.785831 0.007027 0.012765 0.67843137 0.51764706 0.50196078
v -0.785723 0.010712 0.012765 0.69803922 0.53333333 0.51372549
v -0.785323 0.011920 0.012765 0.72941176 0.54901961 0.52941176
v -0.783867 0.001587 0.012765 0.67450980 0.50980392 0.49019608
v -0.781312 -0.001382 0.012765 0.68235294 0.50980392 0.49019608
v -0.782678 0.014605 0.012765 0.76078431 0.56862745 0.54117647
v -0.780536 0.015752 0.012765 0.78039216 0.58039216 0.55686275
v -0.778880 0.016255 0.012765 0.81568627 0.60784314 0.58039216
v -0.774342 0.017145 0.012765 0.83529412 0.62352941 0.59607843
v -0.773416 0.017287 0.012765 0.85490196 0.64313725 0.61568627
v 0.778981 -0.002963 0.012765 0.74901961 0.56862745 0.54509804
v 0.781721 -0.000179 0.012765 0.75294118 0.57254902 0.54901961
v 0.777034 0.015555 0.012765 0.81176471 0.60784314 0.59215686
v 0.774528 0.016122 0.012765 0.82745098 0.61568627 0.60392157
v 0.783356 0.002868 0.012765 0.75686275 0.57647059 0.55686275
v 0.778834 0.014917 0.012765 0.80392157 0.60392157 0.58823529
v 0.783601 0.003465 0.012765 0.76862745 0.58431373 0.56862745
v 0.770124 0.016918 0.012765 0.84313725 0.63137255 0.61568627
v 0.784545 0.008044 0.012765 0.78431373 0.59215686 0.58039216
v 0.784374 0.009409 0.012765 0.79215686 0.59607843 0.58431373
v 0.782272 0.012832 0.012765 0.78823529 0.59607843 0.58039216
v -0.777790 -0.003383 0.012765 0.69019608 0.50980392 0.48627451
v -0.774474 -0.004294 0.012765 0.70196078 0.50980392 0.48627451
v -0.773321 -0.004438 0.012765 0.70588235 0.50588235 0.47843137
v -0.768419 -0.004825 0.012765 0.70588235 0.50588235 0.47450980
v -0.769314 0.017668 0.012765 0.86274510 0.64705882 0.61960784
v -0.768134 -0.004774 0.012765 0.70588235 0.50196078 0.47058824
v -0.764399 -0.003322 0.012765 0.70980392 0.51372549 0.47450980
v -0.760345 -0.001852 0.012765 0.71372549 0.51372549 0.46666667
v 0.770924 -0.005954 0.012765 0.74117647 0.56862745 0.53333333
v 0.768926 -0.006076 0.012765 0.74117647 0.56862745 0.52941176
v 0.775699 -0.004793 0.012765 0.74509804 0.56862745 0.54117647
v 0.775398 -0.004904 0.012765 0.74509804 0.56862745 0.53725490
v 0.765443 -0.005997 0.012765 0.74509804 0.56470588 0.52941176
v 0.763848 -0.005674 0.012765 0.75294118 0.56078431 0.52549020
v 0.759876 -0.004102 0.012765 0.73725490 0.52156863 0.49019608
v 0.769851 0.016934 0.012765 0.85098039 0.64313725 0.62352941
v -0.784881 0.006075 0.011620 0.66666667 0.51372549 0.49803922
v -0.784910 0.011506 0.012054 0.71372549 0.54509804 0.52549020
v -0.782117 0.003321 0.009860 0.67058824 0.50980392 0.49411765
v -0.782195 0.014118 0.011593 0.74117647 0.56078431 0.53725490
v -0.773938 0.016794 0.010373 0.82745098 0.61960784 0.59215686
v 0.778253 0.014336 0.010948 0.78431373 0.59215686 0.57647059
v 0.778253 -0.002235 0.010988 0.74901961 0.56862745 0.54509804
v 0.781015 0.000527 0.011218 0.74901961 0.57254902 0.54901961
v 0.783777 0.008812 0.011842 0.77254902 0.58431373 0.56862745
v 0.781015 0.011574 0.010335 0.77647059 0.58823529 0.57254902
v -0.754695 0.003544 0.012765 0.75294118 0.57254902 0.53725490
v -0.762352 0.017414 0.012765 0.90196078 0.67843137 0.63921569
v -0.755399 0.013450 0.012765 0.89411765 0.68235294 0.62745098
v 0.753749 0.000726 0.012765 0.78823529 0.59215686 0.54117647
v 0.752603 0.010597 0.012765 0.90588235 0.69803922 0.65098039
v 0.760098 0.015863 0.012765 0.90980392 0.69411765 0.66274510
v 0.755463 0.013498 0.012765 0.83529412 0.64313725 0.61176471
v 0.753335 0.011577 0.012765 0.92156863 0.70588235 0.66274510
v -0.771064 -0.002181 0.006414 0.70588235 0.51372549 0.48627451
v -0.743446 0.014390 0.006501 0.91764706 0.72156863 0.65882353
v -0.760016 -0.002181 0.011954 0.70980392 0.50980392 0.46274510
v -0.754493 0.003343 0.012504 0.77647059 0.58039216 0.54117647
v -0.760052 0.019803 0.005413 0.90980392 0.69803922 0.65882353
v -0.754503 0.014358 0.011752 0.85490196 0.66274510 0.60784314
v -0.748971 0.008861 0.010042 0.87843137 0.67058824 0.61568627
v 0.769977 -0.005006 0.009192 0.74117647 0.56470588 0.53333333
v 0.753472 0.000445 0.012335 0.80784314 0.60392157 0.55294118
v 0.748050 0.005856 0.010452 0.90588235 0.69803922 0.65882353
v 0.742562 0.011316 0.007176 0.89411765 0.70196078 0.65490196
v 0.758944 0.017020 0.010036 0.91764706 0.70588235 0.66666667
v 0.747980 0.016905 0.006131 0.90588235 0.69803922 0.65490196
v -0.785208 0.000245 0.016671 0.67450980 0.50588235 0.48627451
v -0.786444 0.002152 0.016671 0.67450980 0.50980392 0.49019608
v -0.782469 -0.002539 0.016671 0.67843137 0.50588235 0.48627451
v -0.788458 0.008043 0.016671 0.68627451 0.51764706 0.49803922
v -0.788536 0.009767 0.016671 0.70196078 0.52941176 0.50588235
v -0.787291 0.003686 0.016671 0.67843137 0.51372549 0.49803922
v -0.787053 0.013666 0.016671 0.71764706 0.54117647 0.51764706
v -0.780637 -0.003655 0.016671 0.68627451 0.50588235 0.48235294
v -0.778763 -0.004357 0.016671 0.70196078 0.50980392 0.48627451
v -0.773857 -0.004911 0.016671 0.70980392 0.50980392 0.48627451
v -0.773791 -0.004908 0.016671 0.72156863 0.51372549 0.48627451
v -0.769211 -0.004033 0.016671 0.70196078 0.49411765 0.46274510
v -0.783799 0.015684 0.016671 0.75294118 0.56078431 0.53333333
v -0.779539 0.016735 0.016671 0.79607843 0.58823529 0.55686275
v -0.779379 0.016744 0.016671 0.83137255 0.61568627 0.58431373
v -0.773993 0.016704 0.016671 0.86274510 0.63529412 0.61568627
v -0.773905 0.016694 0.016671 0.85490196 0.63137255 0.60000000
v -0.769399 0.015797 0.016671 0.87058824 0.66274510 0.63137255
v -0.767054 0.015485 0.016671 0.88235294 0.67450980 0.63137255
v -0.766168 -0.002809 0.016671 0.69803922 0.49411765 0.45490196
v -0.765373 -0.002348 0.016671 0.70588235 0.50196078 0.46274510
v -0.762245 0.000048 0.016671 0.74117647 0.52941176 0.49411765
v 0.771145 -0.006175 0.016671 0.74901961 0.58039216 0.54117647
v 0.769060 -0.005924 0.016671 0.73333333 0.56862745 0.52549020
v 0.776149 -0.005654 0.016671 0.74509804 0.56862745 0.54117647
v 0.774461 -0.006035 0.016671 0.74509804 0.57254902 0.53725490
v 0.779977 -0.003959 0.016671 0.75294118 0.56862745 0.54509804
v 0.764816 -0.004660 0.016671 0.76470588 0.57647059 0.53333333
v 0.763381 -0.003934 0.016671 0.78431373 0.58823529 0.54509804
v 0.761429 -0.002520 0.016671 0.76862745 0.55686275 0.52156863
v 0.782907 -0.001366 0.016671 0.76078431 0.57254902 0.55294118
v 0.785236 0.001829 0.016671 0.76862745 0.58039216 0.56470588
v 0.786831 0.005758 0.016671 0.78039216 0.58823529 0.57647059
v 0.786977 0.006489 0.016671 0.79607843 0.60000000 0.58823529
v 0.786463 0.011499 0.016671 0.80392157 0.60392157 0.59215686
v 0.783685 0.014244 0.016671 0.80784314 0.60784314 0.59215686
v 0.779604 0.015687 0.016671 0.82745098 0.61960784 0.60392157
v 0.771283 0.015762 0.016671 0.87843137 0.64313725 0.63921569
v 0.767752 0.014825 0.016671 0.85490196 0.64313725 0.63137255
v 0.776478 0.016111 0.016671 0.83137255 0.61960784 0.60000000
v 0.774516 0.016107 0.016671 0.83137255 0.61176471 0.59607843
v -0.784873 0.000581 0.015576 0.67843137 0.50588235 0.48627451
v -0.782111 -0.002181 0.015166 0.68235294 0.50588235 0.48627451
v -0.787641 0.008847 0.015149 0.69411765 0.52549020 0.50588235
v -0.773954 0.016743 0.016533 0.84705882 0.63137255 0.60392157
v -0.768426 0.016756 0.014897 0.88235294 0.67058824 0.63921569
v 0.775494 -0.005000 0.013091 0.74509804 0.56862745 0.53725490
v 0.764466 -0.005019 0.015862 0.75686275 0.57254902 0.52941176
v 0.783777 0.003289 0.013124 0.77254902 0.58431373 0.56862745
v 0.786538 0.006051 0.015978 0.78039216 0.58823529 0.57647059
v -0.788031 0.014726 0.020577 0.72156863 0.53725490 0.51372549
v -0.786130 0.015820 0.020577 0.75294118 0.55686275 0.52941176
v -0.788481 0.002496 0.020577 0.67450980 0.50980392 0.49019608
v -0.789550 0.005259 0.020577 0.67843137 0.51372549 0.49411765
v -0.786203 -0.000749 0.020577 0.67450980 0.50588235 0.48627451
v -0.782949 -0.003019 0.020577 0.67843137 0.50196078 0.48235294
v -0.789959 0.006542 0.020577 0.68627451 0.51764706 0.49803922
v -0.790122 0.011351 0.020577 0.69411765 0.52549020 0.50196078
v -0.789847 0.012176 0.020577 0.70588235 0.52941176 0.50588235
v -0.780056 -0.004236 0.020577 0.68627451 0.50196078 0.48235294
v -0.778915 -0.004508 0.020577 0.70196078 0.50588235 0.48235294
v -0.774501 -0.004268 0.020577 0.71764706 0.50980392 0.48627451
v -0.772599 -0.003717 0.020577 0.76470588 0.54117647 0.51764706
v -0.770443 -0.002802 0.020577 0.74117647 0.51764706 0.49411765
v -0.784193 0.016191 0.020577 0.78431373 0.57254902 0.54117647
v -0.779960 0.016358 0.020577 0.81176471 0.58823529 0.55294118
v -0.778584 0.015923 0.020577 0.83529412 0.61176471 0.57254902
v -0.775563 0.015158 0.020577 0.83137255 0.60392157 0.57647059
v -0.771437 0.013826 0.020577 0.83921569 0.61960784 0.58431373
v -0.770144 0.013127 0.020577 0.85098039 0.63529412 0.59607843
v -0.768053 0.011752 0.020577 0.86274510 0.64313725 0.59607843
v -0.767252 -0.000469 0.020577 0.74117647 0.52156863 0.49019608
v -0.764860 0.002635 0.020577 0.74509804 0.55686275 0.51764706
v -0.764414 0.004453 0.020577 0.72941176 0.55294118 0.51372549
v -0.765147 0.008359 0.020577 0.81960784 0.60392157 0.54901961
v -0.765448 0.008894 0.020577 0.83529412 0.61960784 0.56470588
v 0.776116 -0.005621 0.020577 0.74901961 0.57254902 0.54117647
v 0.774781 -0.005707 0.020577 0.74901961 0.58039216 0.54117647
v 0.780331 -0.004313 0.020577 0.75294118 0.56470588 0.54117647
v 0.770103 -0.004872 0.020577 0.76862745 0.61176471 0.56862745
v 0.769662 -0.004691 0.020577 0.77254902 0.61176471 0.56862745
v 0.766541 -0.002910 0.020577 0.78039216 0.57647059 0.53725490
v 0.763844 -0.000095 0.020577 0.78039216 0.53725490 0.50980392
v 0.783681 -0.002140 0.020577 0.76078431 0.56862745 0.54901961
v 0.786188 0.000877 0.020577 0.76862745 0.57647059 0.56078431
v 0.788086 0.004503 0.020577 0.78823529 0.59215686 0.58039216
v 0.788880 0.008392 0.020577 0.80784314 0.60392157 0.59607843
v 0.788883 0.009230 0.020577 0.81568627 0.61176471 0.60392157
v 0.782587 0.015526 0.020577 0.84705882 0.63529412 0.61960784
v 0.779586 0.015669 0.020577 0.82745098 0.62352941 0.60784314
v 0.787633 0.012669 0.020577 0.83529412 0.62352941 0.61568627
v 0.784463 0.015022 0.020577 0.85882353 0.63921569 0.62745098
v 0.765452 0.010540 0.020577 0.76862745 0.56862745 0.54901961
v 0.768952 0.012571 0.020577 0.76862745 0.54901961 0.53333333
v 0.772729 0.014336 0.020577 0.79607843 0.57254902 0.56078431
v 0.777124 0.015465 0.020577 0.85490196 0.63529412 0.61176471
v 0.772730 0.014337 0.020577 0.80392157 0.57647059 0.56862745
v 0.762830 0.002133 0.020577 0.80000000 0.55686275 0.53333333
v 0.762433 0.004012 0.020577 0.75294118 0.56470588 0.54117647
v 0.763292 0.007179 0.020577 0.73725490 0.56078431 0.53725490
v -0.787656 0.014321 0.018794 0.72549020 0.54117647 0.51764706
v -0.787635 0.003343 0.017709 0.67843137 0.51372549 0.49411765
v -0.771150 0.014110 0.020149 0.85098039 0.63137255 0.60000000
v -0.765616 0.014142 0.017678 0.87450980 0.66274510 0.62352941
v -0.765540 -0.002181 0.017179 0.71372549 0.50588235 0.46666667
v -0.762778 0.000581 0.017586 0.75294118 0.54509804 0.50980392
v -0.762797 0.006042 0.019309 0.76862745 0.57254902 0.52156863
v -0.762794 0.011577 0.017618 0.86666667 0.64705882 0.59215686
v -0.760033 0.008812 0.017570 0.84705882 0.61960784 0.56078431
v 0.769973 -0.005003 0.020214 0.76862745 0.61176471 0.56862745
v 0.761697 -0.002250 0.017266 0.77254902 0.55294118 0.52156863
v 0.786538 0.011574 0.016864 0.81568627 0.61176471 0.60392157
v 0.783777 0.014336 0.017011 0.82745098 0.61960784 0.60784314
v 0.764457 0.011529 0.019423 0.81176471 0.59607843 0.57254902
v 0.767219 0.014292 0.017270 0.83921569 0.61960784 0.60392157
v 0.758946 0.005999 0.018431 0.81568627 0.60000000 0.56470588
v 0.753456 0.011458 0.012904 0.92156863 0.70588235 0.65882353
v -0.791126 0.010898 0.024483 0.67843137 0.51372549 0.49019608
v -0.790767 0.011996 0.024483 0.68627451 0.51764706 0.49411765
v -0.788302 0.015011 0.024483 0.70980392 0.52941176 0.50196078
v -0.786047 0.015930 0.024483 0.74117647 0.54509804 0.51764706
v -0.790807 0.005694 0.024483 0.67058824 0.50980392 0.49019608
v -0.791055 0.006763 0.024483 0.66666667 0.50980392 0.48627451
v -0.789130 0.001847 0.024483 0.67058824 0.50980392 0.49019608
v -0.786450 -0.000996 0.024483 0.66666667 0.50196078 0.48627451
v -0.782920 -0.002990 0.024483 0.67058824 0.49803922 0.47843137
v -0.780875 -0.003416 0.024483 0.68235294 0.49803922 0.47843137
v -0.777674 -0.003267 0.024483 0.71764706 0.51764706 0.48627451
v -0.775971 -0.002797 0.024483 0.70980392 0.49019608 0.46666667
v -0.772672 -0.000572 0.024483 0.71372549 0.48235294 0.47058824
v -0.783853 0.015959 0.024483 0.80000000 0.57254902 0.54117647
v -0.780984 0.015399 0.024483 0.83921569 0.60000000 0.55686275
v -0.777204 0.013635 0.024483 0.81568627 0.58823529 0.54901961
v -0.774420 0.010925 0.024483 0.82745098 0.60392157 0.56078431
v -0.771847 0.008027 0.024483 0.78431373 0.56470588 0.52941176
v -0.771074 0.003320 0.024483 0.68627451 0.50196078 0.48235294
v -0.771074 0.003331 0.024483 0.68235294 0.50588235 0.49019608
v 0.783799 -0.002257 0.024483 0.75686275 0.55686275 0.54117647
v 0.783671 -0.002340 0.024483 0.75294118 0.55294118 0.53333333
v 0.786684 0.000381 0.024483 0.76470588 0.56078431 0.54509804
v 0.787355 0.001343 0.024483 0.77647059 0.57647059 0.56470588
v 0.780065 -0.004047 0.024483 0.74117647 0.54117647 0.51764706
v 0.776071 -0.004417 0.024483 0.77254902 0.59215686 0.55294118
v 0.774670 -0.004175 0.024483 0.75686275 0.59215686 0.56078431
v 0.771966 -0.002998 0.024483 0.73725490 0.56078431 0.53333333
v 0.769459 0.000019 0.024483 0.74117647 0.49803922 0.48235294
v 0.768868 0.001626 0.024483 0.80000000 0.54509804 0.51764706
v 0.768505 0.004588 0.024483 0.83137255 0.60392157 0.56862745
v 0.788790 0.003799 0.024483 0.79215686 0.59215686 0.58823529
v 0.789884 0.008229 0.024483 0.80784314 0.60784314 0.60784314
v 0.782656 0.015456 0.024483 0.82352941 0.62352941 0.61176471
v 0.778279 0.014362 0.024483 0.80784314 0.61176471 0.59607843
v 0.789805 0.009317 0.024483 0.83529412 0.62745098 0.63137255
v 0.788137 0.013172 0.024483 0.85882353 0.63921569 0.63529412
v 0.784614 0.015173 0.024483 0.92156863 0.67843137 0.66274510
v 0.769156 0.006862 0.024483 0.81176471 0.62352941 0.61176471
v 0.771853 0.009688 0.024483 0.73725490 0.57647059 0.55686275
v 0.774389 0.012676 0.024483 0.71764706 0.53333333 0.52156863
v 0.778240 0.014349 0.024483 0.80000000 0.61176471 0.59607843
v -0.790397 0.011626 0.021822 0.69411765 0.52156863 0.49803922
v -0.790396 0.006105 0.022343 0.67843137 0.51372549 0.49019608
v -0.771064 -0.002181 0.021822 0.73725490 0.51372549 0.49411765
v -0.776668 0.014130 0.022962 0.82352941 0.59215686 0.55686275
v -0.773879 0.011451 0.023601 0.82745098 0.60000000 0.55686275
v -0.771106 0.008726 0.023623 0.80784314 0.58039216 0.54117647
v -0.768356 0.011450 0.020914 0.85882353 0.63529412 0.59215686
v -0.771069 0.003326 0.024478 0.68235294 0.50196078 0.48627451
v -0.768308 0.000561 0.022027 0.73333333 0.51764706 0.49019608
v -0.768313 0.006068 0.022988 0.73333333 0.54901961 0.51372549
v -0.765547 0.003319 0.021377 0.72156863 0.54901961 0.50980392
v -0.765567 0.008775 0.020709 0.83137255 0.61568627 0.56078431
v 0.783777 -0.002235 0.021368 0.75294118 0.56078431 0.54117647
v 0.786538 0.000527 0.022923 0.76862745 0.56862745 0.55686275
v 0.775491 -0.004997 0.023001 0.75294118 0.57254902 0.54117647
v 0.767211 -0.002240 0.021694 0.76470588 0.54901961 0.52156863
v 0.764450 0.000521 0.021207 0.78039216 0.53333333 0.50196078
v 0.767206 0.003289 0.023575 0.81176471 0.57647059 0.52941176
v 0.789300 0.008812 0.021828 0.82352941 0.61568627 0.61176471
v 0.764448 0.006036 0.021817 0.74509804 0.57647059 0.54509804
v 0.767209 0.008801 0.022468 0.72549020 0.56470588 0.54509804
v 0.769970 0.011566 0.022078 0.72549020 0.53725490 0.51764706
v 0.772729 0.014336 0.020578 0.77254902 0.54901961 0.53725490
v -0.790999 0.011025 0.028389 0.66274510 0.50588235 0.48235294
v -0.790646 0.011877 0.028389 0.69411765 0.52156863 0.49019608
v -0.787847 0.014585 0.028389 0.72156863 0.53725490 0.50588235
v -0.787209 0.014806 0.028389 0.73725490 0.54509804 0.51764706
v -0.790680 0.005821 0.028389 0.66274510 0.50980392 0.49019608
v -0.790871 0.006579 0.028389 0.66274510 0.50980392 0.48627451
v -0.788845 0.002132 0.028389 0.66666667 0.50980392 0.49019608
v -0.785708 -0.000254 0.028389 0.67058824 0.51372549 0.49803922
v -0.783102 -0.001190 0.028389 0.66274510 0.50196078 0.48627451
v -0.781345 -0.001415 0.028389 0.56470588 0.43921569 0.43137255
v -0.778339 -0.000429 0.028389 0.67058824 0.47843137 0.46274510
v -0.776352 0.003106 0.028389 0.74901961 0.54509804 0.49803922
v -0.782161 0.014282 0.028389 0.83529412 0.59215686 0.55294118
v -0.782045 0.014214 0.028389 0.82352941 0.59215686 0.54901961
v -0.778979 0.011952 0.028389 0.81568627 0.59215686 0.54509804
v -0.776818 0.008605 0.028389 0.79607843 0.60392157 0.56470588
v -0.777265 0.009475 0.028389 0.80392157 0.60392157 0.56078431
v -0.776270 0.003659 0.028389 0.73333333 0.54509804 0.50196078
v 0.778035 -0.002016 0.028389 0.66274510 0.44313725 0.42745098
v 0.774760 -0.000204 0.028389 0.72941176 0.48627451 0.49803922
v 0.773750 0.002268 0.028389 0.81960784 0.54509804 0.55686275
v 0.783027 -0.001485 0.028389 0.73333333 0.50980392 0.49411765
v 0.778426 -0.002062 0.028389 0.65098039 0.43529412 0.41568627
v 0.786324 0.000741 0.028389 0.76862745 0.55294118 0.54117647
v 0.788645 0.003944 0.028389 0.78823529 0.58823529 0.58039216
v 0.789765 0.008347 0.028389 0.80392157 0.60392157 0.60784314
v 0.773682 0.004241 0.028389 0.85882353 0.58431373 0.58431373
v 0.774134 0.007408 0.028389 0.83921569 0.61568627 0.60000000
v 0.776412 0.010653 0.028389 0.73333333 0.58823529 0.57647059
v 0.779184 0.013405 0.028389 0.75686275 0.58039216 0.57254902
v 0.783711 0.014402 0.028389 0.83921569 0.65098039 0.64705882
v 0.789703 0.009215 0.028389 0.80784314 0.61176471 0.62745098
v 0.787893 0.012928 0.028389 0.88235294 0.65882353 0.67058824
v 0.783838 0.014397 0.028389 0.90980392 0.71764706 0.72156863
v -0.782111 -0.002181 0.027033 0.65098039 0.48627451 0.47058824
v -0.776587 -0.002181 0.025577 0.65490196 0.44705882 0.42352941
v -0.773826 0.000581 0.026032 0.67843137 0.45882353 0.43137255
v -0.782137 0.014306 0.028311 0.83921569 0.59215686 0.55686275
v -0.776601 0.008822 0.028002 0.79607843 0.60000000 0.55686275
v -0.773833 0.006079 0.026522 0.70980392 0.53333333 0.50196078
v 0.783777 -0.002235 0.024719 0.75294118 0.54509804 0.52941176
v 0.786538 0.000527 0.027199 0.76470588 0.55686275 0.54117647
v 0.778253 -0.002235 0.028132 0.65490196 0.43921569 0.41960784
v 0.772729 -0.002235 0.025621 0.70196078 0.50980392 0.49803922
v 0.769968 0.000527 0.025017 0.75686275 0.50980392 0.49803922
v 0.772729 0.003289 0.027451 0.84313725 0.57254902 0.56862745
v 0.769968 0.006051 0.025237 0.87843137 0.65882353 0.63921569
v 0.772729 0.008812 0.025792 0.77647059 0.61176471 0.59607843
v 0.775491 0.011574 0.026431 0.70980392 0.55686275 0.54509804
v 0.778253 0.014336 0.024532 0.77254902 0.58431373 0.56862745
v -0.789338 0.007163 0.032294 0.63529412 0.50196078 0.48235294
v -0.788822 0.010054 0.032294 0.62352941 0.49019608 0.46274510
v -0.787171 0.003806 0.032294 0.65098039 0.52156863 0.50588235
v -0.785505 0.012246 0.032294 0.73333333 0.53725490 0.50980392
v -0.782241 0.003473 0.032294 0.74117647 0.59607843 0.59215686
v -0.780566 0.007318 0.032294 0.69803922 0.56078431 0.54509804
v -0.784500 0.011993 0.032294 0.74509804 0.54509804 0.51372549
v -0.781444 0.009532 0.032294 0.72156863 0.54901961 0.51764706
v 0.784541 0.002524 0.032294 0.77254902 0.54117647 0.52549020
v 0.782350 0.001862 0.032294 0.76078431 0.50196078 0.49019608
v 0.778905 0.003940 0.032294 0.85490196 0.59607843 0.56470588
v 0.787212 0.005378 0.032294 0.78823529 0.57254902 0.56078431
v 0.787669 0.007181 0.032294 0.80000000 0.61176471 0.59215686
v 0.786244 0.011280 0.032294 0.83137255 0.63529412 0.63921569
v 0.778785 0.008281 0.032294 0.87058824 0.68627451 0.67450980
v 0.781462 0.011127 0.032294 0.78039216 0.62352941 0.61960784
v -0.790397 0.011627 0.029300 0.64705882 0.49019608 0.45490196
v -0.787638 0.014378 0.029177 0.72941176 0.53725490 0.50588235
v -0.790396 0.006105 0.029725 0.65098039 0.50588235 0.48627451
v -0.787635 0.003343 0.031529 0.66666667 0.51764706 0.49803922
v -0.784873 0.000581 0.030149 0.69803922 0.54117647 0.52549020
v -0.782111 0.003343 0.032182 0.75294118 0.60392157 0.60000000
v -0.779349 0.000581 0.029607 0.72941176 0.52941176 0.50980392
v -0.779350 0.006102 0.031520 0.75294118 0.59607843 0.57647059
v -0.776588 0.003342 0.028602 0.75686275 0.54901961 0.50980392
v -0.779362 0.011585 0.029108 0.80784314 0.59215686 0.54509804
v 0.775491 0.000527 0.029242 0.75294118 0.49803922 0.50588235
v 0.781015 0.000527 0.031265 0.73725490 0.48627451 0.47450980
v 0.778253 0.003289 0.031759 0.83529412 0.57254902 0.54901961
v 0.789300 0.008812 0.029746 0.81176471 0.62352941 0.63137255
v 0.786538 0.011574 0.031918 0.87843137 0.65882353 0.67058824
v 0.775491 0.006051 0.030167 0.88235294 0.63529412 0.63137255
v 0.778253 0.008812 0.031581 0.80000000 0.61960784 0.61568627
v 0.781015 0.011574 0.031681 0.78431373 0.61568627 0.61176471
v 0.783777 0.014336 0.028541 0.78431373 0.60000000 0.59215686
v -0.787635 0.008866 0.033287 0.60392157 0.48627451 0.46666667
v -0.784873 0.006105 0.033689 0.57647059 0.49803922 0.49019608
v -0.784873 0.011627 0.032601 0.72941176 0.53725490 0.50196078
v -0.782112 0.008864 0.032870 0.68627451 0.52941176 0.50588235
v 0.783777 0.003289 0.032970 0.78431373 0.52549020 0.51764706
v 0.781015 0.006051 0.033583 0.85882353 0.64313725 0.62352941
v 0.786538 0.006051 0.032967 0.80392157 0.57647059 0.56078431
v 0.783777 0.008812 0.033757 0.89411765 0.69019608 0.68627451
f 6800 6832 6833
f 6835 6706 6708
f 6707 6830 6834
f 6708 6707 6834
f 6707 6684 6772
f 6707 6772 6745
f 6830 6707 6745
f 6800 6799 6832
f 6748 6687 6706
f 6748 6706 6835
f 6748 6835 6833
f 6832 6748 6833
f 6835 6708 6834
f 6777 6827 6785
f 6896 6799 6800
f 6633 6649 6647
f 6634 6630 6646
f 6646 6648 6634
f 6633 6647 6632
f 6631 6646 6630
f 6633 6648 6649
f 6633 6634 6648
f 6631 6635 6650
f 6650 6646 6631
f 6637 6651 6636
f 6635 6636 6651
f 6651 6650 6635
f 6739 6661 6733
f 6738 6737 6682
f 6682 6683 6738
f 6737 6736 6681
f 6681 6682 6737
f 6680 6681 6735
f 6735 6681 6736
f 6769 6663 6680
f 6734 6769 6680
f 6735 6734 6680
f 6729 6769 6734
f 6663 6769 6768
f 6768 6662 6663
f 6728 6732 6658
f 6728 6658 6662
f 6728 6662 6768
f 6660 6659 6770
f 6664 6661 6739
f 6740 6664 6739
f 6665 6664 6740
f 6666 6665 6740
f 6748 6747 6686
f 6686 6687 6748
f 6747 6746 6685
f 6685 6686 6747
f 6683 6685 6738
f 6738 6685 6746
f 6745 6772 6744
f 6733 6661 6660
f 6772 6684 6668
f 6744 6668 6771
f 6743 6744 6771
f 6743 6771 6742
f 6668 6667 6771
f 6741 6742 6771
f 6771 6667 6666
f 6741 6771 6666
f 6740 6741 6666
f 6744 6772 6668
f 6733 6660 6770
f 6731 6733 6770
f 6732 6730 6770
f 6732 6770 6659
f 6732 6659 6658
f 6731 6770 6730
f 6729 6727 6768
f 6768 6769 6729
f 6728 6768 6727
f 6968 6967 6998
f 6969 6998 6999
f 6968 6998 6969
f 6967 6970 7000
f 7001 6972 6974
f 6974 6999 7001
f 6973 6969 6999
f 7000 6971 7001
f 7001 6971 6972
f 6998 7000 6999
f 6999 7000 7001
f 7000 6970 6971
f 7000 6998 6967
f 6973 6999 6974
f 6997 6964 6966
f 6965 6996 6966
f 6965 6962 6996
f 6964 6997 6995
f 6995 6963 6964
f 6995 6961 6963
f 6997 6996 6994
f 6994 6995 6997
f 6996 6962 6960
f 6960 6994 6996
f 6959 6961 6994
f 6966 6996 6997
f 6994 6961 6995
f 6960 6959 6994
f 5965 6216 5964
f 6216 6214 5964
f 6214 6215 5964
f 6217 5967 5956
f 5967 6217 6216
f 6216 5965 5967
f 6215 5966 5964
f 5564 5575 6129
f 6101 5579 5819
f 6101 5819 6363
f 6119 6101 6363
f 5705 5297 5294
f 5294 5700 5704
f 5705 5294 5704
f 5294 5258 5700
f 5297 5705 5707
f 5707 5298 5297
f 5704 5709 5705
f 5769 5773 5568
f 5777 5759 5769
f 5567 5777 5769
f 5566 5567 5769
f 5773 5769 5760
f 5760 5761 5773
f 5769 5759 5300
f 5568 5566 5769
f 5784 5761 5765
f 5761 5307 5765
f 5580 5578 5787
f 5787 5789 5580
f 5577 5787 5578
f 5568 5773 5574
f 5576 5771 5571
f 5769 5300 5303
f 5767 5771 5569
f 5573 5784 5572
f 5574 5773 5761
f 5573 5574 5761
f 5573 5761 5784
f 5784 5765 5767
f 5572 5784 5767
f 5569 5572 5767
f 5761 5304 5307
f 5569 5771 5576
f 5769 5303 5760
f 5761 5760 5302
f 5302 5304 5761
f 5303 5302 5760
f 5565 5758 5563
f 5562 5757 5564
f 5563 5758 5756
f 5562 5563 5756
f 5562 5756 5757
f 5705 5709 5712
f 5705 5712 5707
f 5487 5486 4872
f 5487 4872 4863
f 5487 4863 5481
f 4875 4872 5486
f 5485 5483 4868
f 4868 4870 5485
f 4869 4868 5483
f 5473 4866 4865
f 5473 4865 5482
f 5476 5473 5482
f 4867 4866 5473
f 4865 4864 5482
f 4863 4862 5481
f 5488 4875 5486
f 5488 5485 4875
f 5485 4870 4875
f 5310 5315 5487
f 5492 4879 5490
f 4882 4881 5491
f 4879 4878 5490
f 5322 5488 5315
f 5322 5318 5485
f 5485 5488 5322
f 5320 5489 5319
f 5307 5476 5482
f 5320 5307 5482
f 5489 5483 5485
f 5319 5489 5485
f 5318 5319 5485
f 5489 5482 4864
f 5489 4864 4869
f 5489 4869 5483
f 5315 5488 5486
f 5315 5486 5487
f 5320 5482 5489
f 5492 5491 4879
f 5491 4881 4879
f 4884 4883 5493
f 5481 4885 5494
f 5513 5512 5216
f 5216 5217 5513
f 5512 5511 5656
f 5512 5656 5215
f 5512 5215 5216
f 5510 5656 5511
f 5656 5214 5215
f 5509 5213 5214
f 5510 5509 5214
f 5510 5214 5656
f 5508 5655 5212
f 5509 5508 5212
f 5509 5212 5213
f 5505 5207 5211
f 5508 5505 5211
f 5508 5211 5655
f 5655 5210 5212
f 5211 5210 5655
f 5506 5507 5209
f 5209 5208 5506
f 5505 5506 5208
f 5208 5207 5505
f 5487 5481 5494
f 5334 5487 5494
f 5333 5334 5494
f 5325 5492 5332
f 5328 5496 5326
f 5331 5495 5493
f 5331 5493 5496
f 5328 5331 5496
f 5333 5495 5335
f 5325 5326 5496
f 5325 5496 5492
f 4883 4882 5491
f 5493 4883 5491
f 5496 5493 5491
f 5494 4885 4884
f 5494 4884 5493
f 5495 5494 5493
f 4862 4885 5481
f 5496 5491 5492
f 5494 5495 5333
f 5335 5495 5331
f 5310 5487 5334
f 5583 5791 5584
f 5585 5792 5586
f 5585 5789 5792
f 5789 5308 5792
f 6047 5534 5537
f 6047 5537 6039
f 5537 5536 6039
f 6037 6027 5531
f 5531 5534 6037
f 5533 5531 6027
f 6022 5526 5524
f 5523 6019 5524
f 5524 6019 6020
f 5522 6018 5523
f 5523 6018 6019
f 5522 5520 6018
f 5524 6020 6022
f 6047 6037 5534
f 6018 6048 6019
f 6019 6048 6050
f 6027 6037 6048
f 6048 6037 6049
f 6048 6018 5520
f 5520 5533 6027
f 6048 5520 6027
f 6048 6049 6050
f 6037 6047 6051
f 6020 6052 6022
f 6051 6049 6037
f 6019 6050 6020
f 6020 6050 6052
f 6122 6106 6101
f 6101 6119 6122
f 5579 6101 5581
f 5581 6101 6106
f 5571 5570 6065
f 6131 5575 6106
f 5575 5581 6106
f 6106 6122 6134
f 6169 6054 6061
f 6061 6054 6058
f 6054 6169 5566
f 5566 5568 6054
f 5567 5566 6169
f 6168 6165 6092
f 6092 6165 6094
f 6167 6168 6088
f 6088 6168 6092
f 6165 6168 6159
f 6159 6160 6165
f 6168 6167 6153
f 6153 6159 6168
f 5572 5569 6170
f 5574 5573 6053
f 6056 5572 6170
f 6056 5573 5572
f 6164 6167 6086
f 6060 6059 6171
f 6059 6056 6170
f 6170 6171 6059
f 6171 5576 5571
f 6171 5571 6065
f 6068 6171 6065
f 6171 6170 5569
f 5569 5576 6171
f 6056 6053 5573
f 6171 6068 6060
f 6086 6167 6088
f 6086 6079 6143
f 6143 6164 6086
f 6077 6143 6079
f 6077 6072 6140
f 6140 6141 6077
f 6143 6141 6138
f 6138 6139 6143
f 6141 6140 5592
f 6141 5592 5589
f 6141 5589 6138
f 6141 6143 6077
f 6066 5594 5593
f 6072 5593 6140
f 5570 5594 6065
f 6065 5594 6066
f 5593 5592 6140
f 6139 6138 5588
f 5588 5565 6139
f 5589 5588 6138
f 6134 6131 6106
f 6072 6066 5593
f 6131 6129 5575
f 5563 5562 6146
f 6147 5562 5564
f 6167 6164 6149
f 6149 6153 6167
f 6164 6143 6139
f 6139 6149 6164
f 6160 6159 6155
f 6155 6156 6160
f 6159 6153 6147
f 6147 6155 6159
f 6147 5564 6129
f 6131 6134 6155
f 6155 6147 6129
f 6129 6131 6155
f 6153 6149 6146
f 6146 6147 6153
f 6139 5565 5563
f 6149 6139 5563
f 6149 5563 6146
f 6147 6146 5562
f 6155 6134 6156
f 5793 5311 5312
f 5791 5793 5794
f 5794 5793 5796
f 5595 5794 5755
f 5596 5595 5755
f 5596 5755 5795
f 5596 5795 5597
f 5595 5584 5791
f 5791 5794 5595
f 5591 5766 5590
f 5311 5793 5792
f 5792 5309 5311
f 5586 5792 5793
f 5583 5586 5793
f 5583 5793 5791
f 5585 5580 5789
f 5308 5309 5792
f 5312 5796 5793
f 5305 5794 5313
f 5794 5796 5313
f 5305 5755 5794
f 5797 5314 5316
f 5591 5599 5797
f 5797 5316 5766
f 5591 5797 5766
f 5797 5795 5755
f 5797 5755 5306
f 5314 5797 5306
f 5599 5597 5795
f 5795 5797 5599
f 5796 5312 5313
f 5316 5317 5766
f 6568 6486 6487
f 6548 6568 6487
f 6550 6548 6487
f 6568 6485 6486
f 6547 6568 6548
f 6547 6544 6484
f 6484 6485 6568
f 6547 6484 6568
f 6565 6479 6484
f 6533 6565 6484
f 6544 6533 6484
f 6562 6483 6482
f 6541 6562 6482
f 6541 6482 6567
f 6539 6541 6567
f 6482 6481 6567
f 6539 6567 6537
f 6564 6562 6541
f 6541 6553 6564
f 6555 6564 6553
f 6566 6564 6555
f 6555 6557 6489
f 6489 6490 6566
f 6555 6489 6566
f 6557 6550 6487
f 6487 6489 6557
f 6535 6537 6567
f 6535 6567 6481
f 6480 6478 6535
f 6535 6478 6534
f 6479 6565 6563
f 6563 6477 6479
f 6478 6477 6563
f 6534 6478 6563
f 6531 6534 6563
f 6532 6565 6533
f 6532 6530 6563
f 6563 6565 6532
f 6531 6563 6530
f 6535 6481 6480
f 701 703 882
f 882 703 888
f 878 925 676
f 882 878 676
f 882 676 701
f 924 925 876
f 876 925 878
f 855 924 876
f 690 673 867
f 874 875 697
f 697 694 874
f 861 869 692
f 692 684 861
f 694 692 874
f 874 692 869
f 863 858 682
f 682 687 863
f 867 862 685
f 685 690 867
f 863 685 862
f 684 682 861
f 861 682 858
f 687 685 863
f 867 673 854
f 1016 1075 1078
f 1020 1016 1078
f 1020 1078 1084
f 883 884 1018
f 1018 884 1019
f 1017 1083 1009
f 1000 856 881
f 1000 881 1083
f 1017 1000 1083
f 1008 1082 1015
f 1016 1011 1074
f 1074 1075 1016
f 877 865 1074
f 1082 877 1074
f 1015 1082 1074
f 1011 1015 1074
f 1009 1083 880
f 886 1080 885
f 886 1084 1080
f 1084 1078 1080
f 1084 1085 1021
f 1030 893 1029
f 892 891 1028
f 1028 891 1027
f 1024 1025 1087
f 1087 1088 1086
f 1024 1087 1086
f 1026 1087 1025
f 1024 1086 1023
f 1008 1009 880
f 1018 1022 890
f 1085 887 889
f 1021 1085 889
f 1021 889 890
f 1022 1021 890
f 1080 873 885
f 887 1085 1084
f 1084 886 887
f 1021 1020 1084
f 890 883 1018
f 894 893 1030
f 1008 880 879
f 881 880 1083
f 1072 853 855
f 998 1073 995
f 854 853 1072
f 995 1073 999
f 857 856 1000
f 1000 1002 857
f 1007 859 1005
f 879 877 1082
f 1077 872 1080
f 1080 872 873
f 1077 871 872
f 1076 1077 1078
f 1078 1077 1080
f 1075 866 870
f 1078 1075 870
f 1008 879 1082
f 1078 870 1076
f 868 871 1077
f 870 868 1076
f 1075 1074 864
f 864 866 1075
f 865 864 1074
f 859 857 1005
f 1005 857 1002
f 860 859 1007
f 1077 1076 868
f 893 892 1028
f 1028 1029 893
f 891 860 1007
f 1032 900 897
f 1033 1032 897
f 1033 897 1089
f 1031 1019 884
f 884 899 1031
f 1031 900 1032
f 1089 897 898
f 1088 896 895
f 895 1086 1088
f 1023 1086 895
f 1030 1023 895
f 1030 895 894
f 1007 1027 891
f 899 900 1031
f 437 439 594
f 438 437 593
f 594 593 437
f 443 441 526
f 526 527 443
f 532 446 530
f 563 621 561
f 550 611 562
f 562 611 608
f 563 562 608
f 563 608 621
f 621 620 561
f 561 620 559
f 559 620 616
f 560 559 616
f 560 616 618
f 608 607 621
f 621 607 620
f 616 620 607
f 607 602 616
f 557 619 558
f 558 619 555
f 556 618 617
f 560 618 556
f 594 439 440
f 564 594 622
f 594 440 622
f 557 556 617
f 622 444 612
f 612 444 445
f 622 612 564
f 564 612 540
f 622 442 444
f 564 536 594
f 440 442 622
f 557 617 619
f 555 619 617
f 555 617 613
f 604 596 602
f 604 606 546
f 546 606 547
f 596 604 539
f 539 604 546
f 543 597 602
f 542 543 602
f 542 602 596
f 602 607 604
f 544 597 543
f 593 594 534
f 534 594 536
f 534 526 441
f 534 441 438
f 534 438 593
f 446 443 530
f 530 443 527
f 448 446 532
f 542 596 539
f 608 604 607
f 606 609 548
f 554 555 613
f 554 613 552
f 617 618 616
f 616 615 617
f 551 613 617
f 551 617 615
f 553 551 615
f 615 616 602
f 606 604 608
f 602 597 615
f 553 597 544
f 552 613 551
f 550 549 609
f 609 611 550
f 609 606 611
f 611 606 608
f 548 609 549
f 548 547 606
f 615 597 553
f 485 481 395
f 415 414 396
f 395 415 483
f 485 395 483
f 454 485 483
f 415 396 483
f 744 745 746
f 670 744 746
f 518 745 744
f 744 516 518
f 667 744 668
f 667 665 741
f 667 741 514
f 514 516 744
f 667 514 744
f 741 511 514
f 664 741 665
f 664 660 509
f 509 511 741
f 664 509 741
f 508 509 658
f 658 509 660
f 658 656 506
f 670 668 744
f 506 508 658
f 501 506 650
f 654 504 494
f 733 493 492
f 492 731 733
f 491 730 492
f 492 730 731
f 491 490 730
f 638 727 640
f 631 640 727
f 727 724 631
f 726 727 635
f 635 727 638
f 724 727 726
f 726 723 724
f 634 726 635
f 633 725 723
f 634 633 723
f 634 723 726
f 632 725 633
f 494 493 733
f 730 495 735
f 490 495 730
f 495 496 737
f 654 494 733
f 651 654 733
f 733 731 651
f 651 731 644
f 650 648 739
f 739 499 501
f 650 739 501
f 648 646 737
f 650 506 656
f 737 739 648
f 739 737 496
f 496 497 739
f 735 737 642
f 642 737 646
f 644 731 730
f 642 644 730
f 642 730 735
f 737 735 495
f 739 497 499
f 724 722 631
f 631 722 630
f 723 721 724
f 724 721 722
f 629 722 721
f 628 629 721
f 628 721 720
f 630 722 629
f 2385 2386 2384
f 2384 2383 2385
f 2216 2384 2217
f 2383 2384 2215
f 2215 2384 2216
f 2218 2386 2387
f 2218 2217 2386
f 2217 2384 2386
f 2389 2385 2388
f 2387 2390 2219
f 2219 2390 2220
f 2218 2387 2219
f 2389 2390 2387
f 2387 2386 2389
f 2386 2385 2389
f 2808 2809 2616
f 2616 2809 2617
f 2220 2809 2808
f 2808 2219 2220
f 2615 2808 2616
f 2615 2614 2807
f 2218 2219 2808
f 2807 2218 2808
f 2615 2807 2808
f 2807 2217 2218
f 2613 2807 2614
f 2612 2216 2217
f 2612 2217 2807
f 2613 2612 2807
f 2806 2215 2216
f 2611 2806 2216
f 2612 2611 2216
f 2610 2806 2611
f 2227 2226 2805
f 2609 2805 2226
f 2609 2226 2225
f 2608 2609 2225
f 2420 2423 2425
f 2270 2420 2425
f 2272 2270 2425
f 1893 2423 2420
f 2420 2417 1892
f 1893 2420 1892
f 2268 2420 2270
f 2415 2417 2420
f 2264 2415 2420
f 2417 1891 1892
f 1891 2417 2415
f 1891 2415 2412
f 1891 2412 1890
f 2412 1889 1890
f 2268 2264 2420
f 2272 2425 2274
f 2423 1893 1894
f 2425 1894 1905
f 2423 1894 2425
f 2430 1911 1906
f 1944 1941 2462
f 2296 2297 2462
f 2296 2462 1941
f 1941 1937 2467
f 2296 1941 2467
f 1936 2466 1937
f 1937 2466 2467
f 1936 1934 2466
f 2296 2467 2295
f 2467 2466 2295
f 2295 2466 2294
f 1934 1932 2464
f 2466 1934 2464
f 2294 2466 2464
f 2293 2294 2464
f 2293 2464 2292
f 1931 2463 1932
f 1932 2463 2464
f 2291 2292 2464
f 2454 2440 2453
f 2287 2453 2440
f 2286 2287 2440
f 2286 2440 2438
f 2443 2436 2445
f 2445 2436 2440
f 2436 2435 2440
f 2440 2435 2438
f 2445 2440 2454
f 1911 2430 2422
f 1911 2422 1909
f 2431 1907 1909
f 2277 2278 2431
f 2431 2422 2277
f 2425 1905 1907
f 2425 1907 2431
f 2274 2425 2431
f 2278 2274 2431
f 2422 2431 1909
f 1916 2443 2445
f 1918 2445 2454
f 2464 2463 2459
f 2291 2464 2459
f 2291 2459 2290
f 1928 2461 1931
f 1931 2461 2463
f 2461 2456 2463
f 2463 2456 2459
f 1928 1924 2461
f 1914 2443 1916
f 2456 2461 1924
f 2456 1924 2454
f 2459 2456 2290
f 2290 2456 2289
f 2288 2289 2456
f 2288 2456 2454
f 2288 2454 2453
f 2288 2453 2287
f 1916 2445 1918
f 1924 1918 2454
f 2495 1961 1959
f 1959 2494 2491
f 2495 1959 2491
f 2334 2488 2495
f 2344 2334 2495
f 2344 2495 2491
f 2341 2491 2494
f 2341 2494 2493
f 2345 2341 2493
f 2344 2491 2341
f 2338 2488 2334
f 2325 2487 2331
f 2326 2487 2325
f 941 1342 1340
f 943 941 1340
f 1344 943 1340
f 1340 1335 1344
f 1344 1335 1338
f 1325 1323 1342
f 1342 1323 1340
f 1335 1340 1323
f 1323 1320 1335
f 1335 1334 1338
f 1338 1334 1336
f 1336 1334 1205
f 1205 1334 1202
f 1320 1319 1335
f 1335 1319 1334
f 1185 1202 1334
f 1334 1319 1185
f 1207 1336 1205
f 1346 1336 1207
f 1347 1336 1346
f 1338 1336 1347
f 1331 1325 1348
f 1348 1325 1342
f 944 1344 1338
f 1347 944 1338
f 1329 1347 1346
f 1214 1329 1346
f 1214 1346 1207
f 1183 1316 1182
f 1185 1319 1184
f 1183 1184 1320
f 1328 1327 1331
f 1325 1331 1327
f 1327 1322 1325
f 1327 1328 1196
f 1196 1328 1197
f 1322 1327 1189
f 1183 1320 1316
f 1189 1327 1196
f 1322 1321 1323
f 1321 1316 1323
f 1323 1316 1320
f 1189 1187 1321
f 1321 1322 1189
f 1187 1182 1316
f 1316 1321 1187
f 1184 1319 1320
f 1323 1325 1322
f 1259 1262 1383
f 1259 1383 1380
f 1259 1380 1255
f 1262 1402 1383
f 991 988 1383
f 1403 991 1383
f 1403 1383 1402
f 1792 984 985
f 1792 985 986
f 1794 1792 986
f 1794 986 987
f 1790 982 983
f 1792 1790 983
f 1792 983 984
f 1790 1500 1218
f 1218 978 982
f 1790 1218 982
f 979 1360 1359
f 980 979 1359
f 1363 980 1359
f 1850 1363 1359
f 1850 1359 1358
f 1785 1850 1358
f 1484 1481 1208
f 1784 1785 1358
f 1784 1358 1849
f 1355 973 1091
f 1358 1355 1091
f 1849 1358 1091
f 1784 1849 1577
f 1576 1577 1849
f 1576 1849 1091
f 1091 1041 1349
f 1091 1349 1575
f 1576 1091 1575
f 1349 1201 1574
f 1574 1201 1472
f 971 1351 1350
f 1350 970 971
f 1206 1350 1208
f 1481 1206 1208
f 1349 1574 1575
f 1949 1951 2100
f 1949 2100 2097
f 1949 2097 1944
f 1951 2101 2100
f 1495 2100 2101
f 1487 2100 1495
f 2041 2044 1906
f 1906 2044 1908
f 353 354 289
f 289 286 399
f 353 289 399
f 401 400 287
f 287 288 401
f 285 287 399
f 399 287 400
f 286 285 399
f 290 289 354
f 354 355 290
f 353 400 356
f 399 400 353
f 401 296 297
f 357 401 297
f 364 357 297
f 401 288 296
f 363 402 362
f 402 295 294
f 362 402 294
f 361 362 294
f 294 293 361
f 359 360 293
f 293 292 359
f 358 359 292
f 292 291 358
f 355 358 291
f 291 290 355
f 357 356 400
f 400 401 357
f 361 293 360
f 94 132 95
f 297 298 365
f 22 26 11
f 10 26 22
f 365 364 297
f 365 299 366
f 298 299 365
f 464 368 369
f 428 464 429
f 428 427 367
f 367 368 464
f 428 367 464
f 427 426 366
f 366 367 427
f 425 463 365
f 425 365 366
f 426 425 366
f 425 419 461
f 461 463 425
f 463 364 365
f 463 461 357
f 357 364 463
f 363 362 424
f 424 362 423
f 430 429 465
f 429 370 465
f 429 464 370
f 464 369 370
f 435 470 436
f 435 434 469
f 469 470 435
f 467 469 433
f 433 469 434
f 465 467 432
f 432 467 433
f 469 467 373
f 468 469 374
f 468 374 375
f 373 467 465
f 465 370 373
f 372 371 466
f 466 371 363
f 431 466 363
f 424 431 363
f 469 373 374
f 443 446 388
f 448 472 446
f 441 443 388
f 388 386 441
f 439 437 378
f 439 378 377
f 439 377 471
f 437 438 385
f 385 378 437
f 377 376 471
f 446 472 388
f 472 389 388
f 441 385 438
f 386 385 441
f 362 361 423
f 423 361 422
f 361 360 421
f 372 406 405
f 371 372 405
f 371 405 404
f 404 402 371
f 371 402 363
f 404 405 304
f 304 303 404
f 303 295 404
f 404 295 402
f 369 403 370
f 369 368 301
f 301 302 403
f 369 301 403
f 300 301 367
f 367 301 368
f 299 300 366
f 366 300 367
f 405 407 304
f 407 403 304
f 403 302 304
f 370 407 373
f 373 407 374
f 407 405 406
f 374 407 406
f 375 374 406
f 403 407 370
f 309 306 376
f 376 377 309
f 312 310 378
f 354 353 458
f 355 458 459
f 420 421 360
f 360 359 462
f 420 360 462
f 462 459 420
f 420 459 418
f 359 358 462
f 462 358 355
f 355 459 462
f 460 461 417
f 417 418 459
f 459 458 460
f 417 459 460
f 356 357 460
f 460 357 461
f 353 356 458
f 458 356 460
f 354 458 355
f 417 461 419
f 314 312 385
f 320 318 389
f 389 318 388
f 318 314 388
f 388 314 386
f 310 309 378
f 378 309 377
f 378 385 312
f 385 386 314
f 421 422 361
f 328 351 326
f 317 347 327
f 328 327 347
f 328 347 345
f 328 345 351
f 351 349 325
f 342 241 242
f 308 342 242
f 311 308 242
f 307 342 308
f 306 341 305
f 313 343 315
f 313 311 343
f 311 242 343
f 242 245 343
f 325 349 324
f 349 351 345
f 345 348 349
f 324 349 348
f 323 324 348
f 323 348 346
f 323 346 320
f 253 249 319
f 325 326 351
f 319 249 316
f 319 315 343
f 343 250 253
f 319 343 253
f 317 316 249
f 249 248 347
f 317 249 347
f 248 247 347
f 347 247 345
f 343 245 250
f 150 57 132
f 94 150 132
f 112 53 56
f 112 56 150
f 120 112 150
f 150 56 57
f 111 118 55
f 55 52 111
f 141 38 55
f 110 141 55
f 118 110 55
f 52 53 111
f 111 53 112
f 138 141 109
f 109 141 110
f 109 104 136
f 136 138 109
f 57 50 132
f 94 122 150
f 120 150 122
f 151 145 108
f 130 152 128
f 132 148 95
f 50 49 132
f 95 148 129
f 148 147 152
f 130 148 152
f 126 128 152
f 152 151 126
f 126 151 124
f 151 152 147
f 147 145 151
f 108 124 151
f 130 129 148
f 132 49 148
f 147 148 49
f 49 48 147
f 138 37 141
f 138 136 70
f 70 71 138
f 43 70 136
f 71 37 138
f 141 37 38
f 42 40 101
f 45 44 143
f 145 147 48
f 145 48 47
f 145 47 144
f 145 144 108
f 108 144 106
f 93 105 144
f 93 144 47
f 93 143 91
f 93 47 45
f 106 144 105
f 143 44 42
f 91 143 42
f 102 91 42
f 40 43 136
f 101 40 136
f 104 101 136
f 101 102 42
f 93 45 143
f 154 178 284
f 243 154 284
f 258 243 284
f 256 257 284
f 256 284 177
f 177 174 282
f 256 177 282
f 178 177 284
f 272 283 175
f 175 176 272
f 283 282 169
f 169 175 283
f 174 169 282
f 255 247 279
f 279 278 255
f 255 278 254
f 166 165 274
f 258 284 257
f 282 283 259
f 259 256 282
f 260 272 275
f 279 166 274
f 275 276 260
f 260 276 241
f 259 283 272
f 260 259 272
f 278 279 274
f 278 274 252
f 194 195 269
f 236 194 269
f 173 194 227
f 227 194 235
f 268 267 234
f 234 267 233
f 233 267 232
f 193 192 268
f 268 192 267
f 231 232 267
f 231 267 192
f 231 192 191
f 191 185 231
f 231 185 230
f 229 230 185
f 185 184 229
f 184 181 229
f 236 235 194
f 236 269 237
f 270 195 196
f 269 195 270
f 274 165 164
f 251 274 164
f 246 251 164
f 252 274 251
f 164 160 246
f 246 160 244
f 160 154 244
f 244 154 243
f 252 254 278
f 239 271 240
f 271 268 234
f 239 238 270
f 270 271 239
f 268 271 270
f 268 270 196
f 268 196 193
f 269 270 237
f 237 270 238
f 234 240 271
f 229 181 228
f 224 228 181
f 181 170 224
f 172 173 226
f 101 104 210
f 102 101 208
f 169 174 93
f 93 91 169
f 166 205 165
f 164 165 205
f 205 203 164
f 203 200 164
f 164 200 160
f 160 200 154
f 210 208 101
f 175 91 208
f 91 102 208
f 175 169 91
f 179 214 111
f 179 111 112
f 180 179 112
f 210 214 176
f 176 214 179
f 109 110 214
f 214 110 216
f 214 210 104
f 104 109 214
f 178 200 108
f 178 108 106
f 105 93 177
f 177 93 174
f 106 105 178
f 178 105 177
f 176 175 208
f 208 210 176
f 178 154 200
f 214 216 111
f 216 110 118
f 182 217 183
f 262 263 264
f 263 157 158
f 263 261 153
f 153 157 263
f 155 261 156
f 156 261 262
f 155 153 261
f 261 263 262
f 265 158 159
f 265 264 158
f 264 263 158
f 226 173 227
f 226 225 171
f 171 172 226
f 225 223 265
f 225 265 162
f 225 162 171
f 224 170 168
f 224 168 266
f 222 224 266
f 264 265 223
f 222 266 262
f 221 222 262
f 221 262 264
f 168 167 266
f 266 167 156
f 156 262 266
f 265 159 162
f 223 221 264
f 186 163 95
f 95 129 220
f 186 95 220
f 220 129 130
f 128 126 219
f 219 126 218
f 218 126 124
f 218 124 203
f 188 128 219
f 205 218 203
f 108 200 203
f 217 120 122
f 161 183 217
f 217 122 94
f 161 217 94
f 182 180 112
f 112 120 217
f 182 112 217
f 203 124 108
f 216 118 111
f 188 187 128
f 187 220 130
f 187 130 128
f 188 219 190
f 219 218 190
f 190 218 189
f 166 189 218
f 218 205 166
f 186 220 187
f 545 457 765
f 765 457 485
f 790 804 788
f 804 802 788
f 788 802 786
f 786 802 782
f 903 626 627
f 903 902 625
f 902 901 623
f 623 625 902
f 624 623 901
f 625 626 903
f 808 811 643
f 643 641 808
f 810 809 902
f 902 903 810
f 901 902 806
f 806 902 809
f 808 641 639
f 808 639 906
f 807 808 906
f 639 637 906
f 906 636 624
f 906 624 901
f 807 906 901
f 637 636 906
f 806 807 901
f 457 481 485
f 376 379 473
f 473 471 376
f 476 387 383
f 475 382 476
f 476 382 387
f 445 444 476
f 445 476 383
f 445 383 384
f 442 474 475
f 444 442 475
f 444 475 476
f 475 381 382
f 475 474 473
f 475 473 380
f 475 380 381
f 439 471 473
f 440 439 473
f 440 473 474
f 473 379 380
f 440 474 442
f 449 477 447
f 450 477 449
f 478 477 450
f 479 478 450
f 482 479 452
f 482 483 396
f 482 396 393
f 482 393 480
f 479 482 480
f 480 478 479
f 481 394 395
f 393 392 480
f 452 453 482
f 478 480 392
f 478 391 477
f 390 389 472
f 447 477 391
f 448 447 391
f 448 391 390
f 448 390 472
f 452 479 451
f 450 451 479
f 478 392 391
f 483 482 453
f 384 397 455
f 453 454 483
f 397 398 455
f 455 398 456
f 398 394 481
f 456 398 481
f 457 456 481
f 455 445 384
f 3551 3549 3933
f 3824 3554 3933
f 3554 3551 3933
f 3556 3557 3938
f 3937 3556 3938
f 3828 3937 3938
f 3937 3546 3556
f 3555 3554 3934
f 3824 3826 3934
f 3824 3934 3554
f 3955 3578 3576
f 3955 3576 3951
f 3877 3955 3951
f 3875 3877 3951
f 3576 3574 3951
f 3875 3951 3874
f 3951 3574 3571
f 3874 3951 3571
f 3873 3874 3571
f 3873 3571 3567
f 3873 3567 3949
f 3870 3873 3949
f 3567 3565 3949
f 3870 3949 3868
f 3868 3949 3565
f 3868 3555 3934
f 3864 3868 3934
f 3864 3934 3826
f 3868 3565 3555
f 3452 3451 3700
f 3699 3698 3696
f 3696 3697 3699
f 3695 3444 3449
f 3698 3695 3449
f 3698 3449 3696
f 3697 3696 3448
f 3448 3450 3697
f 3449 3448 3696
f 3693 3692 3439
f 3439 3442 3693
f 3441 3439 3692
f 3447 3444 3695
f 3701 3700 3695
f 3700 3447 3695
f 3700 3451 3447
f 3628 3629 3700
f 3703 3474 3453
f 3707 3472 3473
f 3474 3703 3699
f 3699 3707 3473
f 3474 3699 3473
f 3707 3471 3472
f 3707 3699 3697
f 3697 3470 3471
f 3707 3697 3471
f 3697 3450 3470
f 3656 3655 3468
f 3468 3469 3656
f 3655 3651 3464
f 3464 3468 3655
f 3652 3654 3467
f 3467 3465 3652
f 3466 3467 3653
f 3475 3476 3658
f 3658 3657 3475
f 3477 3440 3642
f 3642 3659 3477
f 3653 3467 3654
f 3478 3438 3694
f 3660 3478 3694
f 3661 3660 3694
f 3661 3694 3638
f 3660 3644 3443
f 3443 3478 3660
f 3476 3477 3658
f 3658 3477 3659
f 3465 3464 3652
f 3652 3464 3651
f 3645 3643 3460
f 3636 3637 3692
f 3634 3635 3456
f 3456 3455 3634
f 3704 3702 3703
f 3704 3703 3453
f 3454 3704 3453
f 3630 3701 3702
f 3632 3630 3702
f 3637 3457 3692
f 3632 3702 3704
f 3702 3699 3703
f 3702 3701 3695
f 3695 3698 3702
f 3630 3628 3700
f 3700 3701 3630
f 3629 3693 3442
f 3629 3442 3452
f 3629 3452 3700
f 3698 3699 3702
f 3457 3441 3692
f 3639 3636 3692
f 3460 3461 3645
f 3462 3463 3706
f 3647 3462 3706
f 3649 3647 3706
f 3649 3706 3650
f 3461 3462 3645
f 3645 3462 3647
f 3705 3458 3459
f 3692 3693 3639
f 3641 3705 3459
f 3643 3641 3460
f 3458 3705 3704
f 3704 3454 3458
f 3641 3632 3704
f 3704 3705 3641
f 3639 3693 3629
f 3455 3457 3634
f 3634 3457 3637
f 3641 3459 3460
f 3972 4075 3997
f 3993 3997 4075
f 4075 3867 3866
f 3993 4075 3866
f 3866 3863 4088
f 3993 3866 4088
f 3991 3993 4088
f 3863 3861 4088
f 3991 4088 3990
f 4088 3861 3859
f 3990 4088 3859
f 3988 3990 3859
f 3859 3856 3988
f 3988 3856 3986
f 3984 3986 3856
f 3856 3855 3984
f 3850 3851 3981
f 3819 3867 4075
f 3981 3851 3982
f 3981 3980 3849
f 3980 3978 3848
f 3848 3849 3980
f 3978 3976 4087
f 3978 4087 3844
f 3978 3844 3848
f 3976 3975 4086
f 4086 4087 3976
f 4084 3838 3840
f 4084 4079 3829
f 3849 3850 3981
f 3829 3838 4084
f 3831 3829 4079
f 3911 3898 3600
f 3600 3598 3911
f 3593 3595 3905
f 3905 3595 3895
f 3615 3625 3910
f 3910 3625 3901
f 3626 3627 3902
f 3905 3904 3627
f 3627 3593 3905
f 3902 3901 3625
f 3625 3626 3902
f 3623 3600 3896
f 3896 3600 3898
f 3896 3895 3595
f 3595 3623 3896
f 3902 3627 3904
f 3289 3313 3277
f 3283 3097 3198
f 3283 3198 2783
f 3285 3315 3287
f 3260 3263 3312
f 3260 3312 3308
f 3266 3311 3263
f 3308 2919 2916
f 3256 3308 2916
f 2916 2911 2768
f 2916 2768 3195
f 3256 2916 3195
f 3086 3256 3195
f 3260 3308 3256
f 2544 2352 2789
f 3245 2544 2789
f 3107 3245 2789
f 3245 3249 2548
f 2548 2544 3245
f 2538 2563 3300
f 3300 2563 2560
f 3263 3311 3312
f 3266 2792 3311
f 2792 2927 3311
f 3266 3202 2792
f 3289 3287 3315
f 3315 3312 3313
f 3289 3315 3313
f 3283 2921 2920
f 3285 3283 2920
f 2920 2919 3315
f 3285 2920 3315
f 3312 3315 2919
f 3283 2783 2921
f 2919 3308 3312
f 3313 2927 2793
f 3313 2793 3204
f 3277 3313 3204
f 3279 3277 3204
f 3279 3204 3206
f 2927 3313 3312
f 3312 3311 2927
f 3266 3108 3202
f 3279 3206 3109
f 3230 3300 2560
f 3281 3230 2560
f 3257 3281 2560
f 2560 2554 3257
f 3241 3301 3242
f 2534 2541 3301
f 3239 2534 3301
f 3241 3239 3301
f 2531 2534 3236
f 3236 2534 3239
f 3236 3011 2660
f 2660 2241 2531
f 3236 2660 2531
f 2526 2252 2665
f 3233 2526 2665
f 3233 2665 3164
f 3228 3233 3164
f 3228 3164 3014
f 2991 3156 3006
f 2994 3151 3225
f 3225 3151 3147
f 3301 2541 2542
f 3244 3242 3303
f 3242 3301 3303
f 3301 2543 3303
f 3275 3297 3212
f 3303 2545 2524
f 3303 2524 3297
f 3271 3303 3297
f 3275 3271 3297
f 3244 3303 3271
f 2554 2552 3257
f 3257 2552 3254
f 3224 3225 3147
f 3252 3254 2552
f 3252 2552 3304
f 3252 3304 3248
f 2551 2549 3304
f 3233 3248 3304
f 3304 2549 2526
f 3233 3304 2526
f 3303 2543 2545
f 3301 2542 2543
f 2552 2551 3304
f 3147 3143 3298
f 3224 3147 3298
f 3224 3298 3217
f 3215 3135 3296
f 3222 3149 2984
f 3296 3143 3145
f 3219 3296 3145
f 3222 3219 3145
f 3222 3145 3149
f 3215 3296 3219
f 3298 3143 3296
f 3296 2832 3298
f 3213 3139 2978
f 3298 2832 2828
f 3217 2828 2638
f 3213 3217 2638
f 3213 2638 3139
f 3215 2951 3135
f 2626 2813 2826
f 3135 2626 2826
f 2826 2832 3296
f 3135 2826 3296
f 3217 3298 2828
f 3102 3105 3443
f 3443 3105 3478
f 3094 3095 3476
f 3476 3095 3477
f 3440 3477 3095
f 3095 3101 3440
f 3476 3475 3518
f 3518 3092 3094
f 3476 3518 3094
f 3508 3090 3087
f 3516 3122 3123
f 3517 3125 3126
f 3517 3126 3090
f 3474 3517 3090
f 3453 3474 3090
f 3453 3090 3508
f 3473 3472 3516
f 3506 3110 3113
f 3438 3478 3506
f 3478 3105 3506
f 3105 3110 3506
f 3123 3125 3517
f 3516 3123 3517
f 3473 3517 3474
f 3467 3098 3511
f 3465 3467 3511
f 3512 3099 3098
f 3466 3512 3098
f 3467 3466 3098
f 3465 3511 3464
f 3091 3093 3460
f 3460 3093 3461
f 3096 3097 3462
f 3462 3097 3463
f 3462 3461 3093
f 3093 3096 3462
f 3459 3458 3088
f 3088 3089 3459
f 3089 3091 3459
f 3459 3091 3460
f 3458 3454 3508
f 3098 3100 3511
f 3468 3104 3103
f 3468 3511 3104
f 3468 3464 3511
f 3122 3516 3515
f 3515 3121 3122
f 3494 2973 3515
f 3515 2973 3121
f 3471 3514 3515
f 3472 3471 3515
f 3472 3515 3516
f 3470 3514 3471
f 3473 3516 3517
f 3492 3494 3514
f 3450 3489 3492
f 3470 3450 3492
f 3470 3492 3514
f 3107 3099 3512
f 3100 3104 3511
f 3469 3468 3103
f 3103 3106 3513
f 3469 3103 3513
f 3514 3494 3515
f 3458 3508 3087
f 3458 3087 3088
f 3441 3457 3509
f 3358 3500 2990
f 2990 2982 3499
f 3358 2990 3499
f 2982 2980 3499
f 3358 3499 3355
f 3499 2980 2976
f 3355 3499 2976
f 3352 3355 2976
f 2976 2962 3352
f 3352 2962 3350
f 3358 3360 3500
f 3415 3066 3424
f 3046 3048 3409
f 3409 3048 3415
f 3069 3072 3425
f 3425 3072 3426
f 3412 3426 3072
f 3072 3073 3412
f 3425 3424 3066
f 3066 3069 3425
f 3421 3423 3056
f 3056 3059 3421
f 3048 3066 3415
f 3423 3417 3054
f 3054 3056 3423
f 3447 3507 3081
f 3444 3447 3081
f 3444 3081 3080
f 3444 3080 3505
f 3082 3081 3507
f 3080 3079 3505
f 3439 3077 3076
f 3439 3076 3504
f 3442 3439 3504
f 3439 3441 3078
f 3078 3077 3439
f 3076 3075 3504
f 3448 3449 3488
f 3449 3079 3488
f 3079 2952 3488
f 3449 3505 3079
f 3509 3083 3078
f 3441 3509 3078
f 3456 3510 3085
f 3456 3085 3084
f 3456 3084 3509
f 3455 3456 3509
f 3086 3085 3510
f 3084 3083 3509
f 3453 3508 3454
f 3451 3507 3447
f 3451 3452 3504
f 3451 3504 3075
f 3451 3075 3082
f 3451 3082 3507
f 3444 3505 3449
f 3450 3448 3488
f 3488 3489 3450
f 3442 3504 3452
f 3043 3045 3404
f 3404 3045 3406
f 3409 3406 3045
f 3045 3046 3409
f 3455 3509 3457
f 3404 3403 3042
f 3042 3043 3404
f 3067 3068 3402
f 3402 3068 3400
f 3063 3057 3397
f 3397 3057 3401
f 3065 3064 3399
f 3399 3064 3398
f 3399 3400 3068
f 3397 3398 3064
f 3064 3063 3397
f 3068 3065 3399
f 4638 4379 4378
f 4639 4638 4378
f 4639 4378 4744
f 4376 4379 4637
f 4637 4379 4638
f 4633 4742 4375
f 4633 4375 4376
f 4637 4633 4376
f 4373 4375 4737
f 4737 4375 4742
f 4374 4373 4737
f 4378 4377 4744
f 4950 4949 4579
f 4950 4579 4729
f 4951 4950 4729
f 4948 5003 4569
f 4947 4948 4569
f 4947 4569 4715
f 4715 4700 4558
f 4715 4558 5000
f 5000 4823 4946
f 4715 5000 4946
f 4947 4715 4946
f 4949 5006 4579
f 4949 4831 5006
f 5104 5003 4948
f 5104 4571 5003
f 5112 5197 5116
f 4319 5194 5193
f 4460 4319 5193
f 5195 4460 5193
f 5195 5193 5192
f 5114 5195 5192
f 5109 5114 5192
f 4729 5193 5194
f 4951 4729 5194
f 5193 4729 4728
f 5192 5193 4728
f 5192 4728 4726
f 5109 5192 5106
f 5192 4726 4724
f 5106 5192 4724
f 5104 5106 4724
f 5104 4724 4571
f 5112 4951 5194
f 5194 5197 5112
f 5116 5197 5117
f 4321 5197 4320
f 5197 5194 4320
f 4474 4478 5125
f 5125 4478 5137
f 5125 5142 4476
f 4476 4474 5125
f 4328 4459 5119
f 5119 4459 5107
f 4467 4464 5123
f 5123 4464 5122
f 5142 4744 4476
f 5120 5122 4464
f 5120 4464 5195
f 5120 5195 5114
f 5197 4321 4324
f 5117 5197 4324
f 5119 5117 4324
f 5119 4324 4327
f 5119 4327 4328
f 5194 4319 4320
f 4464 4460 5195
f 4744 4377 4476
f 5142 5121 4639
f 5127 5156 4502
f 4502 4484 5127
f 5153 5158 4505
f 4505 4501 5153
f 4501 4502 5153
f 5153 4502 5156
f 5142 4639 4744
f 4772 4498 4411
f 5130 4495 4772
f 5136 5130 4772
f 5136 4772 4681
f 5136 4681 5100
f 4940 5136 5100
f 4484 4495 5127
f 5127 4495 5130
f 5121 5046 4639
f 4495 4498 4772
f 5218 4782 5209
f 4783 4782 5218
f 5058 4651 4636
f 5062 4653 4650
f 4912 5062 4650
f 4912 4650 4651
f 4889 4912 4651
f 4889 4651 5058
f 4224 4311 4247
f 3987 3985 4305
f 4247 4311 4305
f 4228 4308 4309
f 4308 4012 4013
f 4225 4308 4227
f 4222 4011 4012
f 4222 4012 4308
f 4225 4222 4308
f 4010 4011 4220
f 4220 4011 4222
f 4220 4217 4009
f 4009 4010 4220
f 4217 4216 4307
f 4217 4307 4008
f 4217 4008 4009
f 4210 4307 4216
f 4307 4007 4008
f 4209 4006 4007
f 4209 4007 4307
f 4308 4013 4309
f 4013 4014 4309
f 4228 4227 4308
f 4309 4014 4015
f 4245 4247 4305
f 4245 4305 4201
f 4243 4024 3994
f 4243 3994 4310
f 4244 4243 4310
f 4243 4242 4020
f 4020 4024 4243
f 4311 3987 4305
f 4018 4020 4241
f 4241 4240 4017
f 4017 4018 4241
f 4016 4017 4237
f 4237 4017 4240
f 4237 4230 4309
f 4237 4309 4015
f 4237 4015 4016
f 4228 4309 4230
f 4241 4020 4242
f 4210 4209 4307
f 4005 4006 4208
f 4208 4207 4004
f 3996 3995 4304
f 4004 4005 4208
f 4003 4004 4206
f 4206 4004 4207
f 4206 4205 4002
f 4002 4003 4206
f 4204 4306 4001
f 4204 4001 4002
f 4205 4204 4002
f 4203 4306 4204
f 4203 4202 3999
f 3999 4000 4306
f 4203 3999 4306
f 3985 3998 4305
f 4200 4201 4305
f 4200 4305 3998
f 3998 3996 4304
f 4200 3998 4304
f 4306 4000 4001
f 4208 4006 4209
f 4298 4070 4301
f 4068 4069 4299
f 4299 4069 4300
f 4065 4066 4296
f 4296 4066 4297
f 4066 4067 4297
f 4297 4067 4298
f 4296 4295 4064
f 4064 4065 4296
f 4293 4292 4061
f 4061 4062 4293
f 4062 4063 4293
f 4293 4063 4294
f 4060 4061 4291
f 4291 4061 4292
f 4067 4070 4298
f 4070 4068 4299
f 4299 4301 4070
f 4294 4064 4295
f 4303 4072 4051
f 4303 4051 4317
f 4290 4303 4317
f 4302 4300 4069
f 4069 4071 4302
f 4071 4072 4302
f 4302 4072 4303
f 4063 4064 4294
f 4188 3725 4184
f 4188 4184 4186
f 3724 3715 4184
f 4187 3721 3722
f 4187 4186 4183
f 4183 3719 3721
f 4187 4183 3721
f 4183 3712 3719
f 4182 4183 4184
f 4184 4183 4186
f 3708 4181 4182
f 3715 3708 4182
f 4184 3715 4182
f 4183 4182 3953
f 4183 3953 3526
f 4183 3526 3712
f 4181 4079 4084
f 3725 3724 4184
f 3727 3725 4188
f 4099 4186 4187
f 4099 4100 4186
f 3954 3741 3536
f 4087 4086 3729
f 3844 4087 3729
f 3844 3729 3741
f 3844 3741 3954
f 4106 4189 4104
f 4106 4104 4102
f 3975 4106 4102
f 4182 4181 4084
f 3975 4102 4086
f 4104 3738 3727
f 4104 3727 4188
f 4100 4104 4188
f 4187 3722 3729
f 4187 3729 4086
f 4099 4187 4086
f 4102 4099 4086
f 4100 4188 4186
f 4104 4189 3738
f 4182 4084 3840
f 4182 3840 3953
f 3708 3534 4181
f 4181 3534 3532
f 3529 3527 3947
f 3529 3947 3831
f 3532 3529 3831
f 4181 3532 3831
f 4181 3831 4079
f 3952 3519 3521
f 3952 3521 3524
f 3953 3952 3524
f 3526 3953 3524
f 3745 3738 4189
f 4106 4110 4189
f 4110 3745 4189
f 4110 3754 3745
f 3709 3757 4103
f 4103 3757 4112
f 4120 4119 3774
f 3774 3726 4120
f 3771 3774 4117
f 4117 3774 4119
f 3762 3771 4117
f 3760 3762 4114
f 4114 3762 4116
f 4114 3982 3851
f 3851 3545 3760
f 4114 3851 3760
f 4110 4112 3757
f 3757 3754 4110
f 4117 4116 3762
f 4502 4146 4152
f 4502 4152 4541
f 4484 4502 4541
f 4501 4505 4148
f 4148 4144 4501
f 4144 4146 4501
f 4501 4146 4502
f 4141 4060 4291
f 4498 4141 4291
f 4411 4498 4291
f 4498 4495 4541
f 4541 4134 4141
f 4498 4541 4141
f 4484 4541 4495
f 3986 3984 4312
f 4517 4329 4219
f 4219 4312 3984
f 4541 4152 4134
f 4219 3984 4180
f 4517 4219 4180
f 4517 4179 4514
f 4499 4539 4503
f 4496 4155 4159
f 4496 4159 4539
f 4499 4496 4539
f 4496 4492 4538
f 4538 4150 4155
f 4496 4538 4155
f 4538 4147 4150
f 4490 4538 4492
f 4143 4147 4538
f 4485 4143 4538
f 4490 4485 4538
f 4145 4118 4487
f 4487 4118 4479
f 4485 4483 4139
f 4139 4143 4485
f 4136 4139 4481
f 4539 4159 4162
f 4462 4162 4536
f 4162 4163 4536
f 4462 4539 4162
f 4513 4514 4179
f 4179 4178 4513
f 4536 4163 4101
f 4178 4177 4513
f 4513 4177 4511
f 4510 4511 4177
f 4177 4176 4510
f 4176 4175 4510
f 4180 4179 4517
f 4510 4175 4509
f 4175 4174 4508
f 4174 4172 4508
f 4508 4172 4507
f 4506 4507 4172
f 4172 4169 4506
f 4169 4145 4506
f 4506 4145 4487
f 4462 4503 4539
f 4508 4509 4175
f 4481 4139 4483
f 4481 4468 4120
f 4120 4136 4481
f 4477 4479 4118
f 4114 4116 4461
f 4118 4115 4477
f 4115 4113 4477
f 4477 4113 4475
f 4473 4475 4113
f 4113 4109 4473
f 4109 4107 4473
f 4473 4107 4472
f 4107 4103 4472
f 4472 4103 4470
f 4103 4112 4467
f 4119 4120 4465
f 4465 4120 4468
f 4465 4463 4117
f 4117 4119 4465
f 4116 4117 4461
f 4461 4117 4463
f 4461 4459 4114
f 4467 4470 4103
f 4368 4369 4430
f 4368 4430 4367
f 4229 4226 4430
f 4367 4430 4226
f 4364 4367 4226
f 4364 4226 4224
f 4369 4233 4430
f 4233 4229 4430
f 4236 4233 4369
f 4369 4370 4236
f 4371 4372 4239
f 4239 4238 4371
f 4238 4236 4371
f 4371 4236 4370
f 1288 1424 1423
f 1288 1282 1424
f 1282 1421 1424
f 1425 1423 1424
f 1301 1293 1434
f 1301 1434 1031
f 1301 1031 1032
f 1301 1032 1430
f 1305 1303 1430
f 1430 1432 1305
f 1301 1430 1303
f 1043 1044 1292
f 1292 1044 1294
f 1044 1045 1298
f 1292 1290 1042
f 1042 1043 1292
f 1428 1429 1426
f 1426 1424 1428
f 1427 1428 1424
f 1424 1421 1427
f 1424 1426 1425
f 1298 1294 1044
f 1434 1019 1031
f 1430 1032 1033
f 1033 1432 1430
f 1308 1305 1047
f 1429 1428 1447
f 1447 1428 1445
f 1428 1427 1445
f 1445 1427 1439
f 1439 1013 1440
f 1440 1013 1014
f 1013 1439 1427
f 1427 1422 1012
f 1448 1439 1440
f 1013 1427 1012
f 1049 1042 1310
f 1310 1042 1290
f 1309 1308 1047
f 1047 1048 1309
f 1048 1049 1309
f 1309 1049 1310
f 1432 1046 1047
f 1305 1432 1047
f 1422 999 1012
f 1445 1439 1448
f 1312 1311 1445
f 1312 1445 1448
f 1311 1447 1445
f 1171 1170 1588
f 990 1389 1385
f 1385 1384 989
f 990 1385 989
f 989 1384 1383
f 1383 988 989
f 1275 1386 1276
f 1271 1382 1385
f 1271 1385 1386
f 1275 1271 1386
f 1269 1382 1271
f 1382 1381 1385
f 1385 1381 1384
f 1383 1384 1381
f 1381 1380 1383
f 1269 1260 1381
f 1381 1382 1269
f 1380 1381 1255
f 1366 990 992
f 1389 990 1366
f 1390 1385 1389
f 1386 1385 1390
f 1255 1381 1260
f 1225 1365 1390
f 1225 1390 1372
f 1227 1225 1372
f 1390 1389 1372
f 1372 1389 1366
f 1276 1386 1390
f 1222 1276 1390
f 1222 1390 1365
f 1257 1378 1246
f 1243 1378 1257
f 1246 1378 1377
f 1221 1219 1364
f 1364 1368 1221
f 1220 1364 1219
f 1368 1370 1223
f 1223 1221 1368
f 1232 1364 1226
f 1249 1246 1377
f 1249 1377 1379
f 1373 1379 1377
f 1377 1371 1373
f 1241 1375 1377
f 1243 1241 1377
f 1243 1377 1378
f 1375 1370 1377
f 1226 1364 1220
f 1377 1370 1371
f 1370 1375 1223
f 1223 1375 1239
f 1373 1371 1237
f 1237 1371 1236
f 1236 1371 1370
f 1232 1236 1370
f 1232 1370 1368
f 1368 1364 1232
f 1239 1375 1241
f 1173 1172 1589
f 1590 1170 1589
f 1749 1245 1747
f 1747 1684 1749
f 1749 1684 1689
f 1717 1716 1748
f 1748 1716 1747
f 1716 1672 1747
f 1747 1672 1684
f 1699 1242 1240
f 1240 1741 1699
f 1238 1235 1738
f 1238 1738 1732
f 1240 1238 1732
f 1741 1240 1732
f 1741 1739 1699
f 1699 1739 1697
f 1685 1697 1739
f 1739 1722 1685
f 1245 1244 1747
f 1244 1748 1747
f 1748 1250 1717
f 1250 1247 1717
f 1744 1734 1754
f 1754 1734 1752
f 1752 1263 1753
f 1753 1263 1265
f 1734 1249 1752
f 1752 1249 1263
f 1751 1256 1258
f 1252 1251 1750
f 1732 1730 1741
f 1252 1750 1709
f 1713 1254 1709
f 1750 1251 1245
f 1245 1749 1750
f 1749 1689 1750
f 1750 1689 1709
f 1244 1250 1748
f 1247 1237 1721
f 1247 1721 1717
f 1254 1252 1709
f 1755 1744 1754
f 1741 1730 1739
f 1730 1720 1722
f 1720 1228 1229
f 1696 1227 1718
f 1718 1227 1228
f 1709 1708 1713
f 1713 1708 1710
f 1708 1693 1710
f 1710 1693 1704
f 1689 1687 1709
f 1709 1687 1708
f 1687 1677 1708
f 1708 1677 1693
f 1700 1704 1693
f 1693 1691 1700
f 1691 1224 1225
f 1700 1691 1225
f 1696 1700 1225
f 1677 1675 1693
f 1718 1228 1720
f 1722 1229 1230
f 1720 1229 1722
f 1722 1230 1231
f 1738 1235 1234
f 1234 1735 1738
f 1732 1738 1735
f 1735 1726 1732
f 1233 1713 1710
f 1234 1233 1710
f 1735 1234 1710
f 1710 1704 1735
f 1722 1739 1730
f 1735 1704 1726
f 1726 1724 1730
f 1720 1730 1724
f 1724 1718 1720
f 1704 1700 1726
f 1726 1700 1724
f 1718 1724 1700
f 1700 1696 1718
f 1231 1685 1722
f 1730 1732 1726
f 1745 1744 1755
f 1512 1754 1753
f 1754 1752 1753
f 1544 1759 1530
f 1759 1258 1270
f 1233 1254 1713
f 1521 1757 1516
f 1753 1757 1512
f 1512 1757 1521
f 1516 1757 1756
f 1518 1516 1756
f 1518 1756 1758
f 1751 1258 1759
f 1756 1268 1256
f 1751 1758 1256
f 1756 1757 1753
f 1753 1265 1266
f 1756 1753 1266
f 1756 1266 1268
f 1755 1754 1515
f 1515 1754 1510
f 1512 1510 1754
f 1758 1756 1256
f 1760 1272 1273
f 1530 1759 1760
f 1518 1758 1542
f 1542 1758 1751
f 1542 1751 1759
f 1544 1542 1759
f 1761 1742 1537
f 1537 1742 1533
f 1534 1760 1535
f 1760 1273 1277
f 1534 1530 1760
f 1760 1277 1761
f 1537 1535 1761
f 1761 1278 1279
f 1742 1761 1279
f 1737 1742 1279
f 1737 1279 1280
f 1761 1277 1278
f 1759 1270 1272
f 1759 1272 1760
f 1535 1760 1761
f 1693 1675 1691
f 1675 1671 1222
f 1691 1675 1222
f 1224 1691 1222
f 1479 1475 1203
f 1203 1204 1479
f 1475 1466 1613
f 1475 1613 1191
f 1475 1191 1203
f 1471 1472 1201
f 1201 1200 1471
f 1468 1471 1200
f 1200 1199 1468
f 1199 1195 1615
f 1468 1199 1615
f 1465 1468 1615
f 1462 1613 1466
f 1465 1615 1464
f 1195 1194 1615
f 1615 1194 1193
f 1464 1615 1193
f 1479 1206 1481
f 1204 1206 1479
f 1208 1209 1485
f 1485 1484 1208
f 1622 1624 1621
f 1621 1619 1622
f 1217 1218 1499
f 1499 1218 1500
f 1499 1498 1216
f 1216 1217 1499
f 1215 1216 1497
f 1497 1216 1498
f 1463 1464 1193
f 1213 1215 1496
f 1496 1493 1212
f 1212 1213 1496
f 1211 1212 1491
f 1491 1212 1493
f 1491 1489 1210
f 1210 1211 1491
f 1209 1210 1485
f 1485 1210 1489
f 1496 1215 1497
f 1591 1621 1624
f 1463 1193 1192
f 1452 1192 1603
f 1175 1179 1606
f 1449 1452 1603
f 1449 1603 1598
f 1449 1598 1600
f 1603 1178 1177
f 1177 1598 1603
f 1590 1595 1598
f 1598 1595 1600
f 1176 1588 1590
f 1177 1176 1590
f 1598 1177 1590
f 1176 1171 1588
f 1590 1589 1174
f 1595 1590 1174
f 1595 1174 1175
f 1590 1588 1170
f 1170 1173 1589
f 1606 1595 1175
f 1606 1179 1180
f 1595 1606 1608
f 1608 1600 1595
f 1192 1178 1603
f 1613 1190 1191
f 1611 1188 1190
f 1459 1611 1190
f 1459 1190 1613
f 1462 1459 1613
f 1459 1457 1609
f 1609 1611 1459
f 1452 1463 1192
f 1611 1186 1188
f 1181 1186 1611
f 1457 1454 1608
f 1608 1609 1457
f 1600 1608 1449
f 1449 1608 1454
f 1609 1608 1606
f 1609 1606 1180
f 1609 1180 1181
f 1611 1609 1181
f 1624 1594 1591
f 1627 1622 1625
f 1624 1622 1627
f 1501 1627 1504
f 1503 1504 1627
f 1627 1625 1503
f 1503 1625 1502
f 1453 1594 1624
f 1501 1453 1624
f 1501 1624 1627
f 1684 1682 1689
f 1689 1682 1687
f 1677 1687 1682
f 1682 1670 1677
f 1682 1684 1672
f 1672 1668 1682
f 1668 1664 1682
f 1682 1664 1670
f 1670 1669 1677
f 1669 1667 1675
f 1675 1667 1671
f 1669 1670 1664
f 1664 1663 1669
f 1663 1655 1669
f 1669 1655 1667
f 1677 1669 1675
f 1589 1172 1174
f 1112 1014 888
f 888 703 792
f 1112 888 792
f 1162 782 791
f 791 1161 1162
f 1157 1162 1161
f 1118 1157 1161
f 1124 1118 1161
f 1122 1161 791
f 1117 1122 791
f 1117 791 789
f 1124 1161 1122
f 1120 1157 1118
f 789 697 875
f 1117 789 875
f 1117 875 1081
f 1006 1117 1081
f 1033 1089 1046
f 1108 1155 1087
f 1026 1108 1087
f 713 933 935
f 783 713 935
f 1153 783 935
f 937 1153 935
f 1155 1088 1087
f 1110 1155 1108
f 1155 896 1088
f 1155 936 896
f 1046 1089 898
f 1047 1046 898
f 1047 898 938
f 938 715 783
f 1047 938 783
f 1048 1047 783
f 1048 783 1153
f 1048 1153 1049
f 1049 1153 1042
f 1045 1156 1113
f 1113 1155 1110
f 1043 1042 1153
f 1043 1153 937
f 1044 1043 937
f 1044 937 1156
f 1044 1156 1045
f 1156 937 936
f 1155 1156 936
f 1156 1155 1113
f 2710 2850 2869
f 2694 2847 2708
f 2863 2860 2816
f 2816 2860 2815
f 2627 2815 2860
f 2701 2627 2860
f 2701 2860 2856
f 2850 2848 2863
f 2863 2848 2860
f 2848 2836 2860
f 2860 2836 2856
f 2701 2856 2698
f 2698 2856 2836
f 2696 2698 2836
f 2696 2836 2830
f 2696 2830 2692
f 2848 2850 2847
f 2710 2708 2850
f 2708 2847 2850
f 2710 2869 2711
f 2869 2850 2863
f 2625 2712 2872
f 2625 2872 2819
f 2625 2819 2813
f 2816 2819 2872
f 2872 2863 2816
f 2869 2872 2711
f 2711 2872 2712
f 2863 2872 2869
f 2847 2845 2848
f 2848 2845 2271
f 2836 2848 2266
f 2683 2681 2253
f 2253 2254 2683
f 2681 2679 2250
f 2250 2253 2681
f 2679 2671 2814
f 2679 2814 2251
f 2679 2251 2250
f 2673 2814 2671
f 2683 2255 2684
f 2254 2255 2683
f 2687 2805 2609
f 2687 2227 2805
f 2694 2617 2809
f 2809 2845 2847
f 2694 2809 2847
f 2271 2845 2809
f 2809 2220 2271
f 2836 2266 2262
f 2830 2836 2262
f 2830 2262 2827
f 2830 2827 2822
f 2689 2692 2822
f 2262 2260 2827
f 2260 2258 2827
f 2827 2258 2822
f 2689 2822 2688
f 2687 2688 2822
f 2822 2258 2227
f 2687 2822 2227
f 2692 2830 2822
f 2848 2271 2266
f 2008 2507 2007
f 2008 2007 1554
f 1554 1583 2208
f 2008 1554 2208
f 2206 1564 1563
f 2005 2206 1563
f 2532 2398 2233
f 2529 1786 1788
f 2532 2529 1788
f 2532 1788 2398
f 2529 2527 2590
f 2529 2590 1783
f 2529 1783 1786
f 1793 2399 1788
f 2399 2398 1788
f 2045 1793 1450
f 2005 1563 1561
f 1561 1560 2197
f 2005 1561 2197
f 2005 2197 1996
f 2498 2005 1996
f 2544 1555 1553
f 2544 1553 1547
f 1547 1549 2205
f 1793 2400 2399
f 1547 2205 2501
f 2352 2544 2501
f 2544 2548 1809
f 1809 1555 2544
f 2501 2205 2000
f 2045 2038 2034
f 1887 2400 1793
f 2034 1887 1793
f 2045 2034 1793
f 2544 1547 2501
f 2362 2514 2518
f 2517 2518 2514
f 2514 2511 2517
f 2359 2517 2358
f 2517 2511 2358
f 2358 2511 2355
f 2514 2515 2509
f 2509 2512 2514
f 2362 2360 2514
f 2354 2511 2514
f 2357 2514 2512
f 2356 2512 2509
f 2251 2356 2509
f 2251 2509 2409
f 2357 2512 2356
f 2355 2511 2354
f 2357 2354 2514
f 2360 2515 2514
f 2518 2517 2364
f 2364 2517 2359
f 2362 2518 2364
f 2936 2935 3129
f 3129 2614 2615
f 2936 3129 2615
f 2934 3129 2935
f 3129 2613 2614
f 2612 2613 3129
f 2933 2612 3129
f 2934 2933 3129
f 2933 2932 3128
f 2933 3128 2611
f 2933 2611 2612
f 3128 2610 2611
f 2609 2608 2931
f 2931 2608 2930
f 2936 2616 2937
f 2615 2616 2936
f 2938 2937 3130
f 2937 2616 3130
f 2938 3130 2939
f 2616 2617 3130
f 2180 1535 1537
f 2178 1530 1534
f 1956 2176 1958
f 2176 1521 1516
f 2176 1516 2174
f 1958 2176 2174
f 1963 1958 2174
f 1956 1955 2170
f 2170 2156 2176
f 2156 1512 2176
f 2176 1512 1521
f 2174 1516 1518
f 1515 1510 2170
f 2170 1510 2156
f 2156 1510 1512
f 1956 2170 2176
f 2180 2178 1535
f 2178 1534 1535
f 2165 1537 1533
f 2180 2181 2178
f 2178 2181 1984
f 1984 2181 1986
f 1963 2174 1970
f 1972 2182 1982
f 1984 1982 2182
f 2182 1544 1530
f 2182 1530 2178
f 1984 2182 2178
f 2174 1518 1542
f 2174 1542 2182
f 1970 2174 2182
f 1972 1970 2182
f 2182 1542 1544
f 1966 2181 2180
f 1968 1966 2180
f 1968 2180 2165
f 2180 1537 2165
f 1986 2181 1966
f 2081 2077 2079
f 2077 2056 2079
f 2079 2056 2058
f 2067 2066 2078
f 2078 2066 2077
f 2056 2077 2066
f 2066 2040 2056
f 2070 2068 2073
f 2073 2068 2071
f 2067 2071 2068
f 2068 2063 2067
f 1897 2039 2068
f 1899 1897 2068
f 1899 2068 2070
f 2039 2038 2068
f 2068 2038 2063
f 2066 2067 2063
f 2078 2077 2081
f 2071 2067 2078
f 2078 2083 2071
f 2073 2071 2083
f 2084 2098 2092
f 2092 2073 2084
f 1915 2095 1917
f 2094 2095 1912
f 1912 2095 1915
f 1912 1903 2090
f 1912 2090 2092
f 1912 2092 2094
f 2063 2047 2066
f 2073 2092 2090
f 1901 2090 1903
f 2070 2090 1899
f 1899 2090 1901
f 2086 2088 2084
f 2084 2083 2086
f 2083 2078 2086
f 2086 2078 2081
f 2083 2084 2073
f 2090 2070 2073
f 2047 1451 1453
f 2066 2047 1453
f 2040 2066 1453
f 2047 2063 2038
f 2038 2045 2047
f 2045 1450 2047
f 2047 1450 1451
f 1896 2039 1897
f 1895 2034 2038
f 1896 1895 2038
f 1896 2038 2039
f 1887 2034 1895
f 2094 2092 2098
f 2098 2104 2094
f 2098 2084 2088
f 2088 2106 2098
f 2149 2144 2148
f 2144 2135 2148
f 2148 2135 2140
f 2147 2059 2043
f 2043 2146 2147
f 2145 2147 2146
f 2146 2143 2145
f 2146 2043 2036
f 2036 2115 2146
f 2143 2146 2115
f 2115 2108 2143
f 2143 2142 2145
f 2145 2142 2144
f 2142 2133 2144
f 2144 2133 2135
f 2142 2143 2108
f 2108 2106 2142
f 2145 2144 2149
f 2148 2140 2103
f 2103 2114 2148
f 2117 2148 2114
f 1948 2048 1889
f 2037 2048 1946
f 1946 2048 1948
f 1945 2112 2036
f 1945 2036 2037
f 1946 1945 2037
f 1923 2112 1945
f 2106 2088 2142
f 1456 2074 2150
f 2122 1455 2150
f 2150 2149 2122
f 2122 2149 2117
f 2150 2074 2059
f 2059 2147 2150
f 2147 2145 2150
f 2150 2145 2149
f 2149 2148 2117
f 1455 1456 2150
f 2142 2088 2133
f 2099 2103 2140
f 2140 2139 2099
f 2125 2119 2061
f 1926 2125 2061
f 1925 1926 2061
f 2119 2124 2081
f 2081 2079 2119
f 2061 2119 2079
f 2079 2058 2061
f 2115 2036 2112
f 2128 2119 2125
f 2112 2110 2115
f 2110 2104 2108
f 1917 2095 2110
f 1923 1917 2110
f 1923 2110 2112
f 2095 2094 2110
f 2110 2094 2104
f 2106 2108 2104
f 2104 2098 2106
f 2108 2115 2110
f 2124 2119 2128
f 2086 2081 2132
f 1914 2099 2139
f 1942 1914 2139
f 1942 2139 2137
f 2135 2134 2140
f 2140 2134 2139
f 2137 2139 2134
f 2134 2128 2137
f 1942 2137 1940
f 2132 2081 2124
f 1940 2137 2128
f 1933 2128 2125
f 1933 2125 1926
f 2133 2132 2135
f 2135 2132 2134
f 2132 2124 2134
f 2134 2124 2128
f 2088 2086 2133
f 2133 2086 2132
f 1933 1940 2128
f 2480 1955 1956
f 2481 1958 1963
f 2307 1958 2481
f 2307 2302 1958
f 2302 2480 1958
f 2321 2484 1984
f 2323 2321 1984
f 2323 1984 1986
f 2319 2483 2315
f 2307 2481 2318
f 2318 2481 1963
f 2319 2318 1963
f 2319 1963 1970
f 2319 1970 2483
f 2316 2315 1972
f 2316 1972 1982
f 2316 1982 2484
f 2484 1982 1984
f 2483 1970 1972
f 2301 2312 1966
f 1966 1968 2301
f 2480 1956 1958
f 2315 2483 1972
f 2316 2484 2321
f 2323 1966 2312
f 1986 1966 2323
f 4592 5023 5025
f 5023 5020 4859
f 4859 5020 4858
f 4857 5018 4856
f 4857 4858 5020
f 4857 5020 5014
f 4857 5014 5018
f 5023 4592 4590
f 4590 5020 5023
f 5020 4590 4589
f 4589 5013 5014
f 5020 4589 5014
f 4586 5009 4589
f 4589 5009 5013
f 4586 4585 5009
f 5018 5017 4856
f 4856 5017 4855
f 5025 4596 4592
f 4596 5025 4972
f 4972 4601 4596
f 5025 5023 4859
f 4545 4601 4972
f 4785 4974 4861
f 4974 4972 5025
f 4861 4974 5025
f 4860 4861 5025
f 4859 4860 5025
f 5011 5017 5014
f 5014 5017 5018
f 5017 5011 4854
f 4967 4965 4969
f 4969 4965 4966
f 4967 4968 4963
f 4963 4962 4967
f 4962 4960 4967
f 4967 4960 4965
f 4786 4787 4966
f 4786 4966 4965
f 4786 4965 4964
f 4960 4959 4965
f 4965 4959 4964
f 4784 4964 4959
f 4783 4784 4959
f 4783 4959 4958
f 4783 4958 4782
f 4786 4964 4784
f 4968 4967 4969
f 4969 4970 4968
f 4789 4966 4787
f 4789 4971 4966
f 4829 5005 4830
f 4829 4827 5002
f 4567 4573 5005
f 5002 4567 5005
f 4829 5002 5005
f 4825 5002 4827
f 4571 4569 5003
f 5002 4565 4567
f 4825 4813 4995
f 4563 4565 5002
f 4995 4563 5002
f 4825 4995 5002
f 4995 4552 4563
f 4558 4556 5000
f 4822 4823 5000
f 4556 4554 4996
f 5000 4556 4996
f 5005 4573 4576
f 4831 4577 5006
f 4831 4830 4577
f 4830 5005 4577
f 4854 5011 4846
f 4848 5011 5014
f 4851 4848 5014
f 4851 5014 5013
f 4844 4851 5013
f 5013 5009 4844
f 4846 5011 4848
f 4843 4844 5009
f 4822 5000 4996
f 4843 5009 4585
f 4843 4584 5008
f 4584 4583 5008
f 4843 5008 4840
f 4836 4840 5008
f 4836 5008 4583
f 4836 4583 4581
f 5006 4577 4579
f 5005 4576 4577
f 4843 4585 4584
f 4548 4977 4554
f 4554 4977 4996
f 4822 4996 4819
f 4802 4984 4806
f 4801 4979 4982
f 4802 4801 4982
f 4802 4982 4984
f 4970 4982 4979
f 4979 4968 4970
f 4796 4979 4801
f 4780 4963 4968
f 4973 4544 4970
f 4796 4780 4968
f 4973 4971 4977
f 4977 4971 4975
f 4975 4971 4793
f 4793 4971 4791
f 4970 4969 4973
f 4973 4969 4971
f 4789 4791 4971
f 4971 4969 4966
f 4796 4968 4979
f 4855 5017 4854
f 4544 4543 4970
f 4546 4982 4543
f 4819 4996 4977
f 4817 4819 4977
f 4817 4977 4975
f 4817 4975 4793
f 4990 4995 4810
f 4810 4995 4813
f 4552 4995 4990
f 4552 4990 4985
f 4543 4982 4970
f 4552 4985 4551
f 4806 4984 4985
f 4808 4806 4985
f 4808 4985 4990
f 4985 4546 4551
f 4544 4973 4548
f 4548 4973 4977
f 4546 4985 4984
f 4546 4984 4982
f 4808 4990 4810
f 5046 5044 4638
f 4638 4639 5046
f 4637 4638 5039
f 5039 4638 5044
f 4633 4637 5039
f 4636 4651 4421
f 4650 4653 4419
f 4419 4420 4650
f 4420 4421 4650
f 4650 4421 4651
f 4421 4405 4636
f 4779 4780 5216
f 5216 4780 5217
f 5216 5215 4778
f 4778 4779 5216
f 4777 4778 5214
f 5214 4778 5215
f 5214 5213 4776
f 4776 4777 5214
f 5213 5212 5383
f 5383 4775 4776
f 5213 5383 4776
f 5211 5207 4774
f 4774 4775 5383
f 5210 5383 5212
f 5211 5383 5210
f 5208 5209 4782
f 4782 4781 5208
f 4781 4774 5208
f 5208 4774 5207
f 5211 4774 5383
f 5321 5480 5323
f 5324 4890 4891
f 5478 4912 4889
f 4912 5478 5477
f 5477 4945 4912
f 5498 4942 4944
f 5308 5347 5498
f 5308 5498 4944
f 5308 4945 5477
f 5308 4944 4945
f 5480 4897 4890
f 5479 4873 4896
f 5317 5479 4896
f 5321 5317 4896
f 5321 4896 4897
f 5321 4897 5480
f 5484 4893 4894
f 5330 5484 4894
f 5330 4894 4895
f 5329 5324 4891
f 5329 4891 4893
f 5329 4893 5484
f 5329 5484 5330
f 5324 5323 5480
f 5324 5480 4890
f 5327 5330 4895
f 5434 5424 5297
f 5434 4837 4834
f 4834 5422 5424
f 5434 4834 5424
f 5297 5424 5294
f 5294 5424 5422
f 5294 5422 5419
f 5258 5294 5419
f 5297 5298 5434
f 4834 4833 5422
f 4832 5419 5422
f 5422 4833 4832
f 4838 4837 5434
f 3891 3890 4045
f 4045 3890 4044
f 4043 4044 3890
f 3890 3889 4043
f 4151 4161 4489
f 4489 4486 4151
f 4542 4173 4154
f 4171 4173 4542
f 4535 4171 4542
f 4524 4535 4542
f 4534 4533 4168
f 4168 4170 4534
f 4170 4171 4534
f 4534 4171 4535
f 4533 4531 4166
f 4166 4168 4533
f 4530 4532 4167
f 4167 4165 4530
f 4532 4493 4164
f 4164 4167 4532
f 4497 4519 4135
f 4135 4133 4497
f 4520 4521 4140
f 4140 4137 4520
f 4142 4140 4522
f 4522 4140 4521
f 4137 4135 4520
f 4520 4135 4519
f 4129 4142 4522
f 4516 4518 4132
f 4518 4500 4125
f 4125 4132 4518
f 4130 4129 4516
f 4516 4129 4515
f 4126 4125 4512
f 4512 4125 4500
f 4493 4489 4161
f 4161 4164 4493
f 4132 4130 4516
f 4522 4515 4129
f 4540 4153 4149
f 4165 4166 4530
f 4530 4166 4531
f 4527 4529 4160
f 4160 4157 4527
f 4528 4526 4156
f 4156 4158 4528
f 4158 4160 4528
f 4528 4160 4529
f 4523 4540 4149
f 4157 4148 4527
f 4526 4525 4542
f 4542 4154 4156
f 4526 4542 4156
f 4524 4542 4525
f 4122 4153 4540
f 4512 4523 4149
f 4149 4126 4512
f 4523 4480 4540
f 4527 4148 4505
f 4606 4721 4368
f 4602 4606 4368
f 4602 4368 4367
f 4602 4367 4719
f 4367 4364 4719
f 4609 4721 4606
f 4368 4721 4722
f 4722 4369 4368
f 4722 4721 4609
f 4612 4613 4725
f 4612 4725 4372
f 4612 4723 4611
f 4372 4371 4723
f 4611 4723 4371
f 4610 4611 4371
f 4371 4370 4722
f 4610 4371 4722
f 4370 4369 4722
f 4609 4610 4722
f 4612 4372 4723
f 4380 4442 4381
f 4448 4257 4441
f 4385 4448 4441
f 4270 4269 4448
f 4449 4270 4448
f 4450 4449 4448
f 4271 4270 4449
f 4269 4268 4448
f 4447 4266 4265
f 4447 4265 4446
f 4382 4383 4446
f 4267 4266 4447
f 4265 4264 4446
f 4383 4447 4446
f 4448 4268 4257
f 4385 4386 4448
f 4385 4441 4374
f 4450 4448 4386
f 4272 4267 4447
f 4451 4272 4447
f 4401 4451 4447
f 4399 4400 4452
f 4274 4273 4451
f 4452 4274 4451
f 4399 4452 4451
f 4275 4274 4452
f 4401 4402 4451
f 4273 4272 4451
f 4382 4446 4397
f 4398 4395 4449
f 4449 4450 4398
f 4446 4264 4271
f 4446 4271 4449
f 4397 4446 4449
f 4395 4397 4449
f 4386 4392 4450
f 4398 4450 4392
f 4401 4447 4383
f 4403 4453 4452
f 4408 4407 4281
f 4281 4282 4408
f 4393 4408 4282
f 4399 4451 4402
f 4282 4283 4393
f 4454 4280 4281
f 4407 4454 4281
f 4405 4454 4406
f 4394 4453 4404
f 4403 4452 4400
f 4403 4404 4453
f 4277 4275 4452
f 4453 4277 4452
f 4407 4406 4454
f 5786 5785 5782
f 5782 5783 5786
f 5785 5762 5310
f 5785 5310 5334
f 5785 5334 5782
f 5333 5335 5782
f 5782 5335 5783
f 5334 5333 5782
f 5575 5781 5581
f 5579 5581 5781
f 5781 5780 5579
f 5564 5757 5779
f 5575 5564 5779
f 5575 5779 5781
f 5757 5756 5775
f 5775 5779 5757
f 5781 5779 5778
f 5788 5331 5776
f 5788 5335 5331
f 5788 5783 5335
f 5776 5756 5758
f 5592 5786 5589
f 5594 5790 5593
f 5594 5570 5770
f 5770 5790 5594
f 5593 5790 5785
f 5592 5593 5785
f 5790 5770 5762
f 5762 5785 5790
f 5788 5758 5588
f 5588 5758 5565
f 5786 5783 5788
f 5589 5786 5788
f 5588 5589 5788
f 5758 5788 5776
f 5592 5785 5786
f 5778 5780 5781
f 5325 5332 5778
f 5779 5775 5778
f 5315 5310 5762
f 5319 5318 5764
f 5307 5320 5765
f 5756 5776 5328
f 5756 5328 5326
f 5756 5326 5775
f 5331 5328 5776
f 5326 5325 5775
f 5571 5771 5768
f 5570 5571 5768
f 5570 5768 5770
f 5764 5768 5767
f 5768 5322 5315
f 5770 5768 5315
f 5770 5315 5762
f 5318 5322 5764
f 5764 5322 5768
f 5767 5765 5320
f 5767 5320 5319
f 5767 5319 5764
f 5767 5768 5771
f 5775 5325 5778
f 5190 5189 5894
f 5810 5191 5894
f 5856 5139 5854
f 5843 5653 4933
f 4933 5126 5843
f 5654 5637 5371
f 5371 4931 4932
f 5654 5371 4932
f 5652 5654 4932
f 4932 4933 5652
f 5652 4933 5653
f 5129 5133 5907
f 5845 5129 5907
f 5847 5845 5907
f 5847 5907 5849
f 5126 5129 5843
f 5843 5129 5845
f 5832 5904 5840
f 5166 5162 5839
f 5140 5139 5856
f 5858 5909 5857
f 5835 5149 5860
f 5151 5149 5835
f 5165 5164 5866
f 5866 5164 5865
f 5866 5854 5139
f 5139 5165 5866
f 5831 5865 5164
f 5839 5162 5837
f 5164 5163 5831
f 5856 5862 5159
f 5159 5140 5856
f 5857 5909 5161
f 5857 5161 5159
f 5862 5857 5159
f 5858 5860 5149
f 5149 5154 5909
f 5858 5149 5909
f 5154 5161 5909
f 5839 5840 5904
f 5839 5904 5128
f 5839 5128 5166
f 5817 5105 5818
f 5292 5412 5299
f 5561 5292 5299
f 5561 5299 5677
f 5813 5561 5677
f 5813 5677 5675
f 5416 4844 4843
f 5295 5416 4843
f 5103 5105 5817
f 5295 4843 4840
f 5295 4840 5896
f 5675 5295 5896
f 4836 5191 5896
f 5675 5896 5813
f 5813 5896 5811
f 5810 5811 5896
f 5810 5896 5191
f 5191 5190 5894
f 4840 4836 5896
f 5105 5108 5821
f 5823 5821 5385
f 5152 4954 5366
f 5834 5152 5366
f 5633 5834 5366
f 5834 5837 5162
f 5162 5152 5834
f 5832 5827 5146
f 5146 5143 5904
f 5832 5146 5904
f 5821 5818 5105
f 5827 5829 5148
f 5143 5128 5904
f 5823 5385 5386
f 5518 5823 5386
f 5386 5387 5222
f 5518 5386 5222
f 5385 5111 4790
f 5821 5108 5111
f 5821 5111 5385
f 5148 5146 5827
f 6380 5837 6373
f 5840 5839 6377
f 5834 5633 6107
f 6373 5834 6107
f 5980 6265 6270
f 6107 5980 6270
f 6373 6107 6270
f 6273 6373 6270
f 5837 5834 6373
f 5827 5832 6370
f 5829 5827 6367
f 6370 6367 5827
f 6380 5839 5837
f 6241 6216 6242
f 6242 6216 6217
f 6232 6214 6241
f 6241 6214 6216
f 6229 6232 6241
f 6380 6377 5839
f 6381 6370 6377
f 6370 5840 6377
f 6314 5856 5854
f 6310 6391 6304
f 5843 6275 5990
f 5843 5990 6117
f 5843 6117 5653
f 6387 5845 5847
f 6384 6380 6387
f 6384 6387 5847
f 6314 6391 5856
f 5849 6384 5847
f 5845 6387 6274
f 6274 6275 5843
f 5845 6274 5843
f 6387 6380 6373
f 6373 6273 6387
f 6384 6381 6377
f 6377 6380 6384
f 6370 5832 5840
f 6387 6273 6274
f 6314 6304 6391
f 6325 5858 5857
f 6329 5866 5865
f 6329 5865 6368
f 6306 6329 6368
f 6329 6314 5854
f 5854 5866 6329
f 5865 5831 6368
f 6323 6393 6320
f 5862 5856 6391
f 5857 5862 6391
f 6310 5857 6391
f 5860 5858 6393
f 6324 5835 5860
f 6324 5860 6393
f 6323 6324 6393
f 6325 6320 6393
f 6325 6393 5858
f 6310 6325 5857
f 2473 2475 2327
f 2324 2474 2322
f 2320 2473 2317
f 2313 2471 2472
f 2311 2313 2472
f 2311 2472 2470
f 2314 2471 2313
f 2311 2470 2310
f 2327 2317 2473
f 2324 2476 2474
f 2324 2327 2475
f 2324 2475 2476
f 1995 1961 2495
f 1995 2495 2488
f 2488 1993 1995
f 1994 1990 2492
f 1994 2492 2476
f 2476 1960 1994
f 1989 1992 2489
f 2338 2343 1991
f 2338 1991 1993
f 2338 1993 2488
f 2331 2487 2489
f 2331 2489 1992
f 2343 2331 1992
f 2343 1992 1991
f 1989 2489 2486
f 1990 1989 2486
f 2492 1990 2486
f 2486 2474 2492
f 2492 2474 2476
f 2326 2486 2489
f 1967 2482 2478
f 2478 1954 1967
f 1962 1960 2476
f 2482 1962 2476
f 2482 2476 2475
f 2478 2482 2475
f 2475 2473 2478
f 1957 1954 2478
f 1957 2478 2477
f 2479 1957 2477
f 2477 2470 2479
f 2479 2470 2472
f 2320 2328 2477
f 2320 2477 2478
f 2320 2478 2473
f 2470 2477 2310
f 2310 2477 2328
f 1967 1962 2482
f 2330 2485 2329
f 2333 1969 2332
f 1971 1969 2333
f 2326 2489 2487
f 2339 2322 2474
f 2474 2486 2339
f 1988 1957 2479
f 1988 2479 2472
f 2472 1987 1988
f 2333 2335 1973
f 1973 1971 2333
f 2326 2339 2486
f 1979 1983 2485
f 2471 1981 1987
f 2329 2485 1983
f 2314 2329 1983
f 1983 1981 2471
f 2314 1983 2471
f 2330 2332 1969
f 1969 1979 2485
f 2330 1969 2485
f 1987 2472 2471
f 2260 2388 2258
f 2258 2388 2227
f 2254 2413 2255
f 2254 2253 2411
f 2411 2413 2254
f 2409 2411 2250
f 2250 2411 2253
f 2251 2409 2250
f 2389 2388 2260
f 2260 2262 2389
f 2262 2390 2389
f 2262 2427 2390
f 2271 2427 2266
f 2271 2220 2390
f 2390 2427 2271
f 2266 2427 2262
f 2297 2296 2838
f 2634 2838 2296
f 2649 2634 2296
f 2296 2295 2849
f 2649 2296 2849
f 2649 2849 2648
f 2294 2841 2295
f 2295 2841 2849
f 2648 2849 2841
f 2647 2648 2841
f 2647 2841 2837
f 2647 2837 2646
f 2294 2293 2841
f 2837 2841 2293
f 2837 2293 2292
f 2837 2292 2835
f 2292 2291 2835
f 2652 2853 2654
f 2657 2853 2280
f 2853 2277 2280
f 2646 2837 2835
f 2657 2654 2853
f 2643 2646 2835
f 2643 2835 2829
f 2643 2829 2633
f 2829 2835 2291
f 2291 2290 2820
f 2829 2291 2820
f 2829 2820 2633
f 2633 2820 2632
f 2718 2885 2338
f 2723 2718 2338
f 2723 2338 2334
f 2717 2325 2331
f 2718 2717 2331
f 2718 2331 2885
f 2717 2716 2884
f 2717 2884 2326
f 2717 2326 2325
f 2883 2884 2715
f 2715 2884 2716
f 2715 2713 2882
f 2882 2883 2715
f 2714 2882 2713
f 1806 2493 2494
f 1806 2494 1959
f 1800 1806 1959
f 2162 1800 1959
f 2553 2493 1806
f 2547 2553 1806
f 2547 1806 1803
f 2345 2493 2553
f 1803 1801 2547
f 2547 1801 2539
f 1636 1630 1638
f 1638 1630 1633
f 1633 1630 1495
f 1495 1630 1487
f 1467 1610 1469
f 1604 1610 1461
f 1461 1610 1467
f 1602 1604 1460
f 1460 1604 1461
f 1460 1456 1592
f 1455 1592 1456
f 1451 1594 1453
f 1451 1450 1591
f 1591 1594 1451
f 1592 1602 1460
f 2168 1528 2169
f 2169 1528 1536
f 1974 1965 2166
f 2166 2167 1974
f 1968 2165 1964
f 2165 1533 1523
f 1964 2165 1523
f 1965 1964 1523
f 1965 1523 2166
f 1980 2168 2169
f 1980 1977 2168
f 1977 2167 2168
f 1974 2167 1977
f 2022 2170 1955
f 2020 2214 2021
f 2012 2011 2209
f 2014 2013 2209
f 2209 1586 1584
f 2209 1584 2210
f 2014 2209 2210
f 2210 1584 1585
f 2012 2209 2013
f 2203 1559 1550
f 1559 2203 2201
f 2201 1558 1559
f 2196 1557 2201
f 2201 1557 1558
f 2196 1556 1557
f 2010 2009 2208
f 2208 1583 1581
f 2010 2208 1581
f 1581 1582 2010
f 2011 1582 2209
f 1582 1587 2209
f 2209 1587 1586
f 2211 1562 1566
f 2022 2021 2214
f 2214 1573 1515
f 2022 2214 1515
f 2022 1515 2170
f 2020 2019 2211
f 1566 1572 2214
f 2211 1566 2214
f 2020 2211 2214
f 2018 2211 2019
f 2214 1572 1573
f 2213 1571 1562
f 2017 2213 1562
f 2017 1562 2211
f 2018 2017 2211
f 2212 2213 2015
f 2015 2213 2016
f 2212 1569 2213
f 2213 1569 1571
f 2016 2213 2017
f 2010 1582 2011
f 2008 2208 2009
f 2207 1551 1552
f 2007 2006 2207
f 2202 2201 2203
f 1998 2199 2200
f 1999 1998 2200
f 1999 2200 2202
f 2195 2196 2200
f 2200 2196 2201
f 2194 2195 2199
f 2199 2195 2200
f 1998 1997 2198
f 2198 2199 1998
f 1997 1996 2197
f 2197 2198 1997
f 2198 1570 1567
f 2199 2198 1567
f 2199 1567 2194
f 2198 2197 1560
f 1560 1570 2198
f 2200 2201 2202
f 1579 1578 2204
f 2001 1548 1580
f 2001 2205 1548
f 2007 2207 1552
f 2007 1552 1554
f 1551 2207 2202
f 2202 2203 1550
f 1551 2202 1550
f 2006 1999 2202
f 2202 2207 2006
f 1549 1548 2205
f 1568 1556 2195
f 2002 2204 2004
f 2004 2204 1578
f 2003 2004 1578
f 1578 1564 2206
f 2003 1578 2206
f 2001 1580 1579
f 2001 1579 2204
f 2002 2001 2204
f 2001 2000 2205
f 2003 2206 2005
f 2195 1556 2196
f 2195 2194 1565
f 1565 1568 2195
f 1567 1565 2194
f 2096 2141 2041
f 1911 2096 2041
f 1892 2069 2072
f 2064 2069 2065
f 2065 2051 2064
f 1890 2065 1891
f 1889 2048 2051
f 1890 1889 2051
f 1890 2051 2065
f 2062 2064 2051
f 2051 2046 2062
f 2059 2062 2046
f 2046 2043 2059
f 2046 2051 2048
f 2048 2037 2046
f 2043 2046 2037
f 2037 2036 2043
f 1892 1891 2069
f 1891 2065 2069
f 2062 2059 2074
f 2074 2075 2062
f 1894 1893 2082
f 1894 2082 2087
f 1892 2072 1893
f 2085 2082 2080
f 1469 2085 2080
f 1469 2080 1467
f 2076 1461 2080
f 2080 1461 1467
f 2080 2082 2072
f 2069 2064 2080
f 2080 2064 2076
f 2075 1460 2076
f 2076 1460 1461
f 2074 1456 2075
f 2075 1456 1460
f 2075 2076 2064
f 2064 2062 2075
f 2072 2069 2080
f 1893 2072 2082
f 1894 2089 1905
f 2087 2082 2085
f 2136 2131 1936
f 1478 2130 1480
f 1480 2130 2131
f 1936 2131 2130
f 1934 1936 2130
f 1934 2130 2129
f 1477 2127 1478
f 1478 2127 2130
f 2127 2113 2130
f 2130 2113 2129
f 1934 2129 1932
f 2129 2113 1932
f 1932 2113 1931
f 1474 1473 2121
f 2127 1477 1476
f 1476 2126 2127
f 2126 2111 2127
f 1936 1937 2136
f 2136 2138 2131
f 2138 1482 2131
f 1482 1480 2131
f 1906 1911 2041
f 1494 2141 2096
f 2096 2093 1492
f 1494 2096 1492
f 2091 1490 2093
f 2093 1490 1492
f 2085 1488 2091
f 2091 1488 1490
f 2127 2111 2113
f 2085 1469 1488
f 2097 2100 1486
f 2097 1486 1483
f 2097 1483 2138
f 1483 1482 2138
f 1944 2097 2138
f 1941 1944 2138
f 1941 2138 2136
f 1941 2136 1937
f 1487 1486 2100
f 1474 2121 2120
f 1476 1474 2120
f 2126 1476 2120
f 1924 2109 2107
f 1924 2107 1918
f 2105 2102 2109
f 2109 2102 2107
f 2107 2102 1918
f 1918 2102 1916
f 2103 2099 2105
f 2105 2099 2102
f 1924 2111 2109
f 2102 2099 1916
f 1909 2096 1911
f 1909 1907 2089
f 1909 2089 2093
f 1909 2093 2096
f 1905 2089 1907
f 2091 2093 2089
f 2089 2087 2091
f 2085 2091 2087
f 1916 2099 1914
f 2087 2089 1894
f 1924 1928 2111
f 2113 2111 1931
f 2120 2109 2126
f 2126 2109 2111
f 1470 1458 2123
f 1470 2123 2118
f 1473 1470 2118
f 2121 1473 2118
f 2123 1458 1455
f 1455 2122 2123
f 1931 2111 1928
f 2118 2123 2122
f 2120 2121 2118
f 2118 2116 2120
f 2116 2105 2120
f 2120 2105 2109
f 2117 2114 2118
f 2118 2114 2116
f 2114 2103 2116
f 2116 2103 2105
f 2122 2117 2118
f 3594 3400 3603
f 3604 3592 3397
f 3397 3401 3604
f 3399 3398 3601
f 3601 3398 3599
f 3601 3603 3400
f 3400 3399 3601
f 3592 3599 3398
f 3398 3397 3592
f 3402 3400 3594
f 3403 3404 3607
f 3607 3606 3403
f 3691 3406 3409
f 3608 3691 3610
f 3615 3610 3691
f 3615 3691 3409
f 3615 3409 3415
f 3404 3406 3691
f 3607 3404 3691
f 3608 3607 3691
f 3440 3443 3642
f 3642 3443 3644
f 3631 3640 3437
f 3437 3434 3631
f 3694 3438 3436
f 3640 3638 3694
f 3694 3436 3437
f 3640 3694 3437
f 3434 3435 3631
f 3631 3435 3633
f 3426 3412 3593
f 3626 3625 3424
f 3424 3425 3626
f 3423 3421 3623
f 3623 3421 3600
f 3623 3595 3417
f 3417 3423 3623
f 3593 3627 3426
f 3626 3426 3627
f 3615 3424 3625
f 3425 3426 3626
f 3415 3424 3615
f 3445 3446 3648
f 3648 3646 3445
f 3435 3445 3633
f 3800 3799 3813
f 3813 3114 3118
f 3800 3813 3118
f 3118 3115 3817
f 3800 3118 3817
f 3817 3116 3292
f 3796 3817 3292
f 3797 3796 3292
f 3817 3115 3116
f 3794 3816 3790
f 3788 3815 3792
f 3794 3792 3815
f 3288 3290 3816
f 3815 3288 3816
f 3794 3815 3816
f 3776 3790 3816
f 3816 3291 3267
f 3789 3813 3799
f 3800 3817 3796
f 3818 3293 3294
f 3801 3292 3818
f 3295 3282 3803
f 3803 3282 3786
f 3801 3818 3802
f 3803 3802 3818
f 3818 3294 3295
f 3803 3818 3295
f 3801 3797 3292
f 3292 3293 3818
f 3776 3816 3267
f 3633 3445 3646
f 3816 3290 3291
f 3787 3284 3815
f 3446 3403 3648
f 3648 3403 3606
f 3264 3262 3763
f 3763 3262 3759
f 3763 3767 3812
f 3812 3255 3264
f 3763 3812 3264
f 3743 3759 3262
f 3262 3261 3743
f 3259 3255 3812
f 3030 3031 3391
f 3718 3030 3391
f 3586 3718 3391
f 3223 3030 3716
f 3716 3030 3718
f 3221 3223 3713
f 3713 3223 3716
f 3713 3710 3806
f 3806 3211 3221
f 3270 3268 3770
f 3770 3773 3270
f 3273 3272 3775
f 3775 3778 3273
f 3788 3787 3815
f 3815 3286 3288
f 3787 3786 3282
f 3282 3284 3787
f 3782 3812 3767
f 3229 3280 3730
f 3730 3280 3781
f 3278 3259 3812
f 3713 3806 3221
f 3780 3278 3812
f 3780 3781 3280
f 3280 3278 3780
f 3261 3273 3743
f 3743 3273 3778
f 3268 3249 3770
f 3770 3249 3749
f 3272 3270 3775
f 3775 3270 3773
f 3782 3780 3812
f 3806 3227 3211
f 3284 3286 3815
f 3675 3322 3323
f 3674 3672 3321
f 3674 3321 3322
f 3675 3674 3322
f 3672 3320 3321
f 3674 3673 3671
f 3671 3672 3674
f 3669 3671 3670
f 3670 3671 3673
f 3319 3320 3672
f 3316 3319 3669
f 3669 3319 3671
f 3670 3318 3317
f 3317 3669 3670
f 3317 3316 3669
f 3672 3671 3319
f 3574 3576 3360
f 3360 3358 3574
f 3358 3355 3686
f 3574 3358 3686
f 3571 3574 3686
f 3571 3686 3567
f 3355 3352 3686
f 3565 3567 3686
f 3578 3360 3576
f 3565 3686 3352
f 3565 3352 3685
f 3565 3685 3555
f 3352 3350 3685
f 4001 3836 4076
f 3835 3836 3999
f 3999 3836 4000
f 3998 3985 3824
f 3824 3834 3998
f 3834 3833 3998
f 3998 3833 3996
f 3995 3996 3833
f 3833 3832 3995
f 3992 3995 3832
f 3832 3830 3992
f 3830 3827 3992
f 3992 3827 3989
f 3983 3989 3827
f 3827 3825 3983
f 3825 3823 3983
f 3983 3823 3979
f 3836 3837 4076
f 4001 4000 3836
f 4001 4076 4002
f 4076 3837 3839
f 4008 3852 4009
f 4008 4007 3846
f 3846 3847 4008
f 4078 3845 3846
f 4006 4078 3846
f 4007 4006 3846
f 4078 3843 3845
f 4005 4078 4006
f 3823 3822 3979
f 4077 3842 3843
f 4004 4077 4078
f 4005 4004 4078
f 4003 4077 4004
f 4077 3841 3842
f 4076 3839 3841
f 4076 3841 4077
f 4002 4076 4077
f 4003 4002 4077
f 4077 3843 4078
f 3847 3852 4008
f 3979 3822 3977
f 3822 3821 3974
f 3973 3974 3821
f 3821 3820 3973
f 3820 3819 4075
f 3973 3820 4075
f 3972 3973 4075
f 3974 3977 3822
f 4010 4009 4081
f 4009 3852 4081
f 3852 3853 4081
f 4018 4083 3869
f 4018 3869 3871
f 4016 4083 4017
f 4083 3865 3869
f 4015 3862 3865
f 4015 3865 4083
f 4016 4015 4083
f 3860 3862 4014
f 4018 4017 4083
f 4014 3862 4015
f 3858 3860 4014
f 3857 3858 4012
f 4012 3858 4013
f 4012 4011 4081
f 4081 3854 3857
f 4012 4081 3857
f 4010 4081 4011
f 4081 3853 3854
f 4014 4013 3858
f 4018 3872 4020
f 3872 3876 4024
f 3871 3872 4018
f 3876 3828 4024
f 4024 4020 3872
f 3609 3605 3878
f 3878 3879 3609
f 3613 3614 3892
f 3892 3614 3893
f 3605 3613 3878
f 3878 3613 3892
f 3611 3609 3884
f 3884 3609 3879
f 3884 3886 3612
f 3612 3611 3884
f 2955 2949 2671
f 2671 2679 2955
f 2949 2952 2673
f 2673 2671 2949
f 2955 2681 2961
f 2679 2681 2955
f 2961 2683 2971
f 2681 2683 2961
f 2986 2963 3136
f 3136 2701 2698
f 2986 3136 2698
f 2985 2986 2698
f 2698 2696 2985
f 2696 2692 2985
f 2985 2692 2983
f 3130 2617 2694
f 2981 2983 2692
f 2689 2688 2981
f 2981 2688 2979
f 2977 2979 2688
f 2688 2687 2977
f 2931 2977 2687
f 2687 2609 2931
f 2973 2971 2683
f 2683 2684 2973
f 2692 2689 2981
f 2627 2701 3136
f 2993 3130 2708
f 3130 2694 2708
f 2993 2939 3130
f 3134 2712 2625
f 2944 3000 2711
f 2711 2712 3134
f 2944 2711 3134
f 2710 2711 2998
f 2998 2711 3000
f 2998 2993 2708
f 2708 2710 2998
f 2336 2342 2745
f 2745 2342 2748
f 2340 2335 2746
f 2746 2335 2742
f 2746 2748 2342
f 2342 2340 2746
f 2745 2721 2337
f 2337 2336 2745
f 2619 2618 3131
f 2621 2620 3132
f 2943 2930 2608
f 2608 2624 2943
f 2943 2624 2623
f 2943 2623 3132
f 2941 2943 3132
f 2623 2621 3132
f 2932 2942 3133
f 3133 3128 2932
f 2942 2940 3131
f 3128 3133 2622
f 2622 2610 3128
f 3133 3131 2618
f 2618 2622 3133
f 2940 2941 3132
f 2940 3132 2620
f 2620 2619 3131
f 2940 2620 3131
f 3131 3133 2942
f 2956 2959 3330
f 3330 2959 3331
f 3330 3328 2948
f 2948 2956 3330
f 2959 2960 3332
f 3332 3331 2959
f 3332 2966 3334
f 2960 2966 3332
f 2999 3002 3359
f 3359 3002 3361
f 3359 3353 2997
f 2997 2999 3359
f 2995 2997 3348
f 3348 2997 3353
f 3348 3346 2992
f 2992 2995 3348
f 3346 3341 2988
f 2975 2988 3338
f 3338 2988 3341
f 3338 3337 2972
f 2972 2975 3338
f 2969 2972 3335
f 3335 2972 3337
f 3335 3334 2966
f 2966 2969 3335
f 2988 2992 3346
f 3002 3005 3364
f 3364 3361 3002
f 3364 2964 3370
f 3005 2964 3364
f 2967 2974 3385
f 3385 2974 3388
f 3385 3370 2964
f 2964 2967 3385
f 3381 3350 2962
f 2962 2958 3381
f 2958 2957 3498
f 3379 3381 3498
f 3379 3498 3377
f 2957 2954 3498
f 3374 3377 3498
f 3498 2954 2953
f 3374 3498 2953
f 3373 3374 2953
f 2953 2950 3373
f 3381 2958 3498
f 3050 3051 3420
f 3420 3051 3413
f 3420 3422 3501
f 3053 3052 3427
f 3427 3428 3053
f 3052 3062 3427
f 3427 3062 3433
f 3414 3430 3058
f 3058 3039 3414
f 3431 3432 3061
f 3062 3061 3433
f 3433 3061 3432
f 3060 3058 3431
f 3431 3058 3430
f 3055 3053 3429
f 3429 3053 3428
f 3429 3401 3057
f 3057 3055 3429
f 3061 3060 3431
f 3501 3049 3050
f 3420 3501 3050
f 3051 3071 3411
f 3402 3407 3070
f 3070 3067 3402
f 3411 3413 3051
f 3411 3070 3407
f 3071 3070 3411
f 6715 6604 6601
f 6701 6638 6639
f 6671 6701 6639
f 6672 6671 6639
f 6674 6701 6671
f 6672 6640 6676
f 6639 6640 6672
f 6516 6414 6428
f 6490 6516 6521
f 6495 6490 6521
f 6495 6521 6520
f 6520 6426 6424
f 6424 6518 6520
f 6422 6517 6424
f 6424 6517 6518
f 6520 6518 6495
f 6495 6518 6494
f 6492 6494 6518
f 6518 6517 6492
f 6422 6419 6517
f 6517 6419 6418
f 6492 6517 6418
f 6492 6418 6513
f 6483 6492 6513
f 6428 6521 6516
f 6426 6520 6521
f 6521 6429 6426
f 6521 6428 6429
f 6418 6403 6513
f 6414 6516 6515
f 6515 6412 6414
f 6515 6516 6489
f 6402 6401 6512
f 6512 6401 6397
f 6397 6511 6512
f 6478 6480 6511
f 6478 6511 6396
f 6478 6396 6399
f 6398 6400 6477
f 6477 6400 6479
f 6481 6511 6480
f 6477 6478 6399
f 6397 6396 6511
f 6399 6398 6477
f 6512 6511 6481
f 6481 6403 6402
f 6489 6516 6490
f 6514 6411 6515
f 6515 6411 6412
f 6489 6487 6514
f 6514 6515 6489
f 6514 6409 6411
f 6487 6486 6407
f 6407 6409 6514
f 6481 6402 6512
f 6487 6407 6514
f 6405 6407 6486
f 6404 6405 6484
f 6484 6405 6485
f 6400 6404 6479
f 6479 6404 6484
f 6483 6513 6482
f 6481 6482 6513
f 6481 6513 6403
f 6486 6485 6405
f 6824 6809 6902
f 6992 6991 6974
f 6974 6991 6973
f 6936 6990 6937
f 6937 6990 6991
f 6936 6935 6990
f 6973 6991 6990
f 6969 6973 6990
f 6969 6990 6987
f 6990 6935 6929
f 6990 6929 6985
f 6990 6985 6987
f 6972 6971 6988
f 6988 6989 6972
f 6971 6970 6933
f 6933 6934 6988
f 6971 6933 6988
f 6970 6967 6932
f 6974 6972 6992
f 6972 6993 6992
f 6972 6989 6993
f 6938 6991 6992
f 6932 6933 6970
f 6942 6993 6989
f 6989 6941 6942
f 6988 6940 6989
f 6989 6940 6941
f 6988 6934 6940
f 6993 6939 6938
f 6938 6992 6993
f 6937 6991 6938
f 6993 6942 6939
f 6987 6986 6969
f 6969 6986 6968
f 6927 6931 6986
f 6985 6927 6986
f 6987 6985 6986
f 6968 6986 6930
f 6967 6968 6930
f 6967 6930 6932
f 6931 6930 6986
f 6929 6928 6985
f 6928 6927 6985
f 6291 6448 6452
f 6452 6290 6291
f 6290 6452 6450
f 6450 6288 6290
f 6450 6286 6288
f 6446 6336 6338
f 6446 6338 6334
f 6334 6445 6446
f 6336 6446 6443
f 6336 6443 6300
f 6446 6445 6442
f 6442 6443 6446
f 6443 6448 6300
f 6448 6291 6300
f 6408 6304 6406
f 6310 6304 6408
f 6304 6314 6410
f 6469 6321 6335
f 6427 6469 6335
f 6427 6335 6337
f 6438 6427 6337
f 6438 6337 6474
f 6474 6475 6439
f 6439 6475 6440
f 6438 6474 6439
f 6436 6472 6330
f 6436 6330 6332
f 6436 6332 6468
f 6437 6436 6468
f 6434 6437 6468
f 6468 6466 6434
f 6435 6472 6436
f 6434 6466 6463
f 6433 6434 6463
f 6474 6337 6339
f 6339 6475 6474
f 6441 6472 6435
f 6476 6472 6441
f 6433 6463 6471
f 6464 6312 6343
f 6476 6341 6342
f 6476 6342 6330
f 6330 6472 6476
f 6440 6475 6340
f 6340 6341 6476
f 6440 6340 6476
f 6441 6440 6476
f 6464 6343 6316
f 6463 6327 6302
f 6463 6302 6458
f 6463 6458 6471
f 6306 6309 6461
f 6461 6309 6462
f 6421 6420 6329
f 6329 6306 6461
f 6421 6329 6461
f 6420 6410 6314
f 6314 6329 6420
f 6408 6413 6325
f 6462 6312 6464
f 6325 6310 6408
f 6324 6323 6457
f 6417 6324 6457
f 6416 6417 6457
f 6413 6415 6457
f 6457 6320 6325
f 6413 6457 6325
f 6323 6320 6457
f 6410 6406 6304
f 6416 6457 6415
f 6309 6312 6462
f 6425 6462 6467
f 6433 6471 6432
f 6432 6471 6458
f 6431 6432 6458
f 6431 6458 6456
f 6456 6454 6431
f 6431 6454 6430
f 6417 6430 6454
f 6417 6454 6292
f 6421 6461 6423
f 6417 6292 6324
f 6467 6318 6321
f 6427 6425 6467
f 6467 6469 6427
f 6318 6467 6462
f 6462 6464 6316
f 6318 6462 6316
f 6423 6461 6462
f 6425 6423 6462
f 6321 6469 6467
f 5809 5381 5382
f 5647 5807 5806
f 5647 5806 5648
f 5645 5805 5646
f 5642 5802 5804
f 5643 5642 5804
f 5643 5804 5803
f 5643 5803 5644
f 5641 5802 5642
f 5613 5640 5374
f 5374 5346 5613
f 5640 5639 5373
f 5373 5374 5640
f 5372 5373 5638
f 5638 5373 5639
f 5638 5612 5345
f 5345 5372 5638
f 5634 5629 5360
f 5647 5646 5807
f 5646 5805 5807
f 5645 5808 5805
f 5645 5644 5808
f 5787 5809 5382
f 5789 5787 5382
f 5347 5789 5382
f 5381 5809 5806
f 5806 5807 5380
f 5381 5806 5380
f 5648 5806 5809
f 5577 5648 5809
f 5807 5378 5380
f 5577 5809 5787
f 5808 5376 5377
f 5378 5807 5805
f 5805 5808 5377
f 5378 5805 5377
f 5803 5804 5375
f 5808 5803 5375
f 5376 5808 5375
f 5644 5803 5808
f 5804 5379 5375
f 5360 5368 5634
f 5636 5635 5369
f 5369 5370 5636
f 5370 5371 5636
f 5694 5696 5698
f 5696 5260 5261
f 5259 5260 5688
f 5688 5260 5696
f 5686 5688 5690
f 5690 5688 5694
f 5667 5686 5680
f 5680 5686 5690
f 5688 5686 5257
f 5257 5259 5688
f 5686 5667 5242
f 5242 5257 5686
f 5664 5667 5669
f 5669 5667 5680
f 5669 5661 5235
f 5669 5235 5241
f 5669 5241 5664
f 5688 5696 5694
f 5698 5261 5263
f 5696 5261 5698
f 5266 5661 5699
f 5713 5274 5273
f 5273 5702 5713
f 5702 5273 5270
f 5270 5701 5702
f 5270 5269 5701
f 5706 5710 5713
f 5713 5710 5717
f 5713 5702 5699
f 5667 5664 5239
f 5699 5706 5713
f 5669 5680 5710
f 5706 5699 5661
f 5661 5669 5706
f 5701 5268 5266
f 5702 5701 5266
f 5702 5266 5699
f 5269 5268 5701
f 5237 5661 5266
f 5710 5706 5669
f 5277 5713 5717
f 5239 5242 5667
f 5237 5235 5661
f 5659 5226 5230
f 5657 5224 5225
f 5528 5515 5657
f 5657 5225 5226
f 5657 5226 5659
f 5528 5657 5659
f 5514 5518 5222
f 5222 5224 5657
f 5241 5239 5664
f 5514 5222 5657
f 5514 5657 5515
f 5274 5713 5277
f 5243 5278 5665
f 5680 5690 5721
f 5662 5741 5754
f 5754 5660 5662
f 5741 5735 5753
f 5753 5754 5741
f 5660 5754 5291
f 5291 5231 5660
f 5753 5751 5290
f 5753 5290 5291
f 5754 5753 5291
f 5752 5753 5732
f 5732 5753 5735
f 5744 5752 5684
f 5684 5752 5732
f 5753 5752 5750
f 5750 5751 5753
f 5752 5744 5731
f 5731 5750 5752
f 5751 5288 5290
f 5277 5717 5725
f 5734 5277 5725
f 5731 5730 5728
f 5728 5729 5731
f 5724 5728 5727
f 5727 5728 5730
f 5698 5263 5280
f 5728 5698 5280
f 5734 5283 5277
f 5729 5728 5280
f 5694 5698 5728
f 5727 5725 5721
f 5721 5724 5727
f 5725 5717 5710
f 5710 5721 5725
f 5690 5694 5721
f 5721 5694 5724
f 5721 5710 5680
f 5728 5724 5694
f 5725 5727 5736
f 5673 5278 5734
f 5751 5750 5287
f 5287 5288 5751
f 5731 5729 5285
f 5731 5285 5287
f 5750 5731 5287
f 5729 5280 5285
f 5738 5744 5682
f 5682 5744 5684
f 5736 5734 5725
f 5682 5676 5736
f 5730 5731 5738
f 5738 5731 5744
f 5738 5736 5727
f 5727 5730 5738
f 5734 5736 5673
f 5673 5736 5676
f 5673 5665 5278
f 5278 5283 5734
f 5736 5738 5682
f 5622 5614 5348
f 5348 5354 5622
f 5354 5355 5622
f 5622 5355 5623
f 5620 5801 5621
f 5353 5352 5619
f 5619 5352 5618
f 5349 5339 5615
f 5615 5339 5606
f 5351 5350 5617
f 5617 5350 5616
f 5617 5618 5352
f 5352 5351 5617
f 5615 5616 5350
f 5350 5349 5615
f 5346 5348 5613
f 5613 5348 5614
f 5620 5623 5801
f 5623 5355 5801
f 5355 5356 5801
f 5625 5801 5358
f 5636 5371 5637
f 5368 5369 5634
f 5634 5369 5635
f 5362 5367 5630
f 5630 5367 5627
f 5365 5364 5632
f 5632 5364 5631
f 5632 5633 5366
f 5603 5799 5608
f 5366 5365 5632
f 5364 5362 5630
f 5801 5356 5357
f 5628 5625 5358
f 5358 5359 5628
f 5359 5360 5628
f 5628 5360 5629
f 5625 5621 5801
f 5801 5357 5358
f 5630 5631 5364
f 5609 5800 5611
f 5612 5610 5344
f 5344 5345 5612
f 5337 5336 5798
f 5611 5800 5340
f 5611 5340 5344
f 5610 5611 5344
f 5607 5343 5341
f 5607 5341 5800
f 5609 5607 5800
f 5607 5608 5799
f 5799 5342 5343
f 5607 5799 5343
f 5605 5798 5604
f 5339 5337 5798
f 5606 5339 5798
f 5605 5606 5798
f 5603 5604 5798
f 5798 5336 5338
f 5798 5338 5799
f 5603 5798 5799
f 5341 5340 5800
f 6158 6152 6163
f 6162 6161 6157
f 6157 6158 6162
f 6156 6157 6160
f 6160 6157 6161
f 6145 6148 6157
f 6157 6148 6158
f 6134 6145 6156
f 6156 6145 6157
f 6150 6151 6152
f 6152 6151 6154
f 6144 6150 6148
f 6148 6150 6152
f 5994 5995 6151
f 6151 6150 5994
f 5993 5994 6150
f 6150 6144 5993
f 6148 6152 6158
f 5642 6152 5641
f 6152 6154 5641
f 5642 6163 6152
f 6094 5648 5577
f 6166 5646 5647
f 5648 6094 6165
f 6165 6166 5647
f 5648 6165 5647
f 5646 6166 6162
f 5646 6162 5645
f 6160 6161 6165
f 6165 6161 6166
f 6163 5642 5643
f 6162 6158 6163
f 6162 6163 5643
f 5644 6162 5643
f 6166 6161 6162
f 6142 6144 6145
f 6145 6144 6148
f 6122 6142 6145
f 6112 5635 5636
f 5987 6112 5636
f 5984 5987 5636
f 5984 5636 5637
f 5984 5637 6111
f 5986 5972 6095
f 6095 5634 5635
f 5986 6095 5635
f 5986 5635 6112
f 5986 6112 5987
f 5984 6111 5985
f 5979 6105 5982
f 5981 6108 5983
f 5982 6105 5630
f 5981 5982 5630
f 5981 5630 5627
f 5981 5627 6108
f 6111 6115 5988
f 5988 5985 6111
f 5989 6117 5990
f 5989 6115 6117
f 6144 6142 5993
f 5993 6142 5992
f 5992 6142 6122
f 5991 5992 6122
f 5991 6122 6119
f 6135 5640 5613
f 5640 6135 6128
f 6128 5639 5640
f 5979 5980 6107
f 6126 5638 6128
f 6126 5612 5638
f 6095 5629 5634
f 6115 5654 5652
f 5654 6115 6111
f 6111 5637 5654
f 5989 5988 6115
f 6115 5652 5653
f 6115 5653 6117
f 6128 5638 5639
f 5979 6107 5632
f 5979 5632 5631
f 5979 5631 6105
f 5973 6096 5974
f 5971 6095 5972
f 5975 6098 5976
f 6145 6134 6122
f 5975 5621 6098
f 5975 5974 5620
f 5633 5632 6107
f 5631 5630 6105
f 6103 5625 5628
f 5971 5978 6103
f 6103 5628 5629
f 6103 5629 6095
f 5971 6103 6095
f 5625 6103 6098
f 5975 5620 5621
f 6098 5621 5625
f 6098 6103 5978
f 6096 5623 5620
f 6100 5614 5622
f 5973 5977 6100
f 6100 5622 5623
f 5973 6100 5623
f 5973 5623 6096
f 5974 6096 5620
f 5978 5976 6098
f 6578 6577 6622
f 6579 6578 6622
f 6580 6579 6622
f 6577 6587 6619
f 6619 6622 6577
f 6590 6619 6587
f 6752 6749 6688
f 6688 6691 6773
f 6752 6688 6773
f 6751 6773 6690
f 6751 6690 6669
f 6753 6751 6669
f 6752 6773 6751
f 6689 6688 6750
f 6750 6688 6749
f 6691 6690 6773
f 6693 6692 6774
f 6750 6692 6689
f 6750 6774 6692
f 6761 6760 6677
f 6761 6677 6678
f 6775 6675 6776
f 6776 6675 6677
f 6759 6776 6760
f 6759 6758 6775
f 6775 6776 6759
f 6775 6673 6675
f 6760 6776 6677
f 6758 6757 6670
f 6758 6673 6775
f 6669 6670 6753
f 6753 6670 6757
f 6755 6774 6754
f 6755 6756 6694
f 6755 6694 6693
f 6755 6693 6774
f 6750 6754 6774
f 6758 6670 6673
f 6678 6679 6762
f 6762 6674 6763
f 6762 6761 6678
f 6672 6676 6764
f 6674 6671 6763
f 6763 6671 6766
f 6767 6766 6671
f 6671 6672 6767
f 6676 6695 6764
f 6764 6695 6765
f 6679 6674 6762
f 6764 6767 6672
f 6475 6339 6340
f 3730 3732 3231
f 3231 3229 3730
f 2912 2913 2902
f 2770 2912 2902
f 2756 2770 2902
f 2772 2912 2770
f 2768 2911 2767
f 2765 2909 2362
f 2362 2364 2910
f 2765 2362 2910
f 2766 2765 2910
f 2364 2359 2910
f 2910 2359 2908
f 2909 2360 2362
f 2907 2908 2359
f 2907 2359 2358
f 2907 2358 2906
f 2902 2907 2906
f 2906 2901 2902
f 2772 2914 2912
f 2772 2767 2914
f 2767 2911 2914
f 2913 2912 2914
f 2776 2775 2923
f 2923 2922 2924
f 2776 2923 2924
f 2922 2913 2924
f 2924 2913 2915
f 2908 2907 2923
f 2923 2907 2922
f 2913 2922 2907
f 2906 2358 2355
f 2907 2902 2913
f 2921 2917 2920
f 2919 2920 2917
f 2917 2916 2919
f 2915 2914 2918
f 2918 2914 2917
f 2916 2917 2914
f 2914 2911 2916
f 2914 2915 2913
f 2918 2917 2921
f 2780 2777 2923
f 2355 2904 2906
f 2762 2752 2906
f 2762 2906 2904
f 2354 2357 2903
f 2356 2251 2814
f 2757 2903 2357
f 2757 2357 2356
f 2757 2356 2814
f 2673 2757 2814
f 2759 2761 2904
f 2752 2901 2906
f 2904 2355 2354
f 2759 2354 2903
f 2762 2904 2761
f 2759 2903 2757
f 2902 2901 2756
f 2756 2901 2754
f 2754 2901 2752
f 2759 2904 2354
f 2777 2910 2923
f 2910 2908 2923
f 2766 2910 2777
f 2801 2928 2804
f 2803 2909 2765
f 2804 2928 2369
f 2802 2804 2369
f 2802 2369 2371
f 2803 2802 2371
f 2803 2371 2360
f 2803 2360 2909
f 2799 2929 2800
f 2801 2800 2929
f 2370 2368 2928
f 2929 2370 2928
f 2789 2348 2785
f 2788 2787 2350
f 2350 2351 2788
f 2349 2350 2786
f 2786 2350 2787
f 2786 2784 2347
f 2347 2349 2786
f 2784 2785 2348
f 2352 2348 2789
f 2348 2347 2784
f 2782 2925 2918
f 2783 2782 2918
f 2783 2918 2921
f 2924 2925 2776
f 2776 2925 2781
f 2924 2915 2925
f 2925 2915 2918
f 2780 2923 2775
f 2781 2925 2782
f 2790 2926 2791
f 2351 2353 2794
f 2801 2929 2928
f 2798 2929 2799
f 2798 2684 2255
f 2255 2370 2929
f 2798 2255 2929
f 2928 2368 2369
f 2926 2363 2365
f 2797 2796 2366
f 2793 2927 2792
f 2366 2367 2797
f 2796 2791 2365
f 2796 2365 2366
f 2790 2795 2361
f 2361 2363 2926
f 2790 2361 2926
f 2795 2794 2353
f 2353 2361 2795
f 2794 2788 2351
f 2791 2926 2365
f 2346 2337 2719
f 2719 2337 2721
f 2714 2888 2890
f 2714 2890 2882
f 2736 2889 2320
f 2320 2317 2888
f 2736 2320 2888
f 2735 2736 2888
f 2737 2889 2736
f 2735 2888 2734
f 2731 2732 2313
f 2314 2313 2733
f 2733 2313 2732
f 2311 2310 2731
f 2731 2310 2730
f 2313 2311 2731
f 2714 2734 2888
f 2890 2324 2882
f 2324 2322 2882
f 2322 2883 2882
f 2883 2322 2339
f 2741 2742 2335
f 2335 2333 2741
f 2733 2738 2329
f 2329 2314 2733
f 2739 2740 2332
f 2332 2330 2739
f 2333 2332 2741
f 2339 2884 2883
f 2741 2332 2740
f 2739 2329 2738
f 2328 2320 2889
f 2737 2730 2310
f 2310 2328 2889
f 2737 2310 2889
f 2327 2324 2890
f 2327 2890 2888
f 2888 2317 2327
f 2330 2329 2739
f 2339 2326 2884
f 2343 2338 2885
f 2885 2331 2343
f 2892 2302 2307
f 2631 2821 2831
f 2823 2825 2821
f 2821 2818 2823
f 2821 2825 2831
f 2631 2630 2821
f 2825 2246 2247
f 2823 2246 2825
f 2839 2843 2656
f 2656 2843 2659
f 2839 2267 2275
f 2834 2263 2267
f 2641 2834 2267
f 2656 2641 2267
f 2656 2267 2839
f 2833 2257 2834
f 2834 2257 2263
f 2639 2834 2641
f 2639 2637 2831
f 2831 2833 2834
f 2639 2831 2834
f 2631 2831 2637
f 2248 2833 2831
f 2831 2825 2247
f 2248 2831 2247
f 2833 2248 2257
f 2659 2843 2661
f 2281 2846 2275
f 2846 2839 2275
f 2846 2843 2839
f 2289 2881 2290
f 2290 2881 2820
f 2632 2820 2881
f 2700 2632 2881
f 2700 2881 2874
f 2289 2288 2881
f 2288 2287 2873
f 2881 2288 2873
f 2680 2866 2868
f 2682 2680 2868
f 2264 2867 2866
f 2264 2866 2858
f 2264 2858 2285
f 2678 2866 2680
f 2674 2851 2858
f 2678 2674 2858
f 2866 2867 2868
f 2678 2858 2866
f 2858 2283 2285
f 2283 2858 2851
f 2283 2851 2846
f 2283 2846 2282
f 2846 2281 2282
f 2661 2843 2846
f 2670 2661 2846
f 2670 2846 2851
f 2670 2851 2674
f 2682 2868 2685
f 2270 2868 2268
f 2874 2881 2873
f 2287 2286 2873
f 2877 2278 2853
f 2853 2278 2277
f 2877 2274 2278
f 2875 2877 2853
f 2693 2875 2853
f 2652 2693 2853
f 2867 2264 2268
f 2274 2877 2875
f 2274 2875 2272
f 2691 2875 2693
f 2685 2868 2870
f 2691 2685 2870
f 2691 2870 2875
f 2870 2270 2272
f 2270 2870 2868
f 2868 2867 2268
f 2875 2870 2272
f 3261 2558 3307
f 2559 2558 3309
f 3255 3259 2556
f 2556 2555 3255
f 2550 2546 3307
f 2558 2550 3307
f 3261 3309 2558
f 3261 3262 3309
f 3264 3255 3309
f 2573 2556 3278
f 3278 2556 3259
f 3278 3280 2574
f 2574 2573 3278
f 3314 2568 2570
f 3261 3307 3273
f 2562 2548 3268
f 3268 2548 3249
f 2565 2564 3272
f 3272 3273 3307
f 3307 2546 2565
f 3272 3307 2565
f 3268 3270 2564
f 2564 2562 3268
f 3264 3309 3262
f 3255 2555 2559
f 3255 2559 3309
f 3272 2564 3270
f 3229 2574 3280
f 2742 2741 3067
f 3067 2741 3068
f 2738 2733 3063
f 3063 2733 3057
f 2740 2739 3065
f 3065 2739 3064
f 3065 3068 2741
f 2741 2740 3065
f 3063 3064 2739
f 2739 2738 3063
f 2730 2737 3052
f 3052 2737 3062
f 3039 3058 2734
f 2734 2714 3039
f 3061 2735 3060
f 3050 3049 3181
f 3049 2719 3181
f 2719 2721 3181
f 3061 3062 2737
f 2737 2736 3061
f 3058 3060 2735
f 2735 2734 3058
f 3053 3055 2732
f 2732 2731 3053
f 3055 3057 2733
f 2733 2732 3055
f 2736 2735 3061
f 3052 3053 2731
f 3050 3181 3051
f 2731 2730 3052
f 2539 2574 3229
f 3284 2570 2576
f 3284 3314 2570
f 3294 3293 2588
f 2588 2589 3294
f 3292 3116 2797
f 2797 2367 2585
f 3292 2797 2585
f 2579 2581 3288
f 3288 2581 3290
f 2582 2583 3310
f 3292 2588 3293
f 3291 2582 3310
f 3310 2583 2578
f 3291 3290 2581
f 2581 2582 3291
f 2576 2577 3284
f 3284 2577 3286
f 3288 3286 2577
f 2577 2579 3288
f 3284 3282 3314
f 3267 3291 3310
f 2585 2588 3292
f 3294 2589 3314
f 3295 3294 3314
f 3295 3314 3282
f 2589 2568 3314
f 3479 2938 2939
f 2958 2649 3144
f 2648 2647 3144
f 2958 3144 2957
f 3144 2647 2646
f 2957 3144 2646
f 2957 2646 3141
f 2954 2957 3141
f 2954 3141 2953
f 2646 2643 3141
f 2950 2953 2643
f 2643 2633 3140
f 2950 2643 3140
f 2632 3138 2633
f 2633 3138 3140
f 2953 3141 2643
f 2649 2648 3144
f 2958 3142 2649
f 2958 2962 3142
f 2634 2649 3142
f 2654 2657 2967
f 2967 2657 2974
f 2652 2654 2964
f 2964 2654 2967
f 4980 4550 4549
f 4980 4549 4976
f 4980 4976 4978
f 4549 4547 4976
f 4785 4788 4978
f 4978 4976 4974
f 4785 4978 4974
f 4545 4972 4974
f 4547 4545 4974
f 4976 4547 4974
f 4550 4980 4981
f 4981 4553 4550
f 4553 4981 4983
f 4983 4555 4553
f 4580 4582 4997
f 4997 4582 4992
f 4792 4826 4999
f 4792 4999 4578
f 4578 4580 4997
f 4792 4578 4997
f 4564 4566 4988
f 4988 4566 4991
f 4809 4805 4988
f 4988 4989 4809
f 4803 4987 4562
f 4562 4564 4988
f 4803 4562 4988
f 4805 4803 4988
f 4991 4566 4568
f 4800 4987 4803
f 4987 4561 4562
f 4800 4795 4986
f 4986 4987 4800
f 4986 4560 4561
f 4795 4790 4559
f 4795 4559 4560
f 4795 4560 4986
f 4557 4555 4983
f 4986 4561 4987
f 4988 4991 4993
f 4994 4993 4570
f 4999 4575 4578
f 4998 4999 4824
f 4824 4999 4826
f 4820 4998 4824
f 4999 4998 4574
f 4574 4575 4999
f 4820 4816 4994
f 4820 4994 4572
f 4993 4989 4988
f 4820 4572 4574
f 4816 4814 4993
f 4993 4994 4816
f 4814 4812 4989
f 4989 4993 4814
f 4809 4989 4812
f 4994 4570 4572
f 4993 4991 4568
f 4993 4568 4570
f 4820 4574 4998
f 4381 4394 4747
f 4640 4381 4747
f 4640 4380 4381
f 5206 4516 4515
f 5159 5206 4515
f 5159 4515 5204
f 5140 5159 5204
f 5161 5206 5159
f 5205 4512 4500
f 5149 5205 4500
f 5154 5149 4500
f 5151 5205 5149
f 5140 5204 5139
f 5126 4933 5097
f 5126 5097 4676
f 5126 4676 4767
f 5094 5096 4931
f 4931 5096 4932
f 5202 5203 5129
f 5129 5203 5133
f 5161 4500 5206
f 4500 4518 5206
f 5161 5154 4500
f 4518 4516 5206
f 5171 5169 4525
f 4525 4526 5171
f 4524 4525 5168
f 5168 4525 5169
f 4523 4512 5205
f 5151 5131 4480
f 4480 4523 5205
f 5151 4480 5205
f 5202 4489 5203
f 4515 4522 5204
f 4519 4497 5148
f 5164 5165 4521
f 4521 4520 5164
f 5165 5139 5204
f 5165 5204 4522
f 5165 4522 4521
f 4520 4519 5164
f 5164 4519 5163
f 5148 5163 4519
f 5173 4505 5158
f 5203 4489 4493
f 5129 5126 4766
f 4766 4765 5202
f 5129 4766 5202
f 4489 5202 4765
f 4765 5201 4486
f 4489 4765 4486
f 5126 4767 4766
f 4527 4505 5173
f 5175 4529 5176
f 4528 4529 5175
f 5185 5183 4533
f 4533 4534 5185
f 4534 4535 5185
f 5185 4535 5186
f 4531 4533 5178
f 5178 4533 5183
f 4532 4530 5182
f 5182 4530 5177
f 4535 4524 5168
f 5133 5203 5180
f 5182 5203 4493
f 5182 4493 4532
f 4530 4531 5177
f 5177 4531 5178
f 5173 5176 4529
f 4529 4527 5173
f 5175 5171 4526
f 4526 4528 5175
f 5182 5180 5203
f 5168 5186 4535
f 3769 3739 4191
f 4152 3769 4191
f 3776 3765 4148
f 4148 3765 4144
f 4146 4144 3765
f 3765 3769 4146
f 3750 3657 3919
f 4141 3750 3919
f 4060 4141 3919
f 4191 3742 3750
f 4134 4191 3750
f 4141 4134 3750
f 4191 3739 3742
f 3733 3737 4074
f 4074 3737 4123
f 3735 3732 4121
f 4121 3732 4124
f 4152 4146 3769
f 4152 4191 4134
f 4121 4123 3737
f 3737 3735 4121
f 4073 4059 3893
f 3893 3614 3733
f 4073 3893 3733
f 4074 4073 3733
f 4419 4458 4300
f 4417 4458 4418
f 4415 4414 4296
f 4296 4297 4415
f 4297 4298 4415
f 4415 4298 4416
f 4414 4410 4457
f 4414 4457 4295
f 4414 4295 4296
f 4292 4293 4413
f 4293 4294 4457
f 4413 4293 4457
f 4409 4413 4457
f 4291 4292 4411
f 4411 4292 4412
f 4409 4457 4410
f 4413 4412 4292
f 4458 4299 4300
f 4419 4418 4458
f 4417 4416 4458
f 4416 4298 4458
f 4303 4290 4454
f 4405 4421 4454
f 4300 4302 4419
f 4419 4302 4420
f 4421 4420 4302
f 4302 4303 4421
f 4457 4294 4295
f 4458 4301 4299
f 4298 4301 4458
f 4421 4303 4454
f 4478 4474 4121
f 4121 4124 4478
f 4123 4121 4476
f 4476 4121 4474
f 4476 4263 4123
f 4263 4074 4123
f 4491 4127 4488
f 4476 4377 4263
f 4138 4151 4486
f 4504 4488 4127
f 4127 4138 4504
f 4491 4494 4131
f 4131 4128 4491
f 4133 4131 4497
f 4497 4131 4494
f 4128 4127 4491
f 4486 4504 4138
f 4290 4317 4280
f 531 595 449
f 529 531 449
f 533 595 531
f 449 447 529
f 529 447 528
f 595 450 449
f 537 598 535
f 538 598 537
f 599 598 538
f 541 540 612
f 612 614 541
f 454 453 610
f 610 453 605
f 453 452 605
f 605 452 603
f 532 528 447
f 447 448 532
f 601 603 452
f 601 451 600
f 599 601 600
f 600 598 599
f 600 451 450
f 450 595 600
f 535 598 600
f 533 535 600
f 533 600 595
f 601 452 451
f 612 445 455
f 455 614 612
f 541 614 457
f 545 541 457
f 614 455 456
f 614 456 457
f 488 566 489
f 565 566 486
f 486 566 488
f 487 565 486
f 484 436 470
f 470 469 468
f 484 470 468
f 484 468 375
f 484 406 372
f 484 372 466
f 431 484 466
f 430 465 432
f 484 375 406
f 576 575 578
f 578 575 435
f 578 435 436
f 577 578 436
f 514 511 574
f 574 575 576
f 514 574 576
f 574 434 575
f 575 434 435
f 573 574 509
f 509 574 511
f 434 574 573
f 573 433 434
f 508 573 509
f 506 432 433
f 506 433 573
f 508 506 573
f 578 579 576
f 514 576 516
f 516 579 518
f 576 579 516
f 430 432 501
f 501 432 506
f 431 424 504
f 504 424 494
f 570 569 492
f 492 569 491
f 570 421 420
f 420 569 570
f 490 491 569
f 569 567 568
f 490 569 568
f 418 567 420
f 422 421 570
f 420 567 569
f 567 419 568
f 418 417 567
f 417 419 567
f 492 493 570
f 493 423 422
f 501 499 429
f 429 430 501
f 499 497 428
f 428 429 499
f 572 427 428
f 496 572 428
f 497 496 428
f 496 495 571
f 493 422 570
f 571 572 496
f 490 571 495
f 572 426 427
f 572 571 425
f 425 426 572
f 571 568 419
f 419 425 571
f 493 494 424
f 424 423 493
f 568 571 490
f 12 11 26
f 26 27 28
f 12 26 28
f 2 24 27
f 10 2 27
f 10 27 26
f 9 25 8
f 7 8 25
f 25 24 7
f 7 24 2
f 27 24 25
f 25 31 27
f 15 13 27
f 2 10 76
f 88 85 50
f 50 85 49
f 48 49 85
f 85 79 48
f 88 9 8
f 85 88 8
f 85 8 77
f 45 79 85
f 45 85 77
f 44 45 77
f 48 79 47
f 47 79 45
f 7 75 8
f 8 75 77
f 77 75 44
f 44 75 42
f 74 11 12
f 13 15 53
f 53 52 13
f 55 12 16
f 7 2 76
f 57 88 50
f 53 19 56
f 57 56 19
f 19 9 88
f 57 19 88
f 16 13 55
f 55 13 52
f 38 74 12
f 55 38 12
f 15 19 53
f 75 7 76
f 40 75 76
f 43 40 76
f 15 31 19
f 31 25 19
f 19 25 9
f 16 28 13
f 12 28 16
f 13 28 27
f 15 27 31
f 42 75 40
f 37 74 38
f 975 840 974
f 972 1067 973
f 971 1067 972
f 1065 1066 969
f 969 1066 970
f 1065 1064 838
f 1066 1065 838
f 839 1066 838
f 968 1065 969
f 1063 1064 1065
f 967 1063 1065
f 968 967 1065
f 1064 837 838
f 837 1064 1063
f 1063 836 837
f 966 1063 967
f 965 1062 835
f 841 840 975
f 840 842 976
f 976 974 840
f 976 843 977
f 850 851 986
f 849 850 984
f 984 850 985
f 984 983 848
f 848 849 984
f 983 982 847
f 847 848 983
f 844 847 978
f 965 835 836
f 978 847 982
f 980 846 845
f 980 845 1068
f 979 1068 845
f 975 979 845
f 975 845 841
f 978 977 843
f 843 844 978
f 842 843 976
f 980 981 846
f 986 985 850
f 965 836 1063
f 1062 834 835
f 951 1059 955
f 953 954 824
f 824 823 1061
f 953 824 1061
f 953 1061 952
f 823 822 1061
f 1061 822 814
f 952 1061 814
f 942 952 814
f 1058 820 821
f 950 1058 821
f 950 821 1059
f 951 950 1059
f 949 1058 950
f 1058 819 820
f 949 948 1056
f 818 819 1058
f 825 824 954
f 954 956 825
f 957 825 956
f 826 825 957
f 964 1062 965
f 964 963 833
f 833 834 1062
f 964 833 1062
f 832 833 962
f 962 833 963
f 962 961 831
f 831 832 962
f 966 965 1063
f 961 960 830
f 960 955 1059
f 960 1059 829
f 960 829 830
f 1059 821 829
f 958 959 828
f 828 827 958
f 827 826 958
f 958 826 957
f 830 831 961
f 986 852 987
f 851 852 986
f 1056 818 1058
f 949 1056 1058
f 1055 1056 948
f 1052 812 1051
f 812 1050 1051
f 946 1055 947
f 1056 817 818
f 1056 1055 1054
f 1056 1054 816
f 1056 816 817
f 946 945 1053
f 946 1053 1054
f 946 1054 1055
f 1054 815 816
f 810 815 1054
f 942 814 813
f 942 813 1052
f 940 942 1052
f 813 812 1052
f 939 940 1052
f 1052 1051 939
f 812 811 1050
f 1054 1053 810
f 948 947 1055
f 781 800 780
f 780 800 799
f 780 799 798
f 779 780 798
f 798 797 779
f 779 797 778
f 778 797 777
f 799 746 745
f 798 799 745
f 798 745 518
f 798 518 579
f 798 579 578
f 797 798 578
f 797 578 577
f 777 797 577
f 776 777 577
f 776 577 796
f 670 746 784
f 784 799 785
f 746 799 784
f 799 800 787
f 776 796 775
f 787 800 781
f 787 785 799
f 436 484 577
f 577 484 796
f 484 431 504
f 796 484 504
f 775 796 504
f 654 775 504
f 698 696 877
f 695 929 928
f 928 693 695
f 928 929 872
f 872 929 873
f 928 691 693
f 872 871 689
f 872 689 691
f 872 691 928
f 866 927 870
f 871 868 688
f 688 689 871
f 870 927 680
f 870 680 688
f 868 870 688
f 864 683 681
f 864 681 927
f 877 879 698
f 881 699 880
f 700 699 881
f 699 698 879
f 709 710 890
f 930 708 705
f 929 695 707
f 873 929 707
f 873 707 708
f 873 708 930
f 885 873 930
f 887 886 930
f 866 864 927
f 887 930 705
f 885 930 886
f 884 883 702
f 702 704 884
f 881 856 677
f 677 700 881
f 696 686 877
f 877 686 865
f 879 880 699
f 887 705 706
f 890 889 709
f 864 865 686
f 681 680 927
f 926 679 678
f 859 926 678
f 857 859 678
f 860 926 859
f 678 677 857
f 857 677 856
f 925 675 676
f 674 675 924
f 686 683 864
f 924 675 925
f 853 672 924
f 855 853 924
f 853 854 673
f 673 672 853
f 672 674 924
f 706 709 889
f 889 887 706
f 890 702 883
f 896 934 895
f 934 935 933
f 933 932 934
f 934 932 895
f 895 932 894
f 933 713 712
f 712 931 933
f 711 679 926
f 936 934 896
f 860 891 931
f 860 931 711
f 860 711 926
f 893 932 933
f 892 893 933
f 892 933 931
f 894 932 893
f 892 931 891
f 710 702 890
f 931 712 711
f 935 934 936
f 938 714 715
f 936 937 935
f 900 716 897
f 704 717 884
f 884 717 899
f 900 899 717
f 717 718 900
f 898 897 716
f 716 714 938
f 898 716 938
f 718 716 900
f 6905 6824 6903
f 6818 6815 6881
f 6881 6815 6877
f 6817 6818 6880
f 6880 6818 6881
f 6880 6879 6904
f 6904 6814 6817
f 6880 6904 6817
f 6876 6904 6879
f 6815 6816 6877
f 6877 6816 6878
f 6904 6813 6814
f 6876 6875 6812
f 6812 6813 6904
f 6876 6812 6904
f 6899 6811 6812
f 6867 6899 6812
f 6824 6902 6903
f 6905 6825 6824
f 6874 6905 6903
f 6874 6906 6905
f 6908 6823 6821
f 6885 6878 6816
f 6816 6822 6885
f 6884 6885 6822
f 6884 6822 6823
f 6884 6823 6908
f 6908 6821 6820
f 6820 6907 6908
f 6875 6867 6812
f 6907 6820 6819
f 6883 6884 6908
f 6908 6907 6883
f 6882 6883 6907
f 6907 6906 6882
f 6826 6905 6819
f 6819 6905 6906
f 6826 6825 6905
f 6874 6882 6906
f 6819 6906 6907
f 6898 6810 6899
f 6899 6810 6811
f 6805 6810 6898
f 6864 6899 6866
f 6865 6898 6864
f 6898 6899 6864
f 6866 6899 6867
f 6868 6900 6805
f 6868 6805 6898
f 6865 6868 6898
f 6874 6903 6873
f 6873 6903 6902
f 6873 6902 6901
f 6872 6873 6901
f 6871 6872 6901
f 6871 6901 6807
f 6804 6803 6900
f 6871 6807 6806
f 6808 6901 6902
f 6808 6807 6901
f 6870 6900 6869
f 6871 6806 6804
f 6871 6804 6900
f 6870 6871 6900
f 6868 6869 6900
f 6900 6803 6805
f 6902 6809 6808
f 6981 6917 6918
f 6961 6978 6979
f 6963 6961 6979
f 6963 6979 6980
f 6976 6975 6962
f 6962 6975 6960
f 6961 6959 6977
f 6977 6978 6961
f 6960 6975 6909
f 6909 6914 6977
f 6960 6909 6977
f 6959 6960 6977
f 6979 6916 6917
f 6915 6916 6978
f 6978 6916 6979
f 6978 6977 6913
f 6913 6915 6978
f 6981 6979 6917
f 6981 6980 6979
f 6963 6982 6964
f 6980 6982 6963
f 6983 6926 6924
f 6924 6982 6983
f 6982 6924 6925
f 6964 6982 6925
f 6964 6925 6984
f 6966 6964 6984
f 6923 6922 6984
f 6965 6966 6984
f 6914 6913 6977
f 6965 6984 6922
f 6962 6965 6921
f 6921 6912 6976
f 6962 6921 6976
f 6920 6983 6981
f 6981 6919 6920
f 6981 6918 6919
f 6980 6981 6982
f 6982 6981 6983
f 6965 6922 6921
f 6912 6911 6976
f 6976 6911 6910
f 6910 6975 6976
f 6910 6909 6975
f 6984 6925 6923
f 6983 6920 6926
f 6752 6751 6803
f 6750 6749 6836
f 6803 6804 6752
f 6803 6753 6805
f 6751 6753 6803
f 6804 6749 6752
f 6821 6823 6767
f 6759 6760 6812
f 6812 6760 6813
f 6812 6811 6758
f 6758 6759 6812
f 6811 6810 6757
f 6757 6758 6811
f 6753 6757 6805
f 6805 6757 6810
f 6814 6760 6838
f 6807 6836 6806
f 6808 6809 6755
f 6808 6755 6754
f 6756 6755 6837
f 6808 6754 6750
f 6807 6808 6750
f 6807 6750 6836
f 6804 6806 6836
f 6804 6836 6749
f 6809 6837 6755
f 6760 6761 6838
f 6839 6761 6762
f 6767 6764 6821
f 6822 6816 6763
f 6763 6766 6822
f 6766 6767 6822
f 6822 6767 6823
f 6820 6821 6764
f 6820 6764 6765
f 6820 6765 6841
f 6814 6813 6760
f 6819 6820 6841
f 6818 6839 6815
f 6838 6839 6817
f 6817 6839 6818
f 6814 6838 6817
f 6839 6762 6763
f 6815 6839 6763
f 6816 6815 6763
f 6838 6761 6839
f 6841 6840 6819
f 6851 6852 6943
f 6917 6851 6943
f 6850 6851 6915
f 6915 6851 6916
f 6915 6913 6848
f 6848 6850 6915
f 6913 6914 6849
f 6849 6848 6913
f 6911 6912 6847
f 6910 6911 6846
f 6846 6845 6910
f 6909 6910 6845
f 6845 6844 6909
f 6847 6846 6911
f 6917 6916 6851
f 6909 6849 6914
f 6844 6849 6909
f 6917 6943 6918
f 6923 6859 6858
f 6922 6923 6858
f 6922 6858 6946
f 6858 6857 6946
f 6922 6946 6921
f 6912 6921 6946
f 6912 6946 6857
f 6912 6857 6847
f 6924 6947 6925
f 6944 6855 6945
f 6944 6945 6919
f 6919 6945 6920
f 6944 6854 6855
f 6919 6918 6943
f 6919 6943 6853
f 6919 6853 6854
f 6919 6854 6944
f 6943 6852 6853
f 6945 6855 6856
f 6926 6947 6924
f 6923 6925 6859
f 6948 6947 6926
f 6948 6863 6861
f 6926 6920 6945
f 6862 6863 6948
f 6945 6862 6948
f 6926 6945 6948
f 6948 6861 6860
f 6860 6947 6948
f 6925 6947 6860
f 6925 6860 6859
f 6945 6856 6862
f 6458 6299 6296
f 6296 6456 6458
f 6294 6454 6296
f 6296 6454 6456
f 6294 6292 6454
f 6302 6299 6458
f 6696 6630 6634
f 6662 6698 6633
f 6663 6662 6633
f 6663 6633 6632
f 6696 6698 6658
f 6658 6698 6662
f 6660 6697 6631
f 6660 6631 6630
f 6634 6698 6696
f 6659 6660 6630
f 6661 6697 6660
f 6659 6696 6658
f 6659 6630 6696
f 6634 6633 6698
f 6661 6664 6699
f 6699 6697 6661
f 6668 6700 6667
f 6700 6637 6636
f 6666 6700 6636
f 6665 6666 6636
f 6636 6635 6699
f 6665 6636 6699
f 6665 6699 6664
f 6699 6635 6631
f 6631 6697 6699
f 6666 6667 6700
f 6705 6701 6679
f 6679 6701 6674
f 6705 6645 6701
f 6701 6645 6638
f 6679 6678 6704
f 6704 6705 6679
f 6645 6705 6704
f 6704 6644 6645
f 6677 6704 6678
f 6643 6644 6704
f 6675 6643 6704
f 6677 6675 6704
f 6673 6703 6642
f 6673 6642 6643
f 6675 6673 6643
f 6702 6641 6703
f 6703 6641 6642
f 6670 6703 6673
f 6702 6703 6670
f 6670 6669 6702
f 6652 6653 6638
f 6638 6653 6639
f 6639 6653 6640
f 6640 6653 6599
f 6695 6640 6599
f 6711 6725 6712
f 6723 6722 6710
f 6710 6722 6709
f 6694 6709 6722
f 6694 6722 6589
f 6694 6589 6590
f 6596 6595 6724
f 6724 6595 6593
f 6593 6723 6724
f 6591 6722 6593
f 6593 6722 6723
f 6591 6589 6722
f 6577 6654 6721
f 6721 6587 6577
f 6693 6694 6590
f 6653 6580 6599
f 6653 6652 6580
f 6695 6676 6640
f 6711 6599 6725
f 6725 6600 6603
f 6726 6605 6606
f 6726 6606 6596
f 6693 6590 6587
f 6596 6724 6726
f 6712 6603 6605
f 6712 6605 6726
f 6713 6712 6726
f 6710 6713 6726
f 6710 6726 6724
f 6710 6724 6723
f 6711 6695 6599
f 6599 6600 6725
f 6712 6725 6603
f 6721 6689 6692
f 6587 6721 6692
f 6693 6587 6692
f 6691 6688 6721
f 6721 6654 6641
f 6691 6721 6641
f 6690 6691 6641
f 6690 6641 6702
f 6690 6702 6669
f 6689 6721 6688
f 6629 6556 6561
f 6629 6561 6560
f 6560 6626 6629
f 6626 6560 6559
f 6559 6625 6626
f 6558 6623 6559
f 6558 6546 6623
f 6595 6596 6625
f 6595 6625 6624
f 6625 6623 6621
f 6621 6624 6625
f 6593 6595 6624
f 6624 6617 6593
f 6624 6621 6543
f 6624 6543 6542
f 6624 6542 6617
f 6545 6621 6546
f 6546 6621 6623
f 6545 6543 6621
f 6591 6593 6617
f 6591 6617 6540
f 6591 6540 6538
f 6542 6540 6617
f 6538 6536 6591
f 6596 6626 6625
f 6590 6536 6619
f 6536 6549 6619
f 6590 6589 6536
f 6600 6628 6603
f 6606 6605 6554
f 6554 6556 6629
f 6606 6554 6629
f 6596 6606 6629
f 6629 6626 6596
f 6628 6552 6554
f 6603 6628 6554
f 6591 6536 6589
f 6605 6603 6554
f 6599 6628 6600
f 6599 6580 6622
f 6622 6627 6599
f 6627 6551 6628
f 6628 6551 6552
f 6551 6627 6622
f 6622 6619 6549
f 6551 6622 6549
f 6627 6628 6599
f 6559 6623 6625
f 626 719 627
f 625 488 489
f 625 489 719
f 486 488 623
f 623 488 625
f 487 486 624
f 624 486 623
f 626 625 719
f 523 592 525
f 524 525 592
f 592 591 524
f 524 591 521
f 590 592 522
f 522 592 523
f 520 590 522
f 591 592 590
f 590 589 591
f 521 591 589
f 513 521 589
f 519 588 589
f 505 489 584
f 566 565 583
f 583 565 581
f 503 582 581
f 502 503 581
f 502 581 580
f 502 580 500
f 487 498 580
f 487 580 581
f 487 581 565
f 500 580 498
f 489 583 584
f 489 566 583
f 585 581 582
f 583 581 585
f 520 519 589
f 520 589 590
f 587 589 588
f 588 586 587
f 517 588 519
f 517 515 584
f 584 586 588
f 517 584 588
f 513 589 587
f 505 584 515
f 512 587 586
f 512 586 585
f 510 512 585
f 585 582 510
f 510 582 507
f 507 582 503
f 585 586 584
f 584 583 585
f 513 587 512
f 43 76 70
f 37 71 22
f 37 22 11
f 37 11 74
f 71 70 76
f 71 76 10
f 71 10 22
f 189 166 279
f 242 186 187
f 242 187 277
f 245 242 277
f 277 187 188
f 242 241 276
f 242 276 163
f 242 163 186
f 161 276 275
f 275 183 161
f 273 180 182
f 183 275 272
f 272 273 182
f 183 272 182
f 273 179 180
f 176 179 272
f 272 179 273
f 279 280 189
f 281 189 280
f 190 189 281
f 248 279 247
f 276 161 163
f 245 277 250
f 253 250 277
f 253 277 188
f 188 190 281
f 253 188 281
f 281 280 249
f 249 280 248
f 280 279 248
f 253 281 249
f 1258 1256 1407
f 1405 1400 1407
f 1407 1400 1404
f 1399 1398 1406
f 1406 1398 1405
f 1400 1405 1398
f 1398 1395 1400
f 1401 1404 1400
f 1252 1401 1400
f 1251 1252 1400
f 1254 1401 1252
f 1245 1251 1400
f 1400 1395 1245
f 1397 1396 1399
f 1399 1396 1398
f 1244 1395 1398
f 1250 1244 1398
f 1256 1405 1407
f 1256 1406 1405
f 1413 1373 1397
f 1379 1373 1413
f 1388 1417 1415
f 1415 1387 1388
f 1415 1416 1404
f 1404 1401 1415
f 1233 1387 1415
f 1254 1233 1415
f 1254 1415 1401
f 1268 1406 1256
f 1250 1398 1396
f 1265 1414 1266
f 1268 1266 1399
f 1268 1399 1406
f 1413 1414 1263
f 1263 1414 1265
f 1413 1397 1414
f 1414 1397 1399
f 1379 1413 1249
f 1249 1413 1263
f 1266 1414 1399
f 1247 1396 1397
f 1237 1247 1397
f 1237 1397 1373
f 1374 1376 1228
f 1228 1376 1229
f 1369 1376 1374
f 1374 1367 1369
f 1228 1227 1372
f 1372 1374 1228
f 1374 1366 1367
f 1366 992 1367
f 1367 992 993
f 1224 1365 1225
f 1222 1365 1224
f 1372 1366 1374
f 1250 1396 1247
f 1245 1395 1244
f 1393 1394 1392
f 1392 1391 1393
f 1393 1391 1242
f 1242 1391 1240
f 1238 1391 1392
f 1238 1392 1388
f 1235 1238 1388
f 1234 1235 1388
f 1388 1387 1234
f 1234 1387 1233
f 1230 1229 1376
f 1240 1391 1238
f 1418 1415 1417
f 1416 1415 1418
f 1419 1404 1416
f 1407 1404 1419
f 1273 1418 1277
f 1278 1420 1279
f 1279 1420 1392
f 1279 1392 1394
f 1280 1279 1394
f 1277 1418 1417
f 1278 1277 1417
f 1417 1388 1420
f 1420 1388 1392
f 1270 1419 1272
f 1272 1419 1416
f 1273 1272 1416
f 1273 1416 1418
f 1407 1419 1258
f 1258 1419 1270
f 1278 1417 1420
f 1582 1870 1586
f 1585 1771 1843
f 1843 1771 1312
f 1843 1312 1448
f 1844 1843 1448
f 1448 1440 1866
f 1844 1448 1866
f 1870 1429 1447
f 1586 1870 1447
f 1584 1586 1447
f 1584 1447 1311
f 1311 1771 1585
f 1584 1311 1585
f 1841 1879 1830
f 1834 1882 1840
f 1136 1130 1879
f 1882 1136 1879
f 1586 1587 1582
f 1844 1866 1807
f 1877 1861 1690
f 1690 1883 1877
f 1846 1775 1776
f 1569 1846 1776
f 1569 1776 1778
f 1848 1884 1845
f 1832 1880 1847
f 1848 1847 1880
f 1848 1880 1878
f 1840 1882 1879
f 1848 1878 1884
f 1846 1845 1883
f 1846 1883 1775
f 1773 1775 1883
f 1883 1690 1692
f 1773 1883 1692
f 1773 1692 1695
f 1878 1877 1884
f 1884 1877 1883
f 1845 1884 1883
f 1841 1840 1879
f 1813 1868 1836
f 1128 1127 1876
f 1862 1876 1127
f 1862 1127 1126
f 1862 1126 1859
f 1125 1123 1872
f 1859 1126 1125
f 1801 1859 1125
f 1816 1801 1125
f 1816 1125 1872
f 1872 1123 1120
f 1815 1872 1120
f 1820 1815 1120
f 1816 1872 1815
f 1114 1115 1868
f 1810 1114 1868
f 1813 1810 1868
f 1868 1115 1116
f 1876 1862 1861
f 1861 1877 1876
f 1877 1128 1876
f 1877 1129 1128
f 1837 1836 1868
f 1837 1868 1116
f 1116 1133 1881
f 1837 1116 1881
f 1834 1833 1881
f 1881 1134 1135
f 1834 1881 1135
f 1834 1135 1882
f 1837 1881 1833
f 1882 1135 1136
f 1131 1132 1880
f 1879 1131 1880
f 1830 1879 1880
f 1832 1830 1880
f 1132 1129 1880
f 1880 1129 1878
f 1879 1130 1131
f 1877 1878 1129
f 1881 1133 1134
f 1807 1866 1112
f 1807 1112 1114
f 1502 1625 1622
f 1532 1649 1507
f 1262 1259 1715
f 1264 1262 1715
f 1546 1712 1715
f 1532 1545 1715
f 1259 1255 1649
f 1715 1259 1649
f 1532 1715 1649
f 1546 1715 1545
f 1712 1264 1715
f 1787 1850 1785
f 1787 1363 1850
f 1787 1789 1363
f 1789 1851 1363
f 1791 1851 1789
f 1835 1871 1864
f 1831 1835 1864
f 1869 1855 1853
f 1853 1867 1869
f 1867 1111 1869
f 1869 1111 1119
f 1783 1814 1860
f 1783 1860 1867
f 1783 1867 1853
f 1111 1867 1860
f 1860 1103 1111
f 1109 1107 1865
f 1107 1106 1865
f 1865 1106 1864
f 1831 1864 1829
f 1864 1106 1105
f 1864 1105 1863
f 1871 1865 1864
f 1871 1109 1865
f 1871 1873 1109
f 1873 1121 1109
f 1842 1502 1622
f 1842 1622 1619
f 1842 1619 1874
f 1842 1874 1839
f 1621 1591 1857
f 1621 1857 1875
f 1621 1875 1619
f 1875 1873 1619
f 1829 1864 1863
f 1619 1873 1874
f 1855 1869 1875
f 1875 1869 1119
f 1873 1875 1119
f 1873 1119 1121
f 1839 1874 1873
f 1838 1839 1873
f 1838 1873 1871
f 1838 1871 1835
f 1875 1857 1855
f 1827 1829 1863
f 1827 1863 1825
f 1105 1104 1863
f 1094 1098 1802
f 1097 1096 1854
f 1798 1799 1854
f 1854 1096 1095
f 1798 1854 1095
f 1797 1798 1095
f 1095 1093 1852
f 1797 1095 1852
f 1802 1796 1094
f 1797 1852 1795
f 1794 1094 1796
f 1093 1092 1852
f 1795 1852 1092
f 1795 1092 1090
f 1791 1795 1090
f 1791 1090 1851
f 981 1363 1090
f 1090 1363 1851
f 987 1094 1794
f 1098 1099 1804
f 1805 1804 1856
f 1863 1104 1097
f 1863 1097 1854
f 1825 1863 1854
f 1822 1825 1854
f 1822 1854 1799
f 1858 1860 1812
f 1812 1860 1814
f 1103 1860 1858
f 1804 1802 1098
f 1858 1102 1103
f 1856 1101 1102
f 1808 1856 1102
f 1808 1102 1858
f 1811 1808 1858
f 1856 1100 1101
f 1805 1856 1808
f 1099 1100 1856
f 1804 1099 1856
f 1811 1858 1812
f 1810 1807 1114
f 807 806 1057
f 807 1057 1050
f 1057 809 1060
f 1050 808 807
f 939 1051 1060
f 939 1060 1053
f 945 939 1053
f 1057 1060 1050
f 1050 1060 1051
f 1053 1060 809
f 809 810 1053
f 806 809 1057
f 811 808 1050
f 1035 1036 1138
f 1138 910 909
f 1035 1138 909
f 828 959 1034
f 909 828 1034
f 1035 909 1034
f 1037 1138 1036
f 1138 914 910
f 1138 917 914
f 917 915 914
f 1068 979 980
f 1091 973 1067
f 1067 1143 1091
f 1091 1143 1041
f 971 970 1066
f 839 921 1143
f 1066 839 1143
f 971 1066 1143
f 971 1143 1067
f 1041 1143 920
f 1040 1041 920
f 1040 920 919
f 1039 1040 919
f 1138 1037 1038
f 919 1138 1038
f 1039 919 1038
f 1138 919 917
f 1143 921 920
f 1717 1707 1716
f 1672 1716 1707
f 1707 1666 1672
f 1707 1711 1226
f 1707 1226 1220
f 1707 1220 1703
f 1666 1707 1703
f 1703 1660 1666
f 1223 1706 1705
f 1705 1221 1223
f 1221 1705 1701
f 1701 1219 1221
f 1705 1706 1676
f 1676 1674 1705
f 1674 1673 1705
f 1705 1673 1701
f 1220 1219 1701
f 1711 1707 1717
f 1719 1226 1711
f 1232 1226 1719
f 1236 1232 1719
f 1731 1725 1727
f 1728 1729 1695
f 1695 1694 1728
f 1694 1683 1728
f 1728 1683 1725
f 1241 1727 1725
f 1241 1725 1723
f 1241 1723 1239
f 1220 1701 1698
f 1706 1223 1723
f 1723 1725 1683
f 1683 1681 1723
f 1706 1723 1681
f 1681 1676 1706
f 1236 1719 1237
f 1237 1719 1721
f 1719 1711 1721
f 1721 1711 1717
f 1723 1223 1239
f 1728 1725 1731
f 1703 1220 1698
f 1698 1658 1660
f 1539 1678 1538
f 1674 1676 1529
f 1529 1676 1531
f 1673 1674 1525
f 1525 1674 1529
f 1526 1673 1525
f 1668 1672 1666
f 1666 1665 1668
f 1664 1668 1665
f 1665 1662 1664
f 1665 1666 1660
f 1660 1659 1665
f 1662 1665 1659
f 1659 1657 1662
f 1663 1664 1662
f 1662 1661 1663
f 1661 1653 1663
f 1541 1679 1540
f 1539 1680 1678
f 1539 1540 1680
f 1540 1679 1680
f 1526 1543 1698
f 1526 1698 1701
f 1526 1701 1673
f 1543 1519 1658
f 1658 1698 1543
f 1694 1695 1692
f 1692 1688 1694
f 1683 1694 1688
f 1660 1703 1698
f 1688 1680 1683
f 1690 1686 1688
f 1680 1688 1686
f 1686 1678 1680
f 1680 1679 1683
f 1683 1679 1681
f 1541 1531 1676
f 1676 1681 1679
f 1541 1676 1679
f 1688 1692 1690
f 1733 1728 1731
f 1729 1728 1733
f 1727 1241 1243
f 1271 1746 1654
f 1654 1651 1269
f 1271 1654 1269
f 1269 1651 1650
f 1650 1260 1269
f 1260 1650 1649
f 1649 1255 1260
f 1744 1745 1743
f 1667 1654 1746
f 1743 1736 1744
f 1744 1736 1246
f 1734 1744 1246
f 1733 1731 1743
f 1743 1731 1736
f 1731 1727 1243
f 1736 1731 1243
f 1257 1736 1243
f 1734 1246 1249
f 1736 1257 1246
f 1663 1653 1655
f 1655 1654 1667
f 1276 1667 1275
f 1746 1271 1275
f 1696 1225 1227
f 1671 1276 1222
f 1276 1671 1667
f 1667 1746 1275
f 1661 1662 1657
f 1514 1511 1653
f 1649 1650 1507
f 1507 1650 1508
f 1506 1648 1505
f 1506 1650 1648
f 1650 1651 1648
f 1506 1508 1650
f 1505 1652 1509
f 1514 1653 1661
f 1514 1661 1656
f 1520 1522 1659
f 1659 1660 1658
f 1520 1659 1658
f 1657 1659 1517
f 1517 1659 1522
f 1520 1658 1519
f 1656 1657 1513
f 1514 1656 1513
f 1653 1652 1655
f 1655 1652 1654
f 1651 1654 1652
f 1652 1648 1651
f 1652 1653 1509
f 1509 1653 1511
f 1648 1652 1505
f 1513 1657 1517
f 1657 1656 1661
f 1567 1304 1302
f 1567 1302 1770
f 1565 1567 1770
f 1306 1304 1772
f 1302 1300 1770
f 1297 1296 1563
f 1563 1296 1561
f 1563 1564 1299
f 1299 1297 1563
f 1560 1561 1296
f 1296 1295 1560
f 1766 1291 1293
f 1289 1291 1763
f 1763 1291 1766
f 1763 1762 1286
f 1286 1289 1763
f 1287 1286 1762
f 1567 1772 1304
f 1300 1307 1779
f 1779 1770 1300
f 1764 1779 1762
f 1285 1283 1768
f 1570 1772 1567
f 1560 1306 1772
f 1570 1560 1772
f 1779 1764 1568
f 1568 1764 1556
f 1568 1565 1770
f 1770 1779 1568
f 1779 1307 1287
f 1779 1287 1762
f 1560 1295 1306
f 1553 1555 1284
f 1284 1285 1768
f 1553 1284 1768
f 1547 1768 1283
f 1549 1547 1283
f 1549 1283 1282
f 1553 1768 1547
f 1579 1580 1423
f 1579 1423 1425
f 1579 1425 1578
f 998 995 1284
f 1809 998 1284
f 1555 1809 1284
f 1861 1862 1800
f 1800 1862 1806
f 1862 1859 1806
f 1803 1859 1801
f 1806 1859 1803
f 1580 1288 1423
f 1580 1548 1288
f 1564 1578 1299
f 1578 1425 1299
f 1120 1118 1820
f 1820 1118 1819
f 1817 1818 1117
f 1117 1006 1817
f 1432 1033 1046
f 1583 1554 1298
f 1298 1045 1113
f 1583 1298 1113
f 1823 1122 1821
f 1581 1583 1113
f 1581 1113 1870
f 1581 1870 1582
f 1429 1870 1110
f 1108 1425 1426
f 1110 1108 1426
f 1429 1110 1426
f 1425 1108 1026
f 1425 1026 1299
f 1113 1110 1870
f 1124 1122 1823
f 1818 1821 1122
f 1440 1014 1866
f 1866 1014 1112
f 1809 1828 1004
f 1809 1004 1010
f 1809 1010 998
f 1006 996 1817
f 1122 1117 1818
f 1817 996 1826
f 1824 1003 1001
f 1828 1824 1001
f 1828 1001 1004
f 1826 996 994
f 1824 1826 994
f 1824 994 997
f 1823 1819 1118
f 1118 1124 1823
f 1824 997 1003
f 1215 1362 1216
f 1361 974 1362
f 1362 974 976
f 974 1361 1357
f 975 974 1357
f 1360 975 1357
f 1361 1362 1213
f 1213 1362 1215
f 1212 1354 1357
f 1213 1212 1357
f 1213 1357 1361
f 1211 1354 1212
f 1359 1360 1357
f 1357 1356 1359
f 1356 1355 1359
f 1359 1355 1358
f 1356 1357 1354
f 1217 1216 977
f 1216 976 977
f 1216 1362 976
f 1217 978 1218
f 981 980 1363
f 979 975 1360
f 977 978 1217
f 1354 1353 1356
f 1353 972 973
f 1355 1356 973
f 1317 948 949
f 1326 1324 1315
f 1315 1317 1326
f 1314 1315 1318
f 1318 1315 1324
f 1317 1315 947
f 947 948 1317
f 1314 1313 946
f 1315 1314 946
f 1315 946 947
f 1330 1326 950
f 1326 949 950
f 1326 1317 949
f 1330 950 951
f 1200 1038 1199
f 1195 1199 1038
f 1038 1037 1195
f 1037 1036 1195
f 1195 1036 1194
f 1193 1194 1036
f 1036 1035 1193
f 1035 1034 1193
f 1193 1034 1192
f 1178 1192 1034
f 1034 959 1178
f 966 967 1190
f 1190 967 1191
f 965 966 1188
f 1188 966 1190
f 1188 1186 964
f 964 965 1188
f 1039 1038 1200
f 1200 1349 1039
f 1349 1040 1039
f 1200 1201 1349
f 1210 1352 1353
f 1211 1210 1353
f 1211 1353 1354
f 1352 1351 971
f 1353 1352 971
f 972 1353 971
f 1209 1352 1210
f 1209 1208 1350
f 1186 1181 1345
f 1350 1351 1352
f 1204 969 970
f 1204 970 1350
f 1206 1204 1350
f 968 969 1203
f 1203 969 1204
f 1203 1191 967
f 967 968 1203
f 1041 1040 1349
f 1209 1350 1352
f 1345 963 964
f 1186 1345 964
f 1180 1345 1181
f 1174 1172 1330
f 1174 1330 951
f 1174 951 955
f 1174 955 1339
f 1173 1333 1326
f 1172 1173 1326
f 1172 1326 1330
f 1170 1171 1337
f 1170 1333 1173
f 1170 1337 1332
f 1337 954 953
f 953 1332 1337
f 1324 1326 1332
f 1332 1326 1333
f 952 1318 1324
f 953 952 1324
f 1332 953 1324
f 952 942 1318
f 1170 1332 1333
f 1356 1353 973
f 1174 1339 1175
f 1171 1176 1337
f 1345 962 963
f 1343 961 962
f 1179 1343 962
f 1180 1179 962
f 1180 962 1345
f 1179 1175 1339
f 1339 1343 1179
f 1343 960 961
f 956 954 1337
f 1343 1339 955
f 1178 959 958
f 1178 958 1341
f 1177 1178 1341
f 1177 1341 1176
f 958 957 1341
f 1176 1341 957
f 957 956 1337
f 1176 957 1337
f 955 960 1343
f 1154 794 795
f 1152 793 790
f 1119 1151 1121
f 1121 1151 1109
f 1119 1111 1150
f 1150 1151 1119
f 1111 1103 1147
f 1147 1150 1111
f 1109 1151 1150
f 1109 1150 1149
f 1107 1109 1149
f 1149 1148 1107
f 1107 1148 1106
f 1149 1150 1147
f 1147 1146 1149
f 1146 1141 1149
f 1149 1141 1148
f 1114 1112 1154
f 1112 794 1154
f 1112 792 794
f 1116 795 1152
f 1166 1163 1165
f 1160 1165 1163
f 1163 1158 1160
f 1163 1164 786
f 1163 786 782
f 1163 782 1162
f 1158 1163 1162
f 1162 1157 1158
f 1106 1148 1105
f 1125 1159 1160
f 1123 1125 1158
f 1126 1159 1125
f 1158 1157 1123
f 1123 1157 1120
f 1114 1154 1115
f 1116 1115 1154
f 1116 1154 795
f 795 793 1152
f 1125 1160 1158
f 1164 1163 1166
f 1105 1148 1141
f 1104 1141 1140
f 1140 780 1139
f 1097 1140 1139
f 1096 1097 1139
f 1096 1139 1137
f 780 779 1139
f 779 778 1139
f 1139 778 1137
f 1096 1137 1095
f 1137 778 777
f 1095 1137 777
f 1093 1095 777
f 1094 987 852
f 923 665 667
f 923 667 668
f 852 923 668
f 1094 852 668
f 1094 668 670
f 1140 1141 780
f 1141 781 780
f 1094 784 1098
f 670 784 1094
f 1104 1140 1097
f 1145 1147 1102
f 1102 1147 1103
f 1101 1145 1102
f 1146 1147 1145
f 1145 1144 1146
f 1146 1144 787
f 1146 787 781
f 1104 1105 1141
f 1141 1146 781
f 1142 1144 1145
f 1101 1142 1145
f 787 1144 1142
f 1142 785 787
f 1099 1142 1100
f 1099 1098 784
f 784 785 1142
f 1099 784 1142
f 1101 1100 1142
f 1127 1159 1126
f 1127 1160 1159
f 1127 1167 1160
f 1136 1135 1164
f 1136 1164 1166
f 1134 1133 1152
f 790 788 1169
f 1152 790 1169
f 1134 1152 1169
f 788 786 1169
f 1169 786 1164
f 1135 1169 1164
f 1131 1168 1132
f 1132 1167 1129
f 1130 1166 1165
f 1131 1130 1165
f 1131 1165 1168
f 1165 1160 1168
f 1168 1160 1167
f 1129 1167 1128
f 1127 1128 1167
f 1168 1167 1132
f 1134 1169 1135
f 1136 1166 1130
f 1116 1152 1133
f 1011 1016 1437
f 1015 1011 1436
f 1009 1008 1435
f 1287 1433 1005
f 1286 1287 1005
f 1286 1005 1002
f 1286 1002 1431
f 1007 1005 1433
f 1002 1000 1431
f 1283 1285 1427
f 1283 1427 1421
f 1284 995 999
f 1285 1284 999
f 1285 999 1422
f 1283 1421 1282
f 1285 1422 1427
f 1437 1436 1011
f 1438 1015 1436
f 1438 1008 1015
f 1438 1435 1008
f 1023 1030 1295
f 1295 1030 1306
f 1307 1433 1287
f 1300 1027 1007
f 1300 1007 1433
f 1291 1443 1444
f 1291 1444 1434
f 1293 1291 1434
f 1438 1441 1444
f 1444 1441 1446
f 1435 1438 1443
f 1443 1438 1444
f 1442 1443 1289
f 1019 1444 1018
f 1289 1443 1291
f 1431 1442 1289
f 1442 1017 1009
f 1442 1009 1435
f 1443 1442 1435
f 1442 1431 1000
f 1000 1017 1442
f 1436 1437 1438
f 1438 1437 1441
f 1289 1286 1431
f 1444 1446 1018
f 1437 1016 1020
f 1307 1300 1433
f 1029 1028 1304
f 1304 1028 1302
f 1304 1306 1030
f 1030 1029 1304
f 1300 1302 1028
f 1028 1027 1300
f 1296 1297 1025
f 1019 1434 1444
f 1025 1024 1296
f 1299 1025 1297
f 1024 1023 1296
f 1296 1023 1295
f 1446 1022 1018
f 1022 1446 1441
f 1441 1021 1022
f 1021 1441 1437
f 1437 1020 1021
f 1026 1025 1299
f 1092 1093 777
f 2603 1810 1813
f 2568 2603 1813
f 2570 2568 1813
f 2603 1807 1810
f 1828 1809 2562
f 2562 1809 2548
f 2565 2600 2564
f 1817 1826 2600
f 2546 1817 2600
f 2565 2546 2600
f 2562 2564 2600
f 2562 2600 1824
f 2562 1824 1828
f 1826 1824 2600
f 1819 1823 2555
f 2555 1823 2559
f 1821 1818 2558
f 2574 1815 2573
f 1816 1815 2574
f 2573 1820 2556
f 1815 1820 2573
f 2582 2581 2604
f 1834 1840 2606
f 2604 1834 2606
f 2582 2604 2606
f 2606 1840 1841
f 2576 2605 2577
f 2579 2577 2605
f 2579 2605 1837
f 2558 1818 2550
f 1837 1833 2604
f 2570 1813 1836
f 2570 1836 2605
f 2576 2570 2605
f 2605 1836 1837
f 2604 1833 1834
f 2601 1830 1832
f 2574 2539 1801
f 1801 1816 2574
f 2579 1837 2604
f 2578 1830 2601
f 2558 2559 1823
f 2555 2556 1820
f 1820 1819 2555
f 2546 2550 1818
f 1818 1817 2546
f 1823 1821 2558
f 2578 1841 1830
f 2578 2606 1841
f 2578 2583 2606
f 2589 2603 2568
f 2585 2607 2588
f 2589 2588 2607
f 2589 2607 1844
f 2589 1844 1807
f 2585 2367 2014
f 2210 1585 1843
f 2014 2210 1843
f 2014 1843 2607
f 2585 2014 2607
f 2607 1843 1844
f 2579 2604 2581
f 2582 2606 2583
f 2589 1807 2603
f 2744 2304 2895
f 2895 2304 2305
f 2886 2301 2894
f 2894 2301 2303
f 2744 2743 2304
f 2743 2303 2304
f 2743 2894 2303
f 2751 2894 2743
f 2751 2729 2886
f 2886 2894 2751
f 2749 2896 2309
f 2750 2749 2309
f 2750 2309 2306
f 2895 2896 2744
f 2744 2896 2747
f 2895 2305 2896
f 2896 2305 2309
f 2747 2896 2749
f 2729 2312 2886
f 2727 2726 2887
f 2316 2321 2893
f 2887 2316 2893
f 2727 2887 2893
f 2893 2321 2323
f 2722 2891 2724
f 2891 2319 2315
f 2891 2315 2887
f 2724 2891 2887
f 2725 2724 2887
f 2722 2720 2892
f 2722 2892 2307
f 2307 2318 2891
f 2722 2307 2891
f 2891 2318 2319
f 2887 2315 2316
f 2729 2323 2312
f 2729 2728 2323
f 2728 2893 2323
f 2727 2893 2728
f 2725 2887 2726
f 2886 2312 2301
f 1509 2160 2157
f 2157 1505 1509
f 1508 1506 2164
f 1508 2164 2163
f 2163 1507 1508
f 1505 2157 2155
f 1506 1505 2155
f 2164 1506 2155
f 1971 1973 2163
f 1971 2163 2164
f 1971 2164 2155
f 2160 2161 2159
f 2159 2158 2160
f 1983 1979 2157
f 2157 2160 2158
f 1983 2157 2158
f 1987 1981 2158
f 2160 1509 1511
f 1511 2161 2160
f 1987 2172 1988
f 2159 2172 1987
f 1990 2177 1989
f 1511 1514 2161
f 1522 1520 2175
f 1522 2175 2173
f 2173 1517 1522
f 1519 2154 2153
f 1520 1519 2153
f 2175 1520 2153
f 2158 2159 1987
f 2173 2175 2153
f 1517 2173 2172
f 2172 1513 1517
f 1514 1513 2172
f 1514 2172 2159
f 2161 1514 2159
f 1957 1988 2172
f 1957 2172 2173
f 1957 2173 2151
f 2153 2151 2173
f 1992 2179 1991
f 1983 2158 1981
f 2155 2157 1979
f 1961 2162 1959
f 1971 2155 1969
f 1962 1967 2153
f 1962 2153 2154
f 1962 2154 2152
f 2151 2153 1954
f 1954 2153 1967
f 1962 2152 1960
f 1957 2151 1954
f 1979 1969 2155
f 2179 2183 1993
f 1993 1991 2179
f 1992 2184 2179
f 2185 2184 2190
f 2190 2184 2189
f 2187 2189 2184
f 2184 2177 2187
f 1526 1525 2187
f 1526 2187 2186
f 2188 1526 2186
f 2154 2188 2186
f 2187 1525 1529
f 2186 2152 2154
f 1990 2186 2187
f 1990 2187 2177
f 2152 2186 1960
f 1960 2186 1994
f 2183 2179 2185
f 2185 2179 2184
f 1989 2177 2184
f 1992 1989 2184
f 1990 1994 2186
f 1529 2189 2187
f 1531 2190 2189
f 1543 1526 2188
f 1543 2188 2154
f 2154 1519 1543
f 1531 1541 2190
f 1540 1539 2193
f 1540 2193 2185
f 1541 1540 2185
f 2190 1541 2185
f 2189 1529 1531
f 1539 1538 2192
f 2193 2192 2191
f 2191 2183 2193
f 2193 2183 2185
f 1995 2191 2192
f 1961 1995 2192
f 1961 2192 2162
f 2183 2191 1993
f 1993 2191 1995
f 2193 1539 2192
f 2468 1976 2469
f 2342 2468 2469
f 2469 1975 1973
f 2340 2469 1973
f 2335 2340 1973
f 2342 2469 2340
f 2337 2468 2336
f 2468 1978 1976
f 2342 2336 2468
f 1976 1975 2469
f 2337 2346 2468
f 2376 2522 2020
f 2376 2020 2021
f 2377 2376 2021
f 2377 2021 2523
f 2523 2021 2022
f 2522 2019 2020
f 2375 2520 2372
f 2519 2520 2374
f 2374 2520 2375
f 2372 2520 2016
f 2372 2016 2017
f 2372 2017 2521
f 2373 2372 2521
f 2521 2017 2018
f 2519 2015 2520
f 2520 2015 2016
f 2369 2516 2371
f 2379 2521 2522
f 2521 2019 2522
f 2521 2018 2019
f 2379 2378 2521
f 2516 2515 2371
f 2381 2480 2302
f 2377 2523 2380
f 2381 2380 2523
f 2523 2022 1955
f 2523 1955 2480
f 2381 2523 2480
f 2379 2522 2376
f 2373 2521 2378
f 2371 2515 2360
f 2413 2513 2255
f 2009 2506 2008
f 2361 2353 2506
f 2506 2508 2361
f 2007 2507 2505
f 2505 2006 2007
f 2006 2505 2500
f 2500 1999 2006
f 2504 2505 2506
f 2506 2505 2507
f 2351 2503 2504
f 2353 2351 2504
f 2353 2504 2506
f 2499 2500 2504
f 2504 2500 2505
f 2504 2503 2498
f 2498 2499 2504
f 2352 2501 2348
f 2506 2507 2008
f 2009 2508 2506
f 2363 2010 2011
f 2363 2361 2010
f 2255 2513 2370
f 2368 2513 2510
f 2369 2368 2510
f 2369 2510 2516
f 2510 2509 2516
f 2516 2509 2515
f 2510 2513 2413
f 2413 2411 2510
f 2370 2513 2368
f 2509 2510 2411
f 2365 2363 2011
f 2011 2012 2365
f 2367 2366 2013
f 2013 2014 2367
f 2012 2013 2365
f 2365 2013 2366
f 2508 2009 2010
f 2361 2508 2010
f 2411 2409 2509
f 2351 2350 2502
f 2502 2503 2351
f 2349 2002 2004
f 2349 2004 2502
f 2350 2349 2502
f 2503 2502 2003
f 2503 2003 2005
f 2503 2005 2498
f 2004 2003 2502
f 2349 2347 2001
f 2001 2002 2349
f 2501 2000 2001
f 2348 2501 2001
f 2500 1998 1999
f 1997 1998 2499
f 2499 1998 2500
f 2499 2498 1996
f 1996 1997 2499
f 2347 2348 2001
f 2451 1953 1952
f 2451 1952 2448
f 1952 1950 2448
f 2451 2448 2446
f 2265 2451 2446
f 2261 2265 2446
f 2261 2446 2259
f 1950 1947 2448
f 2448 1947 2446
f 2256 2259 2446
f 2446 1947 1943
f 2446 1943 2441
f 2256 2446 2441
f 1939 2437 1943
f 1943 2437 2441
f 1939 1938 2437
f 2252 2434 2249
f 2451 2452 1953
f 2439 1953 2452
f 1925 1953 2439
f 2269 2451 2265
f 2286 2438 2284
f 2438 2435 2284
f 2243 2249 2434
f 2284 2435 2279
f 2276 2279 2442
f 2276 2442 2458
f 2276 2458 2273
f 2439 2452 2442
f 2442 2452 2458
f 2458 2452 2451
f 2273 2458 2451
f 2269 2273 2451
f 2279 2435 2442
f 2434 1935 1930
f 2243 1930 1929
f 2410 1913 1910
f 1910 2406 2408
f 2410 1910 2408
f 2229 2408 2403
f 2228 2229 2403
f 2228 2403 2405
f 2396 2403 2406
f 2406 2403 2408
f 1910 1904 2406
f 2406 1904 1888
f 1888 2396 2406
f 2405 2403 2397
f 2405 2397 1900
f 2405 1900 1902
f 2395 2397 2396
f 2396 2397 2403
f 2397 1898 1900
f 2410 2408 2229
f 2229 2230 2410
f 2231 2414 2416
f 2231 2228 2414
f 2243 1929 2410
f 2230 2243 2410
f 1929 1913 2410
f 2241 2239 2429
f 2241 2429 1922
f 2241 1922 1927
f 2237 2429 2239
f 2429 1921 1922
f 2243 2434 1930
f 2232 1920 1921
f 2237 2232 2429
f 2236 2416 2235
f 2231 2416 2236
f 2235 2416 2414
f 2232 2235 2414
f 2232 2414 1919
f 2232 1919 1920
f 2228 2405 2414
f 2232 1921 2429
f 2397 2395 1885
f 1885 1898 2397
f 1888 2395 2396
f 1886 1885 2395
f 1886 2395 1888
f 777 776 1092
f 1092 775 1090
f 117 107 63
f 63 69 146
f 117 63 146
f 68 67 142
f 142 67 140
f 116 140 67
f 115 116 67
f 115 67 66
f 115 66 139
f 66 65 139
f 115 139 114
f 139 65 64
f 114 139 64
f 113 114 64
f 64 58 113
f 113 58 97
f 137 62 63
f 117 146 119
f 142 149 68
f 149 69 68
f 149 146 69
f 121 149 127
f 125 127 149
f 149 142 125
f 142 140 125
f 125 140 123
f 123 140 116
f 146 149 119
f 119 149 121
f 119 121 204
f 173 119 204
f 117 119 171
f 171 119 172
f 107 117 162
f 162 117 171
f 168 170 116
f 116 115 168
f 115 114 168
f 168 114 167
f 114 113 201
f 167 114 201
f 156 167 201
f 113 97 201
f 202 103 107
f 159 202 107
f 162 159 107
f 173 172 119
f 170 123 116
f 170 206 123
f 170 181 206
f 213 209 192
f 192 209 191
f 191 209 185
f 213 215 212
f 212 211 213
f 211 207 213
f 213 207 209
f 212 204 121
f 202 100 103
f 212 121 127
f 127 125 211
f 211 125 207
f 185 209 207
f 185 207 206
f 184 185 206
f 184 206 181
f 125 123 207
f 207 123 206
f 211 212 127
f 158 202 159
f 158 157 99
f 99 100 202
f 103 137 63
f 158 99 202
f 157 153 198
f 157 198 98
f 157 98 99
f 198 92 98
f 155 156 201
f 201 199 155
f 201 97 96
f 96 199 201
f 153 155 197
f 153 197 198
f 90 197 96
f 96 197 199
f 198 197 89
f 89 92 198
f 90 89 197
f 155 199 197
f 215 213 192
f 107 103 63
f 137 61 62
f 21 33 18
f 30 33 20
f 20 33 21
f 5 30 20
f 33 32 18
f 18 32 17
f 17 32 14
f 32 33 30
f 30 29 32
f 14 32 29
f 14 29 23
f 6 14 23
f 35 1 34
f 3 1 35
f 39 72 36
f 18 17 80
f 80 17 78
f 54 58 78
f 54 78 17
f 54 17 14
f 54 14 73
f 14 6 73
f 54 73 51
f 6 23 3
f 35 51 73
f 35 73 3
f 46 41 72
f 72 4 5
f 46 72 5
f 39 34 1
f 1 4 72
f 39 1 72
f 36 72 41
f 73 6 3
f 59 46 81
f 29 30 4
f 4 1 23
f 23 29 4
f 3 23 1
f 4 30 5
f 46 20 81
f 46 5 20
f 59 81 60
f 89 90 39
f 89 39 133
f 133 36 41
f 39 36 133
f 35 34 131
f 90 34 39
f 90 131 34
f 92 41 46
f 92 89 41
f 100 99 135
f 100 135 60
f 60 61 137
f 100 60 137
f 98 135 99
f 135 59 60
f 92 46 59
f 92 59 135
f 98 92 135
f 97 58 134
f 96 97 134
f 90 96 134
f 134 131 90
f 54 51 134
f 134 51 35
f 35 131 134
f 89 133 41
f 58 54 134
f 84 83 86
f 86 83 80
f 66 86 80
f 65 66 80
f 80 78 65
f 65 78 64
f 64 78 58
f 62 84 63
f 86 87 84
f 62 61 82
f 62 82 84
f 83 82 21
f 83 21 18
f 80 83 18
f 81 82 60
f 60 82 61
f 21 82 81
f 81 20 21
f 82 83 84
f 100 137 103
f 67 86 66
f 67 68 87
f 87 86 67
f 69 87 68
f 84 87 63
f 63 87 69
f 192 193 215
f 173 204 194
f 194 212 195
f 336 335 295
f 295 335 294
f 294 335 293
f 234 233 336
f 336 233 335
f 233 232 334
f 335 233 334
f 293 335 334
f 292 293 334
f 232 231 334
f 292 334 291
f 290 291 334
f 334 231 230
f 290 334 230
f 290 230 229
f 290 229 333
f 289 290 333
f 227 235 296
f 296 288 227
f 296 236 297
f 235 236 296
f 303 336 295
f 302 301 338
f 338 340 302
f 337 338 300
f 300 338 301
f 338 239 240
f 340 338 240
f 339 340 240
f 229 228 333
f 336 339 240
f 239 338 337
f 337 238 239
f 299 337 300
f 298 237 238
f 298 238 337
f 299 298 337
f 236 237 297
f 297 237 298
f 240 234 336
f 339 336 303
f 333 331 289
f 333 228 224
f 224 331 333
f 288 287 332
f 288 332 226
f 288 226 227
f 287 285 330
f 330 332 287
f 332 225 226
f 332 330 223
f 289 331 286
f 223 225 332
f 285 286 329
f 285 329 330
f 222 329 224
f 224 329 331
f 221 223 329
f 329 223 330
f 222 221 329
f 286 331 329
f 340 339 303
f 303 304 340
f 302 340 304
f 196 215 193
f 196 195 212
f 212 215 196
f 204 212 194
f 315 319 387
f 384 383 316
f 316 317 384
f 411 311 313
f 381 410 411
f 382 381 411
f 382 411 313
f 382 313 315
f 411 308 311
f 409 307 308
f 410 409 308
f 411 410 308
f 380 410 381
f 379 408 409
f 380 379 409
f 380 409 410
f 379 376 306
f 387 382 315
f 387 316 383
f 319 316 387
f 391 412 390
f 397 384 416
f 416 327 328
f 396 414 393
f 394 326 325
f 395 394 325
f 395 325 415
f 415 325 324
f 414 415 324
f 379 306 305
f 414 324 413
f 392 393 414
f 414 413 412
f 392 414 412
f 392 412 391
f 412 413 323
f 390 412 323
f 390 323 320
f 389 390 320
f 324 323 413
f 379 305 408
f 409 322 307
f 409 408 321
f 321 322 409
f 305 321 408
f 384 317 416
f 317 327 416
f 394 328 326
f 394 416 328
f 397 416 398
f 394 398 416
f 776 775 1092
f 1069 1070 988
f 988 1070 989
f 989 1070 990
f 1070 1069 1071
f 1070 1071 992
f 993 992 1071
f 992 990 1070
f 775 654 846
f 1090 775 846
f 981 1090 846
f 1081 874 1079
f 1006 1081 1079
f 996 1006 1079
f 1003 997 858
f 858 863 1003
f 862 867 1001
f 1001 867 1004
f 863 862 1003
f 874 869 1079
f 1003 862 1001
f 1079 861 858
f 997 1079 858
f 996 1079 994
f 997 994 1079
f 869 861 1079
f 1010 854 1072
f 1014 1013 882
f 882 888 1014
f 878 882 1012
f 875 874 1081
f 1012 882 1013
f 999 876 878
f 1012 999 878
f 998 1010 1072
f 998 1072 855
f 855 876 1073
f 998 855 1073
f 1004 867 854
f 1010 1004 854
f 999 1073 876
f 694 755 692
f 531 529 753
f 533 531 753
f 752 533 753
f 682 752 753
f 687 682 753
f 690 685 753
f 753 529 528
f 690 753 528
f 684 752 682
f 687 753 685
f 684 692 752
f 692 755 752
f 755 537 535
f 755 535 752
f 545 765 761
f 761 541 545
f 750 540 761
f 761 540 541
f 703 701 761
f 761 765 703
f 750 761 676
f 676 761 701
f 673 690 528
f 528 532 673
f 535 533 752
f 759 538 537
f 537 755 759
f 697 756 759
f 694 697 759
f 694 759 755
f 502 500 639
f 639 500 637
f 624 636 498
f 498 487 624
f 500 498 637
f 637 498 636
f 503 502 639
f 639 641 503
f 719 489 505
f 643 503 641
f 628 720 671
f 721 723 725
f 725 743 721
f 743 742 721
f 721 742 720
f 632 662 738
f 738 743 725
f 632 738 725
f 743 738 523
f 743 523 525
f 742 743 525
f 720 742 740
f 671 720 740
f 669 671 740
f 655 653 519
f 655 519 734
f 732 515 517
f 652 732 653
f 652 627 719
f 719 505 515
f 652 719 515
f 652 515 732
f 653 517 519
f 649 729 513
f 647 513 512
f 647 512 728
f 647 728 645
f 512 510 728
f 728 510 507
f 645 728 507
f 643 645 507
f 507 503 643
f 647 649 513
f 653 732 517
f 734 519 520
f 669 740 666
f 525 524 742
f 742 524 740
f 663 666 740
f 740 524 521
f 740 521 729
f 663 740 729
f 663 729 649
f 655 734 657
f 736 738 661
f 523 738 736
f 736 522 523
f 659 736 661
f 657 734 520
f 520 522 736
f 657 520 736
f 659 657 736
f 521 513 729
f 661 738 662
f 5475 4876 4871
f 5474 4877 4874
f 5306 5305 5474
f 4874 4876 5475
f 5474 4874 5475
f 5306 5474 5475
f 5338 5499 5342
f 5361 5363 4900
f 4900 4899 5361
f 4901 4900 5367
f 4899 4898 5361
f 5361 4898 5353
f 5367 4900 5363
f 5399 5468 4807
f 5399 4807 4811
f 5290 5288 5466
f 5290 5466 5467
f 5290 5467 5468
f 5467 4804 4807
f 5466 5464 4799
f 5466 4799 4804
f 5467 5466 4804
f 5288 5287 5465
f 5465 5466 5288
f 5285 5465 5287
f 5466 5465 5463
f 5463 5464 5466
f 5280 5453 5463
f 5285 5280 5463
f 5285 5463 5465
f 5468 5467 4807
f 5290 5468 5291
f 5468 5399 5231
f 5231 5291 5468
f 5399 4811 4815
f 5464 4798 4799
f 5463 5462 4797
f 5463 4797 4798
f 5464 5463 4798
f 5387 4795 4800
f 5385 4790 5386
f 5386 4790 4795
f 5386 4795 5387
f 5222 5389 5224
f 5387 5389 5222
f 5225 5390 5226
f 5401 5400 5395
f 5395 5396 5401
f 5397 5396 5390
f 5390 5391 5397
f 5226 5390 5396
f 5230 5226 5396
f 5230 5396 5395
f 4809 5394 5393
f 5393 4805 4809
f 5389 5393 5394
f 5393 4803 4805
f 5389 5387 4800
f 5393 5389 4800
f 5393 4800 4803
f 5224 5389 5391
f 5225 5224 5391
f 5225 5391 5390
f 5394 5391 5389
f 5396 5397 5402
f 5402 5401 5396
f 5409 5397 5391
f 5406 5455 5407
f 5270 5273 5457
f 5457 5455 5270
f 5270 5455 5448
f 5269 5270 5448
f 5269 5448 5444
f 5268 5454 5266
f 5269 5444 5438
f 5268 5269 5438
f 5268 5438 5454
f 5237 5266 5454
f 5454 5429 5237
f 5454 5438 5428
f 5428 5429 5454
f 5263 5261 5452
f 5452 5453 5263
f 5260 5445 5449
f 5448 5455 5406
f 5407 5457 5411
f 5455 5457 5407
f 5458 5457 5273
f 5463 5453 5452
f 5452 5462 5463
f 5462 4794 4797
f 5452 5449 4792
f 5452 4792 4794
f 5462 5452 4794
f 5449 4826 4792
f 5278 5461 5283
f 5261 5260 5449
f 5283 5461 5277
f 5243 5430 5458
f 5278 5243 5458
f 5278 5458 5461
f 5457 5458 5411
f 5411 5458 5430
f 5274 5277 5461
f 5461 5458 5274
f 5273 5274 5458
f 5263 5453 5280
f 5261 5449 5452
f 5443 5445 5259
f 5259 5445 5260
f 5241 5402 5415
f 5239 5241 5415
f 5237 5429 5421
f 5235 5237 5421
f 5235 5421 5425
f 5420 5421 5428
f 5428 5421 5429
f 5401 5402 5421
f 5241 5425 5402
f 5421 5402 5425
f 5420 5401 5421
f 5409 5413 5415
f 5415 5413 5417
f 5397 5409 5402
f 5402 5409 5415
f 5409 5394 4809
f 5409 4809 4812
f 5413 5409 4812
f 5400 5401 5420
f 5391 5394 5409
f 5239 5417 5242
f 5235 5425 5241
f 5259 5257 5440
f 5440 5443 5259
f 5257 5242 5417
f 5417 5440 5257
f 4824 4826 5445
f 5445 4826 5449
f 5443 5436 4820
f 5445 5443 4820
f 5415 5417 5239
f 5445 4820 4824
f 5443 5440 5431
f 5431 5436 5443
f 5440 5417 5413
f 5413 5431 5440
f 5436 5431 4814
f 4814 4816 5436
f 4812 4814 5413
f 5413 4814 5431
f 5436 4816 4820
f 5600 5774 5601
f 5324 5772 5763
f 5763 5323 5324
f 5598 5587 5763
f 5763 5772 5598
f 5582 5590 5766
f 5582 5766 5321
f 5582 5321 5323
f 5582 5763 5587
f 5582 5323 5763
f 5602 5774 5327
f 5602 5601 5774
f 5338 5342 5799
f 5363 5361 5626
f 5626 5627 5367
f 5367 5363 5626
f 5619 5624 5361
f 5361 5353 5619
f 5626 5361 5624
f 5814 5557 5286
f 5286 4951 5112
f 5814 5286 5112
f 5651 5812 5109
f 5109 5106 5651
f 5650 5651 5106
f 5650 5106 5104
f 5650 5104 5649
f 5104 4948 5271
f 5649 5104 5271
f 5549 5649 5271
f 5815 5109 5812
f 5114 5109 5815
f 5814 5116 5816
f 5112 5116 5814
f 5850 5846 5110
f 5110 5113 5850
f 5107 5110 5842
f 5842 5110 5846
f 5842 5828 5119
f 5119 5107 5842
f 5838 5895 5836
f 5833 5836 5895
f 5833 5895 5123
f 5122 5120 5833
f 5833 5120 5830
f 5815 5830 5120
f 5120 5114 5815
f 5117 5119 5825
f 5825 5119 5828
f 5825 5816 5116
f 5116 5117 5825
f 5833 5123 5122
f 5766 5317 5321
f 5774 5330 5327
f 5772 5324 5329
f 5600 5598 5772
f 5600 5772 5329
f 5329 5330 5774
f 5600 5329 5774
f 5718 5720 5723
f 5723 5720 5726
f 5704 5700 5722
f 5722 5723 5704
f 5256 5722 5258
f 5258 5722 5700
f 5716 5718 5722
f 5722 5718 5723
f 5722 5256 5255
f 5255 5716 5722
f 5720 5719 5523
f 5523 5719 5522
f 5715 5719 5718
f 5718 5719 5720
f 5522 5719 5708
f 5520 5522 5708
f 5520 5708 5711
f 5524 5720 5523
f 5726 5720 5524
f 5704 5726 5709
f 5723 5726 5704
f 5742 5743 5745
f 5745 5743 5746
f 5737 5742 5740
f 5740 5742 5745
f 5743 5742 5741
f 5741 5662 5743
f 5742 5737 5735
f 5735 5741 5742
f 5695 5708 5715
f 5733 5737 5739
f 5739 5689 5685
f 5685 5733 5739
f 5737 5733 5732
f 5732 5735 5737
f 5733 5685 5684
f 5684 5732 5733
f 5524 5526 5709
f 5709 5726 5524
f 5739 5737 5740
f 5703 5739 5747
f 5715 5708 5719
f 5716 5715 5718
f 5691 5670 5668
f 5668 5679 5691
f 5683 5685 5687
f 5687 5685 5689
f 5678 5683 5681
f 5681 5683 5687
f 5685 5683 5682
f 5682 5684 5685
f 5676 5682 5678
f 5678 5682 5683
f 5681 5679 5674
f 5674 5678 5681
f 5666 5674 5668
f 5668 5674 5679
f 5673 5676 5674
f 5674 5676 5678
f 5665 5673 5666
f 5691 5681 5692
f 5679 5681 5691
f 5671 5691 5693
f 5670 5691 5671
f 5716 5255 5254
f 5254 5714 5716
f 5693 5695 5714
f 5714 5695 5715
f 5714 5254 5253
f 5253 5671 5693
f 5714 5253 5693
f 5253 5251 5671
f 5714 5715 5716
f 5697 5703 5708
f 5692 5697 5695
f 5695 5697 5708
f 5703 5697 5687
f 5687 5689 5703
f 5681 5687 5692
f 5692 5687 5697
f 5691 5692 5693
f 5693 5692 5695
f 5708 5703 5711
f 5689 5739 5703
f 5747 5740 5748
f 5739 5740 5747
f 5520 5711 5533
f 5749 5663 5238
f 5749 5743 5662
f 5662 5663 5749
f 5534 5748 5537
f 5538 5536 5745
f 5537 5748 5740
f 5536 5537 5740
f 5536 5740 5745
f 5534 5531 5747
f 5747 5748 5534
f 5533 5711 5703
f 5531 5533 5703
f 5531 5703 5747
f 5745 5746 5538
f 5666 5673 5674
f 5671 5251 5249
f 5249 5670 5671
f 5670 5249 5246
f 5246 5668 5670
f 5668 5246 5244
f 5244 5666 5668
f 5243 5665 5244
f 5244 5665 5666
f 5663 5234 5238
f 5662 5660 5232
f 5662 5232 5234
f 5663 5662 5234
f 5507 5516 5218
f 5218 5209 5507
f 5660 5231 5232
f 5850 5115 5852
f 4661 4756 4757
f 4661 4757 4755
f 4660 4661 4755
f 4662 4756 4661
f 4660 4755 4659
f 4656 4754 4658
f 4657 4754 4656
f 4652 4753 4655
f 4654 4753 4652
f 4663 4754 4657
f 4664 4659 4755
f 4658 4754 4663
f 4755 4757 4665
f 4662 4768 4756
f 4764 4763 4767
f 4767 4763 4766
f 4763 4762 4766
f 4766 4762 4765
f 4761 4760 4764
f 4764 4760 4763
f 4762 4763 4760
f 4760 4759 4762
f 4668 4760 4761
f 4668 4761 4758
f 4759 4760 4669
f 4669 4760 4670
f 4668 4758 4667
f 4655 4753 4666
f 4666 4753 4654
f 4665 4664 4755
f 4668 4670 4760
f 4662 4758 4768
f 4662 4667 4758
f 4672 4671 4768
f 4671 4756 4768
f 4679 4411 4771
f 4679 4771 4680
f 4409 4410 4677
f 4677 4410 4678
f 4674 4770 4675
f 4675 4770 4764
f 4676 4675 4764
f 4676 4764 4767
f 4411 4412 4771
f 4769 4770 4673
f 4769 4761 4770
f 4770 4761 4764
f 4665 4757 4671
f 4673 4672 4768
f 4768 4769 4673
f 4768 4758 4769
f 4769 4758 4761
f 4671 4757 4756
f 4673 4770 4674
f 4679 4772 4411
f 4677 4771 4409
f 4685 4684 4416
f 4416 4417 4685
f 4418 4419 4686
f 4686 4419 4653
f 4417 4418 4685
f 4685 4418 4686
f 4773 4414 4415
f 4679 4681 4772
f 4684 4683 4773
f 4684 4415 4416
f 4678 4410 4414
f 4678 4414 4773
f 4682 4678 4773
f 4682 4773 4683
f 4771 4412 4413
f 4677 4680 4771
f 4771 4413 4409
f 4684 4773 4415
f 4646 4645 4389
f 4389 4390 4646
f 4390 4391 4646
f 4646 4391 4647
f 4388 4389 4644
f 4644 4389 4645
f 4643 4642 4752
f 4752 4384 4387
f 4643 4752 4387
f 4641 4752 4642
f 4393 4388 4644
f 4644 4635 4393
f 4641 4647 4752
f 4647 4391 4752
f 4752 4396 4384
f 4391 4396 4752
f 4634 4630 4407
f 4407 4408 4634
f 4408 4393 4634
f 4634 4393 4635
f 4630 4627 4406
f 4406 4407 4630
f 4563 4552 4699
f 4563 4699 4705
f 4558 4700 4699
f 4556 4558 4699
f 4556 4699 4696
f 4556 4696 4554
f 4692 4688 4699
f 4699 4688 4696
f 4696 4688 4554
f 4554 4688 4548
f 4551 4692 4552
f 4546 4687 4688
f 4551 4546 4688
f 4551 4688 4692
f 4688 4687 4548
f 4548 4687 4544
f 4543 4687 4546
f 4552 4692 4699
f 4563 4705 4565
f 4705 4699 4700
f 4700 4706 4705
f 4727 4718 4726
f 4576 4727 4577
f 4573 4713 4718
f 4576 4573 4718
f 4576 4718 4727
f 4567 4713 4573
f 4718 4717 4726
f 4726 4717 4724
f 4544 4687 4543
f 4571 4724 4717
f 4569 4717 4715
f 4717 4718 4713
f 4713 4706 4717
f 4706 4700 4717
f 4717 4700 4715
f 4565 4705 4706
f 4567 4565 4706
f 4567 4706 4713
f 4569 4571 4717
f 4726 4728 4727
f 4579 4728 4729
f 4579 4577 4728
f 4577 4727 4728
f 4335 4732 4733
f 4337 4335 4733
f 4734 4337 4733
f 4590 4733 4589
f 4586 4589 4733
f 4733 4732 4586
f 4335 4334 4732
f 4585 4586 4732
f 4734 4733 4590
f 4585 4732 4334
f 4585 4334 4731
f 4332 4331 4731
f 4585 4731 4584
f 4731 4331 4329
f 4584 4731 4329
f 4584 4329 4730
f 4583 4584 4730
f 4583 4730 4581
f 4334 4332 4731
f 4590 4592 4734
f 4735 4341 4337
f 4690 4352 4350
f 4350 4689 4690
f 4689 4350 4349
f 4337 4734 4735
f 4545 4689 4349
f 4601 4349 4736
f 4349 4347 4736
f 4596 4601 4736
f 4736 4735 4596
f 4736 4347 4341
f 4341 4735 4736
f 4735 4734 4596
f 4596 4734 4592
f 4601 4545 4349
f 4896 4873 5053
f 4896 5053 4897
f 4894 4893 4642
f 4894 4642 4643
f 4894 4643 5051
f 4894 5051 4895
f 4893 4891 5050
f 4893 5050 4641
f 4893 4641 4642
f 4890 5050 4891
f 4873 5032 5053
f 5032 4645 5053
f 5032 4644 4645
f 4890 4897 5050
f 5051 4643 4648
f 5051 4648 4649
f 5051 4649 5057
f 4895 5051 5057
f 5050 4647 4641
f 5032 4635 4644
f 5053 4645 4646
f 5053 4646 4647
f 4897 5053 4647
f 4897 4647 5050
f 5035 4630 4634
f 5035 4634 4635
f 4876 5035 4635
f 4876 4635 5032
f 4871 4876 5032
f 4874 4877 4627
f 4627 4630 5035
f 4874 4627 5035
f 4874 5035 4876
f 4871 5032 4873
f 5132 4470 5124
f 4470 4467 5124
f 5124 4467 5123
f 4465 4468 5115
f 5115 4468 5118
f 5115 5113 4463
f 4463 4465 5115
f 4461 4463 5110
f 5110 4463 5113
f 5110 5107 4459
f 4459 4461 5110
f 4472 4470 5132
f 5135 4472 5132
f 4473 4472 5135
f 4475 4473 5135
f 5160 5157 5198
f 5196 4485 4490
f 5155 5196 4490
f 5157 5155 4490
f 5147 5196 5155
f 4487 4479 5150
f 5150 4479 5144
f 5196 4483 4485
f 5147 5145 4481
f 5147 4481 5196
f 5145 5118 4468
f 4468 4481 5145
f 5141 5144 4479
f 4479 4477 5141
f 4477 4475 5141
f 5141 4475 5138
f 5135 5138 4475
f 4481 4483 5196
f 5157 4492 5198
f 5157 4490 4492
f 5198 4492 4496
f 5162 5166 4504
f 4504 4486 5201
f 5162 4504 5201
f 4488 4504 5128
f 5128 4504 5166
f 5201 4765 4762
f 5152 5201 4762
f 4954 5152 4762
f 4954 4762 4759
f 4953 4954 4759
f 4953 4759 4669
f 4953 4669 5091
f 4952 4953 5091
f 4952 5091 4928
f 5162 5201 5152
f 5143 5146 4494
f 4494 4491 5143
f 4497 4494 5148
f 4509 4508 5200
f 5184 5200 5181
f 5179 5181 5200
f 4508 4507 5199
f 5200 4508 5199
f 5179 5200 5199
f 4507 4506 5199
f 5179 5199 5174
f 5184 5187 5200
f 5150 5174 5199
f 5150 5199 4487
f 5103 5172 4503
f 4503 4462 5103
f 4499 4503 5170
f 5170 4503 5172
f 5170 5167 5198
f 5170 5198 4496
f 5170 4496 4499
f 5199 4506 4487
f 5160 5198 5167
f 5187 4510 5200
f 4511 4510 5187
f 5148 4494 5146
f 4491 4488 5143
f 5143 4488 5128
f 5134 5137 4478
f 4478 4482 5134
f 4482 4480 5134
f 5134 4480 5131
f 5191 4836 4581
f 4510 4509 5200
f 4730 4329 4517
f 5191 4581 4517
f 4517 4514 5191
f 5191 4514 5190
f 5189 5190 4514
f 4514 4513 5189
f 4513 4511 5189
f 5189 4511 5188
f 5187 5188 4511
f 4581 4730 4517
f 4832 4833 4606
f 4832 4606 5010
f 4606 4602 5010
f 4833 4609 4606
f 4833 4834 4609
f 4834 5012 4610
f 4613 4612 5016
f 5016 4612 4611
f 4838 5016 4611
f 4838 4611 5012
f 4837 4838 5012
f 4837 5012 4834
f 4611 4610 5012
f 4834 4610 4609
f 5113 5115 5850
f 5852 5115 5897
f 6260 6261 5986
f 6277 6260 5986
f 5987 6277 5986
f 6278 6276 6277
f 6278 6277 5984
f 5985 6278 5984
f 6267 6276 6269
f 6269 6276 6278
f 6264 6260 6276
f 6276 6260 6277
f 6276 6267 6247
f 6247 6264 6276
f 6271 6272 6274
f 6274 6272 6275
f 6270 6271 6273
f 6273 6271 6274
f 6272 6271 6268
f 6261 5972 5986
f 6277 5987 5984
f 6272 6278 6279
f 6269 6278 6272
f 6283 5995 5994
f 5994 6282 6283
f 6282 5994 5993
f 6268 6269 6272
f 5993 6281 6282
f 5993 6280 6281
f 5992 5991 6280
f 6279 5988 5989
f 5990 6275 6272
f 6272 6279 5989
f 5990 6272 5989
f 5988 6279 6278
f 6278 5985 5988
f 5992 6280 5993
f 6271 6270 6265
f 6269 6268 6266
f 5972 6261 6255
f 6255 6258 5971
f 5972 6255 5971
f 6252 6255 6260
f 6260 6255 6261
f 6250 6256 6255
f 6255 6256 6258
f 6255 6252 6249
f 6249 6250 6255
f 6248 6253 6262
f 6262 6259 6248
f 5974 6253 5973
f 6253 6254 5973
f 6266 6267 6269
f 6268 6265 5979
f 6268 5979 5982
f 6268 5982 6266
f 6267 6266 5981
f 6267 5981 5983
f 6267 5983 6247
f 5982 5981 6266
f 6265 6268 6271
f 5980 5979 6265
f 5978 6258 6256
f 6256 5976 5978
f 6254 5977 5973
f 6262 5974 5975
f 6259 6262 5975
f 6256 6259 5975
f 5976 6256 5975
f 5974 6262 6253
f 6258 5978 5971
f 6300 6291 5823
f 5823 5518 6045
f 6300 5823 6045
f 6300 6045 6044
f 5821 5823 6290
f 6290 5823 6291
f 6290 6288 5818
f 5818 5821 6290
f 6288 6286 5817
f 6354 5558 5559
f 6354 5559 5560
f 5561 6354 5560
f 6354 5561 5813
f 5813 6352 6354
f 5811 6350 5813
f 5813 6350 6352
f 5811 5810 6350
f 5817 5818 6288
f 6340 5851 5855
f 5851 5906 5855
f 5851 5905 5906
f 5905 5176 5906
f 6340 6339 5851
f 5905 5171 5175
f 5905 5175 5176
f 5176 5173 5906
f 5853 5852 5897
f 5142 5900 5121
f 5121 5900 5901
f 5824 5826 5900
f 5824 5900 5125
f 5824 5125 5137
f 5142 5125 5900
f 5822 5824 5137
f 5137 5134 5822
f 5134 5131 5822
f 5822 5131 5820
f 5810 5894 5893
f 5892 5893 5894
f 5892 5894 5189
f 5189 5188 5903
f 5892 5189 5903
f 5188 5187 5903
f 5892 5903 5891
f 5901 5900 5826
f 5826 5819 5901
f 5831 5148 5829
f 5163 5148 5831
f 5907 5180 5182
f 5872 5907 5182
f 5177 5178 5868
f 5868 5178 5870
f 5861 5859 5906
f 5173 5158 5908
f 5906 5173 5908
f 5861 5906 5908
f 5890 5891 5903
f 5861 5908 5864
f 5169 5171 5905
f 5844 5169 5905
f 5848 5844 5905
f 5848 5905 5851
f 5168 5169 5841
f 5841 5169 5844
f 5835 5820 5131
f 5131 5151 5835
f 5855 5906 5859
f 5872 5849 5907
f 5903 5187 5184
f 5817 5889 5172
f 5897 5118 5145
f 5144 5141 5899
f 5871 5874 5899
f 5871 5899 5141
f 5141 5138 5898
f 5871 5141 5898
f 5138 5135 5898
f 5871 5898 5869
f 5898 5135 5132
f 5869 5898 5132
f 5867 5869 5132
f 5867 5132 5124
f 5867 5124 5895
f 5838 5867 5895
f 5124 5123 5895
f 5853 5897 5863
f 5115 5118 5897
f 5877 5897 5147
f 5897 5145 5147
f 5877 5863 5897
f 5878 5899 5874
f 5172 5103 5817
f 5170 5172 5888
f 5888 5172 5889
f 5888 5887 5167
f 5167 5170 5888
f 5160 5167 5886
f 5886 5167 5887
f 5886 5885 5902
f 5890 5903 5184
f 5886 5902 5157
f 5902 5155 5157
f 5884 5902 5885
f 5877 5147 5155
f 5877 5155 5902
f 5884 5877 5902
f 5880 5150 5144
f 5880 5144 5899
f 5878 5880 5899
f 5886 5157 5160
f 5907 5133 5180
f 5182 5177 5868
f 5868 5872 5182
f 5883 5912 5802
f 5641 5883 5802
f 5911 5127 5130
f 5881 5911 5130
f 5881 5130 5912
f 5882 5881 5912
f 5882 5912 5883
f 5879 5911 5881
f 5912 5136 5802
f 5841 5876 5186
f 5910 5183 5185
f 5876 5875 5910
f 5910 5185 5186
f 5876 5910 5186
f 5870 5178 5183
f 5870 5183 5910
f 5873 5870 5910
f 5873 5910 5875
f 5186 5168 5841
f 5136 4940 5802
f 5379 5804 5802
f 4940 5379 5802
f 5911 5156 5127
f 5908 5158 5153
f 5879 5864 5908
f 5153 5156 5911
f 5908 5153 5911
f 5879 5908 5911
f 5912 5130 5136
f 6205 6203 6206
f 6192 6187 6184
f 6184 6190 6192
f 6190 5940 5941
f 6184 6182 5939
f 6184 5939 5940
f 6190 6184 5940
f 6182 5933 5939
f 6186 6187 6188
f 6188 6187 6189
f 6188 5938 5937
f 5937 6185 6186
f 6188 5937 6186
f 6187 6186 6183
f 6183 6184 6187
f 6179 6183 6185
f 6185 6183 6186
f 5937 5936 6185
f 6193 6192 5942
f 6192 5941 5942
f 6192 6190 5941
f 6187 6192 6194
f 5948 5947 6199
f 5948 6199 6201
f 6205 5948 6201
f 6203 6201 6194
f 6194 6196 6203
f 6189 6194 6199
f 6199 6194 6201
f 5947 5946 6199
f 6201 6203 6205
f 6199 5946 5945
f 6199 5945 6189
f 5945 5938 6188
f 6193 5943 6196
f 6196 5943 5944
f 6193 5942 5943
f 6196 6194 6192
f 6192 6193 6196
f 6194 6189 6187
f 5945 6188 6189
f 5935 6178 6179
f 5936 5935 6179
f 5935 5925 6178
f 5919 5917 6173
f 6184 6183 6181
f 6181 6182 6184
f 6177 6181 6179
f 6179 6181 6183
f 6181 6180 5930
f 6181 5930 5933
f 6182 6181 5933
f 6181 6177 6176
f 6176 6180 6181
f 6178 6177 6179
f 6178 5925 5923
f 5923 6175 6178
f 6174 6176 6175
f 6175 6176 6177
f 5919 6173 6174
f 5923 5919 6174
f 6175 5923 6174
f 6175 6177 6178
f 6185 5936 6179
f 6172 5913 5915
f 5914 5913 6172
f 3040 3041 3416
f 3416 3041 3418
f 3036 3040 3405
f 3405 3040 3416
f 3038 3037 3408
f 3039 3038 3414
f 3414 3038 3410
f 3037 3036 3408
f 3408 3036 3405
f 3408 3410 3038
f 3059 3074 3421
f 3421 3074 3419
f 3073 3054 3412
f 3412 3054 3417
f 3503 3120 3124
f 3127 3042 3446
f 3446 3042 3403
f 3435 3503 3445
f 3446 3445 3503
f 3503 3124 3127
f 3446 3503 3127
f 3101 3102 3440
f 3440 3102 3443
f 3437 3502 3434
f 3437 3436 3506
f 3113 3117 3502
f 3506 3113 3502
f 3437 3506 3502
f 3435 3434 3502
f 3119 3120 3503
f 3502 3119 3503
f 3435 3502 3503
f 3438 3506 3436
f 3502 3117 3119
f 3735 3231 3732
f 3237 3235 3737
f 3737 3235 3735
f 3733 3614 3418
f 3418 3041 3044
f 3733 3418 3044
f 3733 3044 3047
f 3709 3804 3757
f 3726 3774 3242
f 3242 3244 3726
f 3241 3242 3771
f 3771 3242 3774
f 3771 3762 3239
f 3239 3241 3771
f 3236 3239 3760
f 3760 3239 3762
f 3760 3545 3357
f 3235 3231 3735
f 3047 3237 3737
f 3737 3733 3047
f 3246 3250 3742
f 3265 3246 3769
f 3769 3246 3739
f 3267 3258 3776
f 3357 3011 3236
f 3776 3258 3765
f 3258 3265 3769
f 3518 3475 3750
f 3750 3475 3657
f 3750 3742 3250
f 3250 3253 3518
f 3750 3250 3518
f 3518 3253 3092
f 3742 3739 3246
f 3769 3765 3258
f 3760 3357 3236
f 3754 3757 3804
f 3729 2987 2989
f 3729 2989 2991
f 2994 3225 3727
f 3727 3225 3725
f 3724 3725 3225
f 3225 3224 3724
f 3224 3217 3724
f 3724 3217 3715
f 3222 2984 3721
f 3721 2984 3722
f 3721 3719 3219
f 3219 3222 3721
f 3215 3219 3712
f 3712 3219 3719
f 3708 3715 3217
f 3217 3213 3708
f 3712 3526 3327
f 3729 3722 2987
f 3722 2984 2987
f 3727 2996 2994
f 3727 3738 2996
f 3754 3804 3228
f 3754 3228 3014
f 3754 3014 3013
f 3745 3754 3013
f 3745 3013 3012
f 3012 3004 3807
f 3745 3012 3807
f 3745 3807 3738
f 3233 3228 3804
f 3741 3677 3536
f 3729 2991 3490
f 3729 3490 3342
f 3741 3729 3342
f 3741 3342 3677
f 3004 3003 3807
f 3807 3003 3001
f 3738 3807 3001
f 3738 3001 2996
f 2991 3006 3490
f 3327 2951 3215
f 3712 3327 3215
f 3708 3213 3340
f 3534 3708 3340
f 3213 2978 3340
f 3563 3675 3323
f 3563 3323 3354
f 3563 3354 3690
f 3562 3558 3674
f 3674 3675 3562
f 3559 3560 3689
f 3689 3688 3559
f 3347 3687 3688
f 3351 3347 3688
f 3689 3351 3688
f 3559 3688 3673
f 3558 3559 3673
f 3558 3673 3674
f 3670 3673 3687
f 3687 3673 3688
f 3347 3345 3687
f 3687 3345 3318
f 3563 3562 3675
f 3563 3690 3566
f 3356 3351 3689
f 3560 3569 3689
f 3372 3324 3583
f 3583 3324 3519
f 3583 3581 3371
f 3371 3372 3583
f 3318 3670 3687
f 3566 3690 3369
f 3581 3369 3371
f 3690 3354 3369
f 3527 3676 3573
f 3676 3329 3366
f 3573 3676 3366
f 3569 3573 3366
f 3569 3366 3356
f 3569 3356 3689
f 3581 3566 3369
f 3427 3433 3624
f 3612 3620 3430
f 3430 3414 3612
f 3432 3431 3622
f 3622 3431 3621
f 3622 3624 3433
f 3433 3432 3622
f 3620 3621 3431
f 3431 3430 3620
f 3618 3619 3429
f 3429 3428 3618
f 3401 3429 3604
f 3604 3429 3619
f 3428 3427 3618
f 3618 3427 3617
f 3624 3617 3427
f 3411 3407 3597
f 3597 3407 3596
f 3597 3602 3413
f 3413 3411 3597
f 3594 3596 3407
f 3407 3402 3594
f 3420 3413 3616
f 3616 3413 3602
f 3422 3420 3616
f 3182 2720 2722
f 3043 2722 3183
f 3183 2724 2725
f 3069 3186 3190
f 3186 2729 3190
f 3190 2729 2751
f 3056 2747 2749
f 3056 2749 3189
f 3059 3056 3189
f 3189 2749 2750
f 3188 2744 2747
f 3054 3188 2747
f 3056 3054 2747
f 3188 2743 2744
f 3069 3187 3186
f 3069 3066 3187
f 3073 2743 3188
f 3073 3072 2743
f 3073 3188 3054
f 3048 3187 3066
f 3069 3190 3072
f 3190 2751 2743
f 3072 3190 2743
f 3185 3187 3046
f 3046 3187 3048
f 3043 3183 3045
f 3046 3045 3183
f 3183 2725 2726
f 3046 3183 2726
f 3046 2726 3185
f 3187 3185 2727
f 3186 3187 2727
f 3186 2727 2728
f 3186 2728 2729
f 3185 2726 2727
f 3043 3042 3182
f 3043 3182 2722
f 2722 2724 3183
f 3146 2663 2645
f 2990 3146 2645
f 2645 2640 2990
f 2990 2640 2982
f 2640 2636 2980
f 2976 2980 2636
f 2976 2636 2634
f 2976 2634 3142
f 2976 3142 2962
f 2980 2982 2640
f 3324 2945 3325
f 2944 2945 3324
f 2945 2946 3326
f 2950 3029 3373
f 3373 3029 3390
f 3389 3390 3029
f 3029 3028 3497
f 3389 3029 3497
f 3389 3497 3387
f 3028 3027 3497
f 3387 3497 3027
f 3386 3387 3027
f 3386 3027 3026
f 3384 3386 3026
f 3384 3026 3025
f 3384 3025 3496
f 3384 3496 3383
f 3025 3024 3496
f 3382 3383 3496
f 3382 3496 3024
f 3391 3032 3392
f 3031 3032 3391
f 3392 3033 3393
f 3032 3033 3392
f 3024 3023 3495
f 2947 2948 3396
f 3396 2948 3328
f 3396 3395 3035
f 3035 2947 3396
f 3034 3035 3394
f 3394 3035 3395
f 3033 3034 3393
f 3393 3034 3394
f 3382 3024 3495
f 3382 3495 3380
f 3023 3022 3495
f 3344 3010 3349
f 3008 3009 3343
f 3343 3009 3344
f 3490 3007 3008
f 3342 3490 3008
f 3343 3342 3008
f 3490 3006 3007
f 3339 3340 2978
f 3009 3010 3344
f 2978 2970 3339
f 3339 2968 3336
f 3333 3336 2968
f 2968 2965 3333
f 2965 2963 3333
f 3333 2963 3329
f 3327 3326 2946
f 2946 2951 3327
f 3326 3325 2945
f 2970 2968 3339
f 3010 3011 3357
f 3363 3491 3362
f 3378 3380 3495
f 3378 3495 3022
f 3378 3022 3021
f 3378 3021 3493
f 3378 3493 3376
f 3021 3020 3493
f 3375 3376 3493
f 3375 3493 3020
f 3357 3349 3010
f 3375 3020 3019
f 3375 3018 3368
f 3367 3368 3018
f 3018 3017 3367
f 3017 3016 3367
f 3367 3016 3365
f 3365 3016 3015
f 3365 3015 3491
f 3363 3365 3491
f 3019 3018 3375
f 3265 3306 3246
f 3267 3310 3258
f 3265 3258 3310
f 2578 2557 3306
f 2547 2539 3231
f 3231 2539 3229
f 3237 2553 3235
f 2345 2553 3237
f 3231 3235 2553
f 3310 2578 3306
f 3265 3310 3306
f 2572 2575 3250
f 3250 2575 3253
f 2575 2374 2898
f 2575 2898 2758
f 3253 2575 2758
f 3092 3253 2758
f 2553 2547 3231
f 3250 3246 3306
f 3250 2569 2572
f 3306 2557 2569
f 3237 3047 3180
f 2723 2334 2344
f 2723 2344 2341
f 3180 2723 2341
f 3237 3180 2341
f 3237 2341 2345
f 3250 3306 2569
f 4029 4027 4264
f 4264 4265 4029
f 4031 4030 4266
f 4266 4267 4031
f 4049 4048 4274
f 4274 4048 4273
f 4274 4275 4050
f 4050 4049 4274
f 4272 4273 4048
f 4048 4047 4272
f 4027 4042 4264
f 4264 4042 4271
f 4272 4031 4267
f 4036 4046 4268
f 4041 4038 4270
f 4270 4038 4269
f 4270 4271 4042
f 4042 4041 4270
f 4268 4269 4038
f 4038 4036 4268
f 4030 4029 4266
f 4266 4029 4265
f 4268 4046 4257
f 4047 4031 4272
f 4043 4050 4277
f 4277 4050 4275
f 4053 4054 4281
f 4281 4054 4282
f 4283 4282 4054
f 4054 4040 4283
f 4281 4280 4317
f 4281 4317 4052
f 4281 4052 4053
f 4317 4051 4052
f 4233 4313 4229
f 4313 4022 4021
f 4229 4313 4021
f 4226 4229 4021
f 4226 4021 4019
f 4226 4019 4311
f 4224 4226 4311
f 4019 3987 4311
f 4023 4022 4313
f 4233 4025 4313
f 4025 4023 4313
f 4233 4236 4025
f 4239 4026 4238
f 4236 4238 4026
f 4026 4025 4236
f 4454 4290 4280
f 4342 4340 4222
f 4433 4217 4220
f 4339 4433 4340
f 4338 4216 4217
f 4339 4338 4217
f 4339 4217 4433
f 4210 4216 4336
f 4336 4216 4338
f 4336 4333 4209
f 4209 4210 4336
f 4330 4428 4208
f 4330 4208 4209
f 4333 4330 4209
f 4326 4428 4330
f 4428 4207 4208
f 4326 4325 4427
f 4206 4207 4428
f 4340 4433 4222
f 4433 4220 4222
f 4222 4225 4343
f 4343 4342 4222
f 4354 4353 4241
f 4241 4242 4437
f 4354 4241 4437
f 4436 4240 4241
f 4351 4436 4353
f 4348 4434 4237
f 4351 4348 4237
f 4351 4237 4240
f 4427 4206 4428
f 4351 4240 4436
f 4434 4230 4237
f 4345 4228 4230
f 4345 4230 4434
f 4346 4345 4434
f 4345 4344 4227
f 4227 4228 4345
f 4225 4227 4343
f 4343 4227 4344
f 4346 4434 4348
f 4353 4436 4241
f 4326 4427 4428
f 4427 4205 4206
f 4323 4322 4204
f 4204 4205 4427
f 4323 4204 4427
f 4322 4318 4426
f 4426 4203 4204
f 4322 4426 4204
f 4426 4202 4203
f 4201 4200 4425
f 4323 4427 4325
f 4437 4242 4243
f 4354 4437 4355
f 4356 4437 4244
f 4364 4224 4247
f 4364 4247 4440
f 4362 4364 4440
f 4247 4245 4440
f 4362 4440 4360
f 4359 4360 4245
f 4359 4245 4201
f 4359 4201 4425
f 4359 4425 4358
f 4356 4355 4437
f 4437 4243 4244
f 4360 4440 4245
f 3608 3610 3908
f 3908 3610 3909
f 3910 3909 3610
f 3610 3615 3910
f 3607 3608 3907
f 3907 3608 3908
f 3907 3906 3606
f 3606 3607 3907
f 3594 3603 3889
f 3889 3603 3903
f 3592 3604 3897
f 3897 3604 3883
f 3601 3599 3900
f 3900 3599 3899
f 3900 3903 3603
f 3603 3601 3900
f 3897 3899 3599
f 3894 3880 3617
f 3617 3624 3894
f 3620 3612 3885
f 3885 3612 3886
f 3622 3621 3888
f 3888 3621 3887
f 3624 3622 3894
f 3894 3622 3888
f 3885 3887 3621
f 3599 3592 3897
f 3621 3620 3885
f 3882 3618 3881
f 3882 3883 3604
f 3604 3619 3882
f 3618 3617 3881
f 3881 3617 3880
f 3619 3618 3882
f 4028 4039 3905
f 3905 3895 4028
f 3910 3901 4040
f 4040 3901 4034
f 3902 3904 4035
f 4035 3904 4037
f 3904 3905 4037
f 4037 3905 4039
f 4035 4034 3901
f 3901 3902 4035
f 4032 3896 4089
f 4033 4032 4089
f 3895 3896 4028
f 4028 3896 4032
f 3896 3898 4089
f 4175 4176 3764
f 3764 3761 4175
f 3761 3758 4175
f 4175 3758 4174
f 3758 3756 4185
f 4174 3758 4185
f 4172 4174 4185
f 4172 4185 4169
f 3756 3755 4185
f 4145 4169 4185
f 4185 3755 3736
f 4145 4185 3736
f 3752 3753 4162
f 4162 3753 4163
f 4162 4159 3751
f 3751 3752 4162
f 3747 3751 4155
f 4177 3764 4176
f 3766 3764 4177
f 3768 3766 4177
f 4177 4178 3768
f 3855 3547 3777
f 4180 3855 3777
f 4179 4180 3777
f 3777 3772 4179
f 3772 3768 4179
f 4179 3768 4178
f 4101 4163 3753
f 3753 3710 4101
f 4180 3984 3855
f 4155 3751 4159
f 4155 4150 3744
f 3744 3747 4155
f 4150 4147 3740
f 3711 3709 4103
f 4103 4107 3711
f 3714 3711 4107
f 3740 3744 4150
f 4147 4143 3734
f 3734 3740 4147
f 4118 4145 3736
f 3736 3723 4118
f 3731 3734 4139
f 4139 3734 4143
f 4139 4136 3728
f 3728 3731 4139
f 4120 3728 4136
f 3723 3720 4118
f 4118 3720 4115
f 4113 4115 3720
f 3720 3717 4113
f 3717 3714 4113
f 4113 3714 4109
f 4107 4109 3714
f 3726 3728 4120
f 4026 3874 4082
f 4025 4026 4082
f 4082 4080 4025
f 4025 4080 4023
f 4023 4080 4022
f 3874 3873 4082
f 4080 4082 3873
f 3873 3870 4080
f 4021 4022 4080
f 4021 3870 3868
f 4019 4021 3868
f 3868 3864 4019
f 3864 3826 4019
f 4019 3826 3987
f 4021 4080 3870
f 4026 4085 3874
f 3985 3987 3826
f 3826 3824 3985
f 4085 3875 3874
f 2663 2300 2299
f 2663 2299 2842
f 2645 2663 2842
f 2645 2842 2640
f 2299 2298 2842
f 2636 2640 2842
f 2636 2842 2298
f 2298 2297 2838
f 2636 2298 2838
f 2636 2838 2634
f 2225 2224 2608
f 2608 2224 2624
f 2623 2624 2224
f 2224 2222 2811
f 2623 2224 2811
f 2623 2811 2621
f 2806 2223 2215
f 2223 2812 2810
f 2810 2221 2223
f 2812 2806 2622
f 2622 2806 2610
f 2810 2812 2618
f 2618 2812 2622
f 2222 2221 2810
f 2811 2222 2810
f 2812 2223 2806
f 2620 2811 2810
f 2621 2811 2620
f 2619 2810 2618
f 2619 2620 2810
f 2374 2575 2598
f 2374 2598 2519
f 2015 2519 2598
f 1846 1569 2212
f 2598 1846 2212
f 2015 2598 2212
f 2599 2602 2569
f 2569 2602 2572
f 2599 1848 1845
f 2602 2599 1845
f 2598 2602 1845
f 2601 1832 1847
f 2557 2601 1847
f 2557 1847 2599
f 2569 2557 2599
f 2599 1847 1848
f 2598 1845 1846
f 2575 2602 2598
f 2572 2602 2575
f 2578 2601 2557
f 2192 1538 1800
f 1800 2162 2192
f 2256 2441 2382
f 2567 2571 2595
f 2567 2595 2566
f 1829 1827 2595
f 2595 1827 1825
f 2566 2595 1825
f 2566 1825 2594
f 2561 2566 2594
f 1825 1822 2594
f 2561 2594 2540
f 2540 2594 1822
f 2538 2540 1822
f 2538 1822 1799
f 2536 1812 1814
f 2536 1814 2590
f 2537 2536 2590
f 1811 1812 2535
f 2535 1812 2536
f 2571 1829 2595
f 2571 1831 1829
f 2571 2596 1831
f 2580 2596 2571
f 2049 1502 1842
f 1842 2042 2049
f 2382 2441 2437
f 2587 2382 2437
f 2587 2437 1938
f 2587 1938 2042
f 2586 2587 2042
f 2042 1842 1839
f 2537 2590 2527
f 2042 1839 2597
f 2586 2597 2584
f 1839 1838 2597
f 2580 2584 2597
f 2597 1838 1835
f 2580 2597 1835
f 2580 1835 2596
f 1835 1831 2596
f 2590 1814 1783
f 2586 2042 2597
f 3005 2652 2964
f 3005 3002 2691
f 2691 2693 3005
f 2685 2691 2999
f 2999 2691 3002
f 2682 2685 2997
f 2997 2685 2999
f 2997 2995 2680
f 2680 2682 2997
f 2678 2680 2992
f 2992 2680 2995
f 2674 2678 2988
f 2988 2678 2992
f 2988 2975 2670
f 2670 2674 2988
f 2661 2670 2972
f 2972 2670 2975
f 2693 2652 3005
f 2632 2700 3138
f 2972 2969 2659
f 2659 2661 2972
f 2656 2659 2966
f 2966 2659 2969
f 2966 2960 2641
f 2641 2656 2966
f 2639 2641 2959
f 2959 2641 2960
f 2959 2956 2637
f 2637 2639 2959
f 2631 2637 2948
f 2948 2637 2956
f 2630 2631 2947
f 2947 2631 2948
f 2535 2533 2592
f 2535 2592 1808
f 2530 2592 2533
f 2166 1524 1527
f 2167 2166 1527
f 2168 2167 1527
f 2168 1527 1528
f 2166 1523 1524
f 1504 1503 2052
f 2052 2050 2054
f 2054 2050 2053
f 1939 1943 2053
f 2053 2050 1939
f 2050 2052 1503
f 2050 1503 1502
f 2050 1502 2049
f 1938 1939 2050
f 2050 2049 2042
f 1938 2050 2042
f 2040 1453 1501
f 1577 1576 2035
f 1935 1577 2035
f 1930 1935 2035
f 1576 1575 2035
f 1930 2035 1929
f 2052 2055 1504
f 2055 1501 1504
f 2055 2040 1501
f 2055 2056 2040
f 1953 1925 2061
f 2061 2060 1953
f 1953 2060 1952
f 2058 2057 2061
f 2061 2057 2060
f 1952 2060 2057
f 1950 2057 2054
f 1947 1950 2054
f 2054 2053 1947
f 1947 2053 1943
f 2057 2058 2056
f 2056 2055 2057
f 2055 2052 2057
f 2057 2052 2054
f 1950 1952 2057
f 2592 1805 1808
f 2528 1804 1805
f 2528 1805 2592
f 2530 2528 2592
f 1802 1804 2525
f 2525 1804 2528
f 2525 2524 1796
f 1796 1802 2525
f 2490 1964 1965
f 2303 1964 2490
f 2301 1968 1964
f 2309 2496 2306
f 2305 1974 1977
f 2309 2305 1977
f 2309 1977 2496
f 2303 2301 1964
f 2308 2306 2496
f 2496 1985 2497
f 2308 2496 2497
f 2496 1977 1980
f 2303 2490 2304
f 2304 2490 1965
f 2304 1965 1974
f 2305 2304 1974
f 2496 1980 1985
f 2535 1808 1811
f 2277 2422 2280
f 2280 2430 2433
f 2430 1906 2433
f 2433 1906 1908
f 2280 2422 2430
f 1951 1949 2465
f 2300 2465 2299
f 2298 2299 2465
f 2298 2465 1949
f 2298 1949 1944
f 2298 1944 2462
f 2298 2462 2297
f 1913 1929 2035
f 3665 3662 3256
f 3256 3086 3510
f 3665 3256 3510
f 3456 3635 3664
f 3510 3456 3664
f 3665 3510 3664
f 3662 3663 3260
f 3260 3256 3662
f 3245 3107 3512
f 3748 3245 3512
f 3746 3748 3512
f 3748 3749 3249
f 3249 3245 3748
f 3512 3466 3746
f 3746 3466 3653
f 3015 3276 3491
f 3777 3547 3362
f 3656 3513 3779
f 3469 3513 3656
f 3783 3263 3668
f 3266 3263 3783
f 3283 3285 3791
f 3791 3285 3793
f 3279 3109 3813
f 3785 3279 3813
f 3789 3785 3813
f 3813 3109 3111
f 3813 3111 3112
f 3114 3813 3112
f 3362 3491 3276
f 3785 3784 3277
f 3106 3108 3513
f 3783 3779 3513
f 3783 3513 3108
f 3783 3108 3266
f 3667 3668 3263
f 3667 3263 3260
f 3260 3663 3666
f 3667 3260 3666
f 3277 3279 3785
f 3814 3287 3289
f 3362 3276 3274
f 3772 3777 3274
f 3226 3227 3806
f 3752 3226 3806
f 3753 3752 3806
f 3220 3226 3751
f 3751 3226 3752
f 3751 3747 3218
f 3218 3220 3751
f 3809 3216 3218
f 3744 3809 3218
f 3747 3744 3218
f 3740 3809 3744
f 3809 3214 3216
f 3212 3214 3809
f 3734 3212 3809
f 3740 3734 3809
f 3723 3736 3230
f 3230 3281 3808
f 3755 3230 3736
f 3232 3230 3755
f 3234 3232 3755
f 3755 3756 3234
f 3274 3269 3772
f 3269 3251 3772
f 3772 3251 3768
f 3753 3806 3710
f 3766 3768 3251
f 3251 3247 3811
f 3766 3251 3811
f 3766 3811 3764
f 3777 3362 3274
f 3247 3243 3811
f 3764 3811 3240
f 3764 3240 3810
f 3761 3764 3810
f 3761 3810 3758
f 3240 3238 3810
f 3756 3758 3810
f 3810 3238 3234
f 3756 3810 3234
f 3811 3243 3240
f 3795 3793 3814
f 3793 3285 3814
f 3285 3287 3814
f 3795 3814 3798
f 3798 3814 3289
f 3798 3289 3277
f 3784 3798 3277
f 3791 3650 3706
f 3791 3706 3463
f 3463 3097 3283
f 3791 3463 3283
f 3723 3230 3808
f 3281 3257 3808
f 3731 3212 3734
f 3731 3728 3271
f 3271 3275 3731
f 3244 3271 3726
f 3726 3271 3728
f 3723 3808 3720
f 3808 3257 3254
f 3720 3808 3254
f 3720 3254 3805
f 3717 3720 3805
f 3254 3252 3805
f 3711 3714 3805
f 3711 3805 3252
f 3711 3252 3248
f 3711 3248 3233
f 3711 3233 3804
f 3709 3711 3804
f 3717 3805 3714
f 3275 3212 3731
f 3385 3388 3556
f 3556 3388 3557
f 3556 3546 3370
f 3370 3385 3556
f 3350 3381 3685
f 3685 3381 3379
f 3555 3685 3379
f 3554 3555 3379
f 3379 3377 3554
f 3554 3377 3551
f 3549 3551 3377
f 3377 3374 3684
f 3549 3377 3684
f 3364 3370 3544
f 3528 3335 3530
f 3332 3334 3525
f 3525 3334 3528
f 3525 3523 3331
f 3331 3332 3525
f 3330 3331 3522
f 3522 3331 3523
f 3522 3520 3328
f 3328 3330 3522
f 3334 3335 3528
f 3335 3337 3531
f 3531 3530 3335
f 3533 3531 3682
f 3544 3370 3546
f 3544 3542 3361
f 3361 3364 3544
f 3359 3361 3541
f 3541 3361 3542
f 3541 3540 3353
f 3353 3359 3541
f 3348 3353 3538
f 3538 3353 3540
f 3346 3348 3538
f 3537 3535 3682
f 3537 3682 3341
f 3537 3341 3346
f 3682 3338 3341
f 3533 3682 3535
f 3531 3337 3338
f 3531 3338 3682
f 3538 3537 3346
f 3374 3373 3684
f 3598 3600 3421
f 3421 3419 3598
f 3412 3417 3593
f 3593 3417 3595
f 3648 3606 3931
f 3931 3606 3906
f 3928 3646 3930
f 3915 3956 3913
f 3917 3970 3916
f 3918 3971 3668
f 3918 3668 3667
f 3917 3918 3667
f 3917 3667 3970
f 3916 3970 3666
f 3666 3663 3956
f 3916 3666 3956
f 3915 3916 3956
f 3667 3666 3970
f 3643 3969 3967
f 3967 3641 3643
f 3641 3967 3958
f 3958 3632 3641
f 3966 3967 3968
f 3968 3967 3969
f 3657 3658 3920
f 3920 3919 3657
f 3921 3642 3922
f 3659 3642 3921
f 3646 3648 3930
f 3930 3648 3931
f 3642 3644 3922
f 3922 3644 3923
f 3640 3631 3929
f 3929 3631 3927
f 3929 3926 3638
f 3638 3640 3929
f 3633 3646 3928
f 3928 3927 3631
f 3660 3661 3924
f 3924 3661 3925
f 3661 3638 3925
f 3925 3638 3926
f 3924 3923 3644
f 3644 3660 3924
f 3658 3659 3920
f 3920 3659 3921
f 3631 3633 3928
f 3961 3966 3963
f 3963 3966 3968
f 3966 3958 3967
f 3856 3547 3855
f 3851 3850 3543
f 3543 3545 3851
f 3850 3849 3539
f 3539 3543 3850
f 3849 3848 3954
f 3849 3954 3536
f 3849 3536 3539
f 3844 3954 3848
f 3840 3838 3950
f 3950 3952 3953
f 3840 3950 3953
f 3946 3950 3829
f 3829 3950 3838
f 3950 3948 3583
f 3950 3583 3519
f 3952 3950 3519
f 3548 3547 3856
f 3550 3548 3856
f 3856 3859 3550
f 3552 3550 3859
f 3819 3564 3867
f 3564 3561 3867
f 3867 3561 3866
f 3863 3866 3561
f 3561 3553 3863
f 3553 3552 3863
f 3863 3552 3861
f 3859 3861 3552
f 3568 3564 3819
f 3950 3946 3943
f 3943 3948 3950
f 3948 3943 3566
f 3559 3936 3560
f 3560 3936 3939
f 3559 3558 3936
f 3936 3562 3941
f 3558 3562 3936
f 3941 3562 3563
f 3939 3941 3942
f 3566 3581 3948
f 3831 3947 3945
f 3829 3831 3945
f 3829 3945 3946
f 3573 3944 3945
f 3527 3573 3945
f 3947 3527 3945
f 3942 3943 3945
f 3945 3943 3946
f 3944 3942 3945
f 3573 3569 3944
f 3944 3569 3560
f 3560 3939 3944
f 3942 3941 3563
f 3943 3942 3563
f 3943 3563 3566
f 3936 3941 3939
f 3939 3942 3944
f 3948 3581 3583
f 3958 3630 3632
f 3958 3957 3628
f 3628 3630 3958
f 3629 3628 3957
f 3663 3662 3956
f 3635 3634 3959
f 3637 3636 3960
f 3636 3639 3961
f 3961 3960 3636
f 3961 3639 3629
f 3961 3629 3957
f 3966 3961 3957
f 3914 3912 3964
f 3964 3965 3914
f 3662 3665 3964
f 3956 3662 3964
f 3913 3956 3964
f 3912 3913 3964
f 3964 3635 3959
f 3965 3964 3959
f 3665 3664 3964
f 3963 3962 3960
f 3960 3961 3963
f 3962 3959 3634
f 3962 3634 3637
f 3962 3637 3960
f 3964 3664 3635
f 3957 3958 3966
f 2532 2233 2702
f 3223 2532 2702
f 3223 2702 3172
f 3030 3223 3172
f 3223 3221 2529
f 2529 2532 3223
f 3211 2529 3221
f 2527 2529 3211
f 2773 2774 3119
f 2764 2769 3105
f 3105 2769 3110
f 3113 3110 2769
f 2769 2771 3113
f 3105 3102 2763
f 2763 2764 3105
f 3094 3193 3095
f 3101 3095 3193
f 3101 2755 2760
f 2758 2753 3193
f 3092 2758 3193
f 3094 3092 3193
f 3193 2753 2755
f 3090 3191 3087
f 3101 3193 2755
f 3119 3117 2773
f 2778 2779 3124
f 3124 3120 2778
f 3119 2778 3120
f 3124 2779 2720
f 3124 2720 3182
f 3127 3124 3182
f 2760 2763 3101
f 3101 2763 3102
f 2771 2773 3113
f 3113 2773 3117
f 2774 2778 3119
f 3127 3182 3042
f 3037 3176 3036
f 3039 2713 3038
f 2714 2713 3039
f 3037 2715 3176
f 3037 2713 2715
f 2723 3180 3179
f 3179 2718 2723
f 3178 2717 3179
f 3179 2717 2718
f 3179 3180 3044
f 3044 3180 3047
f 3178 3179 3041
f 3041 3179 3044
f 3178 2716 2717
f 2716 3177 3176
f 3176 2715 2716
f 3177 3178 3040
f 3040 3178 3041
f 3040 3036 3176
f 3176 3177 3040
f 3037 3038 2713
f 3177 2716 3178
f 3071 3184 3070
f 3071 3051 3181
f 2745 2748 3184
f 3181 2745 3184
f 3071 3181 3184
f 3067 3070 3184
f 3184 2746 2742
f 3067 3184 2742
f 2748 2746 3184
f 2721 2745 3181
f 1913 2035 1575
f 1913 1575 2032
f 671 669 907
f 669 666 905
f 907 669 905
f 824 907 905
f 823 824 905
f 666 663 905
f 823 905 822
f 814 822 905
f 905 663 649
f 814 905 649
f 661 662 904
f 820 661 904
f 821 820 904
f 659 661 819
f 819 661 820
f 657 659 818
f 818 659 819
f 904 662 632
f 825 907 824
f 825 628 907
f 628 671 907
f 832 831 912
f 911 633 634
f 830 911 831
f 829 904 632
f 829 632 633
f 829 633 911
f 830 829 911
f 821 904 829
f 818 817 655
f 631 630 910
f 827 828 909
f 909 630 629
f 827 909 629
f 827 629 908
f 629 628 908
f 827 908 826
f 826 908 628
f 825 826 628
f 910 630 909
f 831 911 912
f 655 657 818
f 816 655 817
f 816 815 652
f 652 653 816
f 903 627 652
f 810 903 652
f 815 810 652
f 813 814 649
f 649 647 813
f 812 813 647
f 653 655 816
f 647 645 812
f 812 643 811
f 645 643 812
f 911 634 912
f 634 635 912
f 832 912 833
f 851 923 852
f 851 850 922
f 664 665 923
f 922 664 923
f 851 922 923
f 849 922 850
f 922 660 664
f 849 848 658
f 658 660 922
f 918 917 919
f 916 918 836
f 836 918 837
f 917 918 916
f 916 915 917
f 835 916 836
f 835 834 913
f 913 915 916
f 919 920 918
f 835 913 916
f 833 913 834
f 915 913 638
f 915 638 640
f 914 915 640
f 910 914 640
f 640 631 910
f 638 913 912
f 912 635 638
f 912 913 833
f 838 920 921
f 838 837 918
f 849 658 922
f 848 847 656
f 656 658 848
f 650 656 844
f 844 656 847
f 845 846 654
f 654 651 845
f 651 644 845
f 838 918 920
f 845 644 841
f 843 650 844
f 843 842 646
f 646 648 843
f 642 646 840
f 840 646 842
f 840 841 644
f 644 642 840
f 838 921 839
f 648 650 843
f 803 601 599
f 803 599 538
f 803 538 759
f 801 803 759
f 801 759 756
f 792 703 765
f 765 485 454
f 765 454 610
f 792 765 610
f 791 782 802
f 802 801 791
f 801 756 791
f 791 756 789
f 789 756 697
f 715 772 783
f 772 771 783
f 783 771 713
f 803 805 601
f 805 603 601
f 803 801 802
f 802 804 803
f 792 610 794
f 794 610 605
f 795 794 605
f 605 603 805
f 795 605 805
f 793 805 803
f 790 793 803
f 790 803 804
f 795 805 793
f 539 546 688
f 681 683 543
f 543 542 681
f 544 543 686
f 686 543 683
f 542 539 681
f 681 539 680
f 754 751 679
f 679 751 678
f 678 751 677
f 676 675 748
f 748 749 750
f 676 748 750
f 675 674 747
f 747 748 675
f 534 536 748
f 748 536 749
f 688 680 539
f 546 547 689
f 689 688 546
f 547 548 691
f 677 751 760
f 700 677 760
f 700 760 758
f 551 553 757
f 696 757 553
f 686 696 553
f 686 553 544
f 758 552 551
f 748 747 526
f 699 758 551
f 698 551 757
f 700 758 699
f 698 757 696
f 549 550 693
f 693 550 695
f 548 549 691
f 691 549 693
f 691 689 547
f 698 699 551
f 526 534 748
f 674 672 530
f 674 530 527
f 760 552 758
f 674 527 747
f 672 673 532
f 532 530 672
f 527 526 747
f 760 554 552
f 760 751 754
f 718 774 716
f 704 767 717
f 717 767 764
f 718 717 764
f 718 764 774
f 774 773 716
f 716 773 714
f 714 773 770
f 714 770 772
f 715 714 772
f 764 763 774
f 774 763 773
f 770 773 763
f 708 707 562
f 562 563 708
f 705 561 559
f 706 705 559
f 706 559 768
f 768 559 560
f 704 702 766
f 557 558 767
f 695 562 707
f 766 557 767
f 767 558 555
f 764 767 555
f 764 555 762
f 766 556 557
f 555 554 762
f 763 764 762
f 762 760 763
f 754 763 760
f 704 766 767
f 760 762 554
f 550 562 695
f 563 561 708
f 763 754 770
f 749 564 750
f 750 564 540
f 749 536 564
f 771 772 770
f 770 769 771
f 712 713 771
f 771 769 712
f 708 561 705
f 711 769 770
f 679 711 754
f 712 769 711
f 710 766 702
f 706 768 709
f 709 768 560
f 709 560 556
f 710 709 556
f 710 556 766
f 711 770 754
f 1575 1574 2032
f 1612 1599 1601
f 1605 1607 1597
f 1597 1596 1605
f 1474 1599 1605
f 1473 1474 1605
f 1473 1605 1596
f 1476 1477 1601
f 1601 1599 1476
f 1476 1599 1474
f 1470 1596 1597
f 1458 1470 1597
f 1458 1597 1593
f 1473 1596 1470
f 1455 1458 1593
f 1593 1592 1455
f 1605 1599 1612
f 1614 1605 1612
f 1607 1605 1614
f 1478 1601 1477
f 1486 1628 1483
f 1626 1623 1629
f 1629 1623 1628
f 1483 1628 1623
f 1482 1483 1623
f 1482 1623 1617
f 1482 1617 1480
f 1620 1618 1626
f 1626 1618 1623
f 1623 1616 1617
f 1614 1612 1620
f 1620 1612 1618
f 1612 1601 1618
f 1618 1601 1616
f 1617 1616 1480
f 1480 1616 1478
f 1616 1601 1478
f 1618 1616 1623
f 1486 1630 1628
f 1630 1629 1628
f 1486 1487 1630
f 1631 1592 1593
f 1207 1626 1629
f 1202 1620 1205
f 1205 1620 1626
f 1620 1202 1185
f 1185 1614 1620
f 1198 1647 1646
f 1198 1646 1197
f 1645 1196 1646
f 1646 1196 1197
f 1641 1189 1645
f 1205 1626 1207
f 1630 1207 1629
f 1630 1214 1207
f 1630 1636 1214
f 1645 1189 1196
f 1494 1644 1646
f 1634 1597 1642
f 1642 1597 1607
f 1640 1641 1639
f 1639 1637 1640
f 1637 1632 1640
f 1640 1632 1635
f 1469 1610 1637
f 1488 1469 1637
f 1642 1183 1634
f 1488 1637 1639
f 1610 1604 1632
f 1632 1631 1635
f 1635 1631 1634
f 1597 1634 1631
f 1631 1593 1597
f 1604 1602 1632
f 1632 1602 1631
f 1602 1592 1631
f 1632 1637 1610
f 1183 1635 1634
f 1614 1185 1607
f 1494 1646 1647
f 1492 1644 1494
f 1645 1646 1644
f 1644 1643 1645
f 1643 1639 1645
f 1645 1639 1641
f 1492 1490 1643
f 1183 1182 1635
f 1643 1644 1492
f 1639 1643 1490
f 1189 1641 1640
f 1640 1187 1189
f 1187 1640 1635
f 1635 1182 1187
f 1184 1183 1642
f 1184 1642 1607
f 1185 1184 1607
f 1490 1488 1639
f 1538 1678 1686
f 1800 1538 1686
f 1686 1690 1861
f 1800 1686 1861
f 1450 1793 1857
f 1857 1591 1450
f 1793 1788 1855
f 1855 1857 1793
f 1853 1855 1786
f 1786 1855 1788
f 1783 1853 1786
f 1900 1466 2030
f 1898 1885 2025
f 2025 2026 1898
f 2029 2028 1888
f 1888 2028 1886
f 1464 2027 2028
f 1465 1464 2028
f 2029 1465 2028
f 1886 2028 2024
f 1886 2024 2025
f 1885 1886 2025
f 2023 2024 2027
f 2027 2024 2028
f 1464 1463 2027
f 2027 1463 1452
f 1452 2023 2027
f 2026 1459 1462
f 1900 1462 1466
f 1900 2026 1462
f 1900 1898 2026
f 1900 2030 1902
f 1489 1491 1922
f 1922 1491 1927
f 1922 1921 1485
f 1485 1489 1922
f 1921 1920 2033
f 2033 1484 1485
f 1921 2033 1485
f 1919 2033 1920
f 2026 2025 1457
f 1913 2032 1910
f 1904 2032 1472
f 1472 1471 2031
f 1904 1472 2031
f 1471 1468 2031
f 1888 1904 2031
f 2031 2029 1888
f 2031 1468 1465
f 1465 2029 2031
f 1904 1910 2032
f 1457 1459 2026
f 1454 1457 2024
f 2024 1457 2025
f 1449 1454 2023
f 2023 1454 2024
f 1452 1449 2023
f 1702 1267 1274
f 1714 1702 1274
f 1248 1242 1699
f 1248 1699 1697
f 1253 1248 1697
f 1702 1261 1267
f 1740 1280 1281
f 1737 1280 1740
f 1524 1523 1740
f 1573 1572 1745
f 1573 1745 1755
f 1571 1781 1562
f 1778 1781 1569
f 1569 1781 1571
f 1562 1781 1780
f 1566 1562 1780
f 1566 1780 1782
f 1780 1743 1782
f 1782 1743 1745
f 1780 1781 1778
f 1778 1777 1780
f 1777 1733 1780
f 1780 1733 1743
f 1776 1774 1778
f 1778 1774 1777
f 1733 1777 1774
f 1572 1782 1745
f 1566 1782 1572
f 1573 1755 1515
f 1774 1729 1733
f 1775 1773 1776
f 1773 1695 1774
f 1764 1763 1765
f 1552 1551 1292
f 1292 1294 1552
f 1554 1552 1294
f 1294 1298 1554
f 1290 1292 1550
f 1550 1292 1551
f 1548 1549 1282
f 1282 1288 1548
f 1762 1763 1764
f 1303 1765 1301
f 1765 1763 1301
f 1763 1766 1301
f 1774 1695 1729
f 1771 1311 1312
f 1550 1559 1310
f 1310 1290 1550
f 1769 1308 1309
f 1558 1769 1309
f 1558 1309 1310
f 1559 1558 1310
f 1776 1773 1774
f 1308 1769 1767
f 1558 1557 1767
f 1767 1769 1558
f 1766 1293 1301
f 1305 1767 1765
f 1765 1303 1305
f 1556 1764 1765
f 1556 1765 1767
f 1557 1556 1767
f 1767 1305 1308
f 1536 1528 1702
f 1533 1742 1523
f 1524 1740 1527
f 1740 1281 1261
f 1740 1261 1702
f 1527 1740 1702
f 1528 1527 1702
f 1523 1742 1737
f 1523 1737 1740
f 1702 1714 1536
f 1281 1411 1261
f 1394 1411 1280
f 1280 1411 1281
f 1267 1412 1274
f 1253 1408 1248
f 1248 1410 1393
f 1242 1248 1393
f 1261 1411 1410
f 1267 1261 1410
f 1267 1410 1412
f 1409 1412 1410
f 1410 1408 1409
f 1394 1393 1411
f 1411 1393 1410
f 1248 1408 1410
f 1313 945 946
f 1318 942 940
f 940 1314 1318
f 939 1313 940
f 940 1313 1314
f 939 945 1313
f 6492 6483 6562
f 6494 6562 6564
f 6492 6562 6494
f 6576 6509 6510
f 6576 6510 6505
f 6505 6574 6576
f 6561 6556 6502
f 6502 6509 6576
f 6561 6502 6576
f 6560 6561 6576
f 6576 6574 6560
f 6575 6506 6508
f 6507 6572 6508
f 6508 6572 6575
f 6507 6504 6572
f 6506 6575 6573
f 6549 6570 6551
f 6569 6570 6536
f 6536 6570 6549
f 6496 6491 6543
f 6543 6491 6542
f 6545 6546 6498
f 6498 6497 6545
f 6543 6545 6497
f 6570 6493 6499
f 6497 6496 6543
f 6488 6493 6569
f 6538 6488 6569
f 6540 6542 6491
f 6491 6488 6540
f 6538 6569 6536
f 6566 6490 6495
f 6566 6495 6494
f 6494 6564 6566
f 6538 6540 6488
f 6569 6493 6570
f 6570 6499 6500
f 6506 6573 6574
f 6506 6574 6505
f 6575 6572 6571
f 6571 6573 6575
f 6559 6560 6574
f 6574 6573 6559
f 6573 6571 6559
f 6559 6571 6558
f 6552 6570 6500
f 6572 6504 6503
f 6571 6503 6498
f 6558 6571 6498
f 6546 6558 6498
f 6501 6502 6554
f 6554 6502 6556
f 6554 6552 6500
f 6500 6501 6554
f 6552 6551 6570
f 6503 6571 6572
f 6401 6402 6307
f 6401 6307 6455
f 6307 6305 6455
f 6397 6401 6455
f 6455 6453 6397
f 6455 6305 6298
f 6298 6453 6455
f 6396 6451 6399
f 6400 6398 6301
f 6301 6303 6400
f 6398 6399 6451
f 6398 6451 6297
f 6398 6297 6301
f 6397 6453 6449
f 6396 6397 6449
f 6396 6449 6451
f 6453 6298 6295
f 6402 6308 6307
f 6402 6459 6308
f 6403 6459 6402
f 6303 6311 6404
f 6403 6465 6459
f 6347 6308 6459
f 6412 6322 6286
f 6412 6286 6450
f 6414 6412 6450
f 6412 6411 6319
f 6319 6322 6412
f 6411 6409 6317
f 6295 6449 6453
f 6317 6319 6411
f 6460 6315 6317
f 6409 6460 6317
f 6405 6460 6407
f 6460 6313 6315
f 6311 6313 6460
f 6404 6311 6460
f 6405 6404 6460
f 6404 6400 6303
f 6409 6407 6460
f 6465 6348 6459
f 6449 6447 6289
f 6451 6289 6297
f 6295 6293 6444
f 6295 6444 6447
f 6449 6295 6447
f 6293 6285 6444
f 6447 6287 6289
f 6284 6287 6444
f 6444 6287 6447
f 6285 6284 6444
f 6451 6449 6289
f 6348 6347 6459
f 6403 6418 6465
f 6419 6465 6418
f 6328 6470 6331
f 6331 6470 6473
f 6429 6428 6452
f 6452 6448 6443
f 6429 6452 6443
f 6443 6442 6429
f 6429 6442 6426
f 6450 6452 6414
f 6445 6473 6442
f 6414 6452 6428
f 6442 6473 6424
f 6422 6424 6473
f 6473 6470 6422
f 6422 6470 6326
f 6422 6326 6349
f 6422 6349 6465
f 6419 6422 6465
f 6349 6348 6465
f 6424 6426 6442
f 6445 6333 6473
f 6334 6333 6445
f 6333 6331 6473
f 6468 6332 6346
f 6468 6346 6345
f 6345 6466 6468
f 6344 6463 6345
f 6345 6463 6466
f 6344 6327 6463
f 6583 6637 6700
f 6684 6583 6700
f 6668 6684 6700
f 6581 6649 6648
f 6582 6581 6648
f 6648 6646 6650
f 6582 6648 6650
f 6651 6582 6650
f 6682 6714 6683
f 6680 6632 6647
f 6681 6680 6647
f 6647 6649 6714
f 6681 6647 6714
f 6682 6681 6714
f 6680 6663 6632
f 6583 6582 6637
f 6582 6651 6637
f 6649 6581 6714
f 6708 6720 6719
f 6707 6708 6719
f 6719 6718 6707
f 6594 6592 6718
f 6718 6592 6583
f 6707 6718 6583
f 6684 6707 6583
f 6716 6586 6717
f 6708 6706 6720
f 6717 6586 6588
f 6706 6687 6716
f 6716 6717 6706
f 6685 6683 6714
f 6686 6685 6714
f 6686 6714 6584
f 6686 6584 6585
f 6686 6585 6716
f 6687 6686 6716
f 6716 6585 6586
f 6714 6581 6584
f 6706 6717 6720
f 6594 6718 6597
f 6597 6718 6719
f 6604 6715 6720
f 6720 6602 6604
f 6602 6720 6717
f 6717 6588 6602
f 6601 6598 6715
f 6598 6597 6719
f 6598 6719 6720
f 6715 6598 6720
f 6842 6709 6756
f 6842 6756 6837
f 6824 6842 6837
f 6809 6824 6837
f 6709 6694 6756
f 6826 6842 6825
f 6842 6824 6825
f 6826 6840 6842
f 6843 6712 6713
f 6713 6710 6843
f 6711 6841 6765
f 6711 6765 6695
f 6712 6843 6842
f 6842 6840 6711
f 6712 6842 6711
f 6843 6710 6709
f 6709 6842 6843
f 6826 6819 6840
f 6711 6840 6841
f 6541 6613 6553
f 6553 6613 6618
f 6620 6618 6615
f 6615 6616 6620
f 6604 6615 6618
f 6601 6604 6618
f 6601 6618 6613
f 6616 6548 6550
f 6615 6614 6547
f 6615 6547 6548
f 6616 6615 6548
f 6614 6615 6602
f 6602 6615 6604
f 6614 6544 6547
f 6588 6533 6544
f 6588 6544 6614
f 6602 6588 6614
f 6553 6618 6620
f 6620 6555 6553
f 6616 6550 6557
f 6557 6620 6616
f 6541 6539 6613
f 6620 6557 6555
f 6598 6601 6613
f 6598 6613 6537
f 6584 6610 6585
f 6584 6581 6607
f 6607 6609 6584
f 6582 6583 6608
f 6608 6607 6582
f 6582 6607 6581
f 6609 6610 6584
f 6608 6531 6607
f 6531 6530 6607
f 6530 6609 6607
f 6598 6537 6612
f 6537 6535 6612
f 6598 6612 6597
f 6597 6612 6535
f 6535 6534 6611
f 6597 6535 6611
f 6594 6597 6611
f 6531 6608 6534
f 6613 6539 6537
f 6534 6608 6611
f 6611 6608 6592
f 6592 6608 6583
f 6588 6586 6610
f 6588 6610 6532
f 6588 6532 6533
f 6585 6610 6586
f 6609 6530 6610
f 6610 6530 6532
f 6594 6611 6592
f 4622 4620 4749
f 4749 4750 4622
f 4748 4399 4402
f 4748 4402 4749
f 4621 4748 4749
f 4620 4621 4749
f 4749 4401 4383
f 4750 4749 4383
f 4750 4383 4738
f 4402 4401 4749
f 4400 4399 4748
f 4616 4745 4619
f 4618 4741 4615
f 4398 4392 4741
f 4745 4398 4741
f 4619 4745 4741
f 4618 4619 4741
f 4404 4403 4751
f 4623 4403 4748
f 4403 4400 4748
f 4623 4624 4403
f 4614 4740 4632
f 4631 4742 4633
f 4632 4740 4737
f 4631 4632 4737
f 4631 4737 4742
f 4622 4750 4629
f 4628 4746 4617
f 4746 4743 4745
f 4629 4750 4738
f 4628 4738 4746
f 4623 4748 4621
f 4625 4751 4624
f 4626 4747 4394
f 4625 4626 4394
f 4625 4394 4404
f 4625 4404 4751
f 4624 4751 4403
f 4628 4629 4738
f 4636 4406 4627
f 4617 4746 4745
f 4746 4738 4382
f 4746 4382 4397
f 4746 4397 4743
f 4745 4743 4395
f 4395 4398 4745
f 4397 4395 4743
f 4614 4615 4741
f 4741 4739 4740
f 4614 4741 4740
f 4616 4617 4745
f 4386 4739 4392
f 4740 4739 4385
f 4740 4385 4374
f 4740 4374 4737
f 4386 4385 4739
f 4383 4382 4738
f 4392 4739 4741
f 4405 4406 4636
f 4959 4955 4958
f 4956 4957 4775
f 4775 4957 4776
f 4775 4774 4955
f 4955 4956 4775
f 4956 4955 4959
f 4960 4956 4959
f 4957 4956 4960
f 4776 4961 4777
f 4779 4963 4780
f 4778 4961 4962
f 4779 4778 4962
f 4779 4962 4963
f 4960 4962 4961
f 4961 4957 4960
f 4777 4961 4778
f 4957 4961 4776
f 4459 4328 4218
f 4218 3982 4114
f 4459 4218 4114
f 4464 4467 4112
f 4112 4110 4464
f 4460 4464 4110
f 4110 4106 4460
f 4102 4104 4537
f 4106 3975 4211
f 4460 4106 4211
f 4319 4460 4211
f 4104 4100 4537
f 4537 4099 4102
f 4100 4099 4537
f 4323 4325 4709
f 4704 4323 4709
f 4568 4704 4709
f 4566 4564 4702
f 4702 4704 4566
f 4704 4322 4323
f 4704 4702 4318
f 4318 4322 4704
f 4562 4702 4564
f 4561 4424 4318
f 4562 4561 4318
f 4562 4318 4702
f 4561 4560 4423
f 4423 4424 4561
f 4422 4423 4559
f 4559 4423 4560
f 4358 4366 4698
f 4568 4566 4704
f 4568 4709 4570
f 4709 4325 4326
f 4572 4330 4711
f 4580 4714 4339
f 4580 4339 4340
f 4582 4580 4340
f 4578 4714 4580
f 4714 4338 4339
f 4575 4712 4336
f 4575 4336 4338
f 4578 4575 4338
f 4698 4366 4365
f 4578 4338 4714
f 4711 4712 4575
f 4572 4711 4574
f 4712 4333 4336
f 4712 4711 4330
f 4330 4333 4712
f 4570 4709 4326
f 4570 4326 4330
f 4572 4570 4330
f 4575 4574 4711
f 4557 4698 4365
f 4555 4557 4695
f 4365 4363 4695
f 4553 4555 4695
f 4695 4693 4553
f 4695 4363 4361
f 4361 4693 4695
f 4550 4553 4693
f 4693 4691 4550
f 4693 4361 4357
f 4557 4365 4695
f 4693 4357 4690
f 4357 4352 4690
f 4550 4691 4549
f 4549 4691 4690
f 4547 4549 4690
f 4547 4690 4689
f 4547 4689 4545
f 4693 4690 4691
f 5108 5105 4466
f 4466 4469 5108
f 4462 4466 5103
f 5103 4466 5105
f 5108 4471 5111
f 4469 4471 5108
f 4790 5111 4559
f 5111 4471 4559
f 4878 5046 5121
f 4471 4422 4559
f 4615 4614 5029
f 5040 4624 5038
f 5041 5040 5038
f 4626 4625 5040
f 4624 4623 5038
f 5037 5036 4620
f 4620 4622 5037
f 4621 4620 5036
f 5034 5031 5033
f 4863 5034 5033
f 5034 5030 4616
f 5034 4616 4619
f 5034 4619 5031
f 5033 5031 4618
f 5033 4618 4615
f 5033 4615 5029
f 4619 4618 5031
f 4617 4616 5030
f 4862 4863 5033
f 5040 4625 4624
f 5042 4621 5036
f 5042 4623 4621
f 5042 5038 4623
f 4877 5058 4636
f 4877 4636 4627
f 4889 5058 4892
f 4888 5041 4867
f 4888 4886 5040
f 5040 5041 4888
f 5048 4626 5040
f 4887 5048 5040
f 4886 4887 5040
f 4883 5054 4882
f 4885 5056 4884
f 4885 4862 5033
f 5033 5056 4885
f 4884 5056 5052
f 4883 4884 5052
f 4877 4892 5058
f 4883 5052 5054
f 5056 5033 5029
f 5029 5052 5056
f 4881 5055 4879
f 4872 4875 5034
f 4870 4868 5043
f 5043 5045 4870
f 5037 4622 4629
f 5037 4629 5043
f 4869 5037 5043
f 4868 4869 5043
f 5043 4628 4617
f 4875 5030 5034
f 5045 5043 4617
f 4629 4628 5043
f 4866 5042 4865
f 4867 5041 5038
f 4866 4867 5038
f 4866 5038 5042
f 4865 5042 5036
f 4865 5036 5037
f 4864 4865 5037
f 5045 4617 5030
f 4875 5045 5030
f 4870 5045 4875
f 4882 5054 5049
f 4881 4882 5049
f 4881 5049 5055
f 4879 5055 5044
f 4879 5044 5046
f 4878 4879 5046
f 5039 5044 5049
f 5049 5044 5055
f 4872 5034 4863
f 5047 5049 5052
f 5052 5029 4614
f 5052 4614 4632
f 5052 4632 5047
f 5049 5047 4631
f 5049 4631 4633
f 5049 4633 5039
f 4632 4631 5047
f 4864 5037 4869
f 5052 5049 5054
f 4028 4032 4276
f 4276 4032 4278
f 3908 3909 4053
f 4053 3909 4054
f 4040 4054 3909
f 3909 3910 4040
f 4053 4052 3907
f 3907 3908 4053
f 4052 4051 3906
f 3906 3907 4052
f 3889 3903 4043
f 4043 3903 4050
f 3897 3883 4047
f 4047 3883 4031
f 3900 3899 4049
f 4049 3899 4048
f 4049 4050 3903
f 3881 3880 4027
f 3903 3900 4049
f 4047 4048 3899
f 3899 3897 4047
f 3880 3894 4027
f 4027 3894 4042
f 3885 3886 4036
f 4036 3886 4046
f 3888 3887 4041
f 4041 3887 4038
f 3894 3888 4041
f 4036 4038 3887
f 3887 3885 4036
f 3882 3881 4030
f 4030 3881 4029
f 4030 4031 3883
f 3883 3882 4030
f 4027 4029 3881
f 4041 4042 3894
f 4124 3730 4122
f 3732 3730 4124
f 4128 3653 4127
f 3749 3748 4131
f 4199 3795 3798
f 4199 3798 3784
f 3784 4197 4199
f 4192 3650 3791
f 3795 4199 4098
f 4098 3793 3795
f 4197 4094 4097
f 4199 4197 4097
f 4199 4097 4098
f 3793 4098 4096
f 4096 4091 4192
f 4096 4192 3791
f 3793 4096 3791
f 3789 4196 4198
f 4198 3785 3789
f 4195 4194 3971
f 3783 3668 3971
f 3656 3779 4194
f 3969 3643 3645
f 3968 3969 3645
f 3968 3645 3647
f 3963 3968 3647
f 4192 3963 3647
f 4194 3783 3971
f 4192 3647 3649
f 4192 4091 3914
f 3965 3959 3962
f 3914 3965 3962
f 4192 3914 3962
f 4192 3962 3963
f 4128 4131 3748
f 3748 3746 4128
f 4131 4133 3749
f 3650 4192 3649
f 3746 3653 4128
f 4194 3779 3783
f 4197 4195 4093
f 4164 4161 4198
f 4198 4196 4164
f 4198 4195 4197
f 3785 4198 4197
f 3785 4197 3784
f 4151 4194 4195
f 4161 4151 4195
f 4161 4195 4198
f 4197 4093 4094
f 4138 3651 3655
f 4138 3655 4194
f 4151 4138 4194
f 4127 3653 3654
f 4138 4127 3654
f 4138 3654 3652
f 4138 3652 3651
f 4195 3971 3918
f 4195 3918 4093
f 3655 3656 4194
f 4032 4033 4279
f 4279 4278 4032
f 4034 4035 4285
f 4257 4256 4441
f 4373 4441 4258
f 4441 4256 4258
f 4286 4277 4453
f 4288 4286 4453
f 4442 4288 4453
f 4381 4442 4453
f 4394 4381 4453
f 4379 4445 4378
f 4379 4376 4444
f 4444 4445 4379
f 4378 4445 4262
f 4378 4262 4263
f 4377 4378 4263
f 4445 4444 4261
f 4261 4262 4445
f 4375 4444 4376
f 4373 4258 4260
f 4373 4260 4443
f 4375 4373 4443
f 4259 4261 4443
f 4443 4261 4444
f 4260 4259 4443
f 4373 4374 4441
f 4443 4444 4375
f 4276 4289 4039
f 4039 4028 4276
f 4040 4034 4283
f 4283 4034 4284
f 4035 4037 4285
f 4285 4037 4287
f 4289 4287 4037
f 4037 4039 4289
f 4285 4284 4034
f 5927 6200 6202
f 5917 5927 6202
f 6173 5917 6202
f 5927 5926 6200
f 6197 6198 6200
f 6200 6198 6202
f 6200 5926 5922
f 5922 6197 6200
f 6195 5921 5924
f 6197 6195 5924
f 6198 6197 5924
f 5918 6191 6195
f 5922 5918 6195
f 6197 5922 6195
f 6195 5920 5921
f 6191 6172 5915
f 6191 5915 5920
f 6198 5924 5928
f 6204 6202 5929
f 6202 5928 5929
f 6202 6198 5928
f 6180 6176 5932
f 5932 5934 6180
f 6174 6204 5931
f 6176 6174 5931
f 6176 5931 5932
f 6202 6204 6173
f 6173 6204 6174
f 6204 5929 5931
f 6180 5934 5930
f 6195 6191 5920
f 5918 5916 6191
f 5916 6172 6191
f 5914 6172 5916
f 6210 6233 6212
f 6212 6233 6235
f 6234 6233 5957
f 5957 5958 6234
f 6233 6210 5954
f 5954 5957 6233
f 6230 6231 6232
f 6232 6231 6214
f 6232 6229 6228
f 6228 6230 6232
f 6231 6230 6225
f 6225 6226 6231
f 6221 6225 6228
f 6228 6225 6230
f 6227 6228 6224
f 6224 6228 6229
f 6235 6234 6236
f 6233 6234 6235
f 6234 5958 5959
f 6237 6236 5960
f 5968 6243 6239
f 6239 6244 5963
f 5968 6239 5963
f 5962 6244 6237
f 6237 5961 5962
f 6244 6239 6236
f 6236 6237 6244
f 6238 6239 6240
f 6240 6239 6243
f 6226 6238 6240
f 6235 6236 6238
f 6238 6236 6239
f 6212 6235 6223
f 6223 6235 6238
f 6237 5960 5961
f 6236 6234 5959
f 6236 5959 5960
f 6223 6238 6226
f 6244 5962 5963
f 6228 6227 6220
f 6226 6225 6222
f 6222 6223 6226
f 6219 6222 6221
f 6221 6222 6225
f 6211 6212 6222
f 6222 6212 6223
f 6222 6219 6208
f 6220 6221 6228
f 6208 6211 6222
f 6218 6219 6221
f 6213 6218 6220
f 6219 6218 6207
f 6207 6208 6219
f 6218 6213 5955
f 6218 5955 5950
f 6218 5950 6207
f 6221 6220 6218
f 6231 6240 6245
f 6226 6240 6231
f 6245 6243 6246
f 5970 6246 6243
f 6243 5968 5970
f 5966 6215 6245
f 6245 6246 5969
f 5966 6245 5969
f 6231 6245 6214
f 6214 6245 6215
f 6240 6243 6245
f 6246 5970 5969
f 6212 6211 6209
f 6209 6210 6212
f 6211 6208 5951
f 6211 5951 5953
f 6211 5953 6209
f 6210 6209 5952
f 5952 5954 6210
f 5953 5952 6209
f 6208 6207 5949
f 5949 5951 6208
f 5950 5949 6207
f 6003 6004 5617
f 6003 5617 5616
f 6003 5616 6136
f 5618 5617 6137
f 5616 5615 6136
f 6100 6133 6135
f 6100 6135 5613
f 5614 6100 5613
f 5977 6002 6133
f 6133 6100 5977
f 6127 6128 6133
f 6133 6128 6135
f 5999 6123 6127
f 6002 5999 6127
f 6002 6127 6133
f 6001 6132 6000
f 6001 5997 6110
f 6004 6137 5617
f 6005 6006 6113
f 6006 5606 6113
f 6006 5615 5606
f 6110 6132 6001
f 6007 6137 6004
f 6008 6104 5619
f 6007 6008 5619
f 6007 5619 5618
f 6007 5618 6137
f 6003 6136 6006
f 6005 6113 5998
f 6006 6136 5615
f 5996 6104 6008
f 6000 6132 6121
f 5999 6121 6123
f 5996 5626 5624
f 5996 5624 6104
f 5627 5626 6108
f 5624 5619 6104
f 5996 5983 5626
f 5983 6108 5626
f 5604 5603 6110
f 5606 5605 6113
f 6110 5603 5608
f 6110 5608 6121
f 6132 6110 6121
f 6125 6126 6127
f 6127 6126 6128
f 6123 5609 5611
f 6127 6123 5611
f 6127 5611 6125
f 5999 6000 6121
f 5610 5612 6125
f 5611 5610 6125
f 6123 6121 5607
f 5607 5609 6123
f 5608 5607 6121
f 5997 5998 6113
f 5605 5604 6110
f 6113 5605 6110
f 5997 6113 6110
f 6125 5612 6126
f 5590 6120 5591
f 5969 5970 6120
f 6120 6071 6063
f 5969 6120 6063
f 6116 6118 6120
f 6120 6118 6124
f 5970 5968 6116
f 6116 6120 5970
f 5969 6063 5966
f 5963 5962 6114
f 5963 6114 6118
f 5963 6118 6116
f 5963 6116 5968
f 5962 5961 6085
f 6085 6114 5962
f 6102 5586 5583
f 6097 5580 5585
f 6120 6124 5591
f 5590 6071 6120
f 6114 6109 6130
f 6085 6109 6114
f 5586 6102 6091
f 5599 6124 6118
f 6118 5597 5599
f 6130 5595 5596
f 6118 6114 6130
f 6118 6130 5596
f 5597 6118 5596
f 5595 6130 6109
f 6109 5584 5595
f 6124 5599 5591
f 6091 6097 5585
f 6099 6102 5583
f 6087 6088 6089
f 6087 6080 6079
f 6079 6086 6087
f 5960 6083 6084
f 5961 5960 6084
f 5961 6084 6085
f 5959 6083 5960
f 6084 6083 6081
f 6081 6082 6084
f 5958 6076 6081
f 5959 5958 6081
f 5959 6081 6083
f 6075 6076 5957
f 5957 6076 5958
f 5957 5954 6060
f 6060 6075 5957
f 6078 6080 6081
f 6086 6088 6087
f 6082 6087 6090
f 6080 6087 6082
f 6090 6089 6091
f 6109 6099 5583
f 5584 6109 5583
f 6084 6099 6085
f 6085 6099 6109
f 6102 6099 6090
f 6090 6091 6102
f 6082 6090 6084
f 6084 6090 6099
f 5586 6091 5585
f 5580 6097 6093
f 6089 6093 6091
f 6091 6093 6097
f 5578 6093 6092
f 6092 6094 5577
f 5578 6092 5577
f 6088 6092 6089
f 6089 6092 6093
f 6087 6089 6090
f 6093 5578 5580
f 6081 6080 6082
f 6357 6355 6351
f 6351 6356 6357
f 6356 5816 5825
f 6356 6351 5814
f 5814 5816 6356
f 6206 6351 6353
f 6353 6351 6355
f 5812 6036 5948
f 5812 5948 6205
f 5815 5812 6205
f 6353 5815 6205
f 6353 6205 6206
f 6351 6206 6203
f 6203 6196 5944
f 6203 5944 6031
f 6351 6203 6031
f 6031 5557 5814
f 6358 6357 5828
f 6357 5825 5828
f 6357 6356 5825
f 5830 5815 6353
f 6361 6358 5842
f 6361 5842 5846
f 6364 6361 5846
f 6358 5828 5842
f 6284 6285 6362
f 6284 6362 6360
f 6284 6360 6361
f 6362 5838 5836
f 6351 6031 5814
f 6362 5836 6359
f 6361 6360 6357
f 6357 6358 6361
f 6355 6357 6359
f 6359 6357 6360
f 5836 5833 6359
f 6359 5833 5830
f 5830 6353 6355
f 6359 5830 6355
f 6362 6359 6360
f 6364 5846 5850
f 5651 6034 5812
f 5649 5549 6025
f 5812 6034 6036
f 6361 6364 6287
f 6287 6284 6361
f 6289 5852 6365
f 6333 6350 6389
f 5893 6385 6389
f 5810 5893 6389
f 6350 5810 6389
f 6333 6389 6331
f 6328 6331 6389
f 6389 6385 6328
f 5893 5892 6385
f 6328 6385 5892
f 6328 5892 5891
f 6328 5891 6383
f 6326 6328 6383
f 5891 5890 6383
f 5889 5817 6322
f 6322 5817 6286
f 6378 5888 5889
f 6319 6378 5889
f 6333 6352 6350
f 6333 6334 6352
f 6300 6044 6336
f 6338 6352 6334
f 6375 6368 5831
f 5831 5829 6367
f 6375 5831 6367
f 6302 6363 5819
f 6299 6302 5819
f 6299 5819 5826
f 5826 5824 6299
f 6299 5824 6296
f 6322 6319 5889
f 6294 6296 5824
f 6292 6294 5822
f 5822 5820 6292
f 6336 6044 6046
f 6046 5528 5558
f 6046 5558 6354
f 6336 6046 6354
f 6338 6336 6354
f 6354 6352 6338
f 5824 5822 6294
f 6378 5887 5888
f 6317 6378 6319
f 6317 6315 5886
f 6289 6365 6297
f 6295 6371 6293
f 5874 5871 6372
f 6372 5871 5869
f 6372 5869 6369
f 6372 6369 6371
f 5869 5867 6369
f 6285 6293 6371
f 6372 6371 6295
f 6371 6369 6362
f 6369 5867 5838
f 5838 6362 6369
f 6366 5853 5863
f 6366 6365 5852
f 5852 5853 6366
f 6364 5850 5852
f 6287 6364 5852
f 6289 6287 5852
f 6285 6371 6362
f 6295 6298 6372
f 6301 6297 6365
f 5886 5887 6378
f 6317 5886 6378
f 6315 6313 5885
f 5885 5886 6315
f 5884 5885 6311
f 6311 5885 6313
f 6311 6303 5877
f 5877 5884 6311
f 6365 6366 6301
f 6308 6374 6307
f 6307 6374 5878
f 6305 6307 5878
f 6305 5878 5874
f 6305 5874 6372
f 6298 6305 6372
f 6303 6301 6366
f 6366 5863 5877
f 6303 6366 5877
f 6374 5880 5878
f 6367 6370 6376
f 6264 6247 5996
f 6264 5996 6008
f 6264 6008 6263
f 6252 6263 6007
f 6252 6007 6004
f 6252 6004 6249
f 6008 6007 6263
f 6256 6250 6257
f 6257 6259 6256
f 6250 6249 6003
f 6250 6003 6006
f 6250 6006 6257
f 6259 6257 6005
f 6259 6005 5998
f 6259 5998 6248
f 6006 6005 6257
f 6004 6003 6249
f 6263 6252 6260
f 6260 6264 6263
f 5977 6254 6251
f 6251 6002 5977
f 6254 6253 6001
f 6001 6000 6251
f 6254 6001 6251
f 6253 6248 5997
f 5997 6001 6253
f 6000 5999 6251
f 5998 5997 6248
f 5983 5996 6247
f 6251 5999 6002
f 6376 6375 6367
f 6368 6375 6309
f 6309 6306 6368
f 5883 6151 5882
f 6332 6386 5879
f 6332 5879 5881
f 6332 5881 6395
f 6346 6332 6395
f 6345 6346 6395
f 6395 6283 6345
f 6345 6283 6282
f 6344 6345 6282
f 6344 6282 6281
f 6344 6281 6280
f 6327 6344 6280
f 6327 6280 5991
f 5991 6119 6363
f 6327 5991 6363
f 6382 5876 5841
f 5876 6382 6379
f 6151 5995 5882
f 5995 6395 5882
f 5995 6283 6395
f 5883 6154 6151
f 6379 5875 5876
f 6386 5864 5879
f 6154 5883 5641
f 6162 5644 5645
f 6395 5881 5882
f 6394 5870 5873
f 6316 6343 6394
f 6316 6394 5873
f 6388 5844 5848
f 6388 5848 5851
f 6337 6388 5851
f 6339 6337 5851
f 6382 5841 5844
f 6321 6382 5844
f 6335 6321 5844
f 6335 5844 6388
f 6340 5859 6341
f 6335 6388 6337
f 6327 6363 6302
f 5820 5835 6292
f 6292 5835 6324
f 6321 6318 6379
f 6379 6382 6321
f 6316 6379 6318
f 6375 6376 6309
f 6309 6376 6312
f 6330 6386 6332
f 5855 5859 6340
f 5861 5864 6386
f 5873 5875 6379
f 6316 5873 6379
f 6392 5872 5868
f 5872 6392 6384
f 6384 5849 5872
f 5870 6394 6390
f 6390 6392 5868
f 5870 6390 5868
f 6330 5861 6386
f 6312 6376 6390
f 6343 6312 6394
f 6381 6384 6390
f 6390 6384 6392
f 6370 6381 6376
f 6376 6381 6390
f 6342 6341 5859
f 5859 5861 6342
f 6330 6342 5861
f 6312 6390 6394
f 6073 6078 6076
f 6080 6078 6077
f 5528 5659 5558
f 5284 5286 5556
f 5556 5286 5557
f 5556 5555 5282
f 5282 5284 5556
f 5281 5282 5554
f 5554 5282 5555
f 5554 5553 5279
f 5279 5281 5554
f 5276 5279 5552
f 5552 5279 5553
f 5552 5551 5275
f 5275 5276 5552
f 5272 5275 5550
f 5550 5275 5551
f 5550 5542 5248
f 5248 5272 5550
f 5559 5672 5560
f 5559 5289 5672
f 5559 5230 5289
f 5559 5659 5230
f 5677 5299 5296
f 5295 5675 5296
f 5296 5675 5677
f 5672 5289 5293
f 5560 5672 5293
f 5560 5293 5292
f 5561 5560 5292
f 5559 5558 5659
f 5271 5267 5549
f 5549 5267 5548
f 5267 5265 5547
f 5532 5530 5229
f 5229 5233 5532
f 5217 5229 5513
f 5513 5229 5530
f 5228 5227 5529
f 5529 5227 5527
f 5525 5527 5227
f 5227 5223 5525
f 5223 5221 5525
f 5525 5221 5521
f 5221 5220 5521
f 5521 5220 5519
f 5517 5519 5220
f 5220 5219 5517
f 5219 5218 5517
f 5517 5218 5516
f 5532 5236 5535
f 5233 5236 5532
f 5236 5240 5539
f 5539 5535 5236
f 5265 5264 5658
f 5547 5265 5658
f 5546 5547 5658
f 5546 5658 5545
f 5264 5262 5658
f 5544 5545 5658
f 5658 5262 5252
f 5544 5658 5252
f 5252 5250 5544
f 5529 5543 5250
f 5250 5228 5529
f 5247 5248 5541
f 5541 5248 5542
f 5541 5540 5245
f 5245 5247 5541
f 5240 5245 5539
f 5539 5245 5540
f 5544 5250 5543
f 5547 5548 5267
f 5435 5433 5244
f 5435 5426 5418
f 5418 5433 5435
f 5433 5430 5244
f 5244 5430 5243
f 5411 5430 5418
f 5418 5430 5433
f 5408 5418 5423
f 5423 5418 5426
f 5423 4839 4835
f 4835 5408 5423
f 5407 5411 5408
f 5408 5411 5418
f 4788 5406 5407
f 4835 4788 5407
f 5408 4835 5407
f 5244 5246 5435
f 4841 4839 5423
f 5437 4842 5426
f 4842 4841 5426
f 5253 5451 5450
f 5251 5253 5450
f 5251 5450 5447
f 5450 4849 4847
f 4847 5439 5447
f 5450 4847 5447
f 4847 4845 5439
f 5249 5251 5447
f 5238 5234 5403
f 5447 5441 5249
f 5439 5441 5447
f 5246 5249 5441
f 5441 5435 5246
f 5426 5435 5437
f 5437 5435 5441
f 5439 4845 4842
f 4842 5437 5439
f 4841 5423 5426
f 5437 5441 5439
f 4849 5450 5456
f 5403 4821 4828
f 5238 5403 5404
f 5232 5403 5234
f 5403 4818 4821
f 5232 5231 5399
f 5399 4815 4818
f 5399 4818 5403
f 5232 5399 5403
f 5403 4828 5404
f 5456 4850 4849
f 5456 5451 5459
f 5450 5451 5456
f 5256 5258 5419
f 5419 5460 5256
f 5460 5459 5256
f 5256 5459 5255
f 5459 5451 5254
f 5254 5451 5253
f 5419 4832 4853
f 4853 5460 5419
f 5460 4853 4852
f 4852 5456 5459
f 5460 4852 5459
f 4852 4850 5456
f 5254 5255 5459
f 5527 5525 6035
f 6035 5525 5521
f 5521 6026 6035
f 5921 6032 5924
f 5922 6026 5918
f 5920 6014 6015
f 5921 5920 6015
f 5921 6015 6032
f 5915 6014 5920
f 5918 6026 5521
f 5918 5521 5519
f 5918 5519 6024
f 5916 5918 6024
f 5519 5517 6024
f 5914 5916 6024
f 6024 6013 5914
f 5516 6010 6013
f 6035 6026 5922
f 5922 5926 6035
f 5926 5927 6035
f 5927 6016 6035
f 5929 6040 6041
f 5931 5929 6041
f 5931 6041 6042
f 5928 6040 5929
f 6041 5535 5539
f 6041 6040 6038
f 6041 6038 5532
f 6041 5532 5535
f 5517 5516 6013
f 5924 6032 6038
f 5928 6038 6040
f 6038 5530 5532
f 6038 6032 6015
f 6038 6015 5513
f 6038 5513 5530
f 5917 6016 5927
f 5529 5527 6035
f 6016 5529 6035
f 5928 5924 6038
f 6024 5517 6013
f 5516 5507 6010
f 5931 6042 5932
f 6043 5539 5540
f 6043 6041 5539
f 6043 6042 6041
f 5955 6061 6058
f 5951 6057 5953
f 5954 5952 6059
f 6059 6060 5954
f 6057 6056 6059
f 6077 6079 6080
f 6072 6077 6073
f 6073 6077 6078
f 6076 6075 6070
f 6070 6073 6076
f 6075 6060 6068
f 6068 6070 6075
f 6073 6070 6066
f 5953 6057 6059
f 6066 6072 6073
f 6065 6066 6070
f 5955 6058 5950
f 6070 6068 6065
f 5952 5953 6059
f 5951 5949 6055
f 6055 6057 5951
f 5950 6058 6054
f 5950 6054 6055
f 5949 5950 6055
f 6057 6055 6053
f 6053 6056 6057
f 6054 5568 5574
f 6055 6054 5574
f 6055 5574 6053
f 5930 5934 6043
f 5541 5542 6021
f 6043 5541 6021
f 5930 6043 6021
f 5934 5932 6042
f 6042 6043 5934
f 6043 5540 5541
f 6076 6078 6081
f 6015 5512 5513
f 6015 6014 5511
f 5511 5512 6015
f 5915 5913 6012
f 6012 5510 5511
f 6012 5511 6014
f 5915 6012 6014
f 6012 5509 5510
f 5914 6013 6011
f 5914 6011 6012
f 5913 5914 6012
f 6009 6011 6010
f 6010 6011 6013
f 6012 6011 5508
f 5508 5509 6012
f 6009 5508 6011
f 6010 5507 5506
f 5506 6009 6010
f 5506 5505 6009
f 5505 5508 6009
f 5789 5347 5308
f 6029 5553 5554
f 5941 5940 6028
f 6028 5552 5553
f 6028 5553 6029
f 5941 6028 6029
f 5939 6028 5940
f 6028 5551 5552
f 5939 5933 6021
f 5550 5551 6028
f 6021 5550 6028
f 5939 6021 6028
f 6021 5542 5550
f 5938 6025 5937
f 5937 6025 5549
f 5937 5549 5548
f 5937 5548 6023
f 5936 5937 6023
f 5941 6029 5942
f 5943 6029 6030
f 6029 5554 6030
f 5554 5555 6030
f 5515 6045 5514
f 5948 6036 5947
f 5947 6036 6034
f 5946 5947 6034
f 5946 6034 6033
f 6034 5651 5650
f 5650 6033 6034
f 5946 6033 5945
f 5548 5547 6023
f 5945 6033 5650
f 5938 5945 5649
f 5938 5649 6025
f 6030 5556 6031
f 6031 5556 5557
f 5944 5943 6030
f 6030 6031 5944
f 6030 5555 5556
f 5943 5942 6029
f 5945 5650 5649
f 5515 6046 6045
f 5936 6023 5935
f 5935 5547 5546
f 5925 5935 5546
f 5930 6021 5933
f 5925 5546 5545
f 5923 5925 5545
f 5923 5545 6017
f 5923 6017 5919
f 5545 5544 6017
f 5919 6017 5544
f 5935 6023 5547
f 5919 5544 5543
f 5917 5919 6016
f 5543 5529 6016
f 5919 5543 6016
f 6046 6044 6045
f 6045 5518 5514
f 6046 5515 5528
f 5490 4878 5121
f 5778 5490 5121
f 5778 5121 5901
f 5780 5778 5901
f 5778 5332 5490
f 5332 5492 5490
f 5819 5579 5780
f 5780 5901 5819
f 5755 5305 5306
f 6308 6347 6374
f 6347 5179 6374
f 5179 5174 6374
f 5174 5880 6374
f 6349 6326 6383
f 5184 5181 6347
f 5890 5184 6347
f 5890 6347 6348
f 6383 5890 6348
f 6349 6383 6348
f 6347 5181 5179
f 5174 5150 5880
f 6062 6064 6067
f 6067 6064 6069
f 6062 6067 5965
f 5965 6067 5967
f 5966 6063 6064
f 5964 5966 6064
f 5964 6064 6062
f 5964 6062 5965
f 5587 6064 5582
f 6064 6071 5582
f 6064 6063 6071
f 6071 5590 5582
f 6069 5598 5600
f 5601 6074 6067
f 6067 6069 5600
f 5601 6067 5600
f 5967 6067 6074
f 5956 5967 6074
f 5598 6069 6064
f 6064 5587 5598
f 4782 4955 4781
f 4781 4955 4774
f 4958 4955 4782
f 4845 5021 4842
f 4981 5021 4983
f 4983 5021 5022
f 4842 5021 4841
f 4841 5021 4981
f 4841 4981 4980
f 4839 4841 4980
f 4835 4839 4980
f 4980 4978 4835
f 4835 4978 4788
f 5019 4599 4600
f 5022 5021 4845
f 5024 4603 5022
f 4603 4557 5022
f 4557 4983 5022
f 5010 4602 4608
f 4608 5028 5010
f 4853 5028 4852
f 4852 5028 4608
f 4852 4608 4607
f 4852 4607 5027
f 4850 4852 5027
f 4607 4605 5027
f 4821 4818 5015
f 4849 4850 5027
f 4849 5026 4847
f 5027 4605 4604
f 5027 4604 5024
f 5027 5024 5026
f 4604 4603 5024
f 4847 5026 5024
f 4847 5024 5022
f 4845 4847 5022
f 5027 5026 4849
f 5010 5028 4853
f 4821 5015 4598
f 4821 4599 5019
f 4794 4997 5001
f 4797 4794 5001
f 4792 4997 4794
f 4992 4582 4587
f 4997 4992 5001
f 4797 5001 4798
f 5001 4587 4588
f 4992 4587 5001
f 4815 5015 4818
f 5015 4597 4598
f 5007 4595 4597
f 4811 5007 4597
f 4811 4597 5015
f 4815 4811 5015
f 5007 4594 4595
f 4807 5007 4811
f 4821 4598 4599
f 5004 4593 4594
f 4804 5004 5007
f 4807 4804 5007
f 4799 5004 4804
f 5004 4591 4593
f 4799 4798 5001
f 5001 4588 4591
f 5001 4591 5004
f 4799 5001 5004
f 5004 4594 5007
f 4853 4832 5010
f 4360 4359 4716
f 4605 4716 4604
f 4604 4716 4359
f 4604 4359 4358
f 4603 4604 4358
f 4603 4358 4698
f 4603 4698 4557
f 4600 4599 4708
f 4600 4708 4354
f 4354 4355 4710
f 4600 4354 4710
f 4605 4360 4716
f 4605 4607 4360
f 4607 4362 4360
f 4607 4720 4362
f 4598 4708 4599
f 4608 4602 4719
f 4719 4720 4608
f 4608 4720 4607
f 4719 4364 4362
f 4362 4720 4719
f 4708 4353 4354
f 4598 4597 4351
f 4587 4582 4340
f 4340 4342 4694
f 4587 4340 4694
f 4694 4342 4343
f 4694 4697 4588
f 4588 4587 4694
f 4701 4697 4344
f 4598 4351 4353
f 4598 4353 4708
f 4595 4707 4597
f 4707 4348 4351
f 4703 4346 4348
f 4703 4348 4707
f 4594 4703 4707
f 4595 4594 4707
f 4597 4707 4351
f 4593 4703 4594
f 4703 4345 4346
f 4701 4344 4345
f 4591 4697 4701
f 4593 4591 4701
f 4593 4701 4703
f 4588 4697 4591
f 4697 4694 4343
f 4697 4343 4344
f 4701 4345 4703
f 4880 4887 5470
f 5469 4880 5470
f 5472 5469 5470
f 5471 5470 4886
f 4886 4888 5471
f 4887 4886 5470
f 5300 5301 5471
f 5301 5470 5471
f 5301 5472 5470
f 5302 5303 5473
f 5337 5339 5497
f 5338 5336 5497
f 4903 4902 5499
f 5497 4903 5499
f 5338 5497 5499
f 5337 5497 5336
f 5313 4877 5474
f 5313 5474 5305
f 5312 5311 5478
f 5312 5478 4889
f 5312 4889 4892
f 5311 5309 5477
f 5477 5478 5311
f 5308 5477 5309
f 5313 5312 4877
f 5304 5476 5307
f 5300 5471 5303
f 5304 5302 5473
f 5473 5476 5304
f 5471 4888 4867
f 5471 4867 5473
f 5303 5471 5473
f 5312 4892 4877
f 5316 5479 5317
f 5306 5475 5314
f 5475 4871 4873
f 5314 5475 4873
f 5316 5314 4873
f 5316 4873 5479
f 5339 4905 5497
f 5420 4855 5400
f 5414 4854 4846
f 4846 5412 5414
f 5427 4848 4851
f 4844 5416 4851
f 4851 5416 5427
f 5412 4846 4848
f 5299 5412 4848
f 5296 5299 4848
f 5296 4848 5427
f 5427 5416 5296
f 5296 5416 5295
f 5289 5395 5400
f 5289 5400 5414
f 5293 5289 5414
f 5414 5412 5293
f 5293 5412 5292
f 4855 4854 5400
f 4854 5414 5400
f 4856 5420 5428
f 4855 5420 4856
f 4788 4785 5406
f 4861 5446 5448
f 4785 4861 5448
f 5406 4785 5448
f 4861 4860 5446
f 5448 5446 5442
f 5442 5444 5448
f 5446 4860 4859
f 5432 5438 5442
f 5442 5438 5444
f 4858 5432 4859
f 4859 5432 5442
f 5438 5432 4857
f 4857 4856 5428
f 5438 4857 5428
f 4858 4857 5432
f 4859 5442 5446
f 5230 5395 5289
f 4905 4904 5497
f 5341 4906 5340
f 4904 4903 5497
f 4929 4930 5369
f 5369 4930 5370
f 5371 5370 4930
f 4930 4931 5371
f 5501 4921 4929
f 5368 5501 4929
f 5369 5368 4929
f 5367 5362 4928
f 4928 4901 5367
f 5364 5365 4953
f 4953 4952 5364
f 4954 4953 5366
f 5366 4953 5365
f 4952 4928 5364
f 5364 4928 5362
f 5356 5502 5357
f 5358 5503 5359
f 5360 5501 5368
f 5345 4934 5372
f 4911 4934 5345
f 4934 4935 5373
f 5382 5504 4941
f 4941 4942 5498
f 5382 4941 5498
f 5382 5498 5347
f 5380 5504 5381
f 5375 5379 4940
f 4940 4936 5375
f 5377 5376 4937
f 5360 5359 5503
f 4937 4938 5377
f 5377 4939 5378
f 4936 4937 5375
f 5375 4937 5376
f 5374 5500 5346
f 5374 5373 4935
f 4935 4913 5500
f 5374 4935 5500
f 5373 5372 4934
f 4938 4939 5377
f 5382 5381 5504
f 5360 5503 4927
f 5360 4920 5501
f 4917 4916 5350
f 5350 4916 5349
f 5346 5500 4914
f 5348 5346 4914
f 5348 4914 4915
f 5500 4913 4914
f 4902 4909 5499
f 5345 5344 4910
f 4910 4911 5345
f 4906 4910 5340
f 5340 4910 5344
f 5341 5343 4908
f 4908 4907 5341
f 5343 5342 5499
f 5499 4909 4908
f 5343 5499 4908
f 4907 4906 5341
f 5352 4918 5351
f 4919 4918 5352
f 4918 4917 5350
f 5350 5351 4918
f 5358 5357 5502
f 5358 5502 4923
f 4923 4926 5503
f 5358 4923 5503
f 5503 4926 4927
f 5355 4925 4922
f 5355 4922 5502
f 5356 5355 5502
f 5360 4927 4920
f 4915 4924 5348
f 5355 5354 4924
f 4924 4925 5355
f 5502 4922 4923
f 5501 4920 4921
f 5352 5353 4898
f 4898 4919 5352
f 5339 5349 4916
f 4916 4905 5339
f 5348 4924 5354
f 5380 5378 5504
f 5378 4939 5504
f 4939 4943 5504
f 5504 4943 4941
f 5286 5284 5410
f 5410 4950 4951
f 5286 5410 4951
f 4653 5062 5102
f 5102 4686 4653
f 4912 4945 5102
f 5102 5062 4912
f 4942 5101 4685
f 4942 4685 4686
f 4944 4942 4686
f 4944 4686 5102
f 4944 5102 4945
f 4941 4943 4683
f 4941 4683 4684
f 4941 4684 5101
f 5099 4678 4682
f 4943 4939 5099
f 4943 5099 4682
f 4943 4682 4683
f 4941 5101 4942
f 5101 4684 4685
f 5098 4680 4677
f 5100 4681 4679
f 4936 5100 4679
f 5074 5073 4652
f 5075 5074 4652
f 4655 5075 4652
f 4652 5073 5063
f 4654 4652 5063
f 5065 4654 5063
f 5073 5074 5068
f 5068 5067 5073
f 5063 5073 5067
f 4902 5063 5067
f 4909 4902 5067
f 5070 5069 5072
f 5072 5069 5071
f 5068 5071 5069
f 5069 5066 5068
f 4911 4910 5069
f 5069 5070 4911
f 5076 5068 5074
f 5071 5068 5076
f 4914 5072 5076
f 5072 5071 5076
f 4656 5081 5078
f 4657 4656 5078
f 5080 4657 5078
f 5081 5082 5065
f 5065 5064 5081
f 5078 5081 5064
f 4916 5078 5064
f 4905 4916 5064
f 5066 5069 4906
f 4917 4918 5079
f 4917 5079 5078
f 4919 5079 4918
f 4917 5078 4916
f 5076 5077 4914
f 4914 5077 4915
f 5076 5074 5077
f 5077 5074 5075
f 4914 4913 5072
f 5079 5080 5078
f 4658 5082 4656
f 4906 5069 4910
f 4907 5067 5068
f 4907 5068 5066
f 4909 5067 4908
f 4907 5066 4906
f 5064 5065 5063
f 4904 5064 5063
f 4903 4904 5063
f 4905 5064 4904
f 4903 5063 4902
f 4907 4908 5067
f 4899 4900 5060
f 4899 5060 5059
f 4901 5060 4900
f 4899 5059 4898
f 5060 5061 5059
f 5082 5081 4656
f 4658 5083 5082
f 4919 5059 5079
f 4931 4930 5094
f 5087 5095 4921
f 4921 5095 4929
f 5095 5087 4665
f 5095 4665 4671
f 5093 5095 4671
f 5093 4672 5094
f 5094 4672 4673
f 5093 4671 4672
f 4667 4662 5061
f 4670 4668 5092
f 4670 5092 5091
f 5091 4669 4670
f 4667 5061 5060
f 4668 4667 5060
f 5092 4668 5060
f 4901 4928 5091
f 4930 5095 5094
f 5095 5093 5094
f 4929 5095 4930
f 5096 4673 4674
f 4679 4680 5098
f 4936 4679 5098
f 5098 4677 4678
f 4937 5098 4678
f 4937 4678 5099
f 4938 4937 5099
f 4938 5099 4939
f 4936 5098 4937
f 5091 5092 5060
f 4935 5072 4913
f 5070 5072 4935
f 4911 5070 4934
f 4933 4932 5096
f 5096 4674 4675
f 4933 5096 4675
f 4933 4675 5097
f 5097 4675 4676
f 5094 4673 5096
f 4935 4934 5070
f 4901 5091 5060
f 4927 5086 4920
f 4923 5090 4926
f 5085 4664 5087
f 5087 4664 4665
f 5086 5083 4658
f 5086 4658 4663
f 5085 5086 4663
f 4664 5085 4663
f 4664 4663 4657
f 4657 5080 4659
f 4921 4920 5087
f 4664 4657 4659
f 4661 5084 5059
f 4662 4661 5059
f 5061 4662 5059
f 4659 5080 5079
f 4660 4659 5079
f 5084 4660 5079
f 4919 4898 5059
f 5059 5084 5079
f 4661 4660 5084
f 4936 4940 5100
f 4920 5086 5087
f 5082 4654 5065
f 5090 5083 5086
f 4926 5090 5086
f 4927 4926 5086
f 4925 5089 4922
f 4915 5077 4924
f 4925 4924 5077
f 4925 5077 5075
f 4925 5075 5089
f 5086 5085 5087
f 5089 5088 5090
f 4923 4922 5090
f 5088 5082 5090
f 5090 5082 5083
f 5075 4655 4666
f 5089 5075 4666
f 5088 5089 4666
f 5082 5088 4666
f 5082 4666 4654
f 4922 5089 5090
f 5267 4946 5265
f 4946 4823 5392
f 5265 4946 5392
f 5264 5265 5392
f 5388 4813 4825
f 4823 4822 5392
f 5264 5392 5262
f 5252 5262 5392
f 5392 4822 4819
f 5252 5392 4819
f 5250 5252 4819
f 4819 4817 5250
f 4817 4793 5250
f 5250 4793 5228
f 5248 5247 4810
f 4810 4813 5388
f 5248 4810 5388
f 4947 4946 5267
f 4948 4947 5267
f 5267 5271 4948
f 5248 5388 5272
f 5410 4949 4950
f 5282 5410 5284
f 5282 5281 5405
f 4831 4949 5410
f 5405 4831 5410
f 5282 5405 5410
f 5405 4830 4831
f 5279 5405 5281
f 4808 4810 5245
f 4829 4830 5405
f 5276 5398 5405
f 5279 5276 5405
f 5398 4827 4829
f 5275 5398 5276
f 5388 4825 4827
f 5388 4827 5398
f 5272 5388 5398
f 5275 5272 5398
f 5398 4829 5405
f 5245 4810 5247
f 5245 5240 4806
f 4806 4808 5245
f 4784 4783 5218
f 5218 5219 4784
f 4786 4784 5220
f 4802 4806 5236
f 5236 4806 5240
f 5236 5233 4801
f 4801 4802 5236
f 4796 4801 5229
f 5229 4801 5233
f 5229 5217 4780
f 4780 4796 5229
f 5220 4784 5219
f 4793 4791 5384
f 5227 5228 5384
f 4791 4789 5384
f 5227 5384 5223
f 5384 4789 4787
f 5223 5384 4787
f 5221 5223 4787
f 5220 5221 4787
f 4787 4786 5220
f 5228 4793 5384
f 6328 6326 6470
f 6529 6440 6441
f 6529 6441 6435
f 6435 6526 6529
f 6523 6427 6438
f 6510 6509 6439
f 6510 6440 6529
f 6504 6524 6503
f 6525 6431 6430
f 6430 6524 6525
f 6524 6519 6503
f 6503 6519 6498
f 6417 6519 6430
f 6430 6519 6524
f 6522 6425 6523
f 6523 6425 6427
f 6522 6423 6425
f 6522 6523 6501
f 6501 6523 6502
f 6500 6421 6423
f 6500 6423 6522
f 6501 6500 6522
f 6500 6499 6420
f 6420 6421 6500
f 6525 6524 6504
f 6505 6526 6506
f 6432 6431 6525
f 6504 6527 6525
f 6529 6526 6510
f 6510 6526 6505
f 6502 6523 6438
f 6509 6502 6438
f 6509 6438 6439
f 6528 6436 6437
f 6528 6437 6434
f 6434 6527 6528
f 6510 6439 6440
f 6506 6526 6435
f 6506 6436 6528
f 6508 6506 6528
f 6528 6527 6508
f 6508 6527 6507
f 6434 6433 6527
f 6504 6507 6527
f 6433 6432 6525
f 6527 6433 6525
f 6506 6435 6436
f 6410 6420 6493
f 6493 6420 6499
f 6413 6408 6496
f 6496 6408 6491
f 6497 6498 6519
f 6497 6519 6416
f 6497 6416 6415
f 6417 6416 6519
f 6496 6497 6415
f 6415 6413 6496
f 6406 6410 6488
f 6488 6410 6493
f 6408 6406 6491
f 6491 6406 6488
f 2774 2773 2899
f 2774 2899 2377
f 2377 2380 2905
f 2774 2377 2905
f 2905 2380 2381
f 2764 2900 2769
f 2769 2900 2379
f 2769 2379 2376
f 2769 2376 2899
f 2771 2769 2899
f 2764 2763 2897
f 2764 2897 2373
f 2373 2378 2900
f 2764 2373 2900
f 2900 2378 2379
f 2899 2376 2377
f 2755 2375 2372
f 2779 2778 2892
f 2778 2905 2892
f 2905 2302 2892
f 2905 2381 2302
f 2779 2892 2720
f 2760 2897 2763
f 2771 2899 2773
f 2774 2905 2778
f 2755 2372 2897
f 2629 2628 3137
f 3137 2628 2627
f 3137 2627 3136
f 2968 3137 3136
f 2965 2968 3136
f 2965 3136 2963
f 2946 3135 2951
f 2945 3134 2625
f 2945 2625 2626
f 2946 2945 2626
f 2946 2626 3135
f 2944 3134 2945
f 2970 3137 2968
f 2970 2978 3137
f 2978 2635 3137
f 2635 2629 3137
f 2991 2989 3155
f 2991 3155 3156
f 3153 3155 3154
f 3154 3150 3153
f 2987 3154 2989
f 2987 2984 3149
f 2987 3149 3150
f 2987 3150 3154
f 3152 3153 3150
f 3148 3147 3152
f 3152 3147 3151
f 3148 3150 3149
f 3149 3145 3148
f 3147 3148 3145
f 3145 3143 3147
f 2638 2635 3139
f 2978 3139 2635
f 3150 3148 3152
f 2760 2755 2897
f 2758 2898 2753
f 2898 2374 2375
f 2245 2880 2244
f 2879 2242 2880
f 2880 2242 2244
f 2709 2821 2630
f 2818 2821 2707
f 2707 2821 2709
f 2880 2818 2706
f 2706 2818 2707
f 2706 2705 2879
f 2879 2880 2706
f 2878 2240 2879
f 2879 2240 2242
f 2878 2238 2240
f 2876 2878 2879
f 2704 2876 2879
f 2705 2704 2879
f 2238 2878 2876
f 2245 2818 2880
f 2245 2823 2818
f 2823 2245 2246
f 2876 2234 2238
f 2703 2876 2704
f 2233 2234 2876
f 2625 2813 2626
f 2628 2815 2627
f 2628 2816 2815
f 2676 2862 2861
f 2676 2861 2675
f 2861 2862 2269
f 2861 2269 2265
f 2861 2265 2859
f 2672 2675 2861
f 2861 2859 2672
f 2265 2261 2859
f 2672 2859 2261
f 2669 2672 2261
f 2669 2261 2259
f 2669 2259 2857
f 2259 2256 2857
f 2669 2857 2668
f 2668 2857 2256
f 2668 2256 2382
f 2667 2668 2382
f 2676 2677 2862
f 2677 2864 2862
f 2273 2269 2862
f 2864 2273 2862
f 2703 2233 2876
f 2700 2874 2699
f 2874 2873 2699
f 2699 2873 2697
f 2695 2697 2873
f 2286 2284 2871
f 2873 2286 2871
f 2695 2873 2871
f 2667 2382 2855
f 2695 2871 2690
f 2284 2865 2871
f 2690 2871 2865
f 2686 2690 2865
f 2686 2865 2864
f 2686 2864 2677
f 2279 2276 2865
f 2864 2865 2276
f 2864 2276 2273
f 2279 2865 2284
f 2667 2855 2666
f 2665 2252 2249
f 2665 2249 2854
f 2840 2228 2231
f 2651 2844 2650
f 2230 2229 2840
f 2644 2230 2840
f 2642 2644 2840
f 2229 2228 2840
f 2826 2824 2832
f 2832 2824 2828
f 2650 2844 2653
f 2638 2828 2824
f 2635 2824 2817
f 2824 2826 2813
f 2813 2819 2824
f 2819 2816 2824
f 2824 2816 2817
f 2635 2817 2629
f 2629 2817 2816
f 2628 2629 2816
f 2635 2638 2824
f 2703 2702 2233
f 2852 2235 2232
f 2231 2236 2844
f 2664 2665 2854
f 2664 2854 2662
f 2249 2243 2854
f 2854 2243 2230
f 2662 2854 2230
f 2644 2662 2230
f 2660 2658 2239
f 2239 2241 2660
f 2651 2231 2844
f 2658 2655 2852
f 2658 2237 2239
f 2852 2232 2237
f 2844 2236 2235
f 2653 2844 2235
f 2653 2235 2852
f 2655 2653 2852
f 2651 2642 2840
f 2651 2840 2231
f 2658 2852 2237
f 2753 2898 2375
f 2755 2753 2375
f 2897 2372 2373
f 2989 3154 3155
f 2996 3151 2994
f 2996 3001 3152
f 3320 3486 2934
f 3320 2934 2935
f 3319 3316 3482
f 3482 3486 3319
f 3486 2933 2934
f 3486 3482 2932
f 2932 2933 3486
f 3317 3318 3485
f 3485 3484 3317
f 3485 2931 2930
f 3485 2930 3483
f 3485 3483 3484
f 3317 3484 3481
f 3316 3317 3481
f 3316 3481 3482
f 3480 3481 3483
f 3483 3481 3484
f 3320 3319 3486
f 3321 2935 3487
f 2935 2936 3487
f 3321 3320 2935
f 2930 2943 3483
f 2937 2938 3479
f 3487 2937 3479
f 3322 3487 3479
f 3323 3322 3479
f 3321 3487 3322
f 3487 2936 2937
f 3483 2943 2941
f 2941 3480 3483
f 2942 2932 3481
f 3481 2932 3482
f 2940 2942 3480
f 3480 2942 3481
f 2941 2940 3480
f 3351 2981 3347
f 3345 3347 2981
f 2981 2979 3345
f 3318 3345 2979
f 3318 2979 2977
f 3318 2977 3485
f 2977 2931 3485
f 3494 2971 2973
f 2961 2971 3492
f 3492 2971 3494
f 3492 3489 2955
f 2955 2961 3492
f 3489 3488 2949
f 2949 2955 3489
f 2952 2949 3488
f 2983 2981 3351
f 3323 3479 3354
f 2985 2983 3351
f 3351 3356 2985
f 3324 3372 3000
f 3000 2944 3324
f 3372 3371 2998
f 2998 3000 3372
f 3369 2998 3371
f 3369 3354 3479
f 3479 2939 2993
f 3369 3479 2993
f 3366 3329 2963
f 2963 2986 3366
f 2986 2985 3366
f 3366 2985 3356
f 2993 2998 3369
f 3211 3227 2537
f 2537 2527 3211
f 2677 2676 3168
f 3020 3021 3168
f 3020 3168 2676
f 2676 2675 3167
f 3020 2676 3167
f 2672 3166 2675
f 2675 3166 3167
f 2672 2669 3166
f 3020 3167 3019
f 3018 3019 3167
f 3167 3166 3018
f 3018 3166 2669
f 3018 2669 2668
f 3018 2668 3165
f 3017 3018 3165
f 3017 3165 3016
f 2668 2667 3165
f 3022 3168 3021
f 3022 3023 3168
f 3023 3169 3168
f 3169 2677 3168
f 3029 3138 3028
f 3027 3028 3138
f 3027 3138 2700
f 2700 2699 3171
f 3027 2700 3171
f 3027 3171 3026
f 2697 3170 2699
f 2699 3170 3171
f 3015 3016 3165
f 3171 3170 3026
f 2697 2695 3170
f 3024 3025 3170
f 3024 3170 2695
f 2695 2690 3169
f 3024 2695 3169
f 2690 2686 3169
f 3024 3169 3023
f 3169 2686 2677
f 3026 3170 3025
f 3140 3138 3029
f 3015 3165 2667
f 3164 2665 2664
f 3156 3159 2651
f 3006 3156 2651
f 3007 3006 2651
f 3007 2651 2650
f 2642 3159 3158
f 2644 2642 3158
f 3160 2644 3158
f 3004 3160 3158
f 3003 3004 3158
f 3003 3158 3157
f 3156 3155 3159
f 3159 3155 3158
f 3155 3153 3158
f 3158 3153 3157
f 3003 3157 3001
f 3001 3157 3153
f 3001 3153 3152
f 3008 2653 3161
f 3008 3007 2653
f 3007 2650 2653
f 2642 2651 3159
f 2664 3163 3164
f 2664 2662 3163
f 3164 3163 3014
f 3014 3163 3013
f 3012 3013 3163
f 3012 3163 2662
f 2662 2644 3160
f 3012 2662 3160
f 3015 2667 2666
f 3012 3160 3004
f 3010 3162 2660
f 3011 3010 2660
f 3161 2655 3162
f 3162 2655 2658
f 3009 3162 3010
f 3161 3162 3008
f 3008 3162 3009
f 3161 2653 2655
f 3162 2658 2660
f 2950 3140 3029
f 3172 2702 2703
f 3031 2704 3173
f 2709 2630 3035
f 3035 2630 2947
f 3175 2707 2709
f 3034 3175 2709
f 3035 3034 2709
f 3033 3175 3034
f 2707 3175 3174
f 3174 2706 2707
f 3173 2705 3174
f 3174 3175 3032
f 3032 3175 3033
f 3173 3174 3031
f 3031 3174 3032
f 3173 2704 2705
f 3030 3172 2703
f 3030 2703 2704
f 3031 3030 2704
f 3174 2705 2706
f 3121 3209 2801
f 3122 3121 2801
f 3209 2798 2799
f 2973 2684 2798
f 2973 2798 3209
f 3121 2973 3209
f 3118 3208 3115
f 3201 3208 3114
f 3114 3208 3118
f 3208 2796 2797
f 3115 3208 2797
f 3116 3115 2797
f 3201 2791 3208
f 3208 2791 2796
f 3111 3207 3112
f 3207 2795 2790
f 3112 3207 2790
f 3209 2800 2801
f 3209 2799 2800
f 3210 2802 2803
f 3125 2804 3210
f 3112 2790 3201
f 2801 2804 3123
f 3125 3210 3126
f 3090 3126 3210
f 3210 2803 2765
f 3210 2765 3191
f 3090 3210 3191
f 3125 3123 2804
f 2804 2802 3210
f 3123 3122 2801
f 3114 3112 3201
f 3111 3109 3205
f 3199 3200 3103
f 3103 3200 3106
f 3104 3199 3103
f 2784 2786 3098
f 3098 2786 3100
f 2785 2784 3099
f 3099 2784 3098
f 3091 3196 3093
f 2781 2782 3198
f 3096 2781 3198
f 3097 3096 3198
f 3198 2782 2783
f 3093 3196 2776
f 3093 2776 2781
f 3096 3093 2781
f 3088 3197 3089
f 3089 3197 2780
f 3104 2787 3199
f 3104 3100 2787
f 3100 2786 2787
f 3199 2787 2788
f 3111 3205 3207
f 3205 2794 3207
f 3207 2794 2795
f 3205 3206 3204
f 3204 3203 3205
f 3203 3200 2788
f 3205 3203 2788
f 2794 3205 2788
f 3109 3206 3205
f 3204 2793 2792
f 3203 2792 3202
f 3106 3200 3203
f 3108 3106 3203
f 3108 3203 3202
f 3201 2790 2791
f 3099 3107 2789
f 2789 2785 3099
f 2788 3200 3199
f 3203 3204 2792
f 2561 2540 3238
f 3238 2540 3234
f 2540 2538 3300
f 3234 2540 3300
f 3232 3234 3300
f 3232 3300 3230
f 3227 3226 3299
f 3299 2536 2537
f 3227 3299 2537
f 3220 3299 3226
f 3299 2535 2536
f 2533 2535 3299
f 3218 2533 3299
f 3220 3218 3299
f 2530 2533 3216
f 3216 2533 3218
f 3216 3214 2528
f 2566 2561 3238
f 3238 3240 2566
f 3243 2566 3240
f 2567 2566 3243
f 3276 3015 2666
f 2855 2382 2587
f 2855 2587 3305
f 2666 2855 3305
f 3276 2666 3305
f 3276 3305 3274
f 2587 2586 3305
f 3274 3305 2586
f 2528 2530 3216
f 3274 2586 2584
f 3269 3274 3302
f 3269 3302 3251
f 2584 2580 3302
f 3302 2580 2571
f 3251 3302 2571
f 3247 3251 2571
f 3243 3247 2571
f 2571 2567 3243
f 3274 2584 3302
f 3214 3212 3297
f 3214 3297 2525
f 3214 2525 2528
f 3089 2780 2775
f 3297 2524 2525
f 3091 3089 2775
f 3091 2775 3196
f 3088 3087 3191
f 3152 3151 2996
f 3080 3081 2761
f 2761 2759 3080
f 2762 2761 3082
f 3082 2761 3081
f 2759 2757 3080
f 3080 2757 3079
f 3076 3077 3192
f 3076 3192 2756
f 3076 2756 2754
f 3078 3192 3077
f 2754 2752 3076
f 3076 2752 3075
f 3079 2673 2952
f 2757 2673 3079
f 2752 2762 3082
f 3082 3075 2752
f 3088 3191 2766
f 3088 2766 2777
f 3088 2777 3197
f 3197 2777 2780
f 3196 2775 2776
f 2767 2772 3194
f 2770 2756 3192
f 3078 3083 3194
f 3078 3194 2772
f 3078 2772 3192
f 3084 3085 3195
f 3195 2768 2767
f 3195 2767 3194
f 3084 3195 3194
f 3086 3195 3085
f 3084 3194 3083
f 3191 2765 2766
f 2772 2770 3192
f 2391 2392 2223
f 2222 2391 2221
f 2223 2221 2391
f 2223 2383 2215
f 2392 2383 2223
f 2393 2391 2222
f 2227 2388 2385
f 2226 2227 2385
f 2394 2393 2226
f 2226 2393 2225
f 2383 2392 2385
f 2385 2392 2394
f 2392 2391 2394
f 2394 2391 2393
f 2225 2393 2224
f 2222 2224 2393
f 2226 2385 2394
f 1545 1532 2171
f 1978 1546 1545
f 1978 1545 2171
f 1976 2171 1532
f 1975 1976 1532
f 1532 1507 2163
f 1975 1532 2163
f 1978 2171 1976
f 1975 2163 1973
f 1919 1481 2033
f 1919 1479 1481
f 1919 2414 1479
f 2414 1902 1479
f 1902 2030 1479
f 2563 2538 1799
f 1799 1798 2593
f 2563 1799 2593
f 2563 2593 2560
f 1798 1797 2593
f 2593 1797 1795
f 2541 2534 1499
f 2541 1499 1500
f 2531 1493 1496
f 2531 1496 1497
f 2534 2531 1497
f 2531 2241 1927
f 1927 1491 1493
f 2531 1927 1493
f 2534 1498 1499
f 2526 1785 1784
f 2252 2526 2434
f 1577 1935 1784
f 1784 1935 2434
f 1574 1472 2032
f 2033 1481 1484
f 2414 2405 1902
f 2030 1466 1475
f 2030 1475 1479
f 2526 1784 2434
f 2534 1497 1498
f 2542 2541 1500
f 2560 2593 1795
f 2560 1795 2591
f 2554 2560 2591
f 1794 1796 2545
f 2545 1796 2524
f 1795 1791 2591
f 2554 2591 2552
f 2551 2552 2591
f 1500 1790 2542
f 2551 2591 1791
f 2549 2551 1789
f 1789 1787 2549
f 1787 1785 2549
f 2549 1785 2526
f 2545 2543 1792
f 1792 1794 2545
f 1790 1792 2542
f 2542 1792 2543
f 2551 1791 1789
f 2436 1942 1940
f 2436 1940 2444
f 2444 2442 2436
f 2436 2442 2435
f 1940 1933 2444
f 2442 2444 1933
f 2442 1933 1926
f 2442 1926 2439
f 1926 1925 2439
f 2432 1917 1923
f 1917 2432 2428
f 1917 2428 2426
f 1917 2426 1915
f 2424 1912 2426
f 2426 1912 1915
f 2421 2426 2428
f 2248 2421 2428
f 2436 2443 1942
f 1914 1942 2443
f 2428 2447 2263
f 2263 2257 2428
f 2281 2450 2457
f 2282 2281 2457
f 2282 2457 2460
f 2455 1946 2457
f 2457 1946 1948
f 2455 1945 1946
f 2455 2457 2450
f 2450 2449 2455
f 2257 2248 2428
f 1945 2455 2449
f 1945 2449 1923
f 2275 2450 2281
f 2267 2447 2449
f 2275 2267 2449
f 2275 2449 2450
f 2447 2428 2449
f 2449 2428 2432
f 2263 2447 2267
f 2449 2432 1923
f 2282 2460 2283
f 2424 2426 2421
f 2424 1903 1912
f 2401 2402 2242
f 2238 2400 1887
f 1887 1895 2401
f 2238 1887 2401
f 2240 2238 2401
f 2238 2234 2399
f 2399 2400 2238
f 2398 2399 2233
f 2233 2399 2234
f 2242 2240 2401
f 2401 1895 1896
f 1897 2401 1896
f 1897 2404 2401
f 2424 2419 2418
f 1903 2424 2418
f 1903 2418 1901
f 2404 1899 2418
f 2418 1899 1901
f 2404 1897 1899
f 2247 2421 2248
f 2247 2246 2419
f 2421 2419 2424
f 2419 2421 2247
f 2245 2418 2419
f 2246 2245 2419
f 2404 2418 2407
f 2407 2402 2404
f 2244 2407 2245
f 2244 2242 2402
f 2402 2407 2244
f 2404 2402 2401
f 2245 2407 2418
f 1889 2457 1948
f 1889 2412 2457
f 2412 2460 2457
f 2285 2415 2264
f 2283 2460 2412
f 2285 2283 2412
f 2285 2412 2415
f 4173 4171 4193
f 3801 3802 4168
f 4168 3802 4170
f 4171 4170 3802
f 3802 3803 4171
f 4168 4166 3797
f 3797 3801 4168
f 3800 3796 4167
f 4167 3796 4165
f 4196 3789 3799
f 4167 4164 4196
f 4196 3799 3800
f 4167 4196 3800
f 4166 4165 3796
f 3796 3797 4166
f 3794 3790 4160
f 4160 3790 4157
f 4171 3803 4193
f 3803 3786 4193
f 4173 4193 4154
f 3788 3792 4156
f 4156 3792 4158
f 3792 3794 4160
f 4135 4137 3773
f 3773 3770 4135
f 4130 4132 3763
f 3763 3759 4130
f 4132 4125 4190
f 4132 4190 3767
f 4132 3767 3763
f 4129 4130 3759
f 3759 3743 4129
f 4126 4190 4125
f 3718 3586 3835
f 4111 3718 3835
f 3999 4111 3835
f 4111 4108 3716
f 3716 3718 4111
f 3713 3716 4105
f 4105 3716 4108
f 3778 3775 4140
f 4140 4142 3778
f 4140 3773 4137
f 3775 3773 4140
f 4148 4157 3790
f 3790 3776 4148
f 4156 4154 4193
f 4156 4193 3787
f 4156 3787 3788
f 4193 3786 3787
f 3782 3767 4190
f 4153 4122 3730
f 4160 4158 3792
f 3730 3781 4153
f 4149 3782 4190
f 4126 4149 4190
f 3781 3780 4153
f 4153 3780 4149
f 3743 3778 4129
f 4129 3778 4142
f 3770 3749 4135
f 4135 3749 4133
f 4149 3780 3782
f 3710 3713 4101
f 4200 4304 4255
f 4304 3995 3992
f 4255 4304 3992
f 3992 3989 4315
f 4232 3990 4314
f 4231 4232 4314
f 3990 3988 4314
f 4231 4314 4223
f 4314 3988 3986
f 4314 3986 4312
f 4223 4314 4312
f 4221 4223 4312
f 4221 4312 4219
f 4218 4215 3981
f 3981 3982 4218
f 3980 3981 4214
f 4214 3981 4215
f 4214 4213 3978
f 3978 3980 4214
f 4213 4212 3976
f 3976 3978 4213
f 4232 3991 3990
f 3993 3991 4232
f 4232 4234 3993
f 3997 3993 4234
f 4254 3992 4315
f 4253 4254 4315
f 3989 3983 4315
f 4253 4315 4252
f 4251 4252 4315
f 4315 3983 3979
f 4251 4315 3979
f 3979 3977 4251
f 4212 4211 3975
f 4251 3977 4250
f 3977 3974 4249
f 3974 3973 4249
f 4249 3973 4248
f 4246 4248 3973
f 3973 3972 4246
f 3972 3997 4246
f 4246 3997 4235
f 4234 4235 3997
f 4249 4250 3977
f 3975 3976 4212
f 4254 4255 3992
f 4101 3713 4105
f 4061 4060 3919
f 3919 3920 4061
f 4095 4096 4097
f 4097 4096 4098
f 4097 4094 4092
f 4092 4095 4097
f 4096 4095 4090
f 4090 4091 4096
f 4095 4092 3915
f 4095 3915 3913
f 4095 3913 4090
f 4094 4093 3917
f 4094 3917 3916
f 4094 3916 4092
f 3918 3917 4093
f 3916 3915 4092
f 4091 4090 3912
f 4062 3922 4063
f 3921 3922 4062
f 3920 3921 4062
f 4062 4061 3920
f 3928 3930 4069
f 4069 3930 4071
f 4072 4071 3930
f 3930 3931 4072
f 4064 4063 3922
f 3922 3923 4064
f 3929 3927 4070
f 4070 3927 4068
f 3912 3914 4091
f 4070 4067 3926
f 4069 4068 3927
f 3927 3928 4069
f 4066 4065 3924
f 3924 3925 4066
f 3925 3926 4066
f 4066 3926 4067
f 3923 3924 4064
f 4064 3924 4065
f 3926 3929 4070
f 4072 3906 4051
f 3913 3912 4090
f 3931 3906 4072
f 4059 4058 3892
f 3892 3893 4059
f 4058 4055 3878
f 3878 3892 4058
f 3884 3879 4057
f 4057 3879 4056
f 4046 3884 4057
f 4055 4056 3879
f 3879 3878 4055
f 3886 3884 4046
f 4396 4455 4384
f 4289 4276 4455
f 4391 4289 4455
f 4396 4391 4455
f 4283 4284 4393
f 4393 4284 4388
f 4285 4287 4389
f 4389 4287 4390
f 4391 4390 4287
f 4287 4289 4391
f 4389 4388 4284
f 4284 4285 4389
f 4387 4384 4455
f 4278 4279 4456
f 4455 4278 4456
f 4387 4455 4456
f 4455 4276 4278
f 4363 4365 4253
f 4363 4253 4252
f 4363 4252 4438
f 4361 4363 4438
f 4361 4438 4357
f 4252 4251 4438
f 4357 4438 4251
f 4352 4357 4251
f 4352 4251 4250
f 4352 4250 4435
f 4250 4249 4435
f 4350 4352 4435
f 4435 4432 4350
f 4435 4249 4248
f 4248 4432 4435
f 4350 4432 4349
f 4349 4432 4248
f 4365 4439 4253
f 4439 4254 4253
f 4366 4439 4365
f 4255 4254 4439
f 4358 4425 4200
f 4366 4358 4200
f 4200 4255 4439
f 4366 4200 4439
f 4349 4248 4246
f 4124 4122 4540
f 4478 4124 4540
f 4482 4478 4540
f 4482 4540 4480
f 4423 4422 4111
f 4111 3999 4202
f 4423 4111 4202
f 4423 4202 4426
f 4424 4423 4426
f 4318 4424 4426
f 4422 4471 4108
f 4108 4111 4422
f 4471 4469 4105
f 4105 4108 4471
f 4536 4101 4105
f 4466 4536 4105
f 4469 4466 4105
f 4462 4536 4466
f 4347 4349 4246
f 4341 4347 4246
f 4341 4246 4235
f 4263 4262 4073
f 4073 4074 4263
f 4262 4261 4059
f 4258 4316 4260
f 4261 4259 4058
f 4058 4059 4261
f 4259 4260 4316
f 4316 4055 4058
f 4259 4316 4058
f 4057 4056 4316
f 4256 4057 4316
f 4258 4256 4316
f 4059 4073 4262
f 4256 4257 4046
f 4056 4055 4316
f 4046 4057 4256
f 4044 4043 4277
f 4277 4286 4044
f 4045 4044 4288
f 4288 4044 4286
f 4212 4213 4320
f 4320 4213 4321
f 4320 4319 4211
f 4211 4212 4320
f 4321 4214 4324
f 4213 4214 4321
f 4324 4215 4327
f 4214 4215 4324
f 4341 4235 4431
f 4337 4341 4431
f 4431 4429 4337
f 4337 4429 4335
f 4235 4234 4431
f 4431 4234 4232
f 4232 4429 4431
f 4334 4335 4429
f 4334 4429 4232
f 4231 4223 4334
f 4334 4223 4332
f 4331 4332 4223
f 4223 4221 4331
f 4221 4219 4331
f 4331 4219 4329
f 4328 4327 4215
f 4215 4218 4328
f 4334 4232 4231
f 3534 3339 3532
f 3529 3532 3339
f 3339 3336 3529
f 3527 3529 3336
f 3336 3333 3676
f 3527 3336 3676
f 3333 3329 3676
f 3526 3524 3326
f 3326 3327 3526
f 3521 3326 3524
f 3521 3519 3324
f 3324 3325 3521
f 3325 3326 3521
f 3340 3339 3534
f 3677 3342 3343
f 3539 3677 3344
f 3677 3343 3344
f 3396 3328 3591
f 3591 3328 3520
f 3591 3590 3395
f 3395 3396 3591
f 3394 3395 3589
f 3589 3395 3590
f 3589 3588 3393
f 3393 3394 3589
f 3392 3393 3587
f 3587 3393 3588
f 3391 3392 3586
f 3586 3392 3587
f 3549 3684 3585
f 3373 3390 3683
f 3684 3373 3683
f 3585 3684 3683
f 3584 3585 3683
f 3584 3683 3582
f 3390 3389 3683
f 3582 3683 3389
f 3582 3389 3387
f 3564 3375 3561
f 3375 3368 3678
f 3561 3375 3678
f 3553 3561 3678
f 3553 3678 3552
f 3368 3367 3678
f 3550 3552 3678
f 3678 3367 3365
f 3376 3375 3564
f 3550 3678 3365
f 3365 3363 3548
f 3363 3362 3548
f 3548 3362 3547
f 3545 3543 3349
f 3349 3357 3545
f 3344 3349 3539
f 3539 3349 3543
f 3539 3536 3677
f 3548 3550 3365
f 3378 3376 3564
f 3570 3378 3568
f 3580 3582 3387
f 3580 3387 3681
f 3580 3681 3579
f 3386 3680 3387
f 3387 3680 3681
f 3386 3384 3680
f 3681 3680 3579
f 3579 3680 3577
f 3564 3568 3378
f 3575 3577 3680
f 3384 3383 3679
f 3575 3384 3679
f 3575 3679 3572
f 3383 3382 3679
f 3572 3679 3382
f 3572 3382 3380
f 3570 3572 3380
f 3380 3378 3570
f 3575 3680 3384
f 3614 3613 3416
f 3416 3418 3614
f 3405 3416 3605
f 3605 3416 3613
f 3410 3408 3611
f 3611 3408 3609
f 3611 3612 3414
f 3414 3410 3611
f 3605 3609 3408
f 3408 3405 3605
f 3596 3594 3889
f 3889 3890 3596
f 3602 3597 3891
f 3891 3596 3890
f 3597 3596 3891
f 3835 3587 3836
f 3824 3933 3834
f 3549 3585 3932
f 3933 3549 3932
f 3834 3933 3932
f 3833 3834 3932
f 3833 3932 3832
f 3585 3584 3932
f 3932 3584 3582
f 3832 3932 3582
f 3830 3832 3582
f 3827 3830 3582
f 3582 3580 3827
f 3580 3579 3827
f 3827 3579 3825
f 3823 3825 3579
f 3579 3577 3823
f 3586 3587 3835
f 3836 3588 3837
f 3587 3588 3836
f 3588 3589 3839
f 3530 3531 3854
f 3853 3852 3528
f 3528 3530 3853
f 3525 3528 3847
f 3847 3528 3852
f 3847 3846 3523
f 3523 3525 3847
f 3522 3523 3845
f 3577 3575 3823
f 3845 3523 3846
f 3520 3522 3845
f 3591 3520 3842
f 3842 3520 3843
f 3842 3841 3590
f 3590 3591 3842
f 3589 3590 3839
f 3839 3590 3841
f 3839 3837 3588
f 3845 3843 3520
f 3854 3853 3530
f 3823 3575 3822
f 3575 3572 3821
f 3820 3821 3572
f 3572 3570 3820
f 3819 3820 3570
f 3570 3568 3819
f 3821 3822 3575
f 3857 3854 3935
f 3854 3531 3935
f 3531 3533 3935
f 3940 3544 3937
f 3876 3940 3937
f 3871 3940 3872
f 3940 3542 3544
f 3541 3542 3940
f 3869 3541 3940
f 3871 3869 3940
f 3869 3865 3540
f 3544 3546 3937
f 3540 3541 3869
f 3862 3540 3865
f 3862 3860 3537
f 3537 3538 3862
f 3860 3858 3935
f 3935 3535 3537
f 3860 3935 3537
f 3857 3935 3858
f 3935 3533 3535
f 3538 3540 3862
f 3876 3872 3940
f 3876 3937 3828
f 94 95 161
f 161 95 163
f 306 309 246
f 246 244 341
f 306 246 341
f 244 243 341
f 312 251 310
f 252 251 312
f 251 246 309
f 309 310 251
f 321 258 257
f 321 257 350
f 322 321 350
f 341 243 258
f 305 341 258
f 321 305 258
f 257 256 350
f 348 345 247
f 247 255 348
f 255 254 344
f 346 255 344
f 314 344 254
f 312 314 254
f 312 254 252
f 346 344 320
f 320 344 318
f 318 344 314
f 346 348 255
f 256 259 352
f 352 350 256
f 352 259 260
f 307 352 342
f 352 260 342
f 342 260 241
f 322 350 352
f 307 322 352
f 6798 6738 6746
f 6798 6746 6831
f 6796 6797 6830
f 6796 6830 6745
f 6796 6745 6744
f 6796 6744 6829
f 6744 6743 6829
f 6796 6829 6795
f 6794 6795 6829
f 6794 6829 6743
f 6794 6743 6742
f 6793 6794 6742
f 6742 6741 6793
f 6741 6740 6793
f 6793 6740 6792
f 6791 6792 6740
f 6740 6739 6791
f 6798 6790 6738
f 6831 6746 6747
f 6798 6832 6799
f 6831 6832 6798
f 6778 6791 6739
f 6833 6835 6834
f 6801 6833 6834
f 6802 6801 6834
f 6834 6830 6802
f 6802 6830 6797
f 6800 6833 6801
f 6831 6747 6832
f 6832 6747 6748
f 6739 6733 6827
f 6790 6789 6737
f 6781 6728 6727
f 6780 6828 6779
f 6778 6827 6777
f 6781 6779 6728
f 6779 6828 6728
f 6781 6729 6782
f 6727 6729 6781
f 6737 6738 6790
f 6736 6737 6788
f 6788 6737 6789
f 6788 6787 6735
f 6735 6736 6788
f 6787 6786 6734
f 6734 6735 6787
f 6729 6734 6782
f 6778 6739 6827
f 6782 6734 6786
f 6827 6733 6731
f 6785 6827 6731
f 6784 6785 6731
f 6780 6783 6730
f 6730 6732 6828
f 6780 6730 6828
f 6731 6730 6784
f 6784 6730 6783
f 6732 6728 6828
f 6871 6870 6952
f 6869 6868 6951
f 6950 6866 6867
f 6864 6866 6949
f 6949 6866 6950
f 6865 6864 6949
f 6927 6869 6951
f 6927 6870 6869
f 6927 6928 6870
f 6928 6952 6870
f 6933 6950 6867
f 6933 6867 6875
f 6927 6951 6931
f 6949 6950 6930
f 6930 6950 6932
f 6930 6931 6951
f 6930 6951 6868
f 6868 6865 6949
f 6930 6868 6949
f 6874 6873 6954
f 6955 6874 6954
f 6873 6872 6953
f 6929 6954 6953
f 6929 6953 6952
f 6928 6929 6952
f 6953 6872 6871
f 6871 6952 6953
f 6873 6953 6954
f 6933 6932 6950
f 6875 6876 6934
f 6934 6933 6875
f 6935 6954 6929
f 6939 6942 6881
f 6881 6877 6939
f 6880 6881 6941
f 6941 6881 6942
f 6941 6940 6879
f 6879 6880 6941
f 6940 6934 6876
f 6876 6879 6940
f 6882 6874 6955
f 6938 6939 6877
f 6938 6877 6958
f 6937 6938 6958
f 6958 6957 6937
f 6957 6956 6937
f 6937 6956 6936
f 6936 6956 6955
f 6935 6936 6955
f 6935 6955 6954
f 6877 6878 6958
f 6883 6955 6956
f 6884 6956 6957
f 6882 6955 6883
f 6958 6878 6885
f 6958 6885 6884
f 6884 6957 6958
f 6883 6956 6884
f 6862 6894 6893
f 6862 6893 6863
f 6797 6796 6892
f 6796 6795 6890
f 6796 6890 6891
f 6892 6796 6891
f 6794 6889 6795
f 6795 6889 6890
f 6794 6793 6889
f 6891 6890 6861
f 6861 6890 6860
f 6859 6860 6890
f 6890 6889 6859
f 6858 6859 6889
f 6858 6889 6793
f 6858 6793 6792
f 6857 6858 6792
f 6862 6856 6894
f 6856 6888 6894
f 6861 6895 6891
f 6861 6863 6895
f 6897 6801 6802
f 6897 6802 6797
f 6797 6892 6897
f 6801 6897 6895
f 6895 6896 6800
f 6792 6791 6857
f 6801 6895 6800
f 6891 6895 6897
f 6799 6896 6894
f 6894 6798 6799
f 6888 6790 6894
f 6894 6790 6798
f 6896 6895 6893
f 6893 6894 6896
f 6863 6893 6895
f 6897 6892 6891
f 6791 6778 6857
f 6857 6778 6847
f 6888 6789 6790
f 6849 6887 6848
f 6778 6777 6847
f 6847 6777 6846
f 6777 6785 6886
f 6846 6777 6886
f 6845 6846 6886
f 6845 6886 6844
f 6850 6887 6779
f 6887 6780 6779
f 6779 6781 6851
f 6855 6788 6789
f 6856 6855 6789
f 6856 6789 6888
f 6855 6854 6787
f 6787 6788 6855
f 6786 6787 6853
f 6853 6787 6854
f 6853 6852 6782
f 6850 6848 6887
f 6782 6786 6853
f 6783 6780 6887
f 6886 6784 6783
f 6886 6783 6887
f 6844 6886 6887
f 6849 6844 6887
f 6781 6782 6851
f 6851 6782 6852
f 6851 6850 6779
f 6785 6784 6886
f 6638 6645 6657
f 6657 6652 6638
f 6645 6644 6656
f 6656 6657 6645
f 6580 6652 6657
f 6657 6579 6580
f 6657 6656 6655
f 6579 6657 6655
f 6579 6655 6578
f 6654 6577 6655
f 6655 6577 6578
f 6643 6656 6644
f 6643 6642 6655
f 6655 6656 6643
f 6642 6641 6654
f 6654 6655 6642
